Timestamp,PM2.5 (µg/m³),PM10 (µg/m³),NO (µg/m³),NO2 (µg/m³),NOx (ppb),NH3 (µg/m³),SO2 (µg/m³),CO (mg/m³),Ozone (µg/m³),Benzene (µg/m³),Toluene (µg/m³),Xylene (µg/m³),O Xylene (µg/m³),Eth-Benzene (µg/m³),MP-Xylene (µg/m³),AT (°C),RH (%),WS (m/s),WD (deg),RF (mm),TOT-RF (mm),SR (W/mt2),BP (mmHg),VWS (m/s)
2024-01-01 00:00:00,57.5,92.0,2.7,9.28,9.35,9.9,13.57,0.18,,0.1,0.75,,,,,19.8,81.75,,110.0,,,,729.0,
2024-01-01 01:00:00,71.0,94.75,2.38,9.07,8.7,9.45,12.52,0.16,,0.1,0.65,,,,,19.45,82.75,,127.5,,,,728.25,
2024-01-01 02:00:00,70.25,84.25,2.5,8.95,8.85,9.17,13.72,0.15,,0.1,0.55,,,,,19.18,82.5,,88.75,,,,728.0,
2024-01-01 03:00:00,64.0,79.25,2.25,8.62,8.28,8.9,14.6,0.1,,0.1,0.38,,,,,18.65,83.25,,111.75,,,,728.0,
2024-01-01 04:00:00,52.25,72.75,2.62,8.8,8.9,8.6,14.78,0.08,,0.1,0.3,,,,,18.18,82.5,,103.75,,,,728.0,
2024-01-01 05:00:00,55.75,80.0,2.58,8.7,8.82,8.7,16.08,0.11,,0.1,0.42,,,,,18.05,81.25,,139.75,,,,728.0,
2024-01-01 06:00:00,65.25,89.25,2.45,8.45,8.48,8.6,14.92,0.2,,0.1,0.8,,,,,17.85,84.25,,112.75,,,,728.75,
2024-01-01 07:00:00,73.0,103.75,2.4,8.65,8.52,9.07,13.65,0.3,,0.2,1.2,,,,,17.68,83.25,,103.25,,,,729.0,
2024-01-01 08:00:00,81.5,117.75,2.32,8.62,8.38,9.4,13.6,0.32,,0.18,1.25,,,,,17.85,81.75,,112.5,,,,729.25,
2024-01-01 09:00:00,74.0,118.5,2.55,8.8,8.85,9.65,13.98,0.48,,0.28,1.92,,,,,19.28,82.0,,88.5,,,,730.0,
2024-01-01 10:00:00,79.5,121.75,2.52,9.02,8.93,9.88,14.15,0.38,,0.22,1.48,,,,,22.22,83.0,,131.25,,,,729.75,
2024-01-01 11:00:00,65.0,114.0,2.6,8.68,8.78,9.88,15.4,0.28,,0.18,1.12,,,,,25.6,83.25,,152.25,,,,729.25,
2024-01-01 12:00:00,53.25,102.5,2.38,8.85,8.6,9.93,15.6,0.23,30.23,0.1,0.92,,,,,27.78,83.0,,165.5,,,,728.25,
2024-01-01 13:00:00,53.25,105.0,2.6,8.35,8.62,10.05,15.45,0.26,43.28,0.18,1.0,,,,,29.2,83.0,,138.25,,,,727.75,
2024-01-01 14:00:00,48.75,103.25,2.42,8.1,8.3,10.28,16.6,0.26,,0.15,1.02,,,,,30.35,82.5,,177.0,,,,727.0,
2024-01-01 15:00:00,43.75,87.25,2.38,8.6,8.43,10.3,17.23,0.27,,0.12,1.08,,,,,31.05,83.0,,137.25,,,,726.25,
2024-01-01 16:00:00,49.75,89.25,2.45,8.62,8.6,10.75,17.95,0.38,,0.22,1.55,,,,,30.38,83.0,,134.0,,,,726.5,
2024-01-01 17:00:00,52.0,118.5,2.45,8.93,8.78,11.38,17.1,0.52,,0.32,2.08,,,,,28.18,82.75,,118.5,,,,727.0,
2024-01-01 18:00:00,53.75,135.5,2.5,9.0,8.82,11.72,17.42,0.49,,0.3,1.92,,,,,25.85,83.0,,174.25,,,,727.75,
2024-01-01 19:00:00,62.0,124.5,2.55,8.88,8.9,11.98,18.05,0.58,,0.35,2.28,,,,,24.28,82.75,,156.0,,,,728.25,
2024-01-01 20:00:00,68.75,135.5,2.42,9.12,8.83,11.92,18.68,0.41,,0.25,1.62,,,,,23.48,82.75,,123.0,,,,728.75,
2024-01-01 21:00:00,59.25,109.25,2.42,8.9,8.72,11.28,18.78,0.27,,0.18,1.08,,,,,22.83,82.75,,119.0,,,,729.0,
2024-01-01 22:00:00,51.25,80.0,2.38,8.65,8.48,10.55,18.55,0.23,,0.12,0.9,,,,,21.82,83.0,,109.5,,,,729.0,
2024-01-01 23:00:00,52.0,79.75,2.45,8.48,8.5,10.12,17.95,0.19,,0.1,0.72,,,,,21.18,83.0,,105.5,,,,728.5,
2024-01-02 00:00:00,52.25,78.0,2.5,8.6,8.7,9.48,16.9,0.12,,0.1,0.48,,,,,20.65,83.25,,114.75,,,,728.0,
2024-01-02 01:00:00,54.0,76.75,2.58,8.52,8.7,8.98,13.6,0.08,,0.1,0.32,,,,,20.08,83.0,,110.5,,,,728.0,
2024-01-02 02:00:00,61.5,81.75,2.6,8.3,8.62,8.68,10.98,0.05,,,0.2,,,,,19.68,82.75,,113.5,,,,727.0,
2024-01-02 03:00:00,75.75,80.75,2.35,8.43,8.3,8.45,10.55,0.06,,,0.2,,,,,19.58,82.75,,117.75,,,,727.25,
2024-01-02 04:00:00,77.25,81.5,2.28,8.57,8.3,8.38,10.2,0.06,,,0.25,,,,,19.5,82.75,,104.5,,,,727.5,
2024-01-02 05:00:00,74.75,86.0,2.38,8.48,8.43,8.45,9.95,0.1,,0.1,0.38,,,,,19.45,82.75,,100.75,,,,727.5,
2024-01-02 06:00:00,74.5,89.75,2.52,8.02,8.38,8.7,10.45,0.12,,0.1,0.45,,,,,19.3,82.75,,121.25,,,,728.0,
2024-01-02 07:00:00,76.75,108.75,2.65,7.78,8.43,9.12,10.18,0.26,,0.15,1.02,,,,,19.35,83.25,,99.5,,,,728.5,
2024-01-02 08:00:00,79.25,133.0,2.55,8.38,8.62,9.8,9.88,0.4,,0.22,1.58,,,,,19.68,83.25,,100.25,,,,729.25,
2024-01-02 09:00:00,79.0,131.25,2.48,8.95,8.78,10.5,11.68,0.52,,0.3,2.05,,,,,20.62,82.75,,102.25,,,,729.25,
2024-01-02 10:00:00,77.75,125.0,2.28,8.88,8.43,11.05,13.48,0.5,,0.3,1.98,,,,,22.15,83.0,,109.5,,,,729.0,
2024-01-02 11:00:00,82.75,147.75,2.38,9.07,8.7,11.2,11.28,0.42,,0.25,1.68,,,,,23.72,83.0,,155.0,,,,728.5,
2024-01-02 12:00:00,77.5,138.5,2.45,8.72,8.65,11.4,9.85,0.38,,0.22,1.48,,,,,26.62,84.0,,137.25,,,,728.0,
2024-01-02 13:00:00,62.75,122.75,2.38,8.52,8.43,11.25,11.75,0.32,,0.2,1.3,,,,,28.38,83.25,,124.5,,,,727.5,
2024-01-02 14:00:00,58.5,124.0,2.35,8.93,8.6,10.95,10.17,0.27,,0.15,1.08,,,,,29.98,83.25,,141.0,,,,726.75,
2024-01-02 15:00:00,56.75,118.5,2.38,8.62,8.43,10.98,11.48,0.41,,0.25,1.62,,,,,30.65,83.25,,128.25,,,,726.25,
2024-01-02 16:00:00,53.5,111.25,2.58,9.02,8.93,11.58,12.08,0.4,,0.25,1.58,,,,,30.7,83.25,,120.75,,,,726.25,
2024-01-02 17:00:00,48.0,120.5,2.65,9.28,9.22,11.7,12.1,0.48,,0.3,1.88,,,,,28.72,82.5,,141.25,,,,727.0,
2024-01-02 18:00:00,54.5,138.25,2.65,9.28,9.22,12.08,12.02,0.5,,0.28,1.95,,,,,25.9,83.0,,111.25,,,,727.25,
2024-01-02 19:00:00,57.75,118.25,2.68,8.9,9.07,12.15,11.6,0.48,,0.28,1.9,,,,,24.22,83.0,,120.5,,,,727.75,
2024-01-02 20:00:00,62.5,124.0,2.48,9.2,8.9,12.02,11.4,0.4,,0.22,1.6,,,,,23.45,83.25,,121.0,,,,728.25,
2024-01-02 21:00:00,59.25,107.5,2.5,9.02,8.82,11.62,10.55,0.26,,0.12,1.02,,,,,22.48,83.0,,124.5,,,,728.75,
2024-01-02 22:00:00,54.75,94.0,2.45,8.45,8.48,10.9,10.8,0.17,,0.1,0.7,,,,,21.6,83.0,,118.75,,,,728.5,
2024-01-02 23:00:00,56.75,91.25,2.38,8.45,8.38,10.25,10.02,0.09,,0.1,0.37,,,,,20.82,82.75,,105.75,,,,728.0,
2024-01-03 00:00:00,57.0,81.25,2.62,8.07,8.57,9.55,9.03,0.13,,0.1,0.5,,,,,20.2,82.75,,112.0,,,,728.0,
2024-01-03 01:00:00,59.0,75.75,2.28,8.6,8.28,8.85,11.45,0.12,,0.1,0.5,,,,,19.88,82.75,,103.5,,,,727.75,
2024-01-03 02:00:00,58.5,76.75,2.4,8.45,8.4,8.52,11.6,0.13,,0.1,0.55,,,,,19.77,83.0,,130.75,,,,727.25,
2024-01-03 03:00:00,67.0,83.0,2.48,8.48,8.5,8.43,12.18,0.13,,0.1,0.5,,,,,19.65,83.25,,132.75,,,,727.0,
2024-01-03 04:00:00,72.25,87.0,2.33,8.43,8.28,8.38,13.58,0.15,,0.1,0.57,,,,,19.48,83.0,,124.5,,,,727.0,
2024-01-03 05:00:00,79.25,95.25,2.58,8.38,8.65,8.5,13.98,0.18,,0.1,0.7,,,,,19.35,82.75,,118.25,,,,727.0,
2024-01-03 06:00:00,79.75,109.5,2.48,8.52,8.55,8.7,12.48,0.22,,0.1,0.82,,,,,19.15,84.25,,116.75,,,,727.75,
2024-01-03 07:00:00,78.25,111.0,2.52,8.6,8.68,9.43,13.95,0.32,,0.18,1.3,,,,,19.05,83.25,,138.0,,,,728.0,
2024-01-03 08:00:00,76.5,128.5,2.48,9.15,8.93,10.4,13.52,0.54,,0.32,2.15,,,,,19.45,82.75,,117.75,,,,729.0,
2024-01-03 09:00:00,78.5,127.5,2.48,9.4,9.0,11.02,16.55,0.75,,0.4,2.95,,,,,20.52,82.75,,119.0,,,,729.0,
2024-01-03 10:00:00,79.5,131.0,2.65,9.88,9.57,11.38,17.32,0.7,,0.38,2.78,,,,,22.0,83.25,,118.25,,,,729.0,
2024-01-03 11:00:00,75.5,136.25,2.38,10.05,9.2,11.32,18.02,0.52,,0.28,2.02,,,,,23.88,84.0,,150.25,,,,728.5,
2024-01-03 12:00:00,66.5,136.0,2.3,9.57,8.85,11.15,17.92,0.45,,0.28,1.75,,,,,25.3,83.25,,143.5,,,,727.75,
2024-01-03 13:00:00,61.0,135.5,2.6,8.7,8.85,11.02,17.12,0.55,,0.32,2.15,,,,,26.48,83.0,,137.5,,,,727.0,
2024-01-03 14:00:00,59.5,117.0,2.52,8.68,8.78,11.15,17.45,0.5,,0.3,2.02,,,,,27.25,83.0,,129.5,,,,726.25,
2024-01-03 15:00:00,61.5,124.0,2.42,8.57,8.55,11.12,16.08,0.56,,0.32,2.25,,,,,26.88,82.75,,164.0,,,,726.0,
2024-01-03 16:00:00,56.5,154.0,2.33,9.02,8.62,11.85,16.38,0.78,,0.45,3.08,,,,,26.55,83.25,,137.5,,,,726.0,
2024-01-03 17:00:00,61.5,188.75,2.42,9.6,9.02,12.38,16.08,0.6,,0.35,2.38,,,,,27.05,83.0,,124.25,,,,726.0,
2024-01-03 18:00:00,53.75,132.25,2.62,9.82,9.5,12.3,16.92,0.68,,0.38,2.7,,,,,25.1,83.25,,121.25,,,,726.5,
2024-01-03 19:00:00,54.75,129.5,2.55,9.65,9.25,12.62,16.55,0.69,,0.38,2.7,,,,,23.98,83.5,,123.5,,,,727.25,
2024-01-03 20:00:00,59.75,109.0,2.45,9.2,8.85,12.45,15.88,0.54,,0.32,2.12,,,,,23.18,83.5,,119.75,,,,727.5,
2024-01-03 21:00:00,61.25,103.75,2.35,9.15,8.72,11.95,14.92,0.4,,0.2,1.6,,,,,22.65,83.5,,116.75,,,,727.5,
2024-01-03 22:00:00,67.25,96.0,2.45,8.93,8.75,11.25,13.58,0.32,,0.2,1.23,,,,,22.0,83.75,,123.5,,,,728.0,
2024-01-03 23:00:00,64.75,94.25,2.62,8.62,8.9,10.52,13.48,0.24,,0.1,0.95,,,,,21.32,83.5,,114.0,,,,727.0,
2024-01-04 00:00:00,64.0,95.5,2.65,8.62,8.95,9.85,14.3,0.18,,0.1,0.72,,,,,20.98,82.75,,132.5,,,,727.0,
2024-01-04 01:00:00,65.5,86.75,2.65,8.48,8.78,9.22,12.02,0.18,,0.1,0.72,,,,,20.52,82.75,,111.25,,,,727.25,
2024-01-04 02:00:00,69.25,84.25,2.35,8.57,8.35,8.72,12.25,0.16,,0.1,0.62,,,,,20.23,79.25,,111.5,,,,727.25,
2024-01-04 03:00:00,67.5,87.0,2.25,8.82,8.35,8.45,9.38,0.18,,0.1,0.72,,,,,19.98,77.75,,105.75,,,,727.25,
2024-01-04 04:00:00,70.0,86.0,2.6,8.35,8.68,8.6,9.98,0.18,,0.1,0.72,,,,,19.82,84.5,,130.5,,,,727.0,
2024-01-04 05:00:00,72.75,92.75,2.68,8.02,8.65,8.8,9.4,0.18,,0.1,0.72,,,,,19.6,83.0,,116.75,,,,727.5,
2024-01-04 06:00:00,72.5,104.0,2.45,8.5,8.48,8.98,10.12,0.29,,0.2,1.12,,,,,19.6,81.5,,116.25,,,,728.0,
2024-01-04 07:00:00,74.5,136.75,2.58,8.7,8.88,9.2,9.7,0.37,,0.22,1.48,,,,,19.62,84.25,,128.0,,,,728.0,
2024-01-04 08:00:00,76.25,149.5,2.55,8.8,8.82,9.9,10.05,0.56,,0.32,2.2,,,,,19.9,84.0,,106.25,,,,729.0,
2024-01-04 09:00:00,76.0,135.0,2.52,8.78,8.7,10.42,10.35,0.56,,0.32,2.22,,,,,21.02,84.25,,127.0,,,,729.0,
2024-01-04 10:00:00,73.75,141.0,2.45,8.93,8.7,10.6,11.22,0.55,,0.32,2.2,,,,,23.12,84.25,,142.75,,,,729.0,
2024-01-04 11:00:00,75.5,163.5,2.5,9.0,8.85,10.85,12.05,0.67,,0.4,2.62,,,,,24.98,84.0,,120.25,,,,728.5,
2024-01-04 12:00:00,75.75,149.5,2.45,9.05,8.82,11.3,10.85,0.59,,0.32,2.33,,,,,25.78,83.0,,134.25,,,,727.75,
2024-01-04 13:00:00,79.25,142.5,2.55,8.9,8.85,12.45,11.1,0.5,19.33,0.3,1.98,,,,,25.9,83.25,,151.5,,,,727.0,
2024-01-04 14:00:00,74.0,128.25,2.52,8.6,8.65,11.98,11.9,0.52,18.99,0.3,2.08,,,,,26.32,82.25,,171.75,,,,726.25,
2024-01-04 15:00:00,73.5,134.5,2.4,8.9,8.62,15.28,11.5,0.62,17.87,0.35,2.48,,,,,25.48,82.75,,177.25,,,,726.0,
2024-01-04 16:00:00,74.5,154.5,2.82,12.55,11.25,21.7,12.78,1.01,18.21,0.55,3.98,,,,,24.52,82.5,,124.5,,,,726.25,
2024-01-04 17:00:00,78.75,208.0,2.75,13.4,11.62,18.75,12.22,0.82,17.87,0.45,3.25,,,,,24.3,83.0,,220.25,,,,726.75,
2024-01-04 18:00:00,68.75,166.75,2.33,13.38,10.9,16.1,12.3,0.8,18.2,0.45,3.18,,,,,23.38,82.75,,149.75,,,,727.25,
2024-01-04 19:00:00,71.0,139.25,2.65,12.38,10.92,14.2,13.48,0.71,18.55,0.43,2.78,,,,,23.22,82.25,,176.5,,,,727.25,
2024-01-04 20:00:00,78.0,125.25,2.5,11.5,10.25,12.78,15.52,0.62,18.53,0.38,2.48,,,,,22.88,82.25,,137.0,,,,728.0,
2024-01-04 21:00:00,70.75,109.0,2.72,10.68,10.05,11.88,11.62,0.62,18.34,0.35,2.45,,,,,22.45,83.25,,186.5,,,,728.0,
2024-01-04 22:00:00,66.5,107.5,2.68,10.12,9.75,11.55,11.28,0.43,18.3,0.25,1.7,,,,,22.28,83.25,,140.5,,,,728.0,
2024-01-04 23:00:00,62.75,90.0,2.45,9.2,8.9,10.85,9.7,0.26,18.16,0.13,1.0,,,,,22.1,83.75,,157.25,,,,727.75,
2024-01-05 00:00:00,55.5,77.5,2.28,8.75,8.35,9.95,8.5,0.15,18.12,0.1,0.55,,,,,21.65,83.75,,161.0,,,,727.67,
2024-01-05 01:00:00,54.25,73.5,2.52,8.25,8.52,9.1,11.95,0.14,18.36,0.1,0.5,,,,,21.1,83.75,,153.5,,,,727.0,
2024-01-05 02:00:00,52.5,66.75,2.58,8.4,8.65,8.57,13.12,0.13,18.15,0.1,0.5,,,,,20.75,83.0,,103.0,,,,727.25,
2024-01-05 03:00:00,48.0,67.5,2.52,8.12,8.43,8.52,15.35,0.11,17.93,0.1,0.48,,,,,20.52,82.75,,98.25,,,,727.0,
2024-01-05 04:00:00,54.75,62.75,2.48,8.32,8.45,8.55,15.45,0.12,18.16,0.1,0.5,,,,,20.23,83.5,,124.75,,,,727.25,
2024-01-05 05:00:00,47.0,59.25,2.62,8.52,8.78,8.45,17.32,0.15,18.3,0.1,0.6,,,,,19.88,82.0,,105.0,,,,727.25,
2024-01-05 06:00:00,45.0,56.0,2.7,8.52,8.93,8.65,15.5,0.24,18.44,0.15,0.92,,,,,19.52,83.0,,79.25,,,,728.0,
2024-01-05 07:00:00,48.25,74.5,2.62,8.52,8.78,9.25,14.38,0.3,18.51,0.18,1.18,,,,,19.65,83.25,,125.25,,,,728.25,
2024-01-05 08:00:00,48.75,86.0,2.55,8.65,8.75,9.8,14.55,0.42,18.24,0.25,1.7,,,,,20.0,83.5,,115.0,,,,728.75,
2024-01-05 09:00:00,47.5,93.5,2.58,8.85,8.9,10.42,13.98,0.59,18.09,0.35,2.35,,,,,21.12,83.25,,134.5,,,,728.5,
2024-01-05 10:00:00,46.5,103.5,2.62,9.0,9.05,10.85,17.18,0.53,18.42,0.3,2.1,,,,,23.45,83.25,,123.5,,,,728.5,
2024-01-05 11:00:00,48.25,105.75,2.2,8.88,8.3,10.88,17.92,0.36,18.31,0.2,1.42,,,,,26.22,82.75,,149.25,,,,728.0,
2024-01-05 12:00:00,47.0,132.0,2.38,8.65,8.48,10.82,19.15,0.36,18.16,0.22,1.4,,,,,28.1,82.75,,111.75,,,,727.0,
2024-01-05 13:00:00,40.25,97.75,2.62,8.43,8.75,10.88,19.45,0.46,18.33,0.28,1.8,,,,,28.68,83.75,,135.75,,,,726.5,
2024-01-05 14:00:00,40.0,117.0,2.35,9.0,8.65,10.82,18.75,0.46,18.27,0.25,1.78,,,,,27.4,83.25,,138.75,,,,726.0,
2024-01-05 15:00:00,48.75,148.5,2.62,8.6,8.82,11.02,19.42,0.54,18.36,0.32,2.12,,,,,26.42,83.25,,138.75,,,,726.0,
2024-01-05 16:00:00,57.75,122.25,2.52,8.9,8.82,11.4,18.73,0.52,18.48,0.28,2.05,,,,,26.18,83.0,,140.25,,,,726.25,
2024-01-05 17:00:00,57.75,136.0,2.52,8.67,8.68,11.52,18.38,0.52,18.46,0.3,2.05,,,,,25.68,83.0,,129.25,,,,726.75,
2024-01-05 18:00:00,50.75,122.75,2.52,9.05,8.9,11.42,18.4,0.62,18.21,0.35,2.5,,,,,23.98,83.5,,112.0,,,,727.0,
2024-01-05 19:00:00,53.0,99.25,2.6,9.0,9.02,11.62,18.15,0.61,18.57,0.35,2.4,,,,,22.52,83.75,,117.0,,,,727.5,
2024-01-05 20:00:00,62.0,95.5,2.55,8.7,8.72,11.78,17.5,0.63,18.48,0.38,2.5,,,,,21.95,82.5,,114.5,,,,728.0,
2024-01-05 21:00:00,62.75,99.0,2.62,9.1,9.07,11.48,17.08,0.53,18.34,0.3,2.1,,,,,21.75,83.0,,122.75,,,,728.25,
2024-01-05 22:00:00,64.75,94.5,2.65,8.8,9.02,10.98,17.2,0.36,18.17,0.2,1.45,,,,,21.52,83.0,,121.5,,,,728.0,
2024-01-05 23:00:00,63.25,87.5,2.65,8.55,8.82,10.52,15.7,0.26,18.17,0.15,1.02,,,,,21.25,82.75,,103.75,,,,728.0,
2024-01-06 00:00:00,57.5,77.0,2.28,8.57,8.27,9.72,15.33,0.15,18.2,0.1,0.57,,,,,21.02,83.0,,112.0,,,,728.33,
2024-01-06 01:00:00,46.0,65.25,2.33,8.45,8.3,9.12,12.0,0.13,18.25,0.1,0.5,,,,,20.72,83.5,,110.5,,,,727.75,
2024-01-06 02:00:00,43.0,56.75,2.48,8.52,8.55,8.7,11.68,0.11,18.32,0.1,0.48,,,,,20.42,83.5,,133.25,,,,727.5,
2024-01-06 03:00:00,43.0,55.75,2.25,8.27,8.07,8.67,13.32,0.11,18.1,0.1,0.43,,,,,20.12,83.0,,131.75,,,,727.0,
2024-01-06 04:00:00,43.0,54.5,2.3,8.15,8.07,8.6,13.8,0.11,18.11,0.1,0.45,,,,,19.8,83.5,,121.75,,,,727.0,
2024-01-06 05:00:00,41.75,52.0,2.35,8.7,8.45,8.52,14.28,0.14,18.15,0.1,0.55,,,,,19.45,83.75,,150.25,,,,727.25,
2024-01-06 06:00:00,39.0,53.75,2.45,8.75,8.68,8.65,14.32,0.26,18.56,0.15,0.98,,,,,19.25,81.75,,106.25,,,,727.75,
2024-01-06 07:00:00,44.0,78.0,2.45,8.82,8.68,9.1,15.32,0.38,18.98,0.22,1.52,,,,,19.12,79.5,,104.25,,,,728.0,
2024-01-06 08:00:00,49.75,108.75,2.55,9.15,9.02,9.48,14.73,0.5,18.83,0.3,1.95,,,,,19.52,84.0,,119.75,,,,728.75,
2024-01-06 09:00:00,49.0,111.0,2.4,9.65,9.05,9.85,13.85,0.44,17.98,0.25,1.75,,,,,21.4,84.0,,125.0,,,,729.0,
2024-01-06 10:00:00,48.0,102.0,2.8,8.9,9.3,10.52,17.17,0.62,18.98,0.35,2.48,,,,,23.6,83.0,,115.0,,,,728.67,
2024-01-06 11:00:00,47.5,111.75,2.58,8.78,8.85,10.7,18.5,0.63,18.5,0.35,2.5,,,,,25.52,82.5,,137.0,,,,728.5,
2024-01-06 12:00:00,43.0,132.75,2.62,8.82,8.93,10.8,18.55,0.61,18.1,0.35,2.4,,,,,28.22,83.0,,132.5,,,,727.25,
2024-01-06 13:00:00,34.25,108.5,2.4,8.93,8.62,11.18,20.65,0.66,17.91,0.35,2.62,,,,,30.15,82.5,,137.75,,,,726.75,
2024-01-06 14:00:00,36.25,119.5,2.35,8.78,8.55,11.28,21.8,0.71,18.19,0.4,2.8,,,,,30.85,83.0,,143.5,,,,726.0,
2024-01-06 15:00:00,38.75,139.75,2.45,9.1,8.82,11.32,21.28,0.72,17.97,0.38,2.82,,,,,29.82,82.5,,126.75,,,,726.0,
2024-01-06 16:00:00,36.25,120.25,2.55,8.75,8.82,11.25,21.15,0.64,18.11,0.35,2.55,,,,,29.75,82.75,,123.0,,,,726.0,
2024-01-06 17:00:00,41.5,157.0,2.4,8.88,8.6,11.32,20.58,0.69,18.07,0.4,2.75,,,,,28.58,82.5,,144.75,,,,726.25,
2024-01-06 18:00:00,43.67,177.33,2.35,9.35,8.8,13.35,21.27,0.79,18.63,0.4,3.13,,,,,25.63,83.0,,137.0,,,,727.0,
2024-01-06 19:00:00,38.5,92.0,2.55,8.5,8.75,13.52,22.28,0.73,18.73,0.4,2.85,,,,,23.85,83.25,,117.5,,,,727.75,
2024-01-06 20:00:00,41.5,90.25,2.62,8.85,8.98,11.7,21.68,0.69,18.45,0.4,2.72,,,,,22.9,83.25,,120.0,,,,728.5,
2024-01-06 21:00:00,50.5,82.0,2.42,9.15,8.8,11.0,20.1,0.66,18.13,0.4,2.6,,,,,22.18,82.5,,118.5,,,,728.5,
2024-01-06 22:00:00,36.75,68.25,2.52,8.72,8.78,10.62,20.48,0.54,18.19,0.3,2.1,,,,,21.62,82.5,,116.5,,,,728.0,
2024-01-06 23:00:00,36.75,54.0,2.6,8.55,8.75,10.32,20.0,0.45,18.6,0.3,1.73,,,,,20.98,82.5,,108.75,,,,728.25,
2024-01-07 00:00:00,38.0,53.75,2.45,8.35,8.45,9.88,18.6,0.15,18.42,0.1,0.57,,,,,20.5,83.0,,114.75,,,,728.0,
2024-01-07 01:00:00,34.5,52.0,2.42,8.38,8.38,9.25,13.12,0.12,18.23,0.1,0.48,,,,,20.18,83.25,,118.25,,,,728.0,
2024-01-07 02:00:00,34.25,46.75,2.45,8.48,8.55,8.83,12.5,0.11,18.47,0.1,0.43,,,,,20.12,82.75,,158.0,,,,727.5,
2024-01-07 03:00:00,37.5,41.25,2.52,8.3,8.52,8.6,12.5,0.09,18.0,0.1,0.35,,,,,20.18,83.0,,127.25,,,,727.25,
2024-01-07 04:00:00,36.0,47.25,2.62,8.15,8.62,8.45,11.72,0.1,18.41,0.1,0.4,,,,,20.03,83.75,,119.75,,,,727.75,
2024-01-07 05:00:00,36.0,54.0,2.45,8.65,8.6,8.5,8.27,0.12,16.39,0.1,0.45,,,,,19.67,83.0,,100.33,,,,727.67,
2024-01-07 06:00:00,45.0,73.0,2.25,8.75,8.28,8.67,22.63,0.43,18.54,0.28,1.7,,,,,19.4,83.25,,125.0,,,,728.0,
2024-01-07 07:00:00,43.25,75.25,2.52,8.5,8.65,8.9,20.23,0.48,18.18,0.3,1.9,,,,,19.47,82.5,,91.0,,,,728.5,
2024-01-07 08:00:00,38.0,89.25,2.68,8.65,8.93,9.35,22.25,0.53,18.24,0.3,2.08,,,,,19.92,81.5,,113.0,,,,729.5,
2024-01-07 09:00:00,40.25,123.0,2.68,8.65,8.98,9.35,22.25,0.57,18.77,0.35,2.25,,,,,21.1,83.0,,119.0,,,,729.5,
2024-01-07 10:00:00,43.75,145.0,2.45,9.05,8.85,9.6,22.9,0.62,18.46,0.35,2.45,,,,,23.58,83.25,,117.25,,,,729.0,
2024-01-07 11:00:00,33.25,105.25,2.55,9.0,8.95,10.0,23.4,0.59,18.53,0.35,2.35,,,,,27.18,82.75,,125.25,,,,728.5,
2024-01-07 12:00:00,31.0,112.5,2.55,8.57,8.72,10.35,24.3,0.59,18.34,0.32,2.3,,,,,29.48,83.5,,127.0,,,,727.75,
2024-01-07 13:00:00,29.75,113.0,2.62,8.9,9.02,10.62,24.02,0.63,18.2,0.38,2.52,,,,,30.35,84.0,,122.25,,,,727.0,
2024-01-07 14:00:00,27.25,121.0,2.48,8.78,8.75,10.7,24.3,0.62,18.13,0.38,2.45,,,,,30.8,83.5,,125.75,,,,726.25,
2024-01-07 15:00:00,31.75,151.5,2.48,8.78,8.7,10.72,23.12,0.62,18.27,0.38,2.48,,,,,31.6,83.0,,119.0,,,,726.0,
2024-01-07 16:00:00,36.5,141.75,2.45,9.05,8.8,10.8,22.95,0.7,18.36,0.4,2.78,,,,,30.65,82.75,,122.25,,,,726.0,
2024-01-07 17:00:00,41.0,138.5,2.5,8.8,8.75,11.18,21.75,0.69,18.48,0.4,2.7,,,,,28.15,83.0,,120.5,,,,726.25,
2024-01-07 18:00:00,31.25,139.5,2.42,9.1,8.8,10.88,23.22,0.66,17.98,0.4,2.62,,,,,25.95,83.0,,129.75,,,,727.25,
2024-01-07 19:00:00,31.5,108.5,2.48,9.05,8.82,10.8,23.42,0.72,18.23,0.4,2.85,,,,,24.0,82.75,,125.0,,,,727.5,
2024-01-07 20:00:00,40.0,100.75,2.62,8.5,8.82,10.8,24.4,0.74,18.26,0.4,2.92,,,,,22.98,83.0,,115.5,,,,728.0,
2024-01-07 21:00:00,41.75,95.5,2.52,8.7,8.75,10.88,24.72,0.69,18.5,0.4,2.75,,,,,22.45,83.25,,112.0,,,,728.25,
2024-01-07 22:00:00,39.0,80.75,2.5,8.8,8.7,10.58,23.62,0.56,18.1,0.3,2.2,,,,,21.82,83.0,,122.5,,,,728.0,
2024-01-07 23:00:00,41.0,75.5,2.42,8.72,8.62,10.05,22.72,0.48,18.14,0.3,1.88,,,,,21.18,83.25,,112.75,,,,728.25,
2024-01-08 00:00:00,38.75,69.5,2.42,8.25,8.35,9.48,23.73,0.43,18.25,0.22,1.7,,,,,20.7,83.75,,125.75,,,,728.0,
2024-01-08 01:00:00,41.5,63.0,2.42,8.28,8.35,8.9,15.15,0.4,18.6,0.2,1.6,,,,,20.38,83.25,,122.0,,,,727.25,
2024-01-08 02:00:00,41.75,56.25,2.52,8.4,8.6,8.72,11.9,0.39,18.35,0.2,1.52,,,,,20.32,82.75,,118.5,,,,727.5,
2024-01-08 03:00:00,39.25,53.25,2.5,8.07,8.38,8.5,11.38,0.39,18.63,0.2,1.52,,,,,20.35,83.0,,123.75,,,,727.0,
2024-01-08 04:00:00,41.75,51.25,2.65,8.43,8.78,8.38,11.68,0.38,18.3,0.2,1.5,,,,,20.25,84.0,,126.25,,,,727.5,
2024-01-08 05:00:00,37.25,54.5,2.3,8.3,8.2,8.5,10.7,0.42,18.51,0.2,1.68,,,,,20.45,84.0,,120.5,,,,727.75,
2024-01-08 06:00:00,34.25,62.75,2.48,8.38,8.43,8.65,11.75,0.53,18.6,0.3,2.1,,,,,20.58,84.0,,121.75,,,,728.25,
2024-01-08 07:00:00,32.75,78.75,2.52,8.6,8.7,9.15,11.85,0.6,18.3,0.35,2.35,,,,,20.5,83.0,,109.75,,,,728.5,
2024-01-08 08:00:00,33.5,113.25,2.48,9.02,8.82,10.07,13.12,0.82,18.23,0.45,3.22,,,,,20.65,83.0,,124.0,,,,729.5,
2024-01-08 09:00:00,27.5,91.0,2.58,9.9,9.4,10.7,13.08,0.92,18.48,0.5,3.65,,,,,21.48,83.75,,118.25,,,,729.5,
2024-01-08 10:00:00,22.5,84.5,2.7,9.75,9.55,11.05,13.05,0.92,18.55,0.5,3.65,,,,,22.68,83.5,,121.0,,,,729.25,
2024-01-08 11:00:00,21.25,87.5,2.52,10.42,9.7,11.05,14.52,0.9,18.44,0.5,3.6,,,,,23.05,83.25,,127.5,,,,729.5,
2024-01-08 12:00:00,22.75,90.75,2.52,10.6,9.78,11.1,14.65,0.93,18.16,0.52,3.68,,,,,23.35,82.75,,156.0,,,,728.75,
2024-01-08 13:00:00,23.5,54.75,2.42,11.05,9.82,11.02,14.6,0.77,17.88,0.4,3.05,,,,,22.9,82.75,,137.0,,,,728.5,
2024-01-08 14:00:00,16.5,32.0,2.52,11.08,10.0,10.65,14.85,0.68,18.16,0.4,2.7,,,,,22.98,82.0,,123.75,,,,727.75,
2024-01-08 15:00:00,10.0,18.0,2.45,10.75,9.7,10.68,14.15,0.76,18.55,0.4,3.0,,,,,23.15,83.0,,116.5,,,,727.0,
2024-01-08 16:00:00,12.75,40.0,2.38,11.2,9.82,10.9,14.23,0.68,18.48,0.4,2.72,,,,,22.85,83.0,,128.5,,,,727.25,
2024-01-08 17:00:00,12.0,60.0,2.52,11.32,10.15,11.08,14.65,0.77,18.0,0.43,3.05,,,,,22.35,82.75,,117.5,,,,727.5,
2024-01-08 18:00:00,11.5,94.75,2.38,11.35,9.9,11.35,13.55,0.82,18.14,0.45,3.28,,,,,22.1,82.75,,129.0,,,,727.5,
2024-01-08 19:00:00,10.0,43.75,2.58,10.92,10.0,11.42,14.12,0.77,18.37,0.4,3.02,,,,,21.68,83.0,,131.0,,,,728.25,
2024-01-08 20:00:00,10.0,37.0,2.85,10.88,10.38,11.2,14.8,0.77,18.68,0.43,3.0,,,,,21.2,82.75,,129.5,,,,729.0,
2024-01-08 21:00:00,15.0,32.0,2.68,10.52,9.95,11.0,14.1,0.69,17.98,0.4,2.75,,,,,20.75,82.75,,111.75,,,,729.25,
2024-01-08 22:00:00,15.75,34.25,2.68,10.22,9.82,10.75,14.28,0.63,18.35,0.38,2.48,,,,,20.32,82.5,,131.75,,,,729.0,
2024-01-08 23:00:00,18.75,41.25,2.5,9.55,9.12,10.3,14.72,0.5,18.4,0.3,1.97,,,,,20.42,83.25,,128.0,,,,729.0,
2024-01-09 00:00:00,22.75,39.5,2.48,9.3,8.93,9.88,13.7,0.14,18.12,0.1,0.55,,,,,20.48,82.75,,155.0,,,,728.33,
2024-01-09 01:00:00,28.0,32.0,2.35,8.72,8.48,9.35,11.65,0.1,18.3,0.1,0.43,,,,,20.35,82.75,,128.25,,,,728.5,
2024-01-09 02:00:00,38.0,48.0,2.35,8.32,8.25,8.93,11.05,0.1,18.39,0.1,0.4,,,,,20.08,82.75,,117.25,,,,727.75,
2024-01-09 03:00:00,40.25,49.25,2.38,8.35,8.32,8.6,12.6,0.09,17.97,0.1,0.4,,,,,19.7,83.0,,144.0,,,,727.25,
2024-01-09 04:00:00,45.5,52.75,2.52,8.2,8.5,8.45,11.95,0.09,18.65,0.1,0.4,,,,,19.73,83.25,,121.0,,,,727.5,
2024-01-09 05:00:00,40.75,53.25,2.48,8.18,8.43,8.52,11.0,0.12,18.5,0.1,0.52,,,,,19.8,83.0,,150.75,,,,727.5,
2024-01-09 06:00:00,43.5,61.75,2.52,8.35,8.55,8.7,11.5,0.18,18.68,0.1,0.7,,,,,19.8,83.0,,114.75,,,,728.0,
2024-01-09 07:00:00,51.75,77.0,2.28,8.6,8.32,9.02,10.95,0.33,18.5,0.2,1.3,,,,,19.82,83.0,,104.0,,,,729.25,
2024-01-09 08:00:00,46.5,86.75,2.48,8.78,8.72,9.75,12.32,0.56,18.51,0.32,2.28,,,,,20.15,83.25,,108.25,,,,729.0,
2024-01-09 09:00:00,51.25,133.0,2.75,9.48,9.5,10.6,13.12,0.74,18.33,0.4,2.92,,,,,21.32,83.0,,122.5,,,,729.0,
2024-01-09 10:00:00,48.75,200.5,2.42,10.5,9.55,11.15,14.68,0.62,18.24,0.38,2.48,,,,,22.95,83.0,,124.75,,,,729.5,
2024-01-09 11:00:00,40.5,161.75,2.5,10.7,9.77,11.55,13.3,0.5,18.33,0.28,1.98,,,,,24.02,82.75,,131.5,,,,729.0,
2024-01-09 12:00:00,42.75,139.5,2.35,10.3,9.3,11.65,14.15,0.42,18.58,0.22,1.7,,,,,24.1,82.5,,131.0,,,,729.0,
2024-01-09 13:00:00,35.5,125.5,2.48,9.88,9.3,11.58,14.62,0.42,18.2,0.25,1.62,,,,,24.45,82.5,,129.0,,,,728.25,
2024-01-09 14:00:00,33.25,92.0,2.58,9.65,9.3,11.25,14.02,0.38,18.47,0.2,1.5,,,,,25.78,83.25,,131.25,,,,727.5,
2024-01-09 15:00:00,32.75,104.0,2.55,9.12,9.0,11.08,13.95,0.38,18.28,0.25,1.45,,,,,26.3,83.0,,135.5,,,,727.75,
2024-01-09 16:00:00,37.5,106.75,2.58,9.02,8.98,11.08,13.65,0.36,18.11,0.22,1.45,,,,,25.15,83.25,,129.75,,,,727.25,
2024-01-09 17:00:00,36.75,120.25,2.58,8.85,8.88,11.02,12.78,0.39,18.24,0.2,1.52,,,,,24.15,82.75,,133.0,,,,728.0,
2024-01-09 18:00:00,41.0,132.25,2.48,9.27,8.98,11.4,13.02,0.63,18.56,0.35,2.5,,,,,23.15,82.75,,140.0,,,,728.0,
2024-01-09 19:00:00,46.25,115.5,2.48,9.55,9.1,11.98,13.62,0.53,18.44,0.3,2.1,,,,,22.3,82.75,,132.25,,,,728.5,
2024-01-09 20:00:00,45.5,103.75,2.48,9.43,9.05,12.2,12.32,0.56,18.42,0.3,2.22,,,,,21.88,82.75,,124.75,,,,729.0,
2024-01-09 21:00:00,49.75,117.5,2.52,9.3,9.05,12.05,12.9,0.47,18.23,0.3,1.88,,,,,21.32,82.75,,132.25,,,,729.0,
2024-01-09 22:00:00,47.5,113.0,2.45,9.12,8.88,11.5,14.1,0.3,18.46,0.15,1.23,,,,,20.68,82.75,,140.0,,,,729.0,
2024-01-09 23:00:00,43.5,105.0,2.5,8.7,8.7,11.02,13.08,0.18,18.45,0.1,0.72,,,,,20.18,82.75,,110.25,,,,729.0,
2024-01-10 00:00:00,44.5,103.25,2.6,8.57,8.78,10.68,12.27,0.13,18.24,0.1,0.55,,,,,19.7,82.75,,130.0,,,,728.33,
2024-01-10 01:00:00,43.75,84.25,2.6,8.35,8.7,9.88,13.85,0.1,18.66,0.1,0.42,,,,,19.35,82.75,,120.75,,,,728.0,
2024-01-10 02:00:00,46.0,68.25,2.68,8.4,8.8,9.18,14.42,0.08,18.54,,0.3,,,,,19.2,82.75,,126.25,,,,728.0,
2024-01-10 03:00:00,46.75,62.25,2.38,8.7,8.48,8.65,14.65,0.08,18.56,0.1,0.3,,,,,19.15,82.75,,145.25,,,,727.25,
2024-01-10 04:00:00,49.5,61.0,2.38,8.62,8.48,8.52,15.5,0.09,18.16,0.1,0.35,,,,,18.92,83.5,,135.25,,,,727.0,
2024-01-10 05:00:00,50.75,65.25,2.48,8.62,8.67,8.48,15.05,0.13,18.0,0.1,0.52,,,,,18.65,83.75,,125.75,,,,727.25,
2024-01-10 06:00:00,52.0,73.5,2.52,8.72,8.72,8.52,14.0,0.19,18.29,0.1,0.72,,,,,18.45,83.25,,114.25,,,,727.75,
2024-01-10 07:00:00,56.75,93.75,2.62,8.7,8.9,9.12,13.88,0.3,18.35,0.15,1.18,,,,,18.35,82.75,,112.25,,,,728.0,
2024-01-10 08:00:00,53.5,114.75,2.5,8.8,8.78,9.8,15.25,0.4,18.0,0.22,1.58,,,,,18.77,82.5,,127.75,,,,728.75,
2024-01-10 09:00:00,52.0,121.75,2.68,8.5,8.85,10.42,15.7,0.5,18.24,0.3,1.95,,,,,20.3,82.75,,116.75,,,,729.0,
2024-01-10 10:00:00,44.25,138.25,2.62,8.78,9.0,10.7,16.2,0.48,18.31,0.3,1.92,,,,,22.85,83.0,,115.0,,,,729.0,
2024-01-10 11:00:00,44.5,143.5,2.72,8.88,9.15,11.1,16.98,0.4,18.22,0.22,1.58,,,,,24.6,83.25,,126.5,,,,729.25,
2024-01-10 12:00:00,36.0,135.75,2.55,8.5,8.68,11.15,16.65,0.33,18.27,0.2,1.35,,,,,26.18,83.75,,132.5,,,,728.25,
2024-01-10 13:00:00,41.5,126.0,2.4,8.72,8.52,11.0,16.5,0.38,18.19,0.2,1.5,,,,,27.35,84.0,,136.5,,,,727.5,
2024-01-10 14:00:00,40.25,130.75,2.6,8.57,8.82,11.02,17.12,0.42,18.49,0.25,1.68,,,,,27.4,83.5,,126.0,,,,727.0,
2024-01-10 15:00:00,42.5,140.5,2.6,8.72,8.82,11.08,16.85,0.4,18.5,0.22,1.55,,,,,27.18,83.75,,129.0,,,,727.0,
2024-01-10 16:00:00,46.0,129.5,2.22,9.08,8.48,11.18,16.98,0.42,18.13,0.22,1.68,,,,,27.2,83.75,,140.25,,,,727.0,
2024-01-10 17:00:00,43.0,139.25,2.12,8.78,8.12,11.15,17.6,0.37,18.22,0.22,1.45,,,,,26.12,83.5,,142.5,,,,727.25,
2024-01-10 18:00:00,44.0,142.5,2.52,8.62,8.65,11.28,16.4,0.54,18.52,0.32,2.12,,,,,24.4,83.25,,124.0,,,,728.0,
2024-01-10 19:00:00,47.75,131.5,2.42,8.85,8.65,11.65,16.92,0.7,18.72,0.38,2.78,,,,,23.32,83.0,,130.0,,,,728.5,
2024-01-10 20:00:00,51.75,128.5,2.6,9.12,9.07,11.82,17.5,0.6,18.3,0.32,2.38,,,,,22.6,83.25,,143.75,,,,729.25,
2024-01-10 21:00:00,57.75,127.5,2.62,9.12,9.15,11.8,17.65,0.59,18.63,0.35,2.35,,,,,21.88,83.5,,101.75,,,,729.5,
2024-01-10 22:00:00,58.25,129.0,2.48,8.9,8.78,11.6,15.3,0.34,18.52,0.2,1.35,,,,,21.4,83.75,,143.75,,,,729.0,
2024-01-10 23:00:00,53.25,99.0,2.5,8.45,8.57,10.85,16.62,0.23,18.21,0.1,0.9,,,,,21.0,83.0,,127.25,,,,729.25,
2024-01-11 00:00:00,54.75,88.25,2.45,8.38,8.45,9.8,15.67,0.14,18.19,0.1,0.57,,,,,20.55,83.5,,127.0,,,,729.67,
2024-01-11 01:00:00,55.0,80.5,2.4,8.38,8.38,9.18,12.1,0.1,18.18,0.1,0.38,,,,,19.92,83.5,,135.25,,,,728.75,
2024-01-11 02:00:00,49.5,74.0,2.38,7.95,8.12,8.8,9.05,0.08,18.16,0.1,0.3,,,,,19.32,83.25,,120.75,,,,728.5,
2024-01-11 03:00:00,50.25,75.25,2.48,8.3,8.43,8.78,10.62,0.07,18.16,,0.3,,,,,19.03,83.25,,126.0,,,,728.5,
2024-01-11 04:00:00,49.5,70.25,2.45,8.4,8.4,8.62,11.52,0.08,18.64,0.1,0.3,,,,,18.7,84.0,,117.75,,,,728.5,
2024-01-11 05:00:00,54.0,72.75,2.7,8.1,8.7,8.62,10.05,0.1,18.46,0.1,0.4,,,,,18.3,83.25,,124.25,,,,728.5,
2024-01-11 06:00:00,56.0,85.25,2.42,8.4,8.4,8.8,10.15,0.21,18.47,0.12,0.82,,,,,17.98,83.0,,109.25,,,,729.25,
2024-01-11 07:00:00,62.75,112.75,2.55,8.78,8.8,9.38,11.18,0.28,18.29,0.18,1.1,,,,,17.97,82.75,,113.5,,,,729.0,
2024-01-11 08:00:00,65.0,130.5,2.38,9.15,8.78,9.82,12.25,0.41,18.34,0.25,1.6,,,,,18.6,83.25,,107.5,,,,730.0,
2024-01-11 09:00:00,61.5,132.0,2.52,9.45,9.1,10.4,12.72,0.54,18.48,0.32,2.12,,,,,20.52,83.75,,129.5,,,,730.0,
2024-01-11 10:00:00,49.25,135.25,2.65,9.48,9.32,10.7,13.0,0.44,18.47,0.25,1.72,,,,,23.55,83.75,,126.75,,,,730.0,
2024-01-11 11:00:00,45.0,154.75,2.42,9.25,8.9,11.12,13.02,0.31,18.27,0.2,1.23,,,,,26.75,84.0,,137.0,,,,729.25,
2024-01-11 12:00:00,49.25,185.25,2.58,8.85,8.9,11.6,11.2,0.31,18.38,0.18,1.27,,,,,29.02,83.75,,142.5,,,,728.25,
2024-01-11 13:00:00,52.0,169.75,2.48,8.93,8.8,11.85,11.6,0.34,18.31,0.2,1.32,,,,,30.4,84.0,,126.0,,,,727.5,
2024-01-11 14:00:00,47.5,122.0,2.5,9.02,8.88,11.65,12.28,0.33,18.11,0.2,1.3,,,,,31.7,84.0,,124.75,,,,727.0,
2024-01-11 15:00:00,44.25,150.25,2.52,8.65,8.7,11.6,12.42,0.48,18.32,0.28,1.88,,,,,32.2,84.5,,116.0,,,,727.0,
2024-01-11 16:00:00,48.25,152.0,2.4,9.28,8.85,12.25,12.6,0.57,18.52,0.35,2.25,,,,,32.47,83.75,,125.75,,,,727.0,
2024-01-11 17:00:00,50.75,171.75,2.65,9.75,9.5,12.78,13.22,0.72,18.1,0.4,2.85,,,,,30.65,83.5,,126.25,,,,727.0,
2024-01-11 18:00:00,55.75,167.5,2.55,10.3,9.6,13.12,13.38,0.86,18.14,0.45,3.4,,,,,27.38,83.0,,134.25,,,,727.25,
2024-01-11 19:00:00,54.75,157.5,2.3,11.08,9.65,13.3,14.73,0.72,18.15,0.42,2.85,,,,,24.85,82.75,,135.75,,,,728.0,
2024-01-11 20:00:00,53.5,126.0,2.38,10.82,9.62,13.0,14.32,0.53,18.53,0.32,2.1,,,,,23.48,82.75,,126.75,,,,728.5,
2024-01-11 21:00:00,51.5,107.75,2.52,9.7,9.25,12.38,13.7,0.38,18.72,0.22,1.5,,,,,22.25,83.75,,119.75,,,,729.0,
2024-01-11 22:00:00,50.5,104.25,2.42,8.82,8.68,11.6,11.28,0.25,18.24,0.12,1.0,,,,,21.28,83.75,,124.5,,,,729.25,
2024-01-11 23:00:00,51.0,91.75,2.55,8.35,8.6,10.62,9.88,0.14,18.3,0.1,0.57,,,,,20.42,83.25,,129.75,,,,729.25,
2024-01-12 00:00:00,47.25,81.0,2.48,8.38,8.45,9.72,11.5,0.09,18.36,0.1,0.35,,,,,19.75,83.25,,128.0,,,,729.0,
2024-01-12 01:00:00,43.25,84.0,2.35,8.28,8.25,9.18,12.25,0.08,18.3,0.1,0.3,,,,,19.15,83.5,,114.0,,,,728.25,
2024-01-12 02:00:00,38.0,71.0,2.52,8.3,8.48,8.75,11.68,0.05,18.36,,0.2,,,,,18.55,83.5,,118.75,,,,728.0,
2024-01-12 03:00:00,40.0,62.75,2.58,8.0,8.48,8.6,12.05,0.06,18.39,,0.25,,,,,18.0,82.75,,111.75,,,,728.0,
2024-01-12 04:00:00,48.5,75.0,2.48,8.12,8.38,8.65,12.8,0.07,18.1,,0.28,,,,,17.65,83.25,,122.5,,,,728.0,
2024-01-12 05:00:00,54.75,78.25,2.4,8.15,8.28,8.82,13.8,0.09,18.26,0.1,0.4,,,,,17.42,83.5,,124.25,,,,728.0,
2024-01-12 06:00:00,50.25,80.0,2.48,8.43,8.5,8.95,13.7,0.15,18.63,0.1,0.6,,,,,17.2,84.0,,137.25,,,,728.0,
2024-01-12 07:00:00,52.0,105.75,2.45,8.38,8.48,9.68,13.75,0.32,18.43,0.2,1.25,,,,,17.25,82.75,,122.0,,,,729.0,
2024-01-12 08:00:00,63.25,160.75,2.4,8.78,8.55,10.45,13.1,0.42,18.13,0.22,1.7,,,,,17.77,82.75,,119.75,,,,729.25,
2024-01-12 09:00:00,59.0,125.0,2.4,9.27,8.88,11.12,15.18,0.46,18.08,0.3,1.82,,,,,19.62,82.5,,118.75,,,,729.5,
2024-01-12 10:00:00,53.0,153.75,2.48,8.78,8.68,11.4,14.82,0.33,18.42,0.18,1.3,,,,,22.62,83.5,,127.25,,,,729.75,
2024-01-12 11:00:00,53.0,187.0,2.45,8.28,8.43,11.28,15.7,0.28,18.45,0.15,1.12,,,,,25.75,83.0,,131.5,,,,729.0,
2024-01-12 12:00:00,51.5,159.0,2.45,8.3,8.35,10.95,14.35,0.24,17.94,0.12,0.9,,,,,28.0,82.5,,135.0,,,,728.75,
2024-01-12 13:00:00,49.25,208.75,2.48,8.25,8.38,10.65,14.0,0.21,18.08,0.1,0.85,,,,,29.15,83.0,,139.25,,,,728.0,
2024-01-12 14:00:00,54.25,145.5,2.5,8.3,8.52,10.65,14.18,0.28,18.74,0.15,1.08,,,,,30.08,83.0,,122.25,,,,727.0,
2024-01-12 15:00:00,49.5,129.25,2.6,7.9,8.45,11.0,14.4,0.31,18.31,0.18,1.23,,,,,30.68,83.25,,133.0,,,,727.0,
2024-01-12 16:00:00,51.25,130.75,2.72,8.48,8.9,11.4,13.8,0.39,18.29,0.22,1.52,,,,,30.67,83.25,,129.0,,,,727.0,
2024-01-12 17:00:00,52.75,137.25,2.75,9.07,9.35,11.75,15.5,0.5,18.44,0.28,1.98,,,,,29.3,83.25,,135.75,,,,727.0,
2024-01-12 18:00:00,56.25,152.25,2.45,9.5,9.05,12.1,15.55,0.55,18.36,0.32,2.15,,,,,26.5,82.5,,126.75,,,,727.75,
2024-01-12 19:00:00,66.25,155.0,2.62,9.35,9.23,12.25,15.55,0.65,18.79,0.35,2.58,,,,,24.05,83.25,,128.0,,,,728.75,
2024-01-12 20:00:00,82.25,139.5,2.3,9.1,8.62,12.15,14.62,0.43,18.35,0.25,1.72,,,,,22.78,82.75,,126.5,,,,729.0,
2024-01-12 21:00:00,75.5,130.5,2.5,8.52,8.62,11.92,14.48,0.46,18.38,0.28,1.8,,,,,21.92,83.0,,113.75,,,,729.5,
2024-01-12 22:00:00,80.75,134.5,2.35,8.57,8.38,11.58,14.38,0.38,18.22,0.22,1.48,,,,,21.25,82.75,,128.25,,,,729.75,
2024-01-12 23:00:00,82.75,132.75,2.35,8.68,8.43,10.92,15.45,0.26,18.36,0.17,1.0,,,,,20.7,83.0,,119.25,,,,729.0,
2024-01-13 00:00:00,80.25,128.0,2.42,8.22,8.35,10.18,14.8,0.18,18.54,0.1,0.78,,,,,20.27,83.5,,115.75,,,,729.0,
2024-01-13 01:00:00,75.25,118.0,2.55,8.85,8.82,9.38,13.23,0.17,18.48,0.1,0.68,,,,,19.82,83.0,,121.75,,,,729.0,
2024-01-13 02:00:00,76.75,120.25,2.45,8.78,8.68,8.93,13.32,0.14,18.45,0.1,0.52,,,,,19.38,82.75,,141.5,,,,728.25,
2024-01-13 03:00:00,78.0,105.25,2.5,8.5,8.6,8.65,13.2,0.13,18.48,0.1,0.5,,,,,18.58,83.0,,98.5,,,,728.25,
2024-01-13 04:00:00,73.5,95.5,2.45,8.45,8.5,8.78,14.35,0.13,18.43,0.1,0.5,,,,,18.15,82.25,,105.25,,,,728.25,
2024-01-13 05:00:00,70.75,101.75,2.52,8.6,8.72,8.62,13.58,0.18,18.57,0.1,0.7,,,,,17.92,83.0,,110.5,,,,728.0,
2024-01-13 06:00:00,75.0,112.25,2.42,8.52,8.45,8.9,13.38,0.29,18.18,0.15,1.1,,,,,17.65,83.5,,70.25,,,,729.0,
2024-01-13 07:00:00,73.25,135.75,2.5,9.07,8.93,9.52,14.12,0.37,18.4,0.22,1.45,,,,,17.55,83.5,,96.0,,,,729.5,
2024-01-13 08:00:00,78.0,158.25,2.5,8.9,8.8,10.05,14.12,0.46,18.34,0.25,1.78,,,,,18.0,83.75,,127.5,,,,730.0,
2024-01-13 09:00:00,79.75,158.0,2.35,8.9,8.57,10.58,15.2,0.53,18.46,0.32,2.08,,,,,19.55,83.5,,122.5,,,,730.0,
2024-01-13 10:00:00,73.75,160.0,2.42,8.52,8.45,10.82,15.78,0.34,18.22,0.22,1.35,,,,,22.18,82.75,,140.25,,,,730.0,
2024-01-13 11:00:00,65.25,140.5,2.42,8.75,8.62,10.45,14.98,0.33,18.2,0.18,1.3,,,,,24.5,82.75,,118.25,,,,730.0,
2024-01-13 12:00:00,60.5,131.75,2.42,8.57,8.5,10.62,15.75,0.38,18.2,0.22,1.5,,,,,26.08,83.0,,125.5,,,,729.75,
2024-01-13 13:00:00,61.0,170.0,2.48,8.98,8.8,11.08,15.8,0.47,18.12,0.28,1.85,,,,,28.6,83.0,,140.0,,,,728.5,
2024-01-13 14:00:00,58.25,159.0,2.45,8.67,8.62,11.4,15.9,0.45,18.09,0.25,1.75,,,,,30.22,83.75,,137.0,,,,728.0,
2024-01-13 15:00:00,59.25,155.5,2.5,8.88,8.75,11.6,16.82,0.43,18.29,0.25,1.7,,,,,30.62,83.0,,123.5,,,,727.25,
2024-01-13 16:00:00,62.75,168.5,2.52,9.05,8.93,12.18,17.88,0.54,17.96,0.32,2.1,,,,,30.45,83.0,,126.5,,,,727.25,
2024-01-13 17:00:00,70.5,195.75,2.6,9.75,9.43,12.0,18.55,0.55,18.3,0.3,2.2,,,,,29.05,84.0,,147.0,,,,727.75,
2024-01-13 18:00:00,69.25,218.75,2.55,10.12,9.52,12.18,19.05,0.66,18.24,0.35,2.62,,,,,26.48,83.75,,171.0,,,,728.0,
2024-01-13 19:00:00,70.75,183.0,2.7,9.98,9.7,12.4,18.6,0.78,18.06,0.45,3.08,,,,,24.38,83.75,,116.75,,,,728.75,
2024-01-13 20:00:00,75.25,160.25,2.45,10.32,9.45,12.55,17.02,0.63,18.26,0.38,2.5,,,,,23.5,83.25,,89.75,,,,729.0,
2024-01-13 21:00:00,84.0,159.75,2.28,10.35,9.22,12.32,15.95,0.52,18.27,0.3,2.05,,,,,22.72,82.75,,119.75,,,,730.0,
2024-01-13 22:00:00,89.5,143.25,2.5,9.95,9.38,11.68,16.75,0.42,18.78,0.22,1.68,,,,,21.98,83.75,,128.0,,,,730.0,
2024-01-13 23:00:00,96.25,180.0,2.52,9.95,9.43,11.65,17.42,0.35,18.69,0.2,1.38,,,,,21.22,83.25,,108.75,,,,729.75,
2024-01-14 00:00:00,115.75,272.5,2.45,9.85,9.28,11.38,16.17,0.24,18.19,0.12,0.92,,,,,20.9,81.5,,86.75,,,,729.33,
2024-01-14 01:00:00,98.0,145.5,2.32,9.52,8.88,10.73,14.98,0.2,18.5,0.1,0.8,,,,,20.5,83.25,,100.75,,,,729.0,
2024-01-14 02:00:00,90.75,198.75,2.5,9.22,8.98,10.15,12.7,0.16,18.25,0.1,0.57,,,,,20.1,82.25,,94.0,,,,728.75,
2024-01-14 03:00:00,88.0,116.5,2.52,9.12,9.02,9.4,13.78,0.16,18.56,0.1,0.68,,,,,19.68,80.25,,95.75,,,,728.25,
2024-01-14 04:00:00,90.0,128.75,2.5,8.88,8.75,9.17,12.0,0.16,18.44,0.1,0.68,,,,,19.23,80.75,,94.25,,,,728.0,
2024-01-14 05:00:00,89.5,119.25,2.62,8.88,8.95,9.0,11.27,0.21,18.31,0.1,0.85,,,,,18.92,81.75,,65.75,,,,728.25,
2024-01-14 06:00:00,98.25,133.25,2.38,8.65,8.52,9.18,11.9,0.33,18.72,0.18,1.3,,,,,18.62,82.25,,79.0,,,,729.0,
2024-01-14 07:00:00,105.75,150.5,2.55,9.07,8.98,9.72,8.43,0.45,18.54,0.28,1.75,,,,,18.35,82.5,,66.75,,,,729.25,
2024-01-14 08:00:00,117.0,164.0,,10.3,6.8,9.5,,,21.27,,,,,,,19.15,81.0,,102.0,,,,,
2024-01-14 09:00:00,109.0,,2.2,9.02,8.4,10.15,21.52,0.72,18.99,0.38,2.85,,,,,20.83,82.25,,125.75,,,,730.0,
2024-01-14 10:00:00,103.25,195.0,2.45,8.88,8.72,10.48,25.1,0.71,18.36,0.4,2.8,,,,,24.05,82.5,,125.25,,,,730.0,
2024-01-14 11:00:00,86.25,186.5,2.22,8.78,8.3,10.65,24.65,0.72,18.35,0.4,2.88,,,,,27.72,83.25,,111.75,,,,729.25,
2024-01-14 12:00:00,82.75,152.75,2.35,8.9,8.55,10.82,25.08,0.66,18.31,0.4,2.6,,,,,29.68,83.75,,108.25,,,,728.5,
2024-01-14 13:00:00,70.25,125.75,2.35,8.78,8.5,10.85,24.32,0.69,18.57,0.4,2.72,,,,,31.1,84.0,,128.5,,,,727.5,
2024-01-14 14:00:00,71.25,127.5,2.4,8.65,8.45,11.05,24.28,0.64,18.41,0.4,2.55,,,,,32.12,82.25,,121.75,,,,726.75,
2024-01-14 15:00:00,71.75,143.0,2.33,8.3,8.22,11.68,23.05,0.65,18.6,0.4,2.58,,,,,32.48,82.75,,121.75,,,,726.25,
2024-01-14 16:00:00,70.25,113.5,2.38,8.45,8.38,12.4,21.38,0.76,18.29,0.43,3.0,,,,,32.25,82.5,,111.0,,,,726.25,
2024-01-14 17:00:00,71.0,123.0,2.48,8.7,8.68,13.68,22.62,1.04,18.24,0.57,4.1,,,,,31.05,82.75,,131.75,,,,726.75,
2024-01-14 18:00:00,81.25,157.5,2.52,9.55,9.18,15.15,23.25,1.16,18.42,0.62,4.62,,,,,27.9,83.0,,151.75,,,,727.0,
2024-01-14 19:00:00,90.75,188.0,2.55,10.58,9.72,15.27,28.72,1.26,18.41,0.7,4.97,,,,,24.88,79.25,,136.25,,,,728.25,
2024-01-14 20:00:00,103.5,175.5,2.52,11.75,10.35,13.32,29.8,0.95,18.53,0.52,3.75,,,,,23.75,77.5,,116.75,,,,728.75,
2024-01-14 21:00:00,89.75,142.75,2.52,11.18,10.02,11.6,28.55,0.68,18.33,0.4,2.68,,,,,23.08,77.5,,132.75,,,,729.0,
2024-01-14 22:00:00,91.0,130.5,2.48,9.98,9.35,11.55,29.05,0.62,18.49,0.38,2.45,,,,,22.15,79.75,,99.5,,,,729.0,
2024-01-14 23:00:00,99.25,132.75,2.65,8.95,9.05,10.8,25.92,0.52,18.48,0.3,2.07,,,,,21.22,80.5,,99.75,,,,729.0,
2024-01-15 00:00:00,106.5,136.25,2.7,8.25,8.75,9.8,24.47,0.21,18.49,0.1,0.85,,,,,20.58,81.25,,110.75,,,,729.0,
2024-01-15 01:00:00,105.5,133.75,2.5,8.25,8.45,9.5,19.27,0.17,18.56,0.1,0.68,,,,,20.02,79.5,,118.0,,,,728.25,
2024-01-15 02:00:00,95.5,115.25,2.48,8.45,8.5,8.75,15.6,0.14,18.78,0.1,0.55,,,,,19.35,82.75,,103.5,,,,728.0,
2024-01-15 03:00:00,89.25,115.0,2.42,8.82,8.62,8.52,14.85,0.13,18.46,0.1,0.5,,,,,18.82,83.0,,87.5,,,,727.25,
2024-01-15 04:00:00,92.5,112.0,2.4,8.5,8.38,8.57,14.15,0.15,18.5,0.1,0.57,,,,,18.53,83.0,,118.25,,,,728.0,
2024-01-15 05:00:00,91.0,113.5,2.48,8.32,8.48,8.65,14.85,0.16,18.61,0.1,0.6,,,,,18.23,83.0,,106.5,,,,728.0,
2024-01-15 06:00:00,93.5,119.75,2.5,8.28,8.48,8.78,14.6,0.18,18.39,0.1,0.72,,,,,17.92,83.0,,139.75,,,,728.0,
2024-01-15 07:00:00,103.75,131.75,2.45,7.98,8.25,9.15,14.58,0.32,18.77,0.2,1.27,,,,,17.73,82.75,,174.0,,,,729.0,
2024-01-15 08:00:00,110.5,154.0,2.32,8.62,8.38,9.35,16.25,0.32,18.7,0.2,1.25,,,,,18.32,81.75,,101.5,,,,729.75,
2024-01-15 09:00:00,105.25,157.0,2.65,8.48,8.85,9.3,20.0,0.38,18.5,0.22,1.48,,,,,20.55,82.0,,131.75,,,,730.0,
2024-01-15 10:00:00,100.0,147.0,2.33,8.5,8.28,9.33,22.2,0.37,18.92,0.2,1.48,,,,,23.42,82.25,,144.5,,,,729.75,
2024-01-15 11:00:00,89.25,140.5,2.42,8.48,8.43,9.48,20.8,0.37,18.18,0.2,1.45,,,,,26.75,81.75,,111.0,,,,729.0,
2024-01-15 12:00:00,82.0,128.5,2.45,8.93,8.75,9.72,19.82,0.32,18.46,0.2,1.27,,,,,28.88,80.25,,137.25,,,,728.25,
2024-01-15 13:00:00,74.0,116.75,2.4,8.7,8.5,9.83,15.4,0.25,18.53,0.15,1.0,,,,,30.5,83.0,,149.0,,,,727.0,
2024-01-15 14:00:00,65.0,95.0,2.52,8.38,8.57,9.78,15.0,0.23,18.25,0.1,0.92,,,,,31.3,82.75,,156.0,,,,726.25,
2024-01-15 15:00:00,58.25,96.5,2.4,8.12,8.28,9.95,15.98,0.27,18.33,0.18,1.08,,,,,32.05,83.0,,155.25,,,,726.0,
2024-01-15 16:00:00,63.0,99.5,2.4,8.12,8.2,10.32,17.8,0.34,18.35,0.2,1.32,,,,,32.35,83.25,,132.5,,,,726.0,
2024-01-15 17:00:00,60.5,121.75,2.48,8.23,8.38,10.88,18.75,0.6,18.35,0.32,2.35,,,,,31.2,83.0,,226.75,,,,726.25,
2024-01-15 18:00:00,75.25,251.0,2.52,9.2,9.02,11.78,17.92,0.87,18.45,0.5,3.45,,,,,28.0,83.0,,115.0,,,,726.75,
2024-01-15 19:00:00,86.0,331.5,2.4,10.35,9.35,12.15,19.7,0.7,18.56,0.4,2.75,,,,,24.52,82.5,,100.0,,,,727.25,
2024-01-15 20:00:00,81.0,132.25,2.42,9.62,9.07,12.05,19.62,0.52,18.29,0.3,2.02,,,,,23.85,82.25,,115.5,,,,728.0,
2024-01-15 21:00:00,85.25,130.0,2.4,9.02,8.7,11.82,19.0,0.41,18.56,0.25,1.62,,,,,23.12,81.5,,101.0,,,,728.0,
2024-01-15 22:00:00,87.0,116.25,2.38,8.52,8.38,10.82,16.73,0.29,18.51,0.2,1.15,,,,,22.02,83.0,,124.75,,,,728.0,
2024-01-15 23:00:00,83.0,108.25,2.48,8.48,8.55,10.1,16.2,0.27,18.39,0.15,1.05,,,,,21.02,82.75,,118.25,,,,728.0,
2024-01-16 00:00:00,89.25,122.5,2.4,8.35,8.35,9.5,16.13,0.18,18.78,0.1,0.7,,,,,20.35,82.25,,116.75,,,,728.0,
2024-01-16 01:00:00,89.25,109.5,2.52,8.28,8.55,8.93,15.25,0.15,18.61,0.1,0.57,,,,,19.75,82.5,,130.0,,,,727.0,
2024-01-16 02:00:00,87.25,111.5,2.58,8.45,8.6,8.6,12.12,0.14,18.77,0.1,0.52,,,,,19.18,82.25,,123.75,,,,727.25,
2024-01-16 03:00:00,87.0,111.0,2.45,8.28,8.38,8.4,13.72,0.13,18.31,0.1,0.5,,,,,18.77,82.5,,114.5,,,,727.0,
2024-01-16 04:00:00,83.0,104.0,2.65,8.35,8.75,8.3,13.7,0.14,18.25,0.1,0.52,,,,,18.62,82.0,,129.75,,,,727.0,
2024-01-16 05:00:00,80.5,102.25,2.52,8.35,8.55,8.28,13.35,0.16,18.33,0.1,0.65,,,,,18.35,82.75,,108.0,,,,727.5,
2024-01-16 06:00:00,82.75,107.5,2.38,8.43,8.38,8.62,13.95,0.22,18.23,0.12,0.9,,,,,18.15,83.0,,98.5,,,,728.0,
2024-01-16 07:00:00,85.0,117.0,2.52,8.3,8.52,9.12,12.95,0.29,18.61,0.18,1.18,,,,,18.0,82.75,,117.75,,,,728.0,
2024-01-16 08:00:00,85.25,131.5,2.52,8.52,8.6,9.68,13.55,0.4,18.34,0.22,1.62,,,,,18.25,82.5,,106.25,,,,729.0,
2024-01-16 09:00:00,86.0,133.25,2.7,8.57,8.93,10.05,14.18,0.62,18.59,0.35,2.42,,,,,19.65,82.0,,129.0,,,,729.25,
2024-01-16 10:00:00,83.25,142.5,2.65,8.85,8.95,10.32,14.08,0.45,18.59,0.25,1.75,,,,,22.4,82.25,,141.25,,,,729.0,
2024-01-16 11:00:00,74.0,141.25,2.45,8.95,8.72,10.38,14.42,0.35,18.5,0.2,1.38,,,,,25.5,82.25,,145.5,,,,728.0,
2024-01-16 12:00:00,73.0,139.25,2.35,9.0,8.6,10.3,16.25,0.36,18.03,0.2,1.38,,,,,27.98,78.75,,146.0,,,,727.75,
2024-01-16 13:00:00,76.25,126.0,2.35,8.88,8.5,10.22,14.68,0.28,18.27,0.15,1.12,,,,,29.3,74.0,,166.75,,,,727.25,
2024-01-16 14:00:00,73.0,156.0,2.38,9.3,8.78,9.82,11.62,0.3,18.37,0.18,1.23,,,,,30.35,71.25,,143.5,,,,726.25,
2024-01-16 15:00:00,82.75,252.25,2.68,9.8,9.57,9.32,12.92,0.38,19.4,0.2,1.5,,,,,31.7,77.75,,150.75,,,,725.25,
2024-01-16 16:00:00,66.5,141.0,2.42,8.85,8.62,10.4,12.62,0.33,18.73,0.2,1.33,,,,,31.45,85.0,,166.0,,,,725.25,
2024-01-16 17:00:00,68.25,172.0,2.52,8.38,8.6,11.38,10.78,0.87,18.21,0.5,3.42,,,,,30.0,83.25,,201.25,,,,725.0,
2024-01-16 18:00:00,81.5,250.75,2.45,9.88,9.2,13.48,12.72,1.38,18.61,0.75,5.4,,,,,26.85,83.0,,192.0,,,,726.0,
2024-01-16 19:00:00,95.0,315.5,2.65,14.25,11.9,15.9,20.23,2.84,18.28,1.58,11.2,,,,,23.3,82.25,,117.25,,,,726.5,
2024-01-16 20:00:00,98.75,209.0,2.5,17.95,13.55,17.0,19.42,0.74,18.18,0.4,2.9,,,,,22.33,81.5,,83.25,,,,727.0,
2024-01-16 21:00:00,81.25,131.0,2.4,15.1,11.95,15.12,20.28,0.36,18.7,0.2,1.48,,,,,22.82,83.0,,141.5,,,,727.0,
2024-01-16 22:00:00,75.75,110.0,2.5,11.75,10.3,13.68,19.65,0.3,18.36,0.2,1.2,,,,,22.08,82.75,,138.25,,,,727.0,
2024-01-16 23:00:00,73.0,100.25,2.52,9.8,9.3,12.02,17.45,0.2,18.55,0.1,0.73,,,,,21.17,82.25,,95.25,,,,727.0,
2024-01-17 00:00:00,67.5,97.25,2.75,8.95,9.2,11.0,17.43,0.16,18.47,0.1,0.6,,,,,20.32,82.75,,113.25,,,,727.0,
2024-01-17 01:00:00,69.5,93.75,2.42,9.0,8.75,9.9,14.15,0.15,18.15,0.1,0.6,,,,,19.68,82.25,,99.75,,,,727.0,
2024-01-17 02:00:00,71.75,89.25,2.48,8.95,8.75,9.28,13.65,0.14,18.39,0.1,0.5,,,,,19.18,82.5,,105.0,,,,726.0,
2024-01-17 03:00:00,75.0,88.5,2.35,8.72,8.52,8.88,15.08,0.12,18.49,0.1,0.5,,,,,18.7,83.0,,137.0,,,,726.0,
2024-01-17 04:00:00,74.75,91.5,2.4,8.93,8.62,8.48,16.4,0.13,17.95,0.1,0.5,,,,,18.4,81.5,,75.25,,,,726.25,
2024-01-17 05:00:00,65.75,89.0,2.4,8.77,8.6,8.65,16.35,0.16,18.24,0.1,0.65,,,,,18.3,77.75,,129.25,,,,727.0,
2024-01-17 06:00:00,71.0,100.75,2.6,8.85,8.9,8.52,17.5,0.22,18.62,0.1,0.88,,,,,17.95,80.5,,173.0,,,,727.0,
2024-01-17 07:00:00,83.75,128.25,2.55,9.15,9.0,8.98,17.65,0.31,18.32,0.2,1.27,,,,,17.88,77.25,,187.75,,,,728.0,
2024-01-17 08:00:00,92.25,169.0,2.58,9.88,9.5,9.28,18.18,0.42,19.11,0.25,1.7,,,,,18.4,84.5,,181.5,,,,728.25,
2024-01-17 09:00:00,82.0,187.5,2.5,9.48,9.12,10.05,17.42,0.45,18.5,0.25,1.75,,,,,19.92,83.0,,171.75,,,,728.5,
2024-01-17 10:00:00,77.0,149.25,2.42,9.15,8.78,10.17,15.32,0.36,18.52,0.22,1.42,,,,,22.58,83.0,,164.5,,,,728.0,
2024-01-17 11:00:00,80.25,153.75,2.5,8.88,8.82,9.9,16.23,0.28,18.36,0.15,1.1,,,,,25.38,83.25,,163.25,,,,727.5,
2024-01-17 12:00:00,79.75,180.25,2.38,8.25,8.25,10.05,17.48,0.26,18.45,0.15,1.02,,,,,27.5,81.5,,160.0,,,,726.5,
2024-01-17 13:00:00,75.75,121.5,2.75,8.12,8.8,10.05,14.92,0.18,18.57,0.1,0.7,,,,,29.65,82.0,,195.0,,,,725.75,
2024-01-17 14:00:00,73.75,127.0,2.55,8.2,8.55,9.95,14.08,0.23,18.39,0.12,0.92,,,,,30.05,82.5,,169.25,,,,725.0,
2024-01-17 15:00:00,72.0,111.75,2.68,7.98,8.6,10.07,14.62,0.23,18.43,0.12,0.92,,,,,30.9,83.0,,186.25,,,,725.0,
2024-01-17 16:00:00,77.5,126.75,2.5,7.95,8.32,10.55,14.38,0.36,18.31,0.22,1.4,,,,,31.02,83.25,,182.5,,,,725.25,
2024-01-17 17:00:00,77.5,175.25,2.3,9.05,8.55,11.4,17.35,0.97,18.46,0.55,3.82,,,,,29.85,83.0,,197.0,,,,725.0,
2024-01-17 18:00:00,83.75,177.5,2.58,10.12,9.55,12.92,19.23,0.89,18.76,0.5,3.55,,,,,27.22,83.0,,162.25,,,,726.0,
2024-01-17 19:00:00,86.25,164.75,2.4,10.55,9.52,12.78,21.12,0.65,18.25,0.38,2.58,,,,,25.02,82.5,,137.25,,,,726.5,
2024-01-17 20:00:00,75.5,134.5,2.42,10.25,9.43,12.58,21.78,0.5,18.6,0.28,1.98,,,,,24.28,81.25,,159.5,,,,727.0,
2024-01-17 21:00:00,67.75,114.75,2.55,9.18,9.05,12.68,17.9,0.4,18.42,0.25,1.58,,,,,23.4,83.0,,134.75,,,,727.25,
2024-01-17 22:00:00,68.0,105.0,2.48,8.7,8.68,11.82,16.38,0.24,18.46,0.15,0.92,,,,,22.55,83.0,,148.0,,,,727.0,
2024-01-17 23:00:00,68.25,102.5,2.52,8.43,8.62,10.75,15.28,0.11,18.32,0.1,0.42,,,,,21.55,83.0,,152.5,,,,727.0,
2024-01-18 00:00:00,59.75,91.0,2.38,8.55,8.42,10.02,14.77,0.06,18.58,,0.22,,,,,20.7,82.25,,127.25,,,,727.0,
2024-01-18 01:00:00,56.25,75.25,2.58,8.57,8.73,9.38,16.82,0.02,18.28,,0.1,,,,,20.22,82.0,,141.25,,,,726.75,
2024-01-18 02:00:00,47.25,63.75,2.33,8.55,8.3,8.95,17.85,0.02,18.8,,0.1,,,,,19.52,82.25,,153.75,,,,726.25,
2024-01-18 03:00:00,47.0,64.75,2.33,8.25,8.22,8.62,16.8,0.02,18.38,,0.12,,,,,18.9,83.25,,106.75,,,,726.5,
2024-01-18 04:00:00,56.0,72.75,2.52,8.62,8.68,8.45,17.15,0.02,18.19,,0.13,,,,,18.5,81.75,,134.0,,,,726.0,
2024-01-18 05:00:00,66.75,82.25,2.45,8.38,8.48,8.68,16.98,0.07,18.52,0.1,0.3,,,,,18.15,82.75,,112.5,,,,727.0,
2024-01-18 06:00:00,73.0,89.5,2.18,8.3,7.95,8.93,15.55,0.08,18.45,0.1,0.32,,,,,17.9,83.0,,205.5,,,,727.25,
2024-01-18 07:00:00,79.5,117.5,2.45,8.2,8.35,9.15,15.05,0.18,18.46,0.1,0.7,,,,,17.62,83.0,,142.5,,,,728.0,
2024-01-18 08:00:00,90.0,163.0,2.48,8.3,8.48,9.82,18.55,0.33,18.6,0.2,1.3,,,,,18.02,82.5,,154.5,,,,729.0,
2024-01-18 09:00:00,91.0,146.75,2.32,8.45,8.33,10.25,27.35,0.26,18.71,0.15,1.05,,,,,19.58,82.0,,189.75,,,,729.0,
2024-01-18 10:00:00,92.75,151.75,2.52,8.48,8.6,10.07,34.9,0.11,18.81,0.1,0.45,,,,,21.9,82.25,,201.0,,,,729.0,
2024-01-18 11:00:00,89.0,149.0,2.45,8.57,8.62,9.38,32.8,0.08,18.98,0.1,0.32,,,,,24.22,82.75,,200.5,,,,728.5,
2024-01-18 12:00:00,85.5,218.75,2.33,8.5,8.3,9.07,26.08,0.1,18.11,0.1,0.4,,,,,26.38,80.0,,179.5,,,,727.75,
2024-01-18 13:00:00,74.75,175.0,2.58,8.85,8.9,9.52,21.45,0.15,18.44,0.1,0.57,,,,,28.4,82.25,,187.0,,,,726.75,
2024-01-18 14:00:00,71.25,92.75,2.45,8.45,8.5,9.48,20.98,0.06,18.1,0.1,0.33,,,,,29.4,79.5,,201.0,,,,726.0,
2024-01-18 15:00:00,62.5,97.75,2.45,8.3,8.4,9.32,19.77,0.2,18.45,0.12,0.8,,,,,29.85,81.75,,188.0,,,,726.0,
2024-01-18 16:00:00,63.5,102.0,2.28,8.48,8.18,10.35,17.88,0.19,18.43,0.17,0.73,,,,,30.08,83.25,,208.5,,,,726.0,
2024-01-18 17:00:00,70.5,126.75,2.48,8.4,8.48,9.93,19.52,0.14,18.61,0.15,0.55,,,,,29.05,83.0,,257.5,,,,726.0,
2024-01-18 18:00:00,78.0,229.5,2.5,8.75,8.75,11.02,18.88,1.28,18.66,0.7,5.1,,,,,27.18,83.0,,228.25,,,,726.75,
2024-01-18 19:00:00,103.5,385.75,2.5,12.02,10.5,13.1,23.75,1.68,18.72,0.92,6.68,,,,,24.35,82.75,,178.5,,,,727.0,
2024-01-18 20:00:00,90.5,178.0,2.65,13.65,11.55,13.92,23.32,0.67,18.35,0.4,2.6,,,,,23.3,82.25,,204.75,,,,727.25,
2024-01-18 21:00:00,67.25,133.5,2.42,11.8,10.2,14.22,22.4,0.54,18.38,0.32,2.17,,,,,23.12,82.0,,208.0,,,,728.0,
2024-01-18 22:00:00,69.75,126.0,2.28,11.52,9.85,12.78,24.25,0.32,18.28,0.2,1.27,,,,,22.48,76.75,,106.25,,,,728.25,
2024-01-18 23:00:00,57.0,99.0,2.3,10.9,9.6,10.6,7.7,0.31,18.39,0.2,1.2,,,,,21.73,78.67,,112.67,,,,727.5,
2024-01-19 00:00:00,,,2.45,10.62,9.57,10.28,11.5,0.15,19.34,0.1,0.57,,,,,20.85,82.5,,107.25,,,,727.67,
2024-01-19 01:00:00,43.0,71.0,2.52,9.55,9.2,9.6,13.78,0.13,18.23,0.1,0.5,,,,,20.25,82.0,,114.0,,,,727.0,
2024-01-19 02:00:00,42.0,66.25,2.3,9.3,8.65,9.1,16.58,0.1,18.44,0.1,0.43,,,,,19.65,82.5,,167.0,,,,727.25,
2024-01-19 03:00:00,38.5,51.5,2.52,8.88,8.78,8.78,17.65,0.12,18.42,0.1,0.5,,,,,19.05,83.25,,221.25,,,,727.0,
2024-01-19 04:00:00,37.0,49.25,2.55,8.75,8.8,8.55,18.08,0.12,18.56,0.1,0.5,,,,,18.58,83.0,,90.25,,,,727.0,
2024-01-19 05:00:00,36.25,51.0,2.55,8.65,8.72,8.8,18.3,0.17,18.45,0.1,0.68,,,,,18.48,80.75,,110.25,,,,727.0,
2024-01-19 06:00:00,36.25,65.75,2.58,8.75,8.85,8.85,16.95,0.23,18.62,0.15,0.95,,,,,18.4,82.25,,108.25,,,,727.75,
2024-01-19 07:00:00,46.25,81.0,2.4,8.68,8.5,9.25,15.38,0.3,18.64,0.2,1.23,,,,,18.45,83.0,,94.25,,,,728.5,
2024-01-19 08:00:00,57.75,108.5,2.3,9.35,8.78,9.75,14.52,0.48,18.52,0.28,1.9,,,,,18.9,82.75,,109.5,,,,729.0,
2024-01-19 09:00:00,63.75,130.25,2.3,9.75,8.92,9.98,15.75,0.57,18.56,0.32,2.28,,,,,20.45,82.0,,120.75,,,,729.25,
2024-01-19 10:00:00,65.5,134.25,2.48,9.35,9.05,10.25,21.28,0.48,18.4,0.28,1.92,,,,,23.28,82.5,,162.25,,,,729.0,
2024-01-19 11:00:00,64.0,126.0,2.45,8.9,8.7,10.35,21.3,0.31,18.45,0.2,1.2,,,,,25.9,83.0,,188.5,,,,729.0,
2024-01-19 12:00:00,,,,,,,,,,,,,,,,,,,,,,,,
2024-01-19 13:00:00,64.0,126.0,2.3,7.8,7.9,10.2,22.1,0.4,17.84,0.25,1.6,,,,,27.32,83.5,,166.25,,,,727.0,
2024-01-19 14:00:00,51.0,105.0,2.45,8.6,8.6,10.5,33.83,0.56,18.27,0.32,2.22,,,,,31.88,79.75,,152.0,,,,726.25,
2024-01-19 15:00:00,48.25,106.5,2.5,9.07,8.9,10.6,32.05,0.39,18.44,0.2,1.57,,,,,32.7,77.5,,124.25,,,,726.25,
2024-01-19 16:00:00,45.0,133.0,2.75,9.52,9.55,10.85,36.9,0.4,19.27,0.2,1.58,,,,,32.12,85.0,,161.0,,,,726.0,
2024-01-19 17:00:00,60.25,192.5,2.58,9.85,9.43,12.02,33.72,0.58,18.34,0.3,2.33,,,,,29.88,83.5,,117.5,,,,726.0,
2024-01-19 18:00:00,63.75,172.5,2.52,11.08,10.02,13.1,37.02,0.83,18.55,0.48,3.28,,,,,27.6,83.0,,115.25,,,,726.75,
2024-01-19 19:00:00,72.0,171.0,2.63,9.7,9.43,14.3,13.67,0.78,17.84,0.43,3.1,,,,,25.35,83.0,,104.75,,,,727.0,
2024-01-19 20:00:00,61.0,137.0,2.5,9.48,9.1,13.3,11.52,0.57,18.58,0.3,2.28,,,,,24.62,82.0,,123.5,,,,728.0,
2024-01-19 21:00:00,62.75,131.75,2.28,8.93,8.45,12.05,11.7,0.46,18.28,0.28,1.8,,,,,23.45,80.75,,116.0,,,,728.25,
2024-01-19 22:00:00,70.5,113.5,2.4,8.78,8.6,11.0,11.62,0.39,18.24,0.22,1.55,,,,,22.17,81.5,,113.25,,,,728.0,
2024-01-19 23:00:00,75.75,103.0,2.6,8.4,8.7,10.3,14.38,0.3,18.64,0.18,1.18,,,,,21.32,83.0,,127.25,,,,728.0,
2024-01-20 00:00:00,67.25,92.75,2.52,8.45,8.62,9.88,9.4,0.25,18.55,0.12,1.0,,,,,20.68,82.5,,123.5,,,,728.33,
2024-01-20 01:00:00,62.75,87.25,2.32,8.45,8.28,9.22,14.82,0.23,18.83,0.1,0.9,,,,,20.23,82.5,,111.75,,,,727.75,
2024-01-20 02:00:00,64.0,82.0,2.55,8.38,8.62,8.85,18.02,0.22,18.75,0.1,0.88,,,,,19.95,83.0,,116.5,,,,727.5,
2024-01-20 03:00:00,61.75,80.25,2.45,8.32,8.45,8.52,18.15,0.22,18.43,0.1,0.82,,,,,19.65,83.0,,123.0,,,,727.5,
2024-01-20 04:00:00,62.5,77.0,2.52,8.6,8.7,8.6,17.6,0.22,18.18,0.1,0.85,,,,,19.12,79.5,,109.25,,,,728.25,
2024-01-20 05:00:00,57.5,82.25,2.48,9.07,8.82,8.62,17.52,0.28,18.57,0.18,1.1,,,,,18.85,77.75,,93.75,,,,728.25,
2024-01-20 06:00:00,59.25,81.25,2.52,8.65,8.7,8.65,17.45,0.29,18.56,0.2,1.18,,,,,18.65,80.5,,93.75,,,,729.0,
2024-01-20 07:00:00,68.5,93.75,2.6,8.38,8.68,9.02,16.3,0.46,18.67,0.25,1.83,,,,,18.48,82.0,,130.25,,,,729.75,
2024-01-20 08:00:00,66.5,141.5,2.55,8.22,8.5,9.48,15.62,0.49,18.89,0.28,1.92,,,,,18.9,83.0,,144.5,,,,730.5,
2024-01-20 09:00:00,64.75,197.25,2.5,9.4,9.02,9.88,19.08,0.56,18.84,0.3,2.17,,,,,21.15,82.0,,129.0,,,,730.5,
2024-01-20 10:00:00,63.25,169.0,2.45,9.3,8.95,10.25,20.42,0.61,19.01,0.35,2.4,,,,,24.25,82.75,,142.75,,,,730.5,
2024-01-20 11:00:00,61.0,163.0,2.45,9.15,8.85,10.65,15.53,0.5,17.48,0.3,1.95,,,,,27.5,83.0,,155.67,,,,729.67,
2024-01-20 12:00:00,53.0,113.0,2.42,8.93,8.72,11.05,18.13,0.45,18.28,0.25,1.8,,,,,29.32,81.5,,144.5,,,,729.0,
2024-01-20 13:00:00,52.0,108.75,2.3,8.35,8.22,10.75,21.3,0.49,18.71,0.28,1.95,,,,,30.72,77.25,,162.25,,,,728.25,
2024-01-20 14:00:00,51.25,105.0,2.42,8.25,8.32,10.02,19.85,0.5,18.52,0.28,1.95,,,,,31.22,81.75,,146.25,,,,727.75,
2024-01-20 15:00:00,57.75,147.75,2.6,8.17,8.57,10.82,17.62,0.5,18.44,0.28,1.95,,,,,31.68,83.0,,171.0,,,,727.0,
2024-01-20 16:00:00,58.5,191.25,2.35,8.2,8.18,11.15,17.77,0.6,18.6,0.35,2.35,,,,,31.52,83.25,,171.0,,,,727.25,
2024-01-20 17:00:00,65.5,217.5,2.4,8.3,8.28,11.02,19.48,0.74,18.39,0.42,2.92,,,,,29.95,82.75,,188.0,,,,727.0,
2024-01-20 18:00:00,73.5,304.5,2.42,9.0,8.75,11.8,22.72,1.08,19.08,0.6,4.28,,,,,27.83,83.0,,161.25,,,,727.0,
2024-01-20 19:00:00,71.25,201.0,2.32,9.32,8.75,11.85,24.25,0.72,18.66,0.4,2.9,,,,,25.3,83.0,,142.0,,,,728.0,
2024-01-20 20:00:00,59.75,118.5,2.45,9.6,9.1,11.4,23.02,0.82,18.12,0.45,3.22,,,,,24.42,81.75,,130.5,,,,728.25,
2024-01-20 21:00:00,61.0,113.25,2.5,9.4,9.02,11.4,23.3,0.63,18.0,0.35,2.45,,,,,23.28,78.75,,127.25,,,,729.25,
2024-01-20 22:00:00,60.75,105.75,2.58,9.78,9.38,10.32,22.68,0.52,18.81,0.3,2.08,,,,,22.15,78.75,,100.0,,,,729.25,
2024-01-20 23:00:00,43.75,84.25,2.25,9.4,8.65,9.93,19.85,0.43,18.51,0.23,1.7,,,,,21.48,82.5,,95.75,,,,729.5,
2024-01-21 00:00:00,48.5,69.0,2.25,8.48,8.2,9.83,20.13,0.16,18.57,0.1,0.62,,,,,20.65,82.5,,133.75,,,,729.0,
2024-01-21 01:00:00,47.25,74.25,2.35,8.07,8.12,9.45,15.5,0.14,18.26,0.1,0.57,,,,,20.1,82.5,,113.25,,,,728.5,
2024-01-21 02:00:00,49.0,71.75,2.48,8.48,8.5,8.95,16.48,0.12,18.94,0.1,0.5,,,,,19.68,82.25,,111.0,,,,728.25,
2024-01-21 03:00:00,52.75,71.75,2.55,8.3,8.57,8.62,18.0,0.12,18.66,0.1,0.5,,,,,19.25,83.25,,98.0,,,,728.0,
2024-01-21 04:00:00,52.5,72.75,2.6,8.52,8.75,8.43,17.48,0.12,18.24,0.1,0.5,,,,,19.03,82.75,,131.5,,,,728.25,
2024-01-21 05:00:00,48.75,70.25,2.45,8.62,8.6,8.5,17.3,0.13,17.71,0.1,0.52,,,,,18.75,80.5,,237.75,,,,729.0,
2024-01-21 06:00:00,57.0,77.5,2.5,8.68,8.62,8.68,16.88,0.19,18.4,0.1,0.77,,,,,18.55,76.75,,204.75,,,,729.25,
2024-01-21 07:00:00,52.75,102.75,2.52,8.5,8.6,8.7,17.55,0.21,18.61,0.1,0.8,,,,,18.55,81.5,,144.75,,,,729.5,
2024-01-21 08:00:00,67.5,178.5,2.55,8.8,8.85,9.2,14.98,0.27,18.95,0.2,1.07,,,,,19.35,82.75,,198.75,,,,730.0,
2024-01-21 09:00:00,70.0,269.5,2.32,8.8,8.43,9.7,15.58,0.3,18.25,0.18,1.23,,,,,21.2,82.0,,119.75,,,,730.0,
2024-01-21 10:00:00,74.25,267.0,2.32,8.55,8.43,9.93,18.18,0.28,18.62,0.18,1.1,,,,,24.38,82.5,,147.75,,,,730.0,
2024-01-21 11:00:00,74.75,277.25,2.42,8.28,8.38,9.93,20.18,0.25,18.61,0.15,1.0,,,,,27.35,83.0,,147.25,,,,729.0,
2024-01-21 12:00:00,61.5,202.75,2.45,8.3,8.43,9.88,20.72,0.21,18.24,0.1,0.8,,,,,29.85,82.25,,117.75,,,,728.75,
2024-01-21 13:00:00,52.75,109.75,2.55,8.25,8.5,9.48,19.0,0.1,18.36,0.1,0.4,,,,,31.32,81.25,,203.75,,,,727.75,
2024-01-21 14:00:00,57.25,131.25,2.7,8.55,8.95,9.28,17.25,0.18,18.48,0.12,0.7,,,,,31.25,83.0,,169.25,,,,727.0,
2024-01-21 15:00:00,55.25,138.75,2.5,8.17,8.4,9.9,15.95,0.15,18.4,0.1,0.57,,,,,32.55,83.0,,189.25,,,,726.25,
2024-01-21 16:00:00,58.25,162.5,2.58,7.95,8.4,10.28,16.55,0.26,18.79,0.15,1.0,,,,,32.28,83.25,,173.0,,,,726.75,
2024-01-21 17:00:00,63.75,190.5,2.5,8.32,8.55,11.18,18.62,0.67,18.74,0.4,2.65,,,,,31.42,83.0,,248.5,,,,726.75,
2024-01-21 18:00:00,73.75,266.0,2.8,9.9,9.8,13.5,23.88,1.38,18.23,0.78,5.45,,,,,28.88,81.5,,188.5,,,,727.25,
2024-01-21 19:00:00,115.0,578.0,3.05,13.35,12.05,16.75,11.7,1.27,17.9,0.7,5.0,,,,,24.87,82.0,,173.33,,,,727.5,
2024-01-21 20:00:00,75.0,138.0,2.48,13.6,11.3,17.05,13.85,0.71,18.53,0.4,2.8,,,,,23.8,82.25,,121.25,,,,728.0,
2024-01-21 21:00:00,68.25,123.25,2.48,11.48,10.07,14.58,13.9,0.43,18.22,0.25,1.7,,,,,24.17,83.0,,148.25,,,,729.0,
2024-01-21 22:00:00,46.25,77.75,2.48,10.0,9.38,12.65,10.7,0.4,18.8,0.22,1.58,,,,,23.25,83.0,,124.0,,,,729.75,
2024-01-21 23:00:00,40.75,72.5,2.48,9.45,9.02,11.48,11.15,0.38,18.54,0.22,1.5,,,,,22.25,82.5,,113.25,,,,729.5,
2024-01-22 00:00:00,40.75,64.0,2.48,9.28,8.98,10.45,11.53,0.26,18.72,0.18,1.05,,,,,21.32,82.75,,105.5,,,,729.33,
2024-01-22 01:00:00,41.25,51.0,2.45,9.3,8.9,9.57,12.45,0.2,18.95,0.1,0.75,,,,,20.68,82.75,,101.25,,,,728.75,
2024-01-22 02:00:00,36.25,48.25,2.45,8.95,8.75,8.85,13.4,0.16,18.22,0.1,0.65,,,,,20.2,81.75,,113.25,,,,728.25,
2024-01-22 03:00:00,37.25,49.25,2.4,8.65,8.57,8.52,13.12,0.18,18.39,0.1,0.7,,,,,19.8,82.0,,152.25,,,,728.25,
2024-01-22 04:00:00,38.0,50.25,2.58,8.35,8.57,8.48,10.58,0.17,18.52,0.1,0.7,,,,,19.48,83.0,,226.25,,,,728.25,
2024-01-22 05:00:00,38.0,51.0,,9.3,6.2,8.3,,,19.42,,,,,,,19.45,83.0,,208.0,,,,,
2024-01-22 06:00:00,54.0,92.0,2.28,8.28,8.12,8.75,25.98,0.35,18.88,0.22,1.4,,,,,19.45,83.0,,173.75,,,,729.25,
2024-01-22 07:00:00,57.5,109.75,2.6,8.12,8.55,9.43,26.2,0.55,18.59,0.32,2.17,,,,,19.45,82.75,,186.75,,,,729.75,
2024-01-22 08:00:00,68.75,157.5,2.5,8.65,8.72,9.95,27.3,0.73,18.52,0.43,2.9,,,,,20.27,82.5,,155.5,,,,730.5,
2024-01-22 09:00:00,65.5,143.0,2.65,9.12,9.15,10.22,29.52,0.82,18.5,0.45,3.22,,,,,22.22,83.0,,152.75,,,,730.0,
2024-01-22 10:00:00,50.75,151.25,2.6,9.32,9.22,10.95,30.1,0.65,18.33,0.35,2.58,,,,,25.5,82.5,,163.5,,,,730.5,
2024-01-22 11:00:00,53.5,150.0,2.52,8.82,8.8,10.78,28.95,0.55,17.88,0.32,2.17,,,,,28.4,81.75,,130.75,,,,730.25,
2024-01-22 12:00:00,45.75,122.25,2.65,8.52,8.82,10.9,28.78,0.56,18.52,0.32,2.22,,,,,30.28,82.75,,145.25,,,,729.25,
2024-01-22 13:00:00,44.75,110.5,2.55,8.68,8.75,10.6,28.95,0.53,18.4,0.32,2.12,,,,,31.58,83.0,,140.75,,,,728.25,
2024-01-22 14:00:00,46.0,118.5,2.58,8.12,8.55,10.75,28.38,0.51,18.52,0.3,2.02,,,,,32.28,83.0,,167.25,,,,728.0,
2024-01-22 15:00:00,50.25,138.5,2.45,7.75,8.12,10.45,26.65,0.45,18.52,0.28,1.75,,,,,32.7,83.5,,171.5,,,,727.25,
2024-01-22 16:00:00,46.25,114.75,2.32,8.05,8.07,10.5,30.42,0.67,18.39,0.35,2.65,,,,,32.33,83.0,,175.75,,,,727.5,
2024-01-22 17:00:00,50.0,120.0,2.55,8.3,8.6,11.3,30.75,0.77,18.52,0.4,3.05,,,,,32.1,83.0,,203.5,,,,728.0,
2024-01-22 18:00:00,50.0,120.0,2.0,8.4,7.8,12.0,19.8,0.55,20.1,0.3,2.2,,,,,30.1,84.5,,114.0,,,,728.0,
2024-01-22 19:00:00,,,2.43,8.53,8.53,12.23,27.07,0.85,19.13,0.47,3.37,,,,,26.1,82.0,,131.33,,,,728.33,
2024-01-22 20:00:00,71.0,137.0,2.53,8.23,8.53,11.63,17.85,0.49,19.37,0.3,1.97,,,,,25.0,81.67,,121.33,,,,729.0,
2024-01-22 21:00:00,46.0,107.0,2.5,8.72,8.7,11.5,17.68,0.48,18.41,0.3,1.9,,,,,24.05,83.0,,116.5,,,,729.0,
2024-01-22 22:00:00,46.75,99.25,2.42,8.65,8.57,10.7,17.68,0.45,18.18,0.28,1.75,,,,,22.78,83.0,,97.25,,,,729.5,
2024-01-22 23:00:00,49.0,73.0,2.4,8.72,8.57,10.0,21.38,0.36,18.56,0.2,1.43,,,,,21.9,83.0,,95.0,,,,729.25,
2024-01-23 00:00:00,47.5,64.5,2.38,8.7,8.52,9.57,20.27,0.14,18.4,0.1,0.57,,,,,21.18,82.75,,99.25,,,,729.67,
2024-01-23 01:00:00,43.25,64.75,2.52,8.72,8.72,9.18,16.45,0.1,18.59,0.1,0.45,,,,,20.7,82.5,,113.5,,,,729.0,
2024-01-23 02:00:00,43.5,61.5,2.32,8.78,8.5,8.88,18.35,0.09,18.65,0.1,0.38,,,,,20.32,82.5,,111.75,,,,728.75,
2024-01-23 03:00:00,41.5,62.5,2.52,8.48,8.62,8.7,18.45,0.06,18.66,,0.25,,,,,19.98,83.0,,186.25,,,,729.25,
2024-01-23 04:00:00,41.25,60.25,2.55,8.68,8.75,8.6,19.38,0.06,18.47,,0.2,,,,,19.45,82.75,,199.0,,,,729.0,
2024-01-23 05:00:00,45.25,59.25,2.55,8.6,8.73,8.8,20.05,0.06,18.44,,0.22,,,,,19.0,80.0,,195.5,,,,729.0,
2024-01-23 06:00:00,46.5,68.0,2.52,8.98,8.9,8.52,21.32,0.14,18.78,0.1,0.57,,,,,18.75,80.5,,199.5,,,,729.25,
2024-01-23 07:00:00,49.5,92.5,2.6,8.6,8.8,9.28,18.73,0.29,18.44,0.18,1.12,,,,,17.95,83.0,,183.5,,,,729.5,
2024-01-23 08:00:00,56.75,124.0,2.4,8.93,8.68,10.55,19.35,0.46,18.32,0.3,1.82,,,,,18.58,82.5,,134.0,,,,730.25,
2024-01-23 09:00:00,59.5,127.5,2.28,9.1,8.6,10.82,20.48,0.5,18.56,0.3,2.0,,,,,21.75,82.0,,113.75,,,,730.75,
2024-01-23 10:00:00,46.75,120.5,2.5,9.35,9.05,10.98,22.48,0.45,18.53,0.28,1.82,,,,,25.02,82.5,,137.25,,,,730.25,
2024-01-23 11:00:00,54.75,138.75,2.55,9.0,8.95,11.08,22.18,0.31,19.1,0.2,1.25,,,,,27.8,83.0,,148.25,,,,730.0,
2024-01-23 12:00:00,46.75,109.25,2.38,8.5,8.35,10.8,23.22,0.32,18.52,0.2,1.23,,,,,29.9,81.75,,140.0,,,,728.75,
2024-01-23 13:00:00,51.25,110.25,2.33,8.6,8.3,10.73,23.58,0.27,18.27,0.15,1.08,,,,,31.05,78.0,,135.0,,,,728.0,
2024-01-23 14:00:00,51.25,104.25,2.38,8.7,8.5,10.48,22.3,0.36,18.45,0.2,1.42,,,,,32.0,81.25,,145.0,,,,727.0,
2024-01-23 15:00:00,56.25,109.75,2.45,8.62,8.55,11.4,19.25,0.33,18.43,0.18,1.32,,,,,32.65,82.5,,145.5,,,,727.0,
2024-01-23 16:00:00,51.5,108.0,2.38,8.28,8.28,11.5,18.88,0.33,18.9,0.17,1.3,,,,,32.47,83.5,,139.0,,,,726.0,
2024-01-23 17:00:00,56.5,125.75,2.52,8.5,8.6,12.48,21.72,0.55,18.45,0.35,2.2,,,,,30.98,83.0,,135.0,,,,727.0,
2024-01-23 18:00:00,65.5,160.5,2.45,8.45,8.52,13.22,25.5,0.61,18.63,0.32,2.42,,,,,28.62,83.0,,179.5,,,,727.25,
2024-01-23 19:00:00,59.5,149.75,2.6,9.15,9.07,13.12,25.65,0.52,18.48,0.32,2.08,,,,,26.0,83.0,,157.75,,,,727.75,
2024-01-23 20:00:00,54.0,117.0,2.45,9.32,8.95,12.18,24.62,0.37,18.38,0.2,1.48,,,,,24.8,82.75,,169.0,,,,728.25,
2024-01-23 21:00:00,52.0,100.0,2.58,9.15,9.05,11.55,23.8,0.35,18.59,0.2,1.4,,,,,23.65,81.75,,146.25,,,,728.25,
2024-01-23 22:00:00,54.75,93.25,2.58,8.75,8.85,11.02,20.88,0.2,18.48,0.1,0.78,,,,,22.7,83.0,,142.25,,,,728.5,
2024-01-23 23:00:00,51.25,87.0,2.32,8.55,8.35,10.32,19.45,0.1,18.49,0.1,0.38,,,,,21.88,83.0,,155.25,,,,728.25,
2024-01-24 00:00:00,44.25,72.0,2.5,8.02,8.32,9.82,20.4,0.04,18.62,,0.2,,,,,21.08,83.0,,163.25,,,,729.0,
2024-01-24 01:00:00,45.5,62.25,2.45,8.4,8.43,9.4,15.0,0.04,17.99,,0.2,,,,,20.58,82.25,,149.25,,,,728.0,
2024-01-24 02:00:00,38.0,58.25,2.4,8.5,8.45,8.93,13.42,0.05,18.69,,0.2,,,,,20.08,82.75,,176.0,,,,728.25,
2024-01-24 03:00:00,40.5,55.0,2.48,8.4,8.45,8.55,13.0,0.06,18.41,,0.2,,,,,19.65,83.25,,169.0,,,,728.0,
2024-01-24 04:00:00,48.75,60.25,2.4,8.45,8.4,8.43,14.2,0.06,18.18,,0.2,,,,,19.4,82.75,,161.25,,,,728.25,
2024-01-24 05:00:00,56.25,68.5,2.3,8.62,8.32,8.45,14.6,0.09,18.45,0.1,0.38,,,,,19.05,82.25,,157.25,,,,728.0,
2024-01-24 06:00:00,71.5,105.75,2.4,8.45,8.43,8.88,13.48,0.16,18.5,0.1,0.62,,,,,18.82,82.75,,171.25,,,,728.25,
2024-01-24 07:00:00,70.25,132.25,2.28,9.0,8.5,9.55,11.22,0.26,18.32,0.15,1.02,,,,,18.65,83.0,,170.5,,,,729.0,
2024-01-24 08:00:00,73.0,156.0,2.48,8.6,8.6,10.42,12.48,0.34,18.6,0.18,1.32,,,,,19.18,82.75,,162.0,,,,729.5,
2024-01-24 09:00:00,80.5,149.0,2.45,8.7,8.65,10.6,19.7,0.54,18.25,0.3,2.15,,,,,20.9,82.5,,168.75,,,,730.25,
2024-01-24 10:00:00,81.0,152.0,2.35,8.9,8.57,10.62,24.9,0.29,18.67,0.15,1.12,,,,,23.18,82.5,,191.75,,,,730.25,
2024-01-24 11:00:00,66.75,116.0,2.5,8.72,8.72,10.02,21.8,0.12,18.67,0.1,0.45,,,,,24.85,83.0,,193.0,,,,729.5,
2024-01-24 12:00:00,58.25,109.5,2.4,8.8,8.62,9.3,16.95,0.14,18.04,0.1,0.52,,,,,26.33,81.75,,212.5,,,,728.75,
2024-01-24 13:00:00,52.0,86.5,2.2,8.85,8.28,9.35,16.85,0.15,18.1,0.1,0.6,,,,,28.72,75.5,,196.25,,,,728.0,
2024-01-24 14:00:00,49.5,93.25,2.52,8.77,8.78,8.95,12.28,0.24,18.84,0.15,0.95,,,,,29.78,74.75,,186.0,,,,727.25,
2024-01-24 15:00:00,50.5,129.0,2.58,9.0,9.0,8.65,13.92,0.14,18.81,0.1,0.6,,,,,30.78,81.5,,241.75,,,,726.25,
2024-01-24 16:00:00,52.25,87.75,2.38,8.85,8.52,8.98,12.8,0.18,18.6,0.1,0.7,,,,,30.22,83.25,,234.0,,,,726.5,
2024-01-24 17:00:00,66.25,159.5,2.25,8.5,8.22,9.55,12.28,0.46,18.39,0.28,1.85,,,,,29.4,83.0,,210.0,,,,727.25,
2024-01-24 18:00:00,82.25,330.0,2.4,8.72,8.55,11.1,16.05,1.34,18.62,0.75,5.3,,,,,27.65,83.0,,187.0,,,,727.0,
2024-01-24 19:00:00,90.25,326.75,2.62,10.75,9.98,13.05,19.77,1.03,18.46,0.57,4.08,,,,,24.92,83.0,,189.75,,,,728.0,
2024-01-24 20:00:00,82.5,169.5,2.65,10.6,9.93,12.8,20.38,0.57,18.33,0.32,2.22,,,,,24.38,82.5,,175.75,,,,728.0,
2024-01-24 21:00:00,76.25,150.5,2.72,9.32,9.38,12.65,16.85,0.45,18.38,0.25,1.75,,,,,24.15,82.75,,137.25,,,,729.0,
2024-01-24 22:00:00,79.5,123.5,2.42,8.72,8.62,11.7,16.4,0.35,18.38,0.2,1.38,,,,,23.38,82.25,,137.5,,,,729.0,
2024-01-24 23:00:00,80.5,118.5,2.48,8.58,8.6,10.72,19.3,0.2,18.0,0.1,0.8,,,,,22.17,80.0,,136.75,,,,728.5,
2024-01-25 00:00:00,81.5,110.5,2.48,8.8,8.72,9.38,24.43,0.16,19.01,0.1,0.65,,,,,21.35,80.0,,160.25,,,,729.0,
2024-01-25 01:00:00,62.25,89.0,2.58,8.52,8.75,8.72,15.68,0.15,18.95,0.1,0.55,,,,,20.78,83.0,,154.75,,,,728.75,
2024-01-25 02:00:00,62.0,79.75,2.4,8.8,8.57,8.7,11.7,0.14,18.03,0.1,0.5,,,,,20.3,82.75,,160.5,,,,728.25,
2024-01-25 03:00:00,55.0,68.0,2.2,8.72,8.22,8.55,12.15,0.11,18.77,0.1,0.48,,,,,19.98,83.0,,169.5,,,,728.0,
2024-01-25 04:00:00,44.0,61.75,2.4,8.43,8.38,8.5,13.85,0.1,18.43,0.1,0.38,,,,,19.9,83.0,,173.5,,,,728.0,
2024-01-25 05:00:00,48.5,66.0,2.6,8.38,8.68,8.6,13.95,0.11,18.15,0.1,0.45,,,,,19.8,81.5,,157.75,,,,728.5,
2024-01-25 06:00:00,55.75,83.75,2.42,8.5,8.48,8.75,15.1,0.18,18.54,0.1,0.72,,,,,19.52,82.75,,161.75,,,,729.0,
2024-01-25 07:00:00,71.25,131.75,2.42,8.32,8.45,9.38,17.15,0.29,18.03,0.18,1.12,,,,,19.78,80.25,,172.5,,,,729.25,
2024-01-25 08:00:00,88.75,232.25,2.38,8.6,8.5,9.57,26.0,0.44,19.03,0.25,1.72,,,,,20.6,79.75,,181.75,,,,730.0,
2024-01-25 09:00:00,77.75,216.5,2.25,9.0,8.48,9.65,18.82,0.48,18.92,0.3,1.9,,,,,22.12,83.0,,190.5,,,,730.5,
2024-01-25 10:00:00,80.0,336.5,2.4,8.85,8.6,9.6,17.2,0.27,18.68,0.12,1.1,,,,,24.45,83.0,,191.25,,,,730.25,
2024-01-25 11:00:00,70.5,325.25,2.3,8.68,8.35,9.2,16.2,0.28,18.69,0.15,1.1,,,,,26.35,83.0,,187.0,,,,730.0,
2024-01-25 12:00:00,69.0,305.0,2.85,7.85,8.85,9.3,15.6,0.47,19.71,0.25,1.85,,,,,28.63,84.5,,165.0,,,,729.0,
2024-01-25 13:00:00,64.0,93.0,2.6,8.07,8.52,10.1,18.95,0.52,17.92,0.32,2.08,,,,,30.02,79.0,,152.75,,,,728.25,
2024-01-25 14:00:00,63.0,120.0,2.5,8.57,8.65,10.12,20.15,0.28,18.58,0.17,1.17,,,,,30.58,76.25,,171.5,,,,727.75,
2024-01-25 15:00:00,60.25,179.25,2.62,8.38,8.75,10.8,21.1,0.21,18.5,0.13,0.83,,,,,31.2,81.75,,162.75,,,,727.25,
2024-01-25 16:00:00,61.0,114.0,2.4,8.4,8.35,11.55,24.9,0.42,18.1,0.25,1.65,,,,,31.5,77.5,,120.5,,,,727.5,
2024-01-25 17:00:00,61.0,114.0,1.1,9.6,6.9,10.6,16.6,0.72,17.6,0.4,2.85,,,,,31.5,78.67,,114.0,,,,728.0,
2024-01-25 18:00:00,,,,,,,,,,,,,,,,,,,,,,,,
2024-01-25 19:00:00,,,,,,,,,,,,,,,,,,,,,,,,
2024-01-25 20:00:00,,,,,,,,,,,,,,,,,,,,,,,,
2024-01-25 21:00:00,,,,,,,,,,,,,,,,,,,,,,,,
2024-01-25 22:00:00,,,,,,,,,,,,,,,,,,,,,,,,
2024-01-25 23:00:00,,,,,,,,,,,,,,,,,,,,,,,,
2024-01-26 00:00:00,,,,,,,,,,,,,,,,,,,,,,,,
2024-01-26 01:00:00,,,,,,,,,,,,,,,,,,,,,,,,
2024-01-26 02:00:00,,,,,,,,,,,,,,,,,,,,,,,,
2024-01-26 03:00:00,,,,,,,,,,,,,,,,,,,,,,,,
2024-01-26 04:00:00,,,,,,,,,,,,,,,,,,,,,,,,
2024-01-26 05:00:00,,,,,,,,,,,,,,,,,,,,,,,,
2024-01-26 06:00:00,,,,,,,,,,,,,,,,,,,,,,,,
2024-01-26 07:00:00,,,,,,,,,,,,,,,,,,,,,,,,
2024-01-26 08:00:00,,,,,,,,,,,,,,,,,,,,,,,,
2024-01-26 09:00:00,,,,,,,,,,,,,,,,,,,,,,,,
2024-01-26 10:00:00,,,,,,,,,,,,,,,,,,,,,,,,
2024-01-26 11:00:00,,,,,,,,,,,,,,,,,,,,,,,,
2024-01-26 12:00:00,,,,,,,,,,,,,,,,,,,,,,,,
2024-01-26 13:00:00,,,,,,,,,,,,,,,,,,,,,,,,
2024-01-26 14:00:00,,,,,,,,,,,,,,,,,,,,,,,,
2024-01-26 15:00:00,,,,,,,,,,,,,,,,,,,,,,,,
2024-01-26 16:00:00,,,,,,,,,,,,,,,,,,,,,,,,
2024-01-26 17:00:00,,,,,,,,,,,,,,,,,,,,,,,,
2024-01-26 18:00:00,,,,,,,,,,,,,,,,,,,,,,,,
2024-01-26 19:00:00,,,,,,,,,,,,,,,,,,,,,,,,
2024-01-26 20:00:00,,,,,,,,,,,,,,,,,,,,,,,,
2024-01-26 21:00:00,,,,,,,,,,,,,,,,,,,,,,,,
2024-01-26 22:00:00,,,,,,,,,,,,,,,,,,,,,,,,
2024-01-26 23:00:00,,,,,,,,,,,,,,,,,,,,,,,,
2024-01-27 00:00:00,,,,,,,,,,,,,,,,,,,,,,,,
2024-01-27 01:00:00,,,,,,,,,,,,,,,,,,,,,,,,
2024-01-27 02:00:00,,,,,,,,,,,,,,,,,,,,,,,,
2024-01-27 03:00:00,,,,,,,,,,,,,,,,,,,,,,,,
2024-01-27 04:00:00,,,,,,,,,,,,,,,,,,,,,,,,
2024-01-27 05:00:00,,,,,,,,,,,,,,,,,,,,,,,,
2024-01-27 06:00:00,,,,,,,,,,,,,,,,,,,,,,,,
2024-01-27 07:00:00,,,,,,,,,,,,,,,,,,,,,,,,
2024-01-27 08:00:00,,,,,,,,,,,,,,,,,,,,,,,,
2024-01-27 09:00:00,,,,,,,,,,,,,,,,,,,,,,,,
2024-01-27 10:00:00,,,,,,,,,,,,,,,,,,,,,,,,
2024-01-27 11:00:00,,,,,,,,,,,,,,,,,,,,,,,,
2024-01-27 12:00:00,28.0,82.0,2.3,8.9,8.5,10.3,14.3,0.3,18.91,0.2,1.2,,,,,29.5,83.0,,129.0,,,,730.0,
2024-01-27 13:00:00,29.75,81.75,2.45,8.78,8.7,10.4,15.6,0.36,18.6,0.2,1.42,,,,,29.62,83.0,,116.75,,,,729.5,
2024-01-27 14:00:00,34.0,81.75,2.52,8.95,8.88,10.72,16.65,0.36,18.02,0.2,1.42,,,,,30.35,80.5,,127.25,,,,729.0,
2024-01-27 15:00:00,30.0,82.5,2.35,8.72,8.45,10.72,16.65,0.37,18.24,0.2,1.43,,,,,31.5,75.0,,145.5,,,,728.25,
2024-01-27 16:00:00,27.75,86.0,2.52,9.45,9.12,10.85,19.05,0.4,18.62,0.23,1.6,,,,,31.5,80.5,,145.75,,,,728.25,
2024-01-27 17:00:00,33.75,131.5,2.48,10.0,9.35,12.08,18.58,0.4,18.4,0.25,1.58,,,,,30.08,82.5,,141.0,,,,728.5,
2024-01-27 18:00:00,48.75,199.0,2.42,9.8,9.2,12.58,16.05,0.38,18.74,0.22,1.48,,,,,27.65,83.0,,140.75,,,,729.0,
2024-01-27 19:00:00,54.75,182.75,2.42,9.9,9.25,12.28,18.15,0.54,18.72,0.3,2.15,,,,,24.78,82.75,,123.75,,,,729.75,
2024-01-27 20:00:00,40.5,103.25,2.62,10.12,9.65,11.72,20.68,0.43,18.86,0.25,1.68,,,,,23.62,82.75,,120.25,,,,730.0,
2024-01-27 21:00:00,45.25,89.5,2.5,10.75,9.82,11.22,18.42,0.29,18.87,0.15,1.12,,,,,22.88,82.75,,133.0,,,,730.5,
2024-01-27 22:00:00,44.5,80.25,2.45,9.98,9.25,10.8,17.75,0.12,18.31,0.1,0.45,,,,,21.98,82.25,,137.75,,,,730.5,
2024-01-27 23:00:00,37.0,72.0,2.55,8.75,8.78,10.45,14.45,0.08,18.64,0.1,0.3,,,,,21.2,82.75,,120.25,,,,730.25,
2024-01-28 00:00:00,32.0,60.0,2.45,8.45,8.48,9.72,14.93,0.02,18.56,,0.1,,,,,20.72,83.0,,136.0,,,,730.67,
2024-01-28 01:00:00,42.0,50.5,2.3,8.18,8.1,9.18,10.92,0.02,18.48,,0.1,,,,,20.08,83.0,,136.5,,,,730.25,
2024-01-28 02:00:00,37.75,49.0,2.35,8.18,8.15,8.88,10.5,,19.02,,,,,,,19.62,83.0,,138.5,,,,729.75,
2024-01-28 03:00:00,40.0,45.25,2.45,8.18,8.35,8.57,13.15,,18.3,,,,,,,19.27,82.5,,137.5,,,,729.25,
2024-01-28 04:00:00,30.25,34.75,2.4,8.62,8.48,8.43,13.82,,18.16,,,,,,,18.85,83.25,,131.0,,,,729.0,
2024-01-28 05:00:00,29.5,40.75,2.5,8.4,8.52,8.33,13.42,,18.52,,,,,,,18.6,83.25,,136.0,,,,729.75,
2024-01-28 06:00:00,34.75,54.5,2.38,8.65,8.45,8.48,12.85,0.06,18.18,,0.2,,,,,18.2,82.5,,137.0,,,,730.25,
2024-01-28 07:00:00,36.5,73.5,2.55,8.75,8.85,8.72,12.38,0.05,18.35,,0.2,,,,,18.05,82.0,,170.25,,,,730.5,
2024-01-28 08:00:00,35.5,108.75,2.55,8.57,8.72,9.0,10.98,0.08,18.38,0.1,0.35,,,,,18.8,83.0,,124.5,,,,731.25,
2024-01-28 09:00:00,38.0,129.25,2.45,8.6,8.52,9.28,10.55,0.05,18.37,,0.25,,,,,20.3,83.0,,133.75,,,,731.25,
2024-01-28 10:00:00,39.5,169.0,2.52,8.48,8.62,9.45,11.82,0.13,18.7,0.1,0.5,,,,,22.78,82.5,,112.75,,,,731.25,
2024-01-28 11:00:00,34.0,136.75,2.48,8.3,8.45,9.6,12.38,0.13,18.49,0.1,0.52,,,,,25.52,82.5,,146.25,,,,731.0,
2024-01-28 12:00:00,31.75,168.0,2.62,8.9,9.02,9.55,12.6,0.06,18.56,,0.2,,,,,27.85,83.0,,131.0,,,,730.5,
2024-01-28 13:00:00,34.75,137.75,2.6,8.8,8.88,9.68,12.18,0.1,18.31,0.1,0.38,,,,,28.32,83.0,,152.5,,,,729.25,
2024-01-28 14:00:00,36.0,109.0,2.48,8.93,8.75,9.8,13.55,0.09,18.42,0.1,0.38,,,,,28.65,80.5,,137.5,,,,729.0,
2024-01-28 15:00:00,34.75,117.5,2.65,8.52,8.82,9.8,13.32,0.17,18.45,0.1,0.65,,,,,29.38,81.75,,125.0,,,,728.0,
2024-01-28 16:00:00,39.75,168.25,2.22,8.98,8.35,10.25,14.28,0.17,18.0,0.1,0.63,,,,,29.45,76.5,,132.75,,,,728.75,
2024-01-28 17:00:00,43.75,240.5,2.35,10.07,9.12,9.85,9.93,0.28,18.24,0.2,1.1,,,,,29.15,72.5,,142.0,,,,729.25,
2024-01-28 18:00:00,56.0,276.75,2.68,10.38,9.9,9.65,8.82,0.38,20.11,0.22,1.48,,,,,26.32,81.5,,157.25,,,,729.0,
2024-01-28 19:00:00,49.25,154.75,2.62,10.12,9.62,10.62,14.15,0.43,18.91,0.25,1.68,,,,,24.28,83.0,,162.5,,,,729.75,
2024-01-28 20:00:00,46.5,96.75,2.5,9.95,9.4,11.1,15.85,0.4,18.84,0.23,1.57,,,,,23.12,83.0,,146.75,,,,730.0,
2024-01-28 21:00:00,46.75,93.5,2.3,10.1,9.12,10.9,16.85,0.32,18.57,0.2,1.3,,,,,22.48,83.0,,136.0,,,,730.25,
2024-01-28 22:00:00,50.25,81.25,2.4,9.52,9.0,10.58,13.4,0.22,18.45,0.12,0.88,,,,,21.9,82.25,,133.25,,,,730.25,
2024-01-28 23:00:00,44.25,66.0,2.55,8.6,8.75,10.25,14.02,0.12,18.28,0.1,0.5,,,,,21.1,81.5,,102.75,,,,730.25,
2024-01-29 00:00:00,43.0,61.75,2.58,8.35,8.62,9.43,13.5,0.16,18.32,0.1,0.65,,,,,20.32,82.5,,113.0,,,,730.0,
2024-01-29 01:00:00,45.5,58.5,2.55,8.1,8.43,8.95,12.12,0.13,18.28,0.1,0.52,,,,,19.68,82.75,,102.0,,,,729.75,
2024-01-29 02:00:00,44.75,62.5,2.48,8.38,8.48,8.57,7.62,0.11,18.51,0.1,0.5,,,,,19.2,82.75,,125.5,,,,729.0,
2024-01-29 03:00:00,45.25,65.0,2.3,8.52,8.28,8.4,8.85,0.1,18.53,0.1,0.43,,,,,18.9,82.75,,119.0,,,,729.25,
2024-01-29 04:00:00,41.75,49.5,2.42,8.55,8.52,8.22,9.3,0.1,18.56,0.1,0.38,,,,,18.8,83.25,,121.5,,,,729.0,
2024-01-29 05:00:00,45.0,48.25,2.35,8.65,8.43,8.22,9.45,0.11,18.81,0.1,0.45,,,,,18.42,83.25,,117.5,,,,729.0,
2024-01-29 06:00:00,40.5,52.25,2.48,8.28,8.38,8.48,8.57,0.16,18.37,0.12,0.68,,,,,18.15,82.25,,131.5,,,,730.25,
2024-01-29 07:00:00,47.5,71.5,2.45,8.52,8.57,9.35,7.22,0.33,18.5,0.2,1.27,,,,,18.05,83.0,,123.5,,,,730.0,
2024-01-29 08:00:00,56.0,106.5,2.35,8.72,8.48,9.93,7.68,0.33,18.38,0.2,1.3,,,,,18.48,82.75,,120.25,,,,730.5,
2024-01-29 09:00:00,59.25,130.25,2.62,8.55,8.85,10.55,7.6,0.6,18.31,0.32,2.4,,,,,20.02,82.25,,121.0,,,,731.25,
2024-01-29 10:00:00,60.0,143.0,2.8,8.65,9.1,11.2,7.4,0.46,19.02,0.25,1.85,,,,,23.7,82.5,,121.0,,,,731.0,
2024-01-29 11:00:00,53.0,107.0,2.68,8.88,9.07,11.35,17.32,0.56,19.13,0.3,2.18,,,,,27.08,82.5,,129.0,,,,730.25,
2024-01-29 12:00:00,50.25,105.25,2.58,8.57,8.75,11.05,19.5,0.5,18.38,0.3,2.0,,,,,28.45,83.0,,149.5,,,,729.25,
2024-01-29 13:00:00,42.25,100.0,2.35,8.4,8.35,10.95,21.28,0.52,18.48,0.32,2.08,,,,,29.58,83.0,,148.0,,,,729.0,
2024-01-29 14:00:00,41.75,108.5,2.45,8.85,8.68,10.88,20.85,0.45,18.47,0.28,1.75,,,,,30.98,82.0,,136.0,,,,728.0,
2024-01-29 15:00:00,38.0,125.25,2.6,8.93,8.93,11.15,19.88,0.46,18.1,0.28,1.82,,,,,31.9,77.25,,154.25,,,,728.0,
2024-01-29 16:00:00,42.0,104.5,2.52,9.1,8.93,10.88,22.35,0.46,18.81,0.28,1.83,,,,,31.88,78.5,,169.5,,,,727.25,
2024-01-29 17:00:00,54.0,121.0,2.65,9.8,9.5,12.35,22.7,0.41,18.5,0.2,1.6,,,,,29.67,82.5,,132.5,,,,728.0,
2024-01-29 18:00:00,65.0,159.0,2.48,9.72,9.18,13.6,13.18,0.87,18.67,0.45,3.42,,,,,26.65,83.0,,153.0,,,,728.5,
2024-01-29 19:00:00,64.25,147.75,2.38,9.93,9.18,13.7,17.52,1.02,18.81,0.55,4.0,,,,,24.7,83.0,,111.75,,,,729.0,
2024-01-29 20:00:00,62.0,113.25,2.48,10.58,9.65,12.95,16.08,0.83,18.98,0.45,3.28,,,,,23.68,83.0,,100.0,,,,729.5,
2024-01-29 21:00:00,61.5,113.75,2.35,10.7,9.52,12.1,18.18,0.68,19.08,0.4,2.68,,,,,23.05,82.5,,112.75,,,,729.75,
2024-01-29 22:00:00,57.75,113.25,2.35,9.57,8.95,11.38,18.32,0.49,18.41,0.3,1.9,,,,,22.02,82.5,,112.75,,,,730.0,
2024-01-29 23:00:00,51.25,85.0,2.4,9.38,8.88,10.7,15.6,0.38,18.43,0.22,1.52,,,,,20.98,82.5,,113.75,,,,730.0,
2024-01-30 00:00:00,50.0,79.5,2.42,8.52,8.5,9.72,15.0,0.34,18.2,0.2,1.32,,,,,20.05,81.5,,120.5,,,,729.0,
2024-01-30 01:00:00,47.0,81.25,2.42,8.57,8.52,9.22,16.05,0.34,18.11,0.2,1.32,,,,,19.1,79.25,,130.25,,,,730.0,
2024-01-30 02:00:00,54.75,85.25,2.25,8.9,8.35,9.15,15.7,0.22,18.64,0.13,0.9,,,,,18.32,77.0,,121.5,,,,729.5,
2024-01-30 03:00:00,51.25,91.75,2.6,9.05,9.07,8.52,17.42,0.12,18.98,0.1,0.47,,,,,17.68,84.75,,113.75,,,,729.0,
2024-01-30 04:00:00,50.0,77.5,2.58,8.78,8.85,8.52,15.75,0.1,18.6,0.1,0.38,,,,,17.23,83.25,,116.5,,,,728.5,
2024-01-30 05:00:00,44.75,64.75,2.48,8.82,8.78,8.62,15.75,0.13,18.53,0.1,0.5,,,,,16.95,83.25,,96.5,,,,729.0,
2024-01-30 06:00:00,48.25,70.25,2.4,8.65,8.48,8.88,16.77,0.2,18.31,0.1,0.78,,,,,16.77,82.75,,86.0,,,,729.25,
2024-01-30 07:00:00,54.75,92.25,2.38,8.9,8.57,9.68,16.55,0.36,18.26,0.2,1.45,,,,,16.77,81.0,,178.5,,,,729.75,
2024-01-30 08:00:00,63.0,129.5,2.55,9.2,9.0,10.85,17.82,0.57,18.58,0.35,2.22,,,,,17.42,82.75,,148.75,,,,730.25,
2024-01-30 09:00:00,,133.0,2.6,9.28,9.15,12.15,18.92,0.75,18.31,0.4,2.98,,,,,19.62,82.75,,162.5,,,,730.75,
2024-01-30 10:00:00,,140.5,2.3,9.1,8.52,12.85,17.32,0.58,18.54,0.3,2.33,,,,,23.4,82.0,,159.0,,,,730.5,
2024-01-30 11:00:00,60.25,143.25,2.52,8.52,8.65,12.4,18.9,0.46,18.5,0.28,1.8,,,,,27.0,82.75,,146.25,,,,729.75,
2024-01-30 12:00:00,57.25,136.5,2.38,8.55,8.38,11.98,20.7,0.5,18.73,0.3,2.0,,,,,29.25,82.75,,154.5,,,,728.75,
2024-01-30 13:00:00,55.0,132.0,2.52,8.9,8.82,11.52,21.62,0.38,18.91,0.22,1.52,,,,,30.68,83.0,,183.25,,,,728.5,
2024-01-30 14:00:00,59.0,141.5,2.35,8.6,8.38,10.78,21.02,0.33,18.57,0.2,1.27,,,,,31.15,82.75,,190.25,,,,727.25,
2024-01-30 15:00:00,64.5,154.0,2.38,8.62,8.48,10.62,20.3,0.36,18.25,0.2,1.42,,,,,31.85,81.5,,198.75,,,,727.0,
2024-01-30 16:00:00,54.75,129.5,2.58,8.57,8.72,10.85,17.55,0.43,18.34,0.22,1.7,,,,,31.62,82.25,,176.25,,,,727.25,
2024-01-30 17:00:00,89.25,212.25,2.6,8.43,8.7,13.82,19.1,1.07,18.25,0.57,4.2,,,,,30.95,82.25,,69.5,,,,727.25,
2024-01-30 18:00:00,150.25,356.75,2.68,9.0,9.15,17.73,21.42,1.39,18.27,0.78,5.5,,,,,28.5,81.25,,52.0,,,,727.5,
2024-01-30 19:00:00,247.0,587.25,2.55,10.8,9.88,18.18,28.2,2.66,18.48,1.48,10.55,,,,,24.5,82.75,,52.0,,,,728.0,
2024-01-30 20:00:00,132.75,315.75,3.18,16.85,14.18,20.82,37.22,3.75,18.25,2.1,14.82,,,,,22.2,82.25,,91.0,,,,729.0,
2024-01-30 21:00:00,132.75,316.5,3.22,21.15,16.5,22.12,36.25,1.57,18.51,0.9,6.22,,,,,21.72,82.25,,149.5,,,,729.5,
2024-01-30 22:00:00,97.75,233.5,2.58,20.6,15.18,19.15,31.82,0.58,18.51,0.32,2.3,,,,,22.22,82.0,,106.75,,,,729.0,
2024-01-30 23:00:00,61.25,146.25,2.38,17.98,13.42,15.8,26.15,0.36,18.46,0.2,1.43,,,,,22.35,82.0,,99.5,,,,729.0,
2024-01-31 00:00:00,46.0,109.5,2.5,14.22,11.58,13.65,22.13,0.18,18.23,0.1,0.72,,,,,21.35,81.75,,119.0,,,,729.33,
2024-01-31 01:00:00,51.25,121.5,2.7,11.0,10.22,12.45,16.15,0.15,18.43,0.1,0.55,,,,,20.45,82.5,,133.25,,,,730.0,
2024-01-31 02:00:00,46.0,110.0,2.3,9.6,8.85,11.08,15.0,0.11,18.58,0.1,0.42,,,,,19.77,81.75,,101.5,,,,728.5,
2024-01-31 03:00:00,35.5,85.25,2.35,9.12,8.65,9.93,14.88,0.08,18.59,0.1,0.3,,,,,19.08,82.25,,105.75,,,,728.25,
2024-01-31 04:00:00,31.75,75.5,2.45,8.68,8.62,9.28,15.12,0.1,18.66,0.1,0.4,,,,,19.0,82.25,,136.0,,,,728.25,
2024-01-31 05:00:00,35.0,82.5,2.68,8.75,8.98,8.83,14.78,0.13,18.94,0.1,0.5,,,,,18.95,82.25,,143.75,,,,728.25,
2024-01-31 06:00:00,40.25,95.5,2.42,8.93,8.68,8.8,15.0,0.2,18.89,0.12,0.8,,,,,18.73,82.25,,147.0,,,,729.25,
2024-01-31 07:00:00,55.5,132.25,2.68,8.95,9.12,9.15,15.4,0.31,18.12,0.2,1.25,,,,,18.55,81.5,,147.0,,,,730.0,
2024-01-31 08:00:00,82.5,196.75,2.52,9.0,8.88,10.15,16.95,0.5,18.48,0.25,2.0,,,,,19.02,83.0,,148.75,,,,730.0,
2024-01-31 09:00:00,82.25,196.25,2.48,9.15,8.93,10.98,17.0,0.5,18.54,0.3,2.0,,,,,20.72,82.25,,178.5,,,,730.25,
2024-01-31 10:00:00,64.75,153.5,2.45,8.72,8.65,10.88,17.98,0.3,18.11,0.18,1.15,,,,,23.5,78.25,,187.75,,,,730.0,
2024-01-31 11:00:00,58.5,139.25,2.55,8.57,8.7,9.75,19.23,0.25,18.35,0.15,1.0,,,,,26.02,82.0,,218.5,,,,729.75,
2024-01-31 12:00:00,71.0,169.0,2.55,9.05,8.95,8.98,16.12,0.14,18.65,0.1,0.55,,,,,28.48,84.0,,214.5,,,,729.25,
2024-01-31 13:00:00,67.0,159.75,2.42,9.1,8.78,8.9,15.18,0.12,18.38,0.1,0.48,,,,,29.7,84.25,,224.0,,,,728.5,
2024-01-31 14:00:00,834.0,,,,,,,,,,,,,,,32.3,,,,,,,,
2024-01-31 15:00:00,633.25,74.0,2.05,8.52,7.88,8.88,18.37,0.31,19.47,0.2,1.2,,,,,32.3,84.5,,218.5,,,,727.33,
2024-01-31 16:00:00,32.5,77.5,2.42,8.43,8.48,9.07,20.98,0.34,18.3,0.2,1.38,,,,,32.17,84.0,,220.5,,,,727.0,
2024-01-31 17:00:00,41.5,99.0,2.55,8.35,8.62,9.38,23.6,0.48,18.18,0.28,1.88,,,,,31.5,83.0,,244.25,,,,727.25,
2024-01-31 18:00:00,88.0,210.5,2.7,8.4,8.82,11.08,25.5,1.1,18.31,0.62,4.35,,,,,29.65,80.0,,233.75,,,,727.75,
2024-01-31 19:00:00,193.0,460.0,2.92,12.58,11.45,15.18,29.38,2.53,18.2,1.4,9.98,,,,,26.05,82.0,,223.75,,,,728.25,
2024-01-31 20:00:00,186.5,443.5,3.05,21.55,16.42,18.8,39.08,3.56,18.24,1.95,14.05,,,,,23.55,79.5,,223.75,,,,729.0,
2024-01-31 21:00:00,110.25,262.0,2.4,31.67,20.7,22.22,44.8,3.61,18.79,2.02,14.25,,,,,22.68,81.5,,215.0,,,,729.0,
2024-01-31 22:00:00,89.0,213.0,2.4,33.4,21.7,20.6,40.85,0.74,18.89,0.4,2.92,,,,,22.6,82.5,,144.25,,,,729.25,
2024-01-31 23:00:00,50.0,120.0,3.13,27.8,19.83,17.4,36.73,0.52,18.12,0.3,2.03,,,,,23.5,82.33,,104.0,,,,730.0,
2024-02-01 00:00:00,29.25,69.75,2.65,22.72,16.45,14.45,33.2,0.42,18.63,0.22,1.62,,,,,22.28,82.5,,131.75,,,,729.33,
2024-02-01 01:00:00,23.75,56.25,2.65,18.77,14.3,12.85,16.45,0.35,18.84,0.2,1.42,,,,,21.82,82.0,,169.75,,,,729.0,
2024-02-01 02:00:00,22.75,53.75,2.48,14.05,11.55,11.8,9.65,0.33,18.31,0.2,1.32,,,,,21.42,81.5,,149.5,,,,728.75,
2024-02-01 03:00:00,22.25,53.25,2.52,11.35,10.12,10.68,7.72,0.32,18.67,0.2,1.27,,,,,20.8,82.75,,188.75,,,,728.25,
2024-02-01 04:00:00,21.75,51.25,2.4,9.38,8.9,9.88,6.42,0.32,18.45,0.2,1.27,,,,,20.38,82.75,,176.5,,,,728.5,
2024-02-01 05:00:00,19.5,46.25,2.5,8.48,8.6,9.22,6.02,0.34,18.63,0.2,1.35,,,,,19.88,82.5,,165.5,,,,728.75,
2024-02-01 06:00:00,26.5,62.25,2.6,8.12,8.6,9.1,7.98,0.42,18.47,0.22,1.7,,,,,19.42,82.25,,164.75,,,,729.0,
2024-02-01 07:00:00,37.25,89.0,2.48,8.7,8.68,8.98,8.93,0.48,18.57,0.3,1.92,,,,,19.27,82.0,,182.75,,,,729.75,
2024-02-01 08:00:00,47.25,113.5,2.3,8.95,8.43,9.07,9.12,0.48,18.8,0.3,1.88,,,,,19.95,82.0,,201.0,,,,730.75,
2024-02-01 09:00:00,45.25,108.5,2.42,8.6,8.52,9.17,9.48,0.44,18.62,0.25,1.72,,,,,21.75,82.0,,215.75,,,,731.0,
2024-02-01 10:00:00,36.5,87.75,2.55,8.9,8.9,9.0,9.3,0.41,18.3,0.2,1.62,,,,,23.75,81.5,,232.5,,,,731.0,
2024-02-01 11:00:00,36.25,86.75,2.58,8.55,8.78,8.8,8.02,0.38,18.35,0.2,1.48,,,,,26.22,82.75,,203.75,,,,730.0,
2024-02-01 12:00:00,39.25,93.5,2.52,8.55,8.6,9.02,9.02,0.4,18.32,0.22,1.58,,,,,28.22,81.75,,193.5,,,,729.75,
2024-02-01 13:00:00,36.25,87.25,2.4,8.6,8.52,9.17,9.6,0.39,18.52,0.22,1.52,,,,,29.88,82.0,,204.25,,,,729.0,
2024-02-01 14:00:00,34.0,81.5,2.6,8.02,8.45,9.43,8.43,0.43,18.64,0.28,1.68,,,,,31.32,83.25,,166.75,,,,728.0,
2024-02-01 15:00:00,32.5,76.5,2.52,8.45,8.52,9.45,9.43,0.36,18.4,0.2,1.4,,,,,32.35,83.0,,226.5,,,,727.75,
2024-02-01 16:00:00,30.25,71.75,2.72,7.85,8.6,9.25,11.02,0.39,18.23,0.2,1.55,,,,,32.2,83.0,,214.5,,,,727.25,
2024-02-01 17:00:00,52.75,126.25,2.5,8.35,8.45,9.82,10.92,0.46,18.48,0.28,1.8,,,,,30.85,83.0,,203.5,,,,727.75,
2024-02-01 18:00:00,95.75,228.0,2.48,8.12,8.32,10.92,9.4,0.66,18.47,0.38,2.6,,,,,28.92,82.5,,202.25,,,,728.0,
2024-02-01 19:00:00,83.5,199.0,2.72,9.82,9.7,13.6,11.9,1.96,18.43,1.08,7.78,,,,,26.58,83.0,,203.25,,,,728.25,
2024-02-01 20:00:00,92.0,218.75,3.08,19.62,15.45,17.8,19.95,3.21,18.36,1.78,12.68,,,,,24.42,82.0,,203.0,,,,728.5,
2024-02-01 21:00:00,111.5,265.5,2.75,30.4,20.62,21.62,26.02,3.81,18.62,2.15,15.08,,,,,23.35,82.5,,202.25,,,,729.0,
2024-02-01 22:00:00,92.25,220.0,2.22,35.42,22.5,22.02,25.68,1.24,18.54,0.7,4.88,,,,,22.83,82.25,,120.75,,,,729.0,
2024-02-01 23:00:00,44.75,107.25,2.3,29.8,19.6,17.73,21.7,0.45,18.49,0.27,1.8,,,,,23.4,82.0,,130.75,,,,729.0,
2024-02-02 00:00:00,33.5,80.0,2.62,23.78,16.92,14.7,18.73,0.15,19.09,0.1,0.6,,,,,22.95,82.25,,139.5,,,,729.0,
2024-02-02 01:00:00,28.75,67.75,2.8,19.85,15.12,12.82,13.8,0.15,18.49,0.1,0.57,,,,,22.4,82.25,,164.25,,,,728.5,
2024-02-02 02:00:00,26.75,64.0,2.62,15.92,12.72,11.45,10.72,0.11,18.38,0.1,0.45,,,,,22.0,82.5,,155.5,,,,728.0,
2024-02-02 03:00:00,23.5,56.25,2.25,12.92,10.52,10.48,11.02,0.12,18.36,0.1,0.48,,,,,21.58,80.5,,172.75,,,,728.25,
2024-02-02 04:00:00,25.5,61.25,2.3,10.75,9.45,9.65,10.3,0.09,18.51,0.1,0.38,,,,,21.02,82.5,,165.75,,,,728.0,
2024-02-02 05:00:00,28.25,68.0,2.5,9.57,9.18,9.25,7.55,0.11,18.37,0.1,0.48,,,,,20.4,82.25,,161.75,,,,728.75,
2024-02-02 06:00:00,34.5,82.5,2.5,8.98,8.85,8.75,8.68,0.22,18.67,0.12,0.88,,,,,20.03,83.0,,183.25,,,,729.0,
2024-02-02 07:00:00,47.25,112.0,2.48,8.88,8.7,8.72,10.07,0.32,18.56,0.2,1.27,,,,,19.88,82.25,,176.0,,,,729.75,
2024-02-02 08:00:00,61.25,146.75,2.35,9.15,8.75,8.8,10.5,0.48,18.91,0.28,1.88,,,,,20.42,82.25,,155.5,,,,730.0,
2024-02-02 09:00:00,55.25,132.25,2.55,9.2,9.02,9.2,11.58,0.36,18.56,0.2,1.4,,,,,22.05,82.25,,194.5,,,,730.25,
2024-02-02 10:00:00,51.25,122.5,2.4,9.05,8.68,9.35,12.22,0.25,18.3,0.12,0.98,,,,,24.72,79.5,,187.0,,,,730.5,
2024-02-02 11:00:00,43.25,102.75,2.33,9.45,8.78,9.2,13.4,0.23,18.57,0.1,0.9,,,,,27.17,78.5,,199.75,,,,729.75,
2024-02-02 12:00:00,33.5,80.0,2.42,8.82,8.68,9.22,10.18,0.15,17.41,0.1,0.6,,,,,28.42,80.0,,218.5,,,,729.25,
2024-02-02 13:00:00,29.0,68.5,2.65,8.78,8.98,8.82,11.9,0.24,19.14,0.12,0.95,,,,,30.02,82.0,,186.25,,,,728.5,
2024-02-02 14:00:00,92.0,219.5,2.62,8.98,9.02,9.43,9.48,0.26,18.44,0.15,1.0,,,,,31.12,82.0,,193.5,,,,727.5,
2024-02-02 15:00:00,234.0,556.5,2.28,9.0,8.48,10.28,7.95,0.19,18.44,0.1,0.8,,,,,31.82,83.0,,202.75,,,,727.25,
2024-02-02 16:00:00,82.5,197.0,2.35,8.48,8.35,9.8,10.07,0.36,18.52,0.2,1.42,,,,,32.62,83.0,,201.0,,,,727.0,
2024-02-02 17:00:00,58.5,139.75,2.42,8.68,8.5,10.38,9.6,0.24,18.08,0.12,0.92,,,,,31.88,83.0,,222.0,,,,727.0,
2024-02-02 18:00:00,84.75,201.75,2.52,8.65,8.7,11.05,9.98,0.64,18.59,0.38,2.5,,,,,30.4,81.25,,167.25,,,,727.5,
2024-02-02 19:00:00,99.75,237.25,2.45,9.57,9.1,12.9,10.55,0.63,18.45,0.35,2.5,,,,,27.6,83.0,,158.75,,,,728.0,
2024-02-02 20:00:00,103.75,247.75,2.52,9.38,9.1,13.2,11.12,0.53,18.2,0.3,2.08,,,,,26.28,82.75,,152.25,,,,728.75,
2024-02-02 21:00:00,86.5,206.75,2.45,9.65,9.12,12.18,12.08,0.38,18.69,0.22,1.5,,,,,25.75,82.75,,208.25,,,,729.0,
2024-02-02 22:00:00,89.5,213.5,2.65,9.62,9.4,11.2,13.88,0.37,18.29,0.2,1.45,,,,,25.08,81.75,,113.75,,,,729.25,
2024-02-02 23:00:00,54.75,129.75,2.6,9.9,9.52,10.48,13.0,0.2,18.58,0.1,0.78,,,,,24.15,82.5,,104.25,,,,729.0,
2024-02-03 00:00:00,40.5,97.25,2.48,9.35,9.05,10.0,12.57,0.15,18.36,0.1,0.55,,,,,23.25,82.75,,133.75,,,,729.0,
2024-02-03 01:00:00,26.0,62.25,2.5,8.65,8.72,9.38,12.5,0.14,18.34,0.1,0.57,,,,,22.68,82.25,,99.75,,,,728.25,
2024-02-03 02:00:00,23.75,56.25,2.48,8.52,8.57,8.88,11.0,0.09,18.52,0.1,0.35,,,,,22.2,82.75,,110.5,,,,728.75,
2024-02-03 03:00:00,26.25,63.5,2.33,8.75,8.45,8.55,11.75,0.12,18.43,0.1,0.5,,,,,21.95,82.5,,108.5,,,,728.0,
2024-02-03 04:00:00,27.5,66.0,2.55,8.57,8.7,8.3,12.28,0.12,18.03,0.1,0.48,,,,,22.08,83.25,,107.0,,,,728.0,
2024-02-03 05:00:00,29.0,69.0,2.37,8.5,8.4,8.37,12.03,0.14,18.89,0.1,0.6,,,,,22.0,83.33,,96.67,,,,728.0,
2024-02-03 06:00:00,230.25,69.0,2.83,7.9,8.8,8.63,16.75,0.44,19.43,0.25,1.7,,,,,21.98,82.67,,138.33,,,,729.0,
2024-02-03 07:00:00,638.0,118.0,2.48,8.1,8.4,8.9,14.95,0.52,18.49,0.3,2.0,,,,,21.85,83.75,,178.0,,,,729.5,
2024-02-03 08:00:00,78.0,184.75,2.4,8.38,8.4,9.28,14.75,0.24,18.77,0.12,0.95,,,,,21.92,83.25,,152.75,,,,730.25,
2024-02-03 09:00:00,162.0,385.0,2.6,8.33,8.67,9.43,16.27,0.36,19.01,0.2,1.43,,,,,22.6,83.67,,145.0,,,,731.0,
2024-02-03 10:00:00,330.0,385.0,2.22,8.52,8.12,9.9,17.8,0.49,18.88,0.3,1.97,,,,,23.72,82.5,,166.75,,,,730.5,
2024-02-03 11:00:00,639.75,136.0,2.6,8.07,8.45,9.98,21.4,0.55,18.46,0.3,2.17,,,,,27.72,83.0,,145.75,,,,730.0,
2024-02-03 12:00:00,56.0,133.75,2.58,8.0,8.43,10.0,24.1,0.5,18.69,0.3,1.95,,,,,29.9,82.75,,161.0,,,,729.25,
2024-02-03 13:00:00,52.75,126.25,2.5,8.22,8.43,9.65,22.95,0.45,18.24,0.28,1.78,,,,,31.12,82.75,,180.25,,,,729.0,
2024-02-03 14:00:00,69.75,166.5,2.38,8.12,8.22,9.62,22.72,0.5,18.14,0.3,1.98,,,,,32.1,82.75,,148.75,,,,728.0,
2024-02-03 15:00:00,107.0,255.5,2.45,8.25,8.38,9.95,23.58,0.57,18.36,0.32,2.25,,,,,32.08,82.25,,175.25,,,,727.25,
2024-02-03 16:00:00,58.0,137.75,2.48,8.62,8.62,10.25,24.78,0.6,17.9,0.33,2.4,,,,,31.88,82.25,,153.75,,,,727.0,
2024-02-03 17:00:00,56.25,133.75,2.48,8.95,8.78,10.95,25.12,0.43,18.37,0.25,1.7,,,,,31.05,82.75,,129.5,,,,727.25,
2024-02-03 18:00:00,66.25,157.25,2.42,8.57,8.5,11.38,25.55,0.6,18.68,0.32,2.38,,,,,29.05,82.75,,134.5,,,,728.25,
2024-02-03 19:00:00,81.5,194.75,2.58,8.62,8.75,12.08,27.22,0.69,18.92,0.4,2.75,,,,,26.9,83.0,,108.25,,,,728.75,
2024-02-03 20:00:00,70.75,169.0,2.48,8.95,8.8,12.35,28.78,0.46,18.46,0.28,1.83,,,,,26.08,83.25,,132.5,,,,729.0,
2024-02-03 21:00:00,63.5,150.5,2.5,8.95,8.85,11.98,26.45,0.3,18.64,0.18,1.23,,,,,25.08,83.75,,130.75,,,,730.0,
2024-02-03 22:00:00,42.25,100.25,2.28,8.38,8.22,11.32,26.05,0.12,18.58,0.1,0.5,,,,,23.83,83.0,,140.5,,,,730.0,
2024-02-03 23:00:00,35.75,85.5,2.17,8.5,8.02,10.32,25.75,0.09,18.71,0.1,0.4,,,,,22.82,83.0,,129.0,,,,730.25,
2024-02-04 00:00:00,31.75,74.5,2.48,8.45,8.52,9.4,25.17,0.21,18.48,0.1,0.83,,,,,22.1,82.75,,132.25,,,,730.0,
2024-02-04 01:00:00,31.75,75.25,2.35,8.65,8.43,8.9,19.3,0.22,18.44,0.1,0.88,,,,,21.35,82.75,,145.25,,,,729.0,
2024-02-04 02:00:00,32.75,78.75,2.48,8.3,8.45,8.72,15.2,0.21,18.46,0.1,0.8,,,,,20.78,83.25,,121.25,,,,729.25,
2024-02-04 03:00:00,29.25,69.5,2.28,8.22,8.07,8.6,15.38,0.21,18.36,0.1,0.82,,,,,20.27,83.0,,105.5,,,,729.0,
2024-02-04 04:00:00,30.25,71.75,2.5,8.35,8.48,8.43,16.25,0.2,18.74,0.1,0.8,,,,,19.75,83.25,,141.75,,,,729.0,
2024-02-04 05:00:00,31.5,75.0,2.5,8.2,8.4,8.43,16.02,0.19,18.51,0.1,0.75,,,,,19.3,83.0,,132.0,,,,729.75,
2024-02-04 06:00:00,34.0,80.5,2.68,8.4,8.82,8.48,16.18,0.27,18.13,0.2,1.1,,,,,19.18,82.75,,120.0,,,,730.0,
2024-02-04 07:00:00,37.5,89.5,2.5,8.28,8.45,8.62,16.92,0.15,18.44,0.1,0.57,,,,,18.8,82.75,,118.0,,,,731.0,
2024-02-04 08:00:00,41.75,100.25,2.38,8.15,8.2,8.93,16.0,0.2,18.22,0.12,0.78,,,,,19.12,83.0,,144.25,,,,731.25,
2024-02-04 09:00:00,49.0,116.75,2.5,8.32,8.45,9.05,15.9,0.22,18.32,0.1,0.83,,,,,20.88,82.5,,129.25,,,,732.0,
2024-02-04 10:00:00,46.25,110.75,2.58,8.02,8.43,9.28,16.7,0.04,18.45,,0.15,,,,,24.2,83.25,,114.25,,,,732.0,
2024-02-04 11:00:00,47.5,113.75,2.4,8.3,8.3,9.5,17.05,0.02,18.69,,0.1,,,,,27.88,83.5,,116.25,,,,731.5,
2024-02-04 12:00:00,47.0,111.25,2.42,8.43,8.45,9.65,16.6,0.25,18.47,0.2,0.98,,,,,30.32,82.75,,140.75,,,,731.0,
2024-02-04 13:00:00,41.75,99.0,2.48,8.18,8.33,9.93,16.8,0.31,18.4,0.2,1.2,,,,,31.9,82.75,,141.25,,,,729.75,
2024-02-04 14:00:00,43.0,102.75,2.62,8.05,8.52,9.9,16.9,0.11,18.49,0.1,0.5,,,,,32.97,82.5,,130.5,,,,729.0,
2024-02-04 15:00:00,40.25,96.25,2.35,8.38,8.3,9.85,17.73,0.26,18.56,0.17,1.03,,,,,33.52,83.0,,130.5,,,,728.75,
2024-02-04 16:00:00,44.0,104.0,2.38,8.38,8.35,9.85,18.35,0.39,18.31,0.2,1.5,,,,,33.35,83.0,,138.0,,,,729.0,
2024-02-04 17:00:00,53.25,125.75,2.42,8.3,8.38,9.98,18.85,0.41,18.15,0.2,1.67,,,,,32.08,82.25,,128.75,,,,729.0,
2024-02-04 18:00:00,57.25,135.75,2.5,8.52,8.6,10.3,17.5,,18.42,,,,,,,29.52,82.75,,145.75,,,,729.0,
2024-02-04 19:00:00,63.5,150.5,2.45,8.55,8.55,10.95,17.42,0.42,18.32,0.2,1.7,,,,,26.22,83.0,,115.5,,,,729.75,
2024-02-04 20:00:00,53.5,126.25,2.5,8.25,8.48,11.42,18.0,0.43,18.56,0.27,1.67,,,,,24.92,83.5,,133.5,,,,730.25,
2024-02-04 21:00:00,51.25,121.5,2.35,8.28,8.22,11.3,18.18,1.46,18.67,0.85,5.75,,,,,24.17,83.75,,130.25,,,,731.0,
2024-02-04 22:00:00,39.5,94.75,2.5,8.38,8.57,10.88,18.35,2.38,18.46,1.3,9.38,,,,,23.35,83.25,,107.75,,,,730.75,
2024-02-04 23:00:00,37.75,90.5,2.4,8.55,8.43,10.38,18.92,2.44,18.22,1.35,9.65,,,,,22.67,83.25,,132.75,,,,730.0,
2024-02-05 00:00:00,35.75,85.5,2.6,8.0,8.45,9.98,18.53,2.21,18.74,1.23,8.75,,,,,21.82,83.25,,121.5,,,,730.0,
2024-02-05 01:00:00,30.75,72.25,2.58,8.18,8.52,9.35,13.05,2.26,18.72,1.23,8.93,,,,,21.18,83.0,,110.75,,,,730.0,
2024-02-05 02:00:00,26.0,61.75,2.33,8.35,8.2,8.9,11.15,2.27,18.41,1.3,9.0,,,,,20.68,83.0,,130.5,,,,729.0,
2024-02-05 03:00:00,23.0,55.0,2.5,8.25,8.4,8.65,10.68,,18.44,,,,,,,20.15,83.25,,177.25,,,,729.0,
2024-02-05 04:00:00,23.75,57.0,2.52,8.48,8.6,8.55,10.58,,18.71,,,,,,,19.55,83.75,,130.5,,,,729.0,
2024-02-05 05:00:00,26.75,64.5,2.62,8.05,8.57,8.62,10.85,,18.28,,,,,,,19.03,82.75,,153.0,,,,729.25,
2024-02-05 06:00:00,29.25,69.75,2.42,8.18,8.28,8.88,10.28,,18.31,,,,,,,18.7,83.25,,131.0,,,,730.25,
2024-02-05 07:00:00,36.25,87.0,2.5,8.15,8.4,9.4,11.15,0.56,18.33,0.3,2.2,,,,,18.45,82.5,,108.25,,,,730.25,
2024-02-05 08:00:00,53.5,128.0,2.5,8.6,8.62,10.07,12.58,0.7,18.32,0.4,2.8,,,,,19.0,83.0,,109.25,,,,731.0,
2024-02-05 09:00:00,48.25,114.25,2.38,8.72,8.52,10.92,14.42,0.78,18.92,0.43,3.1,,,,,21.15,82.5,,131.5,,,,731.75,
2024-02-05 10:00:00,46.25,109.75,2.42,8.57,8.5,11.45,15.28,0.38,18.59,0.25,1.55,,,,,25.0,83.5,,136.75,,,,731.75,
2024-02-05 11:00:00,49.25,117.25,2.28,8.5,8.22,11.62,15.35,,18.71,,,,,,,28.55,83.5,,149.0,,,,731.25,
2024-02-05 12:00:00,52.75,125.5,2.58,8.22,8.57,11.45,13.5,,18.59,,,,,,,30.78,83.0,,172.0,,,,730.5,
2024-02-05 13:00:00,41.0,98.25,2.3,8.3,8.12,11.22,12.78,,18.3,,,,,,,32.8,83.0,,132.75,,,,729.25,
2024-02-05 14:00:00,34.75,83.5,2.35,8.15,8.12,10.92,12.82,,18.4,,,,,,,33.88,82.5,,134.75,,,,729.0,
2024-02-05 15:00:00,34.5,83.0,2.4,8.35,8.32,10.8,13.35,0.86,17.91,0.5,3.4,,,,,34.42,83.0,,136.25,,,,728.75,
2024-02-05 16:00:00,37.0,88.5,2.5,8.48,8.57,11.12,13.95,0.64,18.49,0.4,2.5,,,,,34.3,82.75,,130.25,,,,728.5,
2024-02-05 17:00:00,41.75,99.75,2.65,8.57,8.9,11.7,14.82,0.52,18.07,0.3,2.0,,,,,33.12,82.25,,134.0,,,,728.5,
2024-02-05 18:00:00,46.5,110.0,2.6,8.72,8.85,11.62,14.05,,18.58,,,,,,,30.4,82.75,,125.25,,,,729.25,
2024-02-05 19:00:00,45.25,107.5,2.78,8.72,9.15,12.38,15.58,,18.62,,,,,,,27.02,82.75,,123.5,,,,729.75,
2024-02-05 20:00:00,47.5,112.75,2.42,9.22,8.82,12.7,15.35,,18.63,,,,,,,25.65,82.75,,123.75,,,,730.25,
2024-02-05 21:00:00,50.5,120.5,2.6,9.07,9.05,12.65,14.28,,18.92,,,,,,,24.58,83.5,,160.25,,,,731.0,
2024-02-05 22:00:00,43.25,103.25,2.35,8.7,8.45,12.18,14.85,,18.51,,,,,,,23.38,83.75,,129.25,,,,731.0,
2024-02-05 23:00:00,34.5,81.75,2.5,8.52,8.6,10.98,14.35,,18.29,,,,,,,22.48,83.0,,116.75,,,,731.25,
2024-02-06 00:00:00,33.0,78.25,2.22,8.75,8.22,9.9,12.97,0.23,18.49,0.1,0.9,,,,,21.62,82.75,,119.0,,,,731.0,
2024-02-06 01:00:00,32.0,76.75,2.45,8.43,8.45,9.12,13.82,,18.39,,,,,,,20.9,83.25,,142.5,,,,730.0,
2024-02-06 02:00:00,29.0,69.5,2.38,8.15,8.22,8.8,15.5,,18.56,,,,,,,20.27,82.75,,83.75,,,,729.75,
2024-02-06 03:00:00,29.0,68.0,2.5,8.4,8.55,8.52,14.65,0.39,18.52,0.2,1.5,,,,,20.08,83.75,,110.0,,,,729.0,
2024-02-06 04:00:00,31.25,73.5,2.52,8.12,8.48,8.52,15.0,0.33,18.54,0.2,1.32,,,,,19.5,82.25,,140.75,,,,729.0,
2024-02-06 05:00:00,37.5,88.75,2.68,8.05,8.65,8.6,14.78,0.39,18.49,0.22,1.52,,,,,18.77,82.75,,133.25,,,,729.25,
2024-02-06 06:00:00,38.0,90.0,2.3,8.38,8.22,8.65,14.7,0.5,18.56,0.28,1.98,,,,,18.32,82.25,,118.25,,,,730.0,
2024-02-06 07:00:00,49.5,117.75,2.33,8.4,8.28,9.38,15.38,0.56,18.09,0.32,2.22,,,,,18.12,81.75,,89.25,,,,730.5,
2024-02-06 08:00:00,64.5,152.75,2.42,8.55,8.5,10.42,16.25,0.88,18.75,0.5,3.5,,,,,18.68,82.25,,106.25,,,,731.0,
2024-02-06 09:00:00,58.25,138.75,2.58,8.7,8.82,11.55,18.23,0.98,18.37,0.52,3.9,,,,,21.18,83.0,,127.0,,,,731.25,
2024-02-06 10:00:00,52.25,124.25,2.5,9.07,8.93,12.58,20.1,0.84,18.26,0.48,3.35,,,,,25.5,82.5,,136.75,,,,731.0,
2024-02-06 11:00:00,47.0,112.0,2.48,8.93,8.78,12.68,18.9,0.68,18.34,0.4,2.7,,,,,29.42,82.75,,124.5,,,,730.75,
2024-02-06 12:00:00,38.25,91.25,2.58,8.6,8.75,12.65,18.45,0.55,18.56,0.3,2.2,,,,,31.82,82.5,,150.0,,,,729.75,
2024-02-06 13:00:00,39.0,92.5,2.62,8.52,8.85,12.15,19.0,0.32,18.2,0.2,1.25,,,,,33.7,82.75,,155.25,,,,729.0,
2024-02-06 14:00:00,37.25,89.75,2.4,8.62,8.5,11.58,18.52,0.18,18.42,0.13,0.73,,,,,34.75,83.25,,129.0,,,,728.25,
2024-02-06 15:00:00,35.0,83.75,2.42,8.75,8.62,11.15,18.1,0.27,18.35,0.15,1.08,,,,,35.25,83.0,,136.5,,,,728.0,
2024-02-06 16:00:00,44.25,105.0,2.6,8.48,8.7,11.48,18.6,0.34,18.49,0.2,1.35,,,,,35.22,83.25,,126.75,,,,728.0,
2024-02-06 17:00:00,46.0,110.0,2.55,8.95,8.93,11.98,18.88,0.5,18.61,0.3,1.95,,,,,34.15,82.25,,125.5,,,,728.0,
2024-02-06 18:00:00,50.5,119.75,2.52,9.02,8.9,12.45,17.92,0.48,18.12,0.3,1.9,,,,,31.48,82.75,,139.0,,,,728.75,
2024-02-06 19:00:00,54.5,129.5,2.65,9.65,9.43,13.5,19.85,0.6,18.54,0.35,2.4,,,,,27.98,82.75,,134.5,,,,729.25,
2024-02-06 20:00:00,54.25,128.25,2.48,11.78,10.3,14.82,19.02,0.57,18.53,0.32,2.28,,,,,26.4,83.0,,118.25,,,,730.0,
2024-02-06 21:00:00,55.0,131.0,2.88,12.08,11.08,15.78,19.48,0.46,18.22,0.25,1.8,,,,,25.18,82.75,,118.25,,,,730.25,
2024-02-06 22:00:00,45.75,109.0,2.52,13.45,11.25,16.48,17.62,0.3,18.5,0.2,1.2,,,,,23.88,82.0,,123.25,,,,730.25,
2024-02-06 23:00:00,45.0,106.5,2.38,12.15,10.35,15.75,18.32,0.17,18.4,0.1,0.7,,,,,22.67,83.0,,135.5,,,,730.0,
2024-02-07 00:00:00,48.25,115.25,2.68,12.5,11.05,15.6,18.43,0.16,18.83,0.13,0.62,,,,,21.75,82.75,,121.5,,,,730.0,
2024-02-07 01:00:00,56.75,134.0,2.35,11.85,10.1,14.68,17.05,0.15,18.18,0.1,0.62,,,,,20.82,82.0,,100.5,,,,729.75,
2024-02-07 02:00:00,54.0,127.75,2.5,9.85,9.3,12.85,15.68,0.16,18.56,0.1,0.6,,,,,20.2,82.75,,97.0,,,,729.25,
2024-02-07 03:00:00,57.0,136.0,2.45,8.85,8.7,11.15,15.4,0.11,18.03,0.1,0.45,,,,,19.75,82.0,,111.0,,,,729.0,
2024-02-07 04:00:00,57.0,135.75,2.62,8.22,8.6,10.05,14.58,0.15,18.65,0.1,0.6,,,,,19.15,83.0,,190.0,,,,729.0,
2024-02-07 05:00:00,56.25,133.25,2.55,8.35,8.57,9.5,14.78,0.23,18.56,0.15,0.88,,,,,18.6,83.25,,253.5,,,,729.0,
2024-02-07 06:00:00,55.0,130.25,2.52,8.28,8.57,9.5,15.6,0.28,18.61,0.18,1.1,,,,,18.23,83.5,,225.0,,,,730.0,
2024-02-07 07:00:00,58.0,137.5,2.5,8.72,8.72,9.85,16.4,0.51,18.37,0.3,2.0,,,,,18.1,82.5,,189.5,,,,730.0,
2024-02-07 08:00:00,58.5,139.75,2.42,9.02,8.75,10.75,17.9,0.67,18.41,0.38,2.65,,,,,19.12,82.5,,129.0,,,,730.75,
2024-02-07 09:00:00,58.75,139.5,2.58,9.28,9.1,11.72,19.55,0.71,18.32,0.4,2.82,,,,,22.48,82.25,,129.25,,,,731.75,
2024-02-07 10:00:00,53.75,128.5,2.55,10.52,9.75,12.8,19.7,0.56,18.29,0.35,2.22,,,,,27.02,82.5,,115.25,,,,731.0,
2024-02-07 11:00:00,51.0,120.75,2.8,14.32,12.22,16.52,21.48,0.46,18.57,0.28,1.8,,,,,30.88,82.25,,143.5,,,,731.0,
2024-02-07 12:00:00,55.0,131.25,2.72,15.2,12.55,16.75,18.42,0.34,18.75,0.2,1.33,,,,,33.58,83.25,,136.75,,,,730.25,
2024-02-07 13:00:00,52.0,123.75,2.62,14.98,12.22,16.73,18.42,0.26,18.52,0.12,1.02,,,,,34.95,84.0,,119.25,,,,729.25,
2024-02-07 14:00:00,34.5,82.25,2.65,15.15,12.38,17.0,18.95,0.24,18.25,0.15,0.95,,,,,35.8,82.5,,136.25,,,,728.5,
2024-02-07 15:00:00,35.25,84.25,2.85,14.32,12.25,16.48,18.3,0.3,18.08,0.18,1.2,,,,,36.17,83.0,,135.0,,,,728.0,
2024-02-07 16:00:00,36.75,87.75,2.68,15.73,12.68,16.88,19.27,0.38,18.22,0.22,1.5,,,,,36.17,83.0,,132.5,,,,728.0,
2024-02-07 17:00:00,48.75,115.75,2.92,17.1,13.88,18.12,20.45,0.39,18.27,0.22,1.52,,,,,34.95,82.75,,148.5,,,,728.0,
2024-02-07 18:00:00,52.0,123.75,2.68,18.35,14.1,18.5,22.32,0.73,18.44,0.42,2.88,,,,,32.15,83.0,,179.0,,,,728.5,
2024-02-07 19:00:00,54.5,130.5,2.9,18.62,14.58,18.48,20.3,0.73,18.28,0.42,2.88,,,,,28.35,83.25,,119.0,,,,729.0,
2024-02-07 20:00:00,53.75,127.75,2.95,18.38,14.6,18.08,20.35,0.6,18.56,0.32,2.38,,,,,27.1,83.5,,115.75,,,,729.25,
2024-02-07 21:00:00,53.75,127.75,2.82,18.35,14.38,17.42,18.62,0.4,18.19,0.2,1.55,,,,,26.12,83.5,,109.5,,,,730.0,
2024-02-07 22:00:00,48.5,115.5,2.58,16.52,12.98,16.22,17.05,0.31,18.74,0.18,1.23,,,,,24.68,83.5,,99.5,,,,730.25,
2024-02-07 23:00:00,51.5,122.75,2.38,14.45,11.55,14.62,17.9,0.26,18.72,0.17,1.0,,,,,23.45,82.75,,121.25,,,,730.0,
2024-02-08 00:00:00,45.25,108.75,2.45,12.9,10.85,13.15,19.43,0.04,18.95,,0.2,,,,,22.55,83.25,,143.0,,,,730.0,
2024-02-08 01:00:00,40.25,96.25,2.42,11.0,9.8,12.55,16.58,,18.67,,,,,,,21.98,82.5,,100.25,,,,729.5,
2024-02-08 02:00:00,41.5,98.25,2.58,9.45,9.25,11.8,16.12,0.42,18.89,0.2,1.7,,,,,21.38,83.0,,136.0,,,,729.0,
2024-02-08 03:00:00,43.5,103.25,2.7,8.67,9.0,10.55,14.92,0.42,18.61,0.25,1.65,,,,,20.55,83.0,,162.25,,,,728.75,
2024-02-08 04:00:00,45.5,108.0,2.48,8.8,8.72,9.5,13.02,0.4,18.57,0.2,1.6,,,,,19.95,81.75,,159.25,,,,728.5,
2024-02-08 05:00:00,47.25,112.0,2.48,8.62,8.62,9.3,11.78,0.31,18.4,0.2,1.25,,,,,19.32,83.75,,245.0,,,,729.0,
2024-02-08 06:00:00,49.25,118.0,2.5,8.68,8.75,9.52,13.65,0.29,18.56,0.2,1.1,,,,,18.75,83.25,,229.75,,,,729.0,
2024-02-08 07:00:00,57.0,136.5,2.35,9.07,8.65,9.98,16.7,0.52,18.6,0.3,2.05,,,,,18.78,82.75,,112.75,,,,729.75,
2024-02-08 08:00:00,72.0,172.25,2.52,9.5,9.17,11.02,21.22,0.75,19.04,0.45,2.95,,,,,19.92,82.5,,214.5,,,,730.0,
2024-02-08 09:00:00,77.25,185.0,2.6,10.65,9.93,11.85,24.6,0.94,18.46,0.5,3.7,,,,,22.85,82.5,,147.0,,,,730.0,
2024-02-08 10:00:00,65.75,157.0,2.5,11.72,10.3,12.92,21.65,0.68,18.24,0.38,2.68,,,,,27.25,82.5,,162.25,,,,730.0,
2024-02-08 11:00:00,257.25,154.0,3.13,11.93,11.43,15.37,17.75,0.53,18.66,0.3,2.05,,,,,31.75,82.67,,142.67,,,,730.0,
2024-02-08 12:00:00,636.0,101.0,2.78,12.55,11.22,16.27,13.7,,18.49,,,,,,,34.28,82.25,,144.25,,,,729.0,
2024-02-08 13:00:00,40.0,95.75,2.52,11.75,10.38,16.25,14.62,,18.35,,,,,,,35.22,83.0,,126.75,,,,728.5,
2024-02-08 14:00:00,33.5,79.25,2.48,11.15,9.98,15.92,14.98,,18.69,,,,,,,35.92,83.0,,131.25,,,,727.75,
2024-02-08 15:00:00,31.25,75.25,2.55,12.3,10.68,16.0,14.98,,18.18,,,,,,,36.8,82.25,,134.25,,,,727.5,
2024-02-08 16:00:00,32.0,76.75,2.98,15.2,12.9,17.33,17.5,,18.27,,,,,,,36.15,82.75,,167.25,,,,727.0,
2024-02-08 17:00:00,44.0,104.0,2.97,15.68,13.2,18.15,17.02,,18.5,,,,,,,34.45,82.5,,127.75,,,,727.25,
2024-02-08 18:00:00,53.75,127.25,2.72,15.25,12.52,18.35,18.73,,18.8,,,,,,,31.58,83.25,,123.75,,,,727.75,
2024-02-08 19:00:00,57.0,136.25,2.65,14.45,12.02,20.05,17.45,0.7,18.42,0.4,2.75,,,,,28.52,82.75,,102.0,,,,728.25,
2024-02-08 20:00:00,58.0,138.25,2.72,13.9,11.85,19.75,19.25,0.74,18.55,0.4,2.92,,,,,27.42,83.0,,105.0,,,,729.25,
2024-02-08 21:00:00,51.25,122.0,2.75,14.6,12.22,18.1,17.92,0.6,18.69,0.38,2.38,,,,,26.28,83.25,,104.75,,,,729.0,
2024-02-08 22:00:00,46.25,109.5,2.58,14.65,11.95,16.2,17.75,0.42,18.54,0.25,1.62,,,,,25.02,82.5,,107.5,,,,729.25,
2024-02-08 23:00:00,37.0,87.5,2.38,12.65,10.58,14.35,17.23,0.3,18.56,0.2,1.2,,,,,24.0,83.5,,110.75,,,,729.0,
2024-02-09 00:00:00,32.0,75.5,2.35,11.1,9.72,12.68,16.4,0.28,18.79,0.15,1.1,,,,,23.22,83.25,,90.0,,,,729.67,
2024-02-09 01:00:00,25.5,60.5,2.6,9.7,9.43,11.45,15.1,0.36,18.55,0.2,1.45,,,,,22.5,83.5,,124.0,,,,729.0,
2024-02-09 02:00:00,25.0,58.75,2.45,8.72,8.68,10.58,14.62,,18.62,,,,,,,21.75,82.5,,137.5,,,,729.25,
2024-02-09 03:00:00,27.75,66.5,2.45,8.78,8.68,9.98,15.75,0.05,18.65,0.1,0.25,,,,,21.1,82.75,,61.75,,,,729.0,
2024-02-09 04:00:00,26.0,62.5,2.55,8.52,8.65,9.72,17.22,0.1,18.68,0.1,0.4,,,,,20.35,82.75,,117.5,,,,729.0,
2024-02-09 05:00:00,23.25,55.75,2.55,8.82,8.85,9.75,16.32,,18.73,,,,,,,19.85,83.75,,140.75,,,,729.0,
2024-02-09 06:00:00,25.75,62.0,2.62,8.9,9.0,9.78,17.52,0.29,18.02,0.2,1.1,,,,,19.58,83.0,,140.25,,,,729.25,
2024-02-09 07:00:00,34.5,82.0,2.42,9.18,8.85,10.15,17.12,0.31,18.34,0.2,1.2,,,,,19.27,82.25,,154.25,,,,729.5,
2024-02-09 08:00:00,47.0,110.75,2.45,9.2,8.88,10.75,18.52,0.52,18.34,0.3,2.08,,,,,20.1,83.0,,154.25,,,,730.0,
2024-02-09 09:00:00,52.75,124.75,2.28,9.83,8.9,11.42,17.8,0.7,18.48,0.4,2.78,,,,,22.88,82.75,,119.25,,,,730.5,
2024-02-09 10:00:00,51.5,122.5,2.5,10.32,9.57,13.22,19.65,0.48,18.71,0.28,1.9,,,,,26.92,82.75,,140.25,,,,730.25,
2024-02-09 11:00:00,51.5,122.0,2.8,14.98,12.5,16.85,19.12,0.36,18.4,0.2,1.42,,,,,30.92,82.75,,133.0,,,,730.0,
2024-02-09 12:00:00,52.0,124.25,2.45,15.55,12.3,17.45,18.3,0.38,18.3,0.2,1.52,,,,,33.12,83.0,,128.75,,,,729.75,
2024-02-09 13:00:00,38.5,91.25,2.32,15.08,11.82,17.8,19.52,0.37,18.32,0.2,1.45,,,,,34.42,82.75,,150.75,,,,728.5,
2024-02-09 14:00:00,34.0,80.25,2.7,13.95,11.85,17.3,20.12,0.35,18.6,0.2,1.38,,,,,35.48,83.0,,168.5,,,,728.0,
2024-02-09 15:00:00,32.75,78.25,2.92,13.52,11.92,17.2,20.2,0.37,18.59,0.2,1.78,,,,,35.72,82.75,,154.5,,,,727.25,
2024-02-09 16:00:00,30.75,74.0,2.72,13.1,11.38,17.15,19.6,0.42,18.22,0.2,2.2,,,,,35.67,83.0,,124.0,,,,727.0,
2024-02-09 17:00:00,39.5,94.0,2.6,14.6,11.92,17.45,21.52,0.58,18.32,0.22,2.42,,,,,34.7,82.5,,118.25,,,,727.75,
2024-02-09 18:00:00,442.0,118.0,2.0,14.8,11.1,18.4,,,19.87,,,,,,,30.4,81.0,,157.0,,,,,
2024-02-09 19:00:00,639.75,136.0,2.3,16.92,12.75,19.05,23.88,1.04,18.4,0.28,2.75,,,,,27.78,82.5,,96.0,,,,729.0,
2024-02-09 20:00:00,56.75,135.25,3.05,18.95,15.0,19.15,26.02,0.69,18.74,0.3,3.05,,,,,27.15,83.5,,120.25,,,,729.75,
2024-02-09 21:00:00,52.75,125.25,3.15,19.18,15.35,18.85,26.7,0.68,18.62,0.3,3.12,,,,,25.98,83.5,,115.25,,,,730.0,
2024-02-09 22:00:00,240.75,102.0,3.47,18.2,15.23,17.6,24.7,0.66,17.98,0.3,2.9,,,,,24.28,82.67,,115.0,,,,730.0,
2024-02-09 23:00:00,634.0,80.0,2.72,16.05,12.95,15.52,15.03,0.02,18.52,0.2,1.6,,,,,22.88,83.25,,111.75,,,,730.0,
2024-02-10 00:00:00,33.5,78.75,2.65,12.55,11.02,13.8,14.1,0.11,18.42,0.13,1.47,,,,,22.32,82.75,,109.0,,,,730.67,
2024-02-10 01:00:00,31.75,74.5,2.4,10.35,9.43,12.42,12.62,,18.62,0.1,1.27,,,,,21.72,82.25,,119.75,,,,730.0,
2024-02-10 02:00:00,30.5,72.0,2.45,9.15,8.85,11.2,12.02,0.02,18.28,0.1,1.23,,,,,21.42,82.25,,102.75,,,,730.0,
2024-02-10 03:00:00,29.0,69.0,2.4,8.95,8.68,10.22,11.8,0.05,18.12,0.1,1.2,,,,,21.08,83.25,,117.5,,,,729.25,
2024-02-10 04:00:00,29.5,70.25,2.5,8.85,8.8,9.5,11.95,0.03,18.74,0.1,1.2,,,,,20.6,83.75,,112.75,,,,730.0,
2024-02-10 05:00:00,30.75,73.5,2.5,9.02,8.85,9.38,12.72,0.05,18.58,0.1,1.3,,,,,20.25,83.25,,123.5,,,,730.0,
2024-02-10 06:00:00,231.0,72.0,2.47,8.6,8.57,9.43,13.97,0.04,18.29,0.13,1.47,,,,,19.95,81.0,,112.0,,,,730.33,
2024-02-10 07:00:00,634.75,87.0,2.35,8.73,8.55,9.43,16.2,0.24,18.46,0.2,1.73,,,,,19.5,83.0,,125.25,,,,731.0,
2024-02-10 08:00:00,38.75,91.25,2.4,8.72,8.57,9.82,15.73,0.48,18.81,0.15,1.7,,,,,19.7,82.0,,124.5,,,,731.75,
2024-02-10 09:00:00,44.25,105.0,2.35,9.12,8.65,10.28,19.12,0.54,18.3,0.2,2.1,,,,,20.98,82.5,,118.75,,,,732.0,
2024-02-10 10:00:00,46.5,111.25,2.75,9.38,9.48,11.42,20.68,0.5,18.69,0.2,2.35,,,,,24.05,82.75,,108.75,,,,731.75,
2024-02-10 11:00:00,53.0,126.0,2.52,11.32,10.12,13.62,21.22,0.44,18.33,0.2,2.42,,,,,27.75,84.0,,130.25,,,,731.5,
2024-02-10 12:00:00,55.5,132.75,2.4,13.25,10.98,15.4,20.18,0.45,18.48,0.2,2.28,,,,,30.02,82.75,,134.5,,,,730.25,
2024-02-10 13:00:00,43.75,105.0,2.8,15.08,12.58,16.88,21.2,0.48,18.03,0.22,2.4,,,,,32.17,83.5,,141.0,,,,729.5,
2024-02-10 14:00:00,40.5,96.75,2.72,17.92,13.98,18.08,22.6,0.48,18.49,0.28,2.6,,,,,33.15,84.0,,144.0,,,,728.75,
2024-02-10 15:00:00,41.75,98.5,2.65,18.95,14.4,18.45,23.45,0.47,18.67,0.3,2.72,,,,,33.58,82.75,,134.75,,,,728.0,
2024-02-10 16:00:00,41.0,97.25,2.52,18.95,14.2,18.92,23.38,0.48,18.64,0.28,2.68,,,,,33.35,83.75,,138.0,,,,728.0,
2024-02-10 17:00:00,43.5,104.0,2.65,19.75,14.82,18.92,23.68,0.57,18.75,0.3,2.72,,,,,32.35,83.5,,135.0,,,,728.75,
2024-02-10 18:00:00,51.0,122.0,3.22,20.98,16.45,19.32,24.95,0.6,18.01,0.3,2.9,,,,,29.85,82.75,,112.0,,,,729.0,
2024-02-10 19:00:00,50.75,121.25,3.32,22.28,17.25,19.62,24.6,0.77,18.66,0.3,2.85,,,,,26.98,82.75,,111.75,,,,729.75,
2024-02-10 20:00:00,49.75,118.5,2.78,22.3,16.35,19.48,22.9,0.69,18.67,0.28,2.62,,,,,25.72,83.75,,121.0,,,,730.0,
2024-02-10 21:00:00,47.5,113.5,2.95,21.58,16.23,19.23,23.65,0.55,18.76,0.3,2.72,,,,,24.65,82.75,,104.75,,,,731.0,
2024-02-10 22:00:00,43.5,104.25,2.9,18.52,14.58,17.88,23.12,0.56,18.7,0.3,2.68,,,,,23.62,82.75,,97.25,,,,731.0,
2024-02-10 23:00:00,45.0,108.0,2.52,15.82,12.58,16.27,22.7,0.48,18.51,0.25,2.6,,,,,22.6,82.75,,116.25,,,,731.5,
2024-02-11 00:00:00,43.5,104.5,2.28,13.22,10.8,14.45,22.6,0.37,18.24,0.27,2.6,,,,,21.85,83.0,,113.0,,,,730.33,
2024-02-11 01:00:00,37.75,91.0,2.48,10.6,9.65,12.82,13.25,0.3,18.55,0.12,1.35,,,,,21.22,82.0,,123.25,,,,730.0,
2024-02-11 02:00:00,33.75,81.0,2.3,9.62,8.88,11.2,8.8,0.32,18.51,0.1,0.8,,,,,20.55,83.0,,110.5,,,,729.5,
2024-02-11 03:00:00,34.0,80.5,2.35,8.75,8.5,10.25,8.52,0.34,18.48,0.1,0.72,,,,,19.98,82.75,,113.75,,,,729.5,
2024-02-11 04:00:00,36.25,86.25,2.5,8.9,8.8,9.43,8.62,0.29,18.31,0.1,0.8,,,,,19.5,83.0,,127.5,,,,729.0,
2024-02-11 05:00:00,33.5,79.75,2.5,8.8,8.72,9.1,7.98,0.29,18.39,0.1,0.72,,,,,19.15,82.5,,113.0,,,,730.25,
2024-02-11 06:00:00,32.5,77.5,2.65,8.82,9.02,9.07,8.25,0.3,18.69,0.1,0.72,,,,,18.92,83.75,,119.75,,,,730.25,
2024-02-11 07:00:00,34.5,82.75,2.68,8.82,9.02,9.25,8.55,0.37,18.78,0.1,0.78,,,,,18.73,82.5,,119.75,,,,731.0,
2024-02-11 08:00:00,36.75,87.25,2.55,8.78,8.82,9.7,8.98,0.46,18.42,0.1,0.82,,,,,19.05,82.75,,127.25,,,,731.25,
2024-02-11 09:00:00,41.25,99.25,2.58,8.57,8.72,10.1,10.2,0.44,18.5,0.1,1.0,,,,,20.52,82.75,,145.0,,,,732.0,
2024-02-11 10:00:00,48.75,116.5,2.58,9.02,9.0,10.95,8.62,0.48,18.75,0.1,0.8,,,,,23.75,82.5,,128.5,,,,732.0,
2024-02-11 11:00:00,48.75,115.75,2.38,10.75,9.62,12.32,11.72,0.46,18.74,0.1,1.18,,,,,27.7,83.0,,146.0,,,,731.75,
2024-02-11 12:00:00,43.25,103.0,2.52,12.95,11.0,13.9,12.2,0.46,18.38,0.1,1.23,,,,,30.35,83.0,,120.25,,,,730.75,
2024-02-11 13:00:00,45.25,108.0,2.6,14.78,12.08,15.28,11.35,0.38,18.23,0.1,1.12,,,,,31.33,82.5,,143.5,,,,730.0,
2024-02-11 14:00:00,39.5,94.5,2.55,16.88,13.12,16.9,11.35,0.33,18.7,0.1,1.12,,,,,32.17,83.0,,120.5,,,,729.25,
2024-02-11 15:00:00,37.75,89.5,2.48,17.9,13.48,17.52,12.35,0.44,18.2,0.1,1.23,,,,,32.78,82.25,,125.0,,,,729.0,
2024-02-11 16:00:00,37.75,90.0,2.72,17.88,14.0,17.8,11.85,0.45,18.46,0.1,1.2,,,,,32.75,82.25,,111.75,,,,729.0,
2024-02-11 17:00:00,40.75,97.5,2.92,18.23,14.42,18.23,11.88,0.45,18.7,0.1,1.2,,,,,31.48,83.0,,134.0,,,,729.5,
2024-02-11 18:00:00,44.5,105.75,2.9,18.25,14.42,17.7,11.95,0.55,18.78,0.1,1.18,,,,,29.12,83.0,,118.0,,,,730.0,
2024-02-11 19:00:00,49.0,116.75,2.88,17.32,13.88,16.9,12.85,0.62,18.24,0.1,1.32,,,,,26.48,82.5,,135.75,,,,730.0,
2024-02-11 20:00:00,49.25,116.5,2.58,16.35,12.88,16.45,12.48,0.63,18.39,0.1,1.27,,,,,25.28,82.25,,103.75,,,,730.75,
2024-02-11 21:00:00,49.0,115.75,2.6,14.95,12.2,15.5,11.23,0.52,18.49,0.1,1.12,,,,,24.33,82.5,,112.5,,,,731.0,
2024-02-11 22:00:00,46.25,109.75,2.7,13.48,11.62,14.85,9.95,0.52,18.56,0.1,0.92,,,,,23.25,82.5,,131.75,,,,731.0,
2024-02-11 23:00:00,48.0,114.5,2.7,11.98,10.75,14.12,9.52,0.42,18.83,0.1,0.88,,,,,22.25,84.0,,118.75,,,,730.75,
2024-02-12 00:00:00,48.25,115.5,2.6,9.93,9.5,13.02,8.6,0.25,18.25,0.1,0.8,,,,,21.28,82.75,,127.75,,,,730.0,
2024-02-12 01:00:00,40.0,95.75,2.52,8.55,8.62,11.78,9.57,0.25,18.82,0.1,0.88,,,,,20.4,83.0,,129.25,,,,730.25,
2024-02-12 02:00:00,39.0,92.75,2.5,8.35,8.52,10.22,10.12,0.25,18.12,0.1,0.98,,,,,19.65,83.0,,164.25,,,,729.75,
2024-02-12 03:00:00,35.0,83.25,2.42,8.38,8.43,9.32,11.32,0.25,18.11,0.1,1.12,,,,,19.02,82.5,,185.75,,,,729.25,
2024-02-12 04:00:00,33.25,78.0,2.42,8.4,8.4,8.95,12.28,0.27,18.68,0.1,1.25,,,,,18.25,83.5,,142.0,,,,729.25,
2024-02-12 05:00:00,36.75,86.5,2.58,8.65,8.82,8.7,12.0,0.29,18.53,0.1,1.2,,,,,17.3,82.75,,131.0,,,,729.25,
2024-02-12 06:00:00,38.25,90.5,2.38,8.57,8.45,8.98,12.08,0.36,18.66,0.1,1.23,,,,,16.65,83.0,,110.25,,,,730.0,
2024-02-12 07:00:00,51.0,121.5,2.52,8.58,8.68,9.52,11.35,0.45,18.38,0.1,1.12,,,,,16.52,82.75,,163.5,,,,730.0,
2024-02-12 08:00:00,67.0,160.0,2.45,8.9,8.7,10.05,13.22,0.62,18.77,0.1,1.38,,,,,17.28,82.75,,147.5,,,,730.75,
2024-02-12 09:00:00,58.25,138.75,2.55,9.07,8.98,11.02,14.45,0.59,18.45,0.18,1.52,,,,,20.42,82.5,,126.5,,,,731.0,
2024-02-12 10:00:00,48.25,115.5,2.62,9.35,9.25,11.62,14.95,0.5,18.21,0.18,1.6,,,,,25.02,83.0,,126.25,,,,731.0,
2024-02-12 11:00:00,240.75,102.0,2.52,8.95,8.85,12.08,13.55,0.34,18.42,0.1,1.42,,,,,29.3,82.0,,132.75,,,,730.75,
2024-02-12 12:00:00,834.0,,2.38,8.6,8.43,12.38,12.55,0.3,18.45,0.1,1.25,,,,,31.42,82.75,,133.5,,,,730.5,
2024-02-12 13:00:00,834.0,,2.38,8.72,8.52,12.12,13.15,0.31,18.51,0.12,1.35,,,,,32.58,81.75,,118.25,,,,729.0,
2024-02-12 14:00:00,834.0,,2.38,8.52,8.38,11.92,14.05,0.36,18.52,0.12,1.48,,,,,33.3,82.25,,128.5,,,,728.5,
2024-02-12 15:00:00,834.0,,2.48,8.55,8.55,11.95,13.95,0.49,18.42,0.15,1.48,,,,,34.02,81.5,,131.25,,,,728.25,
2024-02-12 16:00:00,834.0,,2.58,8.55,8.72,12.0,13.35,0.66,18.45,0.12,1.38,,,,,34.1,81.5,,127.75,,,,728.0,
2024-02-12 17:00:00,834.0,,2.28,8.85,8.38,12.25,14.32,0.42,18.33,0.15,1.5,,,,,32.62,81.75,,123.75,,,,728.0,
2024-02-12 18:00:00,834.0,,2.38,8.2,8.25,12.25,15.62,0.55,18.18,0.2,1.7,,,,,29.92,81.75,,130.5,,,,728.5,
2024-02-12 19:00:00,834.0,,2.48,8.73,8.65,12.55,14.55,0.63,18.52,0.18,1.55,,,,,26.58,81.75,,140.0,,,,729.0,
2024-02-12 20:00:00,834.0,,2.5,8.5,8.65,12.8,14.98,0.56,18.34,0.2,1.6,,,,,25.05,81.25,,113.25,,,,730.0,
2024-02-12 21:00:00,834.0,,2.6,8.48,8.7,12.35,13.28,0.39,18.36,0.1,1.38,,,,,24.0,82.0,,104.75,,,,731.0,
2024-02-12 22:00:00,834.0,,2.62,8.43,8.75,11.52,12.18,0.56,18.35,0.1,1.23,,,,,22.83,81.25,,104.75,,,,731.25,
2024-02-12 23:00:00,834.0,,2.52,8.25,8.55,10.68,11.45,0.41,18.62,0.1,1.15,,,,,21.75,81.75,,123.5,,,,731.0,
2024-02-13 00:00:00,834.0,,2.2,8.3,8.02,9.9,12.5,0.4,18.3,0.1,1.27,,,,,21.0,81.75,,119.0,,,,730.0,
2024-02-13 01:00:00,38.0,,2.33,8.38,8.22,9.38,13.12,0.39,18.38,0.1,1.38,,,,,20.27,82.25,,119.25,,,,730.0,
2024-02-13 02:00:00,41.5,65.0,2.38,8.6,8.45,8.9,11.95,0.33,18.66,0.1,1.23,,,,,19.75,83.5,,118.0,,,,729.0,
2024-02-13 03:00:00,51.75,65.25,2.45,8.68,8.57,8.65,14.0,0.39,17.88,0.12,1.45,,,,,19.12,83.5,,108.25,,,,729.0,
2024-02-13 04:00:00,48.0,66.5,2.6,8.48,8.7,8.5,13.28,0.41,18.66,0.1,1.38,,,,,18.53,84.0,,97.5,,,,729.0,
2024-02-13 05:00:00,39.75,65.75,2.35,8.8,8.52,8.5,13.12,0.42,18.52,0.12,1.35,,,,,18.23,83.25,,142.5,,,,729.0,
2024-02-13 06:00:00,41.5,61.0,2.55,8.78,8.78,8.52,13.12,0.43,18.61,0.1,1.35,,,,,17.95,83.5,,118.5,,,,729.75,
2024-02-13 07:00:00,41.5,69.25,2.62,8.55,8.8,9.02,13.58,0.44,18.75,0.12,1.42,,,,,17.85,83.25,,89.25,,,,730.25,
2024-02-13 08:00:00,45.25,78.0,2.45,8.35,8.43,9.55,13.6,0.56,18.38,0.12,1.42,,,,,18.32,82.25,,118.5,,,,731.25,
2024-02-13 09:00:00,43.5,87.25,2.35,8.78,8.5,9.98,14.3,0.76,18.39,0.15,1.48,,,,,20.1,82.75,,145.5,,,,731.0,
2024-02-13 10:00:00,44.5,93.5,2.58,8.85,8.93,10.55,13.88,0.62,18.56,0.12,1.45,,,,,23.62,82.75,,134.25,,,,731.25,
2024-02-13 11:00:00,43.0,83.0,2.57,8.73,8.8,11.0,14.1,0.49,18.23,0.1,1.47,,,,,27.8,83.0,,148.33,,,,730.67,
2024-02-13 12:00:00,23.0,70.0,2.58,8.2,8.55,10.8,13.0,0.1,18.81,0.13,1.3,,,,,30.35,83.25,,142.25,,,,729.67,
2024-02-13 13:00:00,23.25,71.0,2.48,9.05,8.85,10.78,13.78,0.09,18.89,0.1,1.42,,,,,31.08,83.75,,145.0,,,,729.0,
2024-02-13 14:00:00,24.5,73.75,2.28,8.85,8.45,11.12,15.62,0.02,18.2,0.2,1.7,,,,,32.15,83.25,,151.0,,,,728.0,
2024-02-13 15:00:00,26.25,73.0,2.4,8.78,8.6,10.7,14.65,0.08,18.39,0.18,1.55,,,,,32.98,83.25,,138.75,,,,728.0,
2024-02-13 16:00:00,25.25,73.75,2.4,8.62,8.52,10.95,15.62,0.14,18.53,0.2,1.68,,,,,33.15,84.5,,137.25,,,,728.0,
2024-02-13 17:00:00,22.25,75.0,2.7,8.93,9.12,11.32,16.4,0.23,18.17,0.2,1.78,,,,,32.45,83.25,,143.25,,,,728.0,
2024-02-13 18:00:00,31.5,76.0,2.5,8.95,8.82,11.38,16.95,0.35,18.4,0.2,1.85,,,,,29.92,83.25,,129.0,,,,728.25,
2024-02-13 19:00:00,40.5,88.5,2.7,9.25,9.32,11.9,18.95,0.46,18.53,0.2,2.12,,,,,26.98,83.0,,127.75,,,,729.0,
2024-02-13 20:00:00,45.0,92.25,2.55,9.72,9.32,12.1,18.77,0.39,18.16,0.2,2.1,,,,,25.78,83.5,,124.5,,,,729.75,
2024-02-13 21:00:00,43.25,97.0,2.55,9.48,9.2,11.78,17.48,0.18,18.33,0.2,1.9,,,,,24.85,83.5,,113.25,,,,730.0,
2024-02-13 22:00:00,37.75,81.75,2.6,8.82,8.93,11.05,17.18,0.06,18.25,0.2,1.88,,,,,23.9,82.75,,109.5,,,,730.0,
2024-02-13 23:00:00,36.5,57.5,2.52,8.78,8.78,10.3,17.1,0.08,18.26,0.2,1.88,,,,,23.08,82.5,,115.25,,,,730.25,
2024-02-14 00:00:00,37.0,67.75,2.15,9.15,8.38,9.2,15.73,0.39,18.46,0.2,1.73,,,,,22.17,82.25,,107.75,,,,730.0,
2024-02-14 01:00:00,42.25,67.75,2.58,8.57,8.7,8.9,11.85,0.39,18.52,0.1,1.2,,,,,21.32,82.75,,127.25,,,,729.0,
2024-02-14 02:00:00,42.0,71.25,2.55,8.48,8.65,8.6,12.25,,18.69,0.1,1.25,,,,,20.65,82.75,,108.5,,,,729.0,
2024-02-14 03:00:00,47.5,70.25,2.3,8.43,8.2,8.45,11.7,,18.57,0.1,1.15,,,,,20.08,82.5,,131.0,,,,728.75,
2024-02-14 04:00:00,44.0,55.75,2.38,8.32,8.28,8.28,12.05,0.09,18.27,0.1,1.23,,,,,19.65,83.25,,111.0,,,,728.5,
2024-02-14 05:00:00,38.0,54.75,2.42,8.48,8.43,8.22,13.88,0.12,18.66,0.1,1.45,,,,,19.5,83.5,,149.75,,,,728.75,
2024-02-14 06:00:00,38.75,54.75,2.28,8.57,8.25,8.38,13.6,0.18,18.46,0.12,1.4,,,,,19.42,83.5,,112.5,,,,729.0,
2024-02-14 07:00:00,42.25,62.75,2.58,8.62,8.75,8.78,12.42,0.3,18.3,0.1,1.27,,,,,19.23,82.75,,118.25,,,,730.0,
2024-02-14 08:00:00,48.0,83.5,2.52,9.0,8.88,9.3,14.88,0.41,18.35,0.18,1.6,,,,,19.58,82.75,,135.25,,,,730.25,
2024-02-14 09:00:00,51.0,97.25,2.5,9.43,9.07,9.9,14.68,0.66,18.19,0.15,1.55,,,,,21.1,83.5,,131.0,,,,730.25,
2024-02-14 10:00:00,41.0,103.75,2.55,9.6,9.28,10.5,14.1,0.57,18.25,0.15,1.48,,,,,24.3,83.5,,121.0,,,,730.75,
2024-02-14 11:00:00,40.25,100.75,2.48,9.68,9.18,11.02,13.52,0.46,18.4,0.12,1.4,,,,,28.28,83.25,,149.75,,,,730.5,
2024-02-14 12:00:00,40.0,107.0,2.42,9.05,8.77,11.52,15.98,0.31,18.23,0.2,1.72,,,,,30.62,82.25,,128.0,,,,729.5,
2024-02-14 13:00:00,21.25,63.5,2.45,8.52,8.52,11.2,13.92,0.35,18.31,0.12,1.45,,,,,31.8,83.25,,139.75,,,,728.5,
2024-02-14 14:00:00,29.25,60.0,2.38,8.75,8.55,10.72,15.05,0.28,18.21,0.2,1.58,,,,,32.67,83.0,,143.75,,,,727.75,
2024-02-14 15:00:00,32.5,64.0,2.4,8.5,8.45,10.8,14.15,0.42,18.14,0.12,1.5,,,,,33.48,83.0,,130.25,,,,727.25,
2024-02-14 16:00:00,32.25,70.0,2.55,8.85,8.82,11.05,16.25,0.4,18.24,0.2,1.75,,,,,33.15,83.25,,126.0,,,,727.0,
2024-02-14 17:00:00,37.0,80.0,2.58,8.72,8.85,11.52,15.45,0.48,17.84,0.2,1.65,,,,,31.9,83.0,,128.75,,,,727.25,
2024-02-14 18:00:00,39.5,85.75,2.62,8.62,8.82,11.62,15.7,0.58,18.62,0.2,1.72,,,,,29.62,83.75,,131.0,,,,727.75,
2024-02-14 19:00:00,42.25,97.5,2.45,9.25,8.93,11.8,18.12,0.63,18.16,0.2,2.0,,,,,27.02,83.5,,116.25,,,,728.25,
2024-02-14 20:00:00,52.5,103.0,2.5,9.02,8.85,11.6,16.9,0.4,18.43,0.2,1.85,,,,,25.85,83.0,,131.25,,,,729.0,
2024-02-14 21:00:00,44.5,90.5,2.72,8.72,9.05,11.48,15.18,0.42,18.14,0.2,1.6,,,,,24.55,82.25,,111.0,,,,729.5,
2024-02-14 22:00:00,44.75,95.75,2.7,8.48,8.88,10.9,15.55,0.22,18.04,0.2,1.65,,,,,23.6,82.75,,110.75,,,,729.5,
2024-02-14 23:00:00,51.25,89.25,2.45,8.68,8.6,10.18,15.68,0.23,18.6,0.2,1.7,,,,,22.82,83.75,,120.0,,,,729.0,
2024-02-15 00:00:00,55.25,85.75,2.48,8.55,8.57,9.57,14.6,,18.27,0.17,1.53,,,,,22.12,82.75,,118.25,,,,729.33,
2024-02-15 01:00:00,52.0,71.75,2.45,8.1,8.28,9.07,14.5,0.34,18.39,0.12,1.55,,,,,21.38,82.75,,114.25,,,,728.75,
2024-02-15 02:00:00,39.75,65.25,2.45,8.3,8.4,8.72,14.68,0.47,18.48,0.15,1.58,,,,,20.52,83.0,,121.0,,,,728.25,
2024-02-15 03:00:00,38.25,58.75,2.5,8.38,8.5,8.5,13.98,0.45,18.49,0.12,1.48,,,,,19.85,83.5,,107.0,,,,728.0,
2024-02-15 04:00:00,36.25,64.75,2.3,8.6,8.32,8.5,13.52,0.39,18.52,0.1,1.42,,,,,19.25,83.0,,131.5,,,,728.25,
2024-02-15 05:00:00,37.25,67.5,2.33,8.3,8.22,8.72,14.58,0.07,18.47,0.15,1.55,,,,,18.7,83.5,,133.5,,,,728.0,
2024-02-15 06:00:00,41.0,73.5,2.3,8.68,8.35,8.88,15.08,,18.36,0.2,1.6,,,,,18.32,83.25,,149.75,,,,729.0,
2024-02-15 07:00:00,52.0,97.5,2.38,8.75,8.55,9.4,16.65,0.32,18.76,0.2,1.8,,,,,18.15,82.75,,105.5,,,,729.0,
2024-02-15 08:00:00,62.75,130.0,2.55,9.22,9.02,10.18,16.55,0.38,18.52,0.2,1.82,,,,,18.6,82.5,,119.25,,,,730.25,
2024-02-15 09:00:00,70.75,129.0,2.4,10.42,9.43,10.6,18.27,0.55,18.23,0.2,2.0,,,,,20.32,82.25,,132.0,,,,730.0,
2024-02-15 10:00:00,49.5,111.25,2.42,10.42,9.5,11.48,19.15,0.36,18.51,0.2,2.15,,,,,23.98,83.0,,140.25,,,,730.0,
2024-02-15 11:00:00,38.25,88.0,2.48,10.48,9.6,11.65,18.02,0.18,18.41,0.2,1.98,,,,,28.18,83.0,,151.25,,,,730.25,
2024-02-15 12:00:00,24.75,72.0,2.45,9.4,8.98,11.68,14.88,0.16,18.45,0.18,1.58,,,,,30.58,83.0,,139.25,,,,729.5,
2024-02-15 13:00:00,19.0,74.0,2.78,8.82,9.22,11.52,16.45,0.2,18.55,0.2,1.78,,,,,32.08,83.25,,128.5,,,,728.5,
2024-02-15 14:00:00,25.0,60.75,2.52,9.38,9.1,11.38,16.12,0.69,18.16,0.2,1.75,,,,,33.3,83.25,,148.0,,,,728.0,
2024-02-15 15:00:00,32.0,65.0,2.48,8.6,8.62,11.38,16.5,0.7,18.18,0.2,1.8,,,,,33.67,83.0,,148.25,,,,727.25,
2024-02-15 16:00:00,29.0,93.25,2.65,8.78,9.0,11.5,18.05,0.74,18.54,0.2,2.0,,,,,33.48,83.0,,133.0,,,,727.5,
2024-02-15 17:00:00,41.25,106.0,2.42,8.78,8.62,11.95,18.0,0.83,18.04,0.2,1.98,,,,,31.58,82.75,,120.75,,,,727.75,
2024-02-15 18:00:00,50.0,107.25,2.35,9.28,8.75,12.3,19.0,0.92,18.08,0.2,2.1,,,,,29.02,82.5,,145.75,,,,728.0,
2024-02-15 19:00:00,45.75,111.25,2.52,9.18,8.98,12.62,19.23,1.01,18.34,0.2,2.12,,,,,26.68,83.0,,133.5,,,,728.0,
2024-02-15 20:00:00,45.5,112.5,2.42,9.5,9.02,12.5,18.38,0.78,18.66,0.2,2.02,,,,,25.38,83.25,,126.75,,,,729.0,
2024-02-15 21:00:00,55.0,115.0,2.45,9.0,8.8,12.02,16.8,0.74,18.54,0.2,1.88,,,,,24.1,83.5,,122.25,,,,729.0,
2024-02-15 22:00:00,59.75,121.25,2.28,8.55,8.28,11.38,16.45,0.66,18.37,0.2,1.78,,,,,22.98,82.75,,125.75,,,,729.0,
2024-02-15 23:00:00,77.25,122.25,2.4,8.57,8.48,10.62,16.92,0.57,18.42,0.2,1.82,,,,,22.12,83.0,,111.5,,,,729.5,
2024-02-16 00:00:00,58.75,93.5,2.4,8.38,8.3,9.98,15.2,0.01,18.44,0.2,1.63,,,,,21.38,83.0,,124.75,,,,729.0,
2024-02-16 01:00:00,53.75,83.25,2.25,8.48,8.22,9.28,17.42,0.2,18.41,0.2,1.92,,,,,20.5,82.0,,121.5,,,,729.0,
2024-02-16 02:00:00,53.25,79.5,2.48,8.38,8.48,8.8,16.38,0.34,18.29,0.2,1.8,,,,,19.72,82.5,,134.5,,,,728.5,
2024-02-16 03:00:00,60.0,97.0,2.55,8.48,8.6,8.65,15.58,,18.52,0.18,1.68,,,,,19.05,83.25,,126.75,,,,728.0,
2024-02-16 04:00:00,48.25,101.25,2.52,8.6,8.65,8.72,19.3,,18.47,0.2,2.15,,,,,18.58,83.25,,144.5,,,,728.0,
2024-02-16 05:00:00,39.5,77.0,2.4,8.85,8.65,8.62,20.65,0.28,18.76,0.2,2.33,,,,,18.52,83.25,,139.25,,,,728.5,
2024-02-16 06:00:00,39.25,75.75,2.5,8.55,8.62,8.88,18.2,0.22,18.36,0.2,2.0,,,,,18.58,83.25,,143.0,,,,729.0,
2024-02-16 07:00:00,43.75,90.75,2.5,8.55,8.65,9.3,19.45,,18.69,0.2,2.17,,,,,18.5,83.0,,171.25,,,,730.0,
2024-02-16 08:00:00,46.75,113.75,2.45,8.38,8.43,10.0,20.25,0.33,18.41,0.2,2.28,,,,,18.85,82.75,,114.25,,,,730.0,
2024-02-16 09:00:00,50.5,96.75,2.35,9.07,8.65,10.25,20.83,0.15,18.56,0.2,2.35,,,,,20.45,83.0,,130.25,,,,731.0,
2024-02-16 10:00:00,51.5,106.75,2.42,8.82,8.62,10.35,20.82,0.1,18.55,0.22,2.35,,,,,23.0,82.75,,134.75,,,,730.5,
2024-02-16 11:00:00,41.25,137.25,2.33,8.8,8.48,10.52,18.82,,18.49,0.2,2.1,,,,,26.25,83.0,,143.5,,,,730.0,
2024-02-16 12:00:00,42.25,172.75,2.52,9.2,9.0,11.62,19.52,,18.21,0.2,2.2,,,,,28.38,83.0,,141.75,,,,729.5,
2024-02-16 13:00:00,40.75,119.75,2.45,8.95,8.7,11.32,19.08,0.35,18.38,0.2,2.12,,,,,30.08,83.0,,148.5,,,,728.75,
2024-02-16 14:00:00,32.75,82.75,2.35,8.88,8.55,10.28,18.65,0.44,18.05,0.2,2.08,,,,,31.15,82.0,,155.25,,,,728.0,
2024-02-16 15:00:00,30.25,98.0,2.4,8.9,8.62,9.78,19.5,0.42,18.39,0.2,2.2,,,,,31.98,83.25,,158.0,,,,727.25,
2024-02-16 16:00:00,34.0,111.75,2.5,8.65,8.65,10.32,20.15,,18.79,0.2,2.25,,,,,32.1,84.0,,138.0,,,,727.5,
2024-02-16 17:00:00,35.0,93.25,2.5,8.55,8.62,10.55,20.5,,18.04,0.2,2.33,,,,,31.22,82.5,,148.0,,,,728.0,
2024-02-16 18:00:00,38.5,101.5,2.25,8.8,8.35,10.62,19.02,,18.27,0.2,2.12,,,,,28.82,82.75,,159.0,,,,728.0,
2024-02-16 19:00:00,40.5,96.25,2.4,9.32,8.85,10.62,20.5,0.32,18.27,0.2,2.33,,,,,26.5,83.75,,152.0,,,,728.75,
2024-02-16 20:00:00,40.75,89.0,2.35,9.2,8.75,10.85,19.12,0.22,18.44,0.2,2.12,,,,,25.38,83.25,,126.25,,,,729.25,
2024-02-16 21:00:00,37.25,74.75,2.52,9.2,8.98,10.62,19.75,0.36,18.78,0.2,2.2,,,,,24.48,83.0,,135.0,,,,730.0,
2024-02-16 22:00:00,42.0,80.25,2.5,8.8,8.78,10.52,21.35,0.49,18.62,0.2,2.45,,,,,23.55,83.0,,119.0,,,,730.0,
2024-02-16 23:00:00,52.25,88.5,2.35,8.98,8.57,10.2,20.62,0.34,18.97,0.2,2.33,,,,,22.6,83.75,,127.75,,,,729.5,
2024-02-17 00:00:00,43.0,79.0,2.48,8.88,8.8,9.5,19.03,0.21,17.9,0.2,2.13,,,,,21.8,81.5,,126.25,,,,729.0,
2024-02-17 01:00:00,32.5,65.0,2.38,8.55,8.4,9.1,13.55,0.2,18.58,0.12,1.42,,,,,21.02,83.5,,123.25,,,,729.0,
2024-02-17 02:00:00,36.5,67.25,2.48,8.43,8.52,8.78,9.78,0.17,18.56,0.1,0.92,,,,,20.38,83.25,,112.5,,,,728.5,
2024-02-17 03:00:00,38.0,69.5,2.52,8.55,8.68,8.67,9.32,,18.26,0.1,0.85,,,,,19.88,83.5,,126.75,,,,728.0,
2024-02-17 04:00:00,48.5,80.25,2.35,8.38,8.25,8.6,10.12,0.36,18.19,0.1,0.98,,,,,19.42,83.5,,132.25,,,,728.0,
2024-02-17 05:00:00,49.75,70.0,2.45,8.3,8.35,8.55,11.4,0.02,18.44,0.1,1.12,,,,,19.15,83.25,,123.25,,,,728.0,
2024-02-17 06:00:00,40.75,66.75,2.55,8.48,8.6,8.78,10.18,,18.27,0.1,0.98,,,,,18.92,83.25,,165.0,,,,729.25,
2024-02-17 07:00:00,44.75,93.5,2.58,8.4,8.65,9.2,12.1,,18.5,0.1,1.23,,,,,18.85,83.25,,180.0,,,,729.0,
2024-02-17 08:00:00,50.0,149.0,2.4,8.65,8.5,9.65,10.2,0.05,18.51,0.1,1.0,,,,,20.37,83.0,,171.0,,,,729.0,
2024-02-17 09:00:00,44.0,124.0,2.58,8.5,8.75,10.28,13.1,0.19,19.14,0.1,1.38,,,,,23.12,82.5,,146.25,,,,730.0,
2024-02-17 10:00:00,41.75,123.0,2.42,8.75,8.62,10.58,14.35,0.32,27.68,0.15,1.52,,,,,25.92,82.25,,137.0,,,,730.0,
2024-02-17 11:00:00,34.25,123.0,2.45,8.93,8.75,10.5,15.7,0.28,27.94,0.18,1.68,,,,,29.32,83.5,,166.25,,,,729.25,
2024-02-17 12:00:00,31.5,122.25,2.4,8.7,8.52,10.52,16.35,0.42,27.29,0.2,1.75,,,,,31.48,82.75,,160.25,,,,728.75,
2024-02-17 13:00:00,28.5,86.75,2.65,8.45,8.8,10.58,16.7,0.4,27.68,0.2,1.8,,,,,32.57,82.75,,128.5,,,,727.5,
2024-02-17 14:00:00,25.75,68.75,2.62,8.38,8.72,10.58,15.8,0.36,27.36,0.18,1.7,,,,,33.58,83.75,,152.5,,,,727.0,
2024-02-17 15:00:00,31.25,74.0,2.72,8.3,8.85,10.62,15.85,0.32,27.74,0.18,1.72,,,,,34.25,83.5,,144.25,,,,726.0,
2024-02-17 16:00:00,33.25,81.5,2.35,9.02,8.62,10.58,17.0,0.4,27.13,0.2,1.85,,,,,34.62,82.5,,132.5,,,,726.25,
2024-02-17 17:00:00,35.0,89.5,2.33,9.7,8.93,11.3,18.3,0.54,27.7,0.2,2.05,,,,,33.8,83.25,,149.25,,,,726.75,
2024-02-17 18:00:00,35.0,137.5,2.02,10.68,8.98,10.65,17.98,0.68,27.96,0.2,1.98,,,,,31.12,83.75,,146.5,,,,727.0,
2024-02-17 19:00:00,51.5,152.75,2.58,9.7,9.32,12.6,18.85,0.68,27.12,0.2,2.1,,,,,28.1,83.0,,138.0,,,,727.5,
2024-02-17 20:00:00,45.5,105.25,2.3,9.32,8.65,12.42,17.35,0.48,27.54,0.2,1.88,,,,,26.6,83.0,,130.25,,,,728.0,
2024-02-17 21:00:00,42.25,108.75,2.48,9.1,8.9,11.55,17.27,0.37,27.46,0.2,1.9,,,,,25.4,83.0,,114.5,,,,729.0,
2024-02-17 22:00:00,46.75,103.75,2.5,8.9,8.8,10.78,18.02,0.38,27.64,0.2,2.0,,,,,24.22,81.75,,114.5,,,,729.0,
2024-02-17 23:00:00,52.5,93.25,2.52,8.65,8.75,10.48,16.65,0.27,27.77,0.2,1.8,,,,,23.2,83.0,,126.0,,,,729.0,
2024-02-18 00:00:00,60.0,96.5,2.42,8.5,8.48,9.65,15.9,0.2,27.24,0.2,1.7,,,,,22.42,83.5,,116.75,,,,729.0,
2024-02-18 01:00:00,51.0,86.0,2.5,8.23,8.43,9.1,14.35,,27.86,0.15,1.5,,,,,21.65,83.0,,123.33,,,,728.5,
2024-02-18 02:00:00,45.0,86.0,2.3,8.38,8.2,8.7,14.72,,27.65,0.18,1.55,,,,,20.8,82.0,,114.75,,,,728.0,
2024-02-18 03:00:00,44.75,82.0,2.4,7.98,8.15,8.65,17.52,,27.76,0.2,1.95,,,,,20.4,82.75,,145.0,,,,727.0,
2024-02-18 04:00:00,43.5,70.25,2.3,8.45,8.22,8.62,18.52,0.26,27.26,0.2,2.05,,,,,20.03,83.5,,90.0,,,,727.5,
2024-02-18 05:00:00,43.75,71.0,2.52,8.5,8.62,8.62,19.3,,27.12,0.2,2.15,,,,,19.68,81.0,,140.0,,,,727.5,
2024-02-18 06:00:00,51.75,78.5,2.57,8.5,8.67,9.0,19.48,,27.54,0.2,2.15,,,,,19.2,80.5,,76.75,,,,728.0,
2024-02-18 07:00:00,61.75,113.0,1.75,9.85,8.1,8.4,22.02,0.63,27.56,0.22,2.55,,,,,19.02,79.0,,99.5,,,,728.75,
2024-02-18 08:00:00,63.0,150.5,2.27,10.13,9.13,9.77,21.38,0.5,27.81,0.22,2.42,,,,,20.05,82.75,,183.5,,,,729.25,
2024-02-18 09:00:00,51.75,161.75,2.55,8.82,8.82,10.88,20.27,0.4,27.57,0.2,2.3,,,,,22.8,81.25,,156.25,,,,730.0,
2024-02-18 10:00:00,54.25,171.5,2.2,8.78,8.28,10.28,19.98,0.46,27.82,0.2,2.25,,,,,26.18,83.5,,144.5,,,,730.0,
2024-02-18 11:00:00,53.25,135.25,2.28,8.57,8.28,10.4,19.32,0.49,27.3,0.2,2.15,,,,,29.68,82.5,,187.5,,,,729.25,
2024-02-18 12:00:00,48.0,121.0,2.6,8.35,8.65,9.6,10.25,0.15,26.58,0.2,2.0,,,,,31.8,80.0,,179.67,,,,728.0,
2024-02-18 13:00:00,,,2.52,8.43,8.57,9.28,16.23,0.28,28.06,0.2,1.75,,,,,33.1,82.25,,134.0,,,,727.0,
2024-02-18 14:00:00,34.0,94.0,2.28,8.45,8.25,9.3,15.0,,27.34,0.15,1.62,,,,,34.5,82.5,,190.0,,,,726.0,
2024-02-18 15:00:00,33.75,95.5,2.55,8.18,8.48,9.93,16.25,0.23,27.16,0.2,1.78,,,,,34.3,83.25,,150.25,,,,725.5,
2024-02-18 16:00:00,36.0,135.0,2.35,8.5,8.4,10.07,17.05,0.22,27.34,0.2,1.88,,,,,34.3,83.5,,213.75,,,,725.5,
2024-02-18 17:00:00,42.75,222.75,2.25,8.45,8.15,10.32,18.68,0.46,27.26,0.2,2.08,,,,,33.12,83.0,,244.75,,,,726.25,
2024-02-18 18:00:00,42.25,210.0,2.2,9.38,8.55,11.38,21.95,0.98,27.32,0.25,2.5,,,,,31.25,83.0,,233.75,,,,726.5,
2024-02-18 19:00:00,59.0,274.25,2.08,10.82,9.15,11.2,24.3,0.86,27.17,0.3,2.8,,,,,27.9,82.75,,133.0,,,,726.75,
2024-02-18 20:00:00,49.5,120.25,2.48,9.6,9.12,12.45,20.5,0.41,27.63,0.22,2.35,,,,,27.08,82.75,,140.0,,,,727.5,
2024-02-18 21:00:00,37.75,119.75,2.35,8.7,8.45,11.65,20.7,0.47,27.44,0.22,2.35,,,,,25.95,83.75,,156.0,,,,728.25,
2024-02-18 22:00:00,36.25,76.75,2.3,8.5,8.32,10.72,19.77,0.39,27.5,0.2,2.22,,,,,24.33,82.5,,133.0,,,,728.5,
2024-02-18 23:00:00,43.0,68.0,2.4,8.78,8.55,10.07,19.42,0.27,28.05,0.2,2.2,,,,,23.32,83.0,,128.5,,,,728.25,
2024-02-19 00:00:00,41.25,68.0,2.32,8.62,8.4,9.65,23.0,0.25,27.58,0.3,2.63,,,,,22.62,82.25,,122.5,,,,728.0,
2024-02-19 01:00:00,37.0,58.25,2.45,8.68,8.62,9.15,13.02,0.19,28.1,0.12,1.35,,,,,21.9,83.0,,113.5,,,,728.25,
2024-02-19 02:00:00,37.25,54.5,2.52,8.52,8.65,8.72,9.25,0.17,27.89,0.1,0.82,,,,,21.15,82.75,,109.5,,,,728.0,
2024-02-19 03:00:00,31.75,50.25,2.5,8.95,8.85,8.55,9.05,0.18,26.53,0.1,0.85,,,,,20.58,78.75,,124.25,,,,728.0,
2024-02-19 04:00:00,39.0,50.5,2.17,10.12,8.93,7.72,10.22,0.17,27.92,0.1,0.98,,,,,20.1,79.0,,120.0,,,,727.75,
2024-02-19 05:00:00,35.0,51.25,2.4,8.75,8.57,8.32,8.28,0.25,27.6,0.1,0.75,,,,,19.7,82.5,,169.75,,,,727.75,
2024-02-19 06:00:00,46.25,76.0,2.4,8.68,8.5,8.85,8.48,0.38,27.64,0.1,0.72,,,,,19.27,83.0,,202.5,,,,728.25,
2024-02-19 07:00:00,81.5,135.25,2.5,8.65,8.62,9.85,8.68,0.55,27.6,0.1,0.78,,,,,19.08,82.5,,158.0,,,,728.75,
2024-02-19 08:00:00,56.25,148.0,2.55,9.2,9.05,10.17,10.9,0.6,27.66,0.1,1.08,,,,,20.18,82.0,,139.25,,,,729.5,
2024-02-19 09:00:00,45.5,133.5,2.5,9.62,9.15,10.38,10.85,0.5,27.93,0.1,1.1,,,,,22.67,82.25,,152.75,,,,729.75,
2024-02-19 10:00:00,35.5,106.0,2.35,9.82,9.07,10.15,10.7,0.4,28.26,0.1,1.02,,,,,26.08,83.0,,142.0,,,,730.0,
2024-02-19 11:00:00,29.25,106.5,2.45,9.43,9.0,10.35,10.98,0.4,27.26,0.1,1.1,,,,,29.82,82.75,,139.25,,,,729.25,
2024-02-19 12:00:00,31.0,179.75,2.48,8.72,8.72,10.42,9.48,0.31,27.44,0.1,0.9,,,,,31.8,83.0,,170.75,,,,728.25,
2024-02-19 13:00:00,25.75,97.75,2.5,8.4,8.52,10.32,9.45,0.28,27.45,0.1,0.88,,,,,33.17,82.75,,185.0,,,,727.25,
2024-02-19 14:00:00,28.25,88.75,2.65,7.95,8.55,9.98,9.02,0.26,27.3,0.1,0.82,,,,,33.78,81.75,,169.25,,,,726.75,
2024-02-19 15:00:00,28.0,63.75,2.5,8.15,8.4,9.9,9.8,0.27,27.56,0.1,0.92,,,,,34.2,83.5,,184.75,,,,726.0,
2024-02-19 16:00:00,26.75,68.5,2.33,8.12,8.15,10.3,9.85,0.32,27.76,0.1,0.95,,,,,34.62,83.5,,191.75,,,,726.5,
2024-02-19 17:00:00,32.25,96.75,2.5,8.48,8.55,10.48,11.28,0.44,27.62,0.1,1.12,,,,,33.7,83.0,,218.5,,,,726.25,
2024-02-19 18:00:00,37.5,145.75,2.7,8.95,9.18,11.6,13.45,1.05,27.44,0.1,1.38,,,,,31.48,83.0,,194.25,,,,727.0,
2024-02-19 19:00:00,48.5,170.25,2.55,9.88,9.4,12.6,12.65,0.74,27.39,0.1,1.27,,,,,28.02,82.0,,170.25,,,,727.25,
2024-02-19 20:00:00,41.75,117.25,2.52,9.35,9.05,12.6,12.5,0.52,27.6,0.1,1.27,,,,,26.62,83.0,,139.25,,,,728.0,
2024-02-19 21:00:00,42.5,105.0,2.5,8.72,8.72,11.7,10.92,0.42,27.54,0.1,1.08,,,,,25.52,83.0,,150.25,,,,729.0,
2024-02-19 22:00:00,38.75,88.5,2.5,8.6,8.62,10.6,9.45,0.35,27.34,0.1,0.9,,,,,24.48,82.0,,121.25,,,,729.0,
2024-02-19 23:00:00,42.0,73.0,2.45,8.43,8.5,10.07,11.38,0.36,27.84,0.1,1.12,,,,,23.6,82.75,,137.25,,,,729.0,
2024-02-20 00:00:00,42.0,64.75,2.45,8.7,8.62,9.57,10.17,,27.26,0.1,0.97,,,,,22.85,82.5,,108.75,,,,728.67,
2024-02-20 01:00:00,35.5,57.75,2.48,8.88,8.78,9.1,15.0,0.19,27.94,0.18,1.6,,,,,22.25,82.75,,140.75,,,,728.25,
2024-02-20 02:00:00,42.75,57.25,2.42,8.7,8.62,8.72,17.58,0.18,27.95,0.2,1.92,,,,,21.62,83.0,,184.25,,,,728.0,
2024-02-20 03:00:00,42.0,60.5,2.58,8.62,8.78,8.48,17.82,0.16,27.24,0.2,1.98,,,,,21.08,81.75,,184.5,,,,727.75,
2024-02-20 04:00:00,42.0,65.25,2.22,8.93,8.4,8.6,17.52,0.17,27.34,0.2,1.95,,,,,20.88,77.5,,185.0,,,,728.0,
2024-02-20 05:00:00,41.25,59.25,1.9,10.88,8.85,8.3,13.25,0.17,27.84,0.12,1.38,,,,,20.5,73.25,,205.75,,,,728.5,
2024-02-20 06:00:00,39.75,69.75,2.25,10.4,9.2,8.07,14.32,0.24,28.94,0.12,1.5,,,,,20.38,77.75,,218.75,,,,728.0,
2024-02-20 07:00:00,46.75,108.25,2.55,9.45,9.2,8.82,17.4,0.33,28.36,0.2,1.95,,,,,20.12,83.0,,185.0,,,,729.25,
2024-02-20 08:00:00,58.75,186.0,2.38,9.6,9.0,9.45,18.2,0.43,27.91,0.2,2.0,,,,,21.05,82.75,,169.25,,,,729.25,
2024-02-20 09:00:00,54.25,174.0,2.28,9.48,8.72,10.15,19.0,0.49,27.07,0.2,2.12,,,,,23.42,82.75,,173.25,,,,729.75,
2024-02-20 10:00:00,60.25,174.0,2.6,8.9,8.95,10.48,20.92,0.49,27.73,0.2,2.4,,,,,26.72,83.0,,154.25,,,,729.75,
2024-02-20 11:00:00,53.0,161.5,2.52,9.0,8.93,10.68,21.9,0.3,27.56,0.25,2.48,,,,,30.48,79.25,,142.25,,,,729.0,
2024-02-20 12:00:00,37.0,116.5,2.45,9.1,8.8,9.95,21.82,0.19,28.0,0.25,2.5,,,,,31.8,80.75,,193.25,,,,728.0,
2024-02-20 13:00:00,34.75,88.5,2.1,9.7,8.6,8.55,16.48,0.14,27.66,0.2,1.78,,,,,32.65,82.25,,160.75,,,,727.0,
2024-02-20 14:00:00,37.25,74.75,2.08,9.35,8.35,9.02,17.23,,27.82,0.2,1.88,,,,,33.3,83.5,,192.0,,,,726.25,
2024-02-20 15:00:00,37.5,82.5,2.28,8.2,8.1,9.55,18.92,0.24,26.97,0.2,2.1,,,,,33.48,82.75,,184.5,,,,726.0,
2024-02-20 16:00:00,37.0,84.25,2.52,8.28,8.45,9.75,18.4,0.24,27.87,0.2,2.02,,,,,34.75,83.5,,190.0,,,,726.0,
2024-02-20 17:00:00,39.75,105.5,2.2,8.62,8.12,9.48,21.3,0.22,27.33,0.22,2.45,,,,,33.82,83.25,,219.0,,,,726.0,
2024-02-20 18:00:00,47.5,192.5,2.55,9.02,8.95,11.45,23.42,1.1,27.16,0.3,2.68,,,,,31.35,77.5,,251.75,,,,726.75,
2024-02-20 19:00:00,73.75,334.5,2.1,14.42,11.08,10.62,27.42,2.55,27.06,0.32,3.22,,,,,27.58,72.75,,190.5,,,,727.75,
2024-02-20 20:00:00,77.0,263.0,2.5,16.12,12.65,12.9,29.8,1.04,28.66,0.32,3.5,,,,,25.95,78.0,,125.0,,,,728.25,
2024-02-20 21:00:00,74.25,173.75,2.5,14.55,11.82,12.7,23.35,0.38,28.88,0.25,2.72,,,,,26.42,83.25,,135.5,,,,728.25,
2024-02-20 22:00:00,56.75,121.0,2.55,11.28,10.18,12.55,22.18,0.14,26.85,0.25,2.55,,,,,25.33,81.5,,98.25,,,,728.25,
2024-02-20 23:00:00,57.0,88.25,2.45,9.22,8.93,11.4,21.52,0.08,27.32,0.2,2.45,,,,,24.3,82.75,,117.0,,,,728.25,
2024-02-21 00:00:00,58.75,77.25,2.45,8.65,8.6,10.15,19.97,0.08,27.56,0.2,2.23,,,,,23.52,82.75,,154.5,,,,728.0,
2024-02-21 01:00:00,55.0,71.5,2.58,8.6,8.72,9.22,13.48,0.01,27.37,0.12,1.4,,,,,22.9,83.0,,150.75,,,,727.75,
2024-02-21 02:00:00,57.75,83.5,2.4,8.3,8.35,8.8,9.4,0.23,26.83,0.1,0.88,,,,,22.5,83.75,,168.0,,,,727.25,
2024-02-21 03:00:00,65.75,93.25,2.4,8.3,8.38,8.72,12.35,0.16,27.84,0.1,1.25,,,,,22.18,83.25,,185.5,,,,727.0,
2024-02-21 04:00:00,64.0,82.5,2.35,8.25,8.22,8.55,16.3,0.18,27.44,0.2,1.75,,,,,22.08,83.25,,179.5,,,,727.0,
2024-02-21 05:00:00,62.75,85.5,2.38,8.48,8.38,8.4,15.88,0.21,27.75,0.2,1.7,,,,,21.9,83.25,,194.75,,,,727.25,
2024-02-21 06:00:00,65.75,90.25,2.55,8.9,8.88,8.5,14.78,0.21,27.38,0.18,1.58,,,,,21.55,82.75,,185.75,,,,728.0,
2024-02-21 07:00:00,60.25,96.25,2.42,8.7,8.6,8.65,11.28,0.23,27.76,0.1,1.12,,,,,21.42,83.25,,191.5,,,,728.25,
2024-02-21 08:00:00,60.75,110.25,2.3,8.93,8.5,8.95,10.32,0.31,27.79,0.1,1.0,,,,,21.8,82.75,,188.5,,,,728.75,
2024-02-21 09:00:00,49.75,104.0,2.42,8.62,8.5,9.17,11.15,0.31,27.43,0.1,1.1,,,,,23.2,83.5,,199.75,,,,729.0,
2024-02-21 10:00:00,46.25,98.25,2.3,8.78,8.38,9.07,13.35,0.23,27.16,0.1,1.4,,,,,25.2,83.25,,206.0,,,,729.25,
2024-02-21 11:00:00,46.5,90.0,2.32,8.75,8.48,8.93,14.82,0.23,27.74,0.15,1.58,,,,,27.15,83.25,,214.75,,,,729.0,
2024-02-21 12:00:00,45.25,95.0,2.5,8.48,8.57,8.75,12.7,0.22,27.28,0.1,1.32,,,,,29.05,83.0,,203.0,,,,727.75,
2024-02-21 13:00:00,45.25,103.5,2.42,8.52,8.5,8.85,13.45,0.3,26.96,0.12,1.4,,,,,31.12,82.5,,220.5,,,,726.75,
2024-02-21 14:00:00,45.75,83.25,2.58,8.55,8.78,9.05,12.22,0.32,28.05,0.12,1.28,,,,,32.5,83.5,,228.0,,,,726.0,
2024-02-21 15:00:00,52.0,82.0,2.45,8.65,8.62,8.98,12.02,0.36,27.79,0.1,1.2,,,,,32.5,84.75,,173.5,,,,725.0,
2024-02-21 16:00:00,47.75,93.0,2.33,8.38,8.28,9.32,13.22,0.29,27.4,0.1,1.4,,,,,31.52,83.0,,209.75,,,,725.0,
2024-02-21 17:00:00,53.5,117.75,2.48,8.45,8.5,9.32,14.3,0.38,27.53,0.15,1.5,,,,,31.52,84.0,,208.75,,,,725.0,
2024-02-21 18:00:00,58.25,143.5,2.45,8.28,8.38,9.98,14.3,0.68,28.25,0.15,1.5,,,,,31.65,83.75,,207.5,,,,725.75,
2024-02-21 19:00:00,69.5,216.0,2.58,9.32,9.12,11.92,16.65,1.71,27.38,0.2,1.82,,,,,29.62,83.5,,209.25,,,,726.0,
2024-02-21 20:00:00,76.0,213.25,2.7,12.78,11.2,14.18,19.68,1.82,27.53,0.2,2.22,,,,,28.38,82.75,,220.0,,,,727.0,
2024-02-21 21:00:00,81.5,191.75,2.68,15.08,12.4,15.6,21.05,1.92,27.63,0.2,2.38,,,,,27.78,82.75,,141.75,,,,727.25,
2024-02-21 22:00:00,76.5,189.75,2.6,15.55,12.5,15.18,20.92,0.87,27.51,0.2,2.32,,,,,26.98,82.75,,102.75,,,,727.75,
2024-02-21 23:00:00,61.0,126.0,2.38,13.3,10.92,13.3,19.95,0.27,27.5,0.22,2.25,,,,,26.38,83.25,,148.75,,,,727.75,
2024-02-22 00:00:00,48.0,83.0,2.5,10.5,9.68,11.88,15.93,,27.46,0.2,1.73,,,,,25.58,83.25,,129.25,,,,727.33,
2024-02-22 01:00:00,55.75,88.75,2.58,9.32,9.18,10.65,16.15,0.08,27.46,0.2,1.72,,,,,24.92,83.0,,182.5,,,,727.0,
2024-02-22 02:00:00,60.5,91.25,2.48,8.93,8.8,9.5,16.77,0.03,27.9,0.2,1.85,,,,,23.92,82.5,,183.25,,,,727.0,
2024-02-22 03:00:00,57.5,92.0,2.5,8.7,8.7,8.85,15.28,0.05,27.66,0.2,1.65,,,,,23.28,83.5,,189.75,,,,727.0,
2024-02-22 04:00:00,50.5,63.5,2.65,8.48,8.78,8.43,12.9,0.01,27.87,0.1,1.35,,,,,22.8,84.25,,205.5,,,,727.0,
2024-02-22 05:00:00,42.75,57.0,2.35,8.55,8.4,8.32,13.08,0.11,27.89,0.1,1.38,,,,,22.42,83.25,,219.5,,,,727.0,
2024-02-22 06:00:00,44.0,55.75,2.42,8.28,8.35,8.43,11.72,0.08,27.6,0.1,1.18,,,,,22.08,84.25,,233.25,,,,728.0,
2024-02-22 07:00:00,50.5,75.25,2.48,8.25,8.38,8.8,10.05,0.5,27.44,0.1,0.95,,,,,21.72,82.5,,226.0,,,,728.25,
2024-02-22 08:00:00,51.0,89.5,2.35,8.57,8.38,9.0,11.22,0.23,27.73,0.1,1.12,,,,,22.05,83.0,,221.75,,,,729.0,
2024-02-22 09:00:00,48.5,88.0,2.45,8.65,8.6,9.22,14.38,,27.62,0.15,1.55,,,,,23.42,83.0,,224.0,,,,729.5,
2024-02-22 10:00:00,50.25,111.0,2.42,8.55,8.52,9.38,13.58,0.31,27.91,0.15,1.42,,,,,26.1,83.5,,220.25,,,,729.0,
2024-02-22 11:00:00,47.5,142.5,2.5,8.75,8.72,9.82,13.9,0.17,27.43,0.12,1.45,,,,,29.2,82.25,,182.25,,,,728.5,
2024-02-22 12:00:00,37.25,107.0,2.58,8.55,8.68,9.85,14.75,0.42,27.84,0.18,1.58,,,,,31.52,83.5,,236.0,,,,727.5,
2024-02-22 13:00:00,38.5,91.25,2.42,8.25,8.35,9.28,12.48,0.34,27.42,0.1,1.3,,,,,32.28,84.5,,216.25,,,,726.75,
2024-02-22 14:00:00,39.5,91.5,2.62,8.25,8.62,9.25,12.72,0.39,27.28,0.1,1.35,,,,,32.85,83.25,,207.25,,,,726.25,
2024-02-22 15:00:00,39.75,117.25,2.45,8.55,8.57,9.25,12.65,0.53,27.76,0.1,1.3,,,,,34.08,81.5,,182.75,,,,725.25,
2024-02-22 16:00:00,46.5,91.25,2.33,8.57,8.4,10.0,13.05,0.54,27.7,0.1,1.35,,,,,34.48,81.0,,163.0,,,,725.25,
2024-02-22 17:00:00,50.75,103.5,2.52,8.28,8.48,10.98,13.5,0.92,27.72,0.12,1.45,,,,,33.95,83.0,,161.75,,,,726.0,
2024-02-22 18:00:00,54.25,173.5,2.5,8.8,8.72,13.35,16.05,1.59,27.8,0.2,1.72,,,,,32.45,82.5,,207.75,,,,726.0,
2024-02-22 19:00:00,72.25,277.75,3.0,12.65,11.52,17.73,19.9,2.67,27.54,0.22,2.25,,,,,28.6,82.75,,214.75,,,,726.75,
2024-02-22 20:00:00,79.0,241.75,2.55,15.18,12.2,19.2,20.2,1.2,27.01,0.2,2.25,,,,,26.68,82.75,,236.5,,,,727.25,
2024-02-22 21:00:00,54.25,160.5,2.92,14.55,12.48,17.6,20.88,1.67,27.52,0.2,2.35,,,,,26.8,83.0,,196.0,,,,727.75,
2024-02-22 22:00:00,63.25,175.0,2.75,15.85,12.92,16.82,21.22,1.74,27.18,0.22,2.4,,,,,25.2,82.75,,180.25,,,,728.0,
2024-02-22 23:00:00,72.5,167.5,2.75,16.4,13.22,16.4,20.38,1.02,27.4,0.22,2.33,,,,,24.22,82.25,,192.5,,,,728.0,
2024-02-23 00:00:00,70.0,161.0,2.28,13.2,10.72,14.4,18.67,0.43,27.64,0.2,2.07,,,,,24.82,83.0,,191.5,,,,728.0,
2024-02-23 01:00:00,36.75,69.75,2.38,10.75,9.57,11.98,12.8,0.43,27.76,0.12,1.32,,,,,24.33,83.75,,207.25,,,,727.5,
2024-02-23 02:00:00,28.75,54.75,2.42,9.6,9.05,10.62,9.82,0.4,27.46,0.1,0.95,,,,,23.38,83.0,,236.25,,,,727.0,
2024-02-23 03:00:00,32.0,48.0,2.42,9.57,9.05,9.52,9.48,0.38,27.36,0.1,0.88,,,,,22.9,82.25,,242.75,,,,727.25,
2024-02-23 04:00:00,25.25,49.25,2.5,9.2,8.98,8.9,7.38,0.39,28.7,0.1,0.6,,,,,22.48,84.0,,248.25,,,,727.25,
2024-02-23 05:00:00,26.75,52.75,2.42,9.07,8.8,8.55,7.2,0.36,27.46,0.1,0.6,,,,,22.0,82.5,,265.25,,,,727.0,
2024-02-23 06:00:00,38.75,62.5,2.48,8.98,8.77,8.85,7.78,0.52,27.92,0.1,0.65,,,,,21.65,83.0,,256.75,,,,728.0,
2024-02-23 07:00:00,44.75,106.25,2.52,9.2,9.0,9.45,7.7,0.75,27.4,0.1,0.65,,,,,21.45,82.75,,232.0,,,,728.25,
2024-02-23 08:00:00,55.25,134.0,2.6,9.82,9.45,10.1,8.88,0.67,28.08,0.1,0.8,,,,,21.98,82.75,,237.25,,,,728.75,
2024-02-23 09:00:00,50.25,103.0,2.52,9.22,9.07,10.55,9.85,0.66,27.86,0.1,0.92,,,,,24.58,82.25,,207.0,,,,729.0,
2024-02-23 10:00:00,39.75,104.75,2.28,9.18,8.52,10.6,8.4,0.6,27.38,0.1,0.78,,,,,27.15,83.5,,207.75,,,,729.0,
2024-02-23 11:00:00,33.75,144.0,2.65,8.52,8.9,10.18,7.25,0.54,27.48,0.1,0.6,,,,,30.12,82.75,,222.0,,,,728.0,
2024-02-23 12:00:00,36.75,125.75,2.38,9.07,8.68,9.52,8.38,0.47,27.66,0.1,0.75,,,,,31.48,84.25,,212.0,,,,727.5,
2024-02-23 13:00:00,37.0,81.75,2.55,8.65,8.75,9.05,7.98,0.4,27.27,0.1,0.68,,,,,32.1,83.75,,228.25,,,,726.25,
2024-02-23 14:00:00,31.0,60.0,2.4,8.77,8.53,9.1,7.7,0.44,28.6,0.1,0.65,,,,,33.82,82.67,,178.0,,,,726.0,
2024-02-23 15:00:00,,,2.48,8.32,8.4,9.48,14.48,,27.5,0.15,1.52,,,,,35.35,82.75,,195.5,,,,725.25,
2024-02-23 16:00:00,41.0,93.0,2.45,8.52,8.55,9.7,16.12,0.17,28.16,0.2,1.75,,,,,35.12,81.0,,204.5,,,,725.0,
2024-02-23 17:00:00,43.25,120.25,2.38,8.45,8.38,9.75,12.82,0.28,27.4,0.1,1.32,,,,,34.58,83.75,,232.75,,,,725.5,
2024-02-23 18:00:00,51.0,210.75,2.42,8.43,8.43,10.65,14.15,0.8,26.9,0.15,1.5,,,,,32.72,83.25,,229.75,,,,726.25,
2024-02-23 19:00:00,57.0,224.75,2.52,8.95,8.82,12.4,17.58,1.13,28.23,0.2,1.95,,,,,29.55,83.75,,226.0,,,,726.25,
2024-02-23 20:00:00,64.75,173.0,2.52,10.78,9.82,13.55,19.8,1.12,27.42,0.2,2.22,,,,,27.88,82.75,,237.5,,,,726.5,
2024-02-23 21:00:00,61.75,138.25,2.48,11.7,10.25,13.32,19.77,1.23,27.56,0.2,2.22,,,,,27.62,82.75,,263.0,,,,727.0,
2024-02-23 22:00:00,69.75,183.0,2.55,13.4,11.28,13.58,22.2,1.12,27.81,0.25,2.55,,,,,26.83,82.75,,163.5,,,,727.25,
2024-02-23 23:00:00,80.75,192.5,2.28,12.68,10.45,12.68,22.25,0.37,27.42,0.25,2.55,,,,,25.98,81.25,,140.75,,,,727.25,
2024-02-24 00:00:00,62.5,95.75,2.5,10.75,9.78,11.48,19.93,0.15,28.52,0.2,2.23,,,,,25.78,83.75,,165.25,,,,727.0,
2024-02-24 01:00:00,64.75,97.25,2.5,9.45,9.1,10.58,14.42,,27.75,0.15,1.55,,,,,25.22,83.5,,183.75,,,,727.0,
2024-02-24 02:00:00,61.25,86.75,2.58,8.45,8.65,9.52,10.07,0.5,27.32,0.1,0.95,,,,,24.55,81.25,,181.5,,,,726.25,
2024-02-24 03:00:00,45.5,60.5,2.58,8.45,8.68,8.75,9.65,0.25,27.62,0.1,0.9,,,,,23.92,82.75,,186.25,,,,726.75,
2024-02-24 04:00:00,48.0,55.75,2.45,8.75,8.67,8.48,10.52,,26.94,0.1,1.0,,,,,23.28,83.75,,214.25,,,,726.0,
2024-02-24 05:00:00,42.75,54.75,2.48,8.42,8.52,8.57,9.88,0.24,27.82,0.1,0.92,,,,,22.78,83.5,,202.25,,,,726.5,
2024-02-24 06:00:00,46.0,67.25,2.6,8.68,8.88,8.72,11.98,0.5,28.1,0.1,1.23,,,,,22.2,83.25,,221.25,,,,727.5,
2024-02-24 07:00:00,49.75,129.25,2.6,8.88,8.92,9.18,11.23,0.54,27.53,0.1,1.1,,,,,21.65,82.5,,228.25,,,,727.75,
2024-02-24 08:00:00,50.75,192.75,2.52,8.7,8.67,9.5,11.48,0.32,27.54,0.1,1.15,,,,,22.25,82.25,,185.0,,,,728.0,
2024-02-24 09:00:00,44.25,184.5,2.6,8.57,8.8,9.38,13.1,0.3,27.05,0.1,1.38,,,,,24.05,82.75,,192.25,,,,728.75,
2024-02-24 10:00:00,35.75,174.75,2.4,8.62,8.5,9.0,10.55,0.41,27.5,0.1,1.05,,,,,26.02,83.5,,217.5,,,,728.5,
2024-02-24 11:00:00,35.0,126.0,2.45,8.45,8.52,8.8,10.28,0.37,27.45,0.1,1.0,,,,,28.32,83.25,,192.5,,,,728.0,
2024-02-24 12:00:00,36.0,102.75,2.52,8.52,8.62,8.7,12.08,0.38,28.08,0.1,1.25,,,,,29.98,84.0,,190.25,,,,727.25,
2024-02-24 13:00:00,40.75,87.75,2.62,8.3,8.68,8.82,11.62,0.41,27.17,0.1,1.18,,,,,31.4,83.75,,199.25,,,,726.25,
2024-02-24 14:00:00,46.0,95.25,2.55,8.52,8.72,8.82,11.62,0.49,27.64,0.1,1.18,,,,,32.2,84.25,,180.75,,,,725.75,
2024-02-24 15:00:00,51.25,113.0,2.28,8.7,8.35,9.0,12.68,0.51,27.67,0.1,1.3,,,,,32.1,84.5,,213.0,,,,725.25,
2024-02-24 16:00:00,66.5,127.5,2.42,8.6,8.52,9.28,11.5,0.53,27.28,0.1,1.15,,,,,32.88,84.5,,161.75,,,,725.0,
2024-02-24 17:00:00,66.5,155.5,2.45,8.22,8.4,9.57,12.95,0.63,27.2,0.1,1.35,,,,,33.02,83.75,,159.5,,,,725.25,
2024-02-24 18:00:00,68.5,157.0,2.65,8.6,8.93,10.2,12.9,0.76,27.66,0.1,1.35,,,,,31.3,84.0,,152.5,,,,726.0,
2024-02-24 19:00:00,61.75,135.25,2.55,8.6,8.72,10.82,13.48,0.8,27.75,0.1,1.4,,,,,29.28,84.25,,167.25,,,,726.5,
2024-02-24 20:00:00,63.5,120.5,2.52,8.5,8.65,10.92,13.48,0.68,27.67,0.12,1.38,,,,,28.38,83.75,,160.5,,,,727.0,
2024-02-24 21:00:00,60.5,126.25,2.6,8.12,8.52,10.45,11.08,0.57,27.47,0.1,1.1,,,,,27.38,82.75,,164.5,,,,727.5,
2024-02-24 22:00:00,57.75,161.25,2.55,8.35,8.6,9.9,10.65,0.52,27.04,0.1,1.05,,,,,26.12,82.5,,142.25,,,,727.75,
2024-02-24 23:00:00,60.0,113.25,2.35,8.45,8.32,9.2,12.12,0.46,27.33,0.1,1.23,,,,,25.05,83.0,,133.75,,,,727.5,
2024-02-25 00:00:00,51.25,89.5,2.6,8.48,8.7,8.9,11.1,0.38,27.55,0.1,1.1,,,,,24.1,83.5,,114.5,,,,727.67,
2024-02-25 01:00:00,47.25,82.25,2.72,8.32,8.82,8.5,13.52,,27.24,0.15,1.42,,,,,23.4,83.0,,143.0,,,,726.75,
2024-02-25 02:00:00,34.25,84.5,2.55,8.38,8.6,8.4,17.05,,27.56,0.2,1.85,,,,,23.08,83.0,,121.75,,,,726.5,
2024-02-25 03:00:00,39.5,62.25,2.5,8.57,8.65,8.25,16.6,0.32,27.66,0.2,1.8,,,,,22.88,82.75,,117.5,,,,726.25,
2024-02-25 04:00:00,43.5,61.5,2.42,8.1,8.25,8.22,17.5,0.36,27.07,0.2,1.92,,,,,22.45,84.25,,128.0,,,,726.0,
2024-02-25 05:00:00,42.75,60.25,2.28,8.5,8.22,8.28,19.5,0.37,27.24,0.2,2.17,,,,,22.2,82.75,,150.0,,,,726.25,
2024-02-25 06:00:00,42.5,71.0,2.5,8.38,8.48,8.52,22.62,0.4,27.27,0.25,2.6,,,,,21.95,82.75,,150.0,,,,727.5,
2024-02-25 07:00:00,38.25,92.25,2.62,8.3,8.65,8.78,20.3,0.41,27.54,0.2,2.3,,,,,22.12,83.0,,149.0,,,,727.5,
2024-02-25 08:00:00,51.0,156.25,2.32,8.57,8.32,9.05,20.38,0.47,27.59,0.2,2.28,,,,,22.42,83.5,,134.5,,,,728.25,
2024-02-25 09:00:00,59.0,190.5,2.5,8.35,8.57,9.2,20.58,0.45,27.19,0.2,2.33,,,,,23.58,82.75,,146.75,,,,728.25,
2024-02-25 10:00:00,56.0,210.0,2.23,8.4,8.07,9.17,15.93,0.49,27.39,0.3,2.6,,,,,26.3,82.67,,153.67,,,,728.0,
2024-02-25 11:00:00,,,2.6,8.62,8.85,9.1,15.6,,28.14,0.2,1.7,,,,,29.22,83.5,,146.75,,,,727.67,
2024-02-25 12:00:00,,,2.6,8.43,8.67,9.37,12.82,0.33,26.11,0.2,1.77,,,,,30.92,83.25,,151.5,,,,727.25,
2024-02-25 13:00:00,58.0,119.0,2.4,8.55,8.5,9.35,11.27,,27.9,0.1,1.13,,,,,33.12,83.75,,162.5,,,,726.33,
2024-02-25 14:00:00,57.25,121.75,2.52,8.55,8.68,9.22,11.62,0.5,27.56,0.1,1.15,,,,,33.18,83.0,,158.75,,,,725.25,
2024-02-25 15:00:00,54.5,149.75,2.5,8.48,8.55,9.5,11.02,0.46,27.42,0.1,1.1,,,,,33.22,83.25,,133.0,,,,725.0,
2024-02-25 16:00:00,53.0,209.0,2.33,8.53,8.37,9.7,10.9,0.46,27.44,0.1,1.1,,,,,33.48,84.0,,141.33,,,,725.0,
2024-02-25 17:00:00,41.0,126.0,2.48,8.38,8.5,9.7,13.47,0.44,27.63,0.1,1.4,,,,,32.65,84.0,,141.75,,,,725.0,
2024-02-25 18:00:00,44.75,127.5,2.45,8.72,8.62,9.83,12.75,0.45,27.22,0.1,1.3,,,,,30.62,83.75,,133.25,,,,725.5,
2024-02-25 19:00:00,54.5,130.0,2.7,8.38,8.88,10.07,13.35,0.64,27.55,0.1,1.4,,,,,28.33,83.25,,132.75,,,,726.25,
2024-02-25 20:00:00,49.75,130.25,2.58,8.6,8.75,10.07,13.88,0.43,27.98,0.12,1.45,,,,,27.18,83.5,,114.0,,,,727.0,
2024-02-25 21:00:00,48.0,134.0,2.32,8.62,8.35,9.8,14.82,,27.83,0.2,1.58,,,,,25.88,84.0,,113.0,,,,727.25,
2024-02-25 22:00:00,44.75,86.5,2.52,8.8,8.75,9.52,13.8,0.34,27.36,0.1,1.45,,,,,24.67,83.0,,129.0,,,,727.0,
2024-02-25 23:00:00,43.5,74.25,2.42,8.52,8.45,9.3,13.42,0.17,26.97,0.1,1.4,,,,,23.8,82.75,,111.75,,,,727.25,
2024-02-26 00:00:00,43.0,60.0,2.33,8.62,8.35,8.88,13.77,0.3,28.12,0.1,1.43,,,,,23.02,83.75,,127.0,,,,727.33,
2024-02-26 01:00:00,43.0,58.25,2.52,8.8,8.78,8.48,16.85,,27.7,0.2,1.82,,,,,22.25,84.0,,112.75,,,,726.75,
2024-02-26 02:00:00,34.0,52.75,2.42,8.5,8.45,8.38,18.65,,27.95,0.2,2.08,,,,,21.28,82.5,,127.0,,,,726.5,
2024-02-26 03:00:00,34.25,48.75,2.32,8.78,8.45,8.07,19.0,0.13,27.19,0.2,2.1,,,,,20.5,82.75,,120.75,,,,726.75,
2024-02-26 04:00:00,32.25,39.75,2.4,8.38,8.43,8.1,17.02,0.34,27.7,0.2,1.85,,,,,20.1,84.25,,131.0,,,,726.75,
2024-02-26 05:00:00,24.75,40.0,2.48,8.5,8.55,8.15,19.85,,27.63,0.2,2.22,,,,,19.7,84.0,,122.75,,,,726.75,
2024-02-26 06:00:00,28.0,36.5,2.48,8.32,8.45,8.25,20.42,,28.1,0.2,2.3,,,,,19.4,84.25,,120.0,,,,727.0,
2024-02-26 07:00:00,30.25,51.75,2.38,8.43,8.35,8.55,18.7,0.17,27.45,0.2,2.08,,,,,19.5,83.25,,134.75,,,,727.75,
2024-02-26 08:00:00,27.75,78.0,2.55,8.48,8.62,8.8,19.02,0.25,27.94,0.2,2.1,,,,,20.12,82.75,,132.25,,,,728.5,
2024-02-26 09:00:00,28.0,87.75,2.68,8.57,8.88,9.07,18.88,,26.51,0.2,2.08,,,,,21.7,82.5,,123.75,,,,729.0,
2024-02-26 10:00:00,32.5,119.25,2.42,9.1,8.8,9.22,19.55,,27.16,0.2,2.2,,,,,24.3,83.75,,133.0,,,,729.0,
2024-02-26 11:00:00,37.25,248.25,2.65,9.07,9.12,9.57,19.5,0.01,28.19,0.2,2.17,,,,,27.15,83.5,,143.5,,,,728.5,
2024-02-26 12:00:00,37.5,319.25,2.45,9.07,8.82,9.78,18.1,0.1,27.64,0.2,2.0,,,,,28.85,83.75,,132.25,,,,727.75,
2024-02-26 13:00:00,36.25,180.5,2.4,8.8,8.62,9.55,18.4,0.09,27.25,0.2,2.02,,,,,30.15,84.25,,145.0,,,,727.0,
2024-02-26 14:00:00,34.5,214.0,2.45,8.5,8.55,9.33,19.18,0.1,27.49,0.2,2.15,,,,,31.15,83.0,,142.5,,,,726.5,
2024-02-26 15:00:00,27.25,158.5,2.4,8.4,8.35,9.3,18.88,0.27,27.15,0.2,2.08,,,,,32.12,84.0,,152.5,,,,726.0,
2024-02-26 16:00:00,26.25,198.0,2.45,8.55,8.52,9.4,19.98,0.32,27.64,0.2,2.22,,,,,32.7,84.5,,175.25,,,,726.0,
2024-02-26 17:00:00,22.25,134.0,2.5,8.57,8.65,9.48,19.92,0.41,27.23,0.2,2.25,,,,,31.95,83.5,,158.0,,,,726.0,
2024-02-26 18:00:00,28.25,105.75,2.45,8.45,8.48,9.75,20.0,0.43,27.05,0.2,2.22,,,,,29.88,83.25,,136.25,,,,726.5,
2024-02-26 19:00:00,36.25,85.0,2.48,8.65,8.62,9.93,20.72,0.46,27.38,0.2,2.35,,,,,27.4,83.5,,162.25,,,,727.25,
2024-02-26 20:00:00,37.75,84.75,2.6,8.9,9.0,10.0,22.05,0.57,27.69,0.25,2.52,,,,,26.28,83.75,,136.75,,,,727.75,
2024-02-26 21:00:00,30.5,71.25,2.38,9.3,8.88,10.1,21.05,0.43,27.4,0.2,2.38,,,,,25.35,82.5,,127.25,,,,728.0,
2024-02-26 22:00:00,28.25,59.25,2.5,9.5,9.12,9.82,21.02,,28.04,0.2,2.38,,,,,24.38,82.5,,127.25,,,,728.25,
2024-02-26 23:00:00,27.25,57.5,2.42,8.98,8.72,9.43,19.2,,27.54,0.2,2.15,,,,,23.42,83.5,,128.25,,,,728.25,
2024-02-27 00:00:00,31.75,60.0,2.58,8.25,8.57,8.93,18.63,0.35,27.32,0.2,2.07,,,,,22.42,82.75,,133.75,,,,728.33,
2024-02-27 01:00:00,31.5,61.75,2.4,8.55,8.48,8.4,15.18,0.33,27.58,0.15,1.62,,,,,21.75,83.25,,124.0,,,,728.0,
2024-02-27 02:00:00,24.75,55.25,2.38,8.48,8.4,8.28,12.68,0.34,27.82,0.1,1.3,,,,,21.18,82.75,,125.25,,,,727.75,
2024-02-27 03:00:00,29.75,46.0,2.42,8.52,8.5,8.05,12.95,0.35,27.71,0.1,1.35,,,,,20.72,82.25,,123.25,,,,727.25,
2024-02-27 04:00:00,36.25,42.75,2.38,8.78,8.5,7.93,11.9,0.42,27.65,0.1,1.23,,,,,20.45,83.0,,140.0,,,,727.25,
2024-02-27 05:00:00,29.5,44.25,2.48,8.25,8.45,8.12,11.68,0.36,27.68,0.1,1.2,,,,,20.27,82.25,,144.5,,,,727.75,
2024-02-27 06:00:00,27.25,54.0,2.42,8.3,8.35,8.28,13.58,0.46,27.49,0.12,1.4,,,,,20.15,83.25,,157.25,,,,728.0,
2024-02-27 07:00:00,35.5,72.0,2.48,8.45,8.5,8.57,12.35,0.49,28.08,0.1,1.25,,,,,20.08,83.0,,135.5,,,,729.0,
2024-02-27 08:00:00,41.25,96.75,2.4,8.93,8.65,8.88,13.82,0.7,27.67,0.15,1.45,,,,,20.62,82.5,,132.75,,,,729.25,
2024-02-27 09:00:00,44.5,92.5,2.5,9.35,9.05,9.15,14.7,0.77,28.37,0.15,1.55,,,,,22.05,83.0,,129.75,,,,729.25,
2024-02-27 10:00:00,42.5,100.0,2.55,10.0,9.5,9.6,13.3,0.64,29.46,0.12,1.38,,,,,24.32,83.0,,150.0,,,,729.0,
2024-02-27 11:00:00,43.0,104.75,2.5,9.7,9.25,9.78,14.55,0.58,28.87,0.18,1.52,,,,,27.75,81.25,,145.0,,,,729.25,
2024-02-27 12:00:00,47.0,113.75,2.58,9.7,9.32,9.62,16.12,0.57,30.05,0.2,1.75,,,,,30.12,80.0,,151.0,,,,728.5,
2024-02-27 13:00:00,38.5,96.25,2.55,9.07,8.98,9.52,14.92,0.5,29.4,0.2,1.6,,,,,31.72,84.25,,132.75,,,,727.5,
2024-02-27 14:00:00,32.0,98.0,2.42,8.95,8.72,9.52,14.12,0.46,29.71,0.15,1.48,,,,,32.83,84.25,,131.75,,,,726.75,
2024-02-27 15:00:00,34.0,106.5,2.4,9.02,8.72,9.57,13.68,0.48,29.42,0.1,1.42,,,,,33.43,84.5,,132.0,,,,726.5,
2024-02-27 16:00:00,32.0,72.0,2.5,8.18,8.45,9.88,13.52,0.48,28.96,0.12,1.4,,,,,33.78,84.0,,121.25,,,,726.25,
2024-02-27 17:00:00,36.25,84.25,2.52,8.25,8.48,10.1,15.12,0.65,29.46,0.2,1.62,,,,,32.42,84.0,,146.0,,,,726.0,
2024-02-27 18:00:00,42.25,97.5,2.25,9.02,8.45,10.55,15.5,0.7,29.04,0.2,1.68,,,,,30.52,83.25,,147.75,,,,726.75,
2024-02-27 19:00:00,47.25,106.25,2.48,9.12,8.88,10.88,16.02,0.85,29.56,0.2,1.72,,,,,27.85,83.5,,135.0,,,,727.0,
2024-02-27 20:00:00,45.25,99.25,2.65,9.35,9.28,10.82,16.35,0.69,29.61,0.2,1.78,,,,,26.48,83.75,,136.75,,,,728.0,
2024-02-27 21:00:00,54.75,91.0,2.68,8.68,8.95,10.38,16.75,0.59,29.43,0.2,1.8,,,,,25.28,83.0,,132.25,,,,728.0,
2024-02-27 22:00:00,49.5,80.5,2.52,8.48,8.57,9.93,16.6,0.44,28.86,0.2,1.8,,,,,24.42,83.0,,127.5,,,,728.25,
2024-02-27 23:00:00,36.75,77.0,2.48,8.38,8.48,9.4,17.18,0.44,29.42,0.2,1.9,,,,,23.7,83.25,,113.25,,,,728.5,
2024-02-28 00:00:00,41.0,76.0,2.62,8.5,8.88,8.82,14.97,0.1,29.86,0.2,1.6,,,,,22.9,84.0,,105.25,,,,728.33,
2024-02-28 01:00:00,42.75,62.25,2.42,8.8,8.62,8.65,14.02,0.07,29.52,0.12,1.48,,,,,22.12,83.5,,115.75,,,,728.0,
2024-02-28 02:00:00,29.5,52.75,2.35,8.3,8.25,8.43,14.42,,29.74,0.12,1.5,,,,,21.42,83.75,,104.0,,,,727.5,
2024-02-28 03:00:00,28.75,40.0,2.68,8.18,8.75,8.33,14.45,,29.33,0.15,1.5,,,,,20.8,83.25,,105.25,,,,727.5,
2024-02-28 04:00:00,30.75,40.75,2.5,8.45,8.57,8.17,15.6,0.03,29.67,0.2,1.7,,,,,20.4,84.0,,117.0,,,,727.0,
2024-02-28 05:00:00,31.5,44.5,2.55,8.28,8.5,8.25,14.3,0.14,30.24,0.15,1.48,,,,,19.98,83.5,,106.0,,,,727.25,
2024-02-28 06:00:00,34.5,47.75,2.65,8.38,8.75,8.35,14.25,0.17,29.77,0.12,1.5,,,,,19.53,83.5,,89.0,,,,728.0,
2024-02-28 07:00:00,31.25,55.25,2.48,8.8,8.67,8.65,14.0,0.24,29.61,0.1,1.48,,,,,19.4,83.25,,140.0,,,,728.0,
2024-02-28 08:00:00,37.0,89.75,2.48,9.18,8.93,9.18,15.35,0.4,29.46,0.18,1.62,,,,,20.15,83.0,,127.75,,,,728.25,
2024-02-28 09:00:00,42.5,91.0,2.65,9.18,9.15,9.62,14.82,0.36,28.92,0.2,1.6,,,,,22.3,82.75,,133.25,,,,728.75,
2024-02-28 10:00:00,44.5,94.0,2.38,9.18,8.8,10.07,15.65,0.33,29.42,0.18,1.7,,,,,25.98,82.5,,156.0,,,,728.75,
2024-02-28 11:00:00,49.25,110.75,2.42,8.78,8.6,10.48,15.32,0.32,28.79,0.2,1.65,,,,,30.5,83.25,,143.5,,,,728.25,
2024-02-28 12:00:00,31.75,99.75,2.68,9.0,9.15,10.4,15.25,0.28,29.55,0.2,1.62,,,,,32.92,84.0,,159.5,,,,727.5,
2024-02-28 13:00:00,32.25,78.0,2.58,9.12,9.07,10.58,16.77,0.31,29.62,0.2,1.8,,,,,34.2,83.75,,142.75,,,,726.75,
2024-02-28 14:00:00,31.5,74.25,2.35,9.12,8.68,10.72,15.58,0.29,29.4,0.2,1.68,,,,,35.38,84.5,,139.5,,,,725.75,
2024-02-28 15:00:00,16.25,61.75,2.4,8.7,8.5,10.72,15.62,0.3,28.85,0.2,1.68,,,,,36.15,83.5,,139.25,,,,725.5,
2024-02-28 16:00:00,12.5,59.25,2.42,8.68,8.52,11.0,14.98,0.29,29.6,0.2,1.6,,,,,35.88,84.0,,124.5,,,,725.0,
2024-02-28 17:00:00,21.75,72.0,2.4,9.0,8.7,11.28,15.58,0.4,29.26,0.2,1.68,,,,,34.92,83.5,,120.5,,,,725.0,
2024-02-28 18:00:00,35.25,110.0,2.55,9.12,9.02,11.95,16.5,0.5,29.02,0.2,1.8,,,,,32.22,82.0,,134.5,,,,725.5,
2024-02-28 19:00:00,35.75,137.25,2.5,9.52,9.07,12.4,16.52,0.66,29.4,0.2,1.8,,,,,28.88,83.5,,124.25,,,,726.0,
2024-02-28 20:00:00,43.25,114.5,2.32,9.98,9.1,12.08,16.65,0.5,29.56,0.2,1.8,,,,,27.33,83.25,,141.25,,,,727.0,
2024-02-28 21:00:00,38.75,95.25,2.45,9.52,9.02,11.5,16.95,0.32,29.26,0.2,1.88,,,,,26.18,82.25,,148.75,,,,727.5,
2024-02-28 22:00:00,32.5,88.25,2.75,9.18,9.32,10.78,16.0,0.27,29.62,0.18,1.72,,,,,24.95,83.0,,139.75,,,,728.0,
2024-02-28 23:00:00,35.75,91.0,2.33,8.72,8.45,10.35,14.62,0.15,29.54,0.15,1.58,,,,,23.98,82.75,,137.0,,,,728.0,
2024-02-29 00:00:00,42.25,83.75,2.68,8.38,8.78,9.4,16.3,0.11,29.42,0.2,1.8,,,,,23.1,82.75,,122.0,,,,727.33,
2024-02-29 01:00:00,45.75,70.5,2.62,8.38,8.72,8.98,16.85,0.11,28.92,0.2,1.82,,,,,22.28,83.25,,120.75,,,,727.25,
2024-02-29 02:00:00,43.25,67.5,2.33,8.75,8.48,8.82,16.98,,29.16,0.2,1.88,,,,,21.42,83.0,,121.25,,,,727.25,
2024-02-29 03:00:00,37.25,63.5,2.38,8.72,8.5,8.52,17.88,,29.61,0.2,2.0,,,,,20.8,82.75,,179.0,,,,727.0,
2024-02-29 04:00:00,38.5,65.0,2.38,8.48,8.33,8.65,19.75,,29.74,0.2,2.2,,,,,20.3,83.25,,212.75,,,,727.0,
2024-02-29 05:00:00,46.5,70.5,2.35,8.7,8.48,8.78,20.02,0.52,29.89,0.2,2.22,,,,,19.5,82.75,,152.25,,,,727.0,
2024-02-29 06:00:00,38.75,85.5,2.45,8.7,8.62,8.9,22.48,0.12,29.06,0.25,2.55,,,,,18.85,81.25,,147.0,,,,727.5,
2024-02-29 07:00:00,39.25,96.75,2.38,9.32,8.82,9.2,23.35,0.33,29.53,0.3,2.7,,,,,18.92,82.75,,160.0,,,,728.0,
2024-02-29 08:00:00,44.5,144.0,2.38,9.48,8.93,10.07,21.68,0.32,29.66,0.22,2.48,,,,,20.12,82.75,,176.25,,,,728.5,
2024-02-29 09:00:00,43.5,139.5,2.48,9.35,9.02,10.5,23.2,0.47,29.22,0.3,2.65,,,,,22.62,83.5,,143.75,,,,729.0,
2024-02-29 10:00:00,26.5,114.0,2.52,9.05,8.98,10.6,21.82,0.33,29.29,0.22,2.48,,,,,26.48,83.25,,134.0,,,,729.0,
2024-02-29 11:00:00,24.25,79.5,2.65,8.48,8.85,10.82,18.6,0.31,28.98,0.2,2.08,,,,,30.35,83.25,,159.75,,,,728.25,
2024-02-29 12:00:00,21.25,81.5,2.6,8.5,8.72,10.95,18.35,0.26,29.64,0.2,2.05,,,,,32.62,84.25,,144.25,,,,727.75,
2024-02-29 13:00:00,20.5,82.5,2.45,8.82,8.72,10.92,18.35,0.19,29.6,0.2,2.05,,,,,33.9,84.25,,138.5,,,,727.0,
2024-02-29 14:00:00,25.75,121.25,2.22,8.95,8.4,11.0,19.42,0.11,29.3,0.2,2.15,,,,,34.95,84.0,,139.0,,,,726.25,
2024-02-29 15:00:00,26.0,137.0,2.42,8.7,8.57,10.98,19.62,0.18,29.8,0.2,2.2,,,,,35.45,85.0,,127.75,,,,726.5,
2024-02-29 16:00:00,24.5,73.0,2.38,8.68,8.5,11.55,18.4,0.21,29.39,0.2,2.02,,,,,35.4,84.5,,118.0,,,,726.0,
2024-02-29 17:00:00,40.75,102.0,2.55,8.98,8.93,12.3,18.88,0.78,29.19,0.2,2.08,,,,,34.22,83.25,,140.5,,,,726.25,
2024-02-29 18:00:00,49.25,120.75,2.5,9.5,9.12,13.32,21.92,0.87,28.53,0.22,2.52,,,,,31.6,82.5,,141.75,,,,726.75,
2024-02-29 19:00:00,49.5,125.25,2.5,10.2,9.45,13.45,22.22,0.89,29.23,0.25,2.55,,,,,28.52,83.0,,129.75,,,,727.5,
2024-02-29 20:00:00,49.5,104.25,2.35,10.07,9.15,12.82,21.05,0.78,29.24,0.2,2.4,,,,,27.12,83.0,,118.75,,,,728.75,
2024-02-29 21:00:00,53.5,101.75,2.42,9.18,8.82,11.92,19.82,0.67,29.38,0.2,2.22,,,,,26.02,83.0,,100.5,,,,729.0,
2024-02-29 22:00:00,51.5,96.25,2.52,8.95,8.85,11.15,21.85,0.58,28.92,0.25,2.5,,,,,24.95,83.25,,137.0,,,,729.0,
2024-02-29 23:00:00,50.0,82.0,2.4,9.03,8.7,10.73,20.97,0.54,29.09,0.2,2.37,,,,,24.2,83.0,,96.67,,,,729.0,
2024-03-01 00:00:00,36.75,62.75,2.45,8.6,8.55,9.9,22.2,0.09,29.63,0.23,2.53,,,,,23.42,83.25,,115.25,,,,729.0,
2024-03-01 01:00:00,38.5,65.25,2.58,8.65,8.78,9.25,17.1,,29.39,0.2,1.88,,,,,22.67,83.25,,134.0,,,,728.0,
2024-03-01 02:00:00,35.25,54.75,2.33,8.68,8.45,8.95,13.8,,29.65,0.12,1.45,,,,,21.82,82.75,,134.0,,,,728.0,
2024-03-01 03:00:00,33.25,48.0,2.42,8.3,8.38,8.55,14.48,,29.27,0.15,1.58,,,,,21.18,83.25,,142.75,,,,728.0,
2024-03-01 04:00:00,41.75,50.75,2.35,8.62,8.4,8.43,14.42,0.01,29.61,0.15,1.52,,,,,20.65,83.75,,111.75,,,,728.0,
2024-03-01 05:00:00,38.75,60.25,2.55,8.68,8.72,8.52,14.55,0.07,29.27,0.15,1.52,,,,,20.1,83.5,,100.0,,,,728.25,
2024-03-01 06:00:00,41.75,66.75,2.6,8.52,8.75,8.77,14.38,0.19,29.25,0.15,1.55,,,,,19.7,83.0,,153.75,,,,729.0,
2024-03-01 07:00:00,47.25,92.0,2.65,8.57,8.88,9.35,14.68,0.4,29.41,0.2,1.52,,,,,19.52,83.25,,155.5,,,,729.0,
2024-03-01 08:00:00,55.25,139.5,2.4,9.15,8.82,9.98,13.98,0.34,29.09,0.1,1.45,,,,,20.45,83.0,,179.25,,,,729.75,
2024-03-01 09:00:00,49.25,124.25,2.35,8.88,8.6,10.55,13.82,0.31,29.44,0.15,1.45,,,,,22.95,82.75,,123.5,,,,730.0,
2024-03-01 10:00:00,43.5,113.5,2.42,8.68,8.57,10.7,15.45,,29.65,0.2,1.65,,,,,26.52,82.5,,147.5,,,,730.0,
2024-03-01 11:00:00,35.75,166.75,2.38,8.9,8.6,10.4,16.45,0.27,29.81,0.2,1.78,,,,,30.08,83.5,,131.75,,,,729.5,
2024-03-01 12:00:00,41.75,254.75,2.5,9.18,8.95,10.48,16.18,0.05,29.32,0.2,1.75,,,,,31.92,83.75,,128.5,,,,729.0,
2024-03-01 13:00:00,34.25,116.75,2.5,9.0,8.88,10.5,15.38,0.06,29.43,0.2,1.6,,,,,33.43,84.25,,135.25,,,,727.75,
2024-03-01 14:00:00,31.25,64.75,2.45,8.82,8.7,10.5,15.05,0.01,29.78,0.2,1.6,,,,,34.28,84.75,,139.75,,,,727.0,
2024-03-01 15:00:00,29.5,68.75,2.62,8.68,8.93,10.55,14.85,0.05,29.02,0.18,1.6,,,,,34.9,83.25,,123.5,,,,726.25,
2024-03-01 16:00:00,30.5,85.5,376.4,372.5,,,15.25,,28.17,0.2,1.6,,,,,35.15,82.0,,126.75,,,,726.5,
2024-03-01 17:00:00,31.25,99.0,2.87,,355.25,,13.88,0.82,29.43,0.1,1.45,,,,,34.48,82.5,,145.5,,,,727.0,
2024-03-01 18:00:00,37.0,120.75,4.9,412.88,227.62,,15.1,0.46,29.48,0.18,1.6,,,,,31.98,83.75,,159.5,,,,727.0,
2024-03-01 19:00:00,38.5,123.75,6.22,309.77,174.9,,15.73,0.53,29.34,0.18,1.7,,,,,28.8,80.75,,127.5,,,,728.0,
2024-03-01 20:00:00,50.75,100.5,5.1,219.4,124.98,,16.58,0.37,29.32,0.2,1.8,,,,,27.28,82.0,,124.5,,,,728.5,
2024-03-01 21:00:00,46.25,102.0,4.8,176.55,101.72,,16.65,0.38,30.16,0.2,1.8,,,,,26.05,83.5,,109.75,,,,729.0,
2024-03-01 22:00:00,44.0,88.5,4.6,147.8,86.1,,14.8,0.34,29.54,0.18,1.55,,,,,25.15,83.25,,121.25,,,,729.25,
2024-03-01 23:00:00,43.0,73.5,4.22,132.1,77.12,,13.92,0.15,29.72,0.1,1.48,,,,,24.52,82.5,,117.5,,,,729.0,
2024-03-02 00:00:00,41.5,68.0,4.08,113.95,67.25,,15.27,0.16,30.1,0.2,1.63,,,,,23.8,83.25,,120.0,,,,729.0,
2024-03-02 01:00:00,44.25,65.0,3.9,100.98,60.05,,12.05,0.14,29.6,0.12,1.23,,,,,23.05,83.25,,88.0,,,,728.25,
2024-03-02 02:00:00,40.5,64.25,3.95,90.95,54.8,,9.5,0.14,29.35,0.1,0.9,,,,,22.42,82.75,,102.0,,,,728.0,
2024-03-02 03:00:00,44.25,61.0,3.5,83.05,49.88,,10.5,0.08,29.05,0.1,1.02,,,,,21.78,83.0,,99.0,,,,727.75,
2024-03-02 04:00:00,42.25,60.5,3.5,73.53,44.75,,9.93,0.12,28.89,0.1,0.95,,,,,21.3,83.5,,87.25,,,,727.0,
2024-03-02 05:00:00,40.5,67.75,3.5,70.4,43.15,,11.0,0.16,29.22,0.1,1.08,,,,,20.92,83.25,,100.75,,,,727.25,
2024-03-02 06:00:00,36.75,69.25,3.45,65.03,40.17,,11.48,0.15,29.46,0.1,1.15,,,,,20.58,82.75,,176.5,,,,728.0,
2024-03-02 07:00:00,51.0,109.25,3.22,55.58,34.83,,8.82,0.3,29.63,0.1,0.8,,,,,20.32,84.0,,216.0,,,,728.75,
2024-03-02 08:00:00,58.75,202.75,3.1,56.28,34.98,,10.88,0.3,28.8,0.1,1.05,,,,,21.3,82.75,,155.25,,,,729.25,
2024-03-02 09:00:00,53.5,206.25,3.22,56.82,35.5,,10.65,0.3,29.46,0.1,1.05,,,,,23.9,82.25,,162.75,,,,730.0,
2024-03-02 10:00:00,46.25,255.75,3.18,58.02,36.03,,12.62,0.3,29.05,0.1,1.32,,,,,27.22,82.0,,145.0,,,,730.0,
2024-03-02 11:00:00,38.25,187.25,3.15,51.4,31.98,,11.55,0.27,30.53,0.1,1.18,,,,,30.6,82.0,,152.25,,,,729.0,
2024-03-02 12:00:00,40.75,152.5,3.25,28.28,17.7,2.22,11.85,0.22,35.64,0.1,1.2,,,,,32.48,83.25,,144.5,,,,728.5,
2024-03-02 13:00:00,42.0,174.25,3.62,28.28,18.0,3.02,10.7,0.01,36.6,0.1,1.0,,,,,33.08,83.0,,133.0,,,,728.0,
2024-03-02 14:00:00,31.5,98.25,2.95,27.38,16.95,3.75,10.4,2.41,36.46,0.1,1.0,,,,,34.43,82.25,,163.0,,,,727.0,
2024-03-02 15:00:00,34.25,97.25,1.08,24.25,13.8,6.5,10.82,0.35,56.54,0.1,1.05,,,,,35.1,81.5,,130.25,,,,726.5,
2024-03-02 16:00:00,31.0,111.5,0.7,20.5,11.48,8.85,12.88,0.3,56.83,0.1,1.32,,,,,34.65,84.75,,148.5,,,,726.5,
2024-03-02 17:00:00,37.75,111.75,0.65,18.25,10.22,10.8,13.22,0.42,56.25,0.1,1.35,,,,,32.92,83.5,,124.75,,,,726.0,
2024-03-02 18:00:00,41.0,102.0,0.85,22.42,12.62,9.3,13.18,0.46,56.3,0.1,1.38,,,,,30.98,82.25,,152.0,,,,727.0,
2024-03-02 19:00:00,45.0,111.75,0.82,20.45,11.58,10.8,15.75,0.55,56.52,0.2,1.7,,,,,28.18,83.75,,160.25,,,,727.25,
2024-03-02 20:00:00,49.5,116.0,0.65,19.95,11.12,11.78,13.58,0.53,56.84,0.12,1.42,,,,,26.98,83.25,,168.25,,,,728.0,
2024-03-02 21:00:00,52.5,116.25,0.55,20.4,11.28,10.75,14.0,0.45,56.51,0.15,1.45,,,,,26.15,82.0,,188.25,,,,728.25,
2024-03-02 22:00:00,47.75,101.25,0.43,19.8,10.82,11.28,15.92,0.31,56.48,0.2,1.72,,,,,25.55,84.0,,185.5,,,,728.0,
2024-03-02 23:00:00,50.75,106.0,0.42,18.35,10.12,11.08,16.52,0.18,56.99,0.2,1.8,,,,,24.88,83.5,,185.5,,,,728.5,
2024-03-03 00:00:00,64.0,102.5,0.6,19.88,11.05,9.52,17.07,,56.3,0.2,1.87,,,,,24.02,83.25,,166.5,,,,728.0,
2024-03-03 01:00:00,76.5,114.75,0.57,18.18,10.15,9.43,24.3,0.3,56.7,0.3,2.8,,,,,23.38,82.5,,162.5,,,,727.25,
2024-03-03 02:00:00,98.5,132.5,0.88,18.2,10.4,9.15,23.6,0.29,55.92,0.25,2.7,,,,,22.8,82.5,,164.0,,,,727.0,
2024-03-03 03:00:00,107.75,145.5,0.68,17.2,9.7,9.0,29.25,,56.62,0.32,3.48,,,,,22.08,84.0,,162.5,,,,727.0,
2024-03-03 04:00:00,111.0,148.25,0.48,18.35,10.15,8.4,27.08,0.38,56.1,0.3,3.15,,,,,21.55,83.0,,180.25,,,,727.0,
2024-03-03 05:00:00,109.0,135.5,0.7,16.75,9.48,8.72,23.88,0.54,56.62,0.3,2.75,,,,,20.85,83.75,,180.0,,,,728.0,
2024-03-03 06:00:00,122.5,145.5,0.72,16.62,9.4,9.62,24.45,0.54,55.98,0.3,2.85,,,,,20.1,82.25,,177.75,,,,728.0,
2024-03-03 07:00:00,126.75,178.5,0.45,16.12,8.98,10.2,28.2,0.63,56.84,0.3,3.3,,,,,20.38,84.5,,157.25,,,,728.75,
2024-03-03 08:00:00,123.5,250.5,0.35,16.7,9.2,11.2,29.17,0.67,56.37,0.35,3.45,,,,,21.65,83.0,,186.5,,,,729.0,
2024-03-03 09:00:00,109.75,315.5,0.57,17.42,9.72,10.75,32.28,0.61,55.95,0.4,3.85,,,,,23.72,81.0,,188.25,,,,729.0,
2024-03-03 10:00:00,85.25,286.0,0.48,16.12,8.98,10.58,28.88,0.54,56.36,0.32,3.4,,,,,26.72,82.75,,176.75,,,,729.0,
2024-03-03 11:00:00,69.75,206.25,0.5,14.35,8.02,11.45,20.92,0.6,56.1,0.2,2.4,,,,,29.85,83.5,,149.25,,,,728.5,
2024-03-03 12:00:00,76.5,164.25,0.5,14.85,8.28,11.18,18.23,0.55,56.14,0.2,2.0,,,,,32.03,82.5,,192.25,,,,728.0,
2024-03-03 13:00:00,82.0,157.5,0.32,15.9,8.72,10.48,19.12,0.56,55.86,0.2,2.1,,,,,32.98,82.25,,175.25,,,,727.0,
2024-03-03 14:00:00,78.25,149.0,0.55,14.25,8.02,11.1,17.82,0.54,56.69,0.2,1.98,,,,,34.1,82.5,,140.0,,,,726.5,
2024-03-03 15:00:00,58.75,161.25,0.4,13.02,7.22,12.05,17.88,0.52,56.26,0.2,1.98,,,,,35.05,84.5,,155.25,,,,725.75,
2024-03-03 16:00:00,61.25,144.5,0.48,12.35,6.95,12.8,20.45,0.53,56.19,0.2,2.3,,,,,35.25,83.75,,139.5,,,,725.25,
2024-03-03 17:00:00,63.75,148.75,0.35,12.25,6.82,13.18,22.22,0.5,56.03,0.25,2.55,,,,,34.85,83.75,,178.0,,,,726.0,
2024-03-03 18:00:00,69.0,228.0,0.5,12.55,7.08,14.12,20.45,0.84,56.3,0.2,2.32,,,,,32.28,84.5,,86.75,,,,726.0,
2024-03-03 19:00:00,67.75,180.0,0.48,13.72,7.68,14.55,20.58,0.77,55.64,0.2,2.33,,,,,29.22,83.75,,163.0,,,,726.5,
2024-03-03 20:00:00,65.25,127.0,0.25,12.77,7.0,14.88,17.92,0.76,55.43,0.2,1.95,,,,,28.12,83.75,,193.5,,,,727.25,
2024-03-03 21:00:00,66.5,132.0,0.42,14.23,7.98,14.02,16.1,0.68,56.44,0.2,1.72,,,,,27.12,83.25,,142.75,,,,727.5,
2024-03-03 22:00:00,56.25,130.0,0.35,14.02,7.78,13.15,15.4,0.59,56.75,0.2,1.65,,,,,26.3,83.5,,134.75,,,,728.0,
2024-03-03 23:00:00,46.25,100.0,0.38,13.32,7.42,12.72,14.8,0.52,56.62,0.2,1.58,,,,,25.22,83.75,,153.0,,,,728.0,
2024-03-04 00:00:00,44.25,82.5,0.35,13.0,7.2,12.32,14.8,0.49,56.71,0.17,1.57,,,,,24.48,83.5,,171.75,,,,728.0,
2024-03-04 01:00:00,53.0,82.5,0.22,11.78,6.42,12.65,12.8,0.46,50.06,0.1,1.3,,,,,23.62,82.25,,182.25,,,,727.0,
2024-03-04 02:00:00,49.75,78.25,0.3,12.6,6.95,11.9,13.2,0.42,28.15,0.1,1.38,,,,,22.98,83.5,,194.75,,,,727.0,
2024-03-04 03:00:00,50.75,83.5,0.1,11.58,6.15,11.9,13.45,0.44,28.05,0.1,1.4,,,,,22.52,84.75,,232.5,,,,727.0,
2024-03-04 04:00:00,55.25,91.25,0.45,11.28,6.38,12.08,12.85,0.42,28.12,0.12,1.3,,,,,22.15,83.75,,231.25,,,,727.0,
2024-03-04 05:00:00,54.25,76.5,0.4,11.42,6.4,12.15,13.42,0.44,28.44,0.1,1.4,,,,,21.62,84.0,,235.25,,,,727.5,
2024-03-04 06:00:00,60.75,117.25,0.43,11.42,6.42,12.6,13.2,0.5,28.05,0.1,1.38,,,,,21.22,83.0,,225.0,,,,727.5,
2024-03-04 07:00:00,70.0,192.5,0.52,12.55,7.1,12.5,14.12,0.21,28.22,0.15,1.52,,,,,21.12,83.25,,194.5,,,,728.0,
2024-03-04 08:00:00,72.0,115.75,0.32,10.85,6.02,13.5,14.38,0.42,28.18,0.15,1.5,,,,,22.7,83.5,,221.0,,,,728.75,
2024-03-04 09:00:00,68.75,102.75,0.28,11.55,6.38,13.22,14.55,0.58,28.2,0.15,1.52,,,,,24.1,83.75,,237.5,,,,729.25,
2024-03-04 10:00:00,63.0,91.25,0.32,10.8,5.98,13.3,14.15,0.56,28.21,0.12,1.48,,,,,26.3,84.0,,237.75,,,,728.75,
2024-03-04 11:00:00,50.5,88.25,0.27,10.32,5.7,13.42,12.9,0.54,28.14,0.1,1.32,,,,,29.15,83.75,,193.75,,,,728.5,
2024-03-04 12:00:00,56.75,95.5,0.25,10.52,5.8,13.9,13.12,0.58,28.08,0.1,1.38,,,,,32.17,83.25,,171.0,,,,727.5,
2024-03-04 13:00:00,51.25,101.25,0.25,10.62,5.82,13.98,13.68,0.6,28.2,0.1,1.45,,,,,34.67,83.75,,177.0,,,,726.75,
2024-03-04 14:00:00,47.25,123.75,0.42,10.5,5.92,14.15,13.78,0.59,28.32,0.1,1.4,,,,,35.55,83.75,,190.0,,,,726.0,
2024-03-04 15:00:00,47.0,138.0,0.3,10.7,5.9,14.05,14.0,0.46,28.2,0.12,1.48,,,,,36.58,83.5,,187.5,,,,725.0,
2024-03-04 16:00:00,37.75,101.5,0.37,9.98,5.52,14.68,13.98,0.78,28.18,0.12,1.48,,,,,36.5,84.75,,135.25,,,,725.0,
2024-03-04 17:00:00,49.75,133.75,0.3,10.65,5.92,16.2,14.58,1.04,27.81,0.15,1.52,,,,,35.98,84.0,,177.75,,,,725.75,
2024-03-04 18:00:00,69.5,215.25,0.52,13.6,7.65,19.4,17.27,2.21,28.32,0.2,1.88,,,,,33.45,83.0,,196.25,,,,726.0,
2024-03-04 19:00:00,91.25,341.25,0.28,16.6,9.02,22.62,18.62,1.68,28.24,0.2,2.05,,,,,30.4,84.0,,170.25,,,,726.5,
2024-03-04 20:00:00,74.25,170.5,0.38,18.52,10.15,19.1,19.05,1.16,27.94,0.2,2.1,,,,,29.45,83.0,,117.0,,,,727.75,
2024-03-04 21:00:00,58.25,163.25,0.25,15.95,8.65,17.05,18.08,0.87,27.98,0.2,2.0,,,,,28.0,83.25,,110.25,,,,728.25,
2024-03-04 22:00:00,61.0,114.25,0.1,14.2,7.6,15.68,18.42,0.8,28.08,0.2,2.02,,,,,26.55,83.75,,126.0,,,,728.5,
2024-03-04 23:00:00,55.5,97.5,0.2,13.15,7.08,14.55,16.6,0.7,28.02,0.2,1.8,,,,,25.6,83.0,,106.0,,,,728.5,
2024-03-05 00:00:00,46.0,88.0,0.38,12.35,6.88,13.62,15.77,,28.51,0.2,1.7,,,,,24.82,83.5,,151.0,,,,728.0,
2024-03-05 01:00:00,43.0,80.5,0.3,10.82,6.0,13.58,12.38,0.4,28.2,0.12,1.25,,,,,24.15,83.75,,174.75,,,,728.25,
2024-03-05 02:00:00,49.75,82.0,0.4,10.72,6.05,13.3,11.38,0.42,28.33,0.1,1.15,,,,,23.48,83.75,,225.0,,,,727.5,
2024-03-05 03:00:00,45.0,92.25,0.28,10.45,5.8,12.9,10.1,0.48,28.35,0.1,0.98,,,,,22.65,84.25,,233.0,,,,727.5,
2024-03-05 04:00:00,51.5,71.5,0.2,11.12,6.05,12.7,10.07,,28.27,0.1,1.0,,,,,22.08,84.25,,237.5,,,,727.25,
2024-03-05 05:00:00,54.0,83.5,0.28,10.68,5.9,12.72,9.45,,27.88,0.1,0.88,,,,,21.6,83.5,,232.25,,,,727.25,
2024-03-05 06:00:00,59.25,107.75,0.35,10.98,6.1,12.82,11.0,0.62,28.1,0.1,1.08,,,,,21.15,83.5,,228.75,,,,727.75,
2024-03-05 07:00:00,68.75,152.0,0.25,10.62,5.88,13.92,10.88,0.81,28.42,0.1,1.05,,,,,20.92,83.75,,203.25,,,,728.0,
2024-03-05 08:00:00,84.0,180.75,0.3,11.4,6.28,14.05,20.7,0.8,28.05,0.22,2.33,,,,,22.28,82.5,,213.0,,,,728.25,
2024-03-05 09:00:00,98.0,150.75,0.3,10.88,6.02,14.08,29.15,0.6,28.4,0.32,3.45,,,,,25.05,83.25,,185.75,,,,729.0,
2024-03-05 10:00:00,78.0,127.75,0.32,11.62,6.45,14.08,27.15,0.64,28.22,0.32,3.2,,,,,28.38,82.75,,204.25,,,,728.75,
2024-03-05 11:00:00,73.5,136.5,0.42,11.28,6.32,14.2,17.47,0.6,28.01,0.2,1.92,,,,,32.38,83.75,,180.25,,,,728.0,
2024-03-05 12:00:00,53.0,143.0,0.38,10.28,5.75,14.8,13.8,0.54,28.05,0.12,1.45,,,,,35.12,84.0,,170.5,,,,727.5,
2024-03-05 13:00:00,54.75,123.5,0.28,10.3,5.72,14.95,13.4,,27.94,0.1,1.38,,,,,36.55,83.75,,170.5,,,,727.0,
2024-03-05 14:00:00,41.5,110.0,0.18,10.35,5.65,14.98,13.5,,27.98,0.1,1.42,,,,,37.17,83.5,,153.5,,,,725.75,
2024-03-05 15:00:00,39.25,126.25,0.2,10.68,5.85,14.75,12.1,0.43,28.04,0.1,1.2,,,,,37.72,83.25,,153.0,,,,725.75,
2024-03-05 16:00:00,33.75,95.5,0.48,10.92,6.2,15.4,12.38,0.72,27.98,0.1,1.27,,,,,37.7,83.0,,136.25,,,,725.25,
2024-03-05 17:00:00,29.5,103.75,0.42,11.25,6.32,16.5,11.45,0.77,28.12,0.1,1.15,,,,,36.85,83.25,,107.75,,,,725.5,
2024-03-05 18:00:00,46.0,118.75,0.23,10.98,6.0,17.15,13.3,0.83,28.28,0.1,1.38,,,,,34.22,84.0,,143.75,,,,726.0,
2024-03-05 19:00:00,44.0,135.0,0.38,11.22,6.28,17.25,12.0,0.88,28.15,0.1,1.2,,,,,30.82,84.0,,136.75,,,,726.5,
2024-03-05 20:00:00,39.5,139.0,0.33,11.18,6.15,16.42,14.82,0.8,28.07,0.18,1.6,,,,,29.08,83.75,,119.25,,,,727.25,
2024-03-05 21:00:00,45.75,104.0,0.3,11.02,6.1,16.12,13.2,0.78,28.16,0.1,1.38,,,,,27.83,84.0,,120.25,,,,727.75,
2024-03-05 22:00:00,49.5,95.5,0.35,10.7,5.92,15.42,13.52,0.65,28.2,0.1,1.38,,,,,26.72,84.0,,137.5,,,,728.0,
2024-03-05 23:00:00,45.0,87.75,0.13,10.25,5.55,14.98,12.62,0.59,28.21,0.1,1.3,,,,,25.7,84.0,,169.75,,,,728.25,
2024-03-06 00:00:00,45.25,86.0,0.18,10.05,5.48,14.32,12.03,0.5,28.25,0.1,1.2,,,,,24.92,84.0,,205.0,,,,728.33,
2024-03-06 01:00:00,45.0,79.5,0.45,10.35,5.88,13.8,13.68,0.53,28.17,0.1,1.42,,,,,24.22,83.0,,198.5,,,,728.0,
2024-03-06 02:00:00,42.75,71.25,0.32,9.68,5.4,13.8,14.78,0.5,28.05,0.18,1.58,,,,,23.52,84.0,,234.0,,,,727.5,
2024-03-06 03:00:00,44.0,78.5,0.43,10.02,5.68,13.52,14.38,0.52,28.27,0.12,1.52,,,,,22.98,83.75,,202.25,,,,727.0,
2024-03-06 04:00:00,48.25,94.25,0.32,9.45,5.32,13.7,18.9,0.56,28.17,0.22,2.1,,,,,22.92,84.5,,188.5,,,,727.0,
2024-03-06 05:00:00,74.75,133.75,0.32,9.85,5.52,13.65,30.35,0.5,28.01,0.35,3.58,,,,,22.92,83.25,,190.0,,,,727.25,
2024-03-06 06:00:00,84.5,127.75,0.23,10.07,5.52,13.82,29.25,0.61,28.14,0.35,3.48,,,,,22.65,83.75,,220.25,,,,728.0,
2024-03-06 07:00:00,68.25,130.75,0.18,10.45,5.7,14.38,22.72,0.61,28.24,0.25,2.6,,,,,22.6,83.25,,234.5,,,,728.0,
2024-03-06 08:00:00,59.25,102.0,0.28,9.72,5.38,14.78,20.4,0.65,28.06,0.2,2.28,,,,,23.17,83.75,,230.0,,,,729.0,
2024-03-06 09:00:00,58.25,94.25,0.33,9.25,5.12,14.9,18.55,0.63,28.19,0.2,2.05,,,,,24.55,84.0,,223.5,,,,729.25,
2024-03-06 10:00:00,63.5,106.25,0.32,9.07,5.1,14.85,22.25,0.64,28.18,0.28,2.52,,,,,27.0,84.25,,241.25,,,,729.0,
2024-03-06 11:00:00,62.25,100.5,0.22,8.9,4.95,14.9,19.82,0.59,28.32,0.2,2.2,,,,,30.0,84.0,,203.0,,,,728.75,
2024-03-06 12:00:00,47.25,93.0,0.22,9.5,5.25,14.68,17.7,0.57,28.21,0.2,1.98,,,,,32.15,83.5,,199.5,,,,728.0,
2024-03-06 13:00:00,52.0,102.75,0.3,9.15,5.15,14.85,17.82,0.65,28.15,0.2,1.98,,,,,33.55,84.0,,198.0,,,,727.0,
2024-03-06 14:00:00,47.75,105.75,0.27,9.22,5.07,15.25,16.65,0.64,28.08,0.2,1.8,,,,,34.88,83.75,,201.75,,,,726.0,
2024-03-06 15:00:00,52.75,112.25,0.28,9.52,5.25,15.48,15.82,0.76,28.16,0.2,1.7,,,,,35.9,83.5,,154.5,,,,725.75,
2024-03-06 16:00:00,51.0,132.0,0.15,9.5,5.18,15.88,16.4,0.74,28.31,0.2,1.78,,,,,35.92,83.5,,201.5,,,,725.25,
2024-03-06 17:00:00,49.25,159.0,0.2,9.55,5.25,16.65,16.2,0.92,28.15,0.2,1.78,,,,,33.83,84.0,,218.25,,,,725.5,
2024-03-06 18:00:00,64.25,249.0,0.28,11.6,6.4,20.2,18.67,1.85,28.24,0.2,2.1,,,,,32.03,84.0,,248.75,,,,726.25,
2024-03-06 19:00:00,90.25,421.25,0.4,18.68,10.28,28.4,24.22,2.42,28.05,0.3,2.8,,,,,29.78,84.0,,143.75,,,,726.75,
2024-03-06 20:00:00,64.75,247.0,0.4,20.68,11.32,23.15,24.25,0.83,28.17,0.3,2.8,,,,,28.78,84.0,,125.5,,,,727.75,
2024-03-06 21:00:00,60.25,120.75,0.2,17.55,9.38,19.42,24.48,0.74,28.22,0.3,2.85,,,,,27.5,83.75,,138.75,,,,728.25,
2024-03-06 22:00:00,66.25,128.0,0.25,15.85,8.62,16.75,28.88,0.64,28.21,0.32,3.42,,,,,26.4,83.5,,168.75,,,,728.25,
2024-03-06 23:00:00,66.0,118.25,0.38,13.1,7.3,15.45,29.05,0.58,28.52,0.3,3.42,,,,,25.62,83.25,,218.25,,,,728.0,
2024-03-07 00:00:00,70.25,100.0,0.25,12.1,6.65,14.42,29.37,0.13,28.27,0.3,3.47,,,,,24.88,83.5,,187.0,,,,728.0,
2024-03-07 01:00:00,66.25,106.25,0.35,11.68,6.5,13.72,25.78,0.1,28.29,0.3,3.0,,,,,23.95,83.25,,228.75,,,,727.25,
2024-03-07 02:00:00,71.0,107.25,0.2,10.65,5.8,13.68,22.83,0.16,28.27,0.3,2.6,,,,,23.08,83.75,,228.25,,,,727.0,
2024-03-07 03:00:00,75.0,110.75,0.25,10.82,5.95,13.38,20.92,0.19,28.46,0.2,2.38,,,,,22.68,83.75,,227.5,,,,726.25,
2024-03-07 04:00:00,77.5,113.0,0.13,10.45,5.65,13.5,19.7,0.2,28.17,0.2,2.2,,,,,22.6,84.0,,227.5,,,,726.0,
2024-03-07 05:00:00,72.0,96.5,0.25,9.52,5.28,14.08,16.73,0.24,28.41,0.2,1.82,,,,,22.4,83.75,,231.25,,,,726.75,
2024-03-07 06:00:00,60.75,106.5,0.1,9.45,5.05,14.7,13.68,,28.18,0.12,1.4,,,,,21.72,83.25,,234.75,,,,727.5,
2024-03-07 07:00:00,64.0,125.75,0.1,10.55,5.68,15.4,14.12,0.68,27.92,0.12,1.48,,,,,21.82,82.75,,216.0,,,,728.0,
2024-03-07 08:00:00,63.5,126.75,0.25,10.8,5.88,15.08,16.52,0.24,28.63,0.2,1.8,,,,,23.28,84.5,,215.0,,,,728.25,
2024-03-07 09:00:00,53.75,103.25,0.22,10.12,5.6,15.0,16.9,0.26,28.25,0.2,1.85,,,,,25.25,83.25,,226.5,,,,729.0,
2024-03-07 10:00:00,50.5,95.25,0.15,9.32,4.97,15.42,14.73,0.48,28.23,0.18,1.58,,,,,27.9,84.25,,171.5,,,,728.75,
2024-03-07 11:00:00,34.25,87.25,0.27,9.8,5.4,15.28,13.78,0.45,27.88,0.12,1.45,,,,,31.42,83.25,,189.0,,,,728.0,
2024-03-07 12:00:00,36.75,89.75,0.2,9.05,4.97,14.98,14.35,0.36,27.83,0.15,1.5,,,,,33.05,83.0,,214.5,,,,727.5,
2024-03-07 13:00:00,40.75,95.25,0.12,8.28,4.55,15.38,12.52,0.38,27.98,0.1,1.27,,,,,33.88,84.75,,180.25,,,,726.5,
2024-03-07 14:00:00,38.75,94.5,0.22,8.9,4.92,15.3,13.4,0.45,28.18,0.1,1.42,,,,,35.92,83.75,,202.0,,,,725.5,
2024-03-07 15:00:00,44.5,96.25,0.17,8.65,4.72,15.55,13.08,0.4,27.87,0.1,1.38,,,,,36.2,83.0,,171.5,,,,725.0,
2024-03-07 16:00:00,48.75,119.5,0.2,9.18,5.05,16.4,12.55,,27.97,0.1,1.27,,,,,36.67,82.0,,193.0,,,,725.0,
2024-03-07 17:00:00,57.0,138.5,0.43,9.15,5.15,17.7,13.98,,28.21,0.1,1.48,,,,,35.85,81.0,,216.75,,,,725.25,
2024-03-07 18:00:00,69.25,253.0,0.32,12.32,6.8,20.15,15.7,1.84,28.01,0.2,1.68,,,,,33.52,83.5,,251.75,,,,725.5,
2024-03-07 19:00:00,99.5,456.5,0.38,15.4,8.48,22.35,18.88,1.94,28.12,0.2,2.08,,,,,30.18,83.5,,173.75,,,,726.25,
2024-03-07 20:00:00,78.25,184.5,0.43,15.88,8.8,21.8,21.32,1.38,28.07,0.2,2.42,,,,,28.9,83.75,,130.0,,,,727.5,
2024-03-07 21:00:00,77.0,174.5,0.18,16.0,8.65,19.8,28.15,1.08,28.32,0.35,3.32,,,,,28.52,83.0,,119.5,,,,728.0,
2024-03-07 22:00:00,96.0,150.5,0.32,15.45,8.5,17.32,40.08,0.85,28.16,0.45,4.85,,,,,27.15,83.5,,174.5,,,,728.0,
2024-03-07 23:00:00,116.0,154.5,,13.48,7.12,15.45,51.72,0.7,28.33,0.6,6.35,,,,,26.22,83.75,,176.75,,,,728.0,
2024-03-08 00:00:00,110.5,150.0,0.55,11.9,6.78,14.28,56.47,0.7,28.52,0.63,7.0,,,,,25.52,83.75,,185.25,,,,728.0,
2024-03-08 01:00:00,102.25,134.0,0.18,12.2,6.62,13.52,56.1,0.76,28.3,0.62,6.9,,,,,24.9,83.75,,205.25,,,,727.25,
2024-03-08 02:00:00,98.25,113.25,0.25,11.7,6.38,13.28,47.78,0.3,28.24,0.57,5.88,,,,,24.35,83.5,,200.75,,,,727.0,
2024-03-08 03:00:00,90.75,113.5,0.2,11.9,6.5,12.98,45.22,0.3,28.18,0.5,5.55,,,,,23.42,84.0,,243.5,,,,727.0,
2024-03-08 04:00:00,81.25,107.75,0.45,11.02,6.2,13.05,38.9,0.45,28.46,0.43,4.7,,,,,22.85,83.75,,241.75,,,,727.0,
2024-03-08 05:00:00,73.75,97.75,0.38,11.12,6.2,13.25,35.4,0.61,28.3,0.4,4.25,,,,,22.68,83.5,,238.0,,,,727.0,
2024-03-08 06:00:00,72.25,106.0,0.3,10.5,5.88,13.68,25.92,0.53,28.18,0.3,3.0,,,,,22.58,83.75,,215.75,,,,727.5,
2024-03-08 07:00:00,58.0,108.5,0.2,9.98,5.45,14.35,21.48,0.41,28.36,0.2,2.45,,,,,22.78,83.5,,196.5,,,,728.0,
2024-03-08 08:00:00,46.5,116.0,0.3,9.93,5.52,14.58,20.38,0.47,28.4,0.2,2.3,,,,,23.9,83.75,,206.5,,,,728.75,
2024-03-08 09:00:00,40.25,117.0,0.45,9.52,5.45,14.62,20.0,0.46,28.36,0.22,2.25,,,,,25.42,81.75,,201.75,,,,729.0,
2024-03-08 10:00:00,44.0,119.25,0.22,10.02,5.5,14.35,19.7,0.42,28.03,0.22,2.2,,,,,27.8,83.0,,224.75,,,,729.0,
2024-03-08 11:00:00,43.0,106.75,0.35,9.48,5.32,14.12,14.82,0.39,27.94,0.15,1.55,,,,,29.8,82.0,,223.25,,,,728.5,
2024-03-08 12:00:00,41.5,75.25,0.32,9.85,5.55,14.08,11.3,0.45,27.97,0.1,1.12,,,,,31.92,81.25,,211.75,,,,727.75,
2024-03-08 13:00:00,46.5,72.25,0.25,8.02,4.42,14.85,12.0,0.42,28.05,0.1,1.23,,,,,34.02,84.5,,216.0,,,,727.0,
2024-03-08 14:00:00,46.25,74.75,0.38,8.45,4.8,14.58,13.2,0.42,28.14,0.1,1.38,,,,,34.83,83.75,,208.5,,,,726.0,
2024-03-08 15:00:00,44.75,88.5,0.43,8.88,5.05,14.8,11.9,0.44,28.28,0.1,1.2,,,,,35.7,81.75,,181.5,,,,726.0,
2024-03-08 16:00:00,55.5,93.75,0.3,9.07,5.08,15.45,13.1,0.62,28.29,0.1,1.35,,,,,36.88,83.0,,142.25,,,,725.0,
2024-03-08 17:00:00,53.5,114.75,0.3,8.55,4.82,16.55,13.3,0.67,28.32,0.1,1.38,,,,,35.35,84.5,,122.5,,,,725.25,
2024-03-08 18:00:00,58.25,146.25,0.25,9.38,5.22,17.27,13.05,0.84,28.06,0.1,1.35,,,,,32.9,83.5,,180.75,,,,725.75,
2024-03-08 19:00:00,75.5,215.5,0.22,10.0,5.52,17.88,14.85,0.9,28.02,0.18,1.6,,,,,30.15,83.25,,230.25,,,,726.0,
2024-03-08 20:00:00,74.5,164.0,0.35,11.85,6.58,17.38,17.08,0.96,28.22,0.2,1.85,,,,,28.92,81.5,,218.5,,,,727.0,
2024-03-08 21:00:00,78.25,163.5,0.3,11.1,6.15,16.85,16.75,0.69,28.38,0.2,1.85,,,,,28.38,83.75,,142.0,,,,727.5,
2024-03-08 22:00:00,54.0,118.75,0.3,10.95,6.1,15.9,14.75,0.54,28.06,0.18,1.58,,,,,27.95,83.0,,193.0,,,,728.0,
2024-03-08 23:00:00,43.5,96.0,0.27,9.82,5.42,15.52,13.55,0.5,27.98,0.1,1.42,,,,,26.85,83.25,,165.5,,,,728.0,
2024-03-09 00:00:00,44.5,88.25,0.12,9.88,5.38,14.95,14.37,0.29,27.85,0.17,1.53,,,,,26.6,82.25,,216.5,,,,728.0,
2024-03-09 01:00:00,36.75,76.25,0.15,8.98,4.85,14.85,13.65,0.32,28.26,0.1,1.45,,,,,26.12,83.5,,232.25,,,,727.5,
2024-03-09 02:00:00,46.25,86.5,0.1,8.57,4.55,14.88,12.8,0.37,28.1,0.1,1.32,,,,,25.52,82.25,,238.75,,,,727.0,
2024-03-09 03:00:00,50.0,103.25,0.4,9.75,5.28,14.32,14.5,0.38,28.06,0.15,1.55,,,,,25.15,81.0,,236.5,,,,727.0,
2024-03-09 04:00:00,48.5,113.5,0.2,11.45,6.28,13.3,15.52,0.38,28.09,0.2,1.68,,,,,24.6,81.75,,185.5,,,,727.0,
2024-03-09 05:00:00,43.75,85.0,0.38,8.52,4.85,14.3,16.15,0.35,28.2,0.2,1.78,,,,,24.15,84.5,,185.25,,,,727.0,
2024-03-09 06:00:00,43.75,79.75,0.3,8.17,4.58,14.58,15.48,0.41,28.33,0.2,1.65,,,,,23.58,84.25,,192.0,,,,727.25,
2024-03-09 07:00:00,49.5,104.5,0.35,7.9,4.5,15.18,16.65,0.46,28.17,0.2,1.82,,,,,23.38,83.5,,218.0,,,,728.0,
2024-03-09 08:00:00,56.5,145.25,0.15,8.05,4.32,15.32,17.62,0.47,28.26,0.2,1.95,,,,,24.32,84.0,,183.0,,,,728.5,
2024-03-09 09:00:00,44.75,139.75,0.1,8.5,4.55,15.15,14.62,0.4,28.08,0.12,1.55,,,,,26.25,83.5,,187.25,,,,728.75,
2024-03-09 10:00:00,40.25,118.0,0.3,8.32,4.68,14.92,14.75,0.34,28.05,0.15,1.58,,,,,28.78,83.0,,209.75,,,,728.25,
2024-03-09 11:00:00,39.5,107.75,0.2,7.6,4.2,14.95,12.7,0.34,27.85,0.1,1.3,,,,,30.9,84.0,,211.25,,,,728.25,
2024-03-09 12:00:00,44.25,101.25,0.18,7.78,4.28,14.85,12.75,0.34,27.98,0.1,1.3,,,,,32.42,81.5,,203.25,,,,727.0,
2024-03-09 13:00:00,43.5,91.5,0.35,7.68,4.35,15.05,11.98,0.32,28.16,0.1,1.2,,,,,33.85,83.25,,180.0,,,,726.75,
2024-03-09 14:00:00,43.25,87.75,0.32,7.5,4.25,15.5,11.92,,28.11,0.1,1.18,,,,,35.55,83.75,,196.5,,,,725.75,
2024-03-09 15:00:00,54.5,95.0,0.1,7.62,4.1,15.88,12.8,,28.18,0.12,1.32,,,,,36.67,81.0,,197.75,,,,725.0,
2024-03-09 16:00:00,50.75,114.25,0.32,8.35,4.7,16.8,13.42,0.67,28.07,0.1,1.4,,,,,36.75,84.25,,149.0,,,,725.0,
2024-03-09 17:00:00,54.5,133.75,0.15,9.8,5.32,16.65,13.9,0.8,28.05,0.1,1.48,,,,,35.88,81.75,,222.5,,,,725.25,
2024-03-09 18:00:00,60.5,156.25,0.28,9.48,5.28,16.88,13.45,0.74,28.33,0.1,1.38,,,,,33.8,82.5,,135.75,,,,726.0,
2024-03-09 19:00:00,65.0,168.0,0.3,10.52,5.75,18.23,16.08,1.03,28.21,0.18,1.72,,,,,31.0,83.75,,200.75,,,,726.75,
2024-03-09 20:00:00,66.0,211.0,0.28,10.68,5.9,17.98,16.58,0.75,28.09,0.2,1.8,,,,,29.72,83.0,,132.25,,,,727.25,
2024-03-09 21:00:00,64.5,252.0,0.2,10.18,5.55,16.85,14.08,0.58,28.15,0.12,1.5,,,,,29.12,84.25,,159.0,,,,728.0,
2024-03-09 22:00:00,50.5,114.0,0.22,9.55,5.22,16.0,14.52,0.59,28.38,0.18,1.52,,,,,27.78,83.75,,132.5,,,,728.0,
2024-03-09 23:00:00,49.5,85.5,0.25,9.1,5.05,15.58,14.25,0.44,28.27,0.12,1.52,,,,,26.92,84.0,,143.25,,,,728.25,
2024-03-10 00:00:00,55.5,86.75,0.32,8.82,4.97,15.1,15.57,0.46,28.29,0.2,1.67,,,,,26.3,83.75,,146.5,,,,728.0,
2024-03-10 01:00:00,75.5,108.5,0.32,8.82,4.95,14.65,20.23,0.42,28.12,0.2,2.28,,,,,25.82,83.5,,177.75,,,,728.0,
2024-03-10 02:00:00,91.5,116.75,0.1,9.0,4.88,14.42,20.4,0.42,28.31,0.22,2.33,,,,,25.25,83.25,,186.75,,,,727.75,
2024-03-10 03:00:00,77.25,100.0,0.1,9.45,5.1,13.95,22.02,0.36,27.98,0.22,2.55,,,,,25.0,83.75,,197.75,,,,727.5,
2024-03-10 04:00:00,65.0,94.5,0.2,8.6,4.62,14.18,21.08,0.39,28.36,0.22,2.38,,,,,24.62,85.0,,188.5,,,,727.75,
2024-03-10 05:00:00,63.0,91.25,0.3,8.65,4.78,14.12,18.38,0.42,27.94,0.2,2.02,,,,,24.32,83.0,,185.25,,,,728.0,
2024-03-10 06:00:00,65.75,107.75,0.2,8.93,4.88,14.18,18.38,0.44,28.33,0.2,2.02,,,,,23.98,83.75,,183.5,,,,728.0,
2024-03-10 07:00:00,68.5,126.0,0.25,8.8,4.88,14.42,17.65,0.48,28.25,0.2,1.95,,,,,23.6,82.5,,141.5,,,,728.75,
2024-03-10 08:00:00,77.5,157.25,0.15,9.18,5.03,14.5,16.88,0.5,28.4,0.2,1.85,,,,,23.88,83.5,,187.0,,,,729.5,
2024-03-10 09:00:00,73.25,206.75,0.3,9.25,5.18,14.55,17.62,0.47,28.08,0.2,1.92,,,,,25.2,82.75,,191.0,,,,730.0,
2024-03-10 10:00:00,70.25,256.5,0.3,8.7,4.88,14.55,19.23,0.33,27.93,0.2,2.15,,,,,27.55,83.25,,177.25,,,,730.0,
2024-03-10 11:00:00,57.25,233.25,0.12,7.82,4.25,14.95,17.97,0.22,28.11,0.2,1.98,,,,,30.75,84.0,,182.5,,,,729.0,
2024-03-10 12:00:00,53.75,222.75,0.22,8.45,4.68,14.88,16.02,0.46,28.12,0.2,1.72,,,,,32.95,82.75,,164.0,,,,728.5,
2024-03-10 13:00:00,56.75,200.0,0.28,8.22,4.62,15.02,14.05,0.54,27.86,0.15,1.45,,,,,34.1,81.5,,157.5,,,,728.0,
2024-03-10 14:00:00,50.5,124.0,0.28,8.55,4.8,14.95,13.55,0.5,28.08,0.15,1.4,,,,,35.25,82.5,,173.5,,,,727.0,
2024-03-10 15:00:00,51.5,122.0,0.28,8.52,4.78,15.0,15.3,0.53,28.2,0.2,1.65,,,,,35.12,82.5,,145.0,,,,727.0,
2024-03-10 16:00:00,52.75,134.25,0.2,7.98,4.32,15.68,15.38,0.52,28.1,0.2,1.65,,,,,34.88,83.25,,146.25,,,,727.0,
2024-03-10 17:00:00,61.75,172.0,0.2,8.07,4.45,16.3,15.5,0.66,28.22,0.2,1.65,,,,,33.42,83.75,,132.25,,,,727.0,
2024-03-10 18:00:00,64.75,199.0,0.2,9.05,4.88,16.15,15.85,0.69,28.16,0.2,1.72,,,,,31.48,82.25,,175.5,,,,727.5,
2024-03-10 19:00:00,67.0,170.75,0.15,9.1,4.9,16.5,16.55,0.74,28.01,0.2,1.8,,,,,29.67,83.5,,176.25,,,,728.0,
2024-03-10 20:00:00,66.25,117.75,0.3,9.6,5.32,16.23,16.95,0.72,28.21,0.2,1.85,,,,,28.88,82.25,,151.0,,,,729.0,
2024-03-10 21:00:00,64.75,133.25,0.2,10.88,5.92,15.2,20.6,0.61,27.99,0.22,2.35,,,,,28.22,77.75,,119.0,,,,729.0,
2024-03-10 22:00:00,75.25,140.5,0.23,13.9,7.6,12.85,34.42,0.44,28.47,0.38,4.12,,,,,27.12,75.5,,140.25,,,,730.0,
2024-03-10 23:00:00,98.25,143.5,0.4,9.82,5.58,14.45,31.05,0.38,28.94,0.38,3.7,,,,,26.15,82.75,,129.5,,,,730.0,
2024-03-11 00:00:00,92.0,118.75,0.22,9.43,5.18,14.4,25.43,0.4,28.17,0.27,2.97,,,,,25.52,79.75,,189.75,,,,730.0,
2024-03-11 01:00:00,84.75,109.25,0.22,9.88,5.45,13.95,27.98,0.47,28.5,0.3,3.28,,,,,24.85,79.5,,186.5,,,,729.25,
2024-03-11 02:00:00,69.0,97.0,0.28,8.18,4.58,14.65,23.9,,28.32,0.28,2.78,,,,,24.28,82.5,,130.25,,,,729.0,
2024-03-11 03:00:00,55.75,84.5,0.27,8.57,4.7,14.42,25.12,0.25,27.72,0.3,2.92,,,,,23.78,82.25,,180.75,,,,729.0,
2024-03-11 04:00:00,46.0,81.0,0.2,8.57,4.72,14.38,25.15,0.14,28.12,0.3,2.92,,,,,23.3,84.0,,156.0,,,,729.0,
2024-03-11 05:00:00,50.75,72.75,0.22,7.45,4.12,14.98,21.88,0.39,28.1,0.22,2.5,,,,,22.85,83.25,,144.75,,,,729.0,
2024-03-11 06:00:00,39.25,74.0,0.15,7.2,3.82,15.48,22.42,0.52,28.18,0.28,2.58,,,,,22.28,83.0,,184.5,,,,729.75,
2024-03-11 07:00:00,46.5,104.0,0.1,7.18,3.85,16.18,21.02,0.68,28.25,0.2,2.4,,,,,22.02,83.25,,165.5,,,,730.0,
2024-03-11 08:00:00,57.0,126.0,0.33,7.72,4.3,16.95,22.42,0.73,27.75,0.25,2.58,,,,,22.9,83.25,,205.0,,,,731.0,
2024-03-11 09:00:00,57.5,133.25,0.1,8.45,4.5,17.32,24.7,0.85,27.67,0.3,2.88,,,,,25.28,83.25,,195.5,,,,731.0,
2024-03-11 10:00:00,56.5,119.25,0.1,8.55,4.6,16.75,26.1,0.63,28.06,0.3,3.08,,,,,28.6,82.75,,179.25,,,,731.0,
2024-03-11 11:00:00,52.0,123.0,0.1,8.6,4.6,15.78,23.05,0.6,28.14,0.28,2.68,,,,,31.2,83.25,,175.0,,,,730.25,
2024-03-11 12:00:00,59.25,125.75,0.35,7.88,4.47,16.12,20.02,0.57,28.04,0.2,2.25,,,,,33.3,83.0,,147.75,,,,729.5,
2024-03-11 13:00:00,53.25,109.75,0.22,8.57,4.72,15.98,20.4,0.42,28.2,0.2,2.3,,,,,35.1,83.5,,149.25,,,,728.75,
2024-03-11 14:00:00,50.0,115.0,0.15,9.45,5.18,15.48,22.18,0.59,27.81,0.25,2.52,,,,,35.4,80.5,,152.25,,,,728.0,
2024-03-11 15:00:00,46.25,106.25,0.13,9.15,4.92,15.8,21.05,0.67,28.0,0.2,2.4,,,,,36.28,82.5,,159.25,,,,727.5,
2024-03-11 16:00:00,47.0,106.25,0.25,9.02,4.88,16.15,19.8,0.45,28.22,0.2,2.22,,,,,36.05,83.25,,144.5,,,,727.5,
2024-03-11 17:00:00,56.75,112.0,0.3,8.8,4.7,17.18,22.15,0.52,28.26,0.2,2.5,,,,,35.02,84.25,,101.5,,,,727.0,
2024-03-11 18:00:00,59.5,136.25,0.32,8.52,4.8,18.33,21.52,0.8,28.06,0.2,2.48,,,,,32.7,84.0,,148.5,,,,728.0,
2024-03-11 19:00:00,59.75,141.25,0.3,9.5,5.18,18.65,22.1,0.84,28.19,0.22,2.52,,,,,30.58,83.5,,110.5,,,,728.0,
2024-03-11 20:00:00,55.25,147.5,0.12,11.88,6.4,16.9,22.88,0.67,28.14,0.3,2.65,,,,,29.22,80.75,,128.25,,,,729.0,
2024-03-11 21:00:00,52.75,124.0,0.28,9.38,5.2,16.75,22.62,0.55,28.48,0.28,2.6,,,,,27.83,84.5,,103.5,,,,729.75,
2024-03-11 22:00:00,53.5,106.75,0.22,9.07,5.0,16.05,21.22,0.51,27.96,0.2,2.4,,,,,26.78,83.75,,106.5,,,,730.0,
2024-03-11 23:00:00,56.75,92.25,0.3,8.7,4.88,15.58,21.5,0.43,28.25,0.2,2.45,,,,,25.9,84.0,,134.5,,,,729.75,
2024-03-12 00:00:00,53.0,93.5,0.22,7.88,4.38,15.25,22.0,0.41,28.06,0.2,2.5,,,,,25.15,83.5,,206.75,,,,729.0,
2024-03-12 01:00:00,53.5,84.25,0.28,8.0,4.5,14.92,16.2,0.35,28.02,0.18,1.72,,,,,24.52,83.5,,212.5,,,,729.5,
2024-03-12 02:00:00,56.25,79.75,0.17,7.9,4.3,14.75,13.73,0.35,28.21,0.15,1.4,,,,,23.85,84.0,,208.0,,,,729.0,
2024-03-12 03:00:00,62.0,89.25,0.2,8.22,4.42,14.48,21.22,0.36,28.32,0.25,2.4,,,,,23.28,83.25,,207.5,,,,729.0,
2024-03-12 04:00:00,69.75,109.5,0.1,8.45,4.53,14.28,29.28,0.36,28.14,0.32,3.45,,,,,22.8,83.5,,197.75,,,,729.0,
2024-03-12 05:00:00,74.0,107.75,0.37,8.28,4.62,14.55,26.38,0.52,28.1,0.3,3.08,,,,,22.5,84.0,,210.75,,,,729.0,
2024-03-12 06:00:00,68.25,118.5,0.2,7.42,4.03,15.3,16.77,,28.3,0.18,1.82,,,,,22.5,82.5,,188.75,,,,729.25,
2024-03-12 07:00:00,62.5,127.5,0.2,8.68,4.78,15.05,16.0,0.48,28.36,0.18,1.75,,,,,22.58,83.75,,189.25,,,,730.0,
2024-03-12 08:00:00,66.75,126.5,0.1,8.1,4.38,15.1,18.4,0.63,28.25,0.2,2.02,,,,,23.1,83.75,,199.0,,,,730.25,
2024-03-12 09:00:00,55.75,105.5,0.22,8.9,4.92,14.7,18.2,0.62,28.2,0.2,2.02,,,,,24.62,81.75,,205.0,,,,731.0,
2024-03-12 10:00:00,50.75,96.75,0.2,7.88,4.35,15.12,16.7,0.55,28.23,0.2,1.82,,,,,27.18,83.0,,193.25,,,,730.5,
2024-03-12 11:00:00,45.75,109.25,0.2,7.95,4.28,15.25,15.42,0.64,28.16,0.18,1.68,,,,,29.98,83.75,,171.25,,,,730.0,
2024-03-12 12:00:00,43.25,107.0,0.13,7.35,3.98,16.25,12.7,0.64,28.11,0.1,1.3,,,,,32.92,83.75,,163.25,,,,729.0,
2024-03-12 13:00:00,45.75,113.5,0.2,7.95,4.3,16.4,14.5,0.67,28.22,0.15,1.52,,,,,35.02,83.75,,157.75,,,,728.5,
2024-03-12 14:00:00,46.25,109.5,0.2,7.9,4.35,16.7,14.15,0.7,28.14,0.1,1.5,,,,,35.93,84.0,,123.75,,,,727.75,
2024-03-12 15:00:00,57.5,116.75,0.17,8.55,4.65,16.65,14.65,0.72,28.26,0.18,1.55,,,,,36.6,83.5,,150.0,,,,727.25,
2024-03-12 16:00:00,56.25,113.0,0.2,8.9,4.88,16.55,15.7,0.73,28.12,0.2,1.68,,,,,36.35,83.25,,192.75,,,,727.0,
2024-03-12 17:00:00,69.0,139.0,0.22,9.15,5.08,17.2,17.08,1.03,28.38,0.2,1.88,,,,,35.25,83.25,,150.25,,,,727.0,
2024-03-12 18:00:00,75.0,156.75,0.2,10.07,5.5,18.4,18.38,1.18,27.95,0.2,2.05,,,,,33.4,82.75,,159.5,,,,727.25,
2024-03-12 19:00:00,69.5,142.75,0.2,11.2,6.1,18.42,17.82,1.19,27.81,0.2,1.98,,,,,30.6,81.0,,187.75,,,,728.0,
2024-03-12 20:00:00,76.5,163.5,0.27,12.55,6.82,17.62,17.48,1.0,28.29,0.2,1.92,,,,,29.25,81.75,,157.5,,,,728.5,
2024-03-12 21:00:00,65.25,169.0,0.2,10.15,5.55,17.42,17.88,0.77,28.14,0.2,1.98,,,,,28.48,84.25,,127.5,,,,728.75,
2024-03-12 22:00:00,63.0,119.75,0.25,9.9,5.5,16.18,16.73,0.65,28.15,0.2,1.82,,,,,27.25,83.0,,150.0,,,,729.25,
2024-03-12 23:00:00,61.75,98.0,0.3,8.93,5.0,15.75,17.65,0.61,28.26,0.2,1.95,,,,,26.35,84.0,,149.25,,,,729.0,
2024-03-13 00:00:00,59.75,100.5,0.2,8.28,4.47,15.5,20.8,0.32,27.97,0.2,2.37,,,,,25.78,83.75,,209.0,,,,729.0,
2024-03-13 01:00:00,67.25,109.5,0.1,8.8,4.72,15.12,23.92,0.34,28.3,0.3,2.75,,,,,25.22,83.75,,227.75,,,,728.25,
2024-03-13 02:00:00,73.5,111.25,0.12,8.8,4.78,14.7,22.22,0.38,28.05,0.25,2.55,,,,,24.48,83.25,,248.0,,,,728.0,
2024-03-13 03:00:00,67.25,100.5,0.1,8.5,4.55,14.45,18.85,0.34,28.39,0.2,2.08,,,,,23.85,83.75,,204.75,,,,728.0,
2024-03-13 04:00:00,53.25,94.5,0.3,8.12,4.28,14.62,19.05,0.33,28.08,0.2,2.15,,,,,23.98,84.25,,193.5,,,,728.0,
2024-03-13 05:00:00,55.25,99.0,0.25,8.08,4.4,14.8,21.72,0.33,27.97,0.25,2.48,,,,,23.82,83.75,,196.25,,,,727.75,
2024-03-13 06:00:00,58.25,105.25,0.12,7.98,4.35,15.0,17.45,0.42,28.07,0.2,1.9,,,,,23.52,83.25,,201.5,,,,728.0,
2024-03-13 07:00:00,56.5,122.0,0.13,7.98,4.32,15.48,12.05,0.41,28.3,0.1,1.2,,,,,23.38,83.25,,215.75,,,,728.75,
2024-03-13 08:00:00,56.25,110.25,0.1,7.7,4.15,15.62,10.88,0.42,28.06,0.1,1.1,,,,,23.75,82.5,,226.25,,,,729.5,
2024-03-13 09:00:00,51.75,93.25,0.1,8.38,4.45,15.35,12.52,0.49,28.22,0.1,1.27,,,,,24.8,84.0,,215.75,,,,730.0,
2024-03-13 10:00:00,52.75,94.5,0.17,7.58,4.12,15.58,14.02,0.45,27.96,0.15,1.45,,,,,27.3,83.75,,193.5,,,,729.75,
2024-03-13 11:00:00,50.5,94.5,0.25,7.38,4.12,15.45,13.55,0.43,28.33,0.1,1.42,,,,,29.9,84.5,,184.75,,,,729.0,
2024-03-13 12:00:00,53.75,88.5,0.22,6.98,3.92,15.68,11.15,0.39,28.37,0.1,1.12,,,,,31.85,84.5,,224.5,,,,728.5,
2024-03-13 13:00:00,50.25,85.5,0.1,7.32,3.92,15.38,11.15,0.38,27.92,0.1,1.1,,,,,33.45,84.0,,188.0,,,,728.0,
2024-03-13 14:00:00,52.25,94.75,0.3,7.65,4.3,15.95,11.85,0.51,28.13,0.1,1.18,,,,,34.65,83.5,,150.75,,,,727.0,
2024-03-13 15:00:00,57.25,109.75,0.2,8.2,4.47,16.23,11.88,0.53,28.16,0.1,1.2,,,,,35.72,83.75,,206.25,,,,726.25,
2024-03-13 16:00:00,58.5,114.5,0.28,7.62,4.28,16.3,12.52,0.56,28.04,0.1,1.27,,,,,34.88,84.75,,214.25,,,,726.0,
2024-03-13 17:00:00,56.5,128.0,0.22,8.0,4.42,17.2,12.4,0.74,28.22,0.1,1.25,,,,,34.65,84.0,,150.0,,,,726.25,
2024-03-13 18:00:00,78.0,199.5,0.2,8.75,4.82,18.18,12.65,1.16,28.15,0.1,1.27,,,,,33.38,84.0,,250.25,,,,726.0,
2024-03-13 19:00:00,96.75,342.0,0.2,14.42,7.85,25.15,18.88,3.13,28.03,0.22,2.1,,,,,30.38,83.0,,251.0,,,,727.25,
2024-03-13 20:00:00,104.25,273.25,0.38,27.25,14.8,35.08,25.0,2.74,28.18,0.3,2.9,,,,,28.9,84.25,,219.0,,,,727.75,
2024-03-13 21:00:00,88.0,211.5,0.35,29.7,16.05,27.7,22.15,0.72,28.12,0.25,2.55,,,,,29.08,84.25,,140.25,,,,728.5,
2024-03-13 22:00:00,71.75,146.25,0.38,23.5,12.8,22.2,18.02,0.54,28.14,0.2,2.0,,,,,28.35,84.0,,153.25,,,,729.0,
2024-03-13 23:00:00,64.25,105.0,0.22,18.25,9.88,19.1,16.8,0.47,28.28,0.2,1.82,,,,,27.15,84.25,,186.5,,,,729.0,
2024-03-14 00:00:00,53.25,99.5,0.15,14.48,7.85,16.7,15.8,0.38,28.26,0.2,1.7,,,,,26.52,84.0,,210.0,,,,729.0,
2024-03-14 01:00:00,53.75,103.25,0.1,12.6,6.78,14.92,14.82,0.38,28.22,0.18,1.55,,,,,25.92,83.75,,204.75,,,,728.25,
2024-03-14 02:00:00,51.5,81.0,0.1,10.92,5.85,14.15,13.58,,28.47,0.1,1.42,,,,,25.5,84.0,,199.0,,,,728.0,
2024-03-14 03:00:00,45.75,74.5,0.22,10.2,5.6,13.8,13.5,0.03,28.17,0.1,1.42,,,,,24.72,83.75,,201.0,,,,728.0,
2024-03-14 04:00:00,42.5,72.0,0.22,9.75,5.38,13.75,11.9,0.31,28.01,0.1,1.18,,,,,24.1,84.25,,195.5,,,,728.0,
2024-03-14 05:00:00,44.25,67.25,0.32,9.43,5.28,13.72,11.52,,28.13,0.1,1.15,,,,,23.72,83.75,,202.75,,,,728.0,
2024-03-14 06:00:00,44.5,67.0,0.17,9.07,4.92,14.0,11.02,0.6,28.16,0.1,1.1,,,,,23.42,84.5,,241.5,,,,728.5,
2024-03-14 07:00:00,41.0,84.0,0.2,7.78,4.22,15.1,11.4,0.67,28.28,0.1,1.12,,,,,23.25,84.5,,232.75,,,,729.25,
2024-03-14 08:00:00,39.0,90.5,0.2,8.52,4.65,15.15,12.0,0.66,27.66,0.1,1.2,,,,,23.62,83.0,,227.5,,,,729.5,
2024-03-14 09:00:00,51.0,92.0,0.6,9.2,5.4,14.7,7.8,0.65,26.28,0.1,1.4,,,,,25.17,81.0,,218.67,,,,730.0,
2024-03-14 10:00:00,49.0,104.0,0.35,8.52,4.82,15.12,14.55,0.54,28.31,0.15,1.55,,,,,27.4,83.25,,222.25,,,,729.5,
2024-03-14 11:00:00,51.75,103.75,0.15,8.32,4.5,15.0,17.75,0.24,28.16,0.2,1.95,,,,,29.48,83.75,,216.0,,,,729.0,
2024-03-14 12:00:00,59.0,102.25,0.15,8.5,4.62,14.77,15.6,0.26,28.0,0.2,1.7,,,,,31.5,81.75,,193.75,,,,728.5,
2024-03-14 13:00:00,56.25,101.75,0.2,8.12,4.42,14.98,16.25,0.24,28.29,0.2,1.75,,,,,32.7,84.0,,209.0,,,,727.25,
2024-03-14 14:00:00,58.5,107.0,0.2,8.2,4.5,15.1,17.77,0.26,28.12,0.2,1.95,,,,,34.15,83.5,,173.5,,,,726.75,
2024-03-14 15:00:00,60.0,106.75,0.22,8.35,4.62,15.68,17.05,0.48,27.94,0.2,1.85,,,,,35.9,83.25,,151.25,,,,726.0,
2024-03-14 16:00:00,53.75,112.25,0.3,8.15,4.62,15.82,18.33,0.49,28.06,0.2,2.05,,,,,36.18,83.75,,257.25,,,,726.0,
2024-03-14 17:00:00,62.75,136.75,0.25,8.68,4.82,15.5,17.35,0.49,27.99,0.2,1.9,,,,,35.55,83.5,,233.25,,,,726.0,
2024-03-14 18:00:00,67.75,173.5,0.4,8.85,5.03,16.27,18.27,1.09,28.22,0.2,2.02,,,,,33.2,83.0,,236.25,,,,726.0,
2024-03-14 19:00:00,78.0,219.25,0.35,9.85,5.58,19.42,20.35,1.42,28.16,0.2,2.3,,,,,30.75,83.5,,207.75,,,,726.25,
2024-03-14 20:00:00,87.5,190.75,0.38,13.22,7.3,22.18,24.05,2.01,28.18,0.3,2.78,,,,,29.4,84.0,,209.5,,,,727.0,
2024-03-14 21:00:00,92.5,219.25,0.25,17.85,9.7,23.72,25.9,1.5,27.94,0.3,3.02,,,,,28.62,84.25,,140.25,,,,727.75,
2024-03-14 22:00:00,71.25,197.0,0.28,16.85,9.18,20.72,24.28,0.57,28.38,0.3,2.82,,,,,28.85,82.75,,137.75,,,,728.0,
2024-03-14 23:00:00,55.5,123.75,0.15,14.38,7.78,17.7,21.92,,28.21,0.22,2.52,,,,,28.28,82.75,,156.5,,,,728.0,
2024-03-15 00:00:00,52.75,84.25,0.2,11.28,6.15,16.35,21.1,,28.13,0.2,2.4,,,,,27.67,83.75,,221.25,,,,727.0,
2024-03-15 01:00:00,57.25,89.0,0.28,10.0,5.55,15.27,15.05,,28.02,0.15,1.6,,,,,26.85,83.75,,212.25,,,,727.0,
2024-03-15 02:00:00,55.0,95.0,0.17,9.25,5.0,14.8,11.75,0.23,28.18,0.1,1.2,,,,,26.28,83.75,,188.5,,,,727.0,
2024-03-15 03:00:00,55.75,78.0,0.35,9.18,5.18,14.28,11.02,0.41,28.19,0.1,1.1,,,,,25.62,83.25,,201.25,,,,726.25,
2024-03-15 04:00:00,55.0,80.5,0.18,8.98,4.88,14.1,9.6,0.38,28.4,0.1,0.9,,,,,24.7,84.0,,211.5,,,,726.75,
2024-03-15 05:00:00,44.0,80.75,0.38,9.55,5.35,13.8,9.15,0.41,27.94,0.1,0.88,,,,,24.3,81.0,,235.0,,,,727.0,
2024-03-15 06:00:00,41.25,88.0,0.22,9.38,5.18,13.92,9.32,0.44,28.24,0.1,0.88,,,,,23.98,82.5,,232.5,,,,727.5,
2024-03-15 07:00:00,53.5,100.75,0.22,8.72,4.82,14.52,8.57,0.54,27.44,0.1,0.78,,,,,24.05,82.25,,232.25,,,,728.0,
2024-03-15 08:00:00,62.0,122.25,0.1,7.95,4.22,15.5,10.82,0.55,18.51,0.1,1.05,,,,,24.75,83.75,,234.5,,,,728.0,
2024-03-15 09:00:00,63.25,125.75,0.3,9.07,4.97,15.25,10.7,0.56,18.1,0.1,1.05,,,,,26.0,82.0,,244.75,,,,728.5,
2024-03-15 10:00:00,57.75,121.75,0.22,9.4,5.18,14.55,9.45,0.48,18.41,0.1,0.88,,,,,28.08,81.0,,231.5,,,,728.75,
2024-03-15 11:00:00,57.0,116.75,0.35,9.48,5.3,14.15,8.8,0.48,18.6,0.1,0.8,,,,,30.38,80.25,,209.25,,,,728.0,
2024-03-15 12:00:00,56.75,125.75,0.32,8.8,4.95,14.68,8.05,0.48,18.87,0.1,0.7,,,,,32.6,82.25,,162.75,,,,727.25,
2024-03-15 13:00:00,54.5,106.75,0.27,8.22,4.53,15.18,11.25,0.5,18.66,0.1,1.1,,,,,34.33,82.75,,219.25,,,,726.75,
2024-03-15 14:00:00,52.5,108.5,0.3,8.28,4.55,15.1,10.75,0.51,18.3,0.1,1.05,,,,,34.98,82.75,,172.0,,,,725.75,
2024-03-15 15:00:00,60.5,138.5,0.38,8.38,4.75,15.45,10.82,0.64,18.45,0.1,1.05,,,,,34.85,82.75,,202.25,,,,725.25,
2024-03-15 16:00:00,64.0,135.5,0.28,8.72,4.82,16.08,12.98,0.58,18.4,0.1,1.32,,,,,34.55,82.25,,182.75,,,,725.25,
2024-03-15 17:00:00,68.75,174.25,0.18,10.3,5.62,15.3,11.1,0.71,17.77,0.1,1.08,,,,,33.88,80.5,,179.0,,,,725.75,
2024-03-15 18:00:00,62.0,183.75,0.28,10.78,5.98,15.48,9.8,0.73,18.56,0.1,0.92,,,,,32.78,79.75,,191.0,,,,726.25,
2024-03-15 19:00:00,57.5,143.75,0.32,10.4,5.8,16.88,11.48,,18.68,0.1,1.18,,,,,31.3,81.75,,167.25,,,,726.25,
2024-03-15 20:00:00,68.25,139.75,0.2,9.7,5.2,17.75,13.68,0.64,18.48,0.1,1.42,,,,,30.5,83.5,,170.25,,,,727.0,
2024-03-15 21:00:00,59.75,148.0,0.2,9.22,5.05,17.35,13.32,0.19,17.95,0.12,1.4,,,,,29.67,84.0,,177.0,,,,727.5,
2024-03-15 22:00:00,56.0,116.75,0.2,9.02,4.97,16.3,13.4,0.54,18.21,0.12,1.4,,,,,28.75,84.0,,198.5,,,,728.0,
2024-03-15 23:00:00,48.75,100.0,0.32,8.6,4.85,15.82,12.62,,18.37,0.1,1.3,,,,,27.85,83.5,,212.5,,,,728.0,
2024-03-16 00:00:00,54.75,88.75,0.18,8.28,4.5,15.35,10.73,0.45,18.3,0.1,1.07,,,,,27.17,84.0,,166.5,,,,727.67,
2024-03-16 01:00:00,55.0,93.0,0.17,7.45,4.08,15.3,11.12,0.55,18.18,0.1,1.12,,,,,26.35,83.75,,213.75,,,,727.0,
2024-03-16 02:00:00,50.0,96.75,0.23,7.55,4.12,15.12,12.5,0.54,18.23,0.1,1.27,,,,,25.8,83.75,,243.25,,,,727.0,
2024-03-16 03:00:00,52.75,92.0,0.18,7.58,4.2,14.85,11.5,0.53,18.33,0.1,1.15,,,,,25.32,84.25,,243.75,,,,727.0,
2024-03-16 04:00:00,52.0,98.0,0.4,9.6,5.3,14.35,9.9,,19.0,0.1,0.9,,,,,24.6,83.0,,186.0,,,,728.0,
2024-03-16 05:00:00,54.0,100.0,0.17,7.75,4.22,15.0,13.82,0.47,18.61,0.12,1.45,,,,,24.1,84.0,,178.75,,,,727.5,
2024-03-16 06:00:00,57.25,114.0,0.2,7.35,3.9,15.32,14.4,0.55,18.74,0.15,1.55,,,,,23.68,84.25,,186.5,,,,728.25,
2024-03-16 07:00:00,65.0,170.5,0.2,6.98,3.8,15.9,16.05,0.66,18.32,0.2,1.75,,,,,23.38,84.0,,183.25,,,,728.25,
2024-03-16 08:00:00,61.5,231.25,0.1,7.85,4.22,15.98,18.35,0.53,18.39,0.2,2.02,,,,,23.9,83.25,,193.0,,,,729.0,
2024-03-16 09:00:00,65.0,253.0,0.1,7.4,4.0,15.88,18.8,0.52,18.42,0.2,2.1,,,,,25.32,83.5,,217.5,,,,729.0,
2024-03-16 10:00:00,55.0,156.5,0.2,7.15,3.95,15.7,18.98,0.55,18.39,0.2,2.1,,,,,27.55,84.0,,222.25,,,,729.25,
2024-03-16 11:00:00,58.5,127.0,0.3,7.52,4.12,15.38,16.33,0.46,18.25,0.2,1.75,,,,,29.95,82.75,,210.25,,,,728.5,
2024-03-16 12:00:00,48.75,98.0,0.4,7.02,4.03,15.55,16.68,0.51,18.44,0.2,1.8,,,,,31.8,84.25,,183.5,,,,727.5,
2024-03-16 13:00:00,46.25,105.25,0.2,7.22,3.97,15.6,17.32,0.54,18.18,0.2,1.9,,,,,33.35,83.5,,201.75,,,,726.75,
2024-03-16 14:00:00,60.25,121.5,0.1,7.42,3.92,15.98,18.9,0.52,18.23,0.2,2.08,,,,,33.88,83.5,,188.75,,,,726.0,
2024-03-16 15:00:00,60.75,133.75,0.18,7.62,4.22,16.45,17.77,0.68,18.35,0.2,1.98,,,,,35.17,83.75,,143.5,,,,725.75,
2024-03-16 16:00:00,51.75,148.5,0.28,7.98,4.47,17.1,17.23,0.78,18.16,0.2,1.88,,,,,35.53,83.0,,140.5,,,,725.75,
2024-03-16 17:00:00,51.75,178.75,0.18,8.2,4.47,17.55,16.92,0.71,18.16,0.2,1.85,,,,,34.33,84.0,,109.0,,,,726.0,
2024-03-16 18:00:00,46.5,171.0,0.1,8.65,4.6,17.27,16.95,0.65,18.22,0.2,1.82,,,,,31.85,83.0,,184.5,,,,726.5,
2024-03-16 19:00:00,50.0,127.25,0.1,8.18,4.35,17.4,17.6,0.78,18.4,0.2,1.95,,,,,30.2,84.25,,146.75,,,,727.0,
2024-03-16 20:00:00,47.25,114.25,0.22,9.22,5.1,17.12,17.05,0.74,18.38,0.2,1.88,,,,,29.18,83.75,,161.0,,,,727.0,
2024-03-16 21:00:00,47.25,124.75,0.2,8.32,4.58,17.38,16.58,0.62,18.13,0.2,1.8,,,,,28.6,83.75,,157.25,,,,727.75,
2024-03-16 22:00:00,43.75,134.25,0.1,8.62,4.55,16.5,16.85,0.49,18.24,0.2,1.82,,,,,27.78,84.25,,139.0,,,,728.0,
2024-03-16 23:00:00,38.75,96.75,0.15,7.98,4.38,15.98,17.4,0.49,18.36,0.2,1.9,,,,,26.9,82.5,,188.75,,,,728.0,
2024-03-17 00:00:00,33.75,76.25,0.15,7.7,4.18,15.82,17.3,0.4,18.2,0.2,1.9,,,,,26.18,83.75,,190.5,,,,727.33,
2024-03-17 01:00:00,33.25,67.5,0.32,7.28,4.15,15.62,13.02,0.46,18.37,0.12,1.32,,,,,25.62,83.25,,205.25,,,,727.0,
2024-03-17 02:00:00,40.5,77.5,0.15,6.85,3.78,15.6,11.92,0.48,18.4,0.1,1.23,,,,,24.98,84.0,,189.5,,,,726.75,
2024-03-17 03:00:00,34.0,62.75,0.12,7.38,4.03,15.4,11.62,0.51,18.7,0.1,1.18,,,,,24.4,84.25,,181.75,,,,727.0,
2024-03-17 04:00:00,38.25,76.0,0.2,6.82,3.75,15.7,11.55,0.46,18.38,0.1,1.15,,,,,23.7,84.75,,245.5,,,,727.0,
2024-03-17 05:00:00,42.25,75.25,0.18,7.55,4.18,15.4,12.1,0.48,18.08,0.1,1.23,,,,,23.32,83.5,,244.25,,,,727.0,
2024-03-17 06:00:00,44.25,82.0,0.2,7.65,4.2,15.48,12.2,0.55,18.39,0.1,1.23,,,,,22.95,84.0,,204.0,,,,727.75,
2024-03-17 07:00:00,51.25,96.5,0.2,7.0,3.9,15.7,11.65,0.58,18.62,0.1,1.18,,,,,22.58,83.75,,227.75,,,,728.25,
2024-03-17 08:00:00,63.25,161.5,0.13,7.15,3.9,15.82,13.12,0.57,18.33,0.1,1.35,,,,,23.15,83.75,,160.5,,,,729.0,
2024-03-17 09:00:00,70.75,235.25,0.22,7.38,4.1,15.92,13.52,0.64,18.16,0.12,1.4,,,,,24.92,83.75,,193.75,,,,729.0,
2024-03-17 10:00:00,69.5,248.5,0.1,7.32,3.9,15.8,15.92,0.63,18.58,0.2,1.7,,,,,27.88,84.0,,166.75,,,,729.25,
2024-03-17 11:00:00,58.5,199.5,0.15,7.12,3.9,15.8,14.05,0.57,17.89,0.12,1.48,,,,,30.8,83.25,,167.5,,,,728.5,
2024-03-17 12:00:00,59.75,188.0,0.27,7.85,4.38,15.32,14.18,0.54,18.24,0.15,1.48,,,,,32.85,82.75,,148.5,,,,728.25,
2024-03-17 13:00:00,68.25,223.25,0.22,7.0,3.95,15.85,15.95,0.54,18.2,0.2,1.72,,,,,33.98,83.5,,162.75,,,,727.5,
2024-03-17 14:00:00,63.25,241.25,0.18,7.25,4.05,16.12,14.95,0.56,17.98,0.2,1.58,,,,,35.42,83.5,,149.75,,,,726.25,
2024-03-17 15:00:00,46.0,114.25,0.25,7.8,4.32,16.12,13.95,0.57,18.45,0.1,1.45,,,,,36.22,82.75,,124.0,,,,726.0,
2024-03-17 16:00:00,51.0,130.25,0.1,7.7,4.15,16.32,21.48,0.55,18.08,0.25,2.45,,,,,35.48,83.0,,114.0,,,,726.0,
2024-03-17 17:00:00,67.75,179.0,0.15,7.95,4.28,16.15,33.02,0.55,18.56,0.4,3.92,,,,,34.17,83.5,,136.75,,,,726.25,
2024-03-17 18:00:00,68.75,202.25,0.23,7.72,4.28,16.35,29.28,0.67,18.21,0.35,3.45,,,,,31.67,84.0,,176.0,,,,727.0,
2024-03-17 19:00:00,57.5,151.0,0.13,8.45,4.6,16.7,27.05,0.72,18.14,0.3,3.18,,,,,29.55,83.25,,127.5,,,,727.25,
2024-03-17 20:00:00,64.5,115.5,0.17,8.35,4.55,16.73,28.15,0.66,18.47,0.3,3.3,,,,,28.55,83.75,,154.5,,,,728.0,
2024-03-17 21:00:00,71.75,130.25,0.23,8.68,4.75,16.45,25.3,0.6,18.18,0.3,2.95,,,,,27.58,83.5,,132.25,,,,728.0,
2024-03-17 22:00:00,71.25,137.25,0.28,8.62,4.82,16.15,24.38,0.58,18.52,0.3,2.8,,,,,26.72,84.0,,168.25,,,,728.0,
2024-03-17 23:00:00,73.0,117.75,0.25,7.8,4.32,15.98,28.82,0.49,18.39,0.3,3.38,,,,,26.02,84.25,,156.75,,,,728.0,
2024-03-18 00:00:00,78.0,116.5,0.13,8.48,4.58,15.18,34.63,0.47,18.37,0.4,4.17,,,,,25.3,83.75,,219.0,,,,728.0,
2024-03-18 01:00:00,81.25,126.5,0.25,7.8,4.32,14.98,37.08,0.44,18.45,0.4,4.47,,,,,24.58,83.75,,202.5,,,,727.25,
2024-03-18 02:00:00,70.5,107.0,0.2,7.78,4.3,14.82,31.28,0.42,18.25,0.35,3.72,,,,,24.1,84.0,,160.5,,,,727.0,
2024-03-18 03:00:00,63.5,104.5,0.25,7.68,4.3,14.75,29.65,0.46,18.34,0.32,3.52,,,,,23.68,84.75,,187.25,,,,727.0,
2024-03-18 04:00:00,60.75,93.25,0.12,7.65,4.18,14.82,24.38,0.46,18.22,0.3,2.82,,,,,23.15,83.75,,208.25,,,,727.0,
2024-03-18 05:00:00,49.25,82.0,0.27,7.2,4.0,15.1,21.78,0.52,18.42,0.2,2.48,,,,,22.6,84.0,,191.5,,,,727.0,
2024-03-18 06:00:00,54.75,95.0,0.2,7.58,4.2,15.38,19.98,0.62,18.4,0.2,2.25,,,,,22.18,83.5,,189.75,,,,728.0,
2024-03-18 07:00:00,60.0,129.25,0.23,7.42,4.12,16.03,16.0,0.57,18.64,0.2,1.72,,,,,22.18,83.5,,229.25,,,,728.0,
2024-03-18 08:00:00,59.75,114.75,0.15,7.4,4.08,15.82,14.48,0.53,18.22,0.18,1.5,,,,,23.58,83.5,,213.75,,,,729.0,
2024-03-18 09:00:00,56.5,107.0,0.2,7.42,4.1,15.58,15.45,0.54,18.02,0.2,1.65,,,,,24.85,83.0,,231.0,,,,729.0,
2024-03-18 10:00:00,46.0,86.5,0.22,7.1,3.92,15.4,16.65,0.52,18.43,0.2,1.8,,,,,27.0,83.75,,220.0,,,,729.25,
2024-03-18 11:00:00,39.75,86.25,0.22,6.6,3.7,15.62,15.22,0.5,18.35,0.2,1.65,,,,,29.9,83.75,,209.25,,,,729.0,
2024-03-18 12:00:00,48.5,84.25,0.3,6.32,3.65,15.8,14.65,0.54,18.59,0.18,1.55,,,,,31.88,84.25,,211.25,,,,727.75,
2024-03-18 13:00:00,51.25,95.5,0.1,6.7,3.6,16.02,13.4,0.54,18.18,0.12,1.38,,,,,33.67,84.0,,181.5,,,,726.75,
2024-03-18 14:00:00,53.0,97.5,0.1,6.78,3.62,16.1,13.35,0.53,18.21,0.12,1.38,,,,,34.97,84.5,,158.25,,,,725.75,
2024-03-18 15:00:00,48.75,96.5,0.1,7.55,3.98,15.95,13.92,0.62,18.13,0.1,1.48,,,,,35.52,82.75,,161.75,,,,725.0,
2024-03-18 16:00:00,54.75,124.25,0.17,6.9,3.75,16.8,13.58,0.7,18.65,0.1,1.4,,,,,35.5,84.75,,164.5,,,,725.0,
2024-03-18 17:00:00,58.75,159.0,0.1,7.58,4.1,17.15,13.0,0.73,18.16,0.1,1.35,,,,,34.6,84.0,,154.75,,,,725.75,
2024-03-18 18:00:00,61.5,177.0,0.1,8.25,4.38,17.45,13.78,0.82,18.26,0.1,1.45,,,,,32.22,84.0,,123.75,,,,726.0,
2024-03-18 19:00:00,67.75,137.5,0.35,8.78,4.95,17.92,15.38,0.84,18.01,0.18,1.62,,,,,30.18,83.75,,170.0,,,,726.0,
2024-03-18 20:00:00,97.75,126.25,0.22,8.6,4.75,18.52,17.12,0.82,18.28,0.2,1.9,,,,,29.02,82.25,,134.75,,,,727.0,
2024-03-18 21:00:00,62.75,120.5,0.23,11.0,6.0,16.75,18.62,0.7,17.82,0.2,2.08,,,,,28.18,76.25,,135.25,,,,728.0,
2024-03-18 22:00:00,55.5,110.25,0.55,14.58,8.2,13.5,15.9,0.64,18.08,0.2,1.75,,,,,26.95,72.0,,171.25,,,,728.25,
2024-03-18 23:00:00,51.25,108.75,0.5,13.72,7.7,13.2,20.95,,19.12,0.25,2.35,,,,,26.02,75.0,,193.5,,,,728.0,
2024-03-19 00:00:00,77.0,111.5,0.22,7.88,4.38,15.78,49.8,0.56,18.83,0.57,6.13,,,,,25.35,83.25,,204.0,,,,727.33,
2024-03-19 01:00:00,99.25,139.75,0.37,8.52,4.75,15.15,100.92,0.56,18.02,1.2,12.72,,,,,24.75,83.0,,229.0,,,,727.0,
2024-03-19 02:00:00,95.75,132.5,0.2,8.55,4.72,14.78,67.22,0.55,18.51,0.8,8.35,,,,,24.25,83.5,,229.0,,,,727.0,
2024-03-19 03:00:00,67.5,122.0,0.18,8.0,4.38,14.7,36.02,0.54,18.39,0.43,4.3,,,,,24.08,84.0,,189.25,,,,727.0,
2024-03-19 04:00:00,51.25,139.75,0.13,7.45,4.05,15.05,28.68,0.59,18.2,0.35,3.38,,,,,23.8,82.5,,228.5,,,,727.0,
2024-03-19 05:00:00,55.0,101.25,,9.38,4.95,14.7,27.22,0.57,18.18,0.32,3.18,,,,,23.2,78.5,,185.5,,,,727.0,
2024-03-19 06:00:00,37.75,71.5,0.17,7.08,3.9,15.3,18.35,0.61,18.64,0.2,2.05,,,,,23.15,82.0,,189.5,,,,727.0,
2024-03-19 07:00:00,44.25,87.5,0.28,7.62,4.28,16.0,19.95,0.74,18.11,0.2,2.25,,,,,23.15,80.5,,196.75,,,,728.0,
2024-03-19 08:00:00,53.0,111.5,0.2,5.93,3.32,16.9,14.68,0.63,18.33,0.15,1.55,,,,,23.88,83.25,,206.75,,,,728.0,
2024-03-19 09:00:00,42.25,108.25,0.22,7.1,3.95,16.08,17.9,0.67,18.84,0.2,1.95,,,,,25.18,82.75,,203.5,,,,729.0,
2024-03-19 10:00:00,48.25,107.75,0.25,7.2,3.92,15.78,17.75,0.69,18.52,0.2,1.95,,,,,27.4,83.75,,212.0,,,,729.0,
2024-03-19 11:00:00,51.5,96.5,0.17,6.48,3.55,15.88,15.22,0.64,18.12,0.18,1.62,,,,,30.4,84.0,,194.5,,,,728.0,
2024-03-19 12:00:00,45.5,100.75,0.32,6.65,3.8,16.23,16.2,0.71,18.05,0.18,1.75,,,,,32.62,83.0,,200.75,,,,727.0,
2024-03-19 13:00:00,61.25,125.75,0.35,6.98,3.98,16.92,15.18,0.72,18.04,0.18,1.62,,,,,34.15,80.5,,174.75,,,,726.5,
2024-03-19 14:00:00,67.75,188.25,0.2,6.82,3.72,17.85,13.95,0.71,18.48,0.15,1.45,,,,,35.15,82.0,,185.0,,,,725.75,
2024-03-19 15:00:00,65.25,138.75,0.2,7.25,3.98,18.05,14.45,0.72,18.33,0.15,1.52,,,,,36.0,82.0,,184.25,,,,725.25,
2024-03-19 16:00:00,59.75,122.5,0.15,8.8,4.7,19.67,15.4,0.81,18.23,0.2,1.65,,,,,36.28,83.5,,155.5,,,,725.0,
2024-03-19 17:00:00,61.25,121.0,0.18,11.4,6.22,20.55,17.38,0.92,17.93,0.2,1.95,,,,,35.65,84.5,,143.5,,,,725.5,
2024-03-19 18:00:00,68.5,130.75,0.2,13.75,7.48,22.98,20.85,1.06,18.27,0.2,2.38,,,,,33.15,83.75,,154.5,,,,726.0,
2024-03-19 19:00:00,67.75,159.0,0.15,14.55,7.85,19.95,20.7,1.23,18.57,0.2,2.35,,,,,30.25,83.5,,193.75,,,,726.0,
2024-03-19 20:00:00,64.5,161.0,0.1,13.4,7.1,18.52,21.08,1.09,17.86,0.22,2.38,,,,,29.08,82.5,,146.5,,,,727.0,
2024-03-19 21:00:00,74.0,168.5,0.22,11.7,6.42,17.9,23.55,0.73,17.9,0.28,2.7,,,,,28.32,80.5,,153.0,,,,727.25,
2024-03-19 22:00:00,65.25,139.25,0.5,17.45,9.72,13.65,25.22,0.66,18.02,0.28,2.92,,,,,26.98,74.75,,159.25,,,,727.75,
2024-03-19 23:00:00,50.25,113.5,0.78,17.95,10.18,11.35,21.85,0.6,18.61,0.25,2.5,,,,,26.12,73.0,,183.25,,,,728.0,
2024-03-20 00:00:00,56.75,95.5,0.38,9.88,5.55,14.4,23.03,0.55,18.98,0.3,2.6,,,,,25.4,80.5,,197.5,,,,727.67,
2024-03-20 01:00:00,58.25,93.5,0.18,8.45,4.68,15.1,24.72,,18.43,0.3,2.85,,,,,24.68,83.5,,192.0,,,,726.75,
2024-03-20 02:00:00,64.75,100.75,0.28,8.32,4.65,14.98,20.25,,18.35,0.2,2.3,,,,,24.12,83.25,,188.75,,,,726.5,
2024-03-20 03:00:00,62.5,97.25,0.15,8.08,4.45,14.72,20.6,0.45,18.61,0.2,2.32,,,,,23.42,84.0,,210.5,,,,726.0,
2024-03-20 04:00:00,54.75,90.75,0.15,8.02,4.32,14.72,19.52,0.3,18.07,0.2,2.17,,,,,22.8,82.75,,215.0,,,,726.0,
2024-03-20 05:00:00,48.5,97.25,0.2,7.62,4.22,15.02,16.77,0.42,18.38,0.2,1.82,,,,,22.4,81.25,,152.5,,,,726.75,
2024-03-20 06:00:00,60.25,110.75,0.22,6.78,3.78,15.62,15.2,,18.46,0.2,1.6,,,,,22.05,82.5,,229.5,,,,727.0,
2024-03-20 07:00:00,66.75,149.5,0.17,6.82,3.72,16.23,12.9,,18.38,0.12,1.35,,,,,22.08,82.25,,186.5,,,,727.75,
2024-03-20 08:00:00,73.75,176.75,0.1,7.48,4.07,16.45,12.98,0.44,18.24,0.12,1.32,,,,,22.92,82.25,,187.25,,,,728.25,
2024-03-20 09:00:00,67.5,161.25,0.2,8.6,4.65,15.75,29.3,0.51,17.85,0.35,3.48,,,,,24.52,82.75,,192.75,,,,728.0,
2024-03-20 10:00:00,58.25,122.5,0.13,8.4,4.6,15.45,32.0,0.53,18.02,0.38,3.82,,,,,27.35,83.0,,193.25,,,,728.0,
2024-03-20 11:00:00,53.75,107.75,0.13,8.18,4.42,15.3,26.35,0.4,17.98,0.3,3.1,,,,,30.5,83.75,,203.25,,,,727.25,
2024-03-20 12:00:00,57.25,100.0,0.35,7.65,4.32,15.48,25.75,,17.99,0.3,3.0,,,,,32.25,83.25,,167.5,,,,726.75,
2024-03-20 13:00:00,60.5,114.5,0.3,8.55,4.78,15.78,22.65,0.6,17.74,0.25,2.62,,,,,34.85,79.5,,186.0,,,,726.0,
2024-03-20 14:00:00,61.25,117.0,0.32,15.05,8.27,13.02,21.6,,18.0,0.25,2.48,,,,,35.35,73.0,,180.0,,,,726.0,
2024-03-20 15:00:00,67.0,133.75,0.55,19.23,10.65,10.52,18.6,,18.57,0.2,2.08,,,,,36.35,70.5,,177.25,,,,725.5,
2024-03-20 16:00:00,64.5,155.25,0.52,12.52,7.05,14.32,22.75,0.42,19.08,0.28,2.65,,,,,36.25,76.0,,140.75,,,,725.0,
2024-03-20 17:00:00,65.5,177.25,0.23,8.62,4.68,17.88,22.55,0.55,18.92,0.25,2.6,,,,,35.85,85.5,,169.25,,,,725.0,
2024-03-20 18:00:00,64.0,175.25,0.1,9.28,5.0,18.68,20.83,0.53,18.08,0.22,2.35,,,,,33.4,84.25,,172.75,,,,725.0,
2024-03-20 19:00:00,62.75,158.5,0.3,9.98,5.5,18.25,18.38,0.4,18.13,0.2,2.02,,,,,30.65,84.0,,181.5,,,,726.0,
2024-03-20 20:00:00,60.5,142.5,0.25,9.88,5.48,17.9,24.05,,18.13,0.28,2.78,,,,,29.33,83.5,,123.25,,,,726.0,
2024-03-20 21:00:00,65.25,177.5,0.22,8.27,4.6,17.65,22.05,0.3,18.27,0.25,2.5,,,,,28.08,80.5,,137.0,,,,726.5,
2024-03-20 22:00:00,64.75,179.25,0.28,6.68,3.75,17.62,21.08,0.24,18.29,0.22,2.4,,,,,26.55,81.0,,111.5,,,,727.0,
2024-03-20 23:00:00,53.75,117.75,0.1,6.3,3.28,17.08,17.48,0.18,18.37,0.2,1.92,,,,,25.55,81.5,,125.5,,,,727.25,
2024-03-21 00:00:00,36.0,91.25,0.2,6.62,3.68,16.32,14.6,,18.44,0.17,1.57,,,,,24.52,82.0,,148.0,,,,727.0,
2024-03-21 01:00:00,47.0,84.0,0.25,8.75,4.78,15.38,12.9,0.45,18.29,0.12,1.32,,,,,23.5,83.0,,131.75,,,,727.0,
2024-03-21 02:00:00,41.75,76.5,0.18,8.52,4.7,14.95,11.6,0.43,18.55,0.1,1.18,,,,,22.72,83.0,,137.75,,,,727.0,
2024-03-21 03:00:00,36.25,71.25,0.28,7.85,4.4,14.88,11.65,0.46,18.39,0.1,1.15,,,,,22.1,83.75,,136.75,,,,727.0,
2024-03-21 04:00:00,39.75,64.25,0.18,7.52,4.18,14.98,10.9,0.44,18.28,0.1,1.08,,,,,21.68,83.75,,137.25,,,,727.0,
2024-03-21 05:00:00,36.0,52.0,0.2,8.75,4.68,14.48,11.15,0.44,18.02,0.1,1.08,,,,,21.18,77.75,,134.75,,,,727.5,
2024-03-21 06:00:00,27.0,57.75,0.3,10.72,5.98,13.68,11.58,0.43,18.38,0.1,1.15,,,,,20.88,76.5,,130.0,,,,728.25,
2024-03-21 07:00:00,29.25,67.75,0.15,7.15,3.92,15.8,10.65,,18.58,0.1,1.02,,,,,21.22,81.0,,156.0,,,,728.25,
2024-03-21 08:00:00,37.25,95.25,0.2,11.18,6.1,14.75,11.9,0.42,18.22,0.1,1.2,,,,,21.85,76.5,,150.25,,,,729.0,
2024-03-21 09:00:00,41.0,81.0,0.7,7.7,4.7,16.5,12.3,,18.52,0.1,1.2,,,,,24.3,85.0,,141.5,,,,729.0,
2024-03-21 10:00:00,,,,7.93,4.23,16.97,13.1,0.58,18.26,0.13,1.33,,,,,28.5,84.25,,161.5,,,,728.33,
2024-03-21 11:00:00,41.0,111.0,0.1,7.8,3.92,17.02,11.97,,18.53,0.13,1.2,,,,,30.95,84.25,,168.75,,,,728.0,
2024-03-21 12:00:00,41.0,111.0,0.37,7.5,4.23,16.5,17.53,0.23,17.82,0.2,1.93,,,,,31.75,83.67,,161.0,,,,727.67,
2024-03-21 13:00:00,,,0.2,7.48,4.1,17.92,17.93,1.34,18.3,0.2,1.97,,,,,33.62,83.5,,138.0,,,,726.67,
2024-03-21 14:00:00,25.0,58.0,0.12,8.45,4.6,16.92,20.18,1.96,18.26,0.2,2.28,,,,,33.42,79.25,,162.25,,,,726.0,
2024-03-21 15:00:00,25.5,61.0,0.3,6.8,3.82,17.5,20.78,1.64,18.1,0.25,2.35,,,,,33.75,81.75,,134.25,,,,725.0,
2024-03-21 16:00:00,27.25,71.75,,8.98,4.68,16.65,22.28,2.15,18.36,0.28,2.55,,,,,34.38,79.75,,155.25,,,,725.0,
2024-03-21 17:00:00,30.5,84.25,0.25,7.18,4.0,17.48,19.27,2.24,18.55,0.2,2.15,,,,,33.5,83.0,,116.0,,,,725.0,
2024-03-21 18:00:00,41.5,118.75,0.18,8.7,4.78,17.4,20.18,1.83,18.38,0.2,2.28,,,,,31.48,83.0,,177.25,,,,726.25,
2024-03-21 19:00:00,50.5,145.5,0.23,9.4,5.15,17.7,23.92,1.95,17.85,0.28,2.78,,,,,29.6,83.0,,163.0,,,,726.0,
2024-03-21 20:00:00,46.75,107.5,0.22,9.65,5.3,17.95,26.0,1.8,18.49,0.3,3.02,,,,,28.58,83.0,,122.5,,,,726.75,
2024-03-21 21:00:00,46.5,97.25,0.13,9.8,5.3,17.85,24.02,1.68,17.99,0.3,2.78,,,,,27.98,81.75,,134.0,,,,727.0,
2024-03-21 22:00:00,39.5,95.25,0.32,9.68,5.42,17.12,22.58,1.16,17.81,0.28,2.58,,,,,26.8,79.75,,137.75,,,,727.5,
2024-03-21 23:00:00,39.0,83.25,0.27,15.15,8.2,13.32,21.85,0.58,18.01,0.28,2.48,,,,,25.1,74.5,,141.5,,,,728.0,
2024-03-22 00:00:00,33.25,72.75,0.72,17.9,10.1,10.82,17.27,0.99,18.28,0.2,1.9,,,,,24.32,71.5,,124.5,,,,727.67,
2024-03-22 01:00:00,35.25,72.0,0.4,11.18,6.3,13.52,13.15,,19.06,0.1,1.38,,,,,23.65,79.5,,130.75,,,,726.0,
2024-03-22 02:00:00,38.0,62.25,0.3,6.55,3.72,15.52,10.7,,19.14,0.1,1.03,,,,,23.1,84.25,,132.25,,,,726.0,
2024-03-22 03:00:00,34.75,56.75,0.2,6.75,3.55,15.25,12.62,0.93,18.26,0.12,1.3,,,,,22.72,84.25,,111.0,,,,726.0,
2024-03-22 04:00:00,33.5,46.75,0.22,6.48,3.62,15.2,12.55,,18.18,0.1,1.27,,,,,22.42,84.0,,111.0,,,,726.0,
2024-03-22 05:00:00,33.5,46.25,0.2,6.5,3.45,15.3,10.92,,18.12,0.1,1.08,,,,,22.12,82.5,,140.75,,,,726.0,
2024-03-22 06:00:00,36.5,50.5,0.13,6.0,3.3,15.65,13.62,,18.3,0.15,1.42,,,,,21.88,81.5,,142.25,,,,726.25,
2024-03-22 07:00:00,34.25,72.25,,6.02,3.12,16.23,16.52,0.18,18.13,0.2,1.8,,,,,21.98,82.0,,209.0,,,,727.0,
2024-03-22 08:00:00,41.75,103.0,0.13,6.58,3.58,16.5,13.92,1.0,18.33,0.15,1.45,,,,,22.78,81.25,,219.25,,,,727.75,
2024-03-22 09:00:00,43.0,96.25,0.2,6.35,3.5,16.8,14.25,0.93,18.4,0.12,1.48,,,,,24.15,82.25,,197.75,,,,728.0,
2024-03-22 10:00:00,42.0,105.25,,7.07,3.75,16.6,15.18,0.48,18.43,0.18,1.6,,,,,26.65,82.75,,203.5,,,,727.5,
2024-03-22 11:00:00,46.75,107.75,0.18,7.25,3.97,16.18,18.2,0.44,18.37,0.2,2.0,,,,,29.68,83.25,,179.25,,,,727.0,
2024-03-22 12:00:00,41.0,93.5,0.1,6.95,3.68,16.1,18.08,0.5,18.2,0.2,2.02,,,,,31.83,83.75,,185.0,,,,726.75,
2024-03-22 13:00:00,36.0,89.25,0.18,6.8,3.8,16.32,19.73,0.67,17.87,0.2,2.22,,,,,33.8,83.0,,182.5,,,,725.25,
2024-03-22 14:00:00,40.75,91.0,0.13,8.88,4.75,15.62,18.8,1.53,18.18,0.2,2.08,,,,,33.83,78.25,,175.5,,,,724.75,
2024-03-22 15:00:00,44.25,96.0,0.18,6.22,3.45,17.0,15.78,2.07,18.16,0.18,1.7,,,,,35.78,82.0,,163.5,,,,724.0,
2024-03-22 16:00:00,39.75,99.0,0.2,7.0,3.88,17.7,17.05,1.96,17.98,0.2,1.85,,,,,35.83,80.75,,153.0,,,,724.0,
2024-03-22 17:00:00,45.0,96.5,0.17,7.55,4.1,18.9,17.6,2.46,18.58,0.2,1.92,,,,,34.67,82.5,,161.75,,,,724.25,
2024-03-22 18:00:00,52.75,124.75,0.15,10.68,5.75,19.8,22.98,2.27,18.06,0.28,2.65,,,,,32.2,83.25,,137.5,,,,724.5,
2024-03-22 19:00:00,51.25,150.0,0.25,13.38,7.22,21.02,25.5,2.38,18.64,0.3,2.95,,,,,30.02,83.0,,124.75,,,,725.0,
2024-03-22 20:00:00,55.5,138.25,0.28,14.75,8.05,20.7,20.6,1.86,18.74,0.22,2.3,,,,,28.72,83.0,,124.5,,,,726.0,
2024-03-22 21:00:00,45.5,107.5,0.18,13.5,7.3,18.82,18.75,1.77,18.17,0.2,2.1,,,,,27.88,82.5,,127.5,,,,726.0,
2024-03-22 22:00:00,37.75,93.5,0.35,13.3,7.35,16.73,19.38,0.96,18.08,0.2,2.15,,,,,26.7,78.0,,139.0,,,,726.75,
2024-03-22 23:00:00,37.0,87.75,0.28,9.6,5.35,16.15,17.58,,18.53,0.2,1.92,,,,,25.9,80.75,,155.0,,,,726.25,
2024-03-23 00:00:00,36.75,74.0,0.15,7.5,4.0,16.2,15.7,,18.52,0.2,1.7,,,,,25.1,82.0,,111.0,,,,726.0,
2024-03-23 01:00:00,37.0,67.5,0.18,7.08,3.9,15.78,14.02,0.9,18.53,0.12,1.5,,,,,24.3,82.25,,111.75,,,,725.75,
2024-03-23 02:00:00,39.0,57.75,0.2,7.4,4.1,15.2,14.05,1.01,18.44,0.12,1.5,,,,,23.58,82.75,,95.5,,,,725.25,
2024-03-23 03:00:00,36.5,58.75,0.1,7.35,3.97,14.9,16.52,,18.16,0.2,1.8,,,,,23.08,83.25,,135.75,,,,725.0,
2024-03-23 04:00:00,38.5,59.75,,7.3,3.85,14.95,16.73,,18.96,0.2,1.8,,,,,22.62,83.5,,197.0,,,,725.0,
2024-03-23 05:00:00,39.25,73.0,0.1,7.12,3.78,15.18,15.45,1.95,18.12,0.2,1.65,,,,,22.32,83.25,,187.75,,,,725.5,
2024-03-23 06:00:00,36.5,78.5,0.3,8.0,4.5,15.12,16.42,1.99,17.93,0.2,1.78,,,,,21.95,79.75,,174.25,,,,726.25,
2024-03-23 07:00:00,36.5,103.0,0.35,8.88,5.03,14.62,15.15,2.47,18.48,0.2,1.62,,,,,21.75,78.75,,187.0,,,,727.0,
2024-03-23 08:00:00,43.0,112.75,0.3,6.25,3.4,15.9,14.4,2.03,18.4,0.12,1.52,,,,,22.88,81.5,,190.75,,,,727.0,
2024-03-23 09:00:00,47.75,140.25,0.12,6.05,3.32,16.3,13.78,1.8,18.56,0.1,1.45,,,,,25.02,82.25,,156.0,,,,727.75,
2024-03-23 10:00:00,46.5,118.5,0.1,6.95,3.68,16.18,15.62,1.59,18.39,0.18,1.68,,,,,29.1,83.0,,186.25,,,,727.75,
2024-03-23 11:00:00,50.75,146.0,0.1,7.15,3.85,16.18,16.15,1.9,18.19,0.2,1.75,,,,,32.62,83.25,,172.75,,,,727.0,
2024-03-23 12:00:00,43.0,135.75,0.2,7.05,3.88,16.6,14.92,1.84,18.42,0.2,1.6,,,,,34.48,83.75,,185.25,,,,726.5,
2024-03-23 13:00:00,48.25,136.5,0.15,7.15,3.92,16.75,15.82,1.59,18.08,0.2,1.72,,,,,35.6,83.75,,147.0,,,,725.25,
2024-03-23 14:00:00,45.5,126.25,0.2,7.98,4.28,17.15,16.1,1.96,17.9,0.2,1.75,,,,,36.7,80.0,,129.0,,,,724.75,
2024-03-23 15:00:00,44.0,136.0,0.3,8.4,4.7,17.1,18.6,2.24,18.27,0.2,2.1,,,,,37.4,80.0,,134.0,,,,724.0,
2024-03-23 16:00:00,48.0,111.0,,9.22,3.7,17.5,23.87,2.42,18.39,0.27,2.77,,,,,37.22,78.75,,134.0,,,,724.33,
2024-03-23 17:00:00,46.5,117.0,0.22,15.45,8.43,14.28,22.25,1.21,18.2,0.25,2.58,,,,,35.83,73.0,,165.5,,,,725.0,
2024-03-23 18:00:00,43.75,134.0,0.42,19.9,10.92,12.15,21.85,0.96,19.12,0.25,2.52,,,,,33.4,75.0,,144.25,,,,725.5,
2024-03-23 19:00:00,50.75,134.5,0.62,9.0,5.28,18.1,22.42,,19.45,0.28,2.58,,,,,31.0,85.25,,132.5,,,,725.5,
2024-03-23 20:00:00,64.0,144.25,0.25,8.85,4.92,18.92,21.0,0.62,18.11,0.2,2.38,,,,,29.83,84.0,,120.25,,,,726.0,
2024-03-23 21:00:00,77.75,137.75,0.2,9.07,4.97,18.0,18.32,0.99,18.25,0.2,2.02,,,,,28.72,83.0,,111.25,,,,727.0,
2024-03-23 22:00:00,46.0,118.5,0.28,8.7,4.85,16.95,19.05,0.16,18.12,0.2,2.12,,,,,27.65,81.5,,144.75,,,,727.0,
2024-03-23 23:00:00,43.0,94.5,0.2,7.18,3.98,16.45,20.08,0.26,18.09,0.2,2.25,,,,,26.7,77.5,,151.5,,,,727.0,
2024-03-24 00:00:00,43.0,79.0,0.2,7.18,4.03,16.08,20.77,0.36,18.56,0.2,2.37,,,,,25.9,80.5,,97.25,,,,727.0,
2024-03-24 01:00:00,42.75,72.75,0.17,6.55,3.6,16.05,17.58,0.28,18.13,0.2,1.92,,,,,25.08,81.75,,192.25,,,,727.25,
2024-03-24 02:00:00,42.0,71.5,0.1,6.48,3.38,15.95,13.75,0.22,18.3,0.12,1.42,,,,,24.17,82.5,,203.75,,,,727.0,
2024-03-24 03:00:00,42.0,69.5,0.1,7.22,3.88,15.38,13.0,0.45,18.05,0.1,1.35,,,,,23.3,83.0,,192.75,,,,727.25,
2024-03-24 04:00:00,37.75,64.75,0.2,7.0,3.82,15.18,13.92,0.68,18.54,0.12,1.48,,,,,22.55,83.5,,227.5,,,,727.0,
2024-03-24 05:00:00,24.5,56.5,0.3,6.38,3.65,15.32,16.8,0.88,18.27,0.2,1.82,,,,,22.02,83.5,,227.5,,,,727.0,
2024-03-24 06:00:00,28.25,73.75,0.15,6.45,3.5,15.48,17.38,1.03,18.16,0.2,1.9,,,,,21.65,82.5,,248.0,,,,727.0,
2024-03-24 07:00:00,43.75,113.5,0.1,5.25,2.85,16.82,15.15,1.13,18.35,0.18,1.6,,,,,21.55,82.0,,220.75,,,,728.0,
2024-03-24 08:00:00,46.25,122.25,0.12,5.18,2.88,16.98,15.38,1.03,18.42,0.2,1.65,,,,,23.18,82.0,,190.0,,,,728.75,
2024-03-24 09:00:00,55.75,134.75,0.2,5.38,2.98,16.62,19.52,0.98,18.25,0.2,2.17,,,,,25.55,82.0,,180.25,,,,729.0,
2024-03-24 10:00:00,55.0,134.0,,6.27,2.97,16.5,9.7,0.47,18.03,0.2,1.8,,,,,29.13,82.33,,204.0,,,,729.0,
2024-03-24 11:00:00,48.0,139.0,0.3,6.58,3.6,16.5,13.7,0.44,18.38,0.15,1.45,,,,,32.95,83.25,,156.25,,,,728.0,
2024-03-24 12:00:00,50.75,148.75,0.38,6.65,3.88,16.58,9.78,0.53,18.45,0.1,0.92,,,,,34.98,83.0,,136.75,,,,727.5,
2024-03-24 13:00:00,54.75,162.75,0.1,6.58,3.55,16.75,11.38,0.51,18.34,0.1,1.12,,,,,36.28,83.75,,170.5,,,,727.0,
2024-03-24 14:00:00,39.75,112.0,0.2,6.4,3.55,16.6,13.1,0.5,18.2,0.1,1.38,,,,,36.88,83.75,,150.25,,,,726.25,
2024-03-24 15:00:00,37.5,102.25,0.27,7.12,3.92,16.38,16.4,0.62,18.28,0.2,1.78,,,,,37.08,79.25,,161.75,,,,726.0,
2024-03-24 16:00:00,47.75,112.0,0.2,6.15,3.4,17.1,13.08,0.63,18.37,0.12,1.35,,,,,36.88,81.0,,138.0,,,,726.0,
2024-03-24 17:00:00,39.25,97.25,0.1,5.7,3.08,18.02,12.82,0.88,18.52,0.1,1.32,,,,,36.1,82.0,,152.25,,,,726.0,
2024-03-24 18:00:00,52.25,150.5,0.22,8.73,4.82,17.3,14.75,0.86,18.08,0.15,1.58,,,,,33.98,80.0,,164.25,,,,726.5,
2024-03-24 19:00:00,71.25,238.0,0.27,7.85,4.32,17.18,18.65,0.98,18.94,0.2,2.05,,,,,30.78,84.0,,122.0,,,,726.75,
2024-03-24 20:00:00,47.25,110.75,0.22,7.88,4.35,17.27,20.65,0.9,18.41,0.2,2.38,,,,,29.25,83.0,,143.75,,,,727.5,
2024-03-24 21:00:00,51.75,117.25,0.1,7.98,4.3,16.92,19.25,0.9,18.53,0.2,2.15,,,,,28.25,82.75,,148.5,,,,728.0,
2024-03-24 22:00:00,46.25,115.25,,7.88,4.2,16.77,18.48,0.87,18.08,0.2,2.05,,,,,27.22,82.75,,153.75,,,,728.0,
2024-03-24 23:00:00,49.0,92.75,0.17,8.38,4.55,16.02,16.25,0.88,18.25,0.2,1.75,,,,,26.2,78.0,,145.5,,,,728.0,
2024-03-25 00:00:00,43.0,78.5,0.17,7.62,4.15,15.82,13.9,0.24,18.72,0.13,1.47,,,,,25.4,80.0,,125.0,,,,728.0,
2024-03-25 01:00:00,34.75,80.0,0.15,5.82,3.22,16.48,12.82,0.03,18.16,0.1,1.3,,,,,24.58,82.0,,166.25,,,,727.25,
2024-03-25 02:00:00,37.75,68.5,0.15,6.8,3.7,15.77,11.6,0.37,17.76,0.1,1.15,,,,,23.7,81.0,,133.25,,,,727.0,
2024-03-25 03:00:00,38.0,60.0,0.23,6.72,3.7,15.15,12.45,0.42,18.47,0.1,1.25,,,,,22.98,84.5,,163.0,,,,727.0,
2024-03-25 04:00:00,33.0,58.5,0.1,6.32,3.4,15.35,12.8,0.42,18.41,0.1,1.32,,,,,22.48,83.75,,189.25,,,,727.0,
2024-03-25 05:00:00,36.5,65.25,0.2,6.18,3.45,15.55,10.82,0.44,18.6,0.1,1.1,,,,,21.8,83.5,,182.25,,,,727.25,
2024-03-25 06:00:00,39.75,79.0,0.2,6.43,3.45,15.58,11.02,0.46,17.93,0.1,1.12,,,,,21.0,83.25,,211.0,,,,728.0,
2024-03-25 07:00:00,43.5,109.25,0.3,5.82,3.3,16.23,11.7,0.5,18.09,0.1,1.18,,,,,21.6,81.25,,205.75,,,,728.0,
2024-03-25 08:00:00,39.25,124.5,0.12,7.75,4.25,15.62,13.9,0.56,18.36,0.1,1.48,,,,,23.05,78.25,,185.75,,,,729.0,
2024-03-25 09:00:00,40.75,90.25,0.3,7.25,4.05,16.32,13.55,0.42,18.1,0.12,1.4,,,,,25.62,79.25,,185.0,,,,729.0,
2024-03-25 10:00:00,40.5,99.0,0.43,10.88,6.02,14.68,10.8,0.43,20.09,0.1,1.02,,,,,29.45,73.75,,157.75,,,,729.25,
2024-03-25 11:00:00,33.25,93.25,0.57,8.8,5.15,15.5,8.57,0.73,29.12,0.1,0.8,,,,,33.15,84.25,,141.0,,,,728.5,
2024-03-25 12:00:00,35.0,90.0,0.4,6.08,3.48,17.1,12.2,0.3,27.53,0.1,1.25,,,,,35.02,84.0,,144.75,,,,727.5,
2024-03-25 13:00:00,40.25,99.0,0.17,6.35,3.48,17.05,10.72,0.37,27.68,0.1,1.05,,,,,35.9,83.75,,157.0,,,,726.75,
2024-03-25 14:00:00,46.5,85.5,0.25,6.35,3.6,17.27,11.02,0.41,27.44,0.1,1.1,,,,,36.88,84.5,,138.75,,,,726.0,
2024-03-25 15:00:00,43.25,97.5,0.38,6.8,3.92,17.52,12.52,0.41,27.54,0.1,1.27,,,,,37.9,79.5,,127.0,,,,726.0,
2024-03-25 16:00:00,39.75,101.75,,7.8,4.18,17.52,13.12,0.52,27.42,0.1,1.35,,,,,37.33,79.25,,130.25,,,,726.0,
2024-03-25 17:00:00,45.5,130.25,0.1,6.88,3.68,19.27,13.15,0.61,27.62,0.12,1.32,,,,,36.0,81.75,,153.25,,,,726.0,
2024-03-25 18:00:00,51.5,147.75,0.2,8.95,4.8,20.05,12.75,0.66,27.75,0.1,1.3,,,,,33.65,81.0,,146.75,,,,726.0,
2024-03-25 19:00:00,65.75,172.25,0.15,9.68,5.28,19.75,14.9,0.5,27.59,0.18,1.6,,,,,30.75,83.0,,125.0,,,,727.0,
2024-03-25 20:00:00,63.25,138.5,0.32,10.45,5.85,18.02,12.95,0.47,27.47,0.1,1.35,,,,,29.35,82.75,,121.0,,,,727.75,
2024-03-25 21:00:00,46.0,103.25,0.27,9.52,5.25,17.08,13.52,0.48,27.15,0.12,1.42,,,,,28.02,83.0,,140.25,,,,728.5,
2024-03-25 22:00:00,39.5,86.5,0.3,8.75,4.9,16.48,15.5,0.46,27.56,0.2,1.65,,,,,26.98,82.75,,103.5,,,,728.25,
2024-03-25 23:00:00,43.25,69.5,0.12,7.45,4.08,16.2,14.85,0.55,27.28,0.18,1.6,,,,,26.1,81.0,,112.5,,,,728.0,
2024-03-26 00:00:00,30.5,67.5,0.2,5.72,3.2,16.5,11.27,0.53,27.66,0.1,1.13,,,,,25.32,82.0,,104.5,,,,728.0,
2024-03-26 01:00:00,27.75,66.0,0.18,5.62,3.12,16.15,11.02,0.4,27.73,0.1,1.1,,,,,24.7,82.0,,125.0,,,,728.0,
2024-03-26 02:00:00,32.0,65.25,0.1,5.6,3.0,16.05,12.3,0.42,27.26,0.1,1.27,,,,,24.28,82.0,,144.5,,,,727.0,
2024-03-26 03:00:00,30.75,62.75,0.3,6.18,3.42,15.75,12.18,0.3,27.64,0.1,1.23,,,,,23.7,83.0,,190.0,,,,727.0,
2024-03-26 04:00:00,35.5,61.25,0.2,7.0,3.82,15.35,15.12,0.31,27.47,0.18,1.6,,,,,22.95,83.25,,229.75,,,,727.25,
2024-03-26 05:00:00,38.5,62.25,0.27,6.72,3.72,15.45,15.48,0.3,27.81,0.2,1.7,,,,,22.42,83.25,,228.5,,,,727.25,
2024-03-26 06:00:00,52.0,76.0,0.18,6.65,3.7,15.72,14.32,,27.6,0.12,1.52,,,,,22.12,83.0,,229.5,,,,727.75,
2024-03-26 07:00:00,50.25,93.75,0.4,7.12,4.1,16.27,14.95,0.55,26.82,0.2,1.58,,,,,22.17,80.25,,208.0,,,,728.5,
2024-03-26 08:00:00,42.5,107.25,0.32,10.9,6.05,14.48,15.22,0.64,27.5,0.2,1.65,,,,,23.45,75.25,,217.75,,,,729.0,
2024-03-26 09:00:00,37.5,110.5,0.45,12.78,7.12,13.2,14.12,0.25,27.46,0.12,1.48,,,,,25.65,73.0,,219.25,,,,729.5,
2024-03-26 10:00:00,47.5,152.75,0.38,10.12,5.68,14.58,15.95,0.43,28.48,0.18,1.72,,,,,29.3,77.0,,185.75,,,,729.0,
2024-03-26 11:00:00,55.5,150.0,0.35,6.48,3.72,17.08,16.85,0.4,28.19,0.2,1.82,,,,,33.22,83.0,,178.0,,,,728.25,
2024-03-26 12:00:00,55.0,153.0,0.22,6.7,3.7,17.45,15.65,0.28,27.35,0.2,1.7,,,,,35.38,83.5,,171.75,,,,727.75,
2024-03-26 13:00:00,47.75,156.5,0.2,7.1,3.88,17.32,15.5,0.33,27.89,0.2,1.65,,,,,36.43,84.0,,156.5,,,,727.0,
2024-03-26 14:00:00,44.5,160.5,0.13,6.82,3.72,17.4,15.65,0.42,27.67,0.2,1.7,,,,,37.38,84.0,,133.25,,,,726.0,
2024-03-26 15:00:00,44.75,137.0,0.25,7.65,4.25,17.2,16.1,0.4,27.65,0.2,1.72,,,,,38.18,81.5,,137.0,,,,726.0,
2024-03-26 16:00:00,43.5,125.5,0.2,8.28,4.6,17.62,18.4,0.4,27.34,0.2,2.05,,,,,37.88,79.5,,157.75,,,,726.5,
2024-03-26 17:00:00,50.0,123.0,0.27,7.32,4.05,18.9,17.28,0.43,27.26,0.2,1.9,,,,,36.6,81.0,,145.5,,,,726.25,
2024-03-26 18:00:00,48.75,114.25,0.37,7.62,4.25,19.15,15.88,0.32,27.15,0.2,1.72,,,,,33.95,81.5,,127.25,,,,726.75,
2024-03-26 19:00:00,55.75,121.5,0.13,9.9,5.35,18.23,17.18,0.5,27.84,0.2,1.9,,,,,31.0,82.5,,122.75,,,,727.5,
2024-03-26 20:00:00,56.0,112.5,0.22,9.35,5.18,18.05,17.05,0.34,27.43,0.2,1.9,,,,,29.5,82.5,,152.75,,,,728.0,
2024-03-26 21:00:00,42.0,106.25,0.1,9.18,4.9,17.27,20.15,0.33,27.68,0.2,2.28,,,,,28.35,83.0,,112.5,,,,729.0,
2024-03-26 22:00:00,42.25,96.75,0.1,8.52,4.6,16.85,18.2,0.28,27.54,0.2,2.0,,,,,27.35,83.0,,132.25,,,,729.0,
2024-03-26 23:00:00,36.5,82.75,0.2,7.9,4.38,16.4,16.2,0.4,27.24,0.2,1.75,,,,,26.35,81.25,,124.0,,,,729.0,
2024-03-27 00:00:00,41.25,76.75,0.2,6.4,3.4,16.75,14.8,0.29,27.55,0.17,1.6,,,,,25.38,79.5,,94.25,,,,729.0,
2024-03-27 01:00:00,32.25,69.0,0.17,4.97,2.75,17.0,15.3,0.3,27.46,0.2,1.67,,,,,24.5,81.0,,121.0,,,,728.33,
2024-03-27 02:00:00,30.0,63.75,0.1,5.08,2.7,16.9,13.45,0.13,27.4,0.1,1.38,,,,,23.7,82.0,,158.75,,,,728.0,
2024-03-27 03:00:00,31.5,56.25,0.22,6.2,3.45,16.12,13.65,,27.38,0.1,1.42,,,,,22.92,83.0,,225.75,,,,728.0,
2024-03-27 04:00:00,32.5,53.75,0.1,7.2,3.92,15.62,12.7,0.56,27.32,0.1,1.3,,,,,22.3,82.75,,146.5,,,,728.5,
2024-03-27 05:00:00,23.5,53.5,0.18,7.15,3.95,15.55,13.02,0.62,27.81,0.1,1.38,,,,,21.92,83.25,,181.25,,,,728.75,
2024-03-27 06:00:00,31.25,63.75,0.2,7.2,3.97,15.9,14.22,0.66,27.54,0.12,1.52,,,,,21.62,83.25,,185.5,,,,729.0,
2024-03-27 07:00:00,42.75,99.75,0.3,7.52,4.2,16.42,14.2,0.71,27.52,0.15,1.52,,,,,21.7,81.25,,164.25,,,,729.5,
2024-03-27 08:00:00,46.5,125.0,0.25,9.18,5.07,16.52,15.98,0.43,27.22,0.2,1.72,,,,,23.1,78.25,,160.5,,,,730.25,
2024-03-27 09:00:00,45.5,115.25,0.28,7.7,4.3,17.05,16.42,0.32,27.76,0.2,1.78,,,,,25.35,80.5,,163.5,,,,730.0,
2024-03-27 10:00:00,56.0,122.0,0.13,7.27,4.0,17.97,15.55,0.66,28.17,0.2,1.7,,,,,28.62,81.67,,162.33,,,,730.0,
2024-03-27 11:00:00,50.0,161.0,0.25,6.65,3.6,18.08,13.8,0.54,27.85,0.12,1.45,,,,,32.08,82.75,,156.0,,,,729.75,
2024-03-27 12:00:00,44.5,139.0,0.28,7.52,4.25,17.4,15.7,0.54,27.15,0.2,1.68,,,,,33.65,83.0,,159.0,,,,729.0,
2024-03-27 13:00:00,27.75,73.0,0.45,7.65,4.42,17.25,15.5,0.6,27.44,0.2,1.68,,,,,35.35,83.5,,131.25,,,,728.0,
2024-03-27 14:00:00,28.5,78.25,0.3,7.43,4.2,17.65,16.0,0.62,27.71,0.2,1.72,,,,,36.7,84.0,,139.5,,,,727.25,
2024-03-27 15:00:00,34.0,91.75,0.23,7.92,4.32,17.77,19.95,0.61,27.36,0.2,2.22,,,,,37.7,82.5,,138.75,,,,727.0,
2024-03-27 16:00:00,37.5,86.5,0.3,9.28,5.18,17.15,21.6,0.62,27.4,0.25,2.48,,,,,37.7,78.75,,160.25,,,,727.0,
2024-03-27 17:00:00,41.25,94.75,0.28,7.8,4.38,17.8,23.28,0.67,27.77,0.28,2.7,,,,,36.2,80.5,,146.0,,,,727.25,
2024-03-27 18:00:00,47.5,108.75,0.3,7.7,4.32,18.8,20.95,0.72,27.26,0.2,2.35,,,,,33.55,82.0,,159.25,,,,727.75,
2024-03-27 19:00:00,44.75,109.75,0.3,8.43,4.75,19.2,20.33,0.73,27.71,0.2,2.3,,,,,30.6,82.25,,177.5,,,,728.0,
2024-03-27 20:00:00,40.0,88.0,0.13,10.3,5.52,18.62,19.88,0.71,27.6,0.2,2.22,,,,,29.2,83.25,,163.25,,,,728.25,
2024-03-27 21:00:00,38.25,94.0,0.17,10.8,5.85,17.8,23.6,0.7,27.31,0.28,2.72,,,,,28.38,83.0,,183.25,,,,729.0,
2024-03-27 22:00:00,43.25,105.5,0.2,10.07,5.45,16.9,24.05,0.67,27.76,0.28,2.78,,,,,27.42,83.0,,162.25,,,,729.25,
2024-03-27 23:00:00,47.75,87.5,0.17,9.5,5.12,16.12,21.18,0.64,27.62,0.2,2.42,,,,,26.4,82.25,,195.25,,,,729.0,
2024-03-28 00:00:00,48.75,93.0,0.17,7.12,3.88,16.4,17.3,1.0,27.59,0.2,1.9,,,,,25.65,81.0,,155.75,,,,729.0,
2024-03-28 01:00:00,48.0,94.0,0.2,5.95,3.22,16.7,10.7,0.99,27.6,0.1,1.07,,,,,25.02,81.5,,63.5,,,,728.0,
2024-03-28 02:00:00,54.75,85.5,0.28,5.32,3.05,16.62,7.85,0.92,27.56,0.1,0.65,,,,,24.32,82.0,,78.75,,,,728.0,
2024-03-28 03:00:00,44.0,75.5,0.17,8.5,4.65,15.25,8.55,0.92,27.24,0.1,0.78,,,,,23.68,82.0,,99.75,,,,728.0,
2024-03-28 04:00:00,34.75,71.0,0.17,7.88,4.3,15.12,11.4,0.94,27.27,0.1,1.15,,,,,23.18,84.0,,216.75,,,,728.0,
2024-03-28 05:00:00,45.0,81.75,0.22,8.2,4.55,15.1,11.08,0.92,27.76,0.1,1.1,,,,,22.72,83.5,,209.5,,,,728.0,
2024-03-28 06:00:00,51.75,96.75,0.22,7.98,4.42,15.42,10.6,1.0,27.76,0.1,1.03,,,,,22.48,83.5,,193.75,,,,728.75,
2024-03-28 07:00:00,58.75,145.0,0.32,8.02,4.5,15.72,12.75,0.97,27.5,0.1,1.3,,,,,22.65,82.5,,171.25,,,,728.5,
2024-03-28 08:00:00,68.0,181.0,0.23,8.72,4.8,15.88,11.62,1.0,26.96,0.1,1.18,,,,,23.72,79.0,,196.5,,,,729.75,
2024-03-28 09:00:00,53.75,116.0,0.13,8.78,4.75,15.6,13.22,1.16,28.18,0.12,1.35,,,,,25.4,79.75,,173.5,,,,729.0,
2024-03-28 10:00:00,55.25,107.75,0.2,6.88,3.78,16.88,10.12,1.08,27.6,0.1,0.98,,,,,28.4,82.0,,166.5,,,,729.25,
2024-03-28 11:00:00,51.75,98.75,0.2,7.35,4.0,17.02,12.7,1.09,27.78,0.12,1.27,,,,,31.88,82.25,,161.5,,,,728.75,
2024-03-28 12:00:00,46.25,91.5,0.17,8.32,4.53,16.88,14.45,1.06,27.57,0.18,1.52,,,,,34.7,83.25,,153.0,,,,727.75,
2024-03-28 13:00:00,39.0,87.5,0.4,8.28,4.42,17.12,13.12,1.14,27.58,0.12,1.35,,,,,36.55,83.75,,137.75,,,,726.75,
2024-03-28 14:00:00,32.0,77.25,0.27,8.18,4.5,17.35,10.42,1.13,27.39,0.1,0.98,,,,,37.75,84.0,,136.5,,,,726.0,
2024-03-28 15:00:00,31.0,71.0,0.17,8.05,4.38,17.4,9.85,1.08,27.25,0.1,0.92,,,,,38.38,83.25,,164.75,,,,726.0,
2024-03-28 16:00:00,36.75,80.0,0.2,8.48,4.6,17.8,11.08,1.31,27.73,0.1,1.1,,,,,38.8,80.0,,136.5,,,,725.25,
2024-03-28 17:00:00,36.75,91.75,0.35,7.8,4.42,19.4,11.55,1.24,27.54,0.1,1.15,,,,,38.05,81.5,,179.75,,,,725.5,
2024-03-28 18:00:00,39.75,110.75,0.17,9.15,4.95,20.88,8.93,1.02,27.59,0.1,0.85,,,,,35.6,82.0,,166.75,,,,726.0,
2024-03-28 19:00:00,43.0,139.75,0.37,11.25,6.2,21.78,9.15,1.0,27.74,0.1,0.85,,,,,31.78,82.5,,168.25,,,,726.0,
2024-03-28 20:00:00,47.75,125.25,0.2,14.08,7.65,20.02,13.3,0.92,27.22,0.12,1.38,,,,,30.08,82.75,,121.75,,,,726.5,
2024-03-28 21:00:00,51.25,107.75,0.2,13.28,7.25,17.95,19.88,0.86,28.12,0.2,2.2,,,,,29.48,82.75,,135.25,,,,727.75,
2024-03-28 22:00:00,45.5,93.25,0.2,11.5,6.2,16.7,17.6,0.8,27.52,0.2,1.92,,,,,28.52,83.0,,137.5,,,,728.0,
2024-03-28 23:00:00,46.0,79.25,0.3,10.38,5.78,16.02,15.15,0.79,27.2,0.2,1.6,,,,,27.5,82.5,,132.75,,,,728.0,
2024-03-29 00:00:00,48.25,79.75,0.3,9.32,5.18,15.68,14.1,0.11,27.26,0.13,1.47,,,,,26.75,80.0,,195.5,,,,728.0,
2024-03-29 01:00:00,37.0,79.0,0.15,7.8,4.27,15.67,14.25,0.28,27.39,0.15,1.5,,,,,26.12,82.0,,228.33,,,,727.0,
2024-03-29 02:00:00,60.0,93.0,0.15,7.78,4.22,15.35,14.08,0.26,27.61,0.12,1.48,,,,,25.42,82.0,,192.5,,,,727.0,
2024-03-29 03:00:00,64.0,99.0,0.1,7.9,4.18,14.95,15.95,0.28,27.76,0.2,1.72,,,,,24.78,82.0,,243.0,,,,726.5,
2024-03-29 04:00:00,72.0,109.0,0.18,8.55,4.7,14.8,26.38,0.29,27.3,0.28,3.08,,,,,24.28,82.75,,253.0,,,,727.0,
2024-03-29 05:00:00,57.25,82.5,0.4,8.9,5.05,14.55,28.32,0.32,27.15,0.3,3.35,,,,,23.95,83.25,,199.0,,,,727.0,
2024-03-29 06:00:00,48.0,82.25,0.35,8.22,4.65,14.85,21.3,0.34,27.36,0.25,2.42,,,,,23.95,83.5,,219.75,,,,727.0,
2024-03-29 07:00:00,46.25,103.25,0.15,7.95,4.35,15.25,16.52,0.32,27.73,0.2,1.8,,,,,23.6,82.75,,219.0,,,,728.0,
2024-03-29 08:00:00,47.5,97.0,0.27,9.68,5.3,14.58,18.25,0.26,26.36,0.2,2.03,,,,,24.17,78.25,,231.75,,,,728.75,
2024-03-29 09:00:00,41.5,89.75,0.22,9.8,5.4,13.98,18.08,0.15,28.33,0.2,2.0,,,,,25.65,78.25,,224.0,,,,729.0,
2024-03-29 10:00:00,46.0,101.75,0.22,5.75,3.25,16.12,14.72,0.04,27.63,0.18,1.55,,,,,28.4,82.0,,208.25,,,,728.5,
2024-03-29 11:00:00,47.5,100.75,0.12,5.7,3.12,17.9,13.92,0.06,27.33,0.15,1.48,,,,,31.68,82.25,,203.5,,,,728.0,
2024-03-29 12:00:00,62.5,186.5,0.22,7.62,4.25,18.48,15.75,0.16,26.99,0.2,1.7,,,,,34.88,83.75,,152.0,,,,727.25,
2024-03-29 13:00:00,83.75,329.25,,8.65,4.6,17.73,16.23,0.24,27.18,0.2,1.78,,,,,36.92,83.75,,145.5,,,,726.5,
2024-03-29 14:00:00,52.25,133.75,0.12,8.4,4.58,17.05,15.6,0.29,27.26,0.2,1.68,,,,,38.08,83.75,,137.0,,,,726.0,
2024-03-29 15:00:00,51.25,111.75,0.37,8.18,4.58,17.05,17.02,0.3,27.91,0.2,1.85,,,,,38.6,84.0,,156.75,,,,725.25,
2024-03-29 16:00:00,56.25,126.5,0.37,9.95,5.48,16.52,19.2,0.25,26.8,0.2,2.12,,,,,38.17,79.25,,152.75,,,,725.25,
2024-03-29 17:00:00,57.25,160.75,0.3,16.23,8.85,13.38,18.0,0.12,26.86,0.2,1.98,,,,,36.35,72.75,,158.5,,,,726.0,
2024-03-29 18:00:00,50.5,128.75,0.53,19.08,10.48,11.72,15.1,0.34,27.87,0.18,1.62,,,,,34.03,70.5,,165.75,,,,726.25,
2024-03-29 19:00:00,54.0,136.5,0.52,12.7,7.18,15.35,14.6,0.05,29.02,0.18,1.55,,,,,31.72,76.75,,131.5,,,,726.25,
2024-03-29 20:00:00,51.25,119.25,0.22,8.43,4.68,18.2,11.8,0.1,28.4,0.1,1.2,,,,,30.65,83.25,,177.5,,,,727.0,
2024-03-29 21:00:00,51.0,121.75,0.28,9.25,5.15,17.7,11.98,0.1,27.23,0.12,1.18,,,,,29.67,83.0,,144.25,,,,727.5,
2024-03-29 22:00:00,49.75,108.25,0.15,9.0,4.9,17.1,12.73,0.08,27.59,0.1,1.27,,,,,28.78,83.25,,150.0,,,,728.0,
2024-03-29 23:00:00,53.75,104.5,0.1,8.68,4.65,16.62,14.25,0.04,27.77,0.15,1.5,,,,,27.9,83.0,,163.0,,,,728.25,
2024-03-30 00:00:00,47.5,98.25,0.15,8.15,4.38,16.3,14.73,0.06,27.12,0.17,1.57,,,,,27.08,81.0,,220.0,,,,728.0,
2024-03-30 01:00:00,42.25,92.25,0.2,6.6,3.58,16.52,11.85,0.06,22.42,0.1,1.18,,,,,26.25,80.5,,241.25,,,,727.25,
2024-03-30 02:00:00,48.0,90.0,0.13,6.32,3.48,16.42,17.65,0.09,18.26,0.18,1.92,,,,,25.62,81.5,,246.25,,,,727.0,
2024-03-30 03:00:00,42.25,82.5,0.28,6.38,3.62,16.18,18.42,0.09,18.04,0.2,2.02,,,,,25.08,81.75,,244.0,,,,727.0,
2024-03-30 04:00:00,35.75,59.5,0.2,7.0,3.9,15.82,19.65,0.16,18.43,0.2,2.22,,,,,24.8,83.0,,241.5,,,,727.25,
2024-03-30 05:00:00,41.0,61.0,0.25,7.52,4.22,15.4,19.08,0.12,18.41,0.2,2.12,,,,,24.15,83.25,,228.5,,,,727.75,
2024-03-30 06:00:00,43.75,76.5,0.18,7.5,4.12,15.45,18.6,0.2,18.39,0.2,2.05,,,,,23.78,83.5,,186.5,,,,728.0,
2024-03-30 07:00:00,52.25,103.5,0.1,7.22,3.9,15.88,18.2,0.1,18.51,0.2,2.0,,,,,23.3,83.0,,220.25,,,,728.0,
2024-03-30 08:00:00,54.25,127.25,0.23,7.88,4.35,15.52,19.2,0.11,17.88,0.2,2.12,,,,,24.2,80.0,,215.25,,,,729.0,
2024-03-30 09:00:00,55.75,125.0,0.35,12.4,6.72,13.28,17.6,0.1,18.17,0.2,1.95,,,,,25.68,74.25,,212.5,,,,729.75,
2024-03-30 10:00:00,47.75,104.5,0.4,15.25,8.35,11.6,13.78,0.08,18.36,0.12,1.42,,,,,28.25,71.0,,195.75,,,,729.75,
2024-03-30 11:00:00,44.25,97.25,0.5,11.18,6.08,13.52,12.28,0.26,18.84,0.1,1.27,,,,,31.48,73.75,,197.5,,,,728.5,
2024-03-30 12:00:00,44.5,97.0,0.4,7.6,4.35,15.68,11.75,,19.26,0.1,1.2,,,,,33.95,82.75,,175.5,,,,727.75,
2024-03-30 13:00:00,44.0,104.5,0.25,6.1,3.5,17.02,9.93,0.21,18.15,0.1,0.95,,,,,35.75,84.25,,150.75,,,,727.25,
2024-03-30 14:00:00,42.75,127.5,0.1,6.65,3.6,17.62,11.0,0.22,18.23,0.1,1.08,,,,,37.42,84.5,,153.5,,,,726.25,
2024-03-30 15:00:00,30.75,109.5,0.13,7.08,3.85,17.75,13.65,0.26,18.32,0.1,1.42,,,,,38.5,84.25,,135.75,,,,726.0,
2024-03-30 16:00:00,36.25,143.5,0.1,7.62,4.1,17.82,14.18,0.24,18.48,0.12,1.5,,,,,38.62,82.5,,151.75,,,,726.0,
2024-03-30 17:00:00,44.25,162.75,0.15,8.38,4.53,18.1,13.82,0.36,18.22,0.1,1.45,,,,,37.65,79.5,,137.5,,,,726.0,
2024-03-30 18:00:00,41.25,123.0,0.17,7.88,4.25,20.65,18.27,0.36,18.38,0.2,2.02,,,,,35.38,81.75,,153.25,,,,726.75,
2024-03-30 19:00:00,48.25,138.0,0.13,9.15,4.92,20.98,20.27,0.65,18.16,0.2,2.28,,,,,32.17,82.0,,134.25,,,,727.5,
2024-03-30 20:00:00,51.25,136.0,0.1,10.58,5.68,19.42,21.7,0.54,18.58,0.2,2.48,,,,,30.55,82.75,,170.75,,,,728.0,
2024-03-30 21:00:00,56.75,156.25,0.13,11.15,5.98,17.68,18.48,0.52,18.36,0.2,2.05,,,,,29.25,82.75,,194.75,,,,728.25,
2024-03-30 22:00:00,52.25,141.75,0.22,10.02,5.48,17.15,20.18,0.53,18.84,0.2,2.25,,,,,28.22,82.75,,120.5,,,,729.0,
2024-03-30 23:00:00,49.25,104.0,0.25,9.48,5.25,16.85,23.1,0.49,18.52,0.25,2.65,,,,,27.25,82.75,,65.75,,,,729.0,
2024-03-31 00:00:00,45.75,107.25,0.25,8.75,4.88,16.45,28.7,0.44,18.27,0.3,3.37,,,,,26.55,81.5,,205.0,,,,728.67,
2024-03-31 01:00:00,47.25,122.0,0.15,8.5,4.53,16.32,24.87,0.23,18.03,0.27,2.93,,,,,25.52,80.5,,143.5,,,,728.33,
2024-03-31 02:00:00,62.0,111.0,0.2,14.62,7.9,13.3,30.7,0.26,17.93,0.38,3.65,,,,,24.55,74.5,,190.25,,,,728.5,
2024-03-31 03:00:00,59.5,115.5,0.1,14.18,7.58,12.68,29.2,0.34,18.81,0.3,3.42,,,,,24.12,74.75,,232.75,,,,728.0,
2024-03-31 04:00:00,59.5,114.75,0.1,8.82,4.7,14.95,29.95,0.34,18.91,0.35,3.58,,,,,24.05,81.75,,195.5,,,,728.0,
2024-03-31 05:00:00,52.75,101.0,0.32,7.7,4.38,15.35,32.95,0.08,18.34,0.4,3.92,,,,,23.55,83.75,,233.5,,,,728.5,
2024-03-31 06:00:00,50.0,111.25,0.1,7.9,4.12,15.32,24.95,0.07,18.52,0.28,2.9,,,,,23.35,83.75,,232.5,,,,729.0,
2024-03-31 07:00:00,60.75,138.5,0.13,7.55,4.12,15.5,17.25,0.02,18.28,0.2,1.9,,,,,23.25,83.0,,205.5,,,,729.5,
2024-03-31 08:00:00,55.25,170.25,0.15,7.15,3.9,15.45,15.85,0.16,18.09,0.2,1.75,,,,,23.62,81.75,,206.0,,,,730.0,
2024-03-31 09:00:00,49.5,134.75,,9.5,4.95,14.42,18.2,0.13,18.29,0.2,2.0,,,,,24.95,77.0,,194.0,,,,730.5,
2024-03-31 10:00:00,43.0,118.5,0.27,6.5,3.62,15.22,18.62,0.09,18.74,0.2,2.08,,,,,27.65,80.75,,206.25,,,,730.0,
2024-03-31 11:00:00,27.25,73.75,0.2,4.72,2.68,16.05,15.15,,18.25,0.2,1.62,,,,,30.42,82.0,,219.5,,,,729.0,
2024-03-31 12:00:00,24.75,74.5,0.18,4.97,2.8,16.35,14.28,,18.48,0.12,1.52,,,,,32.72,82.75,,168.5,,,,728.5,
2024-03-31 13:00:00,26.0,63.75,0.17,6.05,3.32,16.42,13.62,0.17,18.39,0.1,1.42,,,,,35.33,83.75,,173.5,,,,727.75,
2024-03-31 14:00:00,33.0,71.0,0.22,6.4,3.58,16.68,13.98,0.21,18.68,0.12,1.5,,,,,36.8,84.0,,146.25,,,,727.0,
2024-03-31 15:00:00,38.5,88.25,0.2,6.4,3.52,16.65,16.92,0.25,18.08,0.2,1.85,,,,,37.52,84.0,,157.25,,,,726.25,
2024-03-31 16:00:00,42.25,134.25,0.1,6.55,3.52,16.7,17.02,0.24,17.94,0.2,1.88,,,,,37.88,82.75,,149.75,,,,726.25,
2024-03-31 17:00:00,33.75,92.5,0.23,9.25,5.05,16.12,16.9,0.19,17.65,0.2,1.82,,,,,37.35,76.25,,134.5,,,,726.75,
2024-03-31 18:00:00,39.25,100.75,,14.4,7.53,13.37,12.4,0.32,17.95,0.1,1.23,,,,,34.92,71.5,,147.25,,,,727.0,
2024-03-31 19:00:00,33.0,99.0,0.4,12.33,6.77,15.47,11.95,0.52,19.36,0.1,1.2,,,,,31.22,72.75,,228.5,,,,727.0,
2024-03-31 20:00:00,42.5,96.5,0.3,9.82,5.48,18.45,13.25,0.13,19.0,0.1,1.38,,,,,29.5,80.25,,226.25,,,,727.25,
2024-03-31 21:00:00,53.5,127.25,0.28,9.28,5.15,19.45,12.4,0.34,18.7,0.1,1.27,,,,,28.33,83.25,,207.0,,,,727.5,
2024-03-31 22:00:00,57.75,132.0,0.18,10.3,5.6,18.88,14.2,0.28,18.14,0.15,1.5,,,,,27.5,83.0,,137.75,,,,727.75,
2024-03-31 23:00:00,66.0,126.0,0.25,10.13,5.53,18.17,13.1,0.22,18.36,0.1,1.4,,,,,27.5,83.0,,116.33,,,,728.0,
2024-04-01 00:00:00,32.25,65.25,0.2,9.38,4.9,16.2,11.5,0.58,17.97,0.1,1.13,,,,,26.65,82.0,,125.5,,,,727.33,
2024-04-01 01:00:00,29.75,47.0,0.1,7.25,3.95,16.3,12.23,0.37,18.24,0.13,1.23,,,,,25.9,80.5,,153.5,,,,727.0,
2024-04-01 02:00:00,33.5,51.25,0.1,6.12,3.3,15.98,16.8,0.26,18.45,0.2,1.85,,,,,24.8,81.5,,193.75,,,,726.5,
2024-04-01 03:00:00,21.75,48.5,0.13,5.85,3.18,16.1,15.08,,18.25,0.18,1.62,,,,,24.1,82.0,,189.25,,,,726.25,
2024-04-01 04:00:00,27.0,53.75,0.1,5.98,3.15,15.8,13.28,,18.36,0.12,1.38,,,,,23.72,83.0,,231.75,,,,726.75,
2024-04-01 05:00:00,30.25,52.75,0.1,7.0,3.75,15.58,16.48,0.36,18.01,0.18,1.8,,,,,23.45,83.5,,225.0,,,,727.25,
2024-04-01 06:00:00,41.25,74.0,0.2,7.1,3.78,15.2,19.88,0.44,18.12,0.2,2.25,,,,,23.28,83.5,,212.5,,,,727.0,
2024-04-01 07:00:00,45.0,87.75,,6.98,3.6,15.32,17.2,0.36,18.44,0.2,1.9,,,,,23.28,83.0,,210.0,,,,728.0,
2024-04-01 08:00:00,42.0,89.5,,7.07,3.6,15.0,17.08,0.42,18.2,0.2,1.85,,,,,23.78,82.0,,213.0,,,,728.25,
2024-04-01 09:00:00,34.5,76.75,0.17,8.8,4.75,14.58,18.05,0.15,17.58,0.2,2.0,,,,,24.95,77.5,,209.0,,,,729.0,
2024-04-01 10:00:00,39.0,70.0,,13.1,6.7,12.3,19.07,0.09,18.34,0.2,2.1,,,,,26.0,73.67,,206.33,,,,729.33,
2024-04-01 11:00:00,,,,,,,,,,,,,,,,,,,,,,,,
2024-04-01 12:00:00,,,,,,,,,,,,,,,,,,,,,,,,
2024-04-01 13:00:00,,,,,,,,,,,,,,,,,,,,,,,,
2024-04-01 14:00:00,,,,,,,,,,,,,,,,,,,,,,,,
2024-04-01 15:00:00,,,,,,,,,,,,,,,,,,,,,,,,
2024-04-01 16:00:00,,,,,,,,,,,,,,,,,,,,,,,,
2024-04-01 17:00:00,,,,,,,,,,,,,,,,,,,,,,,,
2024-04-01 18:00:00,,,,,,,,,,,,,,,,,,,,,,,,
2024-04-01 19:00:00,,,,,,,,,,,,,,,,,,,,,,,,
2024-04-01 20:00:00,,,,,,,,,,,,,,,,,,,,,,,,
2024-04-01 21:00:00,,,,,,,,,,,,,,,,,,,,,,,,
2024-04-01 22:00:00,,,,,,,,,,,,,,,,,,,,,,,,
2024-04-01 23:00:00,45.5,100.75,0.13,17.0,9.13,14.23,47.13,,18.35,0.5,5.8,,,,,28.48,84.33,,216.67,,,,726.67,
2024-04-02 00:00:00,50.25,64.75,0.23,12.08,6.55,14.65,46.67,0.05,18.34,0.5,5.7,,,,,27.35,83.75,,188.0,,,,726.0,
2024-04-02 01:00:00,34.25,52.75,0.38,10.0,5.6,14.88,17.33,0.16,18.13,0.2,1.9,,,,,26.75,83.5,,239.5,,,,726.0,
2024-04-02 02:00:00,36.75,64.0,0.25,8.95,4.97,15.0,13.0,0.5,18.3,0.15,1.38,,,,,26.1,81.0,,190.25,,,,725.0,
2024-04-02 03:00:00,35.0,70.25,0.2,11.22,6.1,14.15,13.4,0.68,17.91,0.12,1.38,,,,,25.38,76.75,,191.5,,,,725.5,
2024-04-02 04:00:00,39.25,84.0,,,,,15.28,,18.18,0.18,1.62,,,,,24.92,72.25,,227.0,,,,726.0,
2024-04-02 05:00:00,32.25,69.0,0.4,8.7,4.9,14.4,8.15,0.53,19.18,0.1,0.72,,,,,24.7,73.25,,211.0,,,,726.0,
2024-04-02 06:00:00,30.25,74.25,0.35,7.38,4.05,15.12,6.45,0.45,18.97,0.1,0.5,,,,,24.62,83.0,,193.75,,,,726.0,
2024-04-02 07:00:00,42.25,95.25,0.1,7.32,3.82,15.32,2.85,0.45,23.48,,0.25,,,,,24.45,83.75,,197.5,,,,726.5,
2024-04-02 08:00:00,48.5,109.75,0.25,7.22,4.05,15.35,5.52,0.44,26.66,0.1,0.38,,,,,24.8,83.25,,199.75,,,,727.0,
2024-04-02 09:00:00,47.75,110.25,0.22,7.05,3.98,15.42,6.52,0.44,27.33,0.1,0.48,,,,,25.95,83.5,,215.5,,,,727.25,
2024-04-02 10:00:00,51.0,134.25,0.27,7.42,4.1,15.48,7.3,0.46,26.27,0.1,0.6,,,,,28.3,81.25,,215.5,,,,727.0,
2024-04-02 11:00:00,57.75,158.75,0.25,9.93,5.32,15.7,10.02,0.6,27.01,0.1,0.98,,,,,31.48,75.25,,174.5,,,,726.5,
2024-04-02 12:00:00,65.25,126.25,0.28,8.9,4.95,18.77,6.02,0.55,28.13,0.1,0.42,,,,,35.08,78.75,,194.5,,,,725.5,
2024-04-02 13:00:00,53.0,115.25,0.27,7.92,4.32,18.05,10.58,0.48,27.72,0.1,1.0,,,,,36.72,80.75,,148.75,,,,724.5,
2024-04-02 14:00:00,47.75,118.75,0.3,7.7,4.2,17.95,12.1,0.47,27.66,0.1,1.23,,,,,38.67,48.0,,153.25,,,,724.0,
2024-04-02 15:00:00,40.25,100.25,0.18,8.5,4.65,17.65,13.62,0.52,27.22,0.12,1.45,,,,,39.88,21.0,,177.5,,,,723.5,
2024-04-02 16:00:00,38.25,102.5,0.3,8.28,4.5,11.98,13.28,0.51,27.29,0.1,1.4,,,,,37.23,20.5,,145.5,,,,715.67,
2024-04-02 17:00:00,41.75,112.5,0.78,8.75,5.3,3.38,15.25,0.53,27.13,0.18,1.65,,,,,35.5,24.5,,156.5,,,,710.0,
2024-04-02 18:00:00,48.25,130.5,1.0,9.85,6.05,3.32,15.38,0.6,27.75,0.2,1.65,,,,,33.72,28.0,,212.75,,,,711.0,
2024-04-02 19:00:00,42.5,132.75,1.02,9.38,5.85,4.97,16.18,0.57,27.36,0.2,1.75,,,,,33.05,27.5,,138.0,,,,711.75,
2024-04-02 20:00:00,41.5,123.75,0.7,8.8,5.22,5.92,14.95,0.54,27.75,0.15,1.6,,,,,32.5,32.25,,128.5,,,,712.75,
2024-04-02 21:00:00,42.5,110.25,0.82,10.3,6.12,4.08,12.88,0.62,27.48,0.1,1.35,,,,,31.98,46.25,,129.0,,,,713.5,
2024-04-02 22:00:00,39.25,86.25,0.8,9.98,5.92,1.78,13.38,0.6,27.69,0.1,1.4,,,,,31.52,49.0,,103.0,,,,714.0,
2024-04-02 23:00:00,33.0,75.25,0.85,10.62,6.32,0.1,13.75,0.65,28.1,0.1,1.45,,,,,31.05,48.75,,123.0,,,,714.0,
2024-04-03 00:00:00,29.5,72.25,0.65,9.22,5.4,,14.6,0.57,27.46,0.17,1.53,,,,,30.65,52.5,,95.5,,,,714.0,
2024-04-03 01:00:00,30.5,63.25,0.92,8.07,5.05,3.97,16.3,0.49,21.84,0.2,1.77,,,,,27.4,56.25,,242.25,,,,714.0,
2024-04-03 02:00:00,37.0,70.5,0.9,7.6,4.78,4.55,16.98,0.46,18.13,0.2,1.88,,,,,24.82,61.75,,229.0,,,,713.0,
2024-04-03 03:00:00,35.0,70.75,0.8,6.38,4.0,4.88,16.55,0.39,18.26,0.2,1.78,,,,,24.65,64.0,,238.5,,,,713.0,
2024-04-03 04:00:00,38.75,67.0,0.82,5.32,3.5,5.03,14.6,0.32,18.39,0.12,1.55,,,,,24.4,74.25,,205.75,,,,713.5,
2024-04-03 05:00:00,38.0,65.75,0.82,5.52,3.6,4.78,15.15,0.34,18.44,0.18,1.65,,,,,24.28,81.25,,221.5,,,,714.0,
2024-04-03 06:00:00,32.25,68.75,0.68,5.05,3.2,5.25,13.7,0.31,18.46,0.1,1.45,,,,,24.15,83.0,,219.5,,,,714.0,
2024-04-03 07:00:00,42.5,89.75,0.5,6.48,3.85,4.95,13.42,0.39,18.42,0.1,1.4,,,,,24.22,81.0,,199.25,,,,715.0,
2024-04-03 08:00:00,43.5,93.0,0.75,6.58,4.08,4.75,15.45,0.4,18.42,0.2,1.65,,,,,24.78,76.25,,195.75,,,,716.0,
2024-04-03 09:00:00,41.75,95.25,0.75,6.25,3.9,4.95,17.98,0.38,18.49,0.2,1.98,,,,,25.62,66.75,,196.75,,,,716.0,
2024-04-03 10:00:00,41.0,93.0,0.6,6.37,3.83,4.87,17.53,0.38,18.68,0.2,1.93,,,,,26.4,57.33,,199.67,,,,716.0,
2024-04-03 11:00:00,34.0,,1.0,6.65,4.32,4.5,12.73,0.4,18.36,0.17,1.3,,,,,27.98,45.25,,201.25,,,,715.0,
2024-04-03 12:00:00,35.25,86.0,0.82,4.88,3.25,5.92,16.02,0.3,18.45,0.2,1.75,,,,,29.68,32.5,,163.5,,,,714.25,
2024-04-03 13:00:00,39.5,92.0,0.92,4.22,3.02,7.2,16.23,0.26,20.02,0.2,1.75,,,,,30.58,29.25,,160.5,,,,712.75,
2024-04-03 14:00:00,37.75,103.25,0.85,5.38,3.52,7.05,16.18,0.33,27.34,0.2,1.75,,,,,31.1,27.25,,166.0,,,,712.0,
2024-04-03 15:00:00,30.0,81.75,0.7,6.5,4.03,6.52,14.85,0.4,27.24,0.15,1.6,,,,,31.32,26.5,,137.25,,,,711.25,
2024-04-03 16:00:00,39.0,87.0,0.75,7.1,4.4,6.65,18.8,0.44,27.16,0.2,2.1,,,,,31.15,27.0,,129.0,,,,711.0,
2024-04-03 17:00:00,46.0,112.25,1.0,7.58,4.85,7.25,22.25,0.46,27.04,0.25,2.55,,,,,30.08,28.75,,171.75,,,,711.5,
2024-04-03 18:00:00,43.75,121.75,0.82,8.22,5.03,7.52,18.77,0.5,27.38,0.2,2.08,,,,,28.48,32.0,,216.0,,,,712.0,
2024-04-03 19:00:00,51.5,154.0,0.7,8.98,5.32,8.35,20.72,0.55,27.36,0.2,2.33,,,,,27.9,34.75,,148.25,,,,712.75,
2024-04-03 20:00:00,41.0,120.75,0.78,8.3,5.03,9.45,21.33,0.5,27.81,0.25,2.42,,,,,27.5,35.25,,140.5,,,,713.5,
2024-04-03 21:00:00,38.5,119.25,0.57,7.85,4.62,9.15,18.18,0.47,27.33,0.2,2.02,,,,,27.0,36.5,,141.25,,,,714.0,
2024-04-03 22:00:00,35.25,87.25,0.52,8.05,4.72,7.85,18.1,0.49,27.33,0.2,2.0,,,,,26.38,40.5,,107.75,,,,715.0,
2024-04-03 23:00:00,46.25,75.5,0.55,9.25,5.4,6.12,17.12,0.56,27.66,0.2,1.88,,,,,25.92,44.0,,130.0,,,,714.25,
2024-04-04 00:00:00,38.25,64.5,0.75,8.68,5.25,5.05,18.97,0.53,27.93,0.2,2.1,,,,,25.65,47.75,,110.75,,,,714.0,
2024-04-04 01:00:00,32.0,63.0,0.68,7.65,4.6,4.9,17.2,0.47,27.65,0.2,1.9,,,,,25.3,51.0,,202.75,,,,714.0,
2024-04-04 02:00:00,35.25,60.5,0.78,7.12,4.42,4.7,16.68,0.43,27.52,0.18,1.82,,,,,25.02,55.0,,206.0,,,,713.75,
2024-04-04 03:00:00,30.25,54.5,0.77,8.53,5.17,4.07,17.6,0.52,26.77,0.2,1.95,,,,,24.85,59.5,,244.0,,,,713.0,
2024-04-04 04:00:00,35.25,58.25,,,,,16.3,,27.66,0.2,1.75,,,,,24.8,60.5,,216.75,,,,713.0,
2024-04-04 05:00:00,24.0,56.0,,,,,9.8,,27.64,0.1,0.95,,,,,24.62,66.0,,208.75,,,,714.0,
2024-04-04 06:00:00,33.75,66.75,0.55,5.55,3.4,4.8,7.18,0.34,29.24,0.1,0.6,,,,,24.3,73.75,,189.75,,,,714.5,
2024-04-04 07:00:00,37.75,105.25,0.7,5.43,3.43,5.07,5.88,0.33,28.15,,0.43,,,,,24.45,73.75,,191.0,,,,715.5,
2024-04-04 08:00:00,42.75,116.75,0.65,5.92,3.65,5.28,6.32,0.36,27.52,0.1,0.5,,,,,24.9,69.75,,192.25,,,,716.0,
2024-04-04 09:00:00,45.0,88.5,0.77,5.77,3.67,5.3,6.32,0.35,27.29,0.1,0.48,,,,,25.8,64.0,,199.5,,,,716.0,
2024-04-04 10:00:00,50.5,72.75,0.4,5.7,3.3,4.0,8.65,0.34,27.26,0.1,0.78,,,,,27.02,52.25,,200.5,,,,716.0,
2024-04-04 11:00:00,35.75,81.75,0.65,5.28,3.32,5.25,9.1,0.32,27.72,0.1,0.85,,,,,28.48,39.25,,210.0,,,,715.5,
2024-04-04 12:00:00,24.25,78.75,0.6,4.65,2.95,6.32,9.07,0.28,27.65,0.1,0.85,,,,,29.9,29.5,,166.25,,,,714.5,
2024-04-04 13:00:00,28.0,95.25,0.65,4.28,2.78,7.42,11.58,0.26,27.77,0.1,1.15,,,,,30.38,25.25,,185.5,,,,713.5,
2024-04-04 14:00:00,29.5,112.5,0.6,4.18,2.75,7.55,13.58,0.25,27.5,0.1,1.4,,,,,31.0,24.75,,178.25,,,,712.5,
2024-04-04 15:00:00,31.0,106.0,0.65,5.65,3.55,6.85,14.35,0.34,26.93,0.18,1.52,,,,,31.52,21.75,,141.5,,,,712.0,
2024-04-04 16:00:00,21.5,75.75,0.68,6.25,3.85,6.4,12.7,0.38,27.74,0.1,1.3,,,,,31.08,22.75,,172.5,,,,712.0,
2024-04-04 17:00:00,25.75,108.25,0.65,6.3,3.9,6.65,14.7,0.38,27.0,0.2,1.52,,,,,30.35,26.25,,141.0,,,,712.0,
2024-04-04 18:00:00,45.5,199.25,0.78,6.92,4.3,7.25,15.02,0.42,27.36,0.2,1.62,,,,,28.65,29.25,,187.0,,,,712.5,
2024-04-04 19:00:00,50.25,230.5,0.82,7.62,4.7,8.12,17.05,0.47,27.34,0.2,1.85,,,,,27.92,30.0,,204.5,,,,713.25,
2024-04-04 20:00:00,43.25,155.75,0.92,7.0,4.47,9.98,16.7,0.42,27.9,0.2,1.82,,,,,27.45,29.5,,177.25,,,,714.0,
2024-04-04 21:00:00,46.5,133.0,0.82,7.88,4.8,10.38,15.02,0.48,27.29,0.18,1.6,,,,,26.9,34.75,,103.25,,,,714.75,
2024-04-04 22:00:00,43.0,97.75,0.68,8.55,5.08,8.72,14.18,0.52,27.38,0.15,1.48,,,,,26.4,40.5,,149.5,,,,715.0,
2024-04-04 23:00:00,36.25,76.25,0.6,8.57,5.08,6.88,15.0,0.52,27.35,0.18,1.6,,,,,26.0,44.0,,184.25,,,,715.0,
2024-04-05 00:00:00,32.0,57.25,0.65,8.57,5.1,5.38,15.87,0.52,27.77,0.2,1.7,,,,,25.72,47.25,,195.25,,,,715.0,
2024-04-05 01:00:00,29.25,50.75,0.65,7.7,4.62,4.97,20.2,0.47,27.39,0.2,2.27,,,,,25.32,51.0,,203.75,,,,714.5,
2024-04-05 02:00:00,36.0,47.75,0.75,7.02,4.35,4.72,21.95,0.43,27.8,0.25,2.52,,,,,25.08,48.75,,193.75,,,,714.0,
2024-04-05 03:00:00,25.75,47.25,0.77,7.4,4.6,4.5,22.08,0.45,22.66,0.22,2.5,,,,,25.08,49.25,,189.5,,,,714.0,
2024-04-05 04:00:00,22.75,42.25,0.85,6.22,4.0,4.75,20.18,0.38,22.21,0.2,2.25,,,,,24.85,58.25,,211.5,,,,714.0,
2024-04-05 05:00:00,29.5,60.0,0.92,5.2,3.53,5.1,16.0,0.32,22.19,0.2,1.75,,,,,24.45,70.75,,227.25,,,,714.0,
2024-04-05 06:00:00,43.5,90.5,0.62,6.62,4.03,4.82,15.32,0.4,21.3,0.18,1.65,,,,,24.3,74.75,,218.5,,,,714.75,
2024-04-05 07:00:00,46.75,116.0,0.65,4.75,3.1,5.5,17.82,0.3,23.35,0.2,1.95,,,,,24.48,74.75,,219.5,,,,715.5,
2024-04-05 08:00:00,50.5,128.0,0.97,4.87,3.37,5.2,16.25,0.3,22.2,0.2,1.78,,,,,25.25,67.75,,234.0,,,,716.0,
2024-04-05 09:00:00,44.5,103.0,0.88,4.78,3.22,5.65,16.1,0.29,21.67,0.18,1.75,,,,,26.15,57.25,,201.25,,,,716.0,
2024-04-05 10:00:00,40.25,86.0,0.75,4.7,3.1,5.75,17.85,0.29,21.81,0.2,1.98,,,,,27.75,42.25,,184.75,,,,716.0,
2024-04-05 11:00:00,37.0,96.5,0.85,4.78,3.22,6.08,18.75,0.29,21.9,0.2,2.08,,,,,29.08,31.75,,184.25,,,,715.0,
2024-04-05 12:00:00,25.0,92.0,0.65,6.8,4.15,5.8,18.47,0.42,21.72,0.2,2.03,,,,,30.27,25.67,,159.67,,,,714.0,
2024-04-05 13:00:00,25.0,92.0,,,,,16.5,,22.48,0.2,1.8,,,,,31.4,21.5,,141.5,,,,712.0,
2024-04-05 14:00:00,,,,,,,,,,,,,,,,,,,,,,,,
2024-04-05 15:00:00,,,,,,,,,,,,,,,,,,,,,,,,
2024-04-05 16:00:00,,,,,,,,,,,,,,,,,,,,,,,,
2024-04-05 17:00:00,,,,,,,,,,,,,,,,,,,,,,,,
2024-04-05 18:00:00,,,,,,,,,,,,,,,,,,,,,,,,
2024-04-05 19:00:00,,,,,,,,,,,,,,,,,,,,,,,,
2024-04-05 20:00:00,,,,,,,,,,,,,,,,,,,,,,,,
2024-04-05 21:00:00,,,,,,,,,,,,,,,,,,,,,,,,
2024-04-05 22:00:00,,,,,,,,,,,,,,,,,,,,,,,,
2024-04-05 23:00:00,,,,,,,,,,,,,,,,,,,,,,,,
2024-04-06 00:00:00,,,,,,,,,,,,,,,,,,,,,,,,
2024-04-06 01:00:00,,,,,,,,,,,,,,,,,,,,,,,,
2024-04-06 02:00:00,,,,,,,,,,,,,,,,,,,,,,,,
2024-04-06 03:00:00,,,,,,,,,,,,,,,,,,,,,,,,
2024-04-06 04:00:00,,,,,,,,,,,,,,,,,,,,,,,,
2024-04-06 05:00:00,,,,,,,,,,,,,,,,,,,,,,,,
2024-04-06 06:00:00,,,,,,,,,,,,,,,,,,,,,,,,
2024-04-06 07:00:00,,,,,,,,,,,,,,,,,,,,,,,,
2024-04-06 08:00:00,,,,,,,,,,,,,,,,,,,,,,,,
2024-04-06 09:00:00,,,,,,,,,,,,,,,,,,,,,,,,
2024-04-06 10:00:00,,,,,,,,,,,,,,,,,,,,,,,,
2024-04-06 11:00:00,,,,,,,,,,,,,,,,,,,,,,,,
2024-04-06 12:00:00,,,,,,,,,,,,,,,,,,,,,,,,
2024-04-06 13:00:00,,,,,,,,,,,,,,,,,,,,,,,,
2024-04-06 14:00:00,,,,,,,,,,,,,,,,,,,,,,,,
2024-04-06 15:00:00,,,,,,,,,,,,,,,,,,,,,,,,
2024-04-06 16:00:00,,,,,,,,,,,,,,,,,,,,,,,,
2024-04-06 17:00:00,,,,,,,,,,,,,,,,,,,,,,,,
2024-04-06 18:00:00,,,,,,,,,,,,,,,,,,,,,,,,
2024-04-06 19:00:00,,,,,,,,,,,,,,,,,,,,,,,,
2024-04-06 20:00:00,,,,,,,,,,,,,,,,,,,,,,,,
2024-04-06 21:00:00,,,,,,,,,,,,,,,,,,,,,,,,
2024-04-06 22:00:00,,,,,,,,,,,,,,,,,,,,,,,,
2024-04-06 23:00:00,,,,,,,,,,,,,,,,,,,,,,,,
2024-04-07 00:00:00,,,,,,,,,,,,,,,,,,,,,,,,
2024-04-07 01:00:00,,,,,,,,,,,,,,,,,,,,,,,,
2024-04-07 02:00:00,,,,,,,,,,,,,,,,,,,,,,,,
2024-04-07 03:00:00,,,,,,,,,,,,,,,,,,,,,,,,
2024-04-07 04:00:00,,,,,,,,,,,,,,,,,,,,,,,,
2024-04-07 05:00:00,,,,,,,,,,,,,,,,,,,,,,,,
2024-04-07 06:00:00,,,,,,,,,,,,,,,,,,,,,,,,
2024-04-07 07:00:00,,,,,,,,,,,,,,,,,,,,,,,,
2024-04-07 08:00:00,,,,,,,,,,,,,,,,,,,,,,,,
2024-04-07 09:00:00,,,,,,,,,,,,,,,,,,,,,,,,
2024-04-07 10:00:00,,,,,,,,,,,,,,,,,,,,,,,,
2024-04-07 11:00:00,,,,,,,,,,,,,,,,,,,,,,,,
2024-04-07 12:00:00,,,,,,,,,,,,,,,,,,,,,,,,
2024-04-07 13:00:00,,,,,,,,,,,,,,,,,,,,,,,,
2024-04-07 14:00:00,,,,,,,,,,,,,,,,,,,,,,,,
2024-04-07 15:00:00,,,,,,,,,,,,,,,,,,,,,,,,
2024-04-07 16:00:00,,,,,,,,,,,,,,,,,,,,,,,,
2024-04-07 17:00:00,,,,,,,,,,,,,,,,,,,,,,,,
2024-04-07 18:00:00,,,,,,,,,,,,,,,,,,,,,,,,
2024-04-07 19:00:00,,,,,,,,,,,,,,,,,,,,,,,,
2024-04-07 20:00:00,,,,,,,,,,,,,,,,,,,,,,,,
2024-04-07 21:00:00,,,,,,,,,,,,,,,,,,,,,,,,
2024-04-07 22:00:00,,,,,,,,,,,,,,,,,,,,,,,,
2024-04-07 23:00:00,,,,,,,,,,,,,,,,,,,,,,,,
2024-04-08 00:00:00,,,,,,,,,,,,,,,,,,,,,,,,
2024-04-08 01:00:00,,,,,,,,,,,,,,,,,,,,,,,,
2024-04-08 02:00:00,,,,,,,,,,,,,,,,,,,,,,,,
2024-04-08 03:00:00,,,,,,,,,,,,,,,,,,,,,,,,
2024-04-08 04:00:00,,,,,,,,,,,,,,,,,,,,,,,,
2024-04-08 05:00:00,,,,,,,,,,,,,,,,,,,,,,,,
2024-04-08 06:00:00,,,,,,,,,,,,,,,,,,,,,,,,
2024-04-08 07:00:00,,,,,,,,,,,,,,,,,,,,,,,,
2024-04-08 08:00:00,,,,,,,,,,,,,,,,,,,,,,,,
2024-04-08 09:00:00,,,,,,,,,,,,,,,,,,,,,,,,
2024-04-08 10:00:00,,,,,,,,,,,,,,,,,,,,,,,,
2024-04-08 11:00:00,,,,,,,,,,,,,,,,,,,,,,,,
2024-04-08 12:00:00,35.0,85.0,,,,,16.3,,21.99,0.2,1.8,,,,,30.2,27.0,,181.0,,,,714.0,
2024-04-08 13:00:00,33.5,82.25,,,,,17.12,,21.95,0.2,1.9,,,,,30.75,24.75,,164.25,,,,712.75,
2024-04-08 14:00:00,29.0,75.0,0.5,4.2,2.6,7.0,19.15,0.25,21.82,0.2,2.15,,,,,31.12,22.75,,167.75,,,,712.0,
2024-04-08 15:00:00,38.25,143.5,0.57,4.12,2.62,7.45,16.62,0.25,22.02,0.2,1.8,,,,,31.2,21.75,,178.5,,,,711.0,
2024-04-08 16:00:00,57.0,281.25,0.52,4.0,2.55,8.28,17.52,0.24,22.0,0.2,1.92,,,,,31.0,22.5,,162.0,,,,711.0,
2024-04-08 17:00:00,34.75,117.75,0.48,4.38,2.7,8.8,18.02,0.26,21.85,0.2,1.98,,,,,29.92,24.25,,163.0,,,,711.5,
2024-04-08 18:00:00,47.75,155.5,,6.1,3.3,7.9,17.65,0.37,21.81,0.2,1.92,,,,,28.25,28.25,,147.0,,,,712.25,
2024-04-08 19:00:00,42.5,144.5,,,,,19.58,,21.88,0.2,2.17,,,,,27.52,32.0,,128.0,,,,713.0,
2024-04-08 20:00:00,36.25,110.5,,,,,20.82,,22.18,0.2,2.38,,,,,26.98,37.5,,147.75,,,,714.0,
2024-04-08 21:00:00,36.25,101.75,,,,,24.08,,22.01,0.28,2.8,,,,,26.52,40.0,,134.75,,,,714.25,
2024-04-08 22:00:00,49.75,116.25,0.68,4.72,3.08,7.0,20.38,0.29,22.28,0.2,2.28,,,,,26.15,42.5,,124.5,,,,715.0,
2024-04-08 23:00:00,42.75,94.75,0.62,4.42,2.85,6.75,16.88,0.27,21.89,0.2,1.85,,,,,25.75,43.25,,127.5,,,,714.75,
2024-04-09 00:00:00,39.25,101.5,0.8,4.12,2.85,6.35,16.9,0.25,21.8,0.2,1.87,,,,,25.32,44.0,,163.75,,,,714.0,
2024-04-09 01:00:00,31.25,75.75,0.7,4.32,2.85,6.0,16.03,0.26,22.12,0.2,1.73,,,,,25.0,39.5,,150.25,,,,714.0,
2024-04-09 02:00:00,32.0,69.25,0.55,5.0,3.05,5.8,15.58,0.3,22.07,0.18,1.68,,,,,24.62,40.0,,180.75,,,,713.25,
2024-04-09 03:00:00,31.75,69.25,,,,,29.88,,22.13,0.35,3.52,,,,,24.18,46.0,,186.25,,,,713.0,
2024-04-09 04:00:00,30.0,42.0,,,,,32.65,,22.2,0.4,3.88,,,,,23.9,50.5,,193.25,,,,713.0,
2024-04-09 05:00:00,27.0,53.5,,,,,29.35,,21.84,0.35,3.45,,,,,23.7,56.5,,205.5,,,,713.75,
2024-04-09 06:00:00,29.5,90.5,0.6,3.9,2.6,6.3,22.42,0.24,21.98,0.28,2.55,,,,,23.65,62.25,,177.5,,,,714.25,
2024-04-09 07:00:00,40.0,162.5,0.4,3.68,2.25,6.85,14.9,0.22,22.1,0.15,1.58,,,,,24.25,62.25,,181.25,,,,715.0,
2024-04-09 08:00:00,47.0,178.75,0.75,3.9,2.68,6.72,14.35,0.24,21.63,0.18,1.5,,,,,24.85,62.5,,186.5,,,,716.0,
2024-04-09 09:00:00,43.0,124.75,0.5,4.55,2.85,6.48,14.58,0.28,21.85,0.15,1.55,,,,,25.82,55.5,,161.25,,,,716.0,
2024-04-09 10:00:00,48.5,98.5,0.3,5.1,3.0,6.15,25.28,0.31,21.93,0.28,2.92,,,,,27.4,41.25,,191.5,,,,716.0,
2024-04-09 11:00:00,46.75,101.5,,,,,23.28,,22.0,0.28,2.7,,,,,28.12,37.0,,191.5,,,,715.25,
2024-04-09 12:00:00,46.0,124.0,,,,,20.87,,22.02,0.2,2.37,,,,,28.83,34.67,,160.0,,,,715.0,
2024-04-09 13:00:00,43.0,89.0,,,,,17.33,,22.92,0.2,1.87,,,,,29.55,31.25,,166.25,,,,714.0,
2024-04-09 14:00:00,45.25,89.5,,,,,21.25,,21.49,0.2,2.45,,,,,30.2,27.5,,167.5,,,,713.0,
2024-04-09 15:00:00,48.0,88.0,,,,,14.02,,21.7,0.15,1.48,,,,,30.88,27.25,,148.75,,,,712.0,
2024-04-09 16:00:00,37.75,87.0,,,,,10.28,,22.13,0.1,1.0,,,,,30.6,29.0,,177.5,,,,712.0,
2024-04-09 17:00:00,42.25,111.75,,,,,13.55,,22.75,0.12,1.4,,,,,29.58,30.5,,176.25,,,,712.0,
2024-04-09 18:00:00,41.0,121.0,,,,,13.85,,22.8,0.12,1.48,,,,,27.9,35.75,,145.75,,,,712.0,
2024-04-09 19:00:00,46.5,135.25,,,,,10.25,,21.92,0.1,1.0,,,,,27.2,41.0,,151.0,,,,713.25,
2024-04-09 20:00:00,54.0,112.0,,,,,8.55,,21.8,0.1,0.78,,,,,26.62,44.75,,166.0,,,,714.25,
2024-04-09 21:00:00,52.75,102.0,,,,,9.7,,22.07,0.1,0.95,,,,,26.15,48.0,,126.0,,,,715.0,
2024-04-09 22:00:00,46.75,95.75,,,,,12.52,,22.17,0.1,1.27,,,,,25.82,51.75,,125.5,,,,715.5,
2024-04-09 23:00:00,41.0,85.75,,,,,15.45,,21.89,0.18,1.68,,,,,25.45,56.5,,133.0,,,,715.0,
2024-04-10 00:00:00,44.25,84.5,0.4,,,8.4,17.4,,21.85,0.2,1.9,,,,,24.95,62.0,,111.5,,,,715.0,
2024-04-10 01:00:00,45.75,80.5,0.53,,,8.27,11.63,,21.95,0.1,1.2,,,,,24.5,67.25,,129.75,,,,714.0,
2024-04-10 02:00:00,48.0,73.0,0.47,,,8.27,11.53,,22.11,0.1,1.17,,,,,24.13,71.67,,208.33,,,,714.0,
2024-04-10 03:00:00,58.0,69.0,,,,,,,23.46,,,,,,,23.7,77.0,,154.0,,,,714.0,
2024-04-10 04:00:00,77.0,133.0,0.5,,,8.3,22.32,,22.62,0.28,2.55,,,,,23.45,79.25,,144.5,,,,714.0,
2024-04-10 05:00:00,78.25,132.0,,,,,23.42,,21.96,0.3,2.72,,,,,23.22,81.5,,189.5,,,,714.5,
2024-04-10 06:00:00,81.0,137.25,,,,,25.35,,21.98,0.3,2.92,,,,,23.08,81.25,,177.5,,,,715.0,
2024-04-10 07:00:00,77.25,161.0,0.65,,0.1,8.55,24.98,,21.82,0.3,2.9,,,,,23.58,76.25,,126.75,,,,715.75,
2024-04-10 08:00:00,74.0,159.25,,,,,28.18,,22.09,0.3,3.3,,,,,24.62,65.75,,198.75,,,,716.0,
2024-04-10 09:00:00,71.5,162.0,,,,,28.1,,22.07,0.3,3.3,,,,,26.2,49.25,,227.5,,,,716.0,
2024-04-10 10:00:00,73.0,159.0,,,,,9.05,,20.76,0.2,1.7,,,,,28.27,36.0,,211.67,,,,716.0,
2024-04-10 11:00:00,43.0,112.0,0.9,,0.1,9.5,17.15,,23.22,0.2,1.88,,,,,28.8,31.25,,149.5,,,,715.0,
2024-04-10 12:00:00,44.25,103.25,0.9,27.8,7.3,9.0,18.85,0.07,21.9,0.2,2.1,,,,,29.38,28.0,,187.25,,,,714.5,
2024-04-10 13:00:00,45.25,79.25,1.3,11.48,7.18,7.32,18.2,0.12,21.84,0.2,2.02,,,,,29.9,27.0,,189.0,,,,713.5,
2024-04-10 14:00:00,43.5,92.75,0.9,7.0,4.42,10.65,19.95,0.08,21.86,0.2,2.2,,,,,30.35,25.75,,162.0,,,,712.25,
2024-04-10 15:00:00,55.0,102.0,0.88,9.1,5.58,10.2,20.88,0.08,27.5,0.2,2.38,,,,,30.82,24.25,,164.75,,,,712.0,
2024-04-10 16:00:00,33.5,72.0,0.78,6.65,4.2,12.1,21.62,0.08,36.81,0.2,2.48,,,,,30.55,24.5,,136.5,,,,711.0,
2024-04-10 17:00:00,40.5,91.0,0.75,5.45,3.5,13.88,21.48,0.07,37.42,0.22,2.45,,,,,29.48,29.25,,142.25,,,,711.5,
2024-04-10 18:00:00,39.0,121.0,0.8,5.43,3.57,14.57,18.8,0.07,36.91,0.2,2.1,,,,,28.03,35.33,,219.33,,,,712.0,
2024-04-10 19:00:00,56.0,118.0,0.9,5.5,3.62,14.05,18.9,0.08,36.57,0.18,2.1,,,,,27.3,38.5,,164.25,,,,713.0,
2024-04-10 20:00:00,53.0,120.25,0.75,5.75,3.62,12.92,22.55,0.07,36.61,0.25,2.6,,,,,26.65,42.75,,162.0,,,,714.0,
2024-04-10 21:00:00,41.75,113.25,0.85,5.78,3.72,13.0,22.52,0.08,36.75,0.28,2.6,,,,,26.15,48.5,,153.0,,,,714.5,
2024-04-10 22:00:00,35.25,73.5,0.68,5.3,3.4,12.5,20.1,0.07,36.7,0.2,2.28,,,,,25.7,52.5,,192.0,,,,715.0,
2024-04-10 23:00:00,35.0,78.25,0.8,5.35,3.45,12.1,22.55,0.07,35.97,0.25,2.58,,,,,25.25,62.0,,192.0,,,,715.0,
2024-04-11 00:00:00,36.0,78.0,0.68,6.65,4.08,11.28,22.53,0.06,37.12,0.27,2.6,,,,,24.88,67.25,,141.75,,,,715.0,
2024-04-11 01:00:00,46.75,76.0,0.78,4.35,2.92,12.1,11.43,0.07,37.5,0.1,1.17,,,,,24.4,71.0,,162.5,,,,714.25,
2024-04-11 02:00:00,42.0,75.0,0.65,3.15,2.22,12.52,9.82,0.06,36.61,0.1,0.95,,,,,24.1,74.25,,171.75,,,,714.0,
2024-04-11 03:00:00,38.75,60.75,0.7,3.65,2.5,12.22,10.05,0.06,36.26,0.1,0.92,,,,,23.85,75.25,,161.75,,,,714.0,
2024-04-11 04:00:00,37.25,55.0,0.75,3.6,2.55,12.45,11.72,0.07,36.85,0.1,1.18,,,,,23.7,74.75,,107.25,,,,714.0,
2024-04-11 05:00:00,36.5,59.25,0.78,3.62,2.58,12.8,11.78,0.07,36.66,0.1,1.18,,,,,23.55,74.5,,86.0,,,,714.0,
2024-04-11 06:00:00,43.5,83.75,0.75,3.72,2.58,12.92,13.22,0.07,36.92,0.1,1.35,,,,,23.62,71.25,,167.25,,,,715.0,
2024-04-11 07:00:00,50.5,156.5,0.6,3.92,2.58,13.18,13.27,0.06,35.77,0.1,1.38,,,,,24.02,67.0,,213.0,,,,716.0,
2024-04-11 08:00:00,53.5,190.5,0.68,5.42,3.42,12.7,13.45,0.06,36.8,0.15,1.38,,,,,24.68,62.0,,200.75,,,,716.5,
2024-04-11 09:00:00,62.5,183.25,0.85,4.25,2.98,13.12,14.38,0.12,37.42,0.15,1.5,,,,,25.75,48.75,,190.75,,,,717.0,
2024-04-11 10:00:00,49.75,154.5,0.78,3.28,2.38,13.78,10.62,0.15,36.31,0.1,1.02,,,,,27.35,39.0,,187.25,,,,716.0,
2024-04-11 11:00:00,46.75,178.0,0.78,3.1,2.25,13.5,13.05,0.14,36.31,0.1,1.35,,,,,28.35,34.5,,131.5,,,,715.75,
2024-04-11 12:00:00,28.25,96.25,0.75,3.45,2.45,13.42,11.88,0.14,35.85,0.1,1.2,,,,,29.2,32.0,,144.25,,,,714.75,
2024-04-11 13:00:00,20.0,57.5,0.68,3.4,2.33,13.3,12.18,0.13,36.84,0.1,1.25,,,,,29.52,29.25,,149.5,,,,713.75,
2024-04-11 14:00:00,18.75,54.25,0.62,3.3,2.28,13.55,12.12,0.12,36.49,0.1,1.23,,,,,30.45,26.0,,145.25,,,,712.75,
2024-04-11 15:00:00,18.0,57.5,0.7,3.62,2.48,13.55,13.88,0.14,35.85,0.12,1.45,,,,,30.65,26.5,,147.75,,,,712.0,
2024-04-11 16:00:00,30.75,101.5,0.65,4.2,2.75,13.68,13.48,0.12,36.76,0.1,1.4,,,,,30.75,27.0,,118.75,,,,712.0,
2024-04-11 17:00:00,38.25,153.0,0.62,4.38,2.88,14.95,12.68,0.12,36.78,0.1,1.3,,,,,29.92,28.75,,125.0,,,,712.0,
2024-04-11 18:00:00,32.75,148.75,0.65,4.97,3.18,15.77,12.65,0.12,36.58,0.1,1.27,,,,,28.08,34.25,,174.25,,,,712.75,
2024-04-11 19:00:00,47.5,156.75,0.88,5.12,3.42,15.73,14.88,0.16,36.14,0.15,1.58,,,,,27.45,37.25,,184.0,,,,713.5,
2024-04-11 20:00:00,39.25,111.0,0.75,6.32,3.98,14.65,15.42,0.14,36.48,0.18,1.68,,,,,27.18,42.5,,128.75,,,,714.0,
2024-04-11 21:00:00,34.5,104.5,0.78,5.78,3.7,12.88,14.08,0.15,36.81,0.15,1.45,,,,,26.55,49.0,,117.25,,,,715.0,
2024-04-11 22:00:00,28.5,82.0,0.7,4.95,3.22,12.62,14.92,0.14,36.38,0.2,1.58,,,,,26.05,53.5,,126.5,,,,715.0,
2024-04-11 23:00:00,32.5,71.5,0.57,4.72,2.98,12.55,15.68,0.1,36.62,0.2,1.7,,,,,25.65,58.75,,126.75,,,,715.0,
2024-04-12 00:00:00,30.5,67.5,0.65,5.05,3.18,12.18,14.73,0.12,37.21,0.17,1.57,,,,,25.08,70.25,,121.75,,,,715.0,
2024-04-12 01:00:00,29.5,65.25,0.68,3.35,2.3,12.52,11.3,0.12,36.51,0.1,1.1,,,,,24.42,76.5,,109.75,,,,714.25,
2024-04-12 02:00:00,31.0,51.75,0.72,2.88,2.1,12.55,8.3,0.13,36.85,0.1,0.72,,,,,24.1,76.25,,144.75,,,,714.0,
2024-04-12 03:00:00,30.75,42.75,0.68,3.12,2.17,12.38,7.15,0.13,36.2,0.1,0.62,,,,,23.82,75.5,,126.25,,,,714.0,
2024-04-12 04:00:00,30.0,36.0,0.72,3.15,2.28,12.5,10.55,0.14,21.15,0.1,1.02,,,,,23.85,74.5,,133.25,,,,714.0,
2024-04-12 05:00:00,29.0,36.0,0.62,2.88,2.02,12.65,12.3,0.11,18.5,0.1,1.25,,,,,23.75,74.0,,147.5,,,,714.25,
2024-04-12 06:00:00,29.0,41.0,0.75,3.0,2.18,12.92,13.78,0.14,18.23,0.12,1.42,,,,,23.8,75.25,,147.5,,,,715.0,
2024-04-12 07:00:00,30.25,69.5,0.68,3.3,2.3,13.42,12.2,0.13,18.64,0.1,1.23,,,,,24.22,74.25,,153.25,,,,715.75,
2024-04-12 08:00:00,34.5,110.75,0.75,3.62,2.52,13.5,12.18,0.14,17.83,0.1,1.23,,,,,24.88,70.75,,159.75,,,,716.0,
2024-04-12 09:00:00,36.25,112.0,0.72,5.12,3.28,13.35,12.0,0.14,18.84,0.1,1.2,,,,,25.95,61.75,,152.25,,,,716.5,
2024-04-12 10:00:00,34.5,105.0,0.6,3.92,2.58,13.75,11.2,0.11,21.18,0.1,1.1,,,,,26.58,54.25,,129.75,,,,716.25,
2024-04-12 11:00:00,28.75,90.25,0.62,3.15,2.17,13.75,10.9,0.11,27.3,0.1,1.08,,,,,28.1,44.75,,139.75,,,,716.0,
2024-04-12 12:00:00,30.75,78.25,0.72,3.28,2.35,13.58,10.85,0.14,27.32,0.1,1.05,,,,,28.72,41.25,,135.5,,,,715.0,
2024-04-12 13:00:00,21.75,68.75,0.7,3.38,2.4,13.28,11.8,0.14,27.36,0.1,1.2,,,,,29.2,38.75,,149.5,,,,714.0,
2024-04-12 14:00:00,23.5,69.75,0.72,3.35,2.35,13.12,12.45,0.14,27.21,0.1,1.25,,,,,29.55,36.75,,137.25,,,,713.0,
2024-04-12 15:00:00,21.75,59.75,0.65,4.0,2.68,14.1,12.55,0.12,26.36,0.1,1.27,,,,,30.35,33.75,,129.25,,,,712.0,
2024-04-12 16:00:00,25.0,78.0,0.5,5.77,3.43,13.47,10.6,0.09,26.91,0.1,1.05,,,,,30.42,33.25,,152.25,,,,712.0,
2024-04-12 17:00:00,38.0,119.5,,,,,5.62,,27.39,0.1,0.4,,,,,29.28,35.75,,103.75,,,,712.0,
2024-04-12 18:00:00,41.0,154.0,0.1,7.55,4.05,14.55,16.5,0.01,30.36,0.2,1.8,,,,,27.7,40.5,,114.5,,,,712.0,
2024-04-12 19:00:00,38.0,115.0,0.7,6.95,4.25,13.8,19.18,0.13,29.04,0.22,2.15,,,,,27.22,44.0,,143.75,,,,713.0,
2024-04-12 20:00:00,36.25,107.75,0.72,5.22,3.35,14.25,22.95,0.14,27.8,0.28,2.65,,,,,26.55,46.5,,115.75,,,,714.25,
2024-04-12 21:00:00,32.75,80.0,0.7,5.03,3.25,13.8,25.82,0.13,26.98,0.3,2.98,,,,,26.12,49.75,,109.0,,,,715.0,
2024-04-12 22:00:00,35.75,62.0,0.68,5.07,3.25,12.82,19.55,0.12,27.58,0.22,2.17,,,,,25.42,64.75,,126.0,,,,715.0,
2024-04-12 23:00:00,27.75,,0.55,4.5,2.85,12.58,21.1,0.1,27.75,0.2,2.4,,,,,24.88,72.25,,127.75,,,,715.0,
2024-04-13 00:00:00,25.5,,0.6,3.42,2.33,12.68,22.13,0.11,27.14,0.23,2.53,,,,,24.52,74.25,,140.5,,,,715.0,
2024-04-13 01:00:00,27.5,55.0,0.6,4.32,2.82,12.38,10.27,0.11,27.58,0.1,0.97,,,,,24.4,73.5,,152.5,,,,714.0,
2024-04-13 02:00:00,20.25,44.5,0.63,5.37,3.3,11.95,6.15,0.11,27.66,0.1,0.45,,,,,24.2,75.0,,148.5,,,,714.0,
2024-04-13 03:00:00,21.5,47.25,0.75,3.88,2.68,12.35,8.85,0.15,28.98,0.1,0.8,,,,,23.92,76.25,,168.0,,,,714.0,
2024-04-13 04:00:00,24.25,53.75,0.62,2.9,2.02,12.72,10.8,0.11,27.56,0.1,1.05,,,,,23.75,77.75,,165.25,,,,714.0,
2024-04-13 05:00:00,30.5,67.5,0.62,3.2,2.22,12.62,14.5,0.12,27.74,0.18,1.52,,,,,23.62,79.0,,186.25,,,,714.75,
2024-04-13 06:00:00,39.75,87.75,0.7,3.42,2.38,12.8,14.65,0.13,27.18,0.18,1.55,,,,,23.62,79.75,,188.0,,,,715.0,
2024-04-13 07:00:00,42.75,94.0,0.68,3.15,2.22,13.27,18.6,0.13,27.62,0.2,2.08,,,,,24.05,75.25,,155.5,,,,716.0,
2024-04-13 08:00:00,37.5,82.25,0.55,3.8,2.5,13.4,17.18,0.1,26.74,0.2,1.88,,,,,24.98,65.75,,146.75,,,,716.75,
2024-04-13 09:00:00,42.0,92.0,0.62,5.12,3.25,12.88,18.77,0.12,27.14,0.2,2.08,,,,,26.18,57.5,,161.5,,,,717.0,
2024-04-13 10:00:00,,,0.5,6.5,3.9,12.7,15.78,0.1,27.6,0.18,1.7,,,,,27.2,49.75,,161.75,,,,716.75,
2024-04-13 11:00:00,,,0.57,4.77,3.0,12.98,15.15,0.1,28.77,0.2,1.65,,,,,28.15,42.75,,136.5,,,,716.0,
2024-04-13 12:00:00,,,0.68,3.32,2.32,13.55,12.88,0.12,27.83,0.1,1.32,,,,,29.0,36.75,,126.25,,,,715.25,
2024-04-13 13:00:00,,,0.7,3.65,2.52,13.58,17.4,0.14,27.08,0.18,1.95,,,,,29.45,34.5,,124.0,,,,714.25,
2024-04-13 14:00:00,,,0.75,3.9,2.68,13.52,13.18,0.14,27.53,0.12,1.38,,,,,29.82,31.0,,134.0,,,,713.0,
2024-04-13 15:00:00,,,0.7,3.9,2.62,13.55,13.08,0.13,27.4,0.1,1.35,,,,,29.78,31.5,,145.25,,,,712.25,
2024-04-13 16:00:00,,,0.65,4.25,2.8,14.28,13.2,0.12,27.52,0.12,1.35,,,,,29.68,33.0,,140.25,,,,712.0,
2024-04-13 17:00:00,,,0.72,3.52,2.48,14.45,11.72,0.14,27.68,0.1,1.15,,,,,28.6,36.5,,123.5,,,,712.0,
2024-04-13 18:00:00,,,0.72,3.4,2.4,14.82,9.6,0.14,27.13,0.1,0.9,,,,,27.38,41.5,,142.5,,,,712.75,
2024-04-13 19:00:00,,,0.72,3.65,2.55,14.7,10.8,0.14,27.64,0.1,1.08,,,,,26.85,43.5,,126.75,,,,713.5,
2024-04-13 20:00:00,,,0.68,4.35,2.82,14.12,13.32,0.13,27.05,0.12,1.38,,,,,26.5,46.0,,143.0,,,,714.5,
2024-04-13 21:00:00,45.0,78.0,0.65,4.88,3.1,13.42,15.55,0.12,28.12,0.2,1.68,,,,,26.12,50.75,,118.5,,,,716.0,
2024-04-13 22:00:00,44.5,77.0,0.75,4.72,3.1,13.05,13.42,0.14,27.36,0.12,1.4,,,,,25.75,53.25,,136.25,,,,716.0,
2024-04-13 23:00:00,39.75,76.0,0.72,4.35,2.9,12.62,12.62,0.14,27.56,0.1,1.32,,,,,25.25,56.5,,132.25,,,,716.0,
2024-04-14 00:00:00,29.5,74.25,0.57,4.18,2.68,12.5,12.73,0.1,27.55,0.1,1.33,,,,,25.02,57.25,,127.5,,,,715.0,
2024-04-14 01:00:00,27.0,48.5,0.68,3.45,2.4,12.55,12.53,0.13,27.42,0.1,1.27,,,,,24.65,60.25,,118.75,,,,714.5,
2024-04-14 02:00:00,53.0,88.0,0.7,3.58,2.48,13.22,12.65,0.13,26.99,0.1,1.27,,,,,24.38,62.0,,164.25,,,,714.0,
2024-04-14 03:00:00,117.5,192.5,0.68,3.97,2.65,12.52,14.5,0.12,27.21,0.15,1.52,,,,,24.08,64.5,,182.75,,,,714.0,
2024-04-14 04:00:00,44.75,75.25,0.7,3.78,2.58,12.48,15.23,0.14,27.56,0.18,1.65,,,,,23.85,66.0,,190.0,,,,714.0,
2024-04-14 05:00:00,28.0,52.5,0.68,3.9,2.6,12.28,16.42,0.12,27.62,0.2,1.78,,,,,23.68,64.75,,187.5,,,,715.0,
2024-04-14 06:00:00,29.0,82.0,0.72,3.88,2.65,12.55,16.48,0.14,27.14,0.2,1.78,,,,,23.62,63.75,,180.25,,,,715.25,
2024-04-14 07:00:00,41.0,166.0,0.7,3.63,2.5,13.07,14.23,0.13,27.76,0.17,1.5,,,,,24.2,60.0,,186.33,,,,716.0,
2024-04-14 08:00:00,69.0,335.0,0.7,4.1,2.8,12.67,11.35,0.13,27.53,0.1,1.1,,,,,25.17,51.0,,207.33,,,,717.0,
2024-04-14 09:00:00,44.0,121.0,0.7,4.25,2.8,13.02,15.3,0.13,27.38,0.18,1.65,,,,,26.58,43.25,,145.25,,,,717.0,
2024-04-14 10:00:00,43.25,124.75,0.7,4.22,2.8,13.42,14.35,0.13,28.01,0.15,1.52,,,,,27.75,38.75,,140.5,,,,717.0,
2024-04-14 11:00:00,46.25,161.25,0.65,3.32,2.28,13.3,14.5,0.12,27.31,0.18,1.52,,,,,28.48,35.25,,135.5,,,,716.75,
2024-04-14 12:00:00,56.0,206.0,0.7,3.3,2.33,13.5,14.68,0.13,27.1,0.18,1.58,,,,,29.18,32.25,,124.25,,,,715.5,
2024-04-14 13:00:00,36.5,109.25,0.62,3.78,2.52,13.4,13.28,0.12,26.98,0.1,1.4,,,,,29.95,28.75,,130.25,,,,714.25,
2024-04-14 14:00:00,31.5,93.75,0.62,4.05,2.65,13.38,13.15,0.12,27.2,0.1,1.35,,,,,30.3,28.0,,140.75,,,,713.25,
2024-04-14 15:00:00,29.25,78.25,0.68,4.12,2.78,13.48,15.82,0.13,27.5,0.2,1.7,,,,,30.65,26.25,,114.75,,,,712.5,
2024-04-14 16:00:00,28.0,74.5,0.65,4.55,2.92,14.15,17.1,0.12,27.22,0.2,1.88,,,,,30.6,25.25,,111.0,,,,712.0,
2024-04-14 17:00:00,33.75,105.5,0.57,5.22,3.25,14.42,16.9,0.1,27.46,0.2,1.85,,,,,29.55,27.0,,115.25,,,,712.5,
2024-04-14 18:00:00,42.5,156.75,0.68,5.25,3.32,14.88,14.12,0.12,27.65,0.1,1.48,,,,,27.82,33.75,,115.0,,,,713.25,
2024-04-14 19:00:00,42.75,136.0,0.65,5.08,3.2,14.88,14.15,0.12,27.6,0.12,1.5,,,,,27.08,36.25,,135.0,,,,714.0,
2024-04-14 20:00:00,41.0,86.75,0.68,5.48,3.48,14.45,15.75,0.13,27.37,0.18,1.7,,,,,26.6,40.25,,115.0,,,,715.0,
2024-04-14 21:00:00,46.0,94.5,0.72,5.42,3.48,13.5,14.55,0.14,27.42,0.15,1.55,,,,,26.15,44.5,,108.25,,,,715.75,
2024-04-14 22:00:00,40.0,96.75,0.72,5.3,3.38,12.82,16.32,0.14,27.84,0.2,1.78,,,,,25.65,51.0,,118.5,,,,716.0,
2024-04-14 23:00:00,34.5,78.5,0.72,4.8,3.15,12.5,16.55,0.14,27.63,0.2,1.8,,,,,25.2,56.0,,106.25,,,,716.0,
2024-04-15 00:00:00,42.25,67.75,0.72,4.45,2.98,12.3,17.33,0.14,27.48,0.2,1.9,,,,,24.85,58.75,,91.25,,,,715.75,
2024-04-15 01:00:00,34.0,58.0,0.65,3.9,2.6,12.5,16.3,0.12,28.01,0.2,1.8,,,,,24.55,60.5,,92.5,,,,715.0,
2024-04-15 02:00:00,34.0,58.0,,,,,2.6,,26.88,,,,,,,23.95,62.5,,103.0,,,,715.0,
2024-04-15 03:00:00,30.0,43.0,0.57,2.98,2.03,12.8,37.98,0.11,28.39,0.4,4.58,,,,,23.8,64.75,,94.5,,,,714.25,
2024-04-15 04:00:00,30.25,43.25,0.7,3.22,2.28,12.68,40.67,0.14,27.48,0.48,4.95,,,,,23.6,67.0,,70.0,,,,715.0,
2024-04-15 05:00:00,30.0,44.25,0.75,3.38,2.42,12.88,40.92,0.15,27.02,0.48,4.97,,,,,23.58,67.0,,84.0,,,,715.0,
2024-04-15 06:00:00,27.75,49.0,0.72,3.92,2.68,13.1,44.05,0.14,27.51,0.5,5.4,,,,,23.52,67.0,,88.0,,,,716.0,
2024-04-15 07:00:00,32.25,70.75,0.65,4.42,2.9,14.2,42.58,0.12,27.64,0.48,5.18,,,,,24.22,62.0,,80.5,,,,716.5,
2024-04-15 08:00:00,35.0,94.75,0.68,4.68,3.02,13.65,40.42,0.13,27.99,0.43,4.9,,,,,25.18,51.75,,152.0,,,,717.25,
2024-04-15 09:00:00,23.5,76.0,0.68,4.78,3.08,13.72,42.68,0.13,27.39,0.5,5.18,,,,,26.68,41.25,,134.25,,,,718.0,
2024-04-15 10:00:00,24.25,66.5,0.68,4.7,3.05,13.62,43.55,0.13,27.6,0.5,5.28,,,,,27.72,36.0,,142.75,,,,717.0,
2024-04-15 11:00:00,24.25,70.75,0.6,3.88,2.55,13.58,41.42,0.11,27.53,0.48,5.05,,,,,28.55,33.0,,130.25,,,,716.75,
2024-04-15 12:00:00,27.5,82.5,0.7,3.65,2.5,13.72,41.55,0.13,27.66,0.48,5.05,,,,,29.28,30.5,,129.25,,,,715.75,
2024-04-15 13:00:00,18.75,70.5,0.7,3.8,2.62,13.85,42.02,0.14,27.49,0.5,5.12,,,,,29.9,29.25,,123.5,,,,714.5,
2024-04-15 14:00:00,23.25,80.25,0.72,4.45,2.98,13.5,43.5,0.14,27.1,0.5,5.3,,,,,30.65,26.25,,122.75,,,,713.5,
2024-04-15 15:00:00,22.0,73.75,0.8,4.85,3.22,14.12,43.25,0.15,27.37,0.5,5.25,,,,,30.8,26.0,,134.75,,,,713.0,
2024-04-15 16:00:00,26.5,83.25,0.72,5.82,3.68,14.85,43.22,0.13,27.37,0.5,5.28,,,,,30.38,28.75,,134.0,,,,713.0,
2024-04-15 17:00:00,29.75,75.75,0.75,6.58,4.1,14.75,43.95,0.14,27.64,0.5,5.35,,,,,29.52,29.5,,129.75,,,,713.0,
2024-04-15 18:00:00,27.75,105.5,0.68,7.15,4.32,13.95,44.72,0.12,27.74,0.5,5.45,,,,,27.92,36.75,,141.5,,,,713.75,
2024-04-15 19:00:00,31.25,121.75,0.72,6.48,4.0,14.28,44.28,0.14,27.71,0.5,5.43,,,,,27.12,41.5,,130.75,,,,714.5,
2024-04-15 20:00:00,27.0,81.0,0.75,6.2,3.92,13.75,44.15,0.14,27.3,0.5,5.38,,,,,26.65,44.0,,139.5,,,,715.5,
2024-04-15 21:00:00,29.25,66.75,0.68,5.32,3.35,13.18,44.62,0.12,27.37,0.5,5.45,,,,,26.15,47.25,,129.75,,,,716.5,
2024-04-15 22:00:00,26.25,60.25,0.7,5.2,3.35,12.8,44.9,0.13,27.72,0.5,5.48,,,,,25.7,51.75,,118.75,,,,717.0,
2024-04-15 23:00:00,26.25,61.75,0.6,5.3,3.35,12.2,44.4,0.11,27.28,0.5,5.4,,,,,25.18,60.0,,123.0,,,,716.5,
2024-04-16 00:00:00,33.0,61.25,0.62,4.95,3.12,12.2,43.63,0.12,27.74,0.5,5.33,,,,,24.75,64.5,,103.75,,,,716.0,
2024-04-16 01:00:00,30.0,51.5,0.57,4.75,3.0,12.1,20.07,0.1,27.71,0.23,2.3,,,,,24.38,66.25,,133.5,,,,715.5,
2024-04-16 02:00:00,23.5,46.5,0.7,4.1,2.78,12.25,15.52,0.14,27.45,0.18,1.7,,,,,24.12,61.0,,218.25,,,,715.0,
2024-04-16 03:00:00,30.5,44.75,0.65,3.95,2.65,12.32,15.95,0.12,27.02,0.2,1.72,,,,,24.0,60.75,,74.5,,,,714.0,
2024-04-16 04:00:00,28.5,44.25,0.65,4.7,3.05,12.3,14.52,0.12,27.16,0.15,1.52,,,,,23.88,63.25,,166.25,,,,714.0,
2024-04-16 05:00:00,26.5,52.5,,,,,10.15,,28.28,0.1,0.98,,,,,23.55,65.25,,156.75,,,,715.0,
2024-04-16 06:00:00,28.0,84.0,0.73,6.3,3.97,14.2,13.45,0.14,28.79,0.12,1.4,,,,,23.32,67.5,,144.25,,,,715.0,
2024-04-16 07:00:00,36.75,117.5,0.8,6.2,3.92,14.62,17.45,0.15,27.46,0.2,1.9,,,,,24.22,59.75,,197.75,,,,716.0,
2024-04-16 08:00:00,39.25,154.5,0.7,4.92,3.18,13.98,19.82,0.13,27.46,0.2,2.22,,,,,25.38,44.25,,169.5,,,,716.0,
2024-04-16 09:00:00,42.5,179.25,0.72,5.25,3.38,16.8,20.42,0.14,27.8,0.2,2.3,,,,,27.18,36.0,,133.75,,,,716.0,
2024-04-16 10:00:00,23.5,92.0,0.75,5.82,3.75,13.58,17.45,0.15,27.65,0.2,1.9,,,,,28.1,30.0,,143.75,,,,716.0,
2024-04-16 11:00:00,24.75,81.25,0.65,4.75,3.05,13.42,15.88,0.13,27.18,0.18,1.72,,,,,28.95,26.25,,153.25,,,,715.25,
2024-04-16 12:00:00,25.25,94.25,0.68,4.1,2.7,13.88,15.52,0.12,27.46,0.18,1.68,,,,,29.9,23.25,,122.5,,,,714.5,
2024-04-16 13:00:00,29.5,116.0,0.65,3.98,2.62,14.02,14.75,0.12,27.08,0.18,1.58,,,,,30.5,22.75,,130.75,,,,713.25,
2024-04-16 14:00:00,28.75,92.0,0.55,4.88,3.02,13.68,15.08,0.1,27.01,0.15,1.58,,,,,30.98,23.0,,139.5,,,,712.5,
2024-04-16 15:00:00,23.75,72.5,0.62,5.18,3.22,13.52,14.65,0.11,27.07,0.2,1.52,,,,,31.0,23.75,,125.75,,,,712.0,
2024-04-16 16:00:00,31.75,78.0,0.8,5.28,3.48,14.35,15.82,0.15,27.16,0.2,1.72,,,,,30.85,22.5,,114.75,,,,712.0,
2024-04-16 17:00:00,43.25,146.25,0.78,5.92,3.78,14.95,16.32,0.15,27.26,0.2,1.75,,,,,29.9,25.0,,132.5,,,,712.25,
2024-04-16 18:00:00,57.0,271.0,0.68,6.6,4.05,15.1,19.02,0.13,27.19,0.2,2.1,,,,,28.35,30.0,,153.0,,,,713.0,
2024-04-16 19:00:00,60.5,251.25,0.7,6.38,3.98,15.32,18.25,0.13,27.88,0.2,2.0,,,,,27.6,31.75,,169.5,,,,714.0,
2024-04-16 20:00:00,33.75,100.5,0.65,6.72,4.1,15.8,17.82,0.12,27.46,0.2,1.95,,,,,27.18,33.0,,133.75,,,,714.5,
2024-04-16 21:00:00,31.0,96.25,0.6,6.75,4.08,14.1,18.55,0.1,27.28,0.2,2.08,,,,,26.72,36.25,,109.5,,,,715.0,
2024-04-16 22:00:00,37.0,97.75,0.65,6.4,3.9,12.98,24.6,0.12,27.74,0.3,2.85,,,,,26.2,42.25,,125.0,,,,715.0,
2024-04-16 23:00:00,48.75,101.75,0.7,5.65,3.55,12.9,28.0,0.13,27.86,0.3,3.3,,,,,25.88,44.75,,153.75,,,,715.0,
2024-04-17 00:00:00,54.25,98.25,0.6,5.18,3.25,12.6,26.97,0.11,27.92,0.3,3.17,,,,,25.62,46.5,,126.75,,,,714.0,
2024-04-17 01:00:00,44.5,70.5,0.6,4.85,3.02,12.35,18.63,0.11,27.65,0.2,2.07,,,,,25.42,48.5,,188.25,,,,714.0,
2024-04-17 02:00:00,40.5,68.25,0.6,4.55,2.92,12.28,12.92,0.1,27.51,0.12,1.35,,,,,25.15,52.75,,199.0,,,,713.75,
2024-04-17 03:00:00,43.5,73.75,0.6,4.43,2.88,12.6,12.42,0.11,27.39,0.1,1.25,,,,,24.9,54.25,,198.25,,,,713.0,
2024-04-17 04:00:00,46.5,74.25,0.6,4.33,2.77,12.77,12.3,0.1,27.39,0.1,1.27,,,,,24.7,57.0,,196.25,,,,713.25,
2024-04-17 05:00:00,40.0,80.0,0.5,4.8,3.0,12.2,11.98,0.1,27.5,0.1,1.23,,,,,24.52,67.5,,188.5,,,,714.0,
2024-04-17 06:00:00,34.0,65.25,0.6,5.1,3.2,12.12,13.82,0.11,27.3,0.15,1.45,,,,,24.3,72.25,,189.25,,,,714.25,
2024-04-17 07:00:00,37.0,90.5,0.62,4.75,3.03,12.37,12.08,0.12,27.75,0.1,1.23,,,,,24.48,74.5,,197.5,,,,715.0,
2024-04-17 08:00:00,47.25,107.75,0.55,4.7,2.95,12.4,11.95,0.1,27.51,0.1,1.2,,,,,24.95,70.5,,198.0,,,,716.0,
2024-04-17 09:00:00,50.25,98.0,0.6,4.6,2.9,12.4,13.2,0.1,27.64,0.1,1.38,,,,,25.95,60.25,,214.25,,,,716.0,
2024-04-17 10:00:00,44.75,95.0,0.5,4.2,2.7,12.5,13.3,0.09,27.0,0.1,1.38,,,,,26.7,54.25,,203.25,,,,716.0,
2024-04-17 11:00:00,35.75,105.75,,,,,9.65,,26.87,0.1,0.95,,,,,28.28,44.75,,166.0,,,,715.25,
2024-04-17 12:00:00,36.25,84.5,,,,,6.55,,28.12,0.1,0.5,,,,,29.5,38.75,,162.0,,,,714.25,
2024-04-17 13:00:00,34.75,91.75,,,,,9.35,,28.43,0.1,0.88,,,,,29.8,36.25,,161.0,,,,712.75,
2024-04-17 14:00:00,45.5,106.25,,,,,12.05,,27.66,0.1,1.23,,,,,30.6,31.5,,153.0,,,,712.0,
2024-04-17 15:00:00,45.25,101.25,,,,,12.18,,27.08,0.1,1.25,,,,,30.98,29.5,,134.25,,,,712.0,
2024-04-17 16:00:00,47.5,113.25,,,,,10.22,,27.37,0.1,0.98,,,,,30.55,30.0,,130.25,,,,711.0,
2024-04-17 17:00:00,46.5,138.25,,,,,11.92,,27.7,0.1,1.17,,,,,29.3,32.75,,75.75,,,,711.5,
2024-04-17 18:00:00,56.0,187.75,,,,,13.62,,27.61,0.12,1.4,,,,,28.6,34.75,,89.5,,,,712.0,
2024-04-17 19:00:00,54.0,164.0,,,,,16.08,,27.9,0.18,1.72,,,,,28.02,37.5,,115.0,,,,713.0,
2024-04-17 20:00:00,57.25,139.25,,,,,15.68,,27.31,0.2,1.65,,,,,27.65,39.0,,126.75,,,,713.5,
2024-04-17 21:00:00,58.5,139.5,,,,,15.8,,27.29,0.18,1.7,,,,,27.25,39.5,,98.25,,,,714.0,
2024-04-17 22:00:00,54.25,132.25,,,,,16.62,,27.36,0.2,1.82,,,,,26.92,38.0,,130.5,,,,714.0,
2024-04-17 23:00:00,36.25,86.25,,,,,13.92,,27.59,0.12,1.45,,,,,26.6,40.5,,174.75,,,,714.0,
2024-04-18 00:00:00,35.0,78.0,,,,,14.53,,27.39,0.17,1.5,,,,,26.08,49.25,,187.5,,,,714.0,
2024-04-18 01:00:00,36.0,66.75,,,,,14.57,,27.64,0.17,1.57,,,,,25.45,66.25,,200.5,,,,714.0,
2024-04-18 02:00:00,33.5,61.5,,,,,14.4,,26.74,0.18,1.5,,,,,25.15,71.25,,209.0,,,,713.0,
2024-04-18 03:00:00,40.25,63.5,,,,,11.28,,27.3,0.1,1.12,,,,,25.0,74.0,,216.25,,,,713.0,
2024-04-18 04:00:00,30.0,57.75,,,,,7.9,,27.6,0.1,0.68,,,,,24.8,76.5,,204.0,,,,713.0,
2024-04-18 05:00:00,32.25,62.25,,,,,10.22,,29.09,0.1,1.0,,,,,24.48,78.5,,214.5,,,,713.0,
2024-04-18 06:00:00,32.75,69.25,,,,,13.6,,27.84,0.12,1.4,,,,,24.28,79.0,,209.0,,,,713.75,
2024-04-18 07:00:00,41.25,101.0,,,,,14.02,,27.58,0.12,1.5,,,,,24.65,77.0,,223.0,,,,714.25,
2024-04-18 08:00:00,43.25,110.25,,,,,15.22,,27.18,0.2,1.6,,,,,25.48,68.5,,231.25,,,,715.0,
2024-04-18 09:00:00,47.75,102.0,,,,,13.45,,27.45,0.12,1.38,,,,,27.05,56.75,,205.25,,,,715.0,
2024-04-18 10:00:00,48.0,104.0,,,,,13.6,,27.75,0.1,1.42,,,,,27.82,49.5,,200.5,,,,715.0,
2024-04-18 11:00:00,44.25,112.5,,,,,13.5,,27.74,0.1,1.42,,,,,28.48,44.5,,199.25,,,,714.25,
2024-04-18 12:00:00,52.5,125.75,,,,,12.48,,27.6,0.1,1.27,,,,,29.45,39.5,,182.25,,,,713.5,
2024-04-18 13:00:00,55.25,136.25,,,,,12.5,,27.46,0.1,1.3,,,,,30.1,35.25,,158.0,,,,712.0,
2024-04-18 14:00:00,51.5,113.5,,,,,13.7,,27.05,0.12,1.42,,,,,31.42,29.75,,142.0,,,,710.75,
2024-04-18 15:00:00,55.25,111.0,,,,,13.88,,27.56,0.1,1.45,,,,,31.8,26.5,,128.5,,,,710.0,
2024-04-18 16:00:00,52.75,134.0,,,,,15.52,,27.35,0.18,1.7,,,,,31.52,26.25,,120.0,,,,709.25,
2024-04-18 17:00:00,56.5,178.75,,,,,17.05,,27.36,0.2,1.85,,,,,30.42,29.75,,115.25,,,,709.5,
2024-04-18 18:00:00,67.5,228.5,,,,,17.4,,27.02,0.2,1.92,,,,,29.22,33.5,,127.0,,,,710.25,
2024-04-18 19:00:00,58.25,175.5,,,,,17.6,,27.44,0.2,1.95,,,,,28.85,35.5,,120.0,,,,711.5,
2024-04-18 20:00:00,50.5,126.75,,,,,13.5,,27.56,0.12,1.4,,,,,28.3,41.0,,156.75,,,,712.5,
2024-04-18 21:00:00,45.75,117.25,,,,,10.02,,28.75,0.1,0.98,,,,,27.85,43.75,,118.25,,,,713.0,
2024-04-18 22:00:00,50.25,109.75,,,,,9.85,,28.13,0.1,0.95,,,,,27.38,45.25,,193.25,,,,713.75,
2024-04-18 23:00:00,39.75,101.75,,,,,7.6,,26.97,0.1,0.62,,,,,26.35,58.5,,206.0,,,,713.25,
2024-04-19 00:00:00,39.75,69.0,,,,,7.9,,27.56,0.1,0.67,,,,,25.9,63.75,,208.0,,,,713.0,
2024-04-19 01:00:00,34.25,59.25,,,,,8.0,,27.64,0.1,0.7,,,,,25.75,64.75,,220.0,,,,712.5,
2024-04-19 02:00:00,36.25,49.5,,,,,8.25,,27.06,0.1,0.75,,,,,25.45,69.5,,217.25,,,,712.0,
2024-04-19 03:00:00,31.0,54.0,,,,,8.0,,26.82,0.1,0.7,,,,,24.8,75.0,,229.33,,,,712.0,
2024-04-19 04:00:00,28.0,49.0,,,,,16.3,,28.09,0.2,1.77,,,,,24.42,78.5,,190.5,,,,712.0,
2024-04-19 05:00:00,28.75,46.0,,,,,16.02,,27.29,0.18,1.72,,,,,24.28,80.5,,183.5,,,,712.0,
2024-04-19 06:00:00,32.5,48.25,,,,,16.5,,27.13,0.2,1.8,,,,,24.15,81.5,,192.75,,,,712.25,
2024-04-19 07:00:00,36.5,82.25,0.75,4.15,2.85,12.6,13.72,0.15,27.26,0.12,1.42,,,,,24.2,82.25,,206.0,,,,713.25,
2024-04-19 08:00:00,37.0,84.5,0.82,3.92,2.75,12.82,13.48,0.15,27.25,0.1,1.42,,,,,24.7,79.25,,217.75,,,,714.0,
2024-04-19 09:00:00,43.0,89.0,0.63,3.73,2.5,12.93,15.47,0.12,27.56,0.2,1.67,,,,,25.73,71.0,,203.0,,,,714.0,
2024-04-19 10:00:00,43.0,89.0,,,,,,,28.69,,,,,,,27.3,56.0,,236.0,,,,713.0,
2024-04-19 11:00:00,41.0,76.0,0.48,2.82,1.88,12.95,31.92,0.08,27.6,0.38,3.78,,,,,28.18,49.0,,216.0,,,,713.0,
2024-04-19 12:00:00,47.0,110.25,0.7,2.55,1.92,13.08,32.83,0.13,27.55,0.4,3.92,,,,,29.0,42.5,,208.25,,,,711.75,
2024-04-19 13:00:00,62.5,197.0,0.65,2.62,1.9,13.35,32.3,0.12,27.26,0.4,3.82,,,,,29.55,39.5,,170.0,,,,710.75,
2024-04-19 14:00:00,54.0,138.75,0.62,2.92,2.02,13.9,33.3,0.11,27.17,0.4,3.98,,,,,30.9,34.75,,155.25,,,,709.5,
2024-04-19 15:00:00,53.5,112.5,0.65,3.82,2.52,13.5,35.58,0.12,26.79,0.4,4.25,,,,,30.45,35.0,,185.25,,,,708.5,
2024-04-19 16:00:00,62.25,150.5,0.72,4.22,2.8,14.12,34.5,0.13,27.0,0.4,4.12,,,,,30.78,32.75,,142.0,,,,708.0,
2024-04-19 17:00:00,64.25,217.0,0.62,4.7,3.02,14.62,37.0,0.12,27.42,0.4,4.45,,,,,29.25,35.75,,167.25,,,,708.5,
2024-04-19 18:00:00,57.25,183.25,0.72,5.1,3.3,14.0,34.6,0.14,27.14,0.4,4.15,,,,,27.82,44.75,,231.5,,,,709.75,
2024-04-19 19:00:00,52.75,139.75,0.5,5.88,3.5,16.32,37.0,0.09,27.28,0.4,4.42,,,,,27.65,45.5,,224.0,,,,710.75,
2024-04-19 20:00:00,54.0,124.5,0.48,7.12,4.18,15.1,39.15,0.09,27.85,0.4,4.75,,,,,27.95,41.0,,154.75,,,,711.75,
2024-04-19 21:00:00,49.5,119.25,0.68,5.72,3.58,14.32,37.8,0.12,27.54,0.4,4.55,,,,,27.7,42.0,,140.25,,,,712.0,
2024-04-19 22:00:00,45.0,95.0,0.7,5.28,3.4,13.8,38.6,0.13,27.48,0.4,4.68,,,,,27.5,44.0,,142.0,,,,712.0,
2024-04-19 23:00:00,45.5,84.25,0.57,4.47,2.88,12.8,38.5,0.1,27.14,0.4,4.65,,,,,27.02,47.75,,187.5,,,,712.0,
2024-04-20 00:00:00,45.75,82.75,0.6,4.6,2.92,12.52,37.33,0.1,27.24,0.4,4.5,,,,,25.98,56.75,,195.5,,,,712.0,
2024-04-20 01:00:00,40.75,63.25,0.5,4.45,2.78,12.35,14.6,0.09,27.72,0.13,1.57,,,,,25.45,61.75,,193.25,,,,711.25,
2024-04-20 02:00:00,36.0,49.75,0.57,4.4,2.8,12.3,14.08,0.11,27.49,0.15,1.45,,,,,24.98,69.0,,194.5,,,,711.0,
2024-04-20 03:00:00,34.25,42.25,,,,,13.95,,27.55,0.1,1.48,,,,,24.78,73.0,,197.75,,,,711.0,
2024-04-20 04:00:00,34.5,43.0,,3.6,2.4,12.4,14.12,,27.63,0.15,1.5,,,,,24.48,78.75,,206.5,,,,711.0,
2024-04-20 05:00:00,26.5,50.75,0.68,3.35,2.33,12.52,11.68,0.13,27.22,0.1,1.18,,,,,24.28,79.0,,199.25,,,,711.0,
2024-04-20 06:00:00,34.0,53.5,0.68,3.42,2.35,12.78,13.72,0.12,24.28,0.12,1.42,,,,,24.22,77.25,,231.75,,,,711.75,
2024-04-20 07:00:00,37.0,76.25,0.7,3.4,2.38,12.92,12.15,0.13,21.84,0.1,1.22,,,,,24.4,78.25,,227.75,,,,713.0,
2024-04-20 08:00:00,46.0,97.75,0.65,4.15,2.72,12.82,12.65,0.12,22.22,0.1,1.3,,,,,25.2,72.5,,220.75,,,,713.75,
2024-04-20 09:00:00,44.25,126.75,0.65,4.15,2.75,12.85,14.58,0.12,22.17,0.15,1.55,,,,,25.9,65.25,,214.25,,,,714.0,
2024-04-20 10:00:00,39.0,108.0,0.67,3.8,2.6,12.67,16.37,0.12,22.45,0.2,1.77,,,,,26.63,61.0,,203.67,,,,714.0,
2024-04-20 11:00:00,39.0,108.0,0.2,3.35,1.8,12.95,30.4,0.03,21.59,0.4,3.6,,,,,27.55,52.5,,209.5,,,,713.0,
2024-04-20 12:00:00,47.0,104.0,0.45,3.2,2.05,12.95,29.78,0.08,21.84,0.35,3.5,,,,,28.15,48.0,,230.5,,,,712.5,
2024-04-20 13:00:00,45.5,101.0,0.6,,,,33.3,0.11,22.24,0.4,3.97,,,,,28.7,44.75,,202.5,,,,711.5,
2024-04-20 14:00:00,41.25,91.75,0.62,3.62,2.45,13.55,33.52,0.11,22.38,0.4,4.0,,,,,28.98,42.25,,187.0,,,,710.25,
2024-04-20 15:00:00,45.75,100.25,0.7,4.2,2.8,16.45,32.28,0.13,21.91,0.4,3.82,,,,,25.7,71.5,,202.75,,,,710.0,
2024-04-20 16:00:00,55.25,118.75,0.65,5.58,3.48,14.52,33.17,0.12,21.88,0.4,3.95,,,,,26.35,60.75,,228.25,,,,710.0,
2024-04-20 17:00:00,50.25,97.0,0.55,5.95,3.6,14.6,32.88,0.1,21.94,0.4,3.92,,,,,26.65,57.75,,239.75,,,,710.0,
2024-04-20 18:00:00,51.75,119.75,0.6,6.3,3.88,16.08,36.02,0.11,22.11,0.4,4.32,,,,,26.75,55.0,,250.25,,,,710.75,
2024-04-20 19:00:00,52.5,128.25,0.55,7.55,4.45,16.7,39.62,0.1,22.19,0.43,4.8,,,,,26.55,54.5,,265.25,,,,711.75,
2024-04-20 20:00:00,52.25,109.5,,,,,40.58,,21.82,0.45,4.9,,,,,26.45,55.0,,241.75,,,,713.0,
2024-04-20 21:00:00,63.75,111.25,0.73,8.27,4.97,19.77,40.4,0.14,22.04,0.45,4.9,,,,,26.15,58.5,,173.75,,,,713.0,
2024-04-20 22:00:00,56.25,123.25,0.62,9.72,5.7,17.5,38.52,0.12,21.94,0.4,4.68,,,,,26.15,57.0,,108.25,,,,713.0,
2024-04-20 23:00:00,42.25,95.0,0.65,7.4,4.47,14.15,37.95,0.12,21.8,0.4,4.58,,,,,25.9,60.5,,163.25,,,,713.0,
2024-04-21 00:00:00,34.25,70.5,0.7,6.92,4.22,13.1,35.57,0.12,21.58,0.4,4.27,,,,,25.65,64.5,,134.5,,,,713.0,
2024-04-21 01:00:00,35.5,70.0,0.5,6.6,3.9,13.3,18.33,0.08,22.14,0.23,2.03,,,,,25.32,67.5,,261.25,,,,712.25,
2024-04-21 02:00:00,38.75,72.25,0.6,6.4,3.9,12.8,13.12,0.1,21.87,0.1,1.35,,,,,25.18,69.25,,253.25,,,,712.0,
2024-04-21 03:00:00,44.25,69.75,,,,,13.8,,22.21,0.1,1.42,,,,,24.9,71.0,,179.75,,,,711.75,
2024-04-21 04:00:00,43.5,70.5,,,,,15.72,,21.94,0.2,1.7,,,,,24.6,74.5,,79.5,,,,711.5,
2024-04-21 05:00:00,41.25,73.75,,,,,14.85,,22.0,0.18,1.58,,,,,24.35,75.5,,98.5,,,,712.0,
2024-04-21 06:00:00,48.0,83.75,,,,,14.42,,22.04,0.15,1.52,,,,,24.55,72.75,,62.5,,,,712.0,
2024-04-21 07:00:00,50.75,128.25,,,,,15.5,,22.23,0.18,1.68,,,,,25.22,67.25,,114.0,,,,713.0,
2024-04-21 08:00:00,58.5,137.5,0.65,5.5,3.45,13.95,13.72,0.12,21.91,0.12,1.42,,,,,26.32,60.0,,144.25,,,,714.0,
2024-04-21 09:00:00,57.0,141.5,,,,,13.3,,21.92,0.1,1.4,,,,,27.55,52.5,,129.0,,,,714.0,
2024-04-21 10:00:00,57.25,160.5,,,,,15.12,,21.86,0.18,1.62,,,,,28.32,47.25,,160.0,,,,714.0,
2024-04-21 11:00:00,56.25,172.0,,,,,15.92,,21.78,0.2,1.72,,,,,28.78,42.25,,147.5,,,,713.0,
2024-04-21 12:00:00,49.25,164.25,,,,,17.05,,21.83,0.2,1.88,,,,,29.95,36.0,,170.5,,,,712.0,
2024-04-21 13:00:00,41.75,97.0,,,,,15.75,,22.18,0.2,1.7,,,,,30.98,29.0,,134.5,,,,710.75,
2024-04-21 14:00:00,35.5,74.5,,,,,14.2,,22.13,0.12,1.5,,,,,31.42,28.0,,122.0,,,,710.0,
2024-04-21 15:00:00,37.25,82.75,0.5,3.8,2.5,14.0,11.7,0.1,21.84,0.1,1.15,,,,,31.68,27.0,,128.0,,,,709.5,
2024-04-21 16:00:00,40.5,96.0,0.52,4.65,2.9,14.75,13.0,0.1,21.73,0.1,1.32,,,,,31.18,28.0,,107.75,,,,709.0,
2024-04-21 17:00:00,49.25,112.75,0.6,5.28,3.28,14.3,16.1,0.11,21.82,0.2,1.75,,,,,30.2,28.5,,118.5,,,,710.0,
2024-04-21 18:00:00,55.75,164.75,0.57,5.6,3.45,15.08,14.58,0.1,21.64,0.12,1.52,,,,,28.82,32.75,,172.5,,,,710.75,
2024-04-21 19:00:00,56.75,193.0,0.52,6.28,3.78,14.2,13.48,0.1,21.96,0.12,1.4,,,,,28.0,38.0,,149.75,,,,711.75,
2024-04-21 20:00:00,37.75,102.25,0.5,6.4,3.8,15.1,14.0,0.09,21.71,0.12,1.48,,,,,27.58,38.25,,127.5,,,,712.0,
2024-04-21 21:00:00,44.5,105.0,,,,,13.42,,21.96,0.15,1.4,,,,,27.32,39.75,,160.25,,,,713.0,
2024-04-21 22:00:00,38.25,87.0,,,,,9.2,,22.31,0.1,0.88,,,,,26.95,45.25,,154.0,,,,713.0,
2024-04-21 23:00:00,35.75,70.0,,,,,9.95,,23.23,0.1,0.98,,,,,26.55,47.0,,211.0,,,,713.0,
2024-04-22 00:00:00,44.75,72.0,0.6,4.95,3.15,12.45,12.07,0.11,22.15,0.1,1.23,,,,,26.15,48.25,,211.0,,,,713.0,
2024-04-22 01:00:00,42.5,68.25,0.48,4.47,2.78,12.55,17.17,0.09,21.91,0.2,1.87,,,,,25.85,50.25,,207.25,,,,713.0,
2024-04-22 02:00:00,30.25,65.5,0.6,4.32,2.78,12.38,14.9,0.1,22.01,0.2,1.6,,,,,25.6,52.75,,205.25,,,,712.0,
2024-04-22 03:00:00,35.5,63.75,0.45,4.7,2.85,12.23,16.15,0.08,21.92,0.2,1.72,,,,,25.35,61.0,,188.5,,,,712.0,
2024-04-22 04:00:00,40.0,61.75,,,,,14.85,,21.43,0.18,1.6,,,,,25.02,71.25,,205.25,,,,713.0,
2024-04-22 05:00:00,37.25,57.0,,,,,15.2,,22.16,0.2,1.62,,,,,24.78,77.5,,209.75,,,,713.0,
2024-04-22 06:00:00,32.5,55.75,0.6,3.8,2.5,12.6,14.12,0.1,21.92,0.12,1.48,,,,,24.62,78.25,,207.0,,,,713.25,
2024-04-22 07:00:00,42.0,65.5,0.5,3.6,2.4,12.7,13.78,0.1,20.74,0.1,1.45,,,,,24.88,77.75,,210.5,,,,714.0,
2024-04-22 08:00:00,39.75,81.25,,,,,15.25,,23.15,0.18,1.62,,,,,25.48,71.5,,207.0,,,,714.75,
2024-04-22 09:00:00,42.0,88.0,,,,,14.4,,23.02,0.15,1.5,,,,,26.73,61.0,,203.67,,,,715.0,
2024-04-22 10:00:00,39.0,77.0,,,,,16.23,,21.9,0.2,1.8,,,,,27.52,52.5,,213.0,,,,715.0,
2024-04-22 11:00:00,37.25,77.0,,,,,18.48,,22.13,0.2,2.05,,,,,28.82,42.25,,186.75,,,,714.0,
2024-04-22 12:00:00,31.0,76.0,,,,,18.95,,21.67,0.2,2.08,,,,,29.52,36.0,,189.0,,,,713.5,
2024-04-22 13:00:00,24.5,71.5,,,,,18.2,,22.2,0.2,2.0,,,,,30.52,30.25,,151.5,,,,712.25,
2024-04-22 14:00:00,18.0,67.75,,,,,16.4,,22.13,0.2,1.8,,,,,31.28,26.5,,148.25,,,,711.25,
2024-04-22 15:00:00,30.0,70.0,,,,,16.5,,22.68,0.2,1.8,,,,,31.6,23.67,,137.0,,,,710.67,
2024-04-22 16:00:00,27.0,93.0,,,,,19.82,,22.31,0.22,2.22,,,,,31.58,22.5,,148.5,,,,710.0,
2024-04-22 17:00:00,27.25,94.75,,,,,25.0,,22.04,0.3,2.9,,,,,30.78,23.25,,113.0,,,,710.25,
2024-04-22 18:00:00,27.75,98.5,,,,,29.5,,21.74,0.32,3.5,,,,,28.78,27.0,,143.5,,,,711.0,
2024-04-22 19:00:00,31.0,107.0,,,,,30.22,,21.89,0.35,3.55,,,,,28.15,28.75,,140.25,,,,712.0,
2024-04-22 20:00:00,42.75,139.75,,,,,31.12,,21.93,0.38,3.68,,,,,28.05,32.5,,138.5,,,,712.75,
2024-04-22 21:00:00,41.75,113.0,,,,,28.02,,22.32,0.3,3.3,,,,,27.55,35.5,,137.75,,,,713.5,
2024-04-22 22:00:00,41.0,87.0,,,,,24.52,,21.98,0.3,2.85,,,,,27.12,37.25,,185.0,,,,714.0,
2024-04-22 23:00:00,36.75,74.25,,,,,23.62,,21.84,0.28,2.72,,,,,26.42,48.25,,195.0,,,,714.0,
2024-04-23 00:00:00,26.25,55.0,,,,,23.4,,21.93,0.3,2.7,,,,,25.75,57.0,,184.75,,,,713.5,
2024-04-23 01:00:00,34.25,56.75,,,,,9.53,,21.91,0.1,0.9,,,,,25.4,61.25,,184.5,,,,712.75,
2024-04-23 02:00:00,39.75,53.0,,,,,6.28,,22.07,0.1,0.48,,,,,25.12,64.5,,182.0,,,,712.0,
2024-04-23 03:00:00,46.25,54.25,,,,,8.6,,21.96,0.1,0.78,,,,,25.0,67.25,,205.75,,,,712.0,
2024-04-23 04:00:00,47.0,57.25,,,,,10.15,,21.8,0.1,0.98,,,,,24.82,68.5,,204.75,,,,712.0,
2024-04-23 05:00:00,37.25,55.5,,,,,8.82,,22.14,0.1,0.8,,,,,24.65,69.5,,187.0,,,,712.0,
2024-04-23 06:00:00,35.25,67.25,,,,,6.65,,21.72,0.1,0.5,,,,,24.58,69.75,,187.25,,,,712.25,
2024-04-23 07:00:00,37.75,110.25,,,,,8.65,,21.8,0.1,0.78,,,,,25.05,67.75,,189.0,,,,713.0,
2024-04-23 08:00:00,42.5,141.5,,,,,8.68,,21.98,0.1,0.78,,,,,25.85,63.25,,173.0,,,,713.75,
2024-04-23 09:00:00,42.75,120.25,0.55,4.4,2.82,13.5,7.18,0.1,21.82,0.1,0.57,,,,,27.38,51.0,,162.75,,,,714.0,
2024-04-23 10:00:00,48.5,109.0,0.6,4.12,2.7,13.55,10.78,0.11,22.29,0.1,1.08,,,,,28.35,41.5,,175.25,,,,713.75,
2024-04-23 11:00:00,47.75,114.75,0.62,3.8,2.52,13.95,13.82,0.11,21.8,0.1,1.45,,,,,29.58,32.0,,139.0,,,,713.0,
2024-04-23 12:00:00,39.5,108.75,0.68,3.7,2.52,13.78,11.72,0.13,21.79,0.1,1.18,,,,,30.12,28.0,,132.25,,,,712.25,
2024-04-23 13:00:00,31.25,112.5,,,,,11.48,,21.94,0.1,1.15,,,,,30.78,25.75,,156.25,,,,711.25,
2024-04-23 14:00:00,21.5,95.25,0.67,3.83,2.57,14.37,12.12,0.12,22.25,0.1,1.23,,,,,31.1,23.5,,142.75,,,,710.25,
2024-04-23 15:00:00,29.0,109.0,0.6,3.5,2.38,14.48,8.88,0.11,21.93,0.1,0.82,,,,,31.12,20.75,,128.75,,,,709.75,
2024-04-23 16:00:00,38.0,113.5,0.52,3.58,2.3,15.02,6.38,0.1,21.83,0.1,0.5,,,,,31.0,19.5,,131.25,,,,709.0,
2024-04-23 17:00:00,40.5,155.0,0.62,4.47,2.88,16.6,9.22,0.11,21.58,0.1,0.85,,,,,30.2,21.25,,152.25,,,,710.0,
2024-04-23 18:00:00,46.5,190.5,0.62,5.08,3.22,16.75,9.57,0.12,21.66,0.1,0.9,,,,,28.65,23.25,,135.0,,,,710.25,
2024-04-23 19:00:00,38.75,181.25,0.57,5.95,3.62,15.42,8.98,0.1,21.92,0.1,0.82,,,,,27.78,27.0,,149.25,,,,711.25,
2024-04-23 20:00:00,34.75,118.0,0.62,6.18,3.78,14.58,10.95,0.12,21.79,0.1,1.12,,,,,27.28,30.25,,142.25,,,,712.0,
2024-04-23 21:00:00,49.5,141.0,0.57,5.42,3.35,13.92,13.88,0.11,22.15,0.15,1.45,,,,,27.0,31.5,,137.25,,,,712.5,
2024-04-23 22:00:00,43.75,87.25,0.57,4.75,2.98,13.7,17.92,0.11,21.67,0.2,1.98,,,,,26.65,34.25,,119.75,,,,713.0,
2024-04-23 23:00:00,53.25,100.5,0.57,4.65,2.92,13.22,24.02,0.11,22.06,0.3,2.78,,,,,26.18,37.75,,140.0,,,,712.75,
2024-04-24 00:00:00,64.25,107.25,0.65,4.72,3.0,13.05,23.07,0.12,21.9,0.27,2.63,,,,,25.65,43.25,,142.25,,,,712.0,
2024-04-24 01:00:00,52.5,85.75,0.7,4.7,3.08,12.5,28.77,0.14,21.97,0.33,3.37,,,,,25.2,53.25,,155.0,,,,711.25,
2024-04-24 02:00:00,29.0,53.25,0.7,4.22,2.85,12.35,32.58,0.14,22.01,0.4,3.88,,,,,25.02,48.5,,182.0,,,,711.0,
2024-04-24 03:00:00,18.0,48.25,0.7,4.05,2.72,12.48,29.6,0.13,21.99,0.32,3.5,,,,,24.58,45.75,,188.0,,,,711.0,
2024-04-24 04:00:00,20.25,48.0,0.65,3.75,2.52,12.55,27.9,0.12,21.93,0.3,3.28,,,,,24.42,44.75,,233.0,,,,711.0,
2024-04-24 05:00:00,19.75,50.25,0.62,3.58,2.38,12.9,28.4,0.11,22.07,0.3,3.35,,,,,24.45,44.5,,200.75,,,,711.75,
2024-04-24 06:00:00,27.5,80.5,0.68,3.55,2.42,13.28,24.8,0.13,22.02,0.3,2.9,,,,,24.48,52.5,,189.25,,,,712.5,
2024-04-24 07:00:00,35.0,121.75,0.6,3.85,2.5,13.0,19.68,0.11,21.93,0.2,2.2,,,,,24.62,55.0,,193.5,,,,713.5,
2024-04-24 08:00:00,34.0,109.75,0.5,3.75,2.42,13.08,17.65,0.09,21.93,0.2,1.92,,,,,25.22,53.75,,210.0,,,,714.0,
2024-04-24 09:00:00,33.75,95.25,0.72,3.78,2.62,13.4,23.7,0.14,22.28,0.28,2.72,,,,,26.55,47.0,,179.0,,,,714.0,
2024-04-24 10:00:00,39.25,97.75,0.6,4.15,2.7,13.75,27.15,0.11,22.13,0.3,3.18,,,,,28.2,35.0,,151.5,,,,714.0,
2024-04-24 11:00:00,37.5,138.25,0.6,4.15,2.68,13.8,20.62,0.11,22.12,0.22,2.3,,,,,29.18,29.0,,154.25,,,,713.0,
2024-04-24 12:00:00,54.25,238.5,0.57,3.92,2.5,13.45,20.7,0.1,21.98,0.2,2.35,,,,,29.82,26.25,,157.75,,,,712.25,
2024-04-24 13:00:00,49.5,161.5,,,,,21.78,,21.79,0.2,2.48,,,,,30.5,24.0,,140.5,,,,711.25,
2024-04-24 14:00:00,54.75,196.0,0.7,3.8,2.5,14.3,22.78,0.13,22.05,0.28,2.62,,,,,30.92,23.5,,123.0,,,,710.5,
2024-04-24 15:00:00,36.75,106.5,0.6,3.57,2.37,14.43,21.08,0.11,22.17,0.22,2.4,,,,,30.72,21.75,,138.0,,,,710.0,
2024-04-24 16:00:00,31.75,90.0,0.5,3.62,2.35,15.0,20.25,0.09,22.03,0.2,2.3,,,,,30.05,24.5,,125.25,,,,710.0,
2024-04-24 17:00:00,41.25,139.0,0.62,4.4,2.88,15.52,22.2,0.11,21.8,0.22,2.55,,,,,29.6,24.75,,122.25,,,,710.0,
2024-04-24 18:00:00,53.25,195.25,0.57,5.22,3.2,15.75,22.05,0.1,22.21,0.22,2.52,,,,,28.52,25.75,,132.25,,,,710.5,
2024-04-24 19:00:00,48.75,151.0,0.52,5.52,3.35,16.08,23.12,0.1,22.01,0.3,2.65,,,,,27.78,27.25,,159.75,,,,711.0,
2024-04-24 20:00:00,44.25,112.25,0.6,6.45,3.9,16.1,24.5,0.11,21.94,0.3,2.82,,,,,27.38,30.0,,155.0,,,,712.25,
2024-04-24 21:00:00,49.0,124.5,0.7,6.1,3.8,14.5,23.5,0.13,22.03,0.3,2.72,,,,,27.08,33.5,,134.5,,,,713.0,
2024-04-24 22:00:00,43.5,102.25,0.63,5.87,3.6,13.9,24.05,0.11,22.12,0.3,2.78,,,,,26.72,36.25,,115.0,,,,714.0,
2024-04-24 23:00:00,43.25,91.75,0.67,5.18,3.3,13.18,20.3,0.12,21.78,0.2,2.3,,,,,26.42,38.5,,140.75,,,,713.5,
2024-04-25 00:00:00,39.75,86.0,0.62,4.95,3.12,12.9,20.37,0.11,21.68,0.2,2.3,,,,,26.08,42.0,,205.75,,,,712.75,
2024-04-25 01:00:00,44.0,91.75,0.57,4.73,3.0,12.7,25.27,0.11,21.82,0.3,2.9,,,,,25.65,45.0,,223.75,,,,712.0,
2024-04-25 02:00:00,43.0,100.25,,4.9,3.0,12.7,28.3,,22.17,0.3,3.32,,,,,25.22,47.0,,199.0,,,,711.5,
2024-04-25 03:00:00,46.5,98.0,0.6,5.0,3.1,12.5,27.85,0.1,22.12,0.3,3.28,,,,,25.05,48.5,,190.0,,,,711.0,
2024-04-25 04:00:00,38.75,84.5,,,,,22.6,,21.84,0.28,2.58,,,,,24.95,49.75,,199.0,,,,711.25,
2024-04-25 05:00:00,37.5,70.5,,,,,17.02,,22.0,0.2,1.85,,,,,24.75,60.0,,246.75,,,,712.0,
2024-04-25 06:00:00,38.75,86.0,,,,,14.08,,21.82,0.12,1.48,,,,,24.45,65.25,,224.75,,,,712.25,
2024-04-25 07:00:00,46.0,129.75,,,,,11.9,,21.91,0.1,1.2,,,,,25.2,65.0,,230.25,,,,713.0,
2024-04-25 08:00:00,43.5,111.25,,,,,9.2,,21.7,0.1,0.85,,,,,26.22,52.25,,160.5,,,,713.75,
2024-04-25 09:00:00,46.25,123.0,,,,,13.2,,22.08,0.12,1.38,,,,,28.02,38.25,,169.75,,,,714.0,
2024-04-25 10:00:00,49.0,132.25,,,,,16.88,,21.94,0.2,1.85,,,,,28.78,33.5,,162.25,,,,713.5,
2024-04-25 11:00:00,46.5,138.0,,,,,15.38,,21.92,0.2,1.65,,,,,29.8,29.25,,137.5,,,,713.0,
2024-04-25 12:00:00,46.25,121.25,,,,,15.02,,21.95,0.18,1.6,,,,,30.02,26.5,,115.25,,,,712.25,
2024-04-25 13:00:00,41.0,102.0,,,,,16.58,,21.79,0.2,1.82,,,,,30.6,24.75,,129.75,,,,711.25,
2024-04-25 14:00:00,39.75,85.25,,,,,14.28,,21.57,0.15,1.55,,,,,31.05,23.25,,122.5,,,,710.5,
2024-04-25 15:00:00,36.75,87.25,,,,,8.52,,21.53,0.1,0.75,,,,,30.95,24.25,,126.0,,,,710.0,
2024-04-25 16:00:00,44.0,131.5,,,,,7.48,,22.83,0.1,0.62,,,,,30.22,27.25,,117.75,,,,710.0,
2024-04-25 17:00:00,62.0,215.25,,,,,9.25,,22.76,0.1,0.85,,,,,29.12,31.75,,146.75,,,,710.0,
2024-04-25 18:00:00,68.5,246.75,,,,,10.9,,21.6,0.1,1.08,,,,,28.42,34.25,,144.75,,,,711.0,
2024-04-25 19:00:00,63.0,176.75,,,,,11.68,,21.87,0.1,1.18,,,,,28.0,37.5,,124.0,,,,712.0,
2024-04-25 20:00:00,66.25,135.25,,,,,11.12,,21.72,0.1,1.12,,,,,27.55,41.0,,122.5,,,,712.75,
2024-04-25 21:00:00,55.75,154.75,,,,,9.95,,21.94,0.1,0.95,,,,,27.12,45.5,,119.5,,,,713.0,
2024-04-25 22:00:00,51.75,100.0,,,,,12.55,,22.16,0.1,1.3,,,,,26.65,50.75,,156.5,,,,713.0,
2024-04-25 23:00:00,65.75,121.5,,,,,14.0,,21.81,0.15,1.48,,,,,26.25,55.0,,131.75,,,,713.0,
2024-04-26 00:00:00,78.0,125.5,,,,,13.4,,21.95,0.1,1.4,,,,,25.85,58.5,,157.0,,,,712.0,
2024-04-26 01:00:00,59.75,100.75,,,,,11.53,,21.96,0.1,1.17,,,,,25.38,67.0,,149.0,,,,711.75,
2024-04-26 02:00:00,45.75,81.0,,,,,14.52,,21.65,0.18,1.52,,,,,25.08,71.75,,172.75,,,,711.0,
2024-04-26 03:00:00,36.0,74.0,,,,,17.88,,22.04,0.2,1.98,,,,,24.75,73.0,,197.75,,,,711.0,
2024-04-26 04:00:00,45.5,87.0,,,,,18.92,,21.88,0.2,2.12,,,,,24.72,70.5,,196.5,,,,711.5,
2024-04-26 05:00:00,47.25,84.75,,,,,18.52,,22.08,0.2,2.05,,,,,24.75,68.5,,192.25,,,,712.0,
2024-04-26 06:00:00,50.75,104.0,,,,,20.78,,21.7,0.25,2.35,,,,,24.62,70.5,,187.5,,,,712.0,
2024-04-26 07:00:00,59.5,131.75,,,,,21.75,,21.97,0.25,2.48,,,,,25.35,68.25,,222.75,,,,713.0,
2024-04-26 08:00:00,60.5,138.75,,,,,15.5,,22.52,0.15,1.68,,,,,26.05,62.75,,209.75,,,,713.75,
2024-04-26 09:00:00,59.25,128.5,,,,,13.73,,22.93,0.12,1.45,,,,,27.52,48.25,,184.75,,,,714.0,
2024-04-26 10:00:00,59.0,138.25,,,,,19.32,,22.0,0.2,2.15,,,,,28.85,37.5,,148.75,,,,713.5,
2024-04-26 11:00:00,55.5,141.5,,,,,19.15,,21.74,0.2,2.12,,,,,29.65,31.0,,138.25,,,,713.0,
2024-04-26 12:00:00,52.0,122.25,,,,,11.65,,21.72,0.1,1.15,,,,,30.22,27.75,,125.25,,,,712.25,
2024-04-26 13:00:00,46.75,100.25,,,,,13.72,,21.58,0.12,1.42,,,,,30.75,28.0,,115.75,,,,711.25,
2024-04-26 14:00:00,49.0,110.5,,,,,14.95,,22.11,0.18,1.6,,,,,30.78,27.25,,156.0,,,,710.25,
2024-04-26 15:00:00,53.5,129.75,,,,,13.88,,22.01,0.1,1.48,,,,,30.88,26.75,,135.25,,,,710.0,
2024-04-26 16:00:00,62.0,193.0,,,,,17.75,,22.03,0.2,1.95,,,,,30.6,28.75,,118.0,,,,710.0,
2024-04-26 17:00:00,51.75,169.75,,,,,17.18,,21.73,0.2,1.9,,,,,29.82,29.25,,130.5,,,,710.0,
2024-04-26 18:00:00,63.0,235.0,,,,,15.35,,21.67,0.2,1.65,,,,,28.58,31.5,,137.0,,,,710.5,
2024-04-26 19:00:00,50.0,158.25,,,,,15.3,,22.0,0.2,1.65,,,,,28.0,32.5,,145.25,,,,711.5,
2024-04-26 20:00:00,38.0,89.0,,,,,16.7,,22.1,0.2,1.82,,,,,27.55,34.0,,143.75,,,,712.25,
2024-04-26 21:00:00,40.5,86.25,,,,,18.32,,21.62,0.2,2.05,,,,,27.05,37.25,,138.0,,,,713.0,
2024-04-26 22:00:00,48.25,93.75,,,,,32.9,,21.85,0.38,3.92,,,,,26.8,39.75,,85.75,,,,713.0,
2024-04-26 23:00:00,54.75,115.75,,,,,41.42,,21.81,0.48,5.0,,,,,26.45,41.25,,92.25,,,,713.0,
2024-04-27 00:00:00,73.5,123.5,,,,,39.0,,23.02,0.43,4.73,,,,,25.95,43.5,,138.5,,,,712.0,
2024-04-27 01:00:00,74.0,125.5,,,,,29.5,,22.22,0.33,3.47,,,,,25.48,50.25,,174.5,,,,711.75,
2024-04-27 02:00:00,59.75,104.75,,,,,30.62,,21.7,0.38,3.6,,,,,25.05,56.5,,209.5,,,,711.0,
2024-04-27 03:00:00,52.75,94.75,,,,,32.35,,22.06,0.38,3.85,,,,,24.82,59.75,,190.0,,,,711.0,
2024-04-27 04:00:00,51.25,99.25,,,,,32.02,,21.67,0.38,3.8,,,,,24.12,58.5,,194.5,,,,711.0,
2024-04-27 05:00:00,47.75,89.75,,,,,25.7,,21.99,0.28,3.0,,,,,24.18,57.25,,183.0,,,,712.0,
2024-04-27 06:00:00,47.75,112.75,,,,,20.25,,22.01,0.2,2.3,,,,,24.28,58.0,,196.25,,,,712.25,
2024-04-27 07:00:00,59.0,156.25,,,,,17.88,,21.85,0.2,1.98,,,,,24.85,63.5,,222.0,,,,713.0,
2024-04-27 08:00:00,57.25,132.5,,,,,17.42,,21.88,0.2,1.92,,,,,25.85,54.5,,209.75,,,,714.0,
2024-04-27 09:00:00,52.75,145.5,,,,,22.48,,21.9,0.28,2.55,,,,,27.72,39.5,,162.0,,,,714.0,
2024-04-27 10:00:00,53.5,130.75,,,,,28.65,,22.23,0.32,3.38,,,,,28.98,31.75,,134.0,,,,714.0,
2024-04-27 11:00:00,49.0,118.0,,,,,22.5,,22.09,0.3,2.6,,,,,29.9,26.0,,132.33,,,,713.0,
2024-04-27 12:00:00,44.0,133.0,,,,,21.28,,21.86,0.2,2.45,,,,,30.22,23.5,,139.75,,,,712.75,
2024-04-27 13:00:00,40.0,125.25,,,,,22.08,,22.26,0.22,2.5,,,,,31.08,22.0,,152.75,,,,711.75,
2024-04-27 14:00:00,32.25,115.0,,,,,23.55,,22.68,0.3,2.75,,,,,31.38,23.0,,133.25,,,,710.75,
2024-04-27 15:00:00,44.0,144.0,,,,,21.62,,37.09,0.22,2.45,,,,,31.65,20.5,,132.25,,,,710.0,
2024-04-27 16:00:00,38.75,113.5,,,,,22.95,,37.03,0.25,2.62,,,,,31.5,21.5,,125.75,,,,710.0,
2024-04-27 17:00:00,37.5,146.5,,,,,24.88,,36.36,0.28,2.9,,,,,30.28,26.25,,134.5,,,,710.0,
2024-04-27 18:00:00,53.5,239.25,,,,,27.45,,36.24,0.3,3.25,,,,,28.82,30.0,,135.5,,,,710.5,
2024-04-27 19:00:00,52.0,183.5,,,,,35.05,,36.27,0.4,4.2,,,,,28.08,32.5,,117.25,,,,711.75,
2024-04-27 20:00:00,57.5,118.0,,,,,46.75,,36.5,0.55,5.7,,,,,27.52,34.5,,166.5,,,,712.5,
2024-04-27 21:00:00,75.25,132.5,,,,,54.35,,36.46,0.62,6.7,,,,,27.12,36.75,,103.5,,,,713.25,
2024-04-27 22:00:00,77.25,127.5,,,,,47.28,,36.18,0.55,5.78,,,,,26.68,39.5,,144.5,,,,714.0,
2024-04-27 23:00:00,66.75,113.0,,,,,31.05,,36.46,0.35,3.72,,,,,26.32,42.0,,81.0,,,,713.5,
2024-04-28 00:00:00,48.75,98.5,,,,,34.7,,36.33,0.4,4.17,,,,,26.0,43.5,,138.5,,,,713.0,
2024-04-28 01:00:00,41.0,91.25,,,,,14.93,,37.74,0.13,1.57,,,,,25.78,46.25,,137.5,,,,712.5,
2024-04-28 02:00:00,38.75,86.5,,,,,14.88,,38.58,0.18,1.58,,,,,25.28,50.5,,129.25,,,,712.0,
2024-04-28 03:00:00,40.75,67.25,,,,,13.6,,35.98,0.12,1.45,,,,,25.05,52.75,,155.5,,,,712.0,
2024-04-28 04:00:00,39.25,62.0,,,,,14.3,,36.32,0.15,1.5,,,,,24.82,54.75,,194.5,,,,712.0,
2024-04-28 05:00:00,38.25,71.5,,,,,13.95,,36.72,0.1,1.48,,,,,24.7,56.25,,198.25,,,,712.0,
2024-04-28 06:00:00,44.25,90.5,,,,,14.62,,36.59,0.18,1.55,,,,,24.4,58.25,,193.75,,,,713.0,
2024-04-28 07:00:00,52.75,170.5,,,,,12.08,,36.76,0.1,1.2,,,,,25.18,54.5,,202.0,,,,713.25,
2024-04-28 08:00:00,58.5,239.75,,,,,15.1,,36.61,0.18,1.62,,,,,25.92,47.5,,200.0,,,,714.0,
2024-04-28 09:00:00,59.0,217.5,,,,,22.4,,36.48,0.25,2.55,,,,,28.05,35.25,,154.75,,,,714.0,
2024-04-28 10:00:00,60.75,259.25,0.4,17.85,9.6,7.3,21.75,0.08,36.41,0.25,2.45,,,,,29.05,27.75,,159.0,,,,713.75,
2024-04-28 11:00:00,70.5,203.5,0.65,7.52,4.53,11.55,14.32,0.12,36.66,0.12,1.5,,,,,29.9,23.5,,134.75,,,,713.0,
2024-04-28 12:00:00,50.5,119.5,0.6,4.65,2.95,12.6,13.02,0.11,37.23,0.1,1.32,,,,,30.88,21.25,,136.5,,,,712.5,
2024-04-28 13:00:00,32.0,78.5,0.68,4.05,2.7,12.88,13.35,0.12,36.28,0.12,1.38,,,,,31.42,20.5,,127.0,,,,711.5,
2024-04-28 14:00:00,33.75,77.25,0.7,3.72,2.55,13.15,15.08,0.14,36.75,0.18,1.62,,,,,32.02,20.25,,119.5,,,,710.5,
2024-04-28 15:00:00,30.25,86.5,0.78,3.2,2.33,13.5,14.15,0.14,36.74,0.12,1.52,,,,,31.95,21.0,,123.75,,,,710.0,
2024-04-28 16:00:00,32.75,110.25,0.65,3.08,2.15,13.6,12.6,0.12,36.64,0.1,1.25,,,,,31.9,20.75,,122.5,,,,709.5,
2024-04-28 17:00:00,43.5,152.75,0.55,3.05,2.08,13.82,10.0,0.1,36.64,0.1,0.95,,,,,30.95,22.25,,131.5,,,,710.0,
2024-04-28 18:00:00,57.0,260.75,0.7,3.95,2.65,13.55,13.92,0.13,36.25,0.12,1.45,,,,,29.2,27.25,,108.0,,,,710.75,
2024-04-28 19:00:00,45.0,138.75,0.62,4.15,2.72,13.3,15.42,0.12,36.88,0.18,1.65,,,,,28.48,29.75,,110.5,,,,712.25,
2024-04-28 20:00:00,34.25,93.0,0.72,3.95,2.68,13.28,14.42,0.14,36.59,0.15,1.52,,,,,27.78,36.75,,128.75,,,,713.0,
2024-04-28 21:00:00,30.0,94.25,0.55,4.0,2.58,13.12,14.95,0.1,36.7,0.18,1.6,,,,,27.18,42.25,,135.0,,,,714.0,
2024-04-28 22:00:00,31.0,67.75,0.68,3.25,2.25,13.3,15.38,0.12,36.86,0.2,1.65,,,,,26.75,44.75,,126.5,,,,714.5,
2024-04-28 23:00:00,26.5,57.75,0.72,3.35,2.5,11.48,14.65,0.13,32.9,0.12,1.55,,,,,26.45,45.25,,164.0,,,,714.5,
2024-04-29 00:00:00,28.75,55.0,0.7,4.78,3.68,6.28,14.3,0.14,22.01,0.17,1.5,,,,,26.08,46.75,,156.25,,,,714.0,
2024-04-29 01:00:00,25.25,49.25,0.65,4.88,3.68,6.18,10.4,0.12,22.08,0.1,1.0,,,,,25.75,50.0,,196.25,,,,713.25,
2024-04-29 02:00:00,33.5,57.5,0.65,5.68,4.08,6.0,12.58,0.12,21.81,0.1,1.27,,,,,25.48,52.25,,186.5,,,,713.0,
2024-04-29 03:00:00,27.0,72.75,0.75,6.18,4.47,5.8,18.68,0.14,22.01,0.2,2.08,,,,,25.32,53.75,,193.0,,,,713.0,
2024-04-29 04:00:00,19.5,49.25,0.75,5.62,4.2,5.82,17.77,0.14,21.98,0.2,1.98,,,,,25.08,58.5,,186.25,,,,713.5,
2024-04-29 05:00:00,19.0,45.0,0.57,5.55,3.92,5.88,12.75,0.11,21.91,0.1,1.32,,,,,24.62,69.75,,196.0,,,,714.0,
2024-04-29 06:00:00,31.0,52.25,0.55,6.0,4.05,5.9,10.9,0.1,21.26,0.1,1.08,,,,,24.58,76.75,,199.75,,,,714.25,
2024-04-29 07:00:00,34.25,71.25,,,,,8.43,,22.15,0.1,0.78,,,,,25.05,72.5,,213.75,,,,715.0,
2024-04-29 08:00:00,40.25,89.5,,,,,4.7,,22.42,,0.33,,,,,25.6,66.25,,201.5,,,,716.0,
2024-04-29 09:00:00,27.0,78.25,,,,,2.75,,23.35,,0.2,,,,,26.62,57.25,,188.0,,,,716.0,
2024-04-29 10:00:00,24.0,50.75,0.7,4.3,3.4,,3.52,0.13,21.92,,0.12,,,,,27.48,46.0,,176.25,,,,716.0,
2024-04-29 11:00:00,32.0,55.0,,,,,3.48,,22.04,,0.12,,,,,28.5,39.75,,188.5,,,,715.0,
2024-04-29 12:00:00,30.0,52.75,,,,,5.12,,21.8,,0.32,,,,,29.25,34.75,,163.25,,,,714.25,
2024-04-29 13:00:00,32.5,58.25,,,,,5.72,,21.65,0.1,0.4,,,,,30.85,27.25,,138.0,,,,713.25,
2024-04-29 14:00:00,32.0,70.25,0.6,4.9,3.6,6.8,3.4,0.11,21.86,,0.2,,,,,31.42,24.5,,136.0,,,,712.0,
2024-04-29 15:00:00,33.75,74.75,0.6,4.77,3.47,6.9,3.45,0.1,25.22,,0.25,,,,,31.8,22.75,,119.75,,,,711.25,
2024-04-29 16:00:00,30.0,73.75,0.7,4.65,3.58,7.18,9.95,0.13,33.23,0.1,0.92,,,,,31.65,23.5,,155.25,,,,711.0,
2024-04-29 17:00:00,35.0,99.5,0.52,44.12,24.35,7.4,9.25,0.1,32.88,0.1,0.85,,,,,30.88,23.5,,116.5,,,,711.0,
2024-04-29 18:00:00,55.0,140.5,0.7,9.3,5.5,7.4,10.42,0.13,32.8,0.1,1.02,,,,,29.15,27.5,,137.25,,,,711.5,
2024-04-29 19:00:00,62.5,170.5,,,,,11.62,,33.1,0.1,1.18,,,,,28.32,31.25,,146.0,,,,712.25,
2024-04-29 20:00:00,38.75,124.75,,,,,13.78,,32.68,0.12,1.45,,,,,27.92,32.0,,182.0,,,,713.0,
2024-04-29 21:00:00,37.5,131.75,,,,,14.3,,33.08,0.15,1.52,,,,,27.38,33.5,,134.0,,,,714.0,
2024-04-29 22:00:00,44.0,112.5,0.7,3.55,2.45,8.0,14.45,0.13,33.17,0.18,1.52,,,,,27.12,36.5,,134.25,,,,714.5,
2024-04-29 23:00:00,37.0,87.0,0.68,2.9,2.1,7.4,11.02,0.12,33.08,0.1,1.08,,,,,26.7,41.0,,135.0,,,,714.0,
2024-04-30 00:00:00,24.25,62.25,0.72,2.7,2.02,6.92,10.93,0.14,33.07,0.1,1.1,,,,,26.32,45.25,,142.25,,,,713.5,
2024-04-30 01:00:00,24.25,42.0,0.68,2.72,1.98,6.72,17.03,0.12,21.8,0.2,1.87,,,,,26.12,45.5,,191.25,,,,713.0,
2024-04-30 02:00:00,30.25,44.5,0.7,3.1,2.2,6.13,17.38,0.12,18.43,0.2,1.95,,,,,25.75,44.25,,210.75,,,,712.75,
2024-04-30 03:00:00,27.0,53.5,,,,,20.12,,18.48,0.2,2.28,,,,,25.35,47.0,,192.75,,,,712.0,
2024-04-30 04:00:00,22.5,57.25,,,,,22.45,,18.44,0.25,2.58,,,,,25.25,50.75,,188.75,,,,712.0,
2024-04-30 05:00:00,22.0,57.0,,,,,22.5,,18.32,0.28,2.58,,,,,25.0,62.0,,187.75,,,,712.75,
2024-04-30 06:00:00,33.75,77.25,0.6,2.3,1.7,7.0,22.85,0.12,18.54,0.28,2.62,,,,,24.92,66.75,,186.5,,,,713.0,
2024-04-30 07:00:00,35.0,119.75,0.52,1.98,1.48,6.78,18.65,0.1,18.35,0.2,2.05,,,,,25.18,65.0,,196.75,,,,713.75,
2024-04-30 08:00:00,40.0,116.5,0.6,1.88,1.48,6.82,18.48,0.11,18.34,0.2,2.05,,,,,25.62,62.25,,191.75,,,,714.25,
2024-04-30 09:00:00,36.5,99.0,0.72,1.82,1.55,6.8,18.25,0.14,18.41,0.2,2.02,,,,,26.7,53.0,,214.25,,,,714.75,
2024-04-30 10:00:00,34.0,74.33,0.67,2.17,1.7,6.87,17.5,0.13,18.39,0.2,1.92,,,,,27.82,45.0,,187.75,,,,714.0,
2024-04-30 11:00:00,30.75,80.75,,,,,19.53,,18.19,0.2,2.2,,,,,28.75,39.5,,166.5,,,,713.75,
2024-04-30 12:00:00,27.75,72.25,,,,,21.05,,18.2,0.2,2.4,,,,,29.92,33.5,,181.0,,,,712.75,
2024-04-30 13:00:00,26.75,80.75,,,,,21.6,,18.24,0.2,2.48,,,,,30.68,30.5,,161.0,,,,711.25,
2024-04-30 14:00:00,20.5,69.5,,,,,21.28,,30.19,0.22,2.42,,,,,31.7,25.75,,130.25,,,,710.0,
2024-04-30 15:00:00,27.75,71.75,,,,,21.42,,33.51,0.2,2.45,,,,,31.92,24.5,,166.0,,,,709.25,
2024-04-30 16:00:00,23.75,96.25,0.67,7.3,5.47,9.97,20.32,0.12,33.1,0.2,2.28,,,,,31.92,24.25,,109.5,,,,709.0,
2024-04-30 17:00:00,40.0,181.5,0.6,8.05,5.78,9.8,19.8,0.11,32.97,0.2,2.2,,,,,30.95,27.25,,114.5,,,,709.25,
2024-04-30 18:00:00,39.75,162.5,0.7,7.8,5.8,9.4,19.73,0.13,32.91,0.2,2.22,,,,,29.32,32.0,,131.5,,,,710.0,
2024-04-30 19:00:00,45.5,167.75,0.6,11.2,7.5,10.0,23.25,0.11,32.6,0.3,2.65,,,,,28.7,32.75,,149.5,,,,710.75,
2024-04-30 20:00:00,40.0,122.5,,,,,23.45,,33.05,0.28,2.7,,,,,28.28,32.75,,163.5,,,,711.75,
2024-04-30 21:00:00,44.25,114.0,,,,,23.9,,33.03,0.3,2.78,,,,,27.78,39.75,,150.25,,,,712.0,
2024-04-30 22:00:00,36.0,102.0,,,,,23.4,,32.34,0.28,2.68,,,,,27.4,38.25,,179.25,,,,713.0,
2024-04-30 23:00:00,27.0,75.0,,,,,23.47,,33.2,0.3,2.7,,,,,27.07,47.0,,193.33,,,,713.0,
2024-05-01 00:00:00,34.75,87.0,0.67,6.23,4.93,6.33,20.5,0.12,33.21,0.2,2.33,,,,,26.1,67.75,,208.0,,,,712.75,
2024-05-01 01:00:00,42.0,86.0,0.6,6.18,4.75,6.22,12.87,0.11,32.91,0.1,1.3,,,,,25.65,70.75,,208.75,,,,712.0,
2024-05-01 02:00:00,38.75,63.75,0.6,6.1,4.8,6.2,10.22,0.11,32.62,0.1,0.98,,,,,25.25,73.25,,205.25,,,,711.0,
2024-05-01 03:00:00,37.5,62.75,,,,,12.3,,32.45,0.1,1.25,,,,,24.9,76.0,,200.25,,,,711.0,
2024-05-01 04:00:00,36.0,71.0,,,,,13.7,,33.1,0.1,1.4,,,,,24.7,78.0,,204.0,,,,711.0,
2024-05-01 05:00:00,36.0,71.0,,,,,,,34.34,,,,,,,24.4,79.0,,206.0,,,,711.0,
2024-05-01 06:00:00,37.0,100.0,,,,,33.9,,33.3,0.38,4.05,,,,,24.4,80.0,,203.25,,,,711.75,
2024-05-01 07:00:00,40.5,113.25,,,,,35.55,,33.47,0.4,4.25,,,,,24.68,78.25,,218.25,,,,712.25,
2024-05-01 08:00:00,51.25,150.75,0.67,5.37,4.47,6.7,37.4,0.12,32.68,0.4,4.53,,,,,25.3,73.5,,215.75,,,,713.0,
2024-05-01 09:00:00,53.75,145.5,0.6,5.38,4.35,6.65,37.58,0.11,29.14,0.4,4.5,,,,,26.28,65.0,,212.0,,,,713.0,
2024-05-01 10:00:00,58.5,146.75,0.45,6.05,4.35,6.55,36.7,0.08,29.28,0.4,4.4,,,,,27.42,55.75,,214.75,,,,712.25,
2024-05-01 11:00:00,55.5,128.0,0.45,6.9,4.85,6.35,36.62,0.09,29.34,0.4,4.4,,,,,28.32,47.75,,222.0,,,,711.75,
2024-05-01 12:00:00,47.75,100.5,,,,,35.33,,29.24,0.4,4.25,,,,,29.1,43.25,,205.5,,,,710.75,
2024-05-01 13:00:00,38.0,96.25,,,,,38.02,,29.15,0.4,4.6,,,,,30.58,35.25,,164.75,,,,709.75,
2024-05-01 14:00:00,35.5,84.0,,,,,40.28,,28.94,0.45,4.88,,,,,31.58,30.75,,145.5,,,,709.0,
2024-05-01 15:00:00,32.25,74.75,,,,,41.8,,28.98,0.5,5.1,,,,,31.48,28.75,,186.75,,,,708.0,
2024-05-01 16:00:00,48.0,101.5,,,,,39.92,,28.79,0.45,4.85,,,,,31.48,29.0,,161.75,,,,708.0,
2024-05-01 17:00:00,58.0,177.0,,,,,33.3,,28.96,0.4,4.0,,,,,30.92,29.75,,201.5,,,,708.0,
2024-05-01 18:00:00,78.75,349.0,,,,,33.5,,30.35,0.4,3.98,,,,,29.38,35.5,,211.5,,,,708.5,
2024-05-01 19:00:00,119.5,592.75,,,,,39.25,,30.67,0.45,4.72,,,,,28.1,41.5,,211.5,,,,709.25,
2024-05-01 20:00:00,82.25,295.0,,,,,47.2,,29.5,0.5,5.75,,,,,27.5,44.5,,211.5,,,,710.0,
2024-05-01 21:00:00,84.0,232.0,,,,,52.35,,29.0,0.6,6.42,,,,,27.4,44.0,,218.5,,,,710.75,
2024-05-01 22:00:00,79.0,217.5,,,,,50.0,,29.25,0.57,6.12,,,,,27.58,47.25,,191.25,,,,711.0,
2024-05-01 23:00:00,51.0,152.75,,,,,42.02,,29.15,0.48,5.1,,,,,26.82,61.0,,197.75,,,,711.0,
2024-05-02 00:00:00,39.25,86.5,,,,,45.13,,28.55,0.5,5.5,,,,,26.38,65.75,,204.25,,,,711.0,
2024-05-02 01:00:00,42.0,78.5,,,,,9.9,,29.25,0.15,0.97,,,,,25.98,71.75,,192.75,,,,710.25,
2024-05-02 02:00:00,45.0,78.25,,,,,5.25,,30.68,0.1,0.35,,,,,25.5,75.25,,201.25,,,,710.0,
2024-05-02 03:00:00,38.25,80.0,,,,,6.0,,30.03,,0.45,,,,,25.1,77.5,,208.0,,,,710.0,
2024-05-02 04:00:00,41.5,73.75,,,,,7.6,,28.88,0.1,0.65,,,,,24.9,78.75,,206.0,,,,710.0,
2024-05-02 05:00:00,33.5,73.25,,,,,8.05,,29.24,0.1,0.73,,,,,24.75,79.5,,213.75,,,,711.0,
2024-05-02 06:00:00,41.75,77.75,0.7,2.9,2.0,8.0,6.18,0.13,29.47,0.1,0.5,,,,,24.72,79.0,,218.5,,,,711.75,
2024-05-02 07:00:00,45.5,92.5,,,,,6.32,,29.55,0.1,0.5,,,,,24.95,78.0,,209.25,,,,712.25,
2024-05-02 08:00:00,46.75,101.5,,,,,8.15,,29.11,0.1,0.72,,,,,25.62,73.0,,225.25,,,,713.0,
2024-05-02 09:00:00,38.75,98.25,0.62,2.95,2.08,7.98,6.12,0.12,29.83,0.1,0.48,,,,,26.68,64.0,,217.0,,,,713.0,
2024-05-02 10:00:00,44.0,103.0,0.6,3.0,2.05,8.0,5.38,0.11,28.42,,0.38,,,,,27.85,53.5,,227.5,,,,712.75,
2024-05-02 11:00:00,44.0,106.0,0.6,3.1,2.15,8.1,9.5,0.11,30.68,0.1,0.9,,,,,29.45,41.5,,186.0,,,,712.0,
2024-05-02 12:00:00,57.0,123.0,0.55,3.0,2.05,9.2,14.7,0.1,29.39,0.15,1.58,,,,,30.0,37.75,,207.5,,,,711.0,
2024-05-02 13:00:00,52.25,118.25,,,,,13.3,,29.49,0.12,1.4,,,,,30.52,34.25,,210.75,,,,710.0,
2024-05-02 14:00:00,40.5,108.0,,,,,14.35,,28.81,0.15,1.52,,,,,31.18,32.25,,179.75,,,,708.75,
2024-05-02 15:00:00,47.75,117.75,,,,,16.82,,29.09,0.2,1.82,,,,,31.9,28.0,,159.5,,,,708.0,
2024-05-02 16:00:00,48.25,119.5,,,,,17.62,,30.87,0.2,1.92,,,,,31.75,28.5,,171.0,,,,708.0,
2024-05-02 17:00:00,54.25,164.25,0.65,4.85,3.05,16.65,16.18,0.12,32.78,0.2,1.75,,,,,30.9,30.25,,180.75,,,,708.75,
2024-05-02 18:00:00,68.5,254.75,0.7,4.72,3.05,14.05,19.27,0.13,33.1,0.2,2.17,,,,,29.28,39.0,,122.5,,,,710.0,
2024-05-02 19:00:00,91.0,353.0,0.5,4.9,3.0,12.8,19.6,0.1,32.26,0.2,2.2,,,,,28.1,47.0,,102.0,,,,711.0,
2024-05-02 20:00:00,91.0,353.0,,,,,2.6,,28.32,,,,,,,25.05,75.0,,120.0,,,,712.5,
2024-05-02 21:00:00,38.0,70.0,0.55,4.85,3.0,12.35,44.45,0.1,33.71,0.5,5.42,,,,,25.88,63.5,,70.75,,,,712.0,
2024-05-02 22:00:00,37.25,76.25,,,,,49.8,,33.32,0.6,6.1,,,,,26.1,62.25,,104.0,,,,712.0,
2024-05-02 23:00:00,37.0,93.5,,,,,53.82,,33.06,0.62,6.62,,,,,26.55,56.25,,115.75,,,,712.0,
2024-05-03 00:00:00,46.25,89.25,,,,,53.13,,32.94,0.6,6.57,,,,,26.55,57.75,,151.0,,,,711.5,
2024-05-03 01:00:00,52.25,85.5,,,,,7.2,,33.54,0.1,0.63,,,,,26.4,56.5,,188.75,,,,710.75,
2024-05-03 02:00:00,39.5,71.25,0.53,4.9,3.0,8.15,5.42,0.1,32.8,,0.35,,,,,26.15,56.5,,187.5,,,,710.0,
2024-05-03 03:00:00,34.5,67.75,,,,,6.82,,32.3,0.1,0.55,,,,,25.95,62.25,,191.75,,,,710.0,
2024-05-03 04:00:00,32.75,63.5,,,,,7.5,,32.72,0.1,0.62,,,,,25.68,70.0,,208.75,,,,710.5,
2024-05-03 05:00:00,31.75,66.5,,,,,5.18,,32.98,,0.35,,,,,25.3,77.5,,204.25,,,,711.0,
2024-05-03 06:00:00,32.25,80.0,,,,,6.35,,33.4,0.1,0.5,,,,,25.2,81.0,,205.0,,,,712.0,
2024-05-03 07:00:00,38.5,79.75,,,,,3.72,,33.3,,0.2,,,,,25.38,80.75,,216.25,,,,712.75,
2024-05-03 08:00:00,43.75,83.5,,,,,3.88,,32.97,,0.15,,,,,25.8,78.0,,207.0,,,,713.75,
2024-05-03 09:00:00,38.5,94.75,,,,,4.7,,33.19,,0.33,,,,,26.65,71.0,,211.75,,,,714.0,
2024-05-03 10:00:00,44.0,86.75,,,,,4.5,,32.89,,0.25,,,,,27.42,63.25,,216.25,,,,714.0,
2024-05-03 11:00:00,45.5,84.5,0.6,4.9,3.1,7.82,5.32,0.11,33.27,,0.35,,,,,28.22,55.5,,211.75,,,,713.0,
2024-05-03 12:00:00,41.0,89.0,0.65,4.9,3.15,7.7,5.0,0.12,31.7,,0.3,,,,,29.0,50.0,,204.67,,,,712.0,
2024-05-03 13:00:00,46.0,81.0,,,,,18.3,,32.94,0.2,2.0,,,,,29.5,44.75,,203.75,,,,710.25,
2024-05-03 14:00:00,48.5,95.75,,,,,18.85,,33.21,0.2,2.12,,,,,27.52,57.0,,160.25,,,,710.75,
2024-05-03 15:00:00,49.75,118.75,,,,,18.55,,32.5,0.2,2.05,,,,,24.02,86.0,,220.75,,,,710.75,
2024-05-03 16:00:00,32.75,53.0,,,,,20.32,,33.52,0.2,2.3,,,,,24.2,85.5,,205.75,,,,710.5,
2024-05-03 17:00:00,37.5,52.5,,,,,20.85,,32.97,0.2,2.35,,,,,24.7,78.75,,210.5,,,,710.75,
2024-05-03 18:00:00,33.75,67.0,,,,,23.88,,32.73,0.28,2.78,,,,,24.65,77.5,,197.25,,,,711.5,
2024-05-03 19:00:00,28.5,64.0,,,,,22.38,,33.33,0.25,2.55,,,,,24.95,71.5,,200.0,,,,712.0,
2024-05-03 20:00:00,34.25,82.75,,,,,23.5,,32.82,0.28,2.72,,,,,25.02,71.75,,231.75,,,,712.75,
2024-05-03 21:00:00,38.0,112.0,,,,,16.3,,32.87,0.2,1.8,,,,,25.0,72.5,,234.5,,,,714.0,
2024-05-03 22:00:00,44.0,,,,,,17.2,,33.68,0.18,1.88,,,,,24.78,73.5,,216.5,,,,714.0,
2024-05-03 23:00:00,38.75,40.0,,,,,16.18,,33.8,0.2,1.72,,,,,24.75,69.75,,206.25,,,,713.5,
2024-05-04 00:00:00,22.25,39.25,,,,,15.13,,33.24,0.2,1.63,,,,,24.48,72.75,,211.5,,,,713.0,
2024-05-04 01:00:00,19.75,35.0,,,,,12.57,,33.64,0.1,1.27,,,,,24.52,70.5,,200.25,,,,712.0,
2024-05-04 02:00:00,19.0,29.0,,,,,11.78,,31.56,0.1,1.18,,,,,24.32,71.75,,188.5,,,,712.0,
2024-05-04 03:00:00,17.0,36.0,,,,,12.02,,32.57,0.12,1.23,,,,,24.38,71.25,,205.0,,,,712.0,
2024-05-04 04:00:00,18.5,35.5,,,,,8.68,,33.3,0.1,0.8,,,,,24.32,74.25,,211.75,,,,712.0,
2024-05-04 05:00:00,23.25,34.0,,,,,11.7,,34.75,0.1,1.18,,,,,23.92,78.75,,210.25,,,,712.5,
2024-05-04 06:00:00,26.0,39.0,,,,,12.2,,33.71,0.1,1.23,,,,,23.72,81.75,,217.5,,,,713.5,
2024-05-04 07:00:00,31.5,54.5,,,,,12.0,,32.88,0.1,1.2,,,,,24.28,77.5,,211.25,,,,714.25,
2024-05-04 08:00:00,30.25,55.25,,,,,12.8,,33.38,0.1,1.32,,,,,24.98,75.25,,212.5,,,,715.0,
2024-05-04 09:00:00,30.5,53.25,,,,,13.25,,32.41,0.1,1.38,,,,,26.02,66.0,,225.25,,,,715.0,
2024-05-04 10:00:00,28.25,54.5,,,,,13.75,,33.1,0.12,1.45,,,,,27.22,56.5,,217.75,,,,714.5,
2024-05-04 11:00:00,28.75,57.5,,,,,12.3,,32.76,0.1,1.25,,,,,28.05,48.5,,222.5,,,,713.75,
2024-05-04 12:00:00,35.75,63.0,,,,,10.9,,32.69,0.1,1.05,,,,,29.15,41.0,,209.5,,,,712.75,
2024-05-04 13:00:00,29.75,65.0,,,,,12.05,,32.93,0.1,1.23,,,,,29.88,36.5,,219.5,,,,711.5,
2024-05-04 14:00:00,25.25,68.0,,,,,13.8,,32.45,0.1,1.42,,,,,30.82,32.0,,198.75,,,,710.5,
2024-05-04 15:00:00,31.0,83.5,,,,,12.75,,32.68,0.1,1.32,,,,,31.02,29.25,,208.75,,,,709.25,
2024-05-04 16:00:00,29.5,84.5,,,,,14.28,,33.07,0.15,1.5,,,,,31.52,26.75,,160.0,,,,709.0,
2024-05-04 17:00:00,34.75,117.0,,,,,15.7,,32.57,0.2,1.7,,,,,30.75,26.25,,204.0,,,,710.0,
2024-05-04 18:00:00,46.75,173.5,,,,,19.05,,31.71,0.2,2.12,,,,,29.17,32.0,,295.25,,,,710.5,
2024-05-04 19:00:00,79.0,273.0,,,,,25.08,,32.33,0.28,2.92,,,,,27.52,40.0,,304.75,,,,711.25,
2024-05-04 20:00:00,80.25,238.0,,,,,27.08,,33.93,0.3,3.12,,,,,27.35,49.0,,133.75,,,,712.25,
2024-05-04 21:00:00,55.5,173.25,,,,,19.12,,33.99,0.2,2.12,,,,,26.55,56.75,,183.0,,,,713.0,
2024-05-04 22:00:00,48.0,95.25,,,,,14.95,,32.95,0.2,1.6,,,,,26.25,58.0,,196.5,,,,713.0,
2024-05-04 23:00:00,37.75,63.25,,,,,17.92,,33.38,0.2,1.98,,,,,25.95,62.0,,200.0,,,,712.75,
2024-05-05 00:00:00,34.0,54.25,,,,,15.6,,32.88,0.2,1.67,,,,,25.45,68.25,,192.75,,,,712.0,
2024-05-05 01:00:00,33.5,54.5,,,,,13.9,,32.96,0.1,1.47,,,,,25.0,75.25,,205.0,,,,711.0,
2024-05-05 02:00:00,30.5,60.25,,,,,15.4,,33.04,0.18,1.65,,,,,24.82,76.0,,205.75,,,,711.0,
2024-05-05 03:00:00,27.5,53.75,,,,,15.9,,32.75,0.2,1.72,,,,,24.55,77.25,,212.0,,,,710.25,
2024-05-05 04:00:00,30.5,50.0,,,,,15.8,,32.78,0.2,1.7,,,,,24.35,79.0,,215.25,,,,711.0,
2024-05-05 05:00:00,26.25,51.25,,,,,14.92,,32.79,0.15,1.6,,,,,24.18,80.5,,223.75,,,,711.25,
2024-05-05 06:00:00,27.5,57.75,,,,,15.38,,33.03,0.2,1.65,,,,,24.1,82.0,,212.25,,,,712.0,
2024-05-05 07:00:00,30.75,64.5,,,,,16.3,,33.61,0.2,1.75,,,,,24.35,80.0,,219.5,,,,712.75,
2024-05-05 08:00:00,38.25,65.75,,,,,15.77,,32.94,0.2,1.7,,,,,25.0,75.25,,224.5,,,,713.0,
2024-05-05 09:00:00,43.0,85.75,,,,,16.92,,32.7,0.2,1.82,,,,,25.92,65.75,,217.25,,,,713.0,
2024-05-05 10:00:00,37.5,98.75,,,,,17.77,,32.26,0.2,1.92,,,,,27.35,55.0,,224.0,,,,713.0,
2024-05-05 11:00:00,38.25,105.75,,,,,18.3,,33.1,0.2,2.05,,,,,29.05,44.5,,227.0,,,,712.0,
2024-05-05 12:00:00,34.75,82.75,,,,,15.2,,32.8,0.15,1.62,,,,,29.02,39.0,,235.75,,,,711.25,
2024-05-05 13:00:00,31.0,75.5,,,,,16.08,,33.34,0.2,1.75,,,,,29.62,34.25,,209.5,,,,710.5,
2024-05-05 14:00:00,30.5,67.5,,,,,14.6,,32.16,0.15,1.52,,,,,30.28,30.25,,197.0,,,,709.75,
2024-05-05 15:00:00,30.5,73.0,,,,,15.5,,32.72,0.18,1.65,,,,,30.45,26.75,,218.5,,,,709.0,
2024-05-05 16:00:00,33.5,72.75,,,,,18.9,,32.47,0.2,2.1,,,,,30.7,24.5,,223.5,,,,709.0,
2024-05-05 17:00:00,30.0,97.0,,,,,20.4,,32.28,0.2,2.33,,,,,30.42,24.75,,233.5,,,,709.0,
2024-05-05 18:00:00,43.0,164.5,,,,,20.05,,32.86,0.2,2.25,,,,,28.95,32.0,,178.75,,,,709.75,
2024-05-05 19:00:00,70.0,270.5,,,,,22.62,,33.06,0.28,2.58,,,,,27.28,39.25,,170.75,,,,710.5,
2024-05-05 20:00:00,61.5,174.75,,,,,21.98,,33.09,0.22,2.52,,,,,26.92,39.5,,200.75,,,,711.0,
2024-05-05 21:00:00,60.75,169.5,,,,,22.62,,32.63,0.28,2.6,,,,,27.5,37.75,,194.5,,,,712.0,
2024-05-05 22:00:00,50.75,104.0,,,,,22.2,,33.16,0.25,2.52,,,,,27.52,38.75,,198.25,,,,712.25,
2024-05-05 23:00:00,36.75,79.0,,,,,21.52,,32.82,0.2,2.42,,,,,26.8,44.0,,191.75,,,,712.0,
2024-05-06 00:00:00,25.25,62.25,,,,,23.27,,32.86,0.27,2.67,,,,,26.12,52.0,,193.75,,,,712.0,
2024-05-06 01:00:00,30.25,48.0,,,,,16.07,,33.1,0.17,1.73,,,,,25.6,57.5,,190.25,,,,711.0,
2024-05-06 02:00:00,31.5,47.25,,,,,13.38,,33.46,0.15,1.42,,,,,25.42,61.5,,198.0,,,,711.0,
2024-05-06 03:00:00,25.0,46.75,,,,,9.68,,32.7,0.1,0.9,,,,,25.05,68.5,,211.0,,,,711.0,
2024-05-06 04:00:00,28.75,51.75,,,,,9.35,,32.7,0.1,0.88,,,,,24.55,75.5,,214.5,,,,711.25,
2024-05-06 05:00:00,31.0,49.5,,,,,9.68,,32.84,0.1,0.9,,,,,24.3,77.5,,219.75,,,,712.0,
2024-05-06 06:00:00,30.5,47.25,,,,,10.1,,32.68,0.1,0.95,,,,,24.15,78.0,,212.75,,,,712.25,
2024-05-06 07:00:00,30.0,56.75,,,,,11.5,,33.67,0.1,1.15,,,,,24.2,78.5,,208.0,,,,713.0,
2024-05-06 08:00:00,33.75,67.0,,,,,9.48,,32.88,0.1,0.88,,,,,24.8,74.25,,211.75,,,,713.5,
2024-05-06 09:00:00,35.5,70.0,,,,,9.65,,32.84,0.1,0.9,,,,,25.72,66.5,,224.75,,,,714.0,
2024-05-06 10:00:00,33.0,65.25,,,,,10.28,,32.75,0.1,1.0,,,,,29.8,59.75,,206.25,,,,713.75,
2024-05-06 11:00:00,31.75,82.5,,,,,9.75,,33.05,0.1,0.92,,,,,27.8,51.25,,216.75,,,,713.0,
2024-05-06 12:00:00,41.5,99.0,,,,,9.72,,32.87,0.1,0.9,,,,,28.8,45.25,,204.5,,,,712.25,
2024-05-06 13:00:00,56.25,111.75,,,,,11.2,,26.76,0.1,1.1,,,,,31.65,41.0,,209.75,,,,711.5,
2024-05-06 14:00:00,71.0,122.75,,,,,10.82,,34.58,0.1,1.08,,,,,30.18,39.0,,198.5,,,,710.25,
2024-05-06 15:00:00,102.25,120.75,,,,,13.92,,32.77,0.12,1.48,,,,,30.35,37.25,,217.75,,,,709.5,
2024-05-06 16:00:00,96.0,120.0,,,,,12.45,,31.39,0.1,1.27,,,,,30.15,38.5,,218.0,,,,709.0,
2024-05-06 17:00:00,91.5,137.5,22.3,,,,12.88,5.03,32.74,0.1,1.32,,,,,29.1,42.5,,177.0,,,,709.75,
2024-05-06 18:00:00,80.25,162.0,,9.6,4.1,,14.48,0.76,33.1,0.18,1.52,,,,,25.98,59.0,,169.75,,,,711.0,
2024-05-06 19:00:00,54.0,131.0,,7.62,4.43,3.3,15.98,0.75,32.98,0.2,1.72,,,,,24.72,69.0,,220.75,,,,711.0,
2024-05-06 20:00:00,35.5,55.5,0.2,7.65,3.88,2.95,15.9,0.74,32.96,0.2,1.72,,,,,24.8,64.25,,169.5,,,,711.25,
2024-05-06 21:00:00,36.75,79.0,,8.32,4.12,5.03,14.5,0.74,29.78,0.15,1.55,,,,,24.22,76.0,,125.0,,,,712.25,
2024-05-06 22:00:00,45.0,73.0,1.6,11.8,6.8,2.7,16.2,0.77,19.1,0.2,1.8,,,,,23.75,86.0,,118.0,,,,714.5,
2024-05-06 23:00:00,,,0.4,11.92,6.48,1.6,19.35,0.75,18.5,0.2,2.15,,,,,23.18,89.75,,131.0,,,,714.75,
2024-05-07 00:00:00,17.0,18.0,0.2,10.58,5.65,2.17,16.9,0.75,18.33,0.2,1.87,,,,,23.02,92.0,,113.5,,,,713.75,
2024-05-07 01:00:00,17.0,18.0,,11.02,5.55,1.65,15.83,0.73,17.99,0.2,1.7,,,,,22.92,91.75,,137.75,,,,713.0,
2024-05-07 02:00:00,,,,10.42,5.38,2.02,16.7,0.74,18.19,0.2,1.82,,,,,22.82,90.25,,164.25,,,,713.0,
2024-05-07 03:00:00,17.0,21.0,,10.38,5.15,2.17,18.38,0.75,18.22,0.2,2.02,,,,,23.5,76.5,,192.5,,,,713.0,
2024-05-07 04:00:00,17.0,21.0,,8.7,4.4,2.75,17.8,0.75,18.3,0.2,1.98,,,,,24.0,64.25,,212.25,,,,713.0,
2024-05-07 05:00:00,,,0.1,7.25,3.75,3.7,18.2,0.78,18.88,0.2,2.0,,,,,23.55,73.0,,225.0,,,,713.0,
2024-05-07 06:00:00,19.0,30.0,0.1,7.05,3.6,3.5,18.45,0.75,18.43,0.2,2.08,,,,,23.5,74.5,,236.0,,,,713.0,
2024-05-07 07:00:00,19.25,31.5,0.13,7.6,4.1,3.55,18.15,0.45,18.61,0.2,2.02,,,,,23.82,74.25,,235.0,,,,713.0,
2024-05-07 08:00:00,19.75,34.5,0.1,8.75,4.68,3.38,18.45,0.43,18.36,0.2,2.05,,,,,24.6,67.25,,215.25,,,,714.0,
2024-05-07 09:00:00,18.25,33.25,0.2,8.12,4.35,4.2,19.7,0.42,18.29,0.2,2.22,,,,,25.75,59.75,,186.5,,,,715.0,
2024-05-07 10:00:00,17.25,40.75,,8.57,4.42,4.12,19.9,0.43,18.41,0.2,2.22,,,,,26.32,56.25,,198.25,,,,715.0,
2024-05-07 11:00:00,20.5,37.25,0.1,8.07,4.3,4.62,22.82,0.42,17.97,0.25,2.62,,,,,27.35,50.25,,177.5,,,,714.75,
2024-05-07 12:00:00,17.25,43.75,0.23,10.32,5.6,4.3,20.85,0.44,18.66,0.2,2.35,,,,,28.2,42.0,,170.0,,,,713.75,
2024-05-07 13:00:00,14.25,33.0,0.1,7.32,3.92,5.1,22.32,0.42,18.23,0.28,2.58,,,,,28.68,41.5,,190.75,,,,713.0,
2024-05-07 14:00:00,22.0,30.5,0.4,6.52,3.38,5.55,22.9,0.42,18.29,0.25,2.6,,,,,29.5,39.25,,163.25,,,,712.0,
2024-05-07 15:00:00,25.5,37.75,6.1,8.55,6.43,4.2,22.02,0.42,18.22,0.22,2.52,,,,,29.88,38.0,,152.25,,,,711.25,
2024-05-07 16:00:00,26.25,54.25,,10.05,5.18,4.25,22.85,0.42,17.92,0.25,2.6,,,,,30.18,37.5,,130.25,,,,710.75,
2024-05-07 17:00:00,21.0,55.0,0.17,9.82,5.3,4.65,24.98,0.42,18.2,0.3,2.9,,,,,29.0,40.75,,198.5,,,,711.25,
2024-05-07 18:00:00,16.5,69.75,0.1,10.07,5.38,6.28,24.22,0.43,18.41,0.3,2.78,,,,,27.82,44.0,,197.5,,,,712.0,
2024-05-07 19:00:00,30.25,84.75,0.33,9.93,5.45,7.55,24.35,0.42,18.23,0.3,2.82,,,,,27.25,45.75,,201.25,,,,713.0,
2024-05-07 20:00:00,34.5,88.75,0.45,11.02,6.25,10.3,25.48,0.42,18.16,0.3,2.95,,,,,26.7,49.25,,197.0,,,,713.0,
2024-05-07 21:00:00,43.75,118.0,,13.3,7.05,6.25,26.35,0.42,18.13,0.3,3.08,,,,,26.42,53.75,,205.5,,,,714.0,
2024-05-07 22:00:00,42.0,108.75,0.28,12.5,6.9,4.8,28.38,0.44,18.47,0.3,3.35,,,,,26.15,55.25,,204.75,,,,714.0,
2024-05-07 23:00:00,46.0,92.75,0.27,9.95,5.42,3.62,25.4,0.42,18.26,0.3,2.95,,,,,25.85,62.0,,241.75,,,,714.25,
2024-05-08 00:00:00,40.0,47.0,0.52,9.05,5.28,4.78,23.87,0.43,16.31,0.3,2.77,,,,,25.48,70.75,,229.5,,,,714.0,
2024-05-08 01:00:00,37.5,45.5,0.3,8.85,4.8,6.28,14.73,0.42,14.6,0.13,1.57,,,,,25.3,72.5,,246.75,,,,713.75,
2024-05-08 02:00:00,28.25,40.75,0.25,8.6,4.62,6.3,13.78,0.42,14.54,0.12,1.45,,,,,25.12,73.75,,236.5,,,,713.5,
2024-05-08 03:00:00,22.0,39.5,0.4,8.3,4.53,6.32,11.45,0.44,14.73,0.1,1.12,,,,,24.98,75.0,,250.0,,,,713.0,
2024-05-08 04:00:00,20.5,37.5,0.42,6.8,3.95,6.82,11.1,0.43,14.71,0.1,1.1,,,,,24.98,75.5,,239.75,,,,713.25,
2024-05-08 05:00:00,26.75,38.5,0.55,6.62,3.95,7.18,10.07,0.42,14.49,0.1,0.98,,,,,24.72,77.5,,187.75,,,,714.0,
2024-05-08 06:00:00,29.0,40.0,0.68,6.48,4.0,7.92,9.68,0.42,14.68,0.1,0.9,,,,,22.98,85.25,,115.0,,,,715.0,
2024-05-08 07:00:00,20.0,22.0,0.5,6.72,4.0,9.18,8.85,0.43,14.74,0.1,0.8,,,,,23.0,87.75,,116.0,,,,715.25,
2024-05-08 08:00:00,8.0,34.0,0.2,8.05,4.32,9.57,9.02,0.42,14.41,0.1,0.82,,,,,24.08,78.0,,134.75,,,,716.0,
2024-05-08 09:00:00,10.25,38.5,0.43,8.65,4.95,9.05,9.6,0.44,14.87,0.1,0.92,,,,,25.8,63.75,,122.75,,,,716.0,
2024-05-08 10:00:00,19.25,50.5,0.4,9.28,5.22,7.9,10.95,0.43,14.66,0.1,1.1,,,,,26.28,61.0,,184.75,,,,715.0,
2024-05-08 11:00:00,27.0,49.5,0.32,8.9,5.0,8.78,12.52,0.42,14.47,0.1,1.27,,,,,27.08,56.0,,167.75,,,,714.25,
2024-05-08 12:00:00,30.25,55.75,0.3,13.8,7.4,7.15,10.25,0.42,14.24,0.1,1.0,,,,,27.75,50.75,,197.0,,,,713.25,
2024-05-08 13:00:00,26.5,42.75,0.3,21.35,11.32,4.2,6.58,0.42,14.56,0.1,0.52,,,,,28.48,45.25,,201.75,,,,711.75,
2024-05-08 14:00:00,14.25,43.25,0.62,14.7,8.32,6.28,7.0,0.44,15.19,0.1,0.57,,,,,28.8,43.25,,201.0,,,,711.0,
2024-05-08 15:00:00,21.25,48.25,0.42,8.82,5.05,7.9,9.82,0.43,14.76,0.1,0.92,,,,,28.9,42.75,,211.25,,,,710.25,
2024-05-08 16:00:00,32.75,57.75,0.13,9.3,4.97,9.0,11.0,0.42,20.57,0.1,1.08,,,,,28.78,43.0,,171.0,,,,710.0,
2024-05-08 17:00:00,36.75,75.75,0.57,9.9,5.75,9.38,8.55,0.42,22.0,0.1,0.8,,,,,26.67,55.75,,166.0,,,,710.75,
2024-05-08 18:00:00,33.0,78.0,0.67,10.12,5.85,8.57,10.5,0.42,21.85,0.1,1.03,,,,,23.22,80.0,,204.75,,,,711.25,
2024-05-08 19:00:00,,,0.4,9.78,5.52,9.75,11.82,0.43,22.0,0.1,1.2,,,,,24.08,71.0,,196.25,,,,712.0,
2024-05-08 20:00:00,31.0,48.0,0.7,8.68,5.18,11.65,11.2,0.42,21.68,0.1,1.12,,,,,24.25,67.5,,147.75,,,,712.25,
2024-05-08 21:00:00,31.0,56.25,0.72,10.42,6.12,11.95,14.22,0.43,21.9,0.15,1.5,,,,,24.55,67.25,,118.0,,,,713.0,
2024-05-08 22:00:00,30.5,80.0,0.65,11.72,6.78,12.0,16.42,0.42,22.03,0.2,1.8,,,,,24.65,67.0,,229.25,,,,713.25,
2024-05-08 23:00:00,27.75,71.25,0.38,11.22,6.3,9.62,16.42,0.44,22.25,0.2,1.78,,,,,24.55,66.75,,190.0,,,,713.0,
2024-05-09 00:00:00,25.0,54.25,0.6,11.32,6.48,8.4,13.0,0.44,22.12,0.1,1.33,,,,,24.58,69.75,,237.75,,,,712.25,
2024-05-09 01:00:00,29.0,53.75,0.6,11.15,6.42,8.22,13.73,0.43,22.22,0.1,1.43,,,,,24.4,73.0,,212.75,,,,712.0,
2024-05-09 02:00:00,33.0,48.5,0.35,11.38,6.32,8.02,14.92,0.43,22.16,0.18,1.6,,,,,24.35,74.0,,172.75,,,,711.75,
2024-05-09 03:00:00,33.0,43.0,0.5,11.12,6.3,6.98,14.92,0.42,21.94,0.2,1.6,,,,,24.48,73.25,,189.75,,,,711.0,
2024-05-09 04:00:00,24.0,40.75,0.32,10.1,5.65,7.42,13.88,0.43,21.86,0.15,1.45,,,,,24.2,72.5,,242.5,,,,711.75,
2024-05-09 05:00:00,24.0,44.5,0.42,9.65,5.5,7.85,13.7,0.43,22.02,0.1,1.42,,,,,23.75,74.25,,229.25,,,,712.0,
2024-05-09 06:00:00,25.75,57.25,0.32,11.58,6.4,9.45,14.1,0.43,22.0,0.15,1.5,,,,,23.7,75.25,,269.75,,,,712.75,
2024-05-09 07:00:00,30.25,77.5,0.4,10.38,5.85,8.73,13.52,0.44,22.46,0.12,1.4,,,,,24.42,70.0,,256.75,,,,713.25,
2024-05-09 08:00:00,30.75,64.75,0.35,10.35,5.78,8.48,12.2,0.42,21.94,0.1,1.23,,,,,25.18,66.25,,201.25,,,,714.0,
2024-05-09 09:00:00,39.0,71.25,0.48,10.75,6.15,8.65,13.55,0.42,21.98,0.1,1.42,,,,,26.45,59.5,,169.0,,,,714.0,
2024-05-09 10:00:00,41.25,84.5,0.55,11.35,6.45,8.38,12.7,0.42,21.97,0.1,1.32,,,,,27.05,55.5,,212.0,,,,714.0,
2024-05-09 11:00:00,45.75,84.5,0.4,11.05,6.2,8.38,15.45,0.42,21.57,0.2,1.68,,,,,27.17,54.5,,178.25,,,,713.25,
2024-05-09 12:00:00,40.25,84.0,0.4,14.18,7.75,7.75,13.95,0.41,21.03,0.15,1.48,,,,,27.88,49.5,,206.25,,,,712.5,
2024-05-09 13:00:00,44.5,96.0,0.2,23.62,12.4,5.32,10.6,0.42,21.68,0.1,1.05,,,,,28.85,43.75,,191.0,,,,711.5,
2024-05-09 14:00:00,41.0,91.5,0.4,23.95,13.08,5.08,7.2,0.44,22.5,0.1,0.57,,,,,29.75,38.75,,193.75,,,,710.75,
2024-05-09 15:00:00,29.25,81.0,0.57,13.75,7.78,8.4,7.5,0.45,22.77,0.1,0.65,,,,,29.9,37.0,,159.25,,,,710.0,
2024-05-09 16:00:00,42.25,95.25,0.27,11.68,6.38,8.45,6.58,0.42,21.9,0.1,0.55,,,,,28.85,44.25,,182.25,,,,709.5,
2024-05-09 17:00:00,51.5,114.25,0.35,11.78,6.58,9.07,6.9,0.43,21.9,0.1,0.55,,,,,28.18,46.25,,169.25,,,,710.0,
2024-05-09 18:00:00,52.0,129.25,0.45,12.55,7.05,10.07,7.78,0.44,22.09,0.1,0.65,,,,,27.58,48.5,,155.25,,,,710.25,
2024-05-09 19:00:00,57.0,136.0,0.62,13.28,7.6,9.15,8.08,0.42,21.82,0.1,0.7,,,,,26.82,55.5,,184.5,,,,711.0,
2024-05-09 20:00:00,50.75,100.75,0.52,11.0,6.28,8.77,8.25,0.42,21.99,0.1,0.72,,,,,25.3,70.25,,225.5,,,,712.5,
2024-05-09 21:00:00,38.0,66.0,0.55,9.6,5.55,8.43,8.18,0.42,21.74,0.1,0.72,,,,,23.48,84.5,,231.0,,,,713.5,
2024-05-09 22:00:00,28.0,34.0,0.4,9.52,5.4,9.12,5.2,0.43,21.96,0.1,0.43,,,,,23.15,87.25,,187.0,,,,714.0,
2024-05-09 23:00:00,25.0,28.0,0.6,9.5,5.55,9.6,7.85,0.44,22.24,0.1,0.65,,,,,23.45,89.5,,146.0,,,,714.0,
2024-05-10 00:00:00,34.0,48.0,0.9,9.18,5.62,8.65,17.2,0.44,22.38,0.2,1.9,,,,,23.58,91.5,,229.0,,,,713.25,
2024-05-10 01:00:00,34.0,49.5,0.68,10.68,6.2,8.7,17.0,0.44,22.24,0.2,1.87,,,,,23.72,92.0,,243.75,,,,713.0,
2024-05-10 02:00:00,33.25,52.5,0.55,10.98,6.25,7.72,16.2,0.42,21.88,0.2,1.75,,,,,23.82,92.0,,74.0,,,,713.0,
2024-05-10 03:00:00,28.25,42.75,0.5,11.25,6.35,7.0,16.55,0.42,21.73,0.2,1.82,,,,,23.68,91.75,,110.0,,,,712.5,
2024-05-10 04:00:00,21.75,30.0,0.65,11.02,6.38,6.82,17.55,0.41,21.26,0.2,1.92,,,,,23.7,90.25,,191.75,,,,712.25,
2024-05-10 05:00:00,27.5,38.25,0.42,14.9,8.28,5.72,17.77,0.42,21.93,0.2,1.95,,,,,23.88,87.75,,191.0,,,,713.0,
2024-05-10 06:00:00,30.75,40.75,0.38,13.1,7.28,6.82,18.0,0.42,21.95,0.2,1.98,,,,,23.68,86.0,,192.25,,,,713.75,
2024-05-10 07:00:00,34.25,53.5,0.6,11.22,6.45,7.6,18.8,0.44,22.58,0.2,2.1,,,,,23.8,81.5,,195.25,,,,714.5,
2024-05-10 08:00:00,28.75,47.25,0.55,9.32,5.38,8.38,16.98,0.42,21.76,0.2,1.88,,,,,24.05,79.0,,199.25,,,,715.0,
2024-05-10 09:00:00,27.75,41.5,0.72,9.78,5.78,8.1,16.18,0.43,22.14,0.2,1.72,,,,,24.55,75.0,,209.25,,,,716.0,
2024-05-10 10:00:00,26.0,39.75,0.62,10.02,5.82,7.8,15.52,0.42,21.73,0.2,1.65,,,,,25.05,72.25,,210.75,,,,715.75,
2024-05-10 11:00:00,25.75,42.0,0.7,10.02,5.93,8.05,15.28,0.42,21.82,0.18,1.62,,,,,25.98,66.5,,226.5,,,,714.75,
2024-05-10 12:00:00,35.0,53.5,0.45,9.12,5.22,8.9,17.05,0.42,21.85,0.2,1.85,,,,,26.88,60.75,,201.0,,,,713.75,
2024-05-10 13:00:00,37.0,63.0,0.45,9.2,5.28,9.57,16.2,0.42,21.82,0.2,1.78,,,,,27.92,51.5,,182.25,,,,712.75,
2024-05-10 14:00:00,35.75,71.5,0.57,9.88,5.7,9.62,19.18,0.42,21.79,0.2,2.15,,,,,28.68,46.25,,173.5,,,,711.5,
2024-05-10 15:00:00,40.75,84.25,0.62,10.25,5.95,9.88,21.33,0.42,21.68,0.22,2.45,,,,,29.42,42.0,,149.5,,,,710.25,
2024-05-10 16:00:00,41.0,107.25,0.5,12.25,6.85,10.62,17.27,0.42,21.76,0.2,1.9,,,,,28.48,45.5,,138.75,,,,710.5,
2024-05-10 17:00:00,42.25,124.25,0.7,14.02,8.02,11.4,18.2,0.43,21.97,0.2,2.03,,,,,26.35,56.75,,150.25,,,,710.75,
2024-05-10 18:00:00,40.25,116.0,0.6,15.72,8.9,14.18,21.5,0.42,21.56,0.22,2.45,,,,,26.35,56.0,,205.75,,,,711.25,
2024-05-10 19:00:00,48.25,131.0,0.4,19.18,10.4,11.15,22.75,0.42,21.86,0.3,2.62,,,,,26.25,57.75,,131.0,,,,712.25,
2024-05-10 20:00:00,43.75,115.0,0.45,16.38,9.05,8.38,23.68,0.4,20.87,0.3,2.72,,,,,25.85,57.75,,145.0,,,,713.0,
2024-05-10 21:00:00,42.5,92.0,0.37,22.88,12.42,6.12,21.68,0.43,22.14,0.22,2.5,,,,,25.78,61.5,,145.5,,,,713.75,
2024-05-10 22:00:00,30.75,80.0,0.3,29.75,16.0,3.2,18.82,0.43,21.95,0.2,2.1,,,,,25.58,66.25,,162.5,,,,714.75,
2024-05-10 23:00:00,27.75,59.25,0.6,18.4,10.28,5.52,14.15,0.45,23.05,0.1,1.5,,,,,25.02,70.25,,198.75,,,,715.25,
2024-05-11 00:00:00,25.0,42.5,0.68,10.45,6.08,7.32,13.9,0.43,22.1,0.13,1.43,,,,,22.9,85.5,,223.5,,,,715.5,
2024-05-11 01:00:00,10.25,16.0,0.88,10.55,6.32,7.52,10.6,0.42,21.59,0.1,1.0,,,,,23.02,89.0,,209.75,,,,713.5,
2024-05-11 02:00:00,10.75,12.5,0.8,10.6,6.3,7.62,10.78,0.42,21.78,0.1,1.05,,,,,22.9,89.0,,261.25,,,,713.75,
2024-05-11 03:00:00,10.0,11.0,0.75,10.7,6.3,7.72,13.25,0.42,21.78,0.1,1.4,,,,,22.8,89.25,,204.25,,,,713.0,
2024-05-11 04:00:00,,,0.7,11.28,6.58,7.5,13.45,0.42,21.66,0.12,1.4,,,,,22.92,89.0,,177.25,,,,713.0,
2024-05-11 05:00:00,,,0.62,12.98,7.38,7.5,15.35,0.43,22.05,0.18,1.65,,,,,23.18,89.0,,163.25,,,,713.25,
2024-05-11 06:00:00,18.0,39.0,0.45,11.48,6.48,9.17,13.2,0.44,22.09,0.1,1.4,,,,,23.18,88.25,,208.25,,,,714.5,
2024-05-11 07:00:00,18.5,36.75,0.62,9.9,5.78,8.85,14.1,0.43,22.0,0.12,1.5,,,,,23.62,83.25,,199.5,,,,715.0,
2024-05-11 08:00:00,19.25,31.75,0.8,9.62,5.78,8.45,13.42,0.42,21.74,0.12,1.38,,,,,24.8,70.75,,195.25,,,,715.25,
2024-05-11 09:00:00,16.5,34.75,0.72,10.45,6.15,7.82,11.22,0.42,22.04,0.1,1.12,,,,,25.78,66.5,,184.25,,,,715.75,
2024-05-11 10:00:00,15.0,28.0,0.55,10.9,6.25,7.95,8.57,0.41,20.9,0.1,1.15,,,,,26.77,58.33,,193.0,,,,715.0,
2024-05-11 11:00:00,31.0,60.0,0.82,10.85,6.42,8.7,12.93,0.44,22.35,0.1,1.33,,,,,27.75,52.75,,160.0,,,,715.0,
2024-05-11 12:00:00,32.0,62.75,0.68,10.92,6.38,9.38,12.1,0.43,22.08,0.1,1.23,,,,,28.22,49.5,,158.75,,,,714.25,
2024-05-11 13:00:00,37.25,73.25,0.7,10.18,5.98,9.7,12.95,0.42,21.86,0.1,1.32,,,,,28.75,45.0,,164.75,,,,713.25,
2024-05-11 14:00:00,40.25,80.0,0.6,10.52,6.1,9.78,12.35,0.42,21.79,0.1,1.25,,,,,28.98,42.25,,127.5,,,,712.25,
2024-05-11 15:00:00,33.75,83.0,0.75,11.08,6.48,10.2,13.68,0.42,21.58,0.12,1.45,,,,,29.62,39.0,,94.5,,,,712.0,
2024-05-11 16:00:00,44.25,94.25,0.2,12.65,6.9,9.98,13.38,0.42,21.82,0.1,1.38,,,,,29.22,40.25,,112.0,,,,711.25,
2024-05-11 17:00:00,33.75,103.75,0.57,14.38,8.1,9.8,12.75,0.42,21.87,0.1,1.3,,,,,28.42,43.0,,129.0,,,,711.25,
2024-05-11 18:00:00,39.0,112.0,1.05,14.7,8.65,10.35,14.9,0.42,21.92,0.15,1.6,,,,,27.4,47.5,,155.0,,,,712.0,
2024-05-11 19:00:00,48.5,114.25,0.78,16.27,9.3,9.98,17.15,0.42,21.8,0.2,1.88,,,,,26.78,54.75,,208.75,,,,713.25,
2024-05-11 20:00:00,47.25,106.0,0.82,15.08,8.65,7.68,17.83,0.43,21.99,0.2,1.98,,,,,26.35,60.75,,192.75,,,,714.0,
2024-05-11 21:00:00,35.0,59.0,0.88,11.72,6.92,7.95,16.92,0.42,21.78,0.2,1.82,,,,,26.02,62.75,,196.25,,,,715.0,
2024-05-11 22:00:00,22.5,53.75,1.05,11.45,6.9,8.22,16.4,0.42,21.77,0.2,1.78,,,,,25.85,62.75,,202.0,,,,715.0,
2024-05-11 23:00:00,21.25,53.0,0.7,11.5,6.68,8.1,16.6,0.42,22.08,0.2,1.8,,,,,25.6,64.0,,197.0,,,,715.0,
2024-05-12 00:00:00,24.5,44.75,0.92,11.32,6.78,7.93,14.83,0.42,21.82,0.2,1.57,,,,,25.28,68.0,,197.75,,,,714.75,
2024-05-12 01:00:00,32.0,47.0,0.93,11.8,7.0,7.57,15.3,0.45,23.08,0.15,1.6,,,,,24.7,75.67,,192.67,,,,714.0,
2024-05-12 02:00:00,19.0,38.0,0.88,12.02,7.1,7.38,16.58,0.44,22.44,0.2,1.82,,,,,24.6,76.0,,203.25,,,,714.0,
2024-05-12 03:00:00,21.25,36.0,1.25,12.32,7.55,7.08,19.55,0.42,21.98,0.2,2.2,,,,,24.42,77.0,,203.0,,,,713.0,
2024-05-12 04:00:00,26.5,29.25,1.0,12.62,7.52,7.08,19.0,0.42,21.64,0.2,2.12,,,,,24.35,77.0,,191.0,,,,713.25,
2024-05-12 05:00:00,22.5,28.25,0.92,11.05,6.62,7.7,18.2,0.42,21.65,0.2,2.0,,,,,24.32,77.5,,210.5,,,,714.0,
2024-05-12 06:00:00,24.5,34.0,1.02,11.62,7.0,7.72,19.62,0.43,21.86,0.2,2.2,,,,,24.25,78.25,,198.25,,,,714.5,
2024-05-12 07:00:00,26.0,40.0,1.1,9.8,6.1,8.7,12.5,0.44,23.22,0.1,1.3,,,,,24.55,77.5,,197.5,,,,715.5,
2024-05-12 08:00:00,21.0,53.0,0.7,10.62,6.28,8.62,14.75,0.43,27.53,0.18,1.58,,,,,25.02,74.0,,224.25,,,,716.0,
2024-05-12 09:00:00,20.25,52.5,0.88,11.88,7.05,7.98,13.22,0.42,27.39,0.1,1.38,,,,,25.92,66.75,,244.5,,,,716.0,
2024-05-12 10:00:00,24.0,56.25,0.57,12.75,7.25,7.9,15.45,0.42,27.37,0.2,1.65,,,,,26.42,62.5,,205.0,,,,716.0,
2024-05-12 11:00:00,42.5,71.25,0.88,12.32,7.25,8.4,18.7,0.42,27.57,0.2,2.08,,,,,27.38,55.75,,213.5,,,,715.0,
2024-05-12 12:00:00,43.75,72.0,0.57,12.4,7.12,9.1,16.55,0.43,27.51,0.2,1.82,,,,,27.98,51.25,,181.75,,,,714.5,
2024-05-12 13:00:00,41.5,81.25,0.78,12.12,7.1,9.2,19.83,0.42,27.3,0.2,2.22,,,,,28.68,45.5,,199.25,,,,713.0,
2024-05-12 14:00:00,36.25,87.75,0.55,11.95,6.8,9.6,16.68,0.42,27.03,0.2,1.82,,,,,29.42,41.25,,174.25,,,,711.75,
2024-05-12 15:00:00,33.75,100.5,0.55,13.58,7.65,8.25,17.55,0.43,27.57,0.2,1.92,,,,,28.55,46.0,,194.75,,,,710.75,
2024-05-12 16:00:00,33.5,85.25,0.85,13.3,7.78,8.07,17.68,0.42,27.17,0.2,1.98,,,,,25.82,65.5,,181.0,,,,711.25,
2024-05-12 17:00:00,32.25,67.75,0.68,13.4,7.68,11.75,14.98,0.42,27.41,0.18,1.6,,,,,23.22,85.25,,248.5,,,,711.0,
2024-05-12 18:00:00,24.25,33.25,0.62,15.98,9.02,10.1,19.27,0.42,27.14,0.2,2.12,,,,,23.88,85.5,,176.25,,,,712.75,
2024-05-12 19:00:00,25.0,40.0,0.52,15.35,8.6,9.18,21.55,0.42,27.46,0.22,2.48,,,,,24.18,77.0,,218.75,,,,713.0,
2024-05-12 20:00:00,25.25,45.25,0.62,15.72,8.85,10.02,22.2,0.42,27.48,0.28,2.55,,,,,24.22,76.25,,216.5,,,,713.5,
2024-05-12 21:00:00,29.25,68.0,0.7,15.65,8.9,11.6,20.38,0.4,25.82,0.2,2.3,,,,,24.42,72.75,,300.5,,,,714.0,
2024-05-12 22:00:00,38.25,88.0,0.57,23.48,12.95,8.65,20.75,0.44,27.92,0.2,2.38,,,,,24.48,74.5,,246.0,,,,714.25,
2024-05-12 23:00:00,37.5,83.5,0.45,31.65,17.23,4.23,19.4,0.44,27.77,0.2,2.15,,,,,24.82,75.25,,131.75,,,,714.0,
2024-05-13 00:00:00,42.0,79.0,0.57,23.5,12.97,4.27,18.07,0.45,28.6,0.2,1.97,,,,,24.83,77.0,,99.0,,,,714.0,
2024-05-13 01:00:00,42.0,79.0,,,,,,0.49,31.36,,,,,,,22.6,84.0,,178.0,,,,713.0,
2024-05-13 02:00:00,17.0,26.0,0.4,11.78,6.22,7.98,37.9,0.45,28.76,0.4,4.57,,,,,22.75,86.75,,244.5,,,,713.0,
2024-05-13 03:00:00,16.5,26.25,0.57,13.95,7.9,7.45,39.45,0.42,27.42,0.4,4.8,,,,,23.18,89.0,,200.5,,,,713.0,
2024-05-13 04:00:00,17.0,26.25,0.88,14.52,8.43,7.3,38.3,0.42,27.38,0.4,4.62,,,,,23.48,90.0,,263.25,,,,713.5,
2024-05-13 05:00:00,21.25,24.75,0.52,14.75,8.25,7.5,38.38,0.43,27.32,0.4,4.62,,,,,23.58,90.0,,282.0,,,,714.0,
2024-05-13 06:00:00,17.0,29.75,0.8,15.95,9.15,8.07,39.25,0.4,25.64,0.4,4.75,,,,,23.62,90.0,,281.25,,,,714.0,
2024-05-13 07:00:00,21.0,41.75,0.55,22.3,12.32,6.72,36.33,0.45,28.5,0.4,4.35,,,,,24.1,89.75,,276.5,,,,715.0,
2024-05-13 08:00:00,23.75,51.25,0.65,16.77,9.43,8.15,38.75,0.44,28.51,0.4,4.68,,,,,24.75,84.5,,216.0,,,,715.0,
2024-05-13 09:00:00,27.0,53.75,0.6,14.55,8.2,10.75,40.67,0.43,27.7,0.45,4.92,,,,,25.52,73.0,,197.75,,,,715.0,
2024-05-13 10:00:00,38.75,80.25,0.5,16.42,9.12,11.35,38.92,0.42,27.39,0.4,4.72,,,,,26.45,65.75,,179.0,,,,715.0,
2024-05-13 11:00:00,36.25,87.75,0.53,18.1,9.98,10.77,38.67,0.42,27.28,0.4,4.68,,,,,27.1,60.75,,156.25,,,,714.5,
2024-05-13 12:00:00,32.5,80.25,0.45,18.27,10.07,10.0,40.17,0.43,27.64,0.45,4.85,,,,,27.58,56.5,,129.25,,,,713.5,
2024-05-13 13:00:00,37.75,81.0,0.4,18.35,10.07,10.1,40.92,0.43,27.34,0.5,4.95,,,,,28.18,52.0,,142.5,,,,712.25,
2024-05-13 14:00:00,38.75,90.25,0.27,20.6,11.12,9.1,42.6,0.43,27.42,0.5,5.18,,,,,28.32,49.0,,153.75,,,,711.0,
2024-05-13 15:00:00,34.25,88.5,0.38,18.15,9.95,9.85,41.75,0.43,27.29,0.45,5.08,,,,,28.65,47.5,,136.25,,,,710.75,
2024-05-13 16:00:00,31.75,83.25,0.42,18.25,10.02,10.48,40.92,0.42,27.29,0.48,4.97,,,,,28.82,46.0,,140.0,,,,710.0,
2024-05-13 17:00:00,33.25,92.75,0.2,19.42,10.5,10.25,42.22,0.42,26.9,0.5,5.12,,,,,28.68,45.5,,194.25,,,,711.0,
2024-05-13 18:00:00,39.25,109.25,0.3,22.02,11.95,13.6,42.08,0.42,27.41,0.48,5.12,,,,,27.38,52.25,,216.0,,,,711.25,
2024-05-13 19:00:00,39.5,130.75,0.57,23.72,12.92,11.72,42.05,0.42,27.09,0.5,5.1,,,,,26.42,56.5,,143.5,,,,712.0,
2024-05-13 20:00:00,40.75,97.5,0.35,21.55,11.75,7.62,42.55,0.42,27.32,0.5,5.15,,,,,24.32,74.0,,186.25,,,,712.5,
2024-05-13 21:00:00,21.5,28.0,0.25,19.35,10.48,7.62,40.85,0.42,27.24,0.45,4.97,,,,,24.75,72.0,,201.25,,,,713.25,
2024-05-13 22:00:00,21.5,33.75,0.3,17.12,9.28,8.28,43.58,0.42,27.36,0.5,5.3,,,,,24.9,70.75,,182.75,,,,714.0,
2024-05-13 23:00:00,22.75,38.75,0.35,16.02,8.65,8.02,43.28,0.42,27.16,0.5,5.28,,,,,23.75,78.25,,129.0,,,,714.0,
2024-05-14 00:00:00,11.75,26.5,0.25,15.45,8.28,7.45,43.17,0.43,27.68,0.5,5.23,,,,,22.58,86.5,,131.5,,,,714.0,
2024-05-14 01:00:00,8.75,18.5,0.27,14.98,8.12,7.8,19.4,0.42,27.22,0.23,2.17,,,,,22.68,89.0,,160.0,,,,713.5,
2024-05-14 02:00:00,11.0,17.0,0.13,14.88,7.98,7.68,12.48,0.43,27.46,0.1,1.3,,,,,22.35,90.25,,192.75,,,,713.0,
2024-05-14 03:00:00,7.0,9.0,0.27,15.55,8.4,7.52,14.85,0.42,27.28,0.18,1.58,,,,,22.4,91.5,,259.5,,,,712.75,
2024-05-14 04:00:00,8.75,10.75,0.45,15.75,8.72,7.68,15.95,0.42,27.18,0.2,1.7,,,,,22.65,92.25,,191.5,,,,713.0,
2024-05-14 05:00:00,14.0,16.0,0.48,15.98,8.88,8.05,15.3,0.42,27.3,0.2,1.65,,,,,22.88,93.0,,196.5,,,,713.0,
2024-05-14 06:00:00,26.0,28.0,0.35,16.12,8.72,8.32,17.48,0.42,26.94,0.2,1.92,,,,,22.72,93.0,,224.25,,,,713.0,
2024-05-14 07:00:00,23.75,31.0,0.17,16.65,8.93,9.28,17.35,0.44,27.63,0.2,1.92,,,,,23.12,92.25,,246.5,,,,713.75,
2024-05-14 08:00:00,20.5,43.25,0.1,16.92,9.02,11.6,18.05,0.43,27.7,0.2,2.0,,,,,23.82,91.5,,129.25,,,,714.5,
2024-05-14 09:00:00,32.0,56.0,0.35,17.52,9.6,9.52,16.42,0.43,27.47,0.2,1.8,,,,,25.0,83.5,,187.25,,,,715.0,
2024-05-14 10:00:00,36.25,67.0,0.33,17.0,9.25,9.2,15.25,0.42,27.54,0.2,1.65,,,,,26.48,64.5,,187.25,,,,715.0,
2024-05-14 11:00:00,38.0,73.5,0.1,18.5,9.82,9.55,14.88,0.42,27.26,0.2,1.55,,,,,26.7,63.25,,179.75,,,,714.5,
2024-05-14 12:00:00,30.5,76.0,0.3,18.02,9.85,8.3,16.23,0.42,27.32,0.2,1.75,,,,,27.1,58.0,,146.5,,,,713.75,
2024-05-14 13:00:00,27.5,76.5,0.22,17.02,9.22,9.48,15.18,0.42,27.18,0.15,1.6,,,,,28.48,46.0,,142.75,,,,712.5,
2024-05-14 14:00:00,31.25,67.75,0.2,17.77,9.45,9.5,16.2,0.42,27.12,0.2,1.72,,,,,29.2,41.75,,146.5,,,,712.0,
2024-05-14 15:00:00,30.75,63.25,0.2,16.25,8.62,10.32,17.5,0.43,27.61,0.2,1.95,,,,,29.38,40.75,,139.25,,,,711.0,
2024-05-14 16:00:00,34.0,66.0,0.1,16.73,8.9,11.0,15.02,0.43,27.44,0.2,1.6,,,,,29.1,42.0,,117.25,,,,710.5,
2024-05-14 17:00:00,29.5,86.5,0.15,17.88,9.62,11.48,14.88,0.43,27.44,0.2,1.58,,,,,27.55,47.5,,167.5,,,,711.0,
2024-05-14 18:00:00,35.25,101.25,,18.6,9.83,9.7,14.92,0.42,27.11,0.18,1.6,,,,,26.88,53.5,,210.5,,,,712.0,
2024-05-14 19:00:00,41.25,102.25,0.3,20.95,11.2,12.98,16.75,0.42,27.23,0.18,1.82,,,,,26.48,56.5,,181.75,,,,712.5,
2024-05-14 20:00:00,45.75,114.25,0.1,23.58,12.52,9.4,20.62,0.42,27.38,0.2,2.33,,,,,25.98,61.75,,204.25,,,,713.75,
2024-05-14 21:00:00,39.75,84.75,0.25,20.48,11.0,7.1,18.95,0.43,27.61,0.2,2.1,,,,,25.4,68.0,,168.75,,,,714.5,
2024-05-14 22:00:00,37.25,56.5,0.32,18.45,10.05,7.48,19.8,0.42,27.53,0.2,2.25,,,,,25.08,69.5,,140.75,,,,714.5,
2024-05-14 23:00:00,25.0,55.75,0.5,16.88,9.05,7.6,18.02,0.43,27.43,0.2,2.0,,,,,24.85,71.75,,143.5,,,,714.25,
2024-05-15 00:00:00,28.5,55.0,0.1,17.05,9.07,7.28,17.65,0.44,27.72,0.2,1.92,,,,,24.6,73.75,,145.25,,,,714.0,
2024-05-15 01:00:00,22.5,48.0,0.25,15.38,8.38,7.72,13.03,0.44,27.82,0.1,1.33,,,,,24.45,75.5,,173.25,,,,713.5,
2024-05-15 02:00:00,26.75,51.25,0.15,14.92,8.07,7.72,11.5,0.42,27.46,0.1,1.12,,,,,24.38,76.5,,189.75,,,,713.0,
2024-05-15 03:00:00,28.0,44.25,0.12,16.25,8.73,7.22,10.15,0.43,27.7,0.1,0.98,,,,,24.12,79.75,,200.75,,,,713.0,
2024-05-15 04:00:00,33.5,47.0,0.18,16.73,9.05,6.98,10.25,0.43,27.41,0.1,0.98,,,,,23.95,80.5,,203.75,,,,713.0,
2024-05-15 05:00:00,32.75,46.5,0.1,16.73,8.88,7.22,11.12,0.42,27.34,0.1,1.1,,,,,23.82,81.0,,207.0,,,,713.75,
2024-05-15 06:00:00,33.75,54.25,0.1,16.68,8.8,7.45,12.25,0.42,27.34,0.1,1.25,,,,,23.82,81.0,,200.0,,,,714.25,
2024-05-15 07:00:00,31.25,55.5,0.1,14.5,7.68,8.55,11.8,0.42,27.28,0.1,1.2,,,,,24.15,78.0,,225.0,,,,715.0,
2024-05-15 08:00:00,33.5,54.0,0.1,14.4,7.6,8.55,10.42,0.43,27.54,0.1,0.98,,,,,24.6,74.75,,231.25,,,,715.0,
2024-05-15 09:00:00,28.25,47.5,,14.35,7.52,8.45,11.28,0.42,27.26,0.1,1.12,,,,,25.08,71.5,,236.5,,,,715.0,
2024-05-15 10:00:00,27.75,55.5,,14.55,7.58,8.4,11.68,0.42,27.44,0.1,1.15,,,,,25.78,66.5,,210.5,,,,714.5,
2024-05-15 11:00:00,35.0,62.75,,15.52,8.1,9.8,9.38,0.42,27.5,0.1,0.88,,,,,27.0,58.0,,205.25,,,,714.0,
2024-05-15 12:00:00,39.5,84.75,0.18,16.4,8.88,10.3,12.2,0.42,27.54,0.1,1.23,,,,,27.9,48.5,,121.75,,,,713.5,
2024-05-15 13:00:00,36.0,96.25,0.2,16.92,9.12,9.9,11.32,0.44,27.75,0.1,1.12,,,,,28.5,45.75,,146.5,,,,712.75,
2024-05-15 14:00:00,39.75,87.5,0.1,17.53,9.3,9.88,11.52,0.42,27.51,0.1,1.15,,,,,28.62,44.25,,141.5,,,,712.0,
2024-05-15 15:00:00,41.25,90.5,0.1,16.3,8.7,10.38,13.82,0.42,27.26,0.15,1.45,,,,,29.32,40.75,,122.75,,,,711.0,
2024-05-15 16:00:00,44.5,105.5,0.23,16.15,8.7,11.45,13.48,0.42,27.19,0.1,1.42,,,,,29.32,39.5,,98.75,,,,711.0,
2024-05-15 17:00:00,56.0,113.5,,18.32,9.65,11.5,15.58,0.42,27.16,0.15,1.68,,,,,28.52,43.0,,119.5,,,,711.0,
2024-05-15 18:00:00,43.5,126.75,0.15,20.08,10.7,14.15,17.45,0.43,27.53,0.2,1.92,,,,,27.2,48.25,,129.0,,,,712.0,
2024-05-15 19:00:00,47.75,126.75,0.13,21.68,11.6,11.9,14.98,0.44,27.63,0.15,1.58,,,,,26.72,50.75,,185.75,,,,712.75,
2024-05-15 20:00:00,38.0,103.25,0.2,22.5,11.88,11.28,14.7,0.43,27.38,0.18,1.55,,,,,26.4,52.25,,147.0,,,,713.5,
2024-05-15 21:00:00,36.25,103.25,0.1,21.48,11.42,9.7,14.65,0.42,27.36,0.15,1.55,,,,,26.38,52.75,,114.0,,,,714.25,
2024-05-15 22:00:00,31.0,90.5,0.2,20.58,11.1,7.72,14.72,0.43,27.51,0.15,1.58,,,,,26.1,60.25,,122.75,,,,715.0,
2024-05-15 23:00:00,29.75,78.5,0.1,17.38,9.3,7.48,15.82,0.42,27.39,0.2,1.72,,,,,25.48,70.75,,144.0,,,,715.0,
2024-05-16 00:00:00,24.75,52.25,0.15,16.4,8.75,7.28,17.15,0.42,27.55,0.2,1.9,,,,,25.02,76.5,,157.25,,,,714.25,
2024-05-16 01:00:00,21.5,40.0,0.13,15.68,8.38,7.38,15.63,0.43,27.49,0.2,1.7,,,,,24.82,79.25,,156.5,,,,714.0,
2024-05-16 02:00:00,21.5,32.25,0.17,15.32,8.25,7.32,15.02,0.44,27.58,0.18,1.6,,,,,24.38,73.5,,126.25,,,,713.75,
2024-05-16 03:00:00,17.0,18.0,0.1,16.65,8.9,6.85,13.78,0.42,26.99,0.12,1.48,,,,,24.12,73.75,,156.25,,,,713.0,
2024-05-16 04:00:00,19.0,30.0,0.12,17.27,9.28,7.0,15.15,0.42,27.47,0.18,1.62,,,,,24.02,78.75,,187.5,,,,713.0,
2024-05-16 05:00:00,19.0,30.0,,17.15,9.02,6.82,13.98,0.42,27.36,0.1,1.48,,,,,23.9,82.0,,214.75,,,,713.0,
2024-05-16 06:00:00,23.0,35.0,,16.92,8.9,7.22,13.45,0.44,27.86,0.12,1.4,,,,,24.08,81.0,,216.75,,,,714.0,
2024-05-16 07:00:00,25.75,40.25,0.2,14.75,7.92,8.2,15.12,0.42,27.29,0.2,1.6,,,,,24.22,79.0,,223.75,,,,714.75,
2024-05-16 08:00:00,32.0,57.25,0.25,14.28,7.8,8.5,15.02,0.42,27.35,0.18,1.6,,,,,24.55,77.25,,228.25,,,,715.25,
2024-05-16 09:00:00,31.25,64.0,,15.2,7.98,8.95,14.48,0.42,27.28,0.15,1.55,,,,,24.58,77.0,,211.25,,,,716.0,
2024-05-16 10:00:00,44.75,73.5,0.18,14.88,8.07,8.7,15.4,0.42,27.45,0.2,1.65,,,,,25.02,72.0,,221.25,,,,715.25,
2024-05-16 11:00:00,39.0,76.5,0.2,15.88,8.5,8.73,11.95,0.42,27.42,0.1,1.23,,,,,25.42,69.5,,220.0,,,,715.0,
2024-05-16 12:00:00,44.75,85.5,0.1,16.88,8.98,8.12,11.6,0.43,27.45,0.1,1.18,,,,,25.88,66.75,,219.0,,,,714.0,
2024-05-16 13:00:00,52.0,100.25,0.1,17.15,9.17,9.18,12.68,0.42,27.17,0.1,1.27,,,,,27.12,58.25,,189.5,,,,712.75,
2024-05-16 14:00:00,48.25,105.75,,17.75,9.38,9.43,13.65,0.43,27.57,0.12,1.45,,,,,27.52,54.25,,183.25,,,,711.75,
2024-05-16 15:00:00,44.5,107.0,0.2,17.2,9.2,9.3,15.98,0.42,27.13,0.2,1.72,,,,,28.48,47.0,,148.0,,,,711.0,
2024-05-16 16:00:00,40.0,94.75,0.1,17.23,9.1,10.5,16.3,0.42,27.24,0.2,1.78,,,,,28.9,45.0,,153.75,,,,710.0,
2024-05-16 17:00:00,37.5,95.0,0.1,18.0,9.62,10.12,16.02,0.42,27.19,0.2,1.72,,,,,28.42,45.5,,139.0,,,,710.0,
2024-05-16 18:00:00,34.75,103.25,,18.02,9.52,10.02,15.08,0.42,27.08,0.2,1.6,,,,,26.7,57.0,,156.0,,,,711.25,
2024-05-16 19:00:00,42.0,103.75,0.1,18.73,9.95,8.98,14.0,0.43,27.55,0.12,1.48,,,,,25.58,64.25,,118.0,,,,712.5,
2024-05-16 20:00:00,21.75,58.25,0.2,19.38,10.35,9.88,13.28,0.42,26.8,0.1,1.38,,,,,25.22,67.0,,98.5,,,,713.25,
2024-05-16 21:00:00,21.5,56.0,,19.35,10.25,8.88,13.78,0.43,27.42,0.1,1.45,,,,,25.05,69.5,,100.25,,,,714.0,
2024-05-16 22:00:00,14.0,41.5,0.17,18.95,10.15,8.15,13.72,0.43,27.34,0.1,1.45,,,,,24.85,74.5,,104.75,,,,714.0,
2024-05-16 23:00:00,14.5,29.0,0.25,16.73,9.1,8.22,17.48,0.42,27.06,0.2,1.92,,,,,24.45,79.75,,122.75,,,,713.25,
2024-05-17 00:00:00,16.25,37.75,0.15,18.38,9.75,7.15,16.18,0.43,27.59,0.2,1.75,,,,,24.55,78.25,,169.5,,,,713.0,
2024-05-17 01:00:00,13.5,27.5,0.15,16.05,8.55,7.48,15.07,0.43,27.58,0.2,1.6,,,,,24.4,78.25,,183.75,,,,712.25,
2024-05-17 02:00:00,6.25,25.0,0.1,14.88,7.9,7.7,12.32,0.42,27.42,0.1,1.25,,,,,24.4,79.5,,186.0,,,,712.0,
2024-05-17 03:00:00,15.5,23.75,,16.42,8.57,7.2,10.32,0.43,27.63,0.1,1.0,,,,,24.45,79.25,,196.5,,,,712.0,
2024-05-17 04:00:00,13.75,29.0,0.35,16.98,9.1,7.07,10.8,0.43,27.42,0.1,1.05,,,,,24.42,80.0,,197.0,,,,712.0,
2024-05-17 05:00:00,13.5,29.75,0.2,16.7,8.85,7.15,10.55,0.42,27.41,0.1,1.0,,,,,24.3,81.75,,188.0,,,,712.0,
2024-05-17 06:00:00,15.75,30.75,0.1,16.48,8.8,7.75,10.98,0.42,27.1,0.1,1.08,,,,,23.58,83.5,,137.25,,,,713.0,
2024-05-17 07:00:00,18.0,27.5,0.13,14.88,7.98,9.38,10.82,0.42,27.36,0.1,1.05,,,,,23.35,88.5,,236.5,,,,713.75,
2024-05-17 08:00:00,20.25,30.5,0.1,15.6,8.3,11.1,11.35,0.42,26.94,0.1,1.12,,,,,23.68,89.0,,210.25,,,,714.0,
2024-05-17 09:00:00,27.0,40.25,,16.73,8.82,11.6,11.75,0.44,27.64,0.1,1.18,,,,,24.83,85.5,,138.0,,,,714.0,
2024-05-17 10:00:00,27.0,60.75,0.3,17.2,9.4,10.22,11.72,0.43,27.48,0.1,1.18,,,,,26.25,67.75,,152.25,,,,713.75,
2024-05-17 11:00:00,27.0,75.0,0.2,16.6,9.0,9.3,12.5,0.44,27.87,0.1,1.3,,,,,27.03,60.0,,179.0,,,,713.0,
2024-05-17 12:00:00,33.0,69.0,0.23,17.73,9.55,10.12,14.95,0.43,27.63,0.18,1.58,,,,,27.58,54.5,,153.75,,,,712.0,
2024-05-17 13:00:00,30.5,69.0,0.15,19.7,10.45,8.75,18.48,0.44,27.85,0.2,2.08,,,,,26.98,57.75,,178.25,,,,711.0,
2024-05-17 14:00:00,25.0,73.0,0.2,19.92,10.65,9.68,16.42,0.44,27.59,0.2,1.78,,,,,26.85,61.0,,122.25,,,,710.5,
2024-05-17 15:00:00,29.75,82.0,,19.75,10.38,9.25,19.35,0.42,27.5,0.2,2.15,,,,,25.6,68.25,,113.5,,,,710.0,
2024-05-17 16:00:00,28.25,75.25,0.1,18.4,9.72,10.62,20.0,0.42,27.28,0.2,2.25,,,,,25.15,72.5,,102.5,,,,710.0,
2024-05-17 17:00:00,33.75,75.75,,19.1,10.05,9.48,18.9,0.42,27.15,0.2,2.1,,,,,24.9,73.5,,119.0,,,,710.5,
2024-05-17 18:00:00,30.0,57.5,0.15,19.4,10.38,9.77,19.32,0.43,27.34,0.2,2.15,,,,,24.65,74.5,,116.0,,,,711.25,
2024-05-17 19:00:00,28.5,54.5,0.15,20.5,10.92,8.82,19.6,0.44,28.06,0.2,2.17,,,,,24.42,78.0,,133.0,,,,712.75,
2024-05-17 20:00:00,23.5,43.25,0.1,18.88,10.05,8.35,19.58,0.43,27.45,0.2,2.18,,,,,24.22,80.0,,192.5,,,,713.0,
2024-05-17 21:00:00,20.5,46.25,0.2,17.88,9.62,8.1,19.77,0.43,27.68,0.2,2.2,,,,,24.2,76.5,,199.0,,,,713.25,
2024-05-17 22:00:00,14.0,33.75,0.18,16.98,9.18,7.78,18.82,0.44,27.7,0.2,2.08,,,,,24.1,75.25,,206.5,,,,714.0,
2024-05-17 23:00:00,9.5,30.25,0.15,16.75,9.0,7.85,19.4,0.42,27.0,0.2,2.17,,,,,23.95,76.75,,195.5,,,,713.0,
2024-05-18 00:00:00,15.0,29.75,0.1,19.73,10.5,6.62,18.6,0.44,27.78,0.2,2.03,,,,,23.9,77.75,,194.5,,,,712.5,
2024-05-18 01:00:00,18.75,28.0,0.2,18.3,9.7,6.85,14.63,0.42,26.68,0.13,1.53,,,,,23.8,79.5,,190.5,,,,711.75,
2024-05-18 02:00:00,19.5,31.25,0.1,23.65,12.58,4.68,9.95,0.42,27.52,0.1,0.92,,,,,23.78,81.5,,189.5,,,,711.0,
2024-05-18 03:00:00,13.25,21.75,0.35,23.68,12.68,4.5,7.28,0.45,28.88,0.1,0.62,,,,,23.72,80.0,,203.25,,,,711.0,
2024-05-18 04:00:00,10.25,19.5,0.28,15.95,8.72,7.52,12.1,0.43,27.51,0.1,1.25,,,,,23.58,80.0,,184.0,,,,711.0,
2024-05-18 05:00:00,16.0,24.75,0.2,15.52,8.4,7.65,10.65,0.42,27.28,0.1,1.08,,,,,23.6,80.5,,197.0,,,,711.0,
2024-05-18 06:00:00,15.75,30.5,0.1,15.73,8.3,8.6,11.25,0.42,27.22,0.1,1.12,,,,,23.62,81.75,,201.5,,,,711.5,
2024-05-18 07:00:00,24.75,38.75,0.15,15.35,8.25,8.28,11.6,0.44,27.63,0.1,1.15,,,,,24.15,78.25,,219.5,,,,712.0,
2024-05-18 08:00:00,27.5,34.0,0.3,14.0,7.7,8.48,14.02,0.42,27.16,0.12,1.48,,,,,24.8,73.5,,244.25,,,,712.25,
2024-05-18 09:00:00,30.0,40.25,,16.55,8.65,7.88,12.38,0.42,26.86,0.1,1.27,,,,,25.52,68.5,,246.5,,,,712.5,
2024-05-18 10:00:00,30.75,43.75,,22.92,12.05,5.78,9.38,0.42,26.87,0.1,0.88,,,,,25.95,65.5,,219.5,,,,712.5,
2024-05-18 11:00:00,24.75,52.0,0.35,23.88,12.8,5.32,9.02,0.46,29.42,0.1,0.85,,,,,26.55,60.0,,213.0,,,,712.0,
2024-05-18 12:00:00,25.5,53.75,0.23,15.32,8.28,8.8,13.1,0.43,27.66,0.1,1.38,,,,,27.02,56.75,,173.0,,,,711.0,
2024-05-18 13:00:00,24.5,62.75,0.1,15.15,8.1,9.78,10.22,0.42,27.3,0.1,0.98,,,,,27.42,55.0,,171.5,,,,710.0,
2024-05-18 14:00:00,35.0,68.0,0.13,15.25,8.17,9.02,11.82,0.42,27.36,0.1,1.2,,,,,27.22,54.0,,201.75,,,,709.0,
2024-05-18 15:00:00,31.0,49.0,,15.75,8.3,8.3,12.25,0.42,27.34,0.1,1.23,,,,,26.18,63.0,,195.0,,,,708.5,
2024-05-18 16:00:00,21.5,50.0,,15.1,8.0,9.07,14.15,0.43,27.56,0.15,1.5,,,,,26.22,62.0,,184.75,,,,708.0,
2024-05-18 17:00:00,29.0,62.75,0.1,14.55,7.78,9.85,15.8,0.42,27.29,0.18,1.7,,,,,26.25,61.25,,184.25,,,,708.75,
2024-05-18 18:00:00,29.25,66.5,,15.1,7.82,9.55,15.08,0.42,27.14,0.18,1.6,,,,,25.75,67.0,,207.0,,,,709.75,
2024-05-18 19:00:00,29.25,72.0,,15.48,8.07,9.95,14.0,0.43,27.72,0.12,1.48,,,,,25.55,69.75,,176.75,,,,710.25,
2024-05-18 20:00:00,23.75,67.75,0.1,15.98,8.5,8.73,12.4,0.42,27.54,0.1,1.3,,,,,25.35,69.5,,187.25,,,,711.0,
2024-05-18 21:00:00,16.5,45.25,0.1,15.82,8.43,8.07,11.58,0.42,27.2,0.1,1.15,,,,,25.12,71.75,,194.5,,,,711.75,
2024-05-18 22:00:00,22.75,40.25,0.25,15.58,8.48,8.02,13.15,0.44,27.8,0.12,1.35,,,,,24.75,76.25,,214.0,,,,712.0,
2024-05-18 23:00:00,19.0,32.0,0.13,14.95,8.05,8.15,14.78,0.43,27.52,0.18,1.55,,,,,24.52,76.5,,225.0,,,,711.75,
2024-05-19 00:00:00,19.0,27.0,0.2,13.8,7.52,8.82,13.2,0.42,27.11,0.1,1.4,,,,,24.15,82.0,,222.5,,,,711.0,
2024-05-19 01:00:00,19.75,29.75,0.13,13.98,7.48,9.45,15.6,0.42,27.47,0.2,1.67,,,,,24.02,84.0,,148.0,,,,710.0,
2024-05-19 02:00:00,22.5,36.25,0.1,14.58,7.65,9.1,16.7,0.42,27.08,0.2,1.82,,,,,24.1,82.0,,199.5,,,,710.0,
2024-05-19 03:00:00,24.0,31.0,0.1,14.8,7.82,8.35,15.72,0.43,27.48,0.2,1.7,,,,,24.02,81.5,,284.75,,,,709.0,
2024-05-19 04:00:00,,,0.2,15.98,8.45,8.0,15.78,0.43,27.52,0.2,1.7,,,,,24.15,81.5,,262.5,,,,709.0,
2024-05-19 05:00:00,21.0,30.0,0.25,16.27,8.72,8.3,14.72,0.44,27.57,0.18,1.58,,,,,24.12,81.75,,213.75,,,,709.5,
2024-05-19 06:00:00,18.5,29.75,0.1,15.78,8.33,7.75,15.82,0.42,27.48,0.2,1.7,,,,,24.18,81.5,,210.5,,,,710.0,
2024-05-19 07:00:00,13.75,30.75,0.1,14.7,7.85,8.2,16.2,0.42,27.01,0.2,1.78,,,,,24.58,78.75,,220.0,,,,710.75,
2024-05-19 08:00:00,20.0,36.75,,17.82,9.38,7.12,16.35,0.42,27.18,0.2,1.78,,,,,25.12,74.5,,205.0,,,,711.0,
2024-05-19 09:00:00,18.25,43.5,0.1,25.15,13.32,4.75,11.0,0.43,27.48,0.1,1.08,,,,,25.7,70.0,,206.75,,,,711.0,
2024-05-19 10:00:00,29.5,54.25,0.15,26.08,13.9,4.2,9.75,0.44,28.17,0.1,0.92,,,,,26.4,64.25,,235.25,,,,711.0,
2024-05-19 11:00:00,24.5,44.5,0.38,14.52,8.05,8.77,13.48,0.45,28.22,0.12,1.42,,,,,25.95,65.75,,217.25,,,,710.5,
2024-05-19 12:00:00,24.5,45.25,0.2,14.48,7.88,11.0,16.62,0.42,27.34,0.2,1.8,,,,,26.52,64.75,,148.0,,,,709.75,
2024-05-19 13:00:00,29.5,60.25,0.3,15.08,8.05,9.9,14.45,0.42,27.3,0.15,1.52,,,,,27.1,60.0,,184.5,,,,708.5,
2024-05-19 14:00:00,29.0,56.25,0.1,15.88,8.45,9.02,14.48,0.42,27.31,0.15,1.55,,,,,24.75,76.5,,193.0,,,,708.0,
2024-05-19 15:00:00,22.0,47.25,0.1,16.18,8.55,10.58,15.35,0.42,27.28,0.18,1.65,,,,,24.05,85.75,,213.0,,,,707.0,
2024-05-19 16:00:00,21.75,40.5,,18.9,9.82,8.65,17.18,0.41,26.28,0.2,1.88,,,,,24.62,84.75,,217.0,,,,707.0,
2024-05-19 17:00:00,24.75,51.5,,27.7,14.4,5.32,14.15,0.42,27.4,0.15,1.5,,,,,24.4,82.5,,192.25,,,,707.25,
2024-05-19 18:00:00,12.0,38.75,0.3,27.65,14.88,5.0,12.92,0.44,28.09,0.1,1.32,,,,,23.82,84.75,,184.5,,,,708.25,
2024-05-19 19:00:00,19.75,22.25,0.22,15.55,8.43,9.62,15.1,0.45,28.52,0.18,1.6,,,,,23.62,85.5,,193.75,,,,709.0,
2024-05-19 20:00:00,15.75,21.0,0.15,14.88,7.92,10.1,17.88,0.42,27.38,0.2,1.98,,,,,23.4,87.0,,226.5,,,,710.0,
2024-05-19 21:00:00,14.5,21.5,0.1,16.58,8.72,12.5,21.8,0.43,27.4,0.25,2.48,,,,,23.35,88.0,,240.25,,,,710.0,
2024-05-19 22:00:00,13.0,14.0,0.1,17.6,9.3,11.05,13.65,0.43,27.59,0.12,1.45,,,,,23.32,89.0,,265.0,,,,710.0,
2024-05-19 23:00:00,14.0,16.0,0.92,17.65,9.35,9.68,14.9,0.44,23.59,0.15,1.6,,,,,23.45,90.0,,265.0,,,,710.25,
2024-05-20 00:00:00,13.75,19.75,1.38,16.48,8.9,10.25,17.73,0.42,21.47,0.2,1.95,,,,,23.4,90.0,,211.75,,,,710.0,
2024-05-20 01:00:00,13.5,29.0,1.08,20.72,10.92,7.92,13.7,0.44,22.29,0.1,1.43,,,,,23.38,90.0,,20.0,,,,709.0,
2024-05-20 02:00:00,15.0,23.25,1.4,15.28,8.28,8.8,8.52,0.44,22.17,0.1,0.78,,,,,23.25,90.0,,19.0,,,,709.0,
2024-05-20 03:00:00,15.0,24.75,1.35,15.38,8.28,8.65,7.28,0.42,21.58,0.1,0.6,,,,,23.25,90.5,,19.0,,,,708.0,
2024-05-20 04:00:00,15.5,27.75,1.2,16.7,8.9,8.62,6.72,0.42,21.72,0.1,0.55,,,,,23.22,91.0,,19.0,,,,708.25,
2024-05-20 05:00:00,16.25,28.25,1.2,16.58,8.78,8.05,7.75,0.44,22.19,0.1,0.68,,,,,23.2,91.0,,15.5,,,,709.0,
2024-05-20 06:00:00,16.25,27.75,1.23,16.27,8.65,8.68,8.62,0.43,21.97,0.1,0.78,,,,,23.28,91.0,,2.25,,,,709.75,
2024-05-20 07:00:00,22.25,44.5,1.1,16.0,8.43,9.28,7.22,0.43,21.85,0.1,0.6,,,,,23.72,90.25,,170.25,,,,710.0,
2024-05-20 08:00:00,22.0,55.75,1.15,16.05,8.45,9.55,8.72,0.43,22.04,0.1,0.78,,,,,24.52,85.25,,197.5,,,,711.0,
2024-05-20 09:00:00,28.75,67.5,1.25,14.6,7.78,9.57,8.93,0.43,21.8,0.1,0.85,,,,,25.2,72.75,,182.75,,,,711.25,
2024-05-20 10:00:00,31.25,66.75,1.3,14.5,7.75,9.38,7.9,0.42,21.77,0.1,0.7,,,,,25.78,67.25,,188.0,,,,711.0,
2024-05-20 11:00:00,30.25,61.5,1.48,14.55,7.95,9.3,4.18,0.42,21.92,,0.2,,,,,26.22,64.5,,182.75,,,,711.0,
2024-05-20 12:00:00,25.75,63.75,1.3,15.6,8.38,9.5,5.55,0.42,21.8,,0.38,,,,,27.05,58.25,,179.0,,,,710.25,
2024-05-20 13:00:00,27.0,57.75,1.15,16.42,8.68,9.68,6.57,0.42,21.95,0.1,0.52,,,,,27.6,54.75,,149.5,,,,709.25,
2024-05-20 14:00:00,24.25,60.5,1.18,17.2,9.1,9.7,8.82,0.42,21.97,0.1,0.8,,,,,27.75,53.5,,149.5,,,,708.25,
2024-05-20 15:00:00,24.75,63.75,1.48,17.73,9.62,10.2,7.15,0.42,21.88,0.1,0.6,,,,,27.68,53.5,,118.0,,,,707.5,
2024-05-20 16:00:00,24.25,68.0,1.48,16.45,8.95,10.07,7.02,0.43,22.06,0.1,0.57,,,,,27.62,53.75,,133.75,,,,707.0,
2024-05-20 17:00:00,28.25,73.75,1.35,17.25,9.25,12.1,7.98,0.42,21.97,0.1,0.7,,,,,27.5,55.0,,147.5,,,,707.25,
2024-05-20 18:00:00,35.75,100.75,1.42,18.98,10.22,12.78,8.8,0.44,22.12,0.1,0.82,,,,,26.15,66.0,,180.25,,,,708.25,
2024-05-20 19:00:00,28.25,89.0,1.32,18.65,9.95,8.55,7.18,0.43,21.91,0.1,0.6,,,,,25.12,76.0,,212.5,,,,709.5,
2024-05-20 20:00:00,22.5,41.0,1.15,17.75,9.38,7.78,5.4,0.44,22.06,,0.38,,,,,24.12,83.75,,212.25,,,,710.25,
2024-05-20 21:00:00,12.0,23.0,1.18,17.8,9.4,7.58,7.32,0.44,21.99,0.1,0.62,,,,,23.58,88.25,,199.0,,,,711.0,
2024-05-20 22:00:00,4.0,9.0,1.32,16.88,9.02,7.3,8.25,0.44,22.2,0.1,0.75,,,,,23.38,89.0,,206.25,,,,711.0,
2024-05-20 23:00:00,4.0,9.0,1.23,16.38,8.72,7.2,8.2,0.43,22.04,0.1,0.75,,,,,23.38,90.0,,209.75,,,,711.0,
2024-05-21 00:00:00,7.0,8.0,1.38,14.38,7.78,7.75,6.28,0.43,21.85,0.1,0.48,,,,,23.3,90.0,,220.25,,,,711.0,
2024-05-21 01:00:00,6.0,7.25,1.4,13.85,7.52,7.78,9.33,0.42,21.86,0.1,0.87,,,,,23.28,90.75,,218.75,,,,710.0,
2024-05-21 02:00:00,3.0,5.0,1.27,13.75,7.4,7.8,10.22,0.44,22.09,0.1,1.0,,,,,23.2,91.0,,234.0,,,,709.5,
2024-05-21 03:00:00,3.0,,1.1,14.28,7.48,7.65,11.12,0.44,22.17,0.1,1.12,,,,,23.22,91.0,,233.25,,,,708.75,
2024-05-21 04:00:00,,,1.08,15.25,8.02,7.38,9.17,0.43,22.12,0.1,0.88,,,,,23.28,91.0,,252.0,,,,708.25,
2024-05-21 05:00:00,,,1.03,15.68,8.18,7.92,10.02,0.42,22.01,0.1,0.98,,,,,23.2,91.0,,229.75,,,,708.5,
2024-05-21 06:00:00,12.0,21.0,1.15,15.65,8.28,8.93,10.62,0.43,21.96,0.1,1.02,,,,,23.2,91.0,,265.0,,,,709.0,
2024-05-21 07:00:00,13.5,26.25,1.2,15.8,8.4,10.52,11.08,0.42,21.69,0.1,1.08,,,,,23.72,90.5,,266.5,,,,709.25,
2024-05-21 08:00:00,19.0,42.0,1.25,16.35,8.72,10.18,12.3,0.41,22.02,0.1,1.25,,,,,24.5,87.5,,248.0,,,,710.0,
2024-05-21 09:00:00,22.5,47.75,1.3,24.2,12.9,8.43,11.9,0.44,28.0,0.1,1.23,,,,,26.05,70.25,,210.75,,,,710.5,
2024-05-21 10:00:00,25.75,62.5,1.35,18.48,9.88,9.2,12.8,0.44,28.02,0.1,1.35,,,,,26.4,64.0,,186.0,,,,710.0,
2024-05-21 11:00:00,31.0,55.0,1.3,14.73,7.87,9.5,11.67,0.43,27.59,0.1,1.17,,,,,26.8,61.0,,175.67,,,,710.0,
2024-05-21 12:00:00,,,,,,,,,,,,,,,,,,,,,,,,
2024-05-21 13:00:00,,,,,,,,,,,,,,,,,,,,,,,,
2024-05-21 14:00:00,,,,,,,,,,,,,,,,,,,,,,,,
2024-05-21 15:00:00,,,,,,,,,,,,,,,,,,,,,,,,
2024-05-21 16:00:00,,,,,,,,,,,,,,,,,,,,,,,,
2024-05-21 17:00:00,,,,,,,,,,,,,,,,,,,,,,,,
2024-05-21 18:00:00,,,,,,,,,,,,,,,,,,,,,,,,
2024-05-21 19:00:00,,,,,,,,,,,,,,,,,,,,,,,,
2024-05-21 20:00:00,,,,,,,,,,,,,,,,,,,,,,,,
2024-05-21 21:00:00,,,,,,,,,,,,,,,,,,,,,,,,
2024-05-21 22:00:00,,,,,,,,,,,,,,,,,,,,,,,,
2024-05-21 23:00:00,,,,,,,,,,,,,,,,,,,,,,,,
2024-05-22 00:00:00,,,,,,,,,,,,,,,,,,,,,,,,
2024-05-22 01:00:00,,,,,,,,,,,,,,,,,,,,,,,,
2024-05-22 02:00:00,,,,,,,,,,,,,,,,,,,,,,,,
2024-05-22 03:00:00,,,,,,,,,,,,,,,,,,,,,,,,
2024-05-22 04:00:00,,,,,,,,,,,,,,,,,,,,,,,,
2024-05-22 05:00:00,,,,,,,,,,,,,,,,,,,,,,,,
2024-05-22 06:00:00,,,,,,,,,,,,,,,,,,,,,,,,
2024-05-22 07:00:00,,,,,,,,,,,,,,,,,,,,,,,,
2024-05-22 08:00:00,,,,,,,,,,,,,,,,,,,,,,,,
2024-05-22 09:00:00,,,,,,,,,,,,,,,,,,,,,,,,
2024-05-22 10:00:00,,,,,,,,,,,,,,,,,,,,,,,,
2024-05-22 11:00:00,,,,,,,,,,,,,,,,,,,,,,,,
2024-05-22 12:00:00,21.0,67.67,1.4,14.13,7.63,8.37,14.0,0.42,29.1,0.1,1.47,,,,,27.97,53.0,,111.0,,,,708.0,
2024-05-22 13:00:00,21.75,58.5,1.45,14.95,8.1,9.02,14.2,0.43,29.41,0.15,1.52,,,,,28.52,49.75,,119.25,,,,707.75,
2024-05-22 14:00:00,20.75,54.5,1.25,16.15,8.57,8.32,14.4,0.43,29.42,0.12,1.52,,,,,28.2,51.0,,104.75,,,,706.75,
2024-05-22 15:00:00,25.0,61.0,1.35,16.77,9.07,6.25,15.1,0.43,29.41,0.18,1.62,,,,,25.1,78.0,,192.5,,,,706.5,
2024-05-22 16:00:00,15.75,51.0,1.27,17.1,9.12,8.65,15.0,0.43,29.17,0.2,1.6,,,,,25.98,83.5,,161.75,,,,705.25,
2024-05-22 17:00:00,22.75,59.75,1.18,15.42,8.15,10.05,16.9,0.42,28.94,0.2,1.85,,,,,26.58,71.25,,171.25,,,,705.5,
2024-05-22 18:00:00,20.75,72.25,1.25,16.8,8.95,10.02,19.05,0.42,29.01,0.2,2.12,,,,,26.1,67.75,,172.0,,,,706.25,
2024-05-22 19:00:00,30.25,85.75,1.23,19.1,10.12,9.32,20.32,0.4,27.48,0.2,2.3,,,,,25.52,71.0,,145.25,,,,707.0,
2024-05-22 20:00:00,34.75,72.75,1.23,28.9,15.35,3.25,19.7,0.46,31.37,0.2,2.22,,,,,24.68,74.0,,159.5,,,,708.0,
2024-05-22 21:00:00,13.75,33.75,1.45,17.9,9.7,7.5,17.73,0.43,29.61,0.2,1.95,,,,,24.55,81.5,,180.0,,,,708.75,
2024-05-22 22:00:00,24.0,50.25,1.32,16.23,8.7,5.9,17.1,0.44,29.52,0.2,1.85,,,,,24.82,79.75,,99.75,,,,710.0,
2024-05-22 23:00:00,21.0,39.0,1.3,14.9,7.98,5.1,17.52,0.44,26.56,0.2,1.95,,,,,24.5,80.0,,128.25,,,,710.0,
2024-05-23 00:00:00,11.0,16.0,1.3,14.2,7.57,5.08,13.88,0.43,21.88,0.12,1.48,,,,,24.2,81.75,,168.0,,,,709.25,
2024-05-23 01:00:00,11.5,17.25,1.12,18.3,9.62,3.08,11.67,0.43,22.04,0.1,1.17,,,,,23.98,84.0,,169.0,,,,708.25,
2024-05-23 02:00:00,14.0,21.5,1.2,13.78,7.3,4.68,13.8,0.44,22.27,0.12,1.42,,,,,24.0,85.0,,182.5,,,,707.0,
2024-05-23 03:00:00,16.5,24.25,1.1,12.4,6.48,5.08,13.4,0.42,21.86,0.1,1.4,,,,,23.98,85.0,,178.5,,,,707.0,
2024-05-23 04:00:00,15.0,28.0,1.25,11.62,6.18,5.58,14.5,0.43,21.78,0.15,1.52,,,,,23.75,86.25,,267.5,,,,707.0,
2024-05-23 05:00:00,31.0,37.0,1.27,12.38,6.62,5.88,11.8,0.43,22.14,0.1,1.2,,,,,23.65,87.5,,312.25,,,,707.25,
2024-05-23 06:00:00,29.75,40.25,1.1,13.32,6.98,6.92,12.1,0.42,21.75,0.1,1.25,,,,,23.75,88.0,,235.75,,,,708.25,
2024-05-23 07:00:00,29.25,53.0,1.18,13.05,6.9,7.2,11.85,0.44,22.14,0.1,1.2,,,,,24.08,86.25,,189.75,,,,709.0,
2024-05-23 08:00:00,36.25,64.75,1.2,12.85,6.82,7.25,13.55,0.42,21.78,0.12,1.4,,,,,24.6,82.25,,227.75,,,,709.75,
2024-05-23 09:00:00,32.5,75.25,1.27,15.35,8.18,5.98,14.6,0.4,25.46,0.18,1.55,,,,,25.28,76.75,,207.75,,,,710.0,
2024-05-23 10:00:00,40.5,80.75,1.45,15.92,8.62,5.28,14.35,0.44,30.1,0.15,1.52,,,,,25.88,71.0,,197.25,,,,709.0,
2024-05-23 11:00:00,24.0,77.0,1.27,11.13,5.93,7.97,14.83,0.43,29.25,0.13,1.57,,,,,27.5,57.0,,123.67,,,,709.0,
2024-05-23 12:00:00,15.0,68.0,0.93,10.3,5.27,8.33,8.07,0.42,28.2,0.1,1.05,,,,,28.25,51.25,,143.25,,,,708.0,
2024-05-23 13:00:00,18.0,53.0,1.12,11.5,6.0,8.28,10.5,0.44,29.82,0.1,1.02,,,,,28.6,49.25,,152.5,,,,707.0,
2024-05-23 14:00:00,17.75,56.25,1.35,12.98,7.0,7.08,14.02,0.43,29.24,0.15,1.45,,,,,28.78,49.25,,137.25,,,,706.25,
2024-05-23 15:00:00,16.5,65.0,1.3,13.48,7.22,6.65,12.92,0.42,29.3,0.12,1.35,,,,,28.22,50.75,,167.5,,,,705.75,
2024-05-23 16:00:00,17.0,65.25,1.2,13.82,7.38,8.05,11.58,0.42,28.89,0.1,1.18,,,,,27.78,53.25,,97.0,,,,705.0,
2024-05-23 17:00:00,23.0,75.0,1.03,13.1,6.83,7.83,12.55,0.44,30.07,0.1,1.25,,,,,27.6,54.67,,151.33,,,,705.67,
2024-05-23 18:00:00,19.0,87.0,1.2,11.82,6.28,9.98,15.68,0.42,29.15,0.18,1.68,,,,,27.0,54.75,,108.5,,,,706.0,
2024-05-23 19:00:00,21.75,89.0,1.38,13.68,7.38,9.95,16.92,0.44,29.37,0.2,1.85,,,,,26.55,57.75,,111.25,,,,707.0,
2024-05-23 20:00:00,28.75,90.75,1.25,14.58,7.78,7.95,18.85,0.42,28.92,0.2,2.08,,,,,26.2,66.25,,126.5,,,,707.0,
2024-05-23 21:00:00,25.0,78.0,1.3,14.4,7.7,6.73,15.1,0.43,29.65,0.17,1.63,,,,,25.9,70.0,,138.0,,,,707.67,
2024-05-23 22:00:00,25.0,78.0,1.2,14.8,7.82,6.78,9.53,0.41,28.14,0.1,1.35,,,,,25.55,75.75,,201.25,,,,708.0,
2024-05-23 23:00:00,22.0,36.0,1.3,14.68,7.85,5.52,12.72,0.44,30.04,0.1,1.32,,,,,25.4,77.75,,162.0,,,,708.0,
2024-05-24 00:00:00,21.0,33.75,1.1,14.1,7.4,4.88,13.93,0.44,30.16,0.13,1.47,,,,,25.2,80.5,,177.25,,,,708.0,
2024-05-24 01:00:00,18.75,31.5,1.2,12.8,6.78,5.18,13.53,0.42,19.17,0.13,1.4,,,,,24.7,83.0,,189.5,,,,707.25,
2024-05-24 02:00:00,21.0,45.0,1.1,12.73,6.63,5.1,13.9,0.42,18.2,0.13,1.47,,,,,24.6,83.0,,193.67,,,,706.67,
2024-05-24 03:00:00,21.0,45.0,0.5,9.65,3.8,6.05,16.05,0.42,17.94,0.3,3.5,,,,,24.43,83.33,,210.0,,,,706.0,
2024-05-24 04:00:00,25.0,,1.15,10.65,5.6,5.68,32.3,0.44,18.49,0.4,3.82,,,,,24.5,82.0,,224.25,,,,706.75,
2024-05-24 05:00:00,23.5,27.0,1.23,10.95,5.85,5.72,31.75,0.42,18.15,0.4,3.75,,,,,24.45,83.25,,212.0,,,,707.0,
2024-05-24 06:00:00,18.25,27.0,1.32,11.48,6.15,6.05,31.9,0.44,18.45,0.4,3.75,,,,,24.45,82.0,,216.5,,,,707.5,
2024-05-24 07:00:00,17.5,29.25,1.02,11.85,6.15,6.4,31.67,0.44,18.66,0.4,3.75,,,,,24.95,79.0,,213.0,,,,708.0,
2024-05-24 08:00:00,22.0,37.0,1.23,12.1,6.45,6.45,34.67,0.43,18.4,0.4,4.12,,,,,25.1,78.0,,206.75,,,,708.5,
2024-05-24 09:00:00,24.0,43.25,1.15,12.42,6.58,6.3,37.03,0.43,18.31,0.4,4.45,,,,,25.72,74.0,,208.25,,,,709.0,
2024-05-24 10:00:00,29.0,55.25,1.25,13.2,7.05,6.02,33.78,0.42,17.93,0.4,4.02,,,,,26.75,64.25,,201.25,,,,708.5,
2024-05-24 11:00:00,27.0,68.5,0.9,21.65,11.22,4.25,32.95,0.42,18.15,0.4,3.92,,,,,27.55,58.0,,198.5,,,,708.0,
2024-05-24 12:00:00,33.5,90.5,1.42,18.0,9.75,5.12,33.58,0.45,18.92,0.4,4.0,,,,,28.08,52.25,,189.75,,,,707.5,
2024-05-24 13:00:00,45.0,97.25,1.45,10.65,5.82,7.38,36.0,0.43,18.39,0.4,4.32,,,,,28.2,48.75,,237.25,,,,707.0,
2024-05-24 14:00:00,46.25,95.75,1.3,10.62,5.7,8.4,34.88,0.43,18.31,0.4,4.18,,,,,28.1,47.0,,151.75,,,,706.25,
2024-05-24 15:00:00,42.0,97.75,1.27,12.22,6.55,7.05,33.9,0.42,18.04,0.4,4.05,,,,,28.2,50.75,,224.5,,,,705.25,
2024-05-24 16:00:00,42.25,97.0,1.32,12.75,6.85,6.42,39.22,0.42,18.28,0.43,4.75,,,,,28.15,52.75,,206.5,,,,705.0,
2024-05-24 17:00:00,36.5,100.75,1.1,13.02,6.8,7.32,36.95,0.43,18.24,0.4,4.45,,,,,26.45,60.25,,187.0,,,,705.5,
2024-05-24 18:00:00,41.75,101.5,1.38,11.78,6.38,8.8,35.35,0.42,18.17,0.4,4.2,,,,,24.78,64.25,,158.0,,,,706.0,
2024-05-24 19:00:00,37.0,74.5,1.32,14.78,7.95,13.52,37.17,0.42,17.96,0.4,4.45,,,,,24.7,66.5,,149.75,,,,707.0,
2024-05-24 20:00:00,39.0,83.75,1.27,16.42,8.8,8.1,40.0,0.43,18.48,0.45,4.85,,,,,24.88,66.0,,200.0,,,,708.0,
2024-05-24 21:00:00,28.25,66.0,1.23,13.6,7.22,6.58,40.22,0.42,18.09,0.45,4.9,,,,,24.18,70.25,,216.25,,,,709.0,
2024-05-24 22:00:00,30.0,45.25,1.15,12.65,6.6,5.62,36.38,0.42,18.08,0.4,4.38,,,,,23.85,77.0,,210.5,,,,709.0,
2024-05-24 23:00:00,24.0,28.0,1.4,12.48,6.8,5.25,36.12,0.42,18.2,0.4,4.35,,,,,23.75,80.0,,212.25,,,,708.75,
2024-05-25 00:00:00,19.0,24.0,1.32,12.12,6.48,5.25,37.88,0.44,18.52,0.4,4.57,,,,,23.78,80.25,,201.0,,,,709.75,
2024-05-25 01:00:00,17.75,22.25,1.25,11.7,6.22,5.2,16.57,0.44,18.47,0.17,1.77,,,,,23.6,81.5,,200.5,,,,708.25,
2024-05-25 02:00:00,14.0,17.0,1.4,11.08,6.0,5.35,12.52,0.42,18.14,0.1,1.27,,,,,23.78,79.25,,181.5,,,,707.0,
2024-05-25 03:00:00,26.0,30.0,1.23,10.95,5.82,5.48,12.2,0.41,17.87,0.1,1.23,,,,,23.4,82.0,,186.75,,,,707.0,
2024-05-25 04:00:00,25.5,31.25,1.2,11.08,5.88,5.4,12.4,0.42,18.31,0.1,1.25,,,,,23.02,85.5,,193.25,,,,707.0,
2024-05-25 05:00:00,22.25,34.0,1.25,11.3,6.0,5.42,12.3,0.42,18.15,0.1,1.25,,,,,22.9,86.0,,206.25,,,,707.0,
2024-05-25 06:00:00,17.75,30.25,1.15,10.55,5.55,5.9,12.1,0.42,18.36,0.1,1.23,,,,,22.85,86.0,,217.75,,,,707.75,
2024-05-25 07:00:00,20.25,28.75,1.15,10.35,5.4,6.3,8.55,0.44,18.72,0.1,0.75,,,,,23.22,84.25,,220.75,,,,708.75,
2024-05-25 08:00:00,19.75,32.0,1.1,10.5,5.5,6.28,10.75,0.43,18.48,0.1,1.05,,,,,23.82,78.5,,215.75,,,,709.0,
2024-05-25 09:00:00,17.5,34.75,1.18,10.45,5.52,6.45,13.65,0.44,18.71,0.12,1.42,,,,,24.4,74.25,,216.0,,,,709.0,
2024-05-25 10:00:00,23.0,35.5,1.3,10.42,5.62,6.48,13.2,0.43,18.48,0.1,1.38,,,,,25.35,65.5,,215.25,,,,709.0,
2024-05-25 11:00:00,23.75,42.75,1.0,12.42,6.45,5.9,12.25,0.41,17.44,0.1,1.23,,,,,26.15,60.5,,214.25,,,,708.25,
2024-05-25 12:00:00,16.5,49.75,1.4,12.68,6.85,5.92,12.72,0.44,18.6,0.1,1.3,,,,,26.72,56.75,,221.5,,,,708.0,
2024-05-25 13:00:00,17.0,47.25,1.23,9.7,5.15,6.93,14.88,0.42,18.32,0.18,1.58,,,,,26.62,55.0,,212.5,,,,708.0,
2024-05-25 14:00:00,22.5,52.25,1.08,9.32,4.85,6.92,10.4,0.42,18.18,0.1,1.03,,,,,26.5,53.25,,218.5,,,,707.25,
2024-05-25 15:00:00,21.75,56.75,1.2,9.88,5.25,6.62,11.15,0.42,18.15,0.1,1.1,,,,,26.38,55.75,,230.5,,,,707.0,
2024-05-25 16:00:00,24.0,59.0,1.2,10.4,5.5,6.47,12.97,0.43,18.37,0.1,1.37,,,,,26.1,56.33,,227.67,,,,707.0,
2024-05-25 17:00:00,24.0,59.0,0.95,9.55,4.85,7.2,19.9,0.42,18.28,0.2,2.2,,,,,25.7,58.5,,237.5,,,,707.0,
2024-05-25 18:00:00,24.0,59.0,1.3,9.37,5.07,7.3,20.65,0.44,18.84,0.2,2.35,,,,,25.3,61.33,,223.33,,,,708.0,
2024-05-25 19:00:00,25.0,47.0,1.05,9.52,4.95,7.72,27.8,0.45,18.96,0.32,3.25,,,,,25.05,63.75,,193.75,,,,708.5,
2024-05-25 20:00:00,25.75,49.25,1.2,11.3,5.98,7.18,28.4,0.38,16.44,0.3,3.32,,,,,24.82,69.0,,212.75,,,,709.25,
2024-05-25 21:00:00,27.75,56.25,0.95,19.48,10.1,3.82,25.72,0.44,18.58,0.3,3.0,,,,,24.65,72.75,,216.0,,,,710.0,
2024-05-25 22:00:00,25.75,54.75,1.23,22.52,11.98,2.42,23.02,0.44,19.06,0.25,2.65,,,,,24.4,76.25,,210.25,,,,710.0,
2024-05-25 23:00:00,20.75,43.75,1.38,10.42,5.68,6.22,28.92,0.45,19.06,0.32,3.4,,,,,24.05,77.0,,206.0,,,,710.0,
2024-05-26 00:00:00,17.25,32.0,1.27,9.35,4.97,6.35,29.3,0.42,18.23,0.37,3.47,,,,,23.88,76.0,,204.0,,,,710.0,
2024-05-26 01:00:00,19.0,36.25,1.1,9.35,4.88,6.18,17.5,0.43,18.42,0.2,1.93,,,,,23.72,76.0,,215.5,,,,709.5,
2024-05-26 02:00:00,21.5,38.5,1.23,9.3,4.92,6.05,15.32,0.44,18.49,0.18,1.65,,,,,23.55,77.5,,218.5,,,,709.0,
2024-05-26 03:00:00,19.25,35.0,1.2,9.6,5.1,5.98,18.38,0.43,18.41,0.2,2.05,,,,,23.38,79.0,,206.25,,,,709.0,
2024-05-26 04:00:00,16.0,37.5,0.9,9.4,4.72,6.2,21.62,0.42,18.2,0.22,2.48,,,,,23.15,82.25,,208.25,,,,708.25,
2024-05-26 05:00:00,14.25,37.0,1.18,9.52,5.03,6.12,18.52,0.42,18.08,0.2,2.05,,,,,23.05,84.5,,216.0,,,,708.25,
2024-05-26 06:00:00,18.5,41.75,1.3,10.5,5.62,6.0,17.8,0.41,17.66,0.2,1.98,,,,,23.02,85.0,,209.0,,,,709.25,
2024-05-26 07:00:00,21.5,47.25,1.27,11.55,6.15,5.92,17.1,0.44,19.02,0.2,1.9,,,,,23.42,82.75,,214.25,,,,710.25,
2024-05-26 08:00:00,25.75,49.75,1.5,9.25,5.15,6.72,15.55,0.43,18.48,0.2,1.68,,,,,23.6,81.0,,218.0,,,,711.0,
2024-05-26 09:00:00,26.25,58.5,1.27,9.52,5.07,6.65,15.12,0.42,18.22,0.18,1.62,,,,,24.48,74.75,,214.25,,,,711.0,
2024-05-26 10:00:00,29.75,71.5,1.27,9.62,5.12,6.48,17.92,0.42,18.24,0.2,1.98,,,,,25.22,70.0,,224.0,,,,710.25,
2024-05-26 11:00:00,29.75,82.0,1.25,9.57,5.1,6.43,21.0,0.43,18.36,0.22,2.4,,,,,25.9,62.0,,217.25,,,,710.25,
2024-05-26 12:00:00,30.25,86.0,1.2,8.43,4.45,7.0,20.42,0.43,18.29,0.2,2.3,,,,,26.32,58.0,,219.75,,,,709.75,
2024-05-26 13:00:00,25.25,74.25,1.15,8.28,4.3,7.1,17.75,0.42,18.17,0.2,1.95,,,,,26.52,55.25,,219.75,,,,709.0,
2024-05-26 14:00:00,25.0,81.25,1.27,8.22,4.4,6.95,18.65,0.42,18.26,0.2,2.1,,,,,26.4,55.0,,224.25,,,,708.75,
2024-05-26 15:00:00,22.75,76.5,1.38,8.5,4.65,6.85,17.27,0.43,18.44,0.2,1.9,,,,,26.2,56.75,,217.75,,,,708.0,
2024-05-26 16:00:00,26.5,88.0,1.25,9.05,4.85,6.68,19.08,0.42,18.28,0.2,2.1,,,,,25.98,59.0,,216.5,,,,707.75,
2024-05-26 17:00:00,30.25,89.75,1.18,9.62,5.05,6.57,19.52,0.42,18.25,0.2,2.17,,,,,25.65,64.0,,213.75,,,,707.0,
2024-05-26 18:00:00,28.75,82.5,1.12,9.8,5.15,6.85,18.02,0.43,18.38,0.2,1.98,,,,,25.18,69.25,,211.25,,,,707.5,
2024-05-26 19:00:00,32.25,66.5,1.27,9.5,5.05,6.85,19.15,0.43,18.27,0.2,2.15,,,,,24.7,72.0,,206.75,,,,708.0,
2024-05-26 20:00:00,34.0,53.75,1.08,8.85,4.58,7.38,18.98,0.42,18.21,0.2,2.12,,,,,24.5,74.5,,197.75,,,,709.0,
2024-05-26 21:00:00,26.25,62.25,1.25,8.98,4.78,7.15,20.3,0.42,18.1,0.2,2.3,,,,,24.35,75.75,,220.0,,,,710.0,
2024-05-26 22:00:00,22.5,55.25,1.12,9.15,4.78,6.75,22.62,0.42,18.23,0.25,2.6,,,,,24.3,76.0,,221.75,,,,711.0,
2024-05-26 23:00:00,28.0,56.75,1.18,8.85,4.68,6.78,19.15,0.44,18.51,0.2,2.15,,,,,24.2,76.25,,224.5,,,,711.75,
2024-05-27 00:00:00,30.75,49.0,1.35,9.2,5.0,6.32,18.88,0.42,18.41,0.2,2.1,,,,,24.1,77.25,,224.25,,,,710.75,
2024-05-27 01:00:00,29.25,46.5,1.15,9.22,4.85,6.08,15.73,0.42,18.24,0.17,1.67,,,,,23.95,76.75,,221.75,,,,709.75,
2024-05-27 02:00:00,25.75,48.5,1.2,9.22,4.88,6.02,9.25,0.42,18.31,0.1,0.85,,,,,23.8,77.5,,217.25,,,,709.0,
2024-05-27 03:00:00,22.0,49.25,1.18,9.22,4.88,6.08,11.95,0.43,18.26,0.1,1.2,,,,,23.55,79.0,,202.5,,,,708.0,
2024-05-27 04:00:00,23.25,49.5,0.92,10.65,5.42,5.68,12.68,0.42,17.83,0.1,1.27,,,,,23.4,82.25,,202.75,,,,708.0,
2024-05-27 05:00:00,25.75,55.25,1.12,15.35,8.07,4.03,7.85,0.42,18.01,0.1,0.68,,,,,23.4,84.0,,213.25,,,,708.75,
2024-05-27 06:00:00,23.5,48.75,1.25,13.6,7.25,4.88,12.38,0.45,18.92,0.15,1.25,,,,,23.28,84.75,,213.5,,,,709.25,
2024-05-27 07:00:00,28.75,48.0,1.35,9.8,5.28,6.62,17.02,0.42,18.32,0.2,1.85,,,,,23.6,81.75,,216.25,,,,710.0,
2024-05-27 08:00:00,32.0,59.75,1.48,8.9,4.93,7.08,10.92,0.43,18.27,0.1,1.1,,,,,24.15,76.25,,225.5,,,,710.5,
2024-05-27 09:00:00,34.0,69.5,1.08,9.25,4.82,7.0,11.32,0.42,18.22,0.1,1.1,,,,,24.7,71.25,,225.25,,,,710.5,
2024-05-27 10:00:00,30.75,72.5,1.3,9.15,4.93,6.75,13.52,0.44,18.43,0.12,1.4,,,,,25.52,64.75,,220.0,,,,711.0,
2024-05-27 11:00:00,31.25,69.0,1.27,8.93,4.72,6.92,15.5,0.43,18.32,0.18,1.68,,,,,26.2,60.5,,228.0,,,,711.0,
2024-05-27 12:00:00,34.0,73.75,1.32,8.18,4.38,7.3,13.55,0.42,18.24,0.12,1.42,,,,,26.52,58.5,,220.25,,,,710.0,
2024-05-27 13:00:00,31.5,73.5,1.38,7.95,4.38,7.45,13.62,0.42,18.1,0.1,1.45,,,,,27.02,54.75,,221.5,,,,709.25,
2024-05-27 14:00:00,31.25,64.5,1.38,8.0,4.35,7.38,13.38,0.42,18.03,0.1,1.4,,,,,27.35,51.75,,220.25,,,,708.75,
2024-05-27 15:00:00,26.75,82.25,1.17,8.3,4.35,7.4,12.62,0.42,18.03,0.1,1.3,,,,,27.78,50.5,,217.5,,,,708.0,
2024-05-27 16:00:00,28.5,68.5,1.15,9.18,4.85,7.0,12.6,0.42,18.13,0.1,1.27,,,,,27.5,51.75,,216.75,,,,708.0,
2024-05-27 17:00:00,31.5,80.0,1.08,9.75,5.05,7.0,13.02,0.42,18.21,0.1,1.38,,,,,27.22,53.0,,213.25,,,,708.0,
2024-05-27 18:00:00,43.25,106.75,1.35,9.78,5.28,7.78,13.58,0.42,18.2,0.1,1.42,,,,,26.7,56.25,,213.5,,,,709.0,
2024-05-27 19:00:00,37.5,90.75,1.45,9.93,5.45,7.72,14.98,0.42,18.12,0.18,1.62,,,,,26.2,60.25,,220.25,,,,709.25,
2024-05-27 20:00:00,33.75,71.75,1.23,9.0,4.8,7.6,14.2,0.42,18.15,0.15,1.48,,,,,25.78,63.5,,213.5,,,,710.0,
2024-05-27 21:00:00,28.75,70.25,1.2,8.85,4.68,7.25,14.55,0.42,18.2,0.18,1.52,,,,,25.3,68.75,,217.75,,,,710.0,
2024-05-27 22:00:00,34.25,66.5,1.18,8.83,4.62,6.75,15.82,0.42,18.08,0.2,1.72,,,,,24.92,71.25,,218.25,,,,710.0,
2024-05-27 23:00:00,33.75,62.0,1.1,8.9,4.62,6.5,13.65,0.43,18.36,0.12,1.42,,,,,24.6,72.0,,217.75,,,,710.0,
2024-05-28 00:00:00,31.0,60.5,1.35,8.95,4.82,6.3,12.22,0.42,18.04,0.1,1.25,,,,,24.45,72.0,,220.0,,,,710.0,
2024-05-28 01:00:00,32.0,53.0,1.18,9.28,4.88,6.12,13.3,0.43,18.36,0.13,1.37,,,,,24.25,72.5,,212.75,,,,709.75,
2024-05-28 02:00:00,24.25,46.25,1.3,9.0,4.85,6.22,11.4,0.43,18.43,0.1,1.15,,,,,24.05,74.5,,221.0,,,,709.0,
2024-05-28 03:00:00,22.75,51.5,1.32,9.5,5.12,6.02,14.45,0.42,18.2,0.18,1.55,,,,,23.88,76.25,,214.0,,,,709.0,
2024-05-28 04:00:00,33.75,46.75,1.05,12.25,6.35,5.18,13.55,0.43,18.36,0.12,1.4,,,,,23.7,78.75,,209.75,,,,709.0,
2024-05-28 05:00:00,33.25,48.0,0.98,11.68,5.98,5.62,15.15,0.42,17.94,0.2,1.65,,,,,23.5,81.0,,214.5,,,,709.75,
2024-05-28 06:00:00,32.25,54.75,1.12,15.32,8.05,4.78,11.92,0.43,18.31,0.1,1.2,,,,,23.52,82.0,,210.75,,,,710.0,
2024-05-28 07:00:00,26.5,58.25,1.42,11.32,6.18,6.48,14.08,0.46,19.37,0.15,1.48,,,,,23.5,82.0,,204.0,,,,710.75,
2024-05-28 08:00:00,26.0,63.75,1.42,8.55,4.7,7.35,13.58,0.43,18.48,0.15,1.42,,,,,24.12,77.25,,224.5,,,,711.0,
2024-05-28 09:00:00,28.25,70.0,1.23,8.9,4.75,7.15,12.38,0.42,18.09,0.1,1.25,,,,,24.9,70.5,,228.5,,,,711.75,
2024-05-28 10:00:00,26.0,71.5,1.35,8.95,4.85,6.98,14.78,0.43,18.33,0.15,1.6,,,,,25.6,65.5,,223.0,,,,711.5,
2024-05-28 11:00:00,27.25,67.5,1.23,9.2,4.9,7.2,17.95,0.42,18.4,0.2,2.0,,,,,26.05,62.5,,229.0,,,,711.0,
2024-05-28 12:00:00,30.75,67.25,1.4,7.98,4.35,7.82,17.15,0.42,18.14,0.2,1.88,,,,,26.92,56.5,,223.0,,,,710.25,
2024-05-28 13:00:00,29.0,62.0,1.38,8.3,4.5,7.42,13.6,0.42,21.72,0.1,1.45,,,,,26.92,58.25,,222.5,,,,709.75,
2024-05-28 14:00:00,26.25,68.25,1.35,8.22,4.47,7.2,15.65,0.42,27.08,0.18,1.68,,,,,27.28,55.5,,224.25,,,,709.0,
2024-05-28 15:00:00,28.5,86.75,1.12,8.3,4.3,7.28,15.75,0.42,27.18,0.2,1.68,,,,,27.42,52.75,,215.5,,,,708.5,
2024-05-28 16:00:00,32.25,90.75,1.4,8.55,4.68,7.22,15.15,0.42,27.1,0.18,1.62,,,,,27.32,50.25,,217.25,,,,708.25,
2024-05-28 17:00:00,32.0,104.0,1.23,8.82,4.7,7.0,15.4,0.43,27.48,0.18,1.65,,,,,27.0,50.5,,221.25,,,,709.0,
2024-05-28 18:00:00,38.0,102.0,1.12,9.22,4.88,7.38,15.4,0.42,27.47,0.2,1.65,,,,,26.5,55.0,,223.25,,,,709.0,
2024-05-28 19:00:00,36.75,97.25,1.12,9.45,4.95,7.8,15.4,0.42,27.06,0.2,1.65,,,,,26.12,57.25,,222.5,,,,710.0,
2024-05-28 20:00:00,32.75,72.5,1.27,10.0,5.35,8.1,17.62,0.42,27.46,0.2,1.92,,,,,25.65,64.75,,216.75,,,,710.5,
2024-05-28 21:00:00,31.0,63.75,1.32,8.8,4.77,7.48,16.12,0.42,27.17,0.2,1.75,,,,,25.15,70.25,,215.0,,,,711.0,
2024-05-28 22:00:00,25.75,47.25,1.27,8.43,4.53,7.0,15.2,0.42,27.26,0.2,1.62,,,,,24.75,73.5,,218.0,,,,711.0,
2024-05-28 23:00:00,19.0,36.0,1.52,8.1,4.55,6.65,14.55,0.43,27.33,0.18,1.52,,,,,24.42,76.75,,218.25,,,,710.75,
2024-05-29 00:00:00,11.0,24.0,1.32,8.8,4.8,6.48,14.02,0.44,27.7,0.12,1.5,,,,,24.18,79.25,,213.0,,,,710.0,
2024-05-29 01:00:00,14.25,24.75,1.25,9.0,4.82,6.38,15.43,0.44,27.79,0.2,1.67,,,,,23.88,82.25,,212.25,,,,710.0,
2024-05-29 02:00:00,21.5,24.75,1.18,9.12,4.8,6.3,14.35,0.42,27.23,0.15,1.52,,,,,23.62,84.5,,206.0,,,,709.0,
2024-05-29 03:00:00,13.25,17.75,1.3,9.48,5.1,6.12,12.38,0.43,27.52,0.1,1.27,,,,,23.48,85.0,,225.0,,,,709.0,
2024-05-29 04:00:00,12.25,18.75,1.18,8.93,4.68,6.28,12.92,0.43,27.4,0.1,1.35,,,,,23.35,85.5,,225.0,,,,709.0,
2024-05-29 05:00:00,17.0,24.25,1.1,9.45,4.93,6.3,12.92,0.42,27.34,0.12,1.32,,,,,23.22,86.75,,209.75,,,,709.75,
2024-05-29 06:00:00,20.75,26.75,1.2,8.9,4.72,6.65,12.85,0.42,27.36,0.12,1.32,,,,,23.22,87.0,,218.75,,,,710.25,
2024-05-29 07:00:00,23.0,36.0,1.27,8.85,4.75,7.05,12.28,0.44,27.7,0.1,1.23,,,,,23.48,85.5,,213.75,,,,711.0,
2024-05-29 08:00:00,22.5,47.5,1.38,8.48,4.6,7.2,9.8,0.42,27.4,0.1,0.95,,,,,24.15,80.5,,222.0,,,,711.0,
2024-05-29 09:00:00,20.5,45.25,1.2,8.9,4.72,7.12,12.08,0.44,27.82,0.1,1.23,,,,,24.88,75.5,,218.25,,,,711.0,
2024-05-29 10:00:00,19.75,42.5,1.23,9.12,4.85,7.05,12.78,0.43,27.61,0.1,1.3,,,,,25.8,68.5,,225.0,,,,711.0,
2024-05-29 11:00:00,21.5,46.0,1.2,9.0,4.82,6.95,12.72,0.42,27.38,0.1,1.32,,,,,26.4,61.5,,213.25,,,,710.25,
2024-05-29 12:00:00,21.0,64.0,0.95,12.35,6.38,6.22,11.75,0.42,27.1,0.1,1.18,,,,,27.12,55.0,,232.0,,,,710.0,
2024-05-29 13:00:00,23.25,71.75,1.35,12.28,6.62,6.2,11.65,0.44,27.96,0.12,1.15,,,,,27.68,49.5,,226.75,,,,709.0,
2024-05-29 14:00:00,24.75,68.75,1.05,8.65,4.45,7.45,13.02,0.39,24.91,0.1,1.35,,,,,27.82,47.5,,210.25,,,,708.75,
2024-05-29 15:00:00,32.25,69.25,0.92,14.18,7.32,5.4,11.42,0.44,28.46,0.1,1.15,,,,,28.08,47.25,,233.75,,,,708.0,
2024-05-29 16:00:00,22.5,66.25,1.25,11.8,6.28,6.38,11.5,0.45,28.6,0.1,1.18,,,,,27.6,48.0,,225.0,,,,708.0,
2024-05-29 17:00:00,29.25,74.25,1.08,9.15,4.78,7.98,12.45,0.42,27.2,0.1,1.27,,,,,27.28,50.5,,239.75,,,,708.0,
2024-05-29 18:00:00,33.75,78.5,1.3,9.28,5.0,8.55,12.72,0.42,27.35,0.1,1.3,,,,,27.02,53.25,,256.25,,,,708.5,
2024-05-29 19:00:00,28.5,81.0,1.35,9.95,5.38,9.8,14.72,0.42,27.22,0.15,1.55,,,,,26.8,55.0,,218.25,,,,709.25,
2024-05-29 20:00:00,32.5,80.75,1.25,11.15,5.92,8.5,16.2,0.43,27.46,0.2,1.78,,,,,26.28,62.25,,220.0,,,,710.0,
2024-05-29 21:00:00,27.75,61.75,1.25,9.52,5.1,7.2,16.7,0.42,26.64,0.2,1.82,,,,,25.35,70.25,,229.0,,,,710.0,
2024-05-29 22:00:00,18.75,36.5,1.3,9.3,5.03,7.05,13.52,0.43,27.33,0.12,1.4,,,,,25.08,72.5,,213.0,,,,711.0,
2024-05-29 23:00:00,22.75,41.75,1.15,8.78,4.55,7.0,13.92,0.42,27.22,0.15,1.45,,,,,24.82,74.75,,213.25,,,,711.0,
2024-05-30 00:00:00,25.25,33.5,1.27,8.85,4.78,6.68,13.15,0.42,27.04,0.12,1.38,,,,,24.65,77.25,,229.0,,,,710.0,
2024-05-30 01:00:00,17.0,30.0,1.27,9.28,4.95,6.5,11.27,0.42,27.44,0.1,1.13,,,,,24.38,80.0,,214.5,,,,709.5,
2024-05-30 02:00:00,17.25,32.25,1.32,9.12,4.95,6.45,13.52,0.43,27.52,0.1,1.42,,,,,24.1,81.75,,209.25,,,,709.0,
2024-05-30 03:00:00,17.75,28.75,1.23,9.7,5.18,6.22,13.78,0.42,27.52,0.1,1.42,,,,,23.88,83.0,,215.25,,,,709.0,
2024-05-30 04:00:00,17.25,24.5,1.32,9.1,4.88,6.42,13.28,0.43,27.25,0.1,1.4,,,,,23.72,84.25,,219.0,,,,709.0,
2024-05-30 05:00:00,18.75,25.25,1.15,8.88,4.68,6.52,13.78,0.42,27.24,0.1,1.45,,,,,23.6,85.0,,223.0,,,,709.5,
2024-05-30 06:00:00,20.5,31.0,1.1,8.18,4.25,7.05,15.05,0.43,27.42,0.18,1.6,,,,,23.65,84.75,,246.75,,,,710.25,
2024-05-30 07:00:00,20.0,33.0,1.12,7.88,4.1,7.48,13.05,0.44,27.72,0.1,1.35,,,,,24.08,82.25,,235.25,,,,711.0,
2024-05-30 08:00:00,21.75,49.25,1.15,8.25,4.3,7.45,12.78,0.43,27.81,0.1,1.32,,,,,24.8,76.25,,221.75,,,,712.0,
2024-05-30 09:00:00,19.0,51.75,1.32,9.12,4.92,7.32,15.4,0.43,27.66,0.2,1.65,,,,,25.52,71.0,,217.0,,,,712.0,
2024-05-30 10:00:00,22.0,48.0,,9.2,2.4,7.3,,0.46,29.38,,,,,,,26.5,62.0,,247.0,,,,712.0,
2024-05-30 11:00:00,15.0,69.0,0.5,9.0,3.98,7.48,28.1,0.45,28.45,0.35,3.3,,,,,26.92,59.5,,215.75,,,,711.25,
2024-05-30 12:00:00,17.0,69.5,1.02,8.9,4.6,7.58,34.08,0.44,27.68,0.4,4.08,,,,,27.62,54.5,,236.5,,,,710.25,
2024-05-30 13:00:00,24.0,70.25,1.12,10.52,5.52,6.95,33.7,0.39,25.46,0.4,4.03,,,,,28.02,52.25,,234.0,,,,709.75,
2024-05-30 14:00:00,26.5,71.75,1.02,19.27,10.07,3.8,29.12,0.43,27.48,0.32,3.42,,,,,28.2,51.75,,207.75,,,,709.0,
2024-05-30 15:00:00,23.75,78.5,1.6,19.5,10.68,3.55,26.98,0.45,28.61,0.3,3.18,,,,,28.35,50.0,,226.5,,,,708.75,
2024-05-30 16:00:00,21.25,66.25,1.38,9.6,5.22,6.95,28.32,0.44,28.33,0.32,3.32,,,,,28.3,49.5,,234.0,,,,708.25,
2024-05-30 17:00:00,25.5,73.5,1.32,8.3,4.5,7.28,28.32,0.42,27.23,0.3,3.32,,,,,27.9,51.0,,218.5,,,,709.0,
2024-05-30 18:00:00,26.75,82.75,1.38,8.52,4.68,7.82,27.08,0.42,27.17,0.3,3.2,,,,,27.38,53.25,,224.5,,,,709.75,
2024-05-30 19:00:00,25.5,78.0,1.32,8.95,4.88,8.68,26.9,0.42,27.18,0.3,3.15,,,,,27.1,55.0,,232.0,,,,710.25,
2024-05-30 20:00:00,26.5,75.75,1.38,9.32,5.07,8.98,28.92,0.42,27.28,0.3,3.4,,,,,26.95,55.0,,244.25,,,,711.0,
2024-05-30 21:00:00,33.5,77.0,1.27,8.7,4.68,8.75,30.75,0.42,27.04,0.38,3.62,,,,,26.72,56.25,,245.0,,,,711.0,
2024-05-30 22:00:00,29.0,72.5,1.05,8.88,4.57,7.45,29.55,0.42,27.4,0.3,3.48,,,,,26.38,61.0,,227.25,,,,711.75,
2024-05-30 23:00:00,21.5,64.5,1.35,8.4,4.55,6.6,29.88,0.42,27.29,0.32,3.52,,,,,25.68,66.75,,221.25,,,,711.0,
2024-05-31 00:00:00,26.0,52.5,1.3,8.15,4.4,6.52,27.7,0.42,27.49,0.3,3.25,,,,,25.18,69.0,,239.25,,,,711.0,
2024-05-31 01:00:00,23.5,46.0,1.22,8.32,4.43,6.57,8.33,0.42,27.04,0.1,0.73,,,,,24.78,75.75,,224.25,,,,710.5,
2024-05-31 02:00:00,18.25,39.75,1.08,8.78,4.53,6.4,7.75,0.42,27.15,0.1,0.65,,,,,24.42,78.25,,225.5,,,,710.0,
2024-05-31 03:00:00,23.25,37.25,1.08,9.18,4.75,6.3,10.52,0.42,27.56,0.1,1.03,,,,,24.18,80.75,,217.5,,,,710.0,
2024-05-31 04:00:00,17.5,33.25,1.23,9.18,4.85,6.3,9.62,0.44,27.59,0.1,0.9,,,,,24.05,82.0,,217.75,,,,710.25,
2024-05-31 05:00:00,16.75,37.75,1.2,8.05,4.28,6.7,9.32,0.42,26.94,0.1,0.85,,,,,23.9,82.0,,232.0,,,,711.0,
2024-05-31 06:00:00,21.0,40.75,1.23,9.05,4.8,6.52,9.75,0.42,27.26,0.1,0.92,,,,,23.95,81.75,,229.75,,,,711.25,
2024-05-31 07:00:00,26.25,47.5,1.12,10.15,5.3,6.3,11.35,0.42,26.78,0.1,1.12,,,,,24.28,79.0,,222.5,,,,712.0,
2024-05-31 08:00:00,26.25,62.75,1.05,14.78,7.7,5.45,11.3,0.44,28.62,0.1,1.12,,,,,25.32,71.0,,227.5,,,,712.0,
2024-05-31 09:00:00,34.25,69.75,1.45,9.88,5.42,7.52,9.1,0.44,28.05,0.1,0.85,,,,,26.38,63.0,,213.25,,,,712.0,
2024-05-31 10:00:00,35.75,78.0,1.35,8.9,4.85,7.48,8.43,0.42,27.25,0.1,0.75,,,,,27.08,57.5,,216.0,,,,712.0,
2024-05-31 11:00:00,29.75,86.25,1.15,8.93,4.68,8.45,10.42,0.42,27.23,0.1,1.0,,,,,27.9,51.75,,196.5,,,,711.5,
2024-05-31 12:00:00,31.25,82.0,1.2,8.98,4.78,8.62,10.0,0.44,27.57,0.1,0.95,,,,,28.52,47.0,,208.75,,,,710.75,
2024-05-31 13:00:00,29.5,77.0,1.25,8.98,4.78,8.52,10.58,0.42,27.3,0.1,1.05,,,,,29.15,43.5,,209.25,,,,709.75,
2024-05-31 14:00:00,30.5,80.0,1.4,8.2,4.5,8.18,7.62,0.42,26.9,0.1,0.62,,,,,29.3,42.5,,213.25,,,,709.0,
2024-05-31 15:00:00,30.75,82.5,1.08,10.48,5.42,7.65,11.18,0.44,27.64,0.1,1.12,,,,,29.3,42.75,,210.25,,,,708.25,
2024-05-31 16:00:00,36.5,91.0,1.35,9.35,5.05,8.55,10.45,0.43,27.37,0.1,1.02,,,,,29.28,42.25,,221.75,,,,708.0,
2024-05-31 17:00:00,39.5,98.0,1.15,10.25,5.42,10.02,11.75,0.42,27.1,0.1,1.15,,,,,29.18,43.25,,162.25,,,,708.5,
2024-05-31 18:00:00,44.0,113.0,1.25,11.92,6.35,11.85,11.5,0.42,27.37,0.1,1.15,,,,,28.05,47.5,,163.25,,,,709.25,
2024-05-31 19:00:00,43.25,116.0,1.35,13.45,7.22,9.55,13.05,0.43,27.52,0.1,1.35,,,,,27.45,52.0,,229.0,,,,710.0,
2024-05-31 20:00:00,38.25,93.5,1.25,12.78,6.8,7.82,12.88,0.44,27.56,0.1,1.32,,,,,26.72,59.0,,228.75,,,,710.75,
2024-05-31 21:00:00,29.75,83.25,1.52,10.88,6.02,9.78,12.75,0.42,27.47,0.1,1.3,,,,,26.58,59.75,,257.0,,,,711.0,
2024-05-31 22:00:00,33.25,93.25,1.25,11.88,6.32,10.1,12.45,0.42,27.14,0.1,1.27,,,,,26.5,60.5,,224.5,,,,711.0,
2024-05-31 23:00:00,46.0,94.0,1.27,11.6,6.2,7.67,11.33,0.43,27.46,0.1,1.13,,,,,26.5,59.67,,229.0,,,,711.0,
2024-06-01 00:00:00,29.5,74.5,1.35,10.48,5.68,6.5,11.28,0.42,27.28,0.1,1.15,,,,,25.9,67.75,,206.5,,,,711.0,
2024-06-01 01:00:00,28.25,56.5,1.27,10.6,5.68,6.18,7.0,0.44,27.94,0.1,0.57,,,,,25.52,73.75,,227.75,,,,710.25,
2024-06-01 02:00:00,27.0,48.5,1.27,10.82,5.8,5.72,5.88,0.44,27.75,,0.43,,,,,25.3,76.0,,234.75,,,,709.75,
2024-06-01 03:00:00,22.75,37.25,1.32,10.85,5.88,5.6,6.82,0.43,27.48,0.1,0.57,,,,,25.08,78.5,,228.0,,,,709.0,
2024-06-01 04:00:00,27.75,34.5,1.08,10.78,5.6,5.68,6.75,0.42,27.22,0.1,0.55,,,,,24.82,80.25,,226.25,,,,709.5,
2024-06-01 05:00:00,25.75,34.5,1.1,9.1,4.72,6.38,4.65,0.42,27.15,,0.25,,,,,24.58,82.0,,218.75,,,,710.0,
2024-06-01 06:00:00,22.75,40.25,1.08,9.02,4.68,6.7,3.88,0.43,27.51,,0.23,,,,,24.52,83.0,,219.5,,,,710.75,
2024-06-01 07:00:00,27.0,47.5,1.12,8.12,4.22,6.93,1.9,0.42,27.18,,0.1,,,,,24.85,80.0,,225.75,,,,711.75,
2024-06-01 08:00:00,32.0,58.0,1.42,7.92,4.38,6.95,3.75,0.42,27.39,,0.25,,,,,25.3,75.75,,235.75,,,,712.0,
2024-06-01 09:00:00,30.25,65.25,1.2,8.57,4.55,7.07,3.05,0.42,27.23,,0.17,,,,,26.18,69.75,,220.5,,,,712.0,
2024-06-01 10:00:00,35.25,95.75,1.0,9.38,4.8,6.88,4.97,0.42,27.01,,0.35,,,,,26.9,64.5,,228.25,,,,712.0,
2024-06-01 11:00:00,37.25,115.0,1.1,10.0,5.22,7.55,6.0,0.43,27.44,0.1,0.45,,,,,27.83,57.75,,222.0,,,,711.75,
2024-06-01 12:00:00,33.75,90.5,1.05,10.15,5.25,7.5,8.22,0.42,27.27,0.1,0.72,,,,,28.28,53.75,,234.5,,,,710.75,
2024-06-01 13:00:00,38.0,79.75,1.42,9.18,5.03,7.3,5.2,0.42,27.3,0.1,0.3,,,,,28.32,54.0,,223.75,,,,709.75,
2024-06-01 14:00:00,35.5,79.25,1.42,8.57,4.72,8.43,4.15,0.42,27.23,,0.22,,,,,28.18,54.75,,212.0,,,,709.0,
2024-06-01 15:00:00,37.0,80.0,1.45,9.8,5.35,8.45,4.1,0.4,25.85,,0.2,,,,,24.8,80.5,,179.5,,,,710.0,
2024-06-01 16:00:00,13.0,27.0,1.05,13.62,7.1,7.62,17.0,0.44,28.06,0.2,1.85,,,,,23.75,90.25,,187.25,,,,710.25,
2024-06-01 17:00:00,14.0,28.25,1.32,11.98,6.42,9.35,19.92,0.44,27.85,0.2,2.22,,,,,23.92,89.5,,177.25,,,,710.75,
2024-06-01 18:00:00,21.0,33.5,1.23,14.3,7.6,8.57,20.55,0.42,26.8,0.2,2.33,,,,,23.98,88.75,,214.75,,,,710.75,
2024-06-01 19:00:00,29.75,37.0,1.23,13.48,7.15,10.35,25.68,0.44,28.09,0.3,3.0,,,,,23.9,86.0,,208.0,,,,712.0,
2024-06-01 20:00:00,20.0,34.0,0.9,6.9,3.4,7.6,,0.42,26.99,,,,,,,23.35,88.5,,220.0,,,,713.5,
2024-06-01 21:00:00,7.0,15.0,1.15,8.45,4.43,7.92,28.1,0.42,26.68,0.32,3.32,,,,,23.15,89.5,,207.25,,,,714.0,
2024-06-01 22:00:00,8.5,14.75,1.08,10.25,5.32,7.35,29.05,0.42,27.21,0.32,3.42,,,,,23.05,90.25,,218.25,,,,714.0,
2024-06-01 23:00:00,13.0,14.0,1.23,10.92,5.8,8.05,28.52,0.44,25.84,0.3,3.38,,,,,23.1,91.25,,147.0,,,,714.0,
2024-06-02 00:00:00,,,1.23,11.2,5.97,7.93,28.33,0.42,21.82,0.3,3.3,,,,,23.1,92.0,,111.33,,,,713.33,
2024-06-02 01:00:00,,,,,,,,,,,,,,,,,,,,,,,,
2024-06-02 02:00:00,,,,,,,,,,,,,,,,,,,,,,,,
2024-06-02 03:00:00,,,,,,,,,,,,,,,,,,,,,,,,
2024-06-02 04:00:00,,,,,,,,,,,,,,,,,,,,,,,,
2024-06-02 05:00:00,,,,,,,,,,,,,,,,,,,,,,,,
2024-06-02 06:00:00,,,,,,,,,,,,,,,,,,,,,,,,
2024-06-02 07:00:00,,,,,,,,,,,,,,,,,,,,,,,,
2024-06-02 08:00:00,,,,,,,,,,,,,,,,,,,,,,,,
2024-06-02 09:00:00,,,,,,,,,,,,,,,,,,,,,,,,
2024-06-02 10:00:00,,,,,,,,,,,,,,,,,,,,,,,,
2024-06-02 11:00:00,,,,,,,,,,,,,,,,,,,,,,,,
2024-06-02 12:00:00,,,,,,,,,,,,,,,,,,,,,,,,
2024-06-02 13:00:00,,,,,,,,,,,,,,,,,,,,,,,,
2024-06-02 14:00:00,,,,,,,,,,,,,,,,,,,,,,,,
2024-06-02 15:00:00,,,,,,,,,,,,,,,,,,,,,,,,
2024-06-02 16:00:00,,,,,,,,,,,,,,,,,,,,,,,,
2024-06-02 17:00:00,,,,,,,,,,,,,,,,,,,,,,,,
2024-06-02 18:00:00,,,,,,,,,,,,,,,,,,,,,,,,
2024-06-02 19:00:00,,,,,,,,,,,,,,,,,,,,,,,,
2024-06-02 20:00:00,,,,,,,,,,,,,,,,,,,,,,,,
2024-06-02 21:00:00,,,,,,,,,,,,,,,,,,,,,,,,
2024-06-02 22:00:00,,,,,,,,,,,,,,,,,,,,,,,,
2024-06-02 23:00:00,,,,,,,,,,,,,,,,,,,,,,,,
2024-06-03 00:00:00,,,,,,,,,,,,,,,,,,,,,,,,
2024-06-03 01:00:00,,,,,,,,,,,,,,,,,,,,,,,,
2024-06-03 02:00:00,,,,,,,,,,,,,,,,,,,,,,,,
2024-06-03 03:00:00,,,,,,,,,,,,,,,,,,,,,,,,
2024-06-03 04:00:00,,,,,,,,,,,,,,,,,,,,,,,,
2024-06-03 05:00:00,,,,,,,,,,,,,,,,,,,,,,,,
2024-06-03 06:00:00,,,,,,,,,,,,,,,,,,,,,,,,
2024-06-03 07:00:00,,,,,,,,,,,,,,,,,,,,,,,,
2024-06-03 08:00:00,,,,,,,,,,,,,,,,,,,,,,,,
2024-06-03 09:00:00,,,,,,,,,,,,,,,,,,,,,,,,
2024-06-03 10:00:00,,,,,,,,,,,,,,,,,,,,,,,,
2024-06-03 11:00:00,,,,,,,,,,,,,,,,,,,,,,,,
2024-06-03 12:00:00,,,,,,,,,,,,,,,,,,,,,,,,
2024-06-03 13:00:00,,,,,,,,0.4,20.44,,,,,,,27.3,56.0,,204.0,,,,714.0,
2024-06-03 14:00:00,,,,,,,,,,,,,,,,,,,,,,,,
2024-06-03 15:00:00,,,,,,,,,,,,,,,,,,,,,,,,
2024-06-03 16:00:00,,,,,,,,,,,,,,,,,,,,,,,,
2024-06-03 17:00:00,,,,,,,,,,,,,,,,,,,,,,,,
2024-06-03 18:00:00,,,,,,,,,,,,,,,,,,,,,,,,
2024-06-03 19:00:00,,,,,,,,,,,,,,,,,,,,,,,,
2024-06-03 20:00:00,,,,,,,33.8,0.49,25.28,0.4,4.0,,,,,24.25,79.0,,212.5,,,,715.0,
2024-06-03 21:00:00,,,,,,,,,,,,,,,,,,,,,,,,
2024-06-03 22:00:00,,,,,,,,,,,,,,,,,,,,,,,,
2024-06-03 23:00:00,,,,,,,,,,,,,,,,,,,,,,,,
2024-06-04 00:00:00,,,,,,,,,,,,,,,,,,,,,,,,
2024-06-04 01:00:00,,,,,,,,,,,,,,,,,,,,,,,,
2024-06-04 02:00:00,,,,,,,,,,,,,,,,,,,,,,,,
2024-06-04 03:00:00,,,,,,,,,,,,,,,,,,,,,,,,
2024-06-04 04:00:00,,,,,,,,,,,,,,,,,,,,,,,,
2024-06-04 05:00:00,,,,,,,,,,,,,,,,,,,,,,,,
2024-06-04 06:00:00,,,,,,,,,,,,,,,,,,,,,,,,
2024-06-04 07:00:00,,,,,,,,,,,,,,,,,,,,,,,,
2024-06-04 08:00:00,,,,,,,,,,,,,,,,,,,,,,,,
2024-06-04 09:00:00,14.0,24.0,,,,,29.4,0.5,25.78,0.5,5.2,,,,,24.3,76.5,,216.0,,,,715.25,
2024-06-04 10:00:00,15.5,26.75,0.8,14.28,6.78,5.52,45.32,0.39,20.21,0.5,5.52,,,,,25.3,70.0,,207.25,,,,715.0,
2024-06-04 11:00:00,18.0,33.0,1.02,13.08,6.78,5.78,42.65,0.46,23.26,0.5,5.2,,,,,26.05,64.75,,214.0,,,,714.25,
2024-06-04 12:00:00,12.25,26.25,1.32,9.43,5.1,7.12,40.1,0.44,22.28,0.43,4.85,,,,,26.6,58.75,,213.25,,,,714.0,
2024-06-04 13:00:00,13.5,22.75,1.25,10.17,5.42,7.05,42.1,0.41,21.29,0.48,5.12,,,,,27.18,54.75,,212.25,,,,713.0,
2024-06-04 14:00:00,13.5,20.25,1.15,9.9,5.2,7.07,43.68,0.42,21.58,0.5,5.32,,,,,27.4,53.75,,201.25,,,,712.0,
2024-06-04 15:00:00,10.5,24.0,1.05,9.68,5.0,7.02,43.18,0.43,21.96,0.5,5.25,,,,,27.75,51.75,,226.0,,,,711.0,
2024-06-04 16:00:00,14.25,26.75,1.05,9.95,5.15,6.85,45.45,0.42,21.76,0.5,5.52,,,,,27.55,53.25,,205.25,,,,711.0,
2024-06-04 17:00:00,13.5,34.75,1.1,10.1,5.28,6.6,44.25,0.42,21.5,0.5,5.38,,,,,27.38,54.25,,203.25,,,,711.0,
2024-06-04 18:00:00,17.0,35.75,1.3,10.02,5.4,7.22,44.5,0.43,21.98,0.5,5.43,,,,,26.6,58.75,,198.5,,,,711.0,
2024-06-04 19:00:00,14.75,42.75,1.35,9.72,5.3,8.5,45.38,0.44,22.36,0.5,5.52,,,,,26.22,61.0,,186.75,,,,712.0,
2024-06-04 20:00:00,15.5,43.5,1.2,10.35,5.43,7.75,46.22,0.42,21.64,0.5,5.62,,,,,25.68,67.75,,219.5,,,,713.0,
2024-06-04 21:00:00,12.5,29.25,1.15,10.15,5.3,7.15,46.3,0.42,21.28,0.5,5.65,,,,,25.25,71.25,,231.25,,,,713.0,
2024-06-04 22:00:00,18.5,28.0,1.25,9.52,5.08,7.22,47.55,0.42,21.82,0.52,5.82,,,,,25.12,71.5,,237.25,,,,714.0,
2024-06-04 23:00:00,20.75,29.25,1.27,9.52,5.1,6.75,49.18,0.44,22.45,0.55,6.02,,,,,25.02,70.75,,241.5,,,,714.0,
2024-06-05 00:00:00,13.25,21.5,1.4,9.3,5.12,6.75,50.08,0.42,21.68,0.6,6.12,,,,,24.72,74.75,,249.5,,,,713.75,
2024-06-05 01:00:00,13.0,17.0,1.0,9.7,4.97,6.62,16.53,0.42,21.65,0.2,1.8,,,,,24.75,75.25,,231.0,,,,713.0,
2024-06-05 02:00:00,17.0,23.25,1.15,9.38,4.9,6.5,14.72,0.43,21.92,0.18,1.58,,,,,24.45,77.75,,245.75,,,,712.0,
2024-06-05 03:00:00,10.0,13.5,1.18,9.33,4.9,6.18,12.4,0.42,21.54,0.1,1.27,,,,,24.2,79.5,,252.75,,,,712.0,
2024-06-05 04:00:00,7.0,9.0,1.2,9.45,5.0,6.15,10.02,0.43,21.84,0.1,0.98,,,,,24.12,80.75,,234.0,,,,712.25,
2024-06-05 05:00:00,,,1.3,9.1,4.9,6.22,10.0,0.42,21.74,0.1,0.98,,,,,24.1,81.75,,228.5,,,,713.0,
2024-06-05 06:00:00,20.0,27.0,1.27,8.82,4.75,6.62,10.45,0.44,22.18,0.1,1.02,,,,,24.1,82.0,,223.25,,,,713.25,
2024-06-05 07:00:00,21.25,29.25,1.32,8.15,4.42,7.22,12.5,0.44,22.46,0.12,1.25,,,,,24.28,80.75,,228.0,,,,714.0,
2024-06-05 08:00:00,23.75,38.75,1.25,7.98,4.25,7.4,13.7,0.42,21.66,0.15,1.42,,,,,24.8,76.75,,229.25,,,,714.0,
2024-06-05 09:00:00,20.75,45.75,1.32,8.28,4.53,7.2,9.82,0.43,22.16,0.1,0.92,,,,,25.33,72.25,,223.75,,,,714.75,
2024-06-05 10:00:00,23.0,42.0,1.17,8.63,4.53,7.0,10.3,0.42,21.84,0.1,1.0,,,,,26.13,66.33,,217.0,,,,715.0,
2024-06-05 11:00:00,23.0,42.0,1.27,7.4,3.97,7.67,13.5,0.44,22.32,0.15,1.4,,,,,26.55,62.5,,206.5,,,,714.0,
2024-06-05 12:00:00,13.0,28.0,1.15,7.7,4.03,7.62,14.92,0.44,22.58,0.15,1.58,,,,,26.9,59.5,,206.75,,,,713.0,
2024-06-05 13:00:00,13.0,26.25,1.38,8.4,4.6,7.28,16.65,0.43,26.42,0.2,1.82,,,,,27.25,56.5,,210.25,,,,712.25,
2024-06-05 14:00:00,14.5,25.0,1.55,8.4,4.7,7.12,16.0,0.43,27.17,0.2,1.72,,,,,27.08,56.75,,201.75,,,,711.0,
2024-06-05 15:00:00,18.25,34.5,1.52,8.22,4.62,7.18,15.48,0.42,27.1,0.18,1.65,,,,,26.95,56.25,,207.0,,,,710.25,
2024-06-05 16:00:00,17.25,28.5,1.25,8.52,4.53,7.68,16.65,0.43,27.3,0.2,1.8,,,,,26.85,57.0,,214.5,,,,710.25,
2024-06-05 17:00:00,22.5,49.25,1.1,9.05,4.7,10.18,16.85,0.44,27.91,0.2,1.82,,,,,25.9,64.25,,143.75,,,,711.0,
2024-06-05 18:00:00,25.75,83.25,1.27,9.85,5.28,8.22,17.88,0.43,27.57,0.2,1.98,,,,,24.68,74.75,,234.25,,,,712.0,
2024-06-05 19:00:00,22.0,39.0,1.2,9.57,5.1,7.68,19.88,0.43,27.53,0.2,2.22,,,,,23.45,88.25,,236.25,,,,713.5,
2024-06-05 20:00:00,,,1.15,9.57,5.03,9.38,19.42,0.42,26.74,0.2,2.15,,,,,23.4,89.25,,227.75,,,,715.0,
2024-06-05 21:00:00,6.0,10.0,1.38,10.32,5.57,9.25,18.2,0.43,27.53,0.2,2.0,,,,,23.48,90.0,,197.75,,,,715.0,
2024-06-05 22:00:00,8.5,13.75,1.27,10.38,5.55,9.07,19.35,0.42,27.33,0.2,2.17,,,,,23.48,91.0,,266.5,,,,715.0,
2024-06-05 23:00:00,16.0,25.0,0.8,10.53,5.23,8.47,19.4,0.44,18.69,0.2,2.2,,,,,23.43,91.0,,252.33,,,,715.0,
2024-06-06 00:00:00,6.0,21.0,1.12,9.88,5.18,7.58,17.32,0.41,17.75,0.2,1.9,,,,,23.5,90.5,,231.5,,,,714.5,
2024-06-06 01:00:00,7.25,19.0,1.3,9.78,5.22,6.8,16.8,0.44,18.56,0.2,1.83,,,,,23.52,90.0,,201.0,,,,713.75,
2024-06-06 02:00:00,11.0,13.0,1.32,9.5,5.12,6.42,15.9,0.44,18.68,0.2,1.7,,,,,23.6,89.0,,234.75,,,,713.0,
2024-06-06 03:00:00,12.0,15.0,1.4,9.55,5.22,6.28,19.12,0.44,18.6,0.2,2.17,,,,,23.6,87.25,,243.0,,,,712.25,
2024-06-06 04:00:00,12.0,15.0,1.27,9.4,5.05,6.55,19.55,0.44,18.94,0.2,2.17,,,,,23.58,87.0,,229.5,,,,712.75,
2024-06-06 05:00:00,20.0,24.0,1.18,9.38,4.93,6.58,18.73,0.43,18.59,0.2,2.1,,,,,23.5,88.0,,227.75,,,,713.0,
2024-06-06 06:00:00,20.0,24.0,1.42,9.0,4.92,7.4,18.75,0.43,18.28,0.2,2.1,,,,,23.5,88.0,,220.5,,,,713.5,
2024-06-06 07:00:00,20.0,22.0,1.4,8.75,4.78,7.48,18.05,0.42,18.19,0.2,1.98,,,,,23.7,87.0,,218.75,,,,714.25,
2024-06-06 08:00:00,19.25,23.25,1.1,9.2,4.78,7.55,17.58,0.42,18.22,0.2,1.92,,,,,24.08,84.5,,222.0,,,,715.0,
2024-06-06 09:00:00,17.5,26.25,1.42,9.05,4.97,7.42,19.8,0.43,18.31,0.2,2.2,,,,,24.62,79.25,,207.25,,,,715.0,
2024-06-06 10:00:00,17.5,23.25,1.27,9.12,4.88,6.92,19.25,0.42,18.0,0.2,2.15,,,,,25.2,74.25,,214.25,,,,714.25,
2024-06-06 11:00:00,13.0,22.5,1.27,8.85,4.72,6.95,18.2,0.43,18.43,0.2,2.0,,,,,25.65,70.75,,215.5,,,,714.0,
2024-06-06 12:00:00,12.0,24.75,1.05,8.82,4.55,6.98,18.05,0.42,18.05,0.2,2.0,,,,,26.18,65.75,,225.0,,,,714.0,
2024-06-06 13:00:00,9.0,17.5,1.05,8.98,4.65,7.05,17.65,0.43,18.27,0.2,1.95,,,,,26.5,63.75,,211.5,,,,713.0,
2024-06-06 14:00:00,9.0,16.0,1.18,9.6,5.1,6.68,18.0,0.39,16.9,0.2,2.0,,,,,26.65,62.75,,210.75,,,,711.75,
2024-06-06 15:00:00,5.0,23.0,1.08,18.38,9.62,4.08,13.58,0.42,18.28,0.15,1.42,,,,,27.45,58.25,,208.0,,,,711.0,
2024-06-06 16:00:00,5.75,23.25,1.25,22.02,11.72,3.08,9.8,0.45,19.15,0.1,0.92,,,,,27.62,55.5,,217.0,,,,711.0,
2024-06-06 17:00:00,7.25,26.0,1.48,10.72,5.92,6.68,10.75,0.45,19.03,0.1,1.05,,,,,26.8,60.75,,196.0,,,,711.0,
2024-06-06 18:00:00,5.0,32.0,1.47,8.2,4.57,7.7,13.87,0.33,13.86,0.13,1.47,,,,,26.07,66.0,,183.67,,,,712.0,
2024-06-06 19:00:00,5.0,32.0,0.1,10.07,3.87,6.7,28.5,0.46,19.6,0.35,3.35,,,,,23.33,84.67,,196.67,,,,713.33,
2024-06-06 20:00:00,,,0.88,7.35,3.6,7.57,31.5,0.42,18.19,0.38,3.72,,,,,23.5,86.75,,205.25,,,,714.0,
2024-06-06 21:00:00,,,1.27,7.18,3.82,7.62,35.83,0.42,17.8,0.4,4.28,,,,,23.5,87.0,,198.75,,,,715.0,
2024-06-06 22:00:00,8.0,,1.2,7.25,3.82,7.25,33.58,0.43,18.34,0.4,4.0,,,,,23.38,88.5,,208.75,,,,715.0,
2024-06-06 23:00:00,8.0,,1.18,7.1,3.72,7.07,34.33,0.43,18.39,0.4,4.1,,,,,23.3,89.5,,200.25,,,,714.75,
2024-06-07 00:00:00,,,1.18,7.05,3.72,6.98,35.9,0.42,18.06,0.4,4.3,,,,,23.3,90.0,,203.75,,,,713.75,
2024-06-07 01:00:00,,,1.23,6.95,3.7,6.9,16.07,0.41,17.4,0.17,1.73,,,,,23.3,90.5,,208.5,,,,713.0,
2024-06-07 02:00:00,,,1.12,6.98,3.62,6.9,14.05,0.42,18.06,0.15,1.48,,,,,23.3,91.0,,217.0,,,,712.25,
2024-06-07 03:00:00,,,1.4,7.08,3.9,6.85,10.07,0.42,17.88,0.1,0.98,,,,,23.3,90.5,,198.75,,,,711.0,
2024-06-07 04:00:00,6.0,8.0,1.23,7.3,3.9,7.12,10.58,0.43,18.3,0.1,1.02,,,,,23.25,90.25,,221.25,,,,710.0,
2024-06-07 05:00:00,5.75,9.25,1.1,7.3,3.78,7.12,11.18,0.42,18.07,0.1,1.12,,,,,23.32,90.0,,236.0,,,,710.75,
2024-06-07 06:00:00,5.0,13.0,1.25,7.25,3.9,7.28,12.12,0.43,18.38,0.1,1.23,,,,,23.28,90.0,,212.75,,,,712.5,
2024-06-07 07:00:00,13.0,14.0,1.32,6.85,3.72,7.58,12.62,0.42,17.73,0.1,1.27,,,,,23.28,89.5,,197.0,,,,713.0,
2024-06-07 08:00:00,13.0,14.0,1.3,7.1,3.82,7.8,12.75,0.43,18.32,0.1,1.32,,,,,23.68,87.75,,192.25,,,,713.5,
2024-06-07 09:00:00,9.0,10.0,1.32,7.25,3.92,7.42,12.52,0.42,17.94,0.1,1.27,,,,,24.3,79.5,,195.75,,,,714.0,
2024-06-07 10:00:00,10.5,11.75,1.23,7.3,3.9,7.5,11.7,0.43,18.42,0.1,1.15,,,,,24.85,74.75,,189.0,,,,714.0,
2024-06-07 11:00:00,14.5,19.0,1.38,7.25,3.95,7.28,11.32,0.41,17.79,0.1,1.12,,,,,25.22,71.75,,193.0,,,,713.25,
2024-06-07 12:00:00,12.0,23.0,1.15,7.52,3.95,7.18,10.1,0.42,18.02,0.1,0.98,,,,,25.78,65.0,,192.0,,,,712.75,
2024-06-07 13:00:00,8.0,15.5,1.05,8.05,4.12,7.32,12.18,0.44,18.48,0.1,1.25,,,,,26.12,62.75,,194.5,,,,711.75,
2024-06-07 14:00:00,6.75,12.25,1.27,8.32,4.45,7.28,12.98,0.42,18.01,0.1,1.35,,,,,26.48,60.0,,194.25,,,,710.5,
2024-06-07 15:00:00,12.0,16.0,1.18,8.68,4.55,7.25,12.3,0.41,17.67,0.12,1.25,,,,,26.8,57.5,,195.75,,,,710.0,
2024-06-07 16:00:00,12.0,14.0,0.98,8.55,4.32,6.95,11.6,0.42,18.07,0.1,1.18,,,,,25.52,68.0,,205.5,,,,710.0,
2024-06-07 17:00:00,10.5,13.0,1.2,7.85,4.15,8.57,13.08,0.42,17.98,0.1,1.35,,,,,23.9,86.25,,185.25,,,,710.25,
2024-06-07 18:00:00,6.0,10.0,1.4,7.5,4.12,8.1,13.32,0.42,17.99,0.1,1.4,,,,,24.28,83.0,,205.75,,,,711.0,
2024-06-07 19:00:00,5.0,10.0,1.18,7.6,4.03,8.32,13.08,0.44,18.6,0.1,1.35,,,,,24.2,79.0,,204.75,,,,711.75,
2024-06-07 20:00:00,6.25,11.75,1.3,7.55,4.05,8.12,13.18,0.43,18.37,0.1,1.38,,,,,24.2,79.75,,223.25,,,,712.0,
2024-06-07 21:00:00,10.0,17.0,1.23,7.6,4.03,7.8,13.98,0.44,18.62,0.12,1.45,,,,,24.05,81.0,,207.0,,,,712.5,
2024-06-07 22:00:00,14.0,18.0,1.25,7.55,4.03,7.4,13.88,0.41,17.72,0.1,1.48,,,,,23.9,81.25,,211.5,,,,713.0,
2024-06-07 23:00:00,14.0,18.0,1.32,7.3,3.95,7.12,13.58,0.43,18.2,0.1,1.45,,,,,23.8,81.5,,202.25,,,,713.0,
2024-06-08 00:00:00,8.0,11.0,1.1,7.4,3.85,6.98,13.85,0.42,18.09,0.12,1.42,,,,,23.65,81.5,,205.0,,,,712.75,
2024-06-08 01:00:00,6.5,9.75,1.32,7.08,3.82,6.92,13.9,0.44,18.54,0.13,1.47,,,,,23.55,83.25,,198.75,,,,712.0,
2024-06-08 02:00:00,3.0,6.0,1.1,7.02,3.62,6.85,15.35,0.44,18.65,0.2,1.62,,,,,23.4,84.75,,203.0,,,,711.0,
2024-06-08 03:00:00,5.75,6.0,0.98,7.38,3.72,6.72,15.4,0.42,18.1,0.2,1.65,,,,,23.22,85.5,,204.75,,,,710.25,
2024-06-08 04:00:00,5.25,6.5,1.12,7.38,3.88,6.72,14.0,0.44,18.92,0.12,1.48,,,,,23.18,86.0,,207.25,,,,710.75,
2024-06-08 05:00:00,6.0,8.0,1.15,7.38,3.85,6.78,12.1,0.43,18.44,0.1,1.25,,,,,23.05,86.0,,210.5,,,,711.0,
2024-06-08 06:00:00,,,1.18,7.3,3.85,7.02,15.12,0.42,17.94,0.2,1.62,,,,,23.0,85.75,,199.5,,,,711.75,
2024-06-08 07:00:00,10.0,16.0,1.27,6.8,3.65,7.38,15.35,0.44,18.57,0.2,1.65,,,,,23.28,83.25,,204.75,,,,712.5,
2024-06-08 08:00:00,10.0,15.5,1.38,6.62,3.65,7.4,16.52,0.43,18.42,0.2,1.78,,,,,23.95,75.75,,201.75,,,,713.0,
2024-06-08 09:00:00,9.5,14.25,1.42,6.25,3.45,7.35,14.22,0.42,18.15,0.15,1.5,,,,,24.4,71.0,,213.25,,,,713.0,
2024-06-08 10:00:00,8.75,16.25,1.05,6.75,3.48,7.35,14.1,0.44,18.8,0.15,1.48,,,,,24.72,70.25,,215.0,,,,713.0,
2024-06-08 11:00:00,10.5,19.25,1.18,6.8,3.55,7.5,14.45,0.43,18.35,0.18,1.5,,,,,25.38,65.75,,206.25,,,,713.0,
2024-06-08 12:00:00,10.0,18.5,1.12,6.75,3.52,7.82,12.92,0.42,17.96,0.12,1.32,,,,,25.9,61.5,,205.0,,,,712.0,
2024-06-08 13:00:00,12.5,22.75,1.4,6.82,3.72,7.82,11.5,0.42,18.05,0.1,1.15,,,,,26.3,58.25,,209.0,,,,711.25,
2024-06-08 14:00:00,10.25,20.25,1.08,7.25,3.7,7.6,10.48,0.42,18.04,0.1,1.05,,,,,26.08,59.75,,202.0,,,,710.75,
2024-06-08 15:00:00,8.0,14.75,1.12,7.05,3.65,7.72,13.1,0.42,17.98,0.12,1.35,,,,,26.75,57.0,,212.25,,,,710.0,
2024-06-08 16:00:00,8.0,16.75,1.42,7.0,3.9,7.48,12.0,0.42,17.8,0.1,1.2,,,,,26.67,56.75,,214.25,,,,709.25,
2024-06-08 17:00:00,8.0,24.75,1.25,7.0,3.75,7.42,12.48,0.42,18.14,0.1,1.27,,,,,25.88,60.5,,210.0,,,,709.75,
2024-06-08 18:00:00,7.25,21.25,1.4,6.78,3.75,7.62,12.75,0.44,18.7,0.1,1.32,,,,,24.85,67.0,,216.75,,,,710.75,
2024-06-08 19:00:00,4.75,15.0,1.25,7.02,3.78,7.82,11.35,0.42,18.08,0.1,1.12,,,,,24.4,71.0,,216.5,,,,711.5,
2024-06-08 20:00:00,5.0,19.0,1.2,7.02,3.75,7.62,12.72,0.42,18.08,0.1,1.32,,,,,24.18,73.25,,206.25,,,,712.0,
2024-06-08 21:00:00,7.5,14.75,1.35,6.8,3.7,7.62,12.0,0.43,18.28,0.1,1.23,,,,,23.88,78.0,,202.0,,,,713.0,
2024-06-08 22:00:00,6.75,17.75,1.2,6.95,3.65,7.3,12.45,0.43,18.18,0.1,1.25,,,,,23.58,81.0,,195.25,,,,713.0,
2024-06-08 23:00:00,9.0,11.0,1.2,7.0,3.68,7.1,13.65,0.44,18.35,0.12,1.42,,,,,23.32,82.75,,196.0,,,,712.5,
2024-06-09 00:00:00,7.0,8.0,1.35,6.8,3.68,6.93,12.65,0.44,18.7,0.1,1.27,,,,,23.05,84.75,,210.5,,,,711.25,
2024-06-09 01:00:00,7.0,8.0,1.4,6.68,3.65,6.93,16.27,0.42,18.1,0.2,1.8,,,,,22.85,85.5,,200.5,,,,711.0,
2024-06-09 02:00:00,,,1.2,6.5,3.5,7.0,15.8,0.42,18.07,0.2,1.7,,,,,22.8,86.0,,209.0,,,,711.0,
2024-06-09 03:00:00,,,,,,,,,,,,,,,,,,,,,,,,
2024-06-09 04:00:00,,,,,,,,,,,,,,,,,,,,,,,,
2024-06-09 05:00:00,,,,,,,,,,,,,,,,,,,,,,,,
2024-06-09 06:00:00,,,,,,,,,,,,,,,,,,,,,,,,
2024-06-09 07:00:00,,,,,,,,,,,,,,,,,,,,,,,,
2024-06-09 08:00:00,,,1.1,5.4,2.8,7.7,32.65,0.43,18.21,0.35,3.9,,,,,23.3,81.67,,202.67,,,,712.0,
2024-06-09 09:00:00,,,,10.9,3.9,5.85,24.0,0.44,18.75,0.3,2.8,,,,,24.4,74.0,,206.5,,,,712.5,
2024-06-09 10:00:00,3.0,39.0,0.82,11.88,5.98,5.65,30.7,0.44,18.49,0.38,3.62,,,,,24.7,73.75,,206.5,,,,712.75,
2024-06-09 11:00:00,3.0,39.0,1.18,14.0,7.38,4.92,28.98,0.44,18.78,0.3,3.4,,,,,25.15,71.5,,205.75,,,,712.0,
2024-06-09 12:00:00,2.0,45.0,1.35,12.85,6.9,5.4,29.62,0.44,18.68,0.32,3.5,,,,,25.8,65.5,,200.25,,,,711.5,
2024-06-09 13:00:00,7.5,46.0,1.35,7.32,3.98,7.45,34.4,0.43,18.33,0.4,4.1,,,,,25.95,63.75,,201.0,,,,710.75,
2024-06-09 14:00:00,20.0,39.25,1.42,6.7,3.72,7.25,35.35,0.42,18.07,0.4,4.25,,,,,23.28,84.5,,215.75,,,,711.75,
2024-06-09 15:00:00,7.0,9.0,1.38,6.75,3.72,7.5,35.8,0.44,18.74,0.4,4.3,,,,,23.05,89.25,,201.25,,,,710.5,
2024-06-09 16:00:00,4.25,6.5,1.4,6.68,3.68,7.4,40.05,0.43,18.32,0.45,4.82,,,,,23.7,84.75,,207.25,,,,710.0,
2024-06-09 17:00:00,6.5,9.75,1.15,6.58,3.42,7.62,37.02,0.42,17.78,0.4,4.45,,,,,23.98,79.5,,206.75,,,,710.25,
2024-06-09 18:00:00,11.0,15.0,0.9,6.92,3.45,7.6,34.25,0.44,18.64,0.4,4.08,,,,,23.95,79.75,,203.25,,,,711.0,
2024-06-09 19:00:00,9.0,15.0,1.12,6.7,3.5,7.75,35.62,0.42,17.93,0.4,4.28,,,,,23.8,82.0,,196.75,,,,711.75,
2024-06-09 20:00:00,9.0,15.0,1.2,6.98,3.7,7.62,34.65,0.44,18.54,0.4,4.15,,,,,23.65,82.5,,204.5,,,,712.0,
2024-06-09 21:00:00,12.0,19.0,1.18,7.22,3.82,7.52,35.72,0.43,18.42,0.4,4.32,,,,,23.5,83.0,,205.5,,,,712.75,
2024-06-09 22:00:00,11.5,19.75,1.27,7.15,3.85,7.32,36.48,0.43,18.27,0.4,4.38,,,,,23.4,83.75,,203.25,,,,713.5,
2024-06-09 23:00:00,10.25,19.75,1.1,7.22,3.75,7.15,34.55,0.42,18.06,0.4,4.12,,,,,23.32,85.0,,212.0,,,,713.0,
2024-06-10 00:00:00,10.0,12.75,1.08,7.05,3.6,7.08,35.8,0.43,18.27,0.4,4.28,,,,,23.2,86.0,,207.25,,,,712.75,
2024-06-10 01:00:00,6.25,12.5,1.25,7.22,3.88,7.02,21.53,0.42,18.06,0.23,2.47,,,,,23.08,87.0,,208.75,,,,711.75,
2024-06-10 02:00:00,4.0,14.0,1.05,7.82,4.03,6.75,19.38,0.42,18.03,0.2,2.15,,,,,23.0,87.75,,202.0,,,,711.0,
2024-06-10 03:00:00,12.0,13.0,1.27,8.38,4.47,6.4,19.3,0.44,18.5,0.2,2.15,,,,,22.98,88.0,,202.0,,,,711.0,
2024-06-10 04:00:00,11.0,12.5,1.4,7.35,4.08,6.7,19.78,0.42,18.31,0.2,2.25,,,,,22.9,88.0,,206.5,,,,711.0,
2024-06-10 05:00:00,8.0,11.0,1.2,7.3,3.85,6.78,19.77,0.42,18.24,0.2,2.22,,,,,22.9,88.0,,200.5,,,,711.0,
2024-06-10 06:00:00,11.0,20.0,1.02,7.3,3.72,7.05,19.3,0.42,17.81,0.2,2.17,,,,,22.92,87.75,,204.75,,,,712.0,
2024-06-10 07:00:00,10.5,19.25,1.32,6.55,3.55,7.62,19.9,0.43,18.31,0.2,2.22,,,,,23.15,85.5,,205.0,,,,712.75,
2024-06-10 08:00:00,9.5,18.0,1.2,6.8,3.6,7.65,19.18,0.42,18.05,0.2,2.15,,,,,23.9,79.0,,215.25,,,,713.0,
2024-06-10 09:00:00,10.75,19.5,1.12,7.22,3.78,7.7,20.02,0.43,18.24,0.2,2.28,,,,,24.5,74.0,,208.5,,,,713.0,
2024-06-10 10:00:00,10.0,16.75,1.23,7.32,3.9,7.4,21.85,0.42,17.84,0.25,2.5,,,,,25.0,69.5,,222.0,,,,713.0,
2024-06-10 11:00:00,9.75,22.25,1.32,7.68,4.15,7.28,22.55,0.42,18.13,0.22,2.58,,,,,25.48,67.0,,212.0,,,,713.0,
2024-06-10 12:00:00,9.0,21.75,1.18,7.85,4.1,7.3,23.12,0.42,18.23,0.28,2.62,,,,,24.52,78.25,,220.75,,,,713.0,
2024-06-10 13:00:00,9.0,18.0,1.3,7.8,4.18,7.3,24.12,0.43,18.22,0.3,2.78,,,,,23.98,83.75,,208.5,,,,712.25,
2024-06-10 14:00:00,,,1.15,7.52,3.95,7.4,22.5,0.42,18.0,0.25,2.58,,,,,24.92,76.0,,214.25,,,,711.25,
2024-06-10 15:00:00,10.0,23.0,1.1,7.7,3.97,7.22,22.42,0.42,18.03,0.28,2.6,,,,,25.78,67.25,,222.5,,,,711.0,
2024-06-10 16:00:00,9.25,22.5,1.2,7.6,4.0,7.32,20.52,0.43,18.53,0.2,2.32,,,,,25.9,63.75,,213.75,,,,711.0,
2024-06-10 17:00:00,7.5,22.5,1.27,7.42,3.97,7.55,21.65,0.42,18.12,0.22,2.48,,,,,26.1,60.0,,209.5,,,,711.0,
2024-06-10 18:00:00,9.0,27.0,1.25,7.0,3.75,8.07,22.15,0.42,18.04,0.22,2.52,,,,,25.25,64.0,,216.75,,,,711.75,
2024-06-10 19:00:00,13.0,27.0,1.42,6.6,3.7,8.35,21.52,0.43,18.16,0.22,2.45,,,,,24.75,65.5,,217.25,,,,712.5,
2024-06-10 20:00:00,14.25,27.0,1.35,6.98,3.78,8.0,19.38,0.42,18.3,0.2,2.15,,,,,24.38,68.5,,214.0,,,,713.25,
2024-06-10 21:00:00,16.0,27.5,1.32,6.98,3.75,8.05,19.62,0.42,18.12,0.2,2.2,,,,,24.05,72.25,,203.0,,,,714.0,
2024-06-10 22:00:00,11.75,30.0,1.32,6.92,3.8,7.65,21.1,0.43,18.44,0.2,2.4,,,,,23.9,74.0,,207.25,,,,714.0,
2024-06-10 23:00:00,19.0,32.0,1.38,6.8,3.72,7.28,20.68,0.44,18.89,0.2,2.35,,,,,23.75,76.75,,213.25,,,,714.0,
2024-06-11 00:00:00,20.75,25.0,1.18,7.1,3.78,7.0,20.08,0.42,18.39,0.2,2.25,,,,,23.52,80.5,,210.25,,,,713.5,
2024-06-11 01:00:00,9.5,14.0,1.23,7.52,4.02,6.7,12.63,0.43,18.24,0.13,1.27,,,,,23.32,83.75,,214.0,,,,712.75,
2024-06-11 02:00:00,14.0,17.0,1.02,7.6,3.9,6.72,7.3,0.43,18.43,0.1,0.6,,,,,23.3,85.0,,212.0,,,,712.0,
2024-06-11 03:00:00,,,1.15,8.02,4.2,6.55,8.35,0.43,18.27,0.1,0.75,,,,,23.2,85.75,,213.25,,,,712.0,
2024-06-11 04:00:00,2.0,14.0,1.3,7.45,4.03,6.75,8.75,0.42,18.29,0.1,0.8,,,,,23.1,86.5,,216.0,,,,712.0,
2024-06-11 05:00:00,2.0,14.0,0.98,7.7,3.9,6.8,7.08,0.43,18.3,0.1,0.57,,,,,23.1,87.0,,217.0,,,,712.0,
2024-06-11 06:00:00,,,1.0,7.98,4.08,7.08,5.92,0.42,18.1,0.1,0.42,,,,,23.08,87.5,,203.0,,,,712.75,
2024-06-11 07:00:00,11.0,20.0,1.15,7.5,3.92,7.52,4.2,0.44,18.77,,0.27,,,,,23.28,86.0,,208.0,,,,713.0,
2024-06-11 08:00:00,10.25,20.5,1.25,7.48,4.03,7.55,7.32,0.44,18.64,0.1,0.62,,,,,23.78,81.25,,223.75,,,,713.0,
2024-06-11 09:00:00,9.0,23.0,1.25,6.9,3.68,7.78,9.78,0.43,18.19,0.1,0.92,,,,,24.28,75.5,,213.75,,,,713.5,
2024-06-11 10:00:00,12.5,25.25,1.35,6.95,3.82,7.4,6.7,0.42,18.08,0.1,0.55,,,,,24.92,70.5,,217.25,,,,713.25,
2024-06-11 11:00:00,13.75,22.0,1.27,6.82,3.68,7.32,7.3,0.42,18.13,0.1,0.6,,,,,25.22,67.5,,214.25,,,,713.0,
2024-06-11 12:00:00,11.5,19.0,1.27,6.98,3.78,7.55,7.25,0.42,18.05,0.1,0.6,,,,,25.75,64.25,,224.5,,,,712.25,
2024-06-11 13:00:00,6.5,17.75,1.38,6.82,3.78,7.62,8.3,0.42,18.08,0.1,0.75,,,,,26.08,60.75,,227.75,,,,712.0,
2024-06-11 14:00:00,5.75,15.0,1.35,7.2,3.9,7.4,8.18,0.44,18.39,0.1,0.72,,,,,26.3,57.75,,221.25,,,,711.0,
2024-06-11 15:00:00,8.0,18.0,1.18,7.3,3.82,7.5,7.62,0.42,18.28,0.1,0.62,,,,,26.08,60.0,,222.0,,,,711.0,
2024-06-11 16:00:00,5.0,25.0,1.25,7.05,3.78,7.57,7.72,0.42,18.14,0.1,0.65,,,,,25.7,63.5,,207.75,,,,711.0,
2024-06-11 17:00:00,5.0,25.0,1.3,7.05,3.8,7.98,7.88,0.42,18.07,0.1,0.65,,,,,24.48,77.0,,219.75,,,,711.25,
2024-06-11 18:00:00,7.0,23.0,1.35,7.18,3.92,8.05,7.18,0.42,17.97,0.1,0.62,,,,,24.82,70.0,,215.5,,,,712.0,
2024-06-11 19:00:00,9.75,24.75,1.35,7.15,3.92,8.28,7.57,0.42,17.94,0.1,0.65,,,,,24.65,71.5,,213.25,,,,712.25,
2024-06-11 20:00:00,16.75,28.75,1.3,7.2,3.9,8.07,8.28,0.43,18.27,0.1,0.75,,,,,24.42,72.5,,208.5,,,,713.0,
2024-06-11 21:00:00,12.25,24.25,1.3,7.43,4.0,7.78,8.9,0.42,18.11,0.1,0.8,,,,,24.28,74.25,,202.75,,,,713.0,
2024-06-11 22:00:00,10.0,22.0,1.2,7.3,3.88,7.2,8.07,0.42,17.94,0.1,0.72,,,,,23.95,75.0,,207.5,,,,714.0,
2024-06-11 23:00:00,,,1.2,7.15,3.78,7.07,7.75,0.42,18.22,0.1,0.7,,,,,23.6,78.0,,217.5,,,,714.0,
2024-06-12 00:00:00,11.0,17.0,1.15,7.0,3.65,6.98,7.68,0.42,18.08,0.1,0.65,,,,,23.4,81.25,,220.0,,,,713.5,
2024-06-12 01:00:00,11.0,17.0,1.08,6.82,3.55,6.9,17.13,0.43,18.26,0.2,1.87,,,,,23.25,83.0,,221.75,,,,712.5,
2024-06-12 02:00:00,,,1.35,6.62,3.62,6.9,19.3,0.42,18.07,0.2,2.12,,,,,23.2,84.5,,212.25,,,,712.0,
2024-06-12 03:00:00,,,0.9,7.1,3.52,6.85,19.88,0.43,18.31,0.2,2.22,,,,,23.2,85.0,,212.5,,,,712.0,
2024-06-12 04:00:00,13.0,14.0,1.3,6.98,3.78,6.85,18.08,0.42,18.12,0.2,2.0,,,,,23.28,85.0,,222.5,,,,713.0,
2024-06-12 05:00:00,12.5,14.5,1.35,7.35,3.97,6.9,16.85,0.44,18.43,0.2,1.85,,,,,23.28,85.75,,217.25,,,,713.25,
2024-06-12 06:00:00,11.5,15.5,1.27,7.48,4.03,7.15,17.58,0.44,18.73,0.2,1.95,,,,,23.32,85.5,,228.75,,,,714.0,
2024-06-12 07:00:00,14.75,17.0,1.35,7.15,3.88,7.72,16.32,0.42,18.2,0.2,1.78,,,,,23.58,84.0,,212.25,,,,714.25,
2024-06-12 08:00:00,20.0,26.0,1.27,6.98,3.7,7.8,17.02,0.43,18.55,0.2,1.88,,,,,23.98,80.25,,213.5,,,,715.0,
2024-06-12 09:00:00,9.0,31.0,1.25,6.75,3.62,7.98,17.98,0.42,18.32,0.2,2.0,,,,,24.18,78.25,,210.75,,,,715.0,
2024-06-12 10:00:00,9.5,30.5,1.08,7.0,3.58,7.75,18.12,0.42,18.22,0.2,2.0,,,,,24.78,73.0,,220.5,,,,715.0,
2024-06-12 11:00:00,12.5,28.25,1.08,7.0,3.6,7.5,18.35,0.42,18.1,0.2,2.02,,,,,25.42,65.25,,216.5,,,,714.25,
2024-06-12 12:00:00,17.25,27.5,1.1,6.85,3.55,7.8,19.18,0.42,18.06,0.2,2.12,,,,,26.08,60.0,,220.0,,,,713.75,
2024-06-12 13:00:00,16.25,30.75,1.15,6.65,3.48,7.88,19.92,0.42,18.18,0.2,2.25,,,,,26.15,58.75,,230.75,,,,713.0,
2024-06-12 14:00:00,12.5,26.0,1.3,6.78,3.65,7.8,20.38,0.42,18.02,0.2,2.3,,,,,26.38,58.0,,224.5,,,,712.0,
2024-06-12 15:00:00,17.75,24.5,1.25,6.7,3.6,7.62,21.15,0.42,17.99,0.2,2.4,,,,,26.52,55.5,,220.0,,,,711.25,
2024-06-12 16:00:00,16.5,28.0,1.23,6.82,3.62,7.52,20.5,0.42,17.86,0.2,2.3,,,,,26.45,55.0,,219.25,,,,711.5,
2024-06-12 17:00:00,7.25,26.75,1.05,6.85,3.5,7.65,20.78,0.43,18.4,0.2,2.38,,,,,25.92,57.75,,215.5,,,,712.0,
2024-06-12 18:00:00,12.25,31.25,1.27,6.52,3.5,8.07,20.23,0.43,18.33,0.2,2.28,,,,,24.72,62.25,,231.75,,,,712.75,
2024-06-12 19:00:00,14.25,27.0,1.35,6.05,3.32,8.4,21.82,0.43,18.32,0.22,2.5,,,,,24.45,58.75,,225.5,,,,713.25,
2024-06-12 20:00:00,8.25,18.5,1.38,6.32,3.52,8.35,21.22,0.43,18.3,0.22,2.4,,,,,24.15,63.25,,228.75,,,,714.0,
2024-06-12 21:00:00,6.0,11.0,1.4,6.47,3.6,7.8,21.03,0.43,18.28,0.2,2.37,,,,,23.87,67.0,,221.67,,,,714.33,
2024-06-12 22:00:00,5.0,14.0,1.3,6.07,3.27,7.8,7.03,0.42,18.09,0.1,0.85,,,,,23.62,71.25,,212.5,,,,715.0,
2024-06-12 23:00:00,,,1.27,6.18,3.35,7.48,11.9,0.42,18.08,0.1,1.2,,,,,23.38,76.5,,204.75,,,,714.25,
2024-06-13 00:00:00,9.0,12.0,1.12,6.7,3.5,7.22,11.48,0.43,18.5,0.1,1.15,,,,,23.18,79.75,,207.5,,,,713.25,
2024-06-13 01:00:00,9.0,12.0,1.4,6.52,3.62,7.05,12.43,0.43,18.45,0.1,1.27,,,,,23.08,82.25,,218.25,,,,713.0,
2024-06-13 02:00:00,3.0,8.0,1.18,6.65,3.5,6.98,14.2,0.42,18.3,0.1,1.5,,,,,23.0,83.75,,206.0,,,,712.5,
2024-06-13 03:00:00,3.0,8.5,1.15,6.7,3.5,6.93,14.35,0.42,18.06,0.15,1.5,,,,,23.0,84.0,,212.5,,,,712.75,
2024-06-13 04:00:00,12.0,11.75,1.12,6.62,3.48,7.02,15.55,0.42,18.02,0.2,1.65,,,,,22.95,84.5,,203.25,,,,713.0,
2024-06-13 05:00:00,11.25,16.75,1.2,6.6,3.5,7.1,15.45,0.42,18.13,0.2,1.68,,,,,22.85,86.0,,201.0,,,,713.25,
2024-06-13 06:00:00,10.5,19.5,1.3,6.65,3.6,7.5,16.18,0.44,18.69,0.2,1.78,,,,,22.8,86.0,,198.75,,,,714.0,
2024-06-13 07:00:00,13.5,28.75,1.38,6.38,3.5,7.78,15.55,0.42,17.89,0.2,1.68,,,,,23.0,85.5,,210.75,,,,714.25,
2024-06-13 08:00:00,11.0,25.75,1.45,6.4,3.6,7.8,15.65,0.42,18.34,0.2,1.7,,,,,23.48,82.25,,218.25,,,,715.0,
2024-06-13 09:00:00,17.0,29.0,1.25,6.8,3.62,7.88,15.28,0.44,18.6,0.2,1.62,,,,,24.35,75.5,,211.5,,,,715.0,
2024-06-13 10:00:00,18.25,31.75,1.3,6.7,3.6,7.6,15.32,0.43,18.29,0.2,1.65,,,,,24.8,71.0,,201.75,,,,715.0,
2024-06-13 11:00:00,19.0,30.75,1.27,6.62,3.58,7.8,15.05,0.42,18.38,0.2,1.62,,,,,25.42,66.75,,216.75,,,,714.25,
2024-06-13 12:00:00,12.5,30.0,1.27,6.7,3.6,8.2,16.3,0.42,18.01,0.2,1.75,,,,,26.05,61.0,,205.5,,,,713.75,
2024-06-13 13:00:00,16.5,26.0,1.35,6.43,3.55,8.18,16.23,0.42,18.06,0.2,1.78,,,,,26.5,57.75,,215.0,,,,712.75,
2024-06-13 14:00:00,6.75,27.0,1.23,6.85,3.6,7.78,15.95,0.42,18.07,0.2,1.72,,,,,26.1,60.75,,200.5,,,,712.0,
2024-06-13 15:00:00,10.75,28.5,1.1,7.28,3.8,8.95,16.12,0.42,18.12,0.2,1.78,,,,,23.62,83.0,,207.25,,,,712.5,
2024-06-13 16:00:00,13.25,21.0,1.42,7.2,4.0,8.2,17.73,0.42,18.11,0.2,1.95,,,,,22.8,89.0,,216.25,,,,712.0,
2024-06-13 17:00:00,5.75,11.5,1.42,7.58,4.18,9.07,17.73,0.44,18.53,0.2,1.95,,,,,23.1,90.0,,221.0,,,,712.5,
2024-06-13 18:00:00,8.75,11.75,1.42,8.38,4.6,9.5,18.08,0.4,18.51,0.2,2.0,,,,,23.12,91.0,,240.0,,,,713.0,
2024-06-13 19:00:00,16.75,22.75,1.35,9.05,4.9,14.58,19.38,0.32,18.06,0.2,2.17,,,,,23.35,91.75,,241.5,,,,713.5,
2024-06-13 20:00:00,32.75,40.0,1.08,11.52,6.02,10.52,21.1,0.32,18.25,0.2,2.4,,,,,23.32,92.0,,217.75,,,,714.0,
2024-06-13 21:00:00,29.0,40.0,1.35,10.95,5.93,8.05,21.0,0.31,17.52,0.2,2.4,,,,,23.2,92.0,,222.25,,,,713.5,
2024-06-13 22:00:00,,,1.38,10.18,5.58,7.42,21.52,0.32,18.39,0.2,2.45,,,,,23.25,91.25,,214.75,,,,714.0,
2024-06-13 23:00:00,13.0,28.0,1.12,9.55,5.0,7.05,21.85,0.32,18.3,0.22,2.5,,,,,23.22,90.5,,213.75,,,,714.0,
2024-06-14 00:00:00,13.0,28.0,1.3,8.78,4.7,6.57,20.68,0.32,18.53,0.2,2.35,,,,,23.08,90.0,,221.25,,,,713.0,
2024-06-14 01:00:00,,,1.35,8.25,4.47,6.5,12.97,0.32,18.52,0.13,1.37,,,,,22.95,89.0,,229.75,,,,712.75,
2024-06-14 02:00:00,,14.0,1.18,7.88,4.15,6.57,10.95,0.32,18.31,0.1,1.08,,,,,22.9,89.0,,228.0,,,,712.0,
2024-06-14 03:00:00,,16.0,1.17,7.82,4.1,6.65,9.8,0.32,18.16,0.1,0.95,,,,,22.85,89.0,,215.5,,,,712.0,
2024-06-14 04:00:00,,22.25,1.23,7.95,4.22,6.7,6.4,0.32,18.4,0.1,0.5,,,,,22.9,89.0,,206.25,,,,712.0,
2024-06-14 05:00:00,,24.0,1.12,8.98,4.7,6.7,7.6,0.32,18.44,0.1,0.62,,,,,22.92,89.0,,217.0,,,,712.5,
2024-06-14 06:00:00,,28.75,1.15,9.12,4.78,6.9,8.25,0.32,18.03,0.1,0.72,,,,,22.9,89.0,,217.5,,,,712.75,
2024-06-14 07:00:00,,32.0,1.18,8.5,4.47,7.18,7.95,0.33,19.02,0.1,0.68,,,,,23.05,88.75,,216.75,,,,713.25,
2024-06-14 08:00:00,,26.0,1.08,7.28,3.78,7.7,7.18,0.32,18.17,0.1,0.62,,,,,23.45,84.75,,214.25,,,,714.0,
2024-06-14 09:00:00,,25.75,1.08,7.25,3.72,7.65,9.22,0.32,17.88,0.1,0.88,,,,,24.25,76.5,,217.5,,,,714.0,
2024-06-14 10:00:00,11.0,27.25,1.18,7.3,3.85,7.62,9.28,0.32,18.39,0.1,0.88,,,,,24.88,70.75,,225.0,,,,714.0,
2024-06-14 11:00:00,14.5,35.25,1.18,7.28,3.85,7.48,9.7,0.32,18.36,0.1,0.92,,,,,25.52,65.0,,221.0,,,,713.25,
2024-06-14 12:00:00,15.75,38.75,1.3,7.15,3.85,7.45,8.28,0.32,18.66,0.1,0.72,,,,,26.0,60.0,,220.75,,,,712.75,
2024-06-14 13:00:00,15.5,39.0,1.12,7.82,4.1,7.4,7.52,0.35,20.21,0.1,0.62,,,,,26.55,56.25,,228.75,,,,712.0,
2024-06-14 14:00:00,16.5,40.75,1.15,8.0,4.2,7.32,10.95,0.32,18.36,0.1,1.08,,,,,26.75,55.5,,213.25,,,,711.0,
2024-06-14 15:00:00,16.5,40.75,1.48,7.82,4.38,7.42,10.3,0.32,18.55,0.1,1.0,,,,,26.6,56.25,,215.25,,,,711.0,
2024-06-14 16:00:00,20.25,50.25,1.48,7.42,4.18,7.48,9.43,0.32,18.31,0.1,0.88,,,,,26.52,56.0,,216.0,,,,710.0,
2024-06-14 17:00:00,212.0,45.0,1.32,6.82,3.7,8.1,9.15,0.32,17.95,0.1,0.85,,,,,26.18,57.5,,228.25,,,,710.0,
2024-06-14 18:00:00,794.0,,1.2,6.95,3.65,9.05,8.7,0.32,17.92,0.1,0.8,,,,,25.32,66.75,,226.25,,,,711.0,
2024-06-14 19:00:00,794.0,,1.15,7.12,3.72,11.38,9.1,0.32,18.55,0.1,0.85,,,,,23.95,83.0,,203.25,,,,711.75,
2024-06-14 20:00:00,794.0,,1.1,8.98,4.65,13.82,10.45,0.32,18.25,0.1,1.02,,,,,24.08,85.25,,222.25,,,,712.75,
2024-06-14 21:00:00,,,1.08,14.82,7.75,15.4,14.95,0.33,18.83,0.15,1.6,,,,,24.28,85.25,,223.25,,,,713.25,
2024-06-14 22:00:00,21.0,46.0,1.12,15.92,8.38,6.1,14.1,0.33,19.04,0.12,1.5,,,,,24.62,75.75,,218.75,,,,713.75,
2024-06-14 23:00:00,19.25,42.75,1.2,12.9,6.85,5.68,11.45,0.31,17.96,0.1,1.15,,,,,24.28,76.75,,222.25,,,,713.0,
2024-06-15 00:00:00,14.5,31.25,1.2,11.6,6.15,5.65,11.3,0.32,18.17,0.1,1.12,,,,,24.02,78.75,,220.0,,,,712.5,
2024-06-15 01:00:00,17.75,27.5,1.35,14.45,7.78,4.38,6.93,0.32,18.16,0.1,0.57,,,,,23.8,81.0,,222.5,,,,712.0,
2024-06-15 02:00:00,22.5,30.75,1.25,14.6,7.8,4.2,4.55,0.32,18.64,,0.25,,,,,23.58,82.5,,220.75,,,,711.75,
2024-06-15 03:00:00,21.0,27.0,1.15,12.8,6.75,4.97,4.3,0.32,18.49,,0.27,,,,,23.32,84.0,,223.0,,,,711.0,
2024-06-15 04:00:00,14.0,30.0,1.18,11.62,6.12,5.42,3.72,0.33,19.09,,0.23,,,,,23.08,85.75,,217.5,,,,711.5,
2024-06-15 05:00:00,15.0,32.25,1.38,8.85,4.82,6.5,4.28,0.32,18.42,,0.2,,,,,22.88,86.75,,208.75,,,,712.0,
2024-06-15 06:00:00,18.25,38.75,1.27,8.43,4.5,6.9,2.88,0.32,18.35,,0.1,,,,,22.8,87.5,,216.75,,,,712.0,
2024-06-15 07:00:00,20.75,39.5,1.15,8.1,4.2,7.35,0.7,0.32,18.36,,,,,,,23.02,85.25,,201.5,,,,713.0,
2024-06-15 08:00:00,24.25,43.0,1.38,7.58,4.1,7.43,3.72,0.32,18.04,,0.4,,,,,23.72,76.75,,208.25,,,,713.0,
2024-06-15 09:00:00,19.0,40.0,1.25,7.15,3.85,7.65,6.2,0.31,17.67,,0.5,,,,,24.3,69.5,,211.5,,,,713.0,
2024-06-15 10:00:00,21.0,38.0,0.88,7.45,3.68,7.35,23.87,0.32,18.51,0.3,2.73,,,,,25.18,61.75,,213.0,,,,712.5,
2024-06-15 11:00:00,20.0,40.5,1.25,6.6,3.5,7.75,26.52,0.32,18.23,0.3,3.1,,,,,25.85,54.25,,208.5,,,,712.0,
2024-06-15 12:00:00,16.5,47.0,1.23,6.85,3.62,7.82,27.7,0.32,17.92,0.3,3.25,,,,,26.15,54.75,,208.25,,,,711.5,
2024-06-15 13:00:00,15.0,43.5,1.27,7.32,3.92,7.6,25.55,0.32,18.29,0.3,2.98,,,,,26.65,50.0,,211.5,,,,711.0,
2024-06-15 14:00:00,15.25,42.0,1.27,7.3,3.9,7.65,21.92,0.32,18.66,0.25,2.48,,,,,26.98,47.75,,211.0,,,,710.0,
2024-06-15 15:00:00,16.0,43.0,1.2,7.62,4.03,7.57,24.42,0.32,18.21,0.3,2.85,,,,,27.1,47.0,,228.0,,,,710.0,
2024-06-15 16:00:00,16.75,45.5,1.08,7.82,4.07,7.35,24.3,0.32,18.3,0.3,2.82,,,,,27.05,48.0,,227.75,,,,710.0,
2024-06-15 17:00:00,19.0,44.25,1.38,7.58,4.12,7.5,25.38,0.32,17.99,0.3,2.95,,,,,26.18,57.75,,212.5,,,,710.0,
2024-06-15 18:00:00,19.0,42.5,1.25,7.12,3.8,7.62,24.5,0.32,18.22,0.3,2.85,,,,,25.3,65.25,,211.5,,,,711.0,
2024-06-15 19:00:00,19.5,33.75,1.3,6.8,3.68,8.15,24.15,0.32,18.49,0.3,2.8,,,,,25.0,63.5,,206.75,,,,711.25,
2024-06-15 20:00:00,19.0,32.75,1.35,6.82,3.72,8.3,25.22,0.32,18.63,0.3,2.95,,,,,24.68,64.0,,200.0,,,,712.0,
2024-06-15 21:00:00,14.5,41.0,1.08,7.1,3.62,8.38,24.95,0.32,18.4,0.3,2.88,,,,,24.55,65.0,,221.5,,,,712.5,
2024-06-15 22:00:00,20.25,39.25,1.3,7.6,4.08,7.95,23.55,0.32,17.95,0.3,2.7,,,,,24.4,67.5,,203.5,,,,713.0,
2024-06-15 23:00:00,23.75,36.25,1.3,7.85,4.2,7.52,24.28,0.32,18.1,0.3,2.82,,,,,24.1,71.5,,201.5,,,,713.0,
2024-06-16 00:00:00,21.75,42.75,1.25,7.88,4.2,7.15,24.32,0.32,18.16,0.3,2.82,,,,,23.75,76.25,,204.25,,,,712.75,
2024-06-16 01:00:00,17.75,37.0,1.25,7.85,4.2,6.85,18.47,0.32,18.23,0.2,2.07,,,,,23.42,79.25,,211.5,,,,712.0,
2024-06-16 02:00:00,15.75,24.75,1.3,7.22,3.92,7.02,15.98,0.32,18.25,0.2,1.72,,,,,23.1,81.5,,211.25,,,,711.5,
2024-06-16 03:00:00,12.5,31.75,1.12,8.3,4.32,6.6,17.1,0.32,18.28,0.2,1.88,,,,,23.05,82.5,,208.25,,,,711.0,
2024-06-16 04:00:00,14.5,27.25,1.3,7.9,4.22,6.68,16.88,0.32,18.36,0.2,1.85,,,,,22.9,83.0,,202.25,,,,711.0,
2024-06-16 05:00:00,18.75,26.75,1.23,7.15,3.8,7.1,17.5,0.32,18.57,0.2,1.9,,,,,22.88,84.5,,201.25,,,,712.0,
2024-06-16 06:00:00,27.25,33.25,1.25,7.58,4.03,7.12,15.22,0.32,18.21,0.2,1.6,,,,,22.85,86.0,,200.5,,,,712.75,
2024-06-16 07:00:00,27.25,35.25,1.42,7.08,3.95,7.3,15.02,0.32,18.11,0.2,1.62,,,,,23.25,83.5,,210.5,,,,713.0,
2024-06-16 08:00:00,22.5,29.5,1.25,7.15,3.8,7.18,14.02,0.32,18.25,0.15,1.48,,,,,23.82,79.0,,203.25,,,,713.0,
2024-06-16 09:00:00,16.25,29.75,1.25,7.12,3.8,7.25,14.38,0.32,18.02,0.15,1.52,,,,,24.58,73.0,,209.25,,,,713.0,
2024-06-16 10:00:00,19.25,35.0,1.23,6.7,3.58,7.35,16.55,0.32,18.12,0.2,1.8,,,,,25.2,67.5,,212.25,,,,713.0,
2024-06-16 11:00:00,16.25,37.75,1.23,6.52,3.5,7.62,15.85,0.32,18.26,0.2,1.72,,,,,25.62,64.0,,218.75,,,,713.0,
2024-06-16 12:00:00,13.25,43.75,1.2,6.4,3.38,7.78,16.1,0.32,18.21,0.2,1.75,,,,,26.22,59.0,,211.0,,,,712.0,
2024-06-16 13:00:00,11.0,40.75,1.18,6.32,3.3,8.0,15.18,0.32,18.37,0.18,1.62,,,,,26.75,54.5,,212.5,,,,711.5,
2024-06-16 14:00:00,13.25,47.75,1.15,6.95,3.62,7.52,14.4,0.32,18.35,0.15,1.5,,,,,27.02,53.25,,206.0,,,,710.75,
2024-06-16 15:00:00,18.5,34.5,1.38,7.08,3.9,7.4,16.62,0.32,18.38,0.2,1.82,,,,,27.22,52.5,,211.5,,,,710.0,
2024-06-16 16:00:00,12.5,34.5,1.27,7.28,3.9,7.3,16.65,0.32,17.92,0.2,1.82,,,,,27.4,51.0,,217.5,,,,709.5,
2024-06-16 17:00:00,9.0,38.5,1.27,7.3,3.92,7.45,17.1,0.32,18.27,0.2,1.88,,,,,25.9,63.5,,216.5,,,,710.25,
2024-06-16 18:00:00,11.5,32.0,1.15,6.7,3.52,7.6,17.05,0.32,18.02,0.2,1.85,,,,,24.95,70.0,,204.5,,,,711.0,
2024-06-16 19:00:00,9.0,19.5,1.05,6.78,3.48,7.78,18.08,0.32,18.12,0.2,2.02,,,,,24.72,71.75,,205.75,,,,711.0,
2024-06-16 20:00:00,8.25,25.75,1.18,6.72,3.52,7.93,19.48,0.32,18.04,0.2,2.15,,,,,24.45,74.25,,217.25,,,,712.0,
2024-06-16 21:00:00,14.75,22.5,1.3,6.58,3.58,7.88,19.25,0.32,18.06,0.2,2.12,,,,,24.15,74.25,,207.25,,,,712.75,
2024-06-16 22:00:00,13.25,21.75,1.27,6.4,3.45,7.68,18.4,0.32,17.98,0.2,2.05,,,,,23.92,76.0,,205.0,,,,713.0,
2024-06-16 23:00:00,10.5,14.25,1.25,6.65,3.55,7.28,18.92,0.32,18.62,0.2,2.1,,,,,23.72,77.5,,210.25,,,,713.0,
2024-06-17 00:00:00,8.75,12.0,1.3,6.48,3.52,7.18,19.6,0.32,18.52,0.2,2.2,,,,,23.58,79.5,,212.5,,,,712.5,
2024-06-17 01:00:00,8.0,12.0,1.15,6.45,3.38,7.15,15.2,0.33,18.73,0.2,1.6,,,,,23.5,80.5,,211.75,,,,712.0,
2024-06-17 02:00:00,8.0,18.0,1.33,6.18,3.38,7.18,13.12,0.32,18.48,0.1,1.35,,,,,23.42,81.75,,195.25,,,,712.0,
2024-06-17 03:00:00,8.0,18.0,1.23,6.35,3.4,7.1,12.28,0.32,18.16,0.1,1.25,,,,,23.25,84.0,,199.75,,,,711.0,
2024-06-17 04:00:00,10.0,20.0,1.12,6.5,3.38,7.07,14.1,0.32,18.11,0.12,1.48,,,,,23.12,85.25,,212.25,,,,711.0,
2024-06-17 05:00:00,10.5,20.0,1.0,6.65,3.38,7.22,14.18,0.32,18.39,0.12,1.5,,,,,22.95,86.0,,208.5,,,,711.75,
2024-06-17 06:00:00,12.5,20.5,1.05,6.65,3.4,7.42,14.52,0.32,18.57,0.12,1.55,,,,,22.92,86.0,,197.25,,,,712.0,
2024-06-17 07:00:00,13.75,23.25,1.32,6.2,3.38,7.62,11.52,0.32,18.26,0.1,1.15,,,,,23.25,83.75,,218.75,,,,712.5,
2024-06-17 08:00:00,13.25,26.0,1.18,6.1,3.18,7.6,12.55,0.32,18.38,0.1,1.3,,,,,24.1,75.75,,211.5,,,,713.0,
2024-06-17 09:00:00,14.25,23.5,1.18,6.22,3.28,7.55,11.75,0.32,18.46,0.1,1.18,,,,,24.75,71.25,,215.75,,,,713.0,
2024-06-17 10:00:00,14.5,26.5,1.27,6.3,3.35,7.65,12.52,0.32,17.95,0.1,1.3,,,,,25.28,68.75,,213.25,,,,713.0,
2024-06-17 11:00:00,12.5,28.75,1.23,6.2,3.25,7.72,13.1,0.32,18.03,0.1,1.35,,,,,25.72,65.25,,210.0,,,,713.0,
2024-06-17 12:00:00,10.25,21.25,1.15,6.18,3.18,8.07,14.3,0.31,17.89,0.15,1.5,,,,,26.45,60.0,,215.0,,,,712.0,
2024-06-17 13:00:00,8.25,19.5,1.38,6.08,3.32,8.0,12.68,0.32,18.09,0.1,1.3,,,,,26.82,58.0,,223.25,,,,711.25,
2024-06-17 14:00:00,9.5,23.25,1.18,6.48,3.4,8.18,13.27,0.32,17.94,0.1,1.4,,,,,27.05,58.0,,217.5,,,,710.5,
2024-06-17 15:00:00,11.0,28.5,1.18,6.68,3.5,8.0,12.8,0.31,18.07,0.1,1.32,,,,,27.58,54.5,,226.5,,,,710.0,
2024-06-17 16:00:00,10.25,25.5,1.27,6.6,3.58,7.52,13.05,0.31,17.82,0.1,1.38,,,,,27.35,53.25,,207.75,,,,710.0,
2024-06-17 17:00:00,8.0,31.25,1.45,6.62,3.7,7.48,12.08,0.32,18.05,0.1,1.2,,,,,27.4,53.5,,223.0,,,,710.0,
2024-06-17 18:00:00,9.0,35.75,1.4,6.78,3.72,8.05,13.5,0.32,18.32,0.1,1.42,,,,,26.52,57.75,,232.0,,,,710.25,
2024-06-17 19:00:00,11.5,38.75,1.3,6.88,3.7,8.88,12.18,0.32,18.27,0.1,1.2,,,,,26.0,62.5,,226.25,,,,711.25,
2024-06-17 20:00:00,9.75,36.25,1.27,6.95,3.72,7.72,13.15,0.32,18.42,0.1,1.4,,,,,24.88,72.0,,193.0,,,,712.25,
2024-06-17 21:00:00,9.25,19.5,1.23,6.7,3.6,7.55,13.65,0.32,18.38,0.1,1.42,,,,,24.15,77.75,,200.0,,,,713.0,
2024-06-17 22:00:00,9.75,13.5,1.2,6.8,3.58,7.5,13.02,0.32,18.46,0.1,1.35,,,,,24.22,72.75,,206.75,,,,713.0,
2024-06-17 23:00:00,8.5,16.5,1.23,6.6,3.5,7.25,13.5,0.32,18.06,0.12,1.4,,,,,24.08,74.75,,212.5,,,,713.0,
2024-06-18 00:00:00,7.0,12.0,1.12,6.75,3.52,7.07,13.28,0.32,18.54,0.1,1.38,,,,,24.02,76.5,,208.0,,,,713.0,
2024-06-18 01:00:00,3.0,15.0,1.3,6.5,3.5,7.05,14.33,0.32,18.42,0.17,1.5,,,,,23.88,78.75,,221.5,,,,712.75,
2024-06-18 02:00:00,3.5,14.0,1.23,6.38,3.38,7.02,14.82,0.32,18.45,0.18,1.6,,,,,23.52,83.25,,224.0,,,,712.0,
2024-06-18 03:00:00,5.5,10.75,1.38,6.75,3.72,6.82,13.72,0.32,18.19,0.1,1.45,,,,,23.5,84.5,,226.75,,,,711.75,
2024-06-18 04:00:00,7.0,10.0,1.27,6.85,3.65,6.95,15.3,0.32,18.04,0.18,1.62,,,,,23.35,86.0,,210.5,,,,711.0,
2024-06-18 05:00:00,9.0,11.0,1.23,6.78,3.62,7.02,15.7,0.32,18.21,0.2,1.68,,,,,23.35,86.0,,206.25,,,,711.0,
2024-06-18 06:00:00,8.75,14.0,1.25,6.58,3.5,7.3,16.02,0.32,18.19,0.2,1.7,,,,,23.3,86.0,,213.0,,,,712.0,
2024-06-18 07:00:00,10.25,24.5,1.18,6.38,3.35,7.72,15.65,0.38,18.34,0.2,1.72,,,,,23.45,84.5,,211.25,,,,713.5,
2024-06-18 08:00:00,16.75,28.5,1.1,6.42,3.28,7.9,15.4,0.42,18.24,0.2,1.68,,,,,23.82,81.0,,217.75,,,,714.0,
2024-06-18 09:00:00,14.0,29.25,1.25,6.45,3.45,7.95,14.98,0.42,18.28,0.2,1.62,,,,,24.5,75.5,,212.5,,,,714.0,
2024-06-18 10:00:00,9.0,33.25,1.15,6.72,3.5,7.6,14.9,0.43,18.38,0.2,1.6,,,,,25.28,69.0,,206.5,,,,713.0,
2024-06-18 11:00:00,12.0,25.5,1.23,6.65,3.55,7.52,14.98,0.44,18.49,0.2,1.6,,,,,25.92,64.0,,227.0,,,,712.0,
2024-06-18 12:00:00,10.5,24.25,1.4,6.5,3.58,7.75,15.85,0.42,18.19,0.2,1.72,,,,,26.2,61.75,,211.75,,,,711.5,
2024-06-18 13:00:00,5.5,19.0,1.32,6.52,3.58,7.6,15.3,0.42,18.16,0.2,1.65,,,,,26.38,60.75,,220.5,,,,711.0,
2024-06-18 14:00:00,4.75,28.25,1.23,6.65,3.52,7.6,14.7,0.42,18.13,0.18,1.55,,,,,26.58,59.25,,213.25,,,,710.0,
2024-06-18 15:00:00,8.0,28.0,1.12,6.78,3.55,7.7,15.78,0.42,18.08,0.2,1.72,,,,,27.05,53.0,,211.5,,,,709.5,
2024-06-18 16:00:00,11.25,27.75,1.23,6.45,3.42,7.78,15.22,0.43,18.22,0.2,1.65,,,,,27.22,50.5,,221.25,,,,709.0,
2024-06-18 17:00:00,11.0,34.5,1.27,6.5,3.48,7.88,15.75,0.42,18.02,0.2,1.72,,,,,26.52,55.0,,221.75,,,,709.5,
2024-06-18 18:00:00,8.5,34.25,1.3,6.58,3.55,8.4,15.15,0.43,18.26,0.18,1.62,,,,,26.1,58.25,,215.75,,,,710.0,
2024-06-18 19:00:00,12.5,44.5,1.35,6.5,3.58,8.43,15.52,0.44,18.47,0.2,1.68,,,,,25.75,61.5,,228.75,,,,710.75,
2024-06-18 20:00:00,17.25,34.5,1.2,6.9,3.65,8.45,15.42,0.43,18.42,0.2,1.62,,,,,25.0,69.5,,228.0,,,,711.75,
2024-06-18 21:00:00,10.0,26.75,1.15,6.88,3.6,8.1,16.75,0.43,18.6,0.2,1.82,,,,,24.72,72.5,,208.25,,,,712.5,
2024-06-18 22:00:00,13.0,26.0,1.18,7.02,3.72,7.35,15.5,0.43,18.42,0.2,1.65,,,,,24.42,75.5,,207.25,,,,712.75,
2024-06-18 23:00:00,9.0,15.0,1.08,6.9,3.52,7.12,16.12,0.44,18.47,0.2,1.75,,,,,24.3,75.5,,210.0,,,,713.0,
2024-06-19 00:00:00,9.75,15.75,1.08,6.78,3.45,7.07,15.98,0.42,18.28,0.2,1.72,,,,,24.08,77.25,,213.75,,,,712.75,
2024-06-19 01:00:00,10.5,16.0,1.2,7.02,3.68,7.08,16.03,0.43,18.34,0.2,1.73,,,,,23.62,81.25,,205.5,,,,712.0,
2024-06-19 02:00:00,5.25,10.0,1.05,7.0,3.6,6.93,15.12,0.43,18.42,0.18,1.62,,,,,23.55,82.5,,208.25,,,,711.25,
2024-06-19 03:00:00,2.75,10.25,1.1,7.5,3.88,6.75,17.38,0.42,18.11,0.2,1.88,,,,,23.42,83.75,,215.25,,,,711.0,
2024-06-19 04:00:00,3.25,11.0,1.1,7.38,3.82,6.72,19.75,0.43,18.44,0.2,2.22,,,,,23.38,84.0,,219.5,,,,711.0,
2024-06-19 05:00:00,7.0,14.75,1.15,7.7,4.03,6.68,18.32,0.42,18.12,0.2,2.05,,,,,23.4,84.0,,217.75,,,,711.0,
2024-06-19 06:00:00,7.75,26.0,1.2,7.02,3.72,7.28,17.75,0.43,18.39,0.2,1.95,,,,,23.32,84.0,,217.5,,,,711.0,
2024-06-19 07:00:00,12.25,25.25,1.2,6.32,3.3,7.7,16.5,0.44,18.52,0.2,1.78,,,,,23.58,83.0,,205.25,,,,712.0,
2024-06-19 08:00:00,18.75,25.25,1.35,6.02,3.32,8.05,17.32,0.42,18.26,0.2,1.9,,,,,23.95,79.75,,212.75,,,,712.0,
2024-06-19 09:00:00,16.0,33.5,1.32,6.55,3.52,7.82,19.05,0.43,18.37,0.2,2.12,,,,,24.82,71.75,,219.0,,,,712.0,
2024-06-19 10:00:00,10.5,40.75,1.15,6.6,3.45,7.78,19.7,0.44,18.52,0.2,2.22,,,,,25.55,65.0,,228.5,,,,712.0,
2024-06-19 11:00:00,12.25,49.5,1.08,6.6,3.38,7.92,18.55,0.43,18.38,0.2,2.05,,,,,26.12,60.75,,215.5,,,,711.5,
2024-06-19 12:00:00,13.0,51.0,1.2,6.5,3.5,8.2,17.9,0.42,18.29,0.2,2.0,,,,,26.2,60.0,,221.0,,,,711.0,
2024-06-19 13:00:00,,,,,,,,,,,,,,,,,,,,,,,,
2024-06-19 14:00:00,,,,,,,,,,,,,,,,,,,,,,,,
2024-06-19 15:00:00,,,,,,,,,,,,,,,,,,,,,,,,
2024-06-19 16:00:00,,,,,,,,,,,,,,,,,,,,,,,,
2024-06-19 17:00:00,,,,,,,,,,,,,,,,,,,,,,,,
2024-06-19 18:00:00,1.0,36.0,,,,,26.47,0.46,19.8,0.4,4.65,,,,,25.22,66.25,,231.0,,,,709.0,
2024-06-19 19:00:00,4.25,32.75,1.0,13.42,6.98,6.25,43.42,0.44,18.94,0.5,5.3,,,,,24.75,68.5,,212.5,,,,709.75,
2024-06-19 20:00:00,14.75,26.0,1.1,9.38,4.9,7.93,41.65,0.42,18.37,0.5,5.08,,,,,24.6,72.25,,204.0,,,,710.75,
2024-06-19 21:00:00,15.75,33.25,1.27,8.2,4.4,7.6,44.15,0.42,17.89,0.5,5.38,,,,,24.42,74.75,,222.25,,,,711.0,
2024-06-19 22:00:00,11.25,26.25,0.98,7.9,4.0,7.0,43.3,0.42,18.2,0.5,5.28,,,,,24.45,71.25,,217.75,,,,711.75,
2024-06-19 23:00:00,9.5,20.25,1.02,7.52,3.82,7.0,44.25,0.42,18.19,0.5,5.4,,,,,24.25,72.5,,221.0,,,,712.0,
2024-06-20 00:00:00,10.25,19.75,1.32,7.1,3.85,6.88,42.65,0.43,18.23,0.5,5.18,,,,,24.15,74.0,,218.75,,,,711.5,
2024-06-20 01:00:00,10.0,24.25,1.23,7.25,3.88,6.75,16.43,0.39,16.83,0.2,1.77,,,,,23.88,76.25,,214.0,,,,710.5,
2024-06-20 02:00:00,15.5,23.25,1.08,9.88,5.12,5.98,14.1,0.43,18.17,0.15,1.48,,,,,23.72,80.75,,205.75,,,,710.0,
2024-06-20 03:00:00,14.25,27.0,1.18,12.65,6.7,5.0,9.62,0.44,19.08,0.1,0.9,,,,,23.48,84.0,,208.5,,,,710.0,
2024-06-20 04:00:00,14.5,27.0,1.4,9.15,5.0,6.25,14.02,0.43,18.58,0.12,1.48,,,,,23.2,85.75,,210.0,,,,710.0,
2024-06-20 05:00:00,13.25,28.0,1.48,8.4,4.68,6.52,16.08,0.44,18.46,0.2,1.72,,,,,23.15,86.0,,218.75,,,,710.0,
2024-06-20 06:00:00,13.25,30.75,1.35,7.02,3.82,7.28,16.05,0.43,18.42,0.18,1.72,,,,,23.1,86.0,,219.5,,,,711.0,
2024-06-20 07:00:00,12.25,30.5,1.18,6.55,3.45,7.82,14.68,0.42,17.95,0.15,1.55,,,,,23.28,84.5,,216.0,,,,711.25,
2024-06-20 08:00:00,16.5,35.75,1.27,7.35,3.95,7.68,17.9,0.42,18.15,0.2,1.98,,,,,23.58,82.75,,212.75,,,,712.0,
2024-06-20 09:00:00,19.25,48.5,1.08,9.2,4.78,7.15,17.42,0.42,18.08,0.2,1.92,,,,,24.28,77.5,,215.0,,,,712.0,
2024-06-20 10:00:00,21.25,50.5,1.38,8.98,4.9,7.0,18.58,0.43,18.3,0.2,2.02,,,,,25.02,71.5,,207.75,,,,712.0,
2024-06-20 11:00:00,17.5,47.5,1.2,9.12,4.82,6.92,17.25,0.45,19.2,0.2,1.88,,,,,25.6,66.25,,215.75,,,,712.0,
2024-06-20 12:00:00,21.0,62.25,1.25,7.95,4.22,7.38,17.08,0.44,18.58,0.2,1.88,,,,,26.15,60.25,,208.5,,,,711.5,
2024-06-20 13:00:00,17.5,63.0,1.3,7.15,3.82,7.88,18.35,0.43,18.21,0.2,2.02,,,,,26.82,54.75,,208.0,,,,710.25,
2024-06-20 14:00:00,16.25,66.25,1.45,7.08,3.92,7.7,13.2,0.42,18.21,0.12,1.35,,,,,26.8,54.25,,224.0,,,,710.0,
2024-06-20 15:00:00,16.75,84.5,1.35,7.25,3.95,7.7,14.88,0.44,18.49,0.12,1.6,,,,,24.6,74.75,,209.0,,,,709.75,
2024-06-20 16:00:00,16.25,29.25,1.27,7.15,3.85,7.52,18.05,0.41,17.45,0.2,2.02,,,,,25.05,69.0,,204.75,,,,709.75,
2024-06-20 17:00:00,16.5,32.5,1.05,11.55,6.0,6.08,15.4,0.42,18.11,0.15,1.65,,,,,24.78,67.25,,213.25,,,,710.0,
2024-06-20 18:00:00,15.5,39.0,0.98,16.48,8.57,4.85,11.0,0.42,18.15,0.1,1.08,,,,,24.7,70.25,,218.5,,,,710.0,
2024-06-20 19:00:00,17.0,37.75,1.52,13.8,7.62,6.22,13.28,0.46,19.6,0.1,1.38,,,,,24.38,69.5,,221.75,,,,710.5,
2024-06-20 20:00:00,17.25,39.75,1.33,7.72,4.2,7.98,15.15,0.45,18.85,0.18,1.62,,,,,24.08,66.75,,218.75,,,,711.0,
2024-06-20 21:00:00,18.5,29.5,1.12,6.58,3.38,8.07,20.0,0.43,18.44,0.2,2.28,,,,,23.7,69.75,,215.75,,,,711.0,
2024-06-20 22:00:00,17.75,27.75,1.12,6.05,3.12,7.62,18.0,0.42,18.11,0.2,1.98,,,,,23.52,74.5,,217.0,,,,711.75,
2024-06-20 23:00:00,12.5,26.0,1.2,6.02,3.18,7.57,17.6,0.42,18.14,0.2,1.95,,,,,23.38,76.5,,212.25,,,,712.0,
2024-06-21 00:00:00,15.25,23.5,1.2,5.9,3.12,7.35,17.7,0.42,18.0,0.2,1.98,,,,,23.25,78.5,,222.5,,,,711.5,
2024-06-21 01:00:00,13.25,27.25,1.15,6.02,3.1,7.38,15.27,0.43,18.33,0.2,1.63,,,,,23.12,79.75,,229.0,,,,711.0,
2024-06-21 02:00:00,21.5,34.25,1.45,5.72,3.22,7.43,13.9,0.43,18.32,0.1,1.45,,,,,22.95,82.0,,217.0,,,,711.0,
2024-06-21 03:00:00,18.0,33.75,1.2,6.18,3.25,7.32,13.92,0.44,18.66,0.15,1.45,,,,,22.88,83.75,,208.25,,,,710.75,
2024-06-21 04:00:00,21.25,29.75,1.2,6.7,3.52,7.22,12.3,0.42,17.77,0.1,1.25,,,,,22.75,86.0,,204.0,,,,710.25,
2024-06-21 05:00:00,19.5,29.25,1.2,7.0,3.7,7.12,11.92,0.41,17.83,0.1,1.2,,,,,22.68,87.5,,204.0,,,,711.0,
2024-06-21 06:00:00,12.75,30.25,1.27,6.55,3.5,7.5,15.28,0.42,17.91,0.18,1.65,,,,,22.62,87.75,,204.75,,,,711.0,
2024-06-21 07:00:00,17.0,33.0,1.3,6.38,3.4,7.85,17.25,0.43,18.31,0.2,1.9,,,,,22.98,84.5,,205.75,,,,712.0,
2024-06-21 08:00:00,24.25,38.75,1.15,6.18,3.22,8.12,17.08,0.44,18.48,0.2,1.85,,,,,23.7,79.0,,215.0,,,,712.0,
2024-06-21 09:00:00,24.75,40.75,1.32,6.18,3.35,8.07,16.4,0.43,18.34,0.2,1.75,,,,,24.68,70.75,,214.75,,,,712.0,
2024-06-21 10:00:00,15.75,46.75,1.08,6.42,3.3,7.98,14.75,0.43,18.28,0.18,1.55,,,,,25.3,65.5,,221.25,,,,712.0,
2024-06-21 11:00:00,20.25,42.0,1.38,6.08,3.35,8.12,15.6,0.43,18.47,0.2,1.7,,,,,25.72,63.0,,212.75,,,,711.25,
2024-06-21 12:00:00,26.0,48.75,1.3,6.02,3.25,8.2,15.6,0.43,18.36,0.2,1.7,,,,,26.02,61.0,,211.0,,,,711.0,
2024-06-21 13:00:00,23.0,55.25,1.15,6.32,3.3,8.0,15.1,0.42,17.94,0.15,1.62,,,,,26.45,57.25,,216.0,,,,710.0,
2024-06-21 14:00:00,20.75,63.75,1.32,6.28,3.4,7.8,12.62,0.43,18.36,0.1,1.27,,,,,26.45,58.0,,217.25,,,,709.5,
2024-06-21 15:00:00,15.0,51.25,1.45,6.32,3.55,7.78,14.48,0.42,18.01,0.15,1.5,,,,,25.8,63.75,,211.0,,,,709.25,
2024-06-21 16:00:00,17.5,44.25,1.48,6.38,3.58,7.92,14.0,0.44,18.2,0.12,1.48,,,,,23.4,86.25,,230.25,,,,709.0,
2024-06-21 17:00:00,16.0,21.25,1.32,6.52,3.52,8.28,13.45,0.42,14.56,0.1,1.4,,,,,24.15,82.0,,214.75,,,,709.0,
2024-06-21 18:00:00,15.75,25.0,1.12,6.88,3.58,8.8,14.72,0.42,14.66,0.2,1.55,,,,,24.22,77.0,,230.0,,,,709.75,
2024-06-21 19:00:00,17.25,37.5,1.38,6.85,3.72,8.93,14.42,0.42,14.43,0.15,1.55,,,,,24.12,77.75,,231.5,,,,710.25,
2024-06-21 20:00:00,23.75,46.0,1.23,7.02,3.75,8.43,14.82,0.42,14.52,0.2,1.58,,,,,24.12,75.25,,214.5,,,,711.0,
2024-06-21 21:00:00,22.25,39.25,1.2,6.98,3.72,8.02,14.55,0.44,14.78,0.18,1.52,,,,,23.92,75.25,,218.5,,,,711.0,
2024-06-21 22:00:00,20.5,37.0,1.23,6.78,3.6,7.92,17.6,0.43,14.71,0.2,1.95,,,,,23.72,77.0,,219.25,,,,712.0,
2024-06-21 23:00:00,20.75,34.0,1.3,6.7,3.62,7.32,14.2,0.44,14.79,0.15,1.5,,,,,23.55,79.25,,224.75,,,,711.5,
2024-06-22 00:00:00,15.75,25.0,1.23,6.75,3.58,7.12,13.68,0.44,15.14,0.12,1.42,,,,,23.32,81.25,,219.0,,,,710.5,
2024-06-22 01:00:00,12.25,26.5,1.32,6.32,3.42,7.2,14.1,0.42,14.58,0.13,1.47,,,,,23.12,83.0,,220.25,,,,709.5,
2024-06-22 02:00:00,15.25,29.25,1.38,6.32,3.42,7.22,13.05,0.42,14.57,0.1,1.35,,,,,22.9,85.25,,203.25,,,,709.0,
2024-06-22 03:00:00,19.25,24.5,1.35,6.38,3.5,7.12,13.55,0.42,14.46,0.12,1.42,,,,,22.72,87.5,,207.25,,,,709.0,
2024-06-22 04:00:00,11.75,25.75,1.3,6.52,3.52,7.12,15.48,0.43,14.65,0.2,1.68,,,,,22.7,88.0,,214.5,,,,709.0,
2024-06-22 05:00:00,14.75,26.0,1.15,6.62,3.45,7.25,16.27,0.42,14.52,0.2,1.75,,,,,22.6,88.0,,217.0,,,,709.0,
2024-06-22 06:00:00,17.25,26.75,1.25,6.65,3.55,7.4,14.58,0.42,14.54,0.18,1.52,,,,,22.6,88.0,,209.5,,,,709.5,
2024-06-22 07:00:00,17.0,22.75,1.15,6.22,3.22,7.8,13.85,0.43,14.81,0.12,1.45,,,,,22.75,87.25,,211.25,,,,710.0,
2024-06-22 08:00:00,16.5,31.5,1.12,6.18,3.18,8.07,14.92,0.42,14.47,0.18,1.6,,,,,23.3,83.5,,217.0,,,,710.75,
2024-06-22 09:00:00,21.75,34.5,1.42,6.22,3.5,8.18,15.2,0.42,14.66,0.2,1.65,,,,,23.98,77.75,,208.75,,,,711.0,
2024-06-22 10:00:00,15.0,39.0,1.3,6.4,3.5,7.9,16.3,0.44,14.84,0.2,1.8,,,,,24.4,75.0,,208.0,,,,711.0,
2024-06-22 11:00:00,,,,,,,,,,,,,,,,,,,,,,,,
2024-06-22 12:00:00,,,,,,,,,,,,,,,,,,,,,,,,
2024-06-22 13:00:00,,,,,,,,,,,,,,,,,,,,,,,,
2024-06-22 14:00:00,15.0,39.0,,,,,,0.52,17.54,,,,,,,26.45,58.0,,225.5,,,,707.0,
2024-06-22 15:00:00,11.0,25.0,1.05,7.9,4.1,7.6,28.7,0.44,14.88,0.35,3.38,,,,,26.5,58.0,,218.75,,,,707.0,
2024-06-22 16:00:00,10.25,27.75,1.12,10.22,5.38,6.98,35.4,0.43,14.55,0.4,4.25,,,,,26.38,58.75,,221.0,,,,706.75,
2024-06-22 17:00:00,10.5,36.5,1.3,8.12,4.4,7.45,40.95,0.41,14.1,0.45,4.97,,,,,25.35,65.75,,213.5,,,,707.0,
2024-06-22 18:00:00,16.0,37.75,1.18,7.3,3.82,8.45,35.62,0.42,14.24,0.4,4.28,,,,,24.98,67.25,,226.0,,,,707.25,
2024-06-22 19:00:00,9.25,34.0,1.32,7.05,3.82,8.28,37.38,0.42,14.37,0.4,4.47,,,,,24.2,72.5,,221.25,,,,708.0,
2024-06-22 20:00:00,9.5,27.5,1.5,6.78,3.85,8.95,41.15,0.44,14.75,0.48,5.0,,,,,24.38,69.5,,215.5,,,,709.25,
2024-06-22 21:00:00,17.0,33.0,1.4,7.02,3.92,8.43,38.72,0.4,13.99,0.4,4.68,,,,,24.18,73.0,,218.25,,,,710.0,
2024-06-22 22:00:00,17.5,28.5,1.15,7.6,4.0,7.68,40.08,0.46,15.59,0.4,4.85,,,,,23.95,74.75,,219.0,,,,710.0,
2024-06-22 23:00:00,18.0,31.5,1.38,7.62,4.15,7.35,40.55,0.42,14.24,0.45,4.92,,,,,23.7,77.75,,208.25,,,,710.5,
2024-06-23 00:00:00,14.25,25.5,1.35,7.3,3.95,6.98,42.52,0.41,14.02,0.5,5.18,,,,,23.48,78.75,,202.25,,,,710.0,
2024-06-23 01:00:00,12.0,21.0,1.05,7.02,3.62,7.02,12.63,0.44,14.9,0.13,1.3,,,,,23.28,79.75,,204.0,,,,709.25,
2024-06-23 02:00:00,10.0,20.0,1.25,6.68,3.55,7.05,10.25,0.42,14.3,0.1,0.98,,,,,23.1,83.5,,206.75,,,,709.0,
2024-06-23 03:00:00,9.5,18.5,1.48,6.68,3.78,6.95,11.6,0.43,14.59,0.1,1.15,,,,,22.88,85.5,,201.0,,,,709.0,
2024-06-23 04:00:00,7.5,13.75,1.3,6.9,3.72,6.85,11.58,0.42,14.53,0.1,1.18,,,,,22.72,86.0,,202.0,,,,708.5,
2024-06-23 05:00:00,5.75,14.0,1.3,6.98,3.8,6.93,10.28,0.4,13.57,0.1,0.98,,,,,22.75,86.0,,197.0,,,,709.0,
2024-06-23 06:00:00,6.0,19.5,1.2,7.28,3.82,7.0,10.58,0.42,14.14,0.1,1.02,,,,,22.82,86.0,,205.5,,,,709.0,
2024-06-23 07:00:00,9.0,27.5,1.38,6.82,3.78,7.42,14.08,0.41,14.06,0.15,1.45,,,,,22.98,85.25,,216.25,,,,709.5,
2024-06-23 08:00:00,9.25,29.25,1.1,6.82,3.55,7.55,16.45,0.46,15.71,0.2,1.8,,,,,23.6,80.0,,206.75,,,,710.0,
2024-06-23 09:00:00,10.75,28.5,1.27,6.62,3.5,7.35,12.52,0.42,14.4,0.12,1.27,,,,,24.32,72.5,,206.0,,,,710.0,
2024-06-23 10:00:00,13.0,23.5,1.38,6.72,3.65,7.28,14.38,0.44,15.14,0.18,1.5,,,,,24.88,68.5,,217.5,,,,710.0,
2024-06-23 11:00:00,13.75,24.0,1.18,6.5,3.4,7.62,15.25,0.43,14.74,0.2,1.62,,,,,25.38,64.25,,208.5,,,,709.0,
2024-06-23 12:00:00,16.25,29.25,1.1,6.4,3.3,7.75,16.27,0.43,14.69,0.2,1.75,,,,,25.9,60.75,,218.0,,,,708.5,
2024-06-23 13:00:00,16.25,26.75,1.4,6.1,3.4,7.98,12.42,0.42,14.2,0.12,1.25,,,,,26.5,57.25,,202.75,,,,707.5,
2024-06-23 14:00:00,13.0,28.0,1.1,6.92,3.58,7.62,11.68,0.42,14.35,0.1,1.18,,,,,26.75,55.5,,213.0,,,,706.75,
2024-06-23 15:00:00,10.0,31.5,1.35,7.18,3.92,7.38,10.18,0.43,14.81,0.1,0.98,,,,,26.35,58.25,,204.25,,,,706.0,
2024-06-23 16:00:00,9.5,25.5,1.38,7.28,3.97,7.32,11.02,0.43,14.58,0.1,1.1,,,,,25.32,67.75,,211.5,,,,706.0,
2024-06-23 17:00:00,8.75,26.0,1.35,6.92,3.8,7.45,13.68,0.44,14.9,0.12,1.42,,,,,24.48,75.0,,211.75,,,,706.5,
2024-06-23 18:00:00,10.25,15.5,1.27,6.7,3.58,7.48,16.6,0.43,14.55,0.2,1.8,,,,,23.85,78.75,,198.75,,,,707.25,
2024-06-23 19:00:00,8.5,20.5,1.32,6.52,3.52,7.6,13.45,0.42,14.55,0.15,1.38,,,,,23.58,81.75,,212.25,,,,708.0,
2024-06-23 20:00:00,11.0,24.25,1.08,6.5,3.35,7.88,13.68,0.38,13.14,0.12,1.42,,,,,23.65,82.0,,212.0,,,,709.0,
2024-06-23 21:00:00,14.25,30.25,1.32,7.22,3.9,7.68,14.55,0.45,15.58,0.15,1.55,,,,,23.68,83.75,,209.25,,,,709.5,
2024-06-23 22:00:00,15.0,28.0,1.23,6.98,3.7,7.35,9.02,0.45,15.35,0.1,0.82,,,,,23.6,83.5,,210.5,,,,710.0,
2024-06-23 23:00:00,12.0,16.0,1.23,6.78,3.6,7.18,9.15,0.41,13.99,0.1,0.85,,,,,23.38,83.75,,209.5,,,,710.0,
2024-06-24 00:00:00,10.5,14.5,1.2,6.78,3.6,7.05,9.38,0.42,14.4,0.1,0.9,,,,,23.22,85.25,,212.5,,,,709.25,
2024-06-24 01:00:00,5.0,8.75,1.32,6.7,3.62,6.9,18.47,0.44,15.14,0.2,2.03,,,,,23.12,84.25,,221.5,,,,708.75,
2024-06-24 02:00:00,2.5,5.25,1.18,6.25,3.28,7.1,18.5,0.42,14.33,0.2,2.05,,,,,23.08,84.0,,215.0,,,,708.0,
2024-06-24 03:00:00,3.75,6.5,1.23,6.25,3.32,7.07,17.4,0.44,15.0,0.2,1.9,,,,,23.0,84.5,,208.75,,,,708.0,
2024-06-24 04:00:00,4.25,8.5,1.32,6.28,3.4,7.07,16.55,0.44,15.14,0.2,1.8,,,,,22.88,84.0,,215.25,,,,708.0,
2024-06-24 05:00:00,8.0,10.0,1.2,6.3,3.3,7.12,15.75,0.4,13.59,0.2,1.7,,,,,22.8,84.75,,218.0,,,,708.0,
2024-06-24 06:00:00,,,1.23,6.68,3.52,7.32,16.75,0.42,14.43,0.2,1.85,,,,,22.82,85.0,,218.5,,,,708.25,
2024-06-24 07:00:00,10.0,24.0,1.25,6.65,3.55,7.78,12.98,0.42,14.41,0.12,1.32,,,,,23.1,83.75,,206.25,,,,709.0,
2024-06-24 08:00:00,9.5,25.25,1.23,6.58,3.48,7.7,13.9,0.42,14.42,0.15,1.45,,,,,23.62,78.0,,204.5,,,,709.0,
2024-06-24 09:00:00,9.75,28.0,1.18,6.58,3.42,7.85,18.65,0.44,15.12,0.2,2.1,,,,,24.12,73.25,,214.25,,,,709.0,
2024-06-24 10:00:00,14.0,29.5,1.2,6.45,3.42,7.78,17.27,0.42,14.28,0.2,1.9,,,,,24.68,69.25,,214.0,,,,709.0,
2024-06-24 11:00:00,10.25,39.75,1.15,7.52,3.95,7.32,17.45,0.43,14.6,0.2,1.92,,,,,24.95,68.0,,208.5,,,,708.75,
2024-06-24 12:00:00,10.75,29.75,1.5,6.88,3.85,7.6,19.85,0.42,14.35,0.2,2.22,,,,,25.32,65.25,,215.0,,,,708.0,
2024-06-24 13:00:00,17.0,29.75,1.2,6.98,3.72,7.55,21.5,0.42,14.52,0.22,2.45,,,,,25.95,60.5,,220.0,,,,707.25,
2024-06-24 14:00:00,11.5,42.75,1.38,6.25,3.5,7.68,18.9,0.45,15.31,0.2,2.12,,,,,25.9,58.75,,212.25,,,,707.0,
2024-06-24 15:00:00,13.25,65.75,1.38,6.0,3.32,7.78,17.73,0.44,14.91,0.2,1.98,,,,,26.42,55.25,,219.25,,,,706.75,
2024-06-24 16:00:00,14.75,36.5,1.12,6.3,3.25,7.78,17.4,0.44,14.96,0.2,1.9,,,,,26.1,55.75,,226.75,,,,706.5,
2024-06-24 17:00:00,17.25,35.0,1.15,6.3,3.32,8.25,17.92,0.42,14.24,0.2,2.0,,,,,25.65,58.5,,215.25,,,,707.0,
2024-06-24 18:00:00,16.5,43.25,1.3,6.4,3.45,8.18,17.92,0.43,14.77,0.2,1.98,,,,,24.95,63.25,,224.25,,,,707.75,
2024-06-24 19:00:00,12.25,39.5,1.02,6.52,3.3,8.2,18.27,0.42,14.49,0.2,2.02,,,,,24.52,66.75,,217.75,,,,708.0,
2024-06-24 20:00:00,13.0,33.25,1.4,6.52,3.6,8.35,18.5,0.45,15.48,0.2,2.05,,,,,24.38,70.0,,212.0,,,,709.0,
2024-06-24 21:00:00,13.25,26.75,1.38,6.68,3.65,7.78,18.68,0.43,14.84,0.2,2.08,,,,,24.0,75.0,,205.0,,,,709.0,
2024-06-24 22:00:00,13.75,21.5,1.3,6.55,3.55,7.45,18.65,0.44,15.02,0.2,2.08,,,,,23.7,79.5,,209.75,,,,709.5,
2024-06-24 23:00:00,13.0,17.0,1.23,6.32,3.42,7.22,18.55,0.42,14.34,0.2,2.02,,,,,23.42,81.25,,206.5,,,,709.0,
2024-06-25 00:00:00,13.0,15.0,1.15,6.22,3.22,7.22,18.02,0.45,15.4,0.2,2.02,,,,,23.15,83.5,,199.5,,,,709.0,
2024-06-25 01:00:00,12.25,16.5,1.35,5.98,3.28,7.28,14.87,0.43,14.59,0.17,1.57,,,,,23.0,85.5,,208.0,,,,708.25,
2024-06-25 02:00:00,11.75,20.25,1.1,6.28,3.2,7.15,13.9,0.42,14.5,0.15,1.48,,,,,23.02,86.0,,200.0,,,,708.0,
2024-06-25 03:00:00,15.5,16.75,1.38,6.45,3.52,6.98,13.15,0.4,13.8,0.1,1.38,,,,,23.0,87.0,,215.75,,,,708.0,
2024-06-25 04:00:00,11.0,13.0,1.02,7.15,3.68,6.93,13.5,0.42,14.45,0.1,1.4,,,,,23.0,87.0,,218.0,,,,708.0,
2024-06-25 05:00:00,8.0,17.0,1.1,7.02,3.65,7.02,13.9,0.42,14.5,0.15,1.45,,,,,22.95,87.0,,207.5,,,,708.0,
2024-06-25 06:00:00,7.75,16.25,1.2,6.7,3.55,7.3,15.4,0.42,14.09,0.2,1.65,,,,,22.92,87.0,,209.5,,,,708.25,
2024-06-25 07:00:00,10.0,16.5,1.25,8.25,4.42,7.05,13.32,0.4,13.99,0.1,1.38,,,,,23.2,86.0,,202.5,,,,709.0,
2024-06-25 08:00:00,16.75,25.5,1.4,11.9,6.48,6.12,12.18,0.43,14.72,0.1,1.25,,,,,23.8,81.5,,213.25,,,,709.0,
2024-06-25 09:00:00,10.75,30.75,1.32,13.05,7.0,5.82,9.88,0.46,15.68,0.1,0.92,,,,,24.42,76.25,,220.0,,,,709.0,
2024-06-25 10:00:00,14.5,35.5,1.35,7.4,4.05,7.52,14.08,0.43,14.54,0.15,1.48,,,,,24.9,71.0,,215.75,,,,709.0,
2024-06-25 11:00:00,17.75,43.0,1.12,6.38,3.32,7.9,15.45,0.42,14.48,0.2,1.68,,,,,25.42,67.25,,225.25,,,,708.0,
2024-06-25 12:00:00,13.5,45.0,1.23,6.2,3.32,7.9,13.7,0.42,14.47,0.1,1.42,,,,,26.0,63.25,,213.75,,,,707.75,
2024-06-25 13:00:00,12.5,48.5,1.3,6.07,3.28,8.02,14.48,0.42,14.44,0.18,1.5,,,,,26.45,59.5,,220.5,,,,707.0,
2024-06-25 14:00:00,14.75,46.0,1.48,5.9,3.35,7.95,13.95,0.42,14.56,0.12,1.48,,,,,26.45,58.0,,224.5,,,,706.75,
2024-06-25 15:00:00,15.0,56.5,1.27,6.15,3.3,7.8,14.4,0.42,14.48,0.15,1.55,,,,,26.35,59.25,,214.75,,,,706.0,
2024-06-25 16:00:00,11.25,41.0,1.12,6.38,3.3,7.65,15.98,0.43,14.82,0.2,1.72,,,,,26.05,60.25,,221.25,,,,706.0,
2024-06-25 17:00:00,16.25,37.75,1.25,6.3,3.35,7.75,18.55,0.43,14.57,0.2,2.05,,,,,25.88,60.25,,218.5,,,,706.25,
2024-06-25 18:00:00,11.25,43.5,1.27,6.25,3.35,8.0,19.35,0.42,14.62,0.2,2.15,,,,,24.98,71.25,,199.75,,,,707.0,
2024-06-25 19:00:00,12.0,34.0,1.4,6.32,3.5,8.35,16.38,0.42,14.48,0.2,1.78,,,,,24.35,78.5,,196.5,,,,707.75,
2024-06-25 20:00:00,13.0,27.25,1.27,6.48,3.5,8.2,15.15,0.42,14.58,0.2,1.62,,,,,24.2,81.0,,201.25,,,,708.75,
2024-06-25 21:00:00,16.0,25.0,1.2,6.88,3.6,7.65,15.4,0.43,14.67,0.18,1.65,,,,,23.85,84.0,,214.5,,,,709.25,
2024-06-25 22:00:00,7.0,19.0,1.27,6.72,3.6,7.35,13.42,0.43,14.79,0.12,1.4,,,,,23.7,81.25,,203.5,,,,710.0,
2024-06-25 23:00:00,7.0,17.5,1.1,6.82,3.55,7.12,10.9,0.44,15.08,0.1,1.08,,,,,23.48,81.5,,200.5,,,,710.0,
2024-06-26 00:00:00,7.0,13.0,1.25,6.22,3.32,7.18,14.7,0.42,14.32,0.15,1.55,,,,,23.22,84.25,,212.0,,,,709.0,
2024-06-26 01:00:00,,,1.12,7.1,3.7,6.85,14.8,0.43,14.69,0.13,1.57,,,,,23.2,86.0,,207.25,,,,708.5,
2024-06-26 02:00:00,,,1.35,6.15,3.35,7.08,13.82,0.44,15.07,0.1,1.45,,,,,23.05,86.25,,213.5,,,,708.0,
2024-06-26 03:00:00,11.0,12.0,1.27,6.08,3.28,7.12,13.15,0.41,14.2,0.1,1.38,,,,,22.95,86.0,,207.0,,,,707.75,
2024-06-26 04:00:00,9.75,11.0,1.12,6.45,3.35,7.12,11.95,0.44,14.79,0.1,1.18,,,,,22.9,86.75,,208.0,,,,707.0,
2024-06-26 05:00:00,6.5,8.25,1.18,6.38,3.38,7.15,12.9,0.42,14.42,0.1,1.35,,,,,22.82,86.25,,204.5,,,,707.25,
2024-06-26 06:00:00,8.0,10.5,1.18,6.12,3.2,7.48,12.22,0.43,14.62,0.1,1.27,,,,,22.8,86.0,,209.75,,,,708.0,
2024-06-26 07:00:00,9.0,15.25,1.35,5.72,3.12,7.88,13.98,0.43,14.69,0.15,1.45,,,,,22.9,86.0,,208.75,,,,708.25,
2024-06-26 08:00:00,12.75,18.25,1.05,5.93,3.0,8.15,15.9,0.44,14.83,0.2,1.72,,,,,23.08,85.0,,216.25,,,,709.0,
2024-06-26 09:00:00,14.5,25.75,1.2,6.02,3.18,8.2,12.88,0.44,15.26,0.1,1.32,,,,,23.7,80.75,,207.0,,,,709.0,
2024-06-26 10:00:00,13.5,32.0,1.18,6.1,3.2,7.85,12.52,0.42,14.62,0.1,1.27,,,,,24.22,75.0,,208.75,,,,709.0,
2024-06-26 11:00:00,14.5,43.0,1.32,6.22,3.4,7.68,11.58,0.44,14.94,0.1,1.18,,,,,24.82,68.75,,209.0,,,,709.0,
2024-06-26 12:00:00,13.0,37.25,1.27,6.1,3.3,7.75,12.35,0.43,14.61,0.1,1.25,,,,,25.05,67.0,,212.0,,,,708.25,
2024-06-26 13:00:00,11.75,26.5,1.28,6.08,3.28,7.65,12.75,0.43,14.78,0.1,1.32,,,,,25.4,65.0,,200.0,,,,708.0,
2024-06-26 14:00:00,8.75,29.75,1.25,6.07,3.25,7.72,12.82,0.42,14.35,0.1,1.32,,,,,25.52,63.75,,212.0,,,,707.75,
2024-06-26 15:00:00,11.0,54.5,1.2,6.15,3.28,7.72,11.78,0.44,14.72,0.1,1.15,,,,,25.45,64.0,,203.0,,,,707.0,
2024-06-26 16:00:00,12.5,33.5,1.12,6.58,3.38,7.72,12.12,0.42,14.39,0.1,1.23,,,,,25.72,63.25,,205.75,,,,707.0,
2024-06-26 17:00:00,17.5,39.5,1.23,6.72,3.55,7.68,10.52,0.41,14.26,0.1,1.02,,,,,25.05,69.25,,199.25,,,,707.5,
2024-06-26 18:00:00,17.25,42.75,1.5,6.7,3.8,8.07,11.95,0.42,14.46,0.1,1.2,,,,,24.38,77.75,,203.0,,,,708.25,
2024-06-26 19:00:00,12.0,39.0,0.92,7.15,3.58,7.92,9.23,0.44,15.02,0.1,0.87,,,,,23.92,82.0,,203.5,,,,709.0,
2024-06-26 20:00:00,12.0,20.0,1.38,5.88,3.25,8.05,11.78,0.41,14.18,0.1,1.18,,,,,23.52,85.0,,195.0,,,,710.0,
2024-06-26 21:00:00,11.0,19.25,1.4,6.7,3.72,7.6,12.18,0.43,14.64,0.1,1.23,,,,,23.4,84.25,,204.25,,,,710.0,
2024-06-26 22:00:00,8.5,16.0,1.35,6.32,3.45,7.38,12.12,0.43,14.63,0.1,1.23,,,,,23.28,85.25,,203.25,,,,710.5,
2024-06-26 23:00:00,10.0,13.0,1.3,6.2,3.35,7.25,12.45,0.42,14.4,0.1,1.27,,,,,23.2,86.0,,204.0,,,,711.0,
2024-06-27 00:00:00,,,1.52,6.32,3.58,7.25,11.62,0.42,12.74,0.1,1.15,,,,,23.25,86.0,,208.75,,,,710.0,
2024-06-27 01:00:00,5.0,10.0,1.32,6.3,3.45,7.07,11.77,0.44,13.04,0.1,1.17,,,,,23.3,86.0,,202.0,,,,709.0,
2024-06-27 02:00:00,5.0,10.0,1.18,6.32,3.32,7.0,13.18,0.43,12.78,0.1,1.38,,,,,23.22,86.0,,208.25,,,,709.0,
2024-06-27 03:00:00,5.0,7.0,1.12,6.7,3.5,6.93,14.55,0.42,12.41,0.15,1.52,,,,,23.2,85.75,,215.5,,,,709.0,
2024-06-27 04:00:00,5.0,7.0,1.3,6.35,3.48,7.02,15.08,0.43,12.96,0.18,1.6,,,,,23.1,84.75,,215.5,,,,708.25,
2024-06-27 05:00:00,6.0,18.0,1.1,6.5,3.38,7.1,16.12,0.42,12.67,0.2,1.75,,,,,23.0,83.75,,209.75,,,,709.0,
2024-06-27 06:00:00,6.0,18.0,1.3,6.8,3.65,7.1,17.1,0.42,12.72,0.2,1.88,,,,,22.9,84.5,,202.25,,,,709.0,
2024-06-27 07:00:00,6.0,18.0,1.38,5.92,3.28,7.62,15.45,0.43,12.96,0.18,1.65,,,,,22.98,85.25,,206.25,,,,710.25,
2024-06-27 08:00:00,8.5,20.25,1.3,5.72,3.1,8.0,15.15,0.42,12.68,0.2,1.6,,,,,23.2,84.5,,206.5,,,,711.0,
2024-06-27 09:00:00,15.0,27.25,1.12,5.82,3.02,8.35,15.0,0.44,13.0,0.2,1.6,,,,,23.32,85.25,,214.5,,,,711.0,
2024-06-27 10:00:00,11.75,26.0,1.2,6.02,3.18,8.1,14.65,0.43,12.96,0.18,1.55,,,,,23.78,81.5,,208.0,,,,711.0,
2024-06-27 11:00:00,10.5,18.75,1.2,6.07,3.18,8.0,14.9,0.41,12.37,0.18,1.58,,,,,24.1,78.25,,210.75,,,,711.0,
2024-06-27 12:00:00,8.75,16.0,1.15,6.2,3.22,7.75,14.65,0.42,12.76,0.18,1.52,,,,,24.4,76.25,,199.0,,,,711.0,
2024-06-27 13:00:00,8.0,19.5,1.12,6.18,3.2,7.8,16.25,0.42,12.67,0.2,1.8,,,,,24.72,70.25,,204.25,,,,710.0,
2024-06-27 14:00:00,,,,,,,,,,,,,,,,,,,,,,,,
2024-06-27 15:00:00,,,,,,,,,,,,,,,,,,,,,,,,
2024-06-27 16:00:00,,,,,,,,,,,,,,,,,,,,,,,,
2024-06-27 17:00:00,,,,,,,,,,,,,,,,,,,,,,,,
2024-06-27 18:00:00,,,,,,,,,,,,,,,,,,,,,,,,
2024-06-27 19:00:00,,,,,,,,,,,,,,,,,,,,,,,,
2024-06-27 20:00:00,,,,,,,,,,,,,,,,,,,,,,,,
2024-06-27 21:00:00,,,,,,,,,,,,,,,,,,,,,,,,
2024-06-27 22:00:00,,,,,,,,,,,,,,,,,,,,,,,,
2024-06-27 23:00:00,,,,,,,,,,,,,,,,,,,,,,,,
2024-06-28 00:00:00,,,,,,,,,,,,,,,,,,,,,,,,
2024-06-28 01:00:00,,,,,,,,,,,,,,,,,,,,,,,,
2024-06-28 02:00:00,,,,,,,,,,,,,,,,,,,,,,,,
2024-06-28 03:00:00,,,,,,,,,,,,,,,,,,,,,,,,
2024-06-28 04:00:00,,,,,,,,,,,,,,,,,,,,,,,,
2024-06-28 05:00:00,,,,,,,,,,,,,,,,,,,,,,,,
2024-06-28 06:00:00,,,,,,,,,,,,,,,,,,,,,,,,
2024-06-28 07:00:00,,,,,,,,,,,,,,,,,,,,,,,,
2024-06-28 08:00:00,,,,,,,,,,,,,,,,,,,,,,,,
2024-06-28 09:00:00,,,,,,,,,,,,,,,,,,,,,,,,
2024-06-28 10:00:00,,,,,,,,,,,,,,,,,,,,,,,,
2024-06-28 11:00:00,,,,,,,,,,,,,,,,,,,,,,,,
2024-06-28 12:00:00,,,,,,,,,,,,,,,,,,,,,,,,
2024-06-28 13:00:00,,,,,,,,,,,,,,,,,,,,,,,,
2024-06-28 14:00:00,8.0,21.0,,,,,2.6,0.12,3.6,,,,,,,26.15,63.0,,200.5,,,,709.0,
2024-06-28 15:00:00,16.0,18.0,0.8,17.15,8.8,3.65,26.28,0.62,18.56,0.3,3.1,,,,,26.3,62.75,,207.25,,,,709.0,
2024-06-28 16:00:00,12.25,22.0,1.25,10.42,5.55,6.45,33.33,0.45,13.59,0.4,3.97,,,,,25.82,65.75,,211.5,,,,709.0,
2024-06-28 17:00:00,6.75,33.5,1.32,9.07,4.88,7.5,34.65,0.34,10.36,0.4,4.15,,,,,24.02,83.0,,215.0,,,,709.0,
2024-06-28 18:00:00,24.0,30.25,1.12,11.02,5.8,7.75,34.6,0.47,14.13,0.4,4.18,,,,,24.25,80.5,,191.5,,,,709.75,
2024-06-28 19:00:00,21.0,30.25,1.23,10.32,5.5,8.35,39.7,0.45,13.44,0.4,4.82,,,,,24.1,78.25,,184.75,,,,710.5,
2024-06-28 20:00:00,19.75,42.25,1.2,9.52,5.03,8.0,40.03,0.45,13.62,0.4,4.85,,,,,24.15,79.0,,207.25,,,,711.0,
2024-06-28 21:00:00,12.75,32.75,1.18,8.82,4.65,7.48,40.75,0.42,12.56,0.45,4.95,,,,,23.98,79.0,,205.25,,,,712.0,
2024-06-28 22:00:00,5.75,39.0,1.38,7.92,4.32,7.35,38.43,0.43,12.92,0.4,4.68,,,,,23.7,80.0,,208.75,,,,712.0,
2024-06-28 23:00:00,15.0,39.25,1.48,7.52,4.2,7.38,38.6,0.44,13.08,0.4,4.65,,,,,23.38,82.0,,215.75,,,,712.0,
2024-06-29 00:00:00,17.75,29.25,1.1,8.0,4.15,7.02,35.8,0.43,12.91,0.4,4.3,,,,,23.1,83.75,,218.0,,,,711.25,
2024-06-29 01:00:00,14.0,24.0,1.02,7.72,3.95,6.88,16.27,0.41,12.33,0.17,1.73,,,,,22.92,85.25,,208.0,,,,711.0,
2024-06-29 02:00:00,7.75,24.75,1.4,7.28,4.0,6.95,13.55,0.43,12.89,0.1,1.4,,,,,22.75,86.5,,205.25,,,,711.0,
2024-06-29 03:00:00,16.5,25.75,1.23,7.5,3.95,6.93,14.12,0.42,12.73,0.15,1.48,,,,,22.65,87.75,,211.0,,,,711.0,
2024-06-29 04:00:00,15.0,23.0,1.3,7.52,4.03,6.8,13.58,0.42,12.57,0.1,1.42,,,,,22.72,88.0,,199.25,,,,711.0,
2024-06-29 05:00:00,7.5,25.0,1.25,7.65,4.08,6.78,14.08,0.43,12.83,0.12,1.48,,,,,22.7,88.0,,201.0,,,,711.0,
2024-06-29 06:00:00,12.0,21.0,1.35,7.5,4.05,6.95,13.4,0.43,12.72,0.12,1.4,,,,,22.7,88.0,,206.0,,,,712.0,
2024-06-29 07:00:00,11.5,18.25,1.05,7.18,3.65,7.35,13.02,0.43,12.72,0.1,1.35,,,,,22.9,87.0,,201.75,,,,712.25,
2024-06-29 08:00:00,11.0,22.25,1.1,7.18,3.72,7.57,13.32,0.42,12.56,0.1,1.38,,,,,23.32,84.25,,218.0,,,,713.0,
2024-06-29 09:00:00,14.75,30.0,1.25,7.1,3.82,7.62,14.52,0.44,13.06,0.15,1.55,,,,,24.0,78.25,,220.75,,,,713.0,
2024-06-29 10:00:00,16.5,25.5,1.32,7.2,3.9,7.52,14.18,0.44,13.04,0.15,1.5,,,,,24.7,72.75,,217.5,,,,713.0,
2024-06-29 11:00:00,14.0,32.25,1.35,7.68,4.18,7.6,15.8,0.43,12.81,0.2,1.7,,,,,25.22,69.5,,216.75,,,,712.0,
2024-06-29 12:00:00,12.0,37.25,1.25,8.2,4.38,7.52,17.38,0.42,12.46,0.2,1.92,,,,,25.6,66.0,,208.0,,,,711.75,
2024-06-29 13:00:00,14.0,31.25,1.3,8.0,4.3,7.52,16.25,0.43,12.85,0.2,1.78,,,,,25.95,63.5,,207.5,,,,711.0,
2024-06-29 14:00:00,12.25,31.25,1.2,8.22,4.32,7.48,15.85,0.41,12.27,0.2,1.7,,,,,26.45,60.25,,219.0,,,,710.5,
2024-06-29 15:00:00,15.5,35.5,1.05,9.1,4.75,7.08,14.38,0.43,12.9,0.15,1.52,,,,,26.85,56.75,,211.75,,,,710.0,
2024-06-29 16:00:00,13.25,30.75,0.98,11.35,5.8,6.82,12.02,0.41,12.38,0.1,1.23,,,,,26.52,58.75,,212.25,,,,710.0,
2024-06-29 17:00:00,10.0,39.0,1.48,11.1,6.08,7.02,12.3,0.45,13.31,0.12,1.25,,,,,25.98,61.5,,201.75,,,,710.0,
2024-06-29 18:00:00,8.25,39.75,1.3,8.12,4.4,7.95,16.12,0.43,12.94,0.2,1.75,,,,,25.28,67.75,,216.25,,,,711.0,
2024-06-29 19:00:00,12.0,37.75,1.23,7.38,3.92,8.15,15.32,0.43,12.82,0.2,1.65,,,,,24.4,76.25,,215.5,,,,711.75,
2024-06-29 20:00:00,12.25,27.75,1.15,8.1,4.22,8.1,15.4,0.43,12.64,0.2,1.62,,,,,24.4,75.75,,214.5,,,,712.5,
2024-06-29 21:00:00,12.25,33.75,1.12,8.82,4.62,7.68,16.68,0.43,12.97,0.2,1.82,,,,,24.22,77.75,,218.25,,,,713.0,
2024-06-29 22:00:00,13.25,28.75,1.2,8.18,4.35,7.55,16.0,0.42,12.63,0.2,1.75,,,,,23.95,79.75,,212.0,,,,713.0,
2024-06-29 23:00:00,20.5,32.0,1.45,7.72,4.28,7.08,16.02,0.43,12.95,0.2,1.72,,,,,23.7,81.0,,210.75,,,,713.0,
2024-06-30 00:00:00,12.25,27.25,1.25,7.52,4.03,7.05,16.6,0.42,12.76,0.2,1.82,,,,,23.5,82.5,,220.0,,,,712.75,
2024-06-30 01:00:00,12.25,29.5,1.42,7.22,4.0,7.1,14.43,0.42,12.76,0.13,1.53,,,,,23.3,84.75,,222.5,,,,712.0,
2024-06-30 02:00:00,17.5,26.25,1.2,7.3,3.85,7.18,13.98,0.44,12.96,0.12,1.48,,,,,23.15,86.5,,210.5,,,,711.25,
2024-06-30 03:00:00,12.25,30.25,1.2,7.35,3.9,7.08,13.28,0.42,12.63,0.1,1.38,,,,,23.02,87.5,,212.75,,,,711.0,
2024-06-30 04:00:00,10.5,28.25,1.23,7.42,3.95,6.9,12.9,0.42,12.53,0.1,1.32,,,,,22.92,88.0,,213.75,,,,711.25,
2024-06-30 05:00:00,12.75,20.5,1.38,7.25,3.95,6.92,13.38,0.42,12.58,0.1,1.4,,,,,22.92,88.0,,213.5,,,,712.0,
2024-06-30 06:00:00,14.75,23.25,1.27,7.35,3.95,7.15,13.68,0.42,12.62,0.1,1.4,,,,,23.02,88.0,,208.5,,,,712.25,
2024-06-30 07:00:00,14.25,29.5,1.23,7.12,3.78,7.22,13.22,0.42,12.67,0.1,1.38,,,,,23.12,87.0,,216.0,,,,713.0,
2024-06-30 08:00:00,15.0,37.5,1.15,7.05,3.65,7.38,14.18,0.44,12.99,0.12,1.48,,,,,23.38,85.25,,213.75,,,,713.75,
2024-06-30 09:00:00,14.75,39.25,1.08,6.85,3.52,7.4,13.0,0.42,12.6,0.1,1.35,,,,,23.65,82.5,,219.25,,,,714.0,
2024-06-30 10:00:00,15.0,42.5,1.27,6.65,3.6,7.52,13.48,0.43,12.99,0.1,1.4,,,,,24.18,79.0,,206.5,,,,713.75,
2024-06-30 11:00:00,16.0,49.5,1.08,6.65,3.42,7.68,13.3,0.42,12.62,0.1,1.4,,,,,24.62,75.25,,210.25,,,,713.0,
2024-06-30 12:00:00,12.75,47.5,1.27,6.68,3.55,7.62,12.88,0.42,12.64,0.1,1.32,,,,,24.8,73.25,,213.25,,,,713.0,
2024-06-30 13:00:00,20.0,49.25,1.18,6.88,3.6,7.52,14.68,0.44,13.17,0.15,1.58,,,,,25.18,71.0,,223.25,,,,712.25,
2024-06-30 14:00:00,17.0,58.25,1.27,7.25,3.85,7.32,13.52,0.43,12.82,0.12,1.42,,,,,25.68,67.5,,231.0,,,,711.25,
2024-06-30 15:00:00,15.75,55.75,1.35,7.2,3.92,7.4,9.75,0.42,12.66,0.1,0.9,,,,,25.48,69.5,,218.0,,,,711.0,
2024-06-30 16:00:00,14.75,52.75,1.12,7.7,4.03,7.4,10.88,0.42,12.64,0.1,1.05,,,,,25.2,73.0,,214.5,,,,710.0,
2024-06-30 17:00:00,20.75,45.5,1.23,7.8,4.12,7.5,14.75,0.42,12.64,0.15,1.58,,,,,24.8,77.5,,206.0,,,,710.75,
2024-06-30 18:00:00,13.5,40.25,1.18,7.7,4.03,7.68,17.4,0.44,13.07,0.2,1.88,,,,,24.55,79.25,,209.25,,,,711.5,
2024-06-30 19:00:00,13.25,28.5,1.27,7.38,3.95,8.1,15.77,0.41,12.45,0.2,1.68,,,,,24.22,79.0,,197.0,,,,712.5,
2024-06-30 20:00:00,16.0,24.75,1.15,7.6,3.97,7.6,14.58,0.43,12.83,0.15,1.55,,,,,23.72,85.0,,191.5,,,,713.25,
2024-06-30 21:00:00,13.75,19.5,1.32,7.22,3.95,7.48,15.1,0.4,12.02,0.15,1.62,,,,,23.8,85.0,,212.5,,,,714.0,
2024-06-30 22:00:00,14.5,24.0,1.25,7.55,4.03,7.28,11.0,0.43,12.86,0.1,1.08,,,,,23.65,85.0,,218.75,,,,714.0,
2024-06-30 23:00:00,10.0,24.0,1.4,7.3,4.0,7.3,9.7,0.43,12.84,0.1,0.93,,,,,23.57,84.33,,208.67,,,,714.0,
2024-07-01 00:00:00,,,1.32,7.15,3.9,7.0,14.15,0.42,12.68,0.15,1.45,,,,,23.42,85.5,,205.5,,,,713.25,
2024-07-01 01:00:00,9.0,15.0,1.08,8.5,4.38,6.5,12.77,0.4,12.1,0.13,1.3,,,,,23.4,86.0,,212.25,,,,712.25,
2024-07-01 02:00:00,9.25,14.5,1.3,8.52,4.6,6.45,12.9,0.44,12.97,0.1,1.32,,,,,23.28,87.0,,202.25,,,,712.0,
2024-07-01 03:00:00,9.5,12.0,1.23,7.32,3.9,6.78,13.18,0.42,12.81,0.12,1.35,,,,,23.2,87.75,,202.0,,,,712.0,
2024-07-01 04:00:00,6.5,8.5,1.1,7.08,3.65,6.82,13.1,0.44,13.08,0.1,1.35,,,,,23.08,88.0,,209.25,,,,711.25,
2024-07-01 05:00:00,3.25,8.75,1.18,7.02,3.7,6.85,11.35,0.42,12.64,0.1,1.12,,,,,22.98,89.0,,196.5,,,,712.0,
2024-07-01 06:00:00,7.25,13.25,1.25,7.05,3.78,7.05,11.38,0.43,12.74,0.1,1.15,,,,,22.9,89.0,,197.5,,,,712.5,
2024-07-01 07:00:00,7.75,12.5,1.35,6.85,3.72,7.57,9.82,0.43,12.76,0.1,0.95,,,,,23.08,88.5,,204.0,,,,713.0,
2024-07-01 08:00:00,8.75,17.25,1.35,7.15,3.9,7.7,12.02,0.43,12.83,0.12,1.2,,,,,23.25,87.25,,213.25,,,,713.0,
2024-07-01 09:00:00,13.0,20.25,1.3,6.98,3.78,8.07,16.5,0.43,12.84,0.2,1.8,,,,,23.45,85.75,,208.5,,,,713.5,
2024-07-01 10:00:00,10.0,26.75,1.27,7.25,3.92,8.0,15.22,0.42,12.54,0.2,1.6,,,,,24.0,82.0,,204.75,,,,713.25,
2024-07-01 11:00:00,10.5,27.25,1.32,7.05,3.82,7.7,14.25,0.42,12.76,0.15,1.52,,,,,24.68,74.25,,219.0,,,,713.0,
2024-07-01 12:00:00,11.5,31.0,1.08,7.15,3.72,7.62,14.6,0.42,12.6,0.15,1.55,,,,,24.85,72.5,,210.0,,,,712.25,
2024-07-01 13:00:00,9.75,30.0,1.25,6.82,3.65,7.62,14.4,0.44,12.91,0.12,1.52,,,,,24.85,73.75,,205.75,,,,711.75,
2024-07-01 14:00:00,9.75,34.5,1.05,6.95,3.58,7.65,14.12,0.42,12.78,0.12,1.5,,,,,25.2,71.5,,215.25,,,,711.0,
2024-07-01 15:00:00,13.0,52.75,1.18,6.78,3.58,7.65,12.65,0.42,12.69,0.1,1.3,,,,,25.45,68.25,,213.75,,,,710.75,
2024-07-01 16:00:00,15.0,37.25,1.18,7.0,3.68,7.72,14.02,0.4,12.25,0.12,1.48,,,,,25.05,72.5,,203.25,,,,711.0,
2024-07-01 17:00:00,13.5,28.5,1.38,6.85,3.78,7.9,14.35,0.44,12.92,0.12,1.52,,,,,24.3,79.75,,198.25,,,,711.0,
2024-07-01 18:00:00,17.25,25.5,1.35,6.88,3.72,8.0,16.12,0.42,12.57,0.2,1.78,,,,,24.1,79.5,,212.5,,,,711.75,
2024-07-01 19:00:00,14.25,21.5,1.25,6.9,3.68,8.35,15.98,0.42,12.58,0.2,1.75,,,,,23.45,86.0,,228.5,,,,712.75,
2024-07-01 20:00:00,11.5,24.5,1.2,7.4,3.9,8.5,15.75,0.43,12.89,0.2,1.68,,,,,23.48,86.75,,212.0,,,,713.25,
2024-07-01 21:00:00,11.25,27.75,1.25,7.45,4.0,8.0,16.38,0.41,12.5,0.2,1.75,,,,,23.45,84.75,,220.5,,,,714.0,
2024-07-01 22:00:00,12.75,23.75,1.1,7.4,3.88,7.45,18.08,0.44,12.91,0.2,2.0,,,,,23.38,83.5,,215.25,,,,713.75,
2024-07-01 23:00:00,6.75,24.0,1.3,7.25,3.95,7.32,16.23,0.43,12.85,0.2,1.78,,,,,23.22,84.5,,221.5,,,,713.0,
2024-07-02 00:00:00,9.0,25.0,1.45,6.78,3.78,7.1,16.3,0.43,12.68,0.2,1.78,,,,,23.15,85.0,,226.0,,,,712.25,
2024-07-02 01:00:00,9.5,19.25,1.3,6.55,3.52,7.05,11.03,0.42,12.71,0.1,1.1,,,,,23.1,85.5,,220.75,,,,711.25,
2024-07-02 02:00:00,10.25,20.25,1.35,6.4,3.48,7.1,8.0,0.42,12.77,0.1,0.72,,,,,22.95,86.5,,215.75,,,,711.0,
2024-07-02 03:00:00,7.5,18.75,1.3,6.78,3.62,6.9,9.22,0.43,12.79,0.1,0.88,,,,,22.9,87.0,,194.5,,,,710.25,
2024-07-02 04:00:00,6.25,12.5,1.1,6.98,3.65,6.93,10.1,0.41,12.38,0.1,0.95,,,,,22.85,87.0,,217.25,,,,711.0,
2024-07-02 05:00:00,7.0,14.0,1.3,6.85,3.7,7.15,10.4,0.42,12.5,0.1,1.0,,,,,22.8,87.75,,202.25,,,,711.0,
2024-07-02 06:00:00,13.0,27.0,1.3,6.72,3.62,7.35,10.9,0.42,12.6,0.1,1.1,,,,,22.85,88.0,,210.25,,,,711.0,
2024-07-02 07:00:00,12.5,26.0,1.4,6.58,3.62,7.7,10.18,0.44,13.04,0.1,0.98,,,,,23.05,87.5,,208.75,,,,712.0,
2024-07-02 08:00:00,12.0,21.5,1.35,6.52,3.55,7.8,10.52,0.42,12.68,0.1,1.02,,,,,23.28,85.5,,215.5,,,,712.0,
2024-07-02 09:00:00,16.0,20.5,1.5,6.3,3.6,8.0,10.78,0.43,12.74,0.1,1.08,,,,,23.68,83.25,,212.25,,,,712.0,
2024-07-02 10:00:00,18.5,34.5,1.25,6.62,3.52,7.8,11.08,0.42,12.66,0.1,1.1,,,,,24.6,73.25,,209.0,,,,712.0,
2024-07-02 11:00:00,16.0,45.75,1.12,6.78,3.52,7.88,10.52,0.42,12.74,0.1,1.05,,,,,24.98,69.75,,218.5,,,,712.0,
2024-07-02 12:00:00,12.25,45.25,1.25,6.8,3.62,7.8,10.72,0.41,12.47,0.1,1.05,,,,,25.35,69.25,,214.75,,,,711.25,
2024-07-02 13:00:00,10.25,36.5,1.4,6.65,3.68,7.92,9.95,0.42,12.76,0.1,0.95,,,,,25.88,63.5,,222.5,,,,710.5,
2024-07-02 14:00:00,12.0,35.75,1.45,6.7,3.72,8.18,9.22,0.42,12.74,0.1,0.85,,,,,25.5,67.0,,209.75,,,,710.25,
2024-07-02 15:00:00,13.5,38.25,1.02,7.4,3.8,8.18,6.0,0.43,12.8,0.1,0.45,,,,,25.9,65.0,,213.75,,,,709.75,
2024-07-02 16:00:00,9.75,40.75,1.18,7.6,4.0,7.6,7.0,0.42,12.64,0.1,0.57,,,,,26.25,62.0,,205.5,,,,709.0,
2024-07-02 17:00:00,13.25,51.75,1.05,7.62,3.92,7.72,6.6,0.42,12.64,0.1,0.52,,,,,25.88,60.25,,214.5,,,,709.75,
2024-07-02 18:00:00,15.25,63.0,1.05,7.08,3.62,7.95,9.48,0.42,12.53,0.1,0.88,,,,,25.32,63.25,,217.25,,,,710.5,
2024-07-02 19:00:00,11.75,44.5,1.2,7.12,3.78,8.5,11.75,0.42,12.47,0.1,1.18,,,,,24.75,68.25,,209.0,,,,711.0,
2024-07-02 20:00:00,16.5,42.75,1.23,7.7,4.12,8.2,13.25,0.42,12.56,0.1,1.4,,,,,24.48,71.0,,213.5,,,,711.75,
2024-07-02 21:00:00,16.5,40.75,1.12,7.38,3.85,7.82,11.95,0.42,12.72,0.1,1.23,,,,,24.28,72.25,,220.75,,,,712.0,
2024-07-02 22:00:00,19.5,37.0,1.23,7.12,3.78,7.65,10.62,0.41,12.32,0.1,1.05,,,,,24.05,75.25,,222.0,,,,712.0,
2024-07-02 23:00:00,15.0,36.0,1.12,7.1,3.75,7.43,10.55,0.43,12.88,0.1,1.05,,,,,23.75,79.0,,204.75,,,,712.0,
2024-07-03 00:00:00,15.5,31.5,1.08,6.95,3.55,7.32,10.35,0.42,12.59,0.1,1.0,,,,,23.38,82.75,,207.25,,,,711.75,
2024-07-03 01:00:00,15.25,26.75,1.1,6.82,3.52,7.07,13.27,0.44,13.12,0.13,1.37,,,,,23.22,83.5,,216.75,,,,711.0,
2024-07-03 02:00:00,10.0,26.0,1.27,6.57,3.5,7.07,13.37,0.42,12.59,0.1,1.4,,,,,23.1,84.67,,212.0,,,,711.0,
2024-07-03 03:00:00,,,,,,,,,,,,,,,,,,,,,,,,
2024-07-03 04:00:00,,,,,,,,,,,,,,,,,,,,,,,,
2024-07-03 05:00:00,,,,,,,,,,,,,,,,,,,,,,,,
2024-07-03 06:00:00,,,,,,,,,,,,,,,,,,,,,,,,
2024-07-03 07:00:00,17.0,31.0,1.4,6.5,3.6,7.7,14.6,0.46,13.6,0.2,1.5,,,,,23.2,84.0,,220.0,,,,713.0,
2024-07-03 08:00:00,15.75,30.5,1.2,6.38,3.38,7.82,13.65,0.44,12.97,0.12,1.45,,,,,23.52,81.5,,206.0,,,,713.0,
2024-07-03 09:00:00,12.25,30.0,0.95,6.8,3.38,7.78,12.82,0.42,12.71,0.1,1.32,,,,,24.15,76.5,,214.0,,,,713.0,
2024-07-03 10:00:00,13.0,34.75,1.2,6.55,3.48,7.92,13.75,0.42,12.72,0.1,1.42,,,,,24.68,72.25,,215.75,,,,713.0,
2024-07-03 11:00:00,13.5,44.25,1.23,6.52,3.48,7.75,13.48,0.41,12.36,0.1,1.4,,,,,25.4,65.75,,212.5,,,,713.0,
2024-07-03 12:00:00,14.25,58.0,1.32,6.3,3.48,7.95,13.38,0.43,12.68,0.12,1.38,,,,,25.82,62.25,,204.25,,,,712.0,
2024-07-03 13:00:00,12.5,57.0,1.2,6.4,3.38,8.07,13.82,0.41,12.46,0.12,1.45,,,,,26.3,57.75,,211.25,,,,711.0,
2024-07-03 14:00:00,16.0,45.25,1.27,6.6,3.58,7.95,14.5,0.41,12.51,0.12,1.55,,,,,25.35,69.5,,230.5,,,,710.5,
2024-07-03 15:00:00,19.5,43.0,1.27,6.65,3.58,7.9,14.0,0.42,12.59,0.12,1.5,,,,,26.08,63.75,,219.0,,,,710.0,
2024-07-03 16:00:00,14.0,38.0,1.35,6.8,3.7,7.95,14.65,0.42,12.54,0.15,1.58,,,,,26.25,58.75,,217.75,,,,710.0,
2024-07-03 17:00:00,17.5,48.0,1.18,6.9,3.62,8.0,15.35,0.42,12.7,0.2,1.65,,,,,25.3,66.0,,230.75,,,,710.5,
2024-07-03 18:00:00,11.5,38.5,1.25,7.05,3.8,8.1,14.05,0.42,12.57,0.12,1.5,,,,,23.68,82.75,,234.0,,,,711.5,
2024-07-03 19:00:00,16.5,28.0,1.25,7.48,3.97,8.62,15.95,0.42,12.62,0.2,1.72,,,,,23.4,85.5,,238.25,,,,712.0,
2024-07-03 20:00:00,17.75,30.0,1.18,7.85,4.1,9.1,16.45,0.42,12.54,0.2,1.78,,,,,23.35,87.75,,188.75,,,,712.75,
2024-07-03 21:00:00,15.75,34.0,1.27,7.75,4.12,8.15,15.82,0.44,13.22,0.2,1.72,,,,,23.3,87.75,,205.25,,,,713.0,
2024-07-03 22:00:00,11.0,25.25,1.27,7.35,3.97,7.42,16.02,0.43,12.71,0.2,1.72,,,,,23.4,84.5,,218.75,,,,713.5,
2024-07-03 23:00:00,9.75,19.25,1.23,7.18,3.8,7.12,16.8,0.44,12.99,0.2,1.82,,,,,23.4,83.0,,210.75,,,,713.25,
2024-07-04 00:00:00,13.25,23.75,1.2,6.75,3.6,7.15,14.62,0.43,12.9,0.18,1.58,,,,,23.28,84.0,,204.5,,,,712.75,
2024-07-04 01:00:00,8.0,17.0,1.4,6.5,3.58,7.18,14.2,0.44,13.0,0.13,1.5,,,,,23.05,85.75,,209.0,,,,712.0,
2024-07-04 02:00:00,,,1.45,6.32,3.55,7.15,12.52,0.45,13.35,0.1,1.3,,,,,23.0,86.0,,212.75,,,,712.0,
2024-07-04 03:00:00,8.0,11.0,1.38,6.57,3.6,7.0,12.52,0.41,12.24,0.1,1.3,,,,,22.88,86.25,,215.75,,,,712.0,
2024-07-04 04:00:00,9.0,11.75,1.45,6.6,3.7,7.0,13.4,0.42,12.81,0.1,1.4,,,,,22.8,87.0,,211.0,,,,712.0,
2024-07-04 05:00:00,12.0,14.5,1.55,6.32,3.6,7.12,13.02,0.42,12.74,0.1,1.38,,,,,22.8,86.75,,216.5,,,,712.0,
2024-07-04 06:00:00,10.5,17.0,1.48,6.5,3.62,7.35,13.18,0.44,12.98,0.1,1.35,,,,,22.88,86.0,,226.25,,,,712.5,
2024-07-04 07:00:00,6.5,20.5,1.18,6.45,3.4,7.95,14.58,0.44,13.02,0.15,1.55,,,,,23.08,85.0,,221.5,,,,713.0,
2024-07-04 08:00:00,9.5,24.5,1.18,6.68,3.5,8.2,12.95,0.42,12.62,0.12,1.32,,,,,23.45,82.25,,217.5,,,,714.0,
2024-07-04 09:00:00,14.75,33.25,1.25,6.45,3.42,8.45,11.78,0.42,12.67,0.1,1.18,,,,,23.78,79.75,,217.0,,,,714.0,
2024-07-04 10:00:00,15.5,36.25,1.18,6.9,3.62,7.98,11.88,0.42,12.81,0.1,1.18,,,,,24.35,75.5,,216.75,,,,714.0,
2024-07-04 11:00:00,10.5,31.75,1.2,6.88,3.62,7.68,13.2,0.44,13.09,0.12,1.38,,,,,24.92,70.0,,227.5,,,,713.25,
2024-07-04 12:00:00,8.5,24.5,1.18,6.58,3.45,7.82,14.18,0.41,12.46,0.1,1.5,,,,,25.78,62.75,,230.0,,,,712.25,
2024-07-04 13:00:00,10.0,24.75,1.32,6.6,3.6,8.2,12.35,0.42,12.78,0.1,1.27,,,,,26.08,58.75,,218.75,,,,712.0,
2024-07-04 14:00:00,21.25,35.0,1.4,6.72,3.7,7.95,11.38,0.42,12.69,0.1,1.15,,,,,25.82,58.25,,207.5,,,,711.5,
2024-07-04 15:00:00,29.25,48.5,1.1,7.12,3.7,7.75,9.65,0.42,12.62,0.1,0.9,,,,,26.0,58.5,,217.75,,,,711.0,
2024-07-04 16:00:00,29.25,44.0,1.35,7.08,3.85,7.62,13.48,0.39,12.39,0.12,1.4,,,,,26.35,58.0,,231.75,,,,710.25,
2024-07-04 17:00:00,19.0,45.0,1.15,7.75,4.08,7.48,14.18,0.36,12.75,0.12,1.48,,,,,26.0,57.5,,225.25,,,,711.0,
2024-07-04 18:00:00,19.5,50.25,1.45,6.7,3.78,8.0,13.8,0.46,12.72,0.1,1.42,,,,,25.4,53.5,,209.75,,,,711.5,
2024-07-04 19:00:00,16.0,55.75,1.35,6.38,3.48,8.38,12.82,0.48,12.8,0.1,1.3,,,,,24.9,55.5,,225.0,,,,712.0,
2024-07-04 20:00:00,26.0,50.5,1.1,6.75,3.45,8.45,12.65,0.44,12.78,0.1,1.3,,,,,24.55,61.0,,215.0,,,,713.0,
2024-07-04 21:00:00,20.5,45.25,1.32,6.8,3.7,8.35,13.82,0.53,12.59,0.12,1.45,,,,,24.18,67.25,,209.5,,,,713.0,
2024-07-04 22:00:00,21.25,39.5,1.15,7.02,3.7,7.98,13.35,0.43,12.82,0.1,1.38,,,,,23.9,71.75,,205.75,,,,713.0,
2024-07-04 23:00:00,17.75,27.0,1.12,6.92,3.58,7.45,12.6,0.3,12.88,0.1,1.32,,,,,23.68,74.0,,200.5,,,,713.0,
2024-07-05 00:00:00,13.25,21.0,1.2,6.55,3.45,7.25,11.95,0.07,12.65,0.1,1.23,,,,,23.45,74.75,,201.5,,,,712.75,
2024-07-05 01:00:00,10.25,19.5,1.12,6.52,3.38,7.2,12.93,0.08,12.72,0.1,1.3,,,,,23.22,78.5,,211.25,,,,711.75,
2024-07-05 02:00:00,8.0,15.0,1.18,6.58,3.45,7.2,12.15,0.09,12.77,0.1,1.25,,,,,23.05,81.5,,204.5,,,,711.0,
2024-07-05 03:00:00,6.0,15.0,1.42,6.75,3.78,7.02,11.1,0.12,13.14,0.1,1.1,,,,,22.9,84.5,,215.0,,,,711.0,
2024-07-05 04:00:00,6.25,14.75,1.18,6.9,3.62,7.05,11.68,0.22,12.56,0.1,1.15,,,,,22.8,85.5,,218.0,,,,711.0,
2024-07-05 05:00:00,8.75,15.0,1.23,6.88,3.68,7.12,10.45,0.3,12.69,0.1,1.02,,,,,22.8,86.0,,206.0,,,,711.0,
2024-07-05 06:00:00,13.5,21.5,1.25,7.0,3.72,7.38,10.9,0.37,12.95,0.1,1.08,,,,,22.85,86.0,,211.75,,,,712.0,
2024-07-05 07:00:00,11.75,32.25,1.32,6.48,3.5,7.78,10.88,0.52,12.82,0.1,1.1,,,,,23.02,86.0,,205.5,,,,712.0,
2024-07-05 08:00:00,11.25,31.0,1.12,6.45,3.35,7.82,10.78,0.66,13.16,0.1,1.05,,,,,23.38,83.5,,197.25,,,,712.0,
2024-07-05 09:00:00,12.5,26.5,1.12,6.4,3.32,7.85,11.38,0.77,12.64,0.1,1.12,,,,,23.98,78.75,,205.0,,,,712.0,
2024-07-05 10:00:00,15.0,30.75,1.05,6.48,3.3,7.75,10.58,0.67,12.95,0.1,1.02,,,,,24.8,71.75,,206.75,,,,712.0,
2024-07-05 11:00:00,16.75,36.25,1.27,6.28,3.35,7.78,10.58,0.5,12.85,0.1,1.0,,,,,25.28,67.75,,217.5,,,,712.0,
2024-07-05 12:00:00,14.75,55.0,1.3,6.15,3.38,7.88,10.42,0.5,12.63,0.1,1.0,,,,,25.52,66.75,,206.5,,,,711.25,
2024-07-05 13:00:00,19.25,49.0,1.0,6.28,3.15,8.12,10.72,0.95,12.7,0.1,1.08,,,,,26.2,60.25,,222.5,,,,710.5,
2024-07-05 14:00:00,17.75,39.5,1.18,6.1,3.22,8.15,11.42,0.87,12.5,0.1,1.12,,,,,26.35,59.0,,208.25,,,,710.0,
2024-07-05 15:00:00,17.5,61.25,1.12,6.2,3.2,7.93,10.2,0.89,12.72,0.1,1.0,,,,,26.4,56.5,,215.75,,,,709.0,
2024-07-05 16:00:00,11.25,49.25,1.15,6.25,3.28,8.05,10.95,1.09,12.5,0.1,1.1,,,,,25.98,59.5,,222.75,,,,708.75,
2024-07-05 17:00:00,14.0,49.25,1.18,6.5,3.4,8.2,11.25,1.08,12.54,0.1,1.1,,,,,25.45,64.25,,210.75,,,,709.0,
2024-07-05 18:00:00,13.0,55.75,1.3,6.3,3.42,8.15,11.1,1.27,12.82,0.1,1.08,,,,,24.98,68.75,,214.75,,,,709.5,
2024-07-05 19:00:00,16.75,45.75,1.2,6.58,3.48,8.4,11.15,1.28,12.45,0.1,1.12,,,,,23.42,83.5,,205.0,,,,710.5,
2024-07-05 20:00:00,9.5,19.75,1.27,6.8,3.65,8.48,12.7,1.39,12.79,0.1,1.32,,,,,23.5,84.75,,203.5,,,,711.75,
2024-07-05 21:00:00,7.75,22.25,1.18,6.85,3.62,7.88,13.45,1.2,12.84,0.1,1.42,,,,,23.5,84.0,,205.0,,,,712.0,
2024-07-05 22:00:00,7.0,14.0,1.38,6.6,3.62,7.48,13.15,1.2,12.74,0.1,1.35,,,,,23.35,84.5,,203.5,,,,711.75,
2024-07-05 23:00:00,,,1.3,6.55,3.55,7.42,12.18,1.33,13.02,0.1,1.23,,,,,23.22,85.0,,205.75,,,,711.0,
2024-07-06 00:00:00,10.0,14.0,1.4,6.18,3.45,7.38,12.98,0.2,12.79,0.1,1.35,,,,,23.12,86.0,,216.5,,,,711.0,
2024-07-06 01:00:00,8.25,13.0,1.23,6.25,3.32,7.2,12.03,0.31,12.74,0.1,1.23,,,,,23.02,85.5,,202.5,,,,710.25,
2024-07-06 02:00:00,3.75,10.5,1.05,6.18,3.12,7.25,12.4,0.28,12.93,0.1,1.27,,,,,22.92,85.75,,197.0,,,,709.25,
2024-07-06 03:00:00,6.75,14.25,1.02,6.72,3.4,7.0,12.65,0.33,12.47,0.1,1.32,,,,,22.88,85.5,,201.5,,,,709.75,
2024-07-06 04:00:00,8.5,18.5,1.15,6.9,3.6,6.88,13.7,0.34,13.06,0.12,1.45,,,,,22.65,85.75,,206.0,,,,710.0,
2024-07-06 05:00:00,7.0,12.75,1.27,6.78,3.6,7.07,13.82,0.35,12.7,0.1,1.45,,,,,22.5,87.0,,211.0,,,,710.0,
2024-07-06 06:00:00,7.0,18.0,1.35,6.6,3.6,7.22,12.9,0.4,13.11,0.1,1.35,,,,,22.4,87.0,,201.5,,,,711.0,
2024-07-06 07:00:00,10.0,21.0,1.27,5.98,3.2,7.85,13.25,0.43,12.81,0.12,1.38,,,,,22.6,85.75,,202.5,,,,711.0,
2024-07-06 08:00:00,9.75,20.5,1.15,5.9,3.1,7.98,13.2,0.44,12.95,0.12,1.35,,,,,22.82,83.75,,207.0,,,,711.25,
2024-07-06 09:00:00,8.25,21.5,1.23,6.0,3.18,8.02,12.42,0.37,12.85,0.1,1.27,,,,,23.22,81.0,,209.75,,,,711.75,
2024-07-06 10:00:00,7.75,28.25,1.23,6.15,3.28,7.95,13.62,0.24,12.74,0.1,1.4,,,,,23.8,77.0,,204.75,,,,711.0,
2024-07-06 11:00:00,13.25,28.75,1.23,6.2,3.28,7.95,13.68,0.19,12.78,0.1,1.4,,,,,24.6,71.5,,204.75,,,,711.0,
2024-07-06 12:00:00,13.0,38.5,1.02,6.05,3.08,7.95,13.0,0.23,12.63,0.1,1.35,,,,,25.1,67.5,,210.0,,,,711.0,
2024-07-06 13:00:00,9.75,43.25,1.12,6.1,3.18,8.1,13.98,0.55,12.37,0.1,1.48,,,,,25.8,62.75,,210.25,,,,710.0,
2024-07-06 14:00:00,10.5,44.25,1.2,6.15,3.28,7.88,13.0,0.52,12.62,0.1,1.35,,,,,25.88,63.5,,202.75,,,,709.25,
2024-07-06 15:00:00,14.25,46.5,1.27,6.2,3.32,7.92,12.82,0.47,12.86,0.1,1.32,,,,,26.05,58.75,,214.0,,,,709.0,
2024-07-06 16:00:00,12.25,49.75,1.3,6.12,3.3,8.22,14.15,0.32,12.68,0.12,1.5,,,,,25.72,58.75,,219.0,,,,709.0,
2024-07-06 17:00:00,13.25,48.25,1.08,6.28,3.18,7.88,13.5,0.16,12.62,0.12,1.42,,,,,25.42,58.5,,227.0,,,,709.0,
2024-07-06 18:00:00,14.5,52.75,1.35,6.05,3.32,8.05,13.8,0.29,12.57,0.1,1.42,,,,,24.88,62.25,,219.5,,,,709.5,
2024-07-06 19:00:00,15.0,42.5,1.38,6.32,3.45,8.07,13.55,0.37,12.96,0.12,1.42,,,,,24.35,68.25,,227.0,,,,710.0,
2024-07-06 20:00:00,12.0,30.0,1.38,6.43,3.5,8.2,14.05,0.44,12.66,0.12,1.45,,,,,23.98,73.25,,230.75,,,,711.0,
2024-07-06 21:00:00,13.25,25.25,1.32,6.38,3.48,8.18,14.2,0.65,12.66,0.12,1.5,,,,,23.82,75.5,,220.5,,,,711.0,
2024-07-06 22:00:00,15.75,28.25,1.2,6.48,3.42,7.95,13.35,0.62,12.48,0.1,1.4,,,,,23.7,76.5,,215.0,,,,711.5,
2024-07-06 23:00:00,12.0,26.5,1.3,6.28,3.38,7.38,13.88,0.47,12.68,0.1,1.48,,,,,23.52,76.0,,220.75,,,,711.5,
2024-07-07 00:00:00,12.25,26.0,1.2,6.28,3.28,7.28,14.65,0.06,12.69,0.15,1.58,,,,,23.32,77.0,,208.75,,,,711.0,
2024-07-07 01:00:00,12.75,19.25,1.23,6.25,3.3,7.28,12.2,0.03,12.61,0.1,1.23,,,,,23.12,78.0,,195.75,,,,710.5,
2024-07-07 02:00:00,12.0,17.25,1.1,6.25,3.2,7.25,10.7,0.05,12.76,0.1,1.05,,,,,22.82,83.0,,200.5,,,,710.0,
2024-07-07 03:00:00,11.25,16.75,1.2,6.4,3.4,7.08,11.22,0.09,12.76,0.1,1.12,,,,,22.7,84.75,,199.75,,,,710.0,
2024-07-07 04:00:00,10.5,15.75,1.08,6.85,3.5,6.93,11.25,0.13,12.91,0.1,1.12,,,,,22.65,85.5,,199.5,,,,709.75,
2024-07-07 05:00:00,14.75,25.0,1.12,6.82,3.52,7.02,11.35,0.03,12.9,0.1,1.12,,,,,22.7,86.5,,208.5,,,,710.0,
2024-07-07 06:00:00,13.75,28.5,1.1,6.82,3.52,7.22,12.12,0.1,12.95,0.1,1.25,,,,,22.8,87.0,,211.0,,,,710.75,
2024-07-07 07:00:00,14.0,30.25,1.25,6.35,3.42,7.5,11.92,0.09,13.02,0.1,1.2,,,,,22.88,86.25,,213.25,,,,711.0,
2024-07-07 08:00:00,17.5,33.25,1.18,6.15,3.2,7.6,11.28,0.06,12.67,0.1,1.1,,,,,23.18,84.5,,213.5,,,,711.25,
2024-07-07 09:00:00,18.75,40.0,1.18,6.22,3.22,7.62,12.95,0.07,13.1,0.1,1.35,,,,,23.9,77.75,,215.0,,,,711.5,
2024-07-07 10:00:00,16.75,42.5,1.12,6.3,3.25,7.65,13.05,0.12,12.98,0.1,1.35,,,,,24.42,72.5,,218.5,,,,711.75,
2024-07-07 11:00:00,14.25,54.25,1.05,6.25,3.15,7.72,11.52,0.13,12.87,0.1,1.15,,,,,24.92,69.5,,207.25,,,,711.0,
2024-07-07 12:00:00,17.5,64.0,1.25,5.92,3.15,7.93,12.18,0.11,12.7,0.1,1.25,,,,,25.28,66.5,,214.0,,,,710.75,
2024-07-07 13:00:00,16.75,61.0,1.2,5.78,3.05,8.05,10.32,0.11,12.5,0.1,1.0,,,,,25.88,60.25,,210.25,,,,710.0,
2024-07-07 14:00:00,18.0,76.5,1.25,5.92,3.18,7.82,11.95,0.16,12.67,0.1,1.2,,,,,25.8,59.75,,213.25,,,,710.0,
2024-07-07 15:00:00,15.75,65.25,1.35,6.0,3.3,7.82,12.55,0.16,12.68,0.1,1.27,,,,,25.62,62.75,,209.5,,,,709.0,
2024-07-07 16:00:00,17.25,46.75,1.27,5.88,3.15,8.07,12.25,0.18,12.43,0.1,1.23,,,,,23.78,79.5,,194.5,,,,709.0,
2024-07-07 17:00:00,13.75,27.0,1.0,6.5,3.28,8.35,11.72,0.43,12.8,0.1,1.2,,,,,23.98,81.75,,229.75,,,,709.0,
2024-07-07 18:00:00,11.5,34.5,1.25,6.7,3.6,8.25,13.48,0.52,12.8,0.1,1.42,,,,,24.0,78.0,,202.25,,,,710.0,
2024-07-07 19:00:00,19.0,40.25,1.3,7.0,3.78,8.52,13.18,0.79,12.92,0.1,1.38,,,,,23.72,79.5,,195.75,,,,710.5,
2024-07-07 20:00:00,27.5,43.75,1.38,7.1,3.88,8.38,13.7,0.61,13.16,0.1,1.45,,,,,23.85,73.5,,204.5,,,,711.0,
2024-07-07 21:00:00,24.0,39.75,1.15,7.02,3.68,8.57,13.0,0.38,12.53,0.1,1.35,,,,,23.62,73.5,,239.5,,,,712.0,
2024-07-07 22:00:00,18.75,28.0,1.18,6.88,3.6,7.78,13.05,0.26,12.69,0.1,1.38,,,,,23.4,77.0,,220.5,,,,712.0,
2024-07-07 23:00:00,22.25,26.0,1.35,6.52,3.52,7.58,12.62,0.05,12.77,0.1,1.32,,,,,23.3,77.25,,205.25,,,,711.5,
2024-07-08 00:00:00,22.75,36.25,1.27,6.52,3.5,7.25,12.78,0.58,13.12,0.1,1.32,,,,,23.18,78.5,,207.0,,,,711.0,
2024-07-08 01:00:00,13.75,30.0,1.32,6.45,3.52,7.22,12.77,0.53,12.88,0.1,1.33,,,,,22.95,81.0,,207.5,,,,710.25,
2024-07-08 02:00:00,15.75,25.75,1.2,6.25,3.28,7.28,12.15,0.5,12.47,0.1,1.25,,,,,22.8,82.25,,209.75,,,,710.0,
2024-07-08 03:00:00,15.25,21.75,1.3,6.68,3.6,7.02,12.38,0.46,12.52,0.1,1.27,,,,,22.75,83.5,,213.75,,,,709.75,
2024-07-08 04:00:00,14.75,21.25,1.35,6.8,3.72,6.98,12.4,0.55,13.07,0.1,1.25,,,,,22.6,84.25,,208.75,,,,709.0,
2024-07-08 05:00:00,11.0,22.0,1.38,6.62,3.6,7.05,12.08,0.54,12.66,0.1,1.2,,,,,22.52,85.25,,208.5,,,,709.5,
2024-07-08 06:00:00,15.0,19.0,1.08,6.92,3.55,7.25,11.78,0.55,12.83,0.1,1.15,,,,,22.5,86.0,,207.25,,,,710.0,
2024-07-08 07:00:00,16.75,20.5,1.27,6.25,3.35,7.95,13.82,0.66,13.14,0.12,1.48,,,,,22.65,84.75,,205.25,,,,710.25,
2024-07-08 08:00:00,20.75,25.5,1.45,5.78,3.22,8.02,12.32,0.64,13.04,0.1,1.27,,,,,23.02,82.25,,212.5,,,,711.0,
2024-07-08 09:00:00,16.5,28.0,1.35,6.7,3.65,7.75,12.68,0.8,12.46,0.1,1.3,,,,,23.5,78.75,,202.75,,,,711.0,
2024-07-08 10:00:00,14.5,31.5,1.23,6.6,3.5,7.75,13.4,0.62,12.83,0.1,1.42,,,,,23.68,77.5,,208.25,,,,711.0,
2024-07-08 11:00:00,13.5,34.0,1.32,6.55,3.58,7.7,13.12,0.71,12.78,0.1,1.38,,,,,23.88,76.5,,205.5,,,,711.0,
2024-07-08 12:00:00,15.5,36.5,1.38,6.55,3.58,7.68,12.7,0.78,12.67,0.1,1.3,,,,,24.25,73.75,,204.5,,,,710.5,
2024-07-08 13:00:00,15.25,35.25,1.25,6.57,3.52,7.6,13.1,0.7,13.2,0.1,1.38,,,,,24.65,71.25,,212.25,,,,710.0,
2024-07-08 14:00:00,13.0,37.25,1.27,6.55,3.52,7.65,13.08,0.71,12.92,0.1,1.35,,,,,25.15,68.75,,214.0,,,,709.0,
2024-07-08 15:00:00,22.5,40.25,1.32,6.5,3.55,7.82,13.35,0.76,12.74,0.1,1.4,,,,,24.88,72.5,,224.75,,,,708.0,
2024-07-08 16:00:00,21.25,35.25,1.27,6.65,3.55,7.8,13.0,0.72,12.66,0.1,1.35,,,,,23.92,77.25,,219.75,,,,708.5,
2024-07-08 17:00:00,13.0,27.0,1.35,6.62,3.6,7.72,13.12,0.63,13.22,0.1,1.38,,,,,22.5,88.25,,210.75,,,,709.0,
2024-07-08 18:00:00,,,1.25,6.82,3.62,7.98,14.5,0.74,12.55,0.15,1.55,,,,,22.4,90.5,,214.75,,,,709.5,
2024-07-08 19:00:00,,,1.25,7.05,3.75,8.28,14.9,0.92,12.99,0.2,1.58,,,,,22.48,91.5,,210.25,,,,710.0,
2024-07-08 20:00:00,14.0,18.0,1.23,6.98,3.7,7.98,14.38,0.95,12.95,0.15,1.52,,,,,22.6,92.0,,206.75,,,,710.75,
2024-07-08 21:00:00,14.5,18.25,1.42,6.98,3.9,7.65,14.4,0.86,12.77,0.12,1.52,,,,,22.45,92.0,,212.0,,,,711.0,
2024-07-08 22:00:00,16.25,21.5,1.12,6.72,3.5,7.7,13.92,0.8,12.8,0.12,1.45,,,,,22.45,92.0,,208.25,,,,711.0,
2024-07-08 23:00:00,15.75,28.75,1.23,6.48,3.45,7.6,13.12,0.76,13.1,0.1,1.38,,,,,22.42,91.0,,214.75,,,,711.0,
2024-07-09 00:00:00,12.75,29.0,1.15,6.65,3.45,7.38,13.58,0.03,12.91,0.1,1.42,,,,,22.4,90.5,,209.75,,,,711.0,
2024-07-09 01:00:00,15.5,31.0,1.15,6.62,3.45,7.22,10.83,,12.49,0.1,1.1,,,,,22.28,90.0,,206.5,,,,710.75,
2024-07-09 02:00:00,16.0,27.0,1.32,6.28,3.45,7.2,10.4,0.02,12.77,0.1,1.03,,,,,22.12,90.0,,206.0,,,,710.0,
2024-07-09 03:00:00,14.25,23.75,1.4,6.45,3.55,7.1,10.75,,12.5,0.1,1.08,,,,,22.1,90.0,,214.25,,,,709.5,
2024-07-09 04:00:00,17.25,24.0,1.12,6.85,3.55,7.0,9.43,,12.57,0.1,0.9,,,,,22.1,90.0,,216.25,,,,709.0,
2024-07-09 05:00:00,15.0,26.0,1.2,6.85,3.58,7.07,9.15,,13.04,0.1,0.82,,,,,22.0,90.0,,210.75,,,,710.0,
2024-07-09 06:00:00,15.75,24.75,1.18,7.02,3.68,7.45,8.6,0.06,13.23,0.1,0.8,,,,,22.05,90.0,,211.5,,,,710.25,
2024-07-09 07:00:00,17.75,31.75,1.23,6.48,3.45,8.0,10.85,0.11,12.43,0.1,1.08,,,,,22.2,89.25,,220.5,,,,711.0,
2024-07-09 08:00:00,17.25,35.5,1.5,6.22,3.52,7.98,11.48,0.19,13.16,0.1,1.15,,,,,22.52,87.0,,209.0,,,,712.0,
2024-07-09 09:00:00,17.75,31.0,1.32,6.42,3.48,8.3,11.15,0.24,12.79,0.1,1.1,,,,,23.08,82.75,,211.5,,,,712.0,
2024-07-09 10:00:00,15.0,31.0,1.18,6.62,3.5,8.07,11.3,0.07,12.84,0.1,1.12,,,,,23.45,79.25,,211.75,,,,712.0,
2024-07-09 11:00:00,10.0,30.0,1.23,6.55,3.48,8.0,10.88,0.07,12.91,0.1,1.1,,,,,24.0,75.5,,208.75,,,,712.0,
2024-07-09 12:00:00,15.0,26.5,1.2,6.48,3.42,7.95,10.55,0.09,12.97,0.1,1.02,,,,,24.6,70.5,,212.25,,,,712.0,
2024-07-09 13:00:00,19.25,24.25,1.27,6.45,3.45,7.82,10.38,0.04,12.8,0.1,1.0,,,,,24.78,68.25,,210.75,,,,711.25,
2024-07-09 14:00:00,13.25,24.0,1.23,6.7,3.55,7.62,10.52,0.03,12.85,0.1,1.0,,,,,25.0,68.0,,207.0,,,,711.0,
2024-07-09 15:00:00,12.5,30.0,1.1,6.85,3.55,7.57,11.7,0.07,13.06,0.1,1.18,,,,,25.02,67.75,,206.25,,,,710.0,
2024-07-09 16:00:00,16.75,31.5,1.18,6.72,3.5,7.75,11.22,0.06,13.08,0.1,1.12,,,,,25.08,66.25,,213.0,,,,710.0,
2024-07-09 17:00:00,16.25,36.0,1.18,6.7,3.5,8.02,11.88,0.17,12.63,0.1,1.2,,,,,24.85,67.5,,210.25,,,,710.0,
2024-07-09 18:00:00,17.0,35.75,1.23,6.55,3.48,8.43,11.3,0.33,12.92,0.1,1.12,,,,,24.55,70.5,,213.5,,,,710.5,
2024-07-09 19:00:00,17.0,35.0,1.3,7.05,3.85,8.8,11.85,0.55,13.16,0.1,1.2,,,,,24.2,72.5,,200.25,,,,711.5,
2024-07-09 20:00:00,26.0,46.0,1.27,7.0,3.7,8.4,11.95,0.48,13.04,0.1,1.2,,,,,23.85,74.5,,206.75,,,,712.5,
2024-07-09 21:00:00,23.75,42.75,1.08,7.12,3.68,7.98,11.12,0.4,12.82,0.1,1.12,,,,,23.48,77.0,,190.75,,,,713.0,
2024-07-09 22:00:00,14.5,32.25,1.15,7.1,3.72,7.68,12.15,0.26,13.38,0.1,1.23,,,,,23.22,80.75,,196.0,,,,713.0,
2024-07-09 23:00:00,8.75,29.5,1.2,7.12,3.78,7.38,11.62,0.2,13.12,0.1,1.15,,,,,23.05,82.5,,197.0,,,,713.0,
2024-07-10 00:00:00,13.0,27.5,1.27,6.75,3.62,7.3,12.3,0.08,12.85,0.1,1.25,,,,,23.0,84.0,,198.25,,,,713.0,
2024-07-10 01:00:00,10.0,26.0,1.23,6.62,3.5,7.12,10.97,0.06,12.72,0.1,1.1,,,,,22.85,85.25,,206.5,,,,713.0,
2024-07-10 02:00:00,7.0,18.0,1.15,6.52,3.4,7.07,11.28,0.07,13.42,0.1,1.1,,,,,22.72,86.0,,221.0,,,,712.25,
2024-07-10 03:00:00,7.0,17.5,1.35,6.72,3.68,7.0,10.48,0.16,12.87,0.1,1.03,,,,,22.65,87.0,,201.5,,,,713.0,
2024-07-10 04:00:00,8.25,15.5,1.35,6.88,3.75,6.93,9.38,0.16,12.68,0.1,0.88,,,,,22.42,87.25,,206.0,,,,713.0,
2024-07-10 05:00:00,12.0,14.0,1.27,6.93,3.7,7.2,10.2,0.18,12.86,0.1,0.95,,,,,22.32,87.25,,211.75,,,,713.0,
2024-07-10 06:00:00,21.0,29.0,1.42,6.98,3.88,7.5,8.38,0.21,13.39,0.1,0.75,,,,,22.3,88.0,,216.25,,,,713.75,
2024-07-10 07:00:00,22.5,32.5,1.23,6.62,3.5,8.0,9.88,0.37,13.1,0.1,0.95,,,,,22.55,87.25,,211.0,,,,714.0,
2024-07-10 08:00:00,25.0,41.25,1.23,6.68,3.52,8.1,11.75,0.44,12.88,0.1,1.15,,,,,23.25,81.5,,218.5,,,,714.25,
2024-07-10 09:00:00,20.0,36.5,1.2,6.65,3.5,7.92,12.1,0.46,16.74,0.1,1.23,,,,,24.12,75.0,,215.0,,,,715.0,
2024-07-10 10:00:00,22.5,36.25,1.23,6.7,3.52,7.65,11.4,0.34,18.39,0.1,1.15,,,,,24.9,69.5,,217.25,,,,714.0,
2024-07-10 11:00:00,20.25,32.75,1.4,6.4,3.52,7.85,9.95,0.22,18.09,0.1,0.95,,,,,25.68,62.75,,222.0,,,,713.75,
2024-07-10 12:00:00,18.0,38.0,1.4,6.38,3.55,8.3,10.22,0.18,18.62,0.1,0.98,,,,,26.12,59.75,,226.0,,,,713.0,
2024-07-10 13:00:00,17.0,37.25,1.23,6.28,3.32,8.3,10.18,0.1,18.29,0.1,0.95,,,,,26.6,55.75,,218.25,,,,712.75,
2024-07-10 14:00:00,14.5,39.0,1.2,6.68,3.5,8.07,10.55,0.12,18.18,0.1,1.05,,,,,26.85,54.0,,208.0,,,,712.0,
2024-07-10 15:00:00,16.75,47.0,1.58,6.18,3.55,8.0,10.7,0.1,18.05,0.1,1.08,,,,,27.05,52.5,,215.5,,,,711.0,
2024-07-10 16:00:00,17.75,30.25,1.08,7.28,3.72,8.1,10.55,0.34,18.32,0.1,1.0,,,,,23.65,83.0,,206.25,,,,712.0,
2024-07-10 17:00:00,14.0,18.0,1.23,7.88,4.18,10.4,12.05,1.21,18.25,0.1,1.23,,,,,23.72,89.0,,242.5,,,,712.0,
2024-07-10 18:00:00,15.5,24.25,1.38,8.9,4.88,10.4,12.7,1.25,18.45,0.1,1.3,,,,,23.92,86.75,,210.25,,,,712.5,
2024-07-10 19:00:00,19.25,29.25,1.23,10.18,5.42,10.88,14.1,1.64,18.8,0.15,1.45,,,,,23.78,84.25,,191.5,,,,713.0,
2024-07-10 20:00:00,18.25,41.75,1.27,10.48,5.62,9.07,14.75,1.23,18.91,0.18,1.6,,,,,23.82,82.25,,232.75,,,,714.0,
2024-07-10 21:00:00,19.5,35.25,1.18,9.78,5.15,7.5,13.72,0.56,18.78,0.15,1.42,,,,,23.65,81.25,,237.25,,,,714.25,
2024-07-10 22:00:00,13.0,19.75,1.25,9.05,4.82,7.22,12.82,0.32,18.43,0.1,1.3,,,,,23.6,81.75,,223.0,,,,715.0,
2024-07-10 23:00:00,15.25,26.0,1.45,8.18,4.55,7.35,12.95,0.21,18.19,0.1,1.35,,,,,23.48,83.0,,213.25,,,,714.75,
2024-07-11 00:00:00,12.5,27.0,1.52,7.78,4.38,7.08,12.55,0.09,18.34,0.1,1.3,,,,,23.35,84.75,,215.5,,,,714.0,
2024-07-11 01:00:00,12.25,21.0,1.27,7.8,4.2,6.95,13.03,0.18,19.09,0.1,1.33,,,,,23.15,86.0,,205.5,,,,714.0,
2024-07-11 02:00:00,15.5,19.5,1.2,7.25,3.85,7.05,13.58,0.26,18.57,0.12,1.42,,,,,23.02,86.5,,221.0,,,,713.0,
2024-07-11 03:00:00,13.0,16.25,1.23,7.68,4.1,6.98,13.05,0.34,18.61,0.1,1.38,,,,,22.98,87.5,,211.25,,,,713.0,
2024-07-11 04:00:00,10.5,19.75,1.32,7.88,4.28,6.65,12.18,0.37,17.87,0.1,1.23,,,,,22.88,88.0,,205.25,,,,713.0,
2024-07-11 05:00:00,12.0,19.0,1.23,7.88,4.15,6.72,11.6,0.38,18.38,0.1,1.15,,,,,22.8,88.0,,233.25,,,,713.0,
2024-07-11 06:00:00,17.0,29.0,1.35,7.38,4.03,7.18,11.65,0.44,18.47,0.1,1.15,,,,,22.82,88.0,,221.25,,,,713.25,
2024-07-11 07:00:00,17.5,31.0,1.32,7.12,3.88,7.85,12.65,0.5,18.17,0.1,1.3,,,,,22.9,87.25,,214.0,,,,714.0,
2024-07-11 08:00:00,19.0,36.25,1.35,7.1,3.82,7.95,13.75,0.57,18.32,0.1,1.45,,,,,23.3,83.75,,222.75,,,,714.0,
2024-07-11 09:00:00,18.75,34.75,1.27,7.0,3.78,7.72,13.12,0.57,18.35,0.1,1.38,,,,,24.08,76.25,,224.25,,,,714.0,
2024-07-11 10:00:00,16.0,37.5,1.15,7.08,3.68,7.68,12.82,0.38,18.6,0.1,1.32,,,,,24.62,71.75,,209.25,,,,714.0,
2024-07-11 11:00:00,9.75,35.25,0.98,7.05,3.55,7.8,13.55,0.29,18.23,0.12,1.42,,,,,25.35,65.75,,216.0,,,,713.75,
2024-07-11 12:00:00,8.75,25.0,1.12,6.92,3.6,7.92,15.1,0.29,17.6,0.2,1.62,,,,,25.78,62.75,,216.25,,,,713.0,
2024-07-11 13:00:00,8.25,27.25,1.32,6.57,3.58,8.18,13.55,0.38,18.06,0.1,1.42,,,,,26.25,58.25,,213.75,,,,712.0,
2024-07-11 14:00:00,10.0,26.25,1.38,6.92,3.82,7.62,14.15,0.35,18.17,0.12,1.48,,,,,25.88,62.25,,214.0,,,,711.25,
2024-07-11 15:00:00,13.5,29.25,1.2,7.4,3.9,7.52,14.4,0.38,18.09,0.12,1.5,,,,,25.85,62.5,,220.0,,,,711.0,
2024-07-11 16:00:00,15.5,31.0,1.25,7.18,3.82,8.48,13.8,0.58,18.23,0.1,1.45,,,,,25.28,69.0,,234.5,,,,710.5,
2024-07-11 17:00:00,17.0,43.75,1.23,7.25,3.9,8.35,14.45,0.48,17.99,0.18,1.5,,,,,25.72,61.5,,223.5,,,,710.0,
2024-07-11 18:00:00,19.5,49.0,1.4,7.32,4.02,8.72,14.7,0.58,17.8,0.15,1.58,,,,,25.22,64.25,,220.75,,,,711.0,
2024-07-11 19:00:00,27.0,61.0,1.35,8.02,4.35,9.43,15.7,0.94,18.55,0.2,1.7,,,,,24.88,67.25,,200.5,,,,711.0,
2024-07-11 20:00:00,25.75,67.5,1.18,8.93,4.7,9.05,15.42,1.02,18.45,0.2,1.68,,,,,24.65,69.5,,216.75,,,,712.0,
2024-07-11 21:00:00,23.75,57.25,1.3,9.02,4.82,8.22,15.7,0.83,18.61,0.2,1.68,,,,,24.32,71.75,,210.25,,,,712.25,
2024-07-11 22:00:00,28.75,47.5,1.18,8.85,4.7,7.75,15.6,0.71,18.99,0.2,1.68,,,,,24.12,73.0,,221.5,,,,713.0,
2024-07-11 23:00:00,25.5,41.5,1.05,8.55,4.4,7.02,15.4,0.53,19.12,0.2,1.62,,,,,23.9,75.0,,226.25,,,,712.75,
2024-07-12 00:00:00,18.5,37.0,1.32,8.02,4.38,6.9,15.32,0.05,19.03,0.2,1.68,,,,,23.68,77.25,,215.5,,,,712.0,
2024-07-12 01:00:00,20.75,38.5,1.12,7.98,4.12,7.0,12.67,0.08,18.68,0.1,1.3,,,,,23.42,79.75,,208.0,,,,711.0,
2024-07-12 02:00:00,21.0,40.25,1.25,7.75,4.15,6.82,11.92,0.03,18.09,0.1,1.2,,,,,23.28,81.5,,215.75,,,,711.0,
2024-07-12 03:00:00,15.75,31.0,1.42,7.7,4.25,6.68,11.4,0.09,18.38,0.1,1.12,,,,,23.08,83.5,,215.5,,,,711.0,
2024-07-12 04:00:00,17.5,27.25,1.4,7.8,4.28,6.65,10.9,0.04,18.26,0.1,1.08,,,,,22.9,85.25,,210.75,,,,711.0,
2024-07-12 05:00:00,16.75,25.0,1.3,7.88,4.25,6.82,10.1,0.03,18.31,0.1,0.95,,,,,22.82,86.5,,221.25,,,,711.0,
2024-07-12 06:00:00,18.0,25.5,1.23,7.75,4.12,7.15,11.55,0.11,18.27,0.1,1.15,,,,,22.95,87.0,,207.75,,,,711.75,
2024-07-12 07:00:00,17.0,28.5,1.08,7.55,3.9,7.43,10.58,0.11,18.62,0.1,1.02,,,,,23.15,85.5,,205.25,,,,712.0,
2024-07-12 08:00:00,22.25,33.0,1.05,7.32,3.75,7.58,11.2,0.18,18.38,0.1,1.15,,,,,23.45,82.75,,210.25,,,,712.5,
2024-07-12 09:00:00,19.0,31.75,1.27,7.35,3.92,7.68,11.05,0.26,18.38,0.1,1.1,,,,,24.1,78.25,,209.75,,,,713.0,
2024-07-12 10:00:00,15.5,28.75,1.35,7.3,3.98,7.3,11.0,0.16,18.55,0.1,1.1,,,,,24.9,72.25,,206.25,,,,712.0,
2024-07-12 11:00:00,14.5,30.75,1.4,7.22,4.0,7.5,11.3,0.21,18.6,0.1,1.1,,,,,25.78,65.75,,221.5,,,,711.75,
2024-07-12 12:00:00,15.75,30.75,1.35,6.88,3.75,7.75,11.22,0.2,18.09,0.1,1.12,,,,,26.12,62.5,,221.5,,,,711.0,
2024-07-12 13:00:00,15.5,32.5,1.12,6.85,3.6,8.07,11.15,0.16,23.81,0.1,1.1,,,,,26.68,59.0,,214.75,,,,710.0,
2024-07-12 14:00:00,16.25,31.75,1.3,6.92,3.75,8.05,10.92,0.19,27.1,0.1,1.08,,,,,27.2,56.0,,228.75,,,,709.25,
2024-07-12 15:00:00,14.25,33.0,1.25,7.4,3.95,7.68,11.6,0.2,27.88,0.1,1.15,,,,,26.85,59.0,,229.75,,,,708.25,
2024-07-12 16:00:00,15.75,31.25,1.42,7.38,4.07,7.52,12.15,0.27,27.76,0.1,1.2,,,,,25.3,69.75,,194.5,,,,708.5,
2024-07-12 17:00:00,17.0,31.75,1.3,7.68,4.18,7.75,12.45,0.34,27.47,0.1,1.27,,,,,23.42,87.5,,202.5,,,,709.0,
2024-07-12 18:00:00,13.75,20.25,1.4,7.98,4.42,7.82,11.22,0.28,27.27,0.1,1.1,,,,,23.32,88.75,,213.0,,,,710.0,
2024-07-12 19:00:00,11.75,14.75,1.05,11.12,5.78,6.98,8.57,0.56,28.39,0.1,0.75,,,,,23.0,90.75,,210.0,,,,711.0,
2024-07-12 20:00:00,8.0,14.0,1.12,8.38,4.38,7.98,11.02,0.32,28.86,0.1,1.1,,,,,23.0,91.75,,203.5,,,,711.5,
2024-07-12 21:00:00,,,1.23,7.45,3.95,7.68,10.88,0.06,27.08,0.1,1.08,,,,,23.0,92.0,,199.75,,,,712.0,
2024-07-12 22:00:00,,,1.25,7.12,3.78,7.48,13.55,0.1,27.33,0.1,1.42,,,,,22.85,91.75,,213.25,,,,712.5,
2024-07-12 23:00:00,,,1.18,7.05,3.72,7.38,12.92,0.32,27.48,0.1,1.35,,,,,22.8,91.0,,209.0,,,,712.0,
2024-07-13 00:00:00,,,1.32,6.88,3.75,7.2,12.2,0.16,27.55,0.1,1.25,,,,,22.82,91.0,,213.25,,,,712.0,
2024-07-13 01:00:00,,,1.23,6.9,3.65,7.18,13.0,0.17,27.97,0.1,1.4,,,,,22.88,90.25,,203.75,,,,711.25,
2024-07-13 02:00:00,,,1.38,6.48,3.55,7.15,11.9,0.17,27.68,0.1,1.18,,,,,22.82,90.0,,206.5,,,,710.75,
2024-07-13 03:00:00,11.0,17.0,1.32,6.98,3.78,6.95,12.0,0.22,27.16,0.1,1.23,,,,,22.85,90.0,,212.5,,,,711.0,
2024-07-13 04:00:00,9.75,15.5,1.0,7.62,3.88,6.82,11.32,0.22,27.26,0.1,1.1,,,,,22.8,90.0,,205.75,,,,710.25,
2024-07-13 05:00:00,5.5,10.75,1.15,7.32,3.82,6.95,11.12,,26.96,0.1,1.12,,,,,22.7,90.0,,213.5,,,,711.0,
2024-07-13 06:00:00,5.75,12.25,1.15,7.12,3.75,7.2,11.5,,26.73,0.1,1.15,,,,,22.72,90.0,,211.0,,,,711.75,
2024-07-13 07:00:00,10.25,18.25,1.2,6.68,3.52,7.55,11.95,,27.9,0.1,1.2,,,,,22.82,88.75,,210.75,,,,712.0,
2024-07-13 08:00:00,9.25,16.5,1.2,6.7,3.55,7.82,12.15,,28.14,0.1,1.23,,,,,23.12,87.25,,220.0,,,,712.0,
2024-07-13 09:00:00,13.0,18.25,1.15,6.85,3.58,7.72,12.62,,27.96,0.1,1.3,,,,,23.6,82.0,,214.0,,,,712.0,
2024-07-13 10:00:00,12.0,21.0,1.25,7.08,3.8,7.75,13.23,,27.34,0.1,1.38,,,,,24.25,77.25,,222.0,,,,712.0,
2024-07-13 11:00:00,9.0,25.75,1.27,7.0,3.75,7.72,13.18,,27.55,0.1,1.4,,,,,24.68,72.75,,219.0,,,,712.0,
2024-07-13 12:00:00,9.75,22.25,1.23,7.05,3.7,7.72,13.98,0.33,27.18,0.1,1.45,,,,,25.38,67.75,,217.0,,,,711.0,
2024-07-13 13:00:00,11.0,21.0,1.03,7.05,3.62,7.65,13.35,0.43,27.42,0.1,1.4,,,,,25.45,65.5,,212.5,,,,710.0,
2024-07-13 14:00:00,10.0,17.0,1.18,6.88,3.58,7.6,12.95,0.34,27.16,0.1,1.32,,,,,25.8,63.0,,220.5,,,,709.75,
2024-07-13 15:00:00,15.0,26.0,1.18,6.75,3.55,7.68,12.9,0.3,27.12,0.1,1.32,,,,,26.02,59.0,,221.25,,,,709.0,
2024-07-13 16:00:00,13.0,34.5,1.3,6.65,3.6,7.55,13.7,0.26,27.48,0.1,1.45,,,,,25.65,59.5,,231.25,,,,709.0,
2024-07-13 17:00:00,15.25,34.5,1.23,6.78,3.58,7.82,13.9,0.3,27.43,0.1,1.45,,,,,25.4,62.75,,213.25,,,,709.0,
2024-07-13 18:00:00,13.75,41.0,0.82,7.2,3.5,8.1,14.3,0.44,28.71,0.12,1.52,,,,,24.95,66.25,,214.5,,,,709.75,
2024-07-13 19:00:00,17.0,44.75,1.23,7.12,3.78,8.0,13.62,0.44,27.4,0.1,1.42,,,,,24.6,69.25,,211.5,,,,710.25,
2024-07-13 20:00:00,19.0,36.25,1.27,7.3,3.92,7.95,12.75,0.4,28.01,0.1,1.3,,,,,24.2,73.25,,206.5,,,,711.25,
2024-07-13 21:00:00,16.0,32.25,1.27,7.35,3.95,7.72,13.8,0.31,27.47,0.12,1.42,,,,,23.8,78.0,,206.0,,,,712.0,
2024-07-13 22:00:00,16.25,33.75,1.18,7.28,3.82,7.6,13.8,0.22,28.0,0.12,1.42,,,,,23.58,79.25,,202.75,,,,712.0,
2024-07-13 23:00:00,15.75,26.0,1.38,7.22,3.92,7.15,13.15,0.11,27.59,0.1,1.38,,,,,23.38,82.0,,216.75,,,,711.25,
2024-07-14 00:00:00,12.25,21.75,1.3,6.95,3.72,7.15,13.2,0.2,26.67,0.1,1.35,,,,,23.18,85.0,,211.0,,,,710.5,
2024-07-14 01:00:00,12.5,16.5,1.2,6.88,3.62,7.1,12.5,0.2,27.07,0.1,1.27,,,,,23.05,86.0,,221.0,,,,710.0,
2024-07-14 02:00:00,11.0,12.0,1.15,6.72,3.52,7.0,11.72,0.14,26.9,0.1,1.18,,,,,23.05,85.75,,214.5,,,,710.0,
2024-07-14 03:00:00,10.0,19.0,1.23,7.0,3.75,6.9,10.58,0.32,27.44,0.1,1.02,,,,,23.1,85.75,,218.75,,,,710.0,
2024-07-14 04:00:00,10.0,19.0,1.18,7.28,3.82,6.8,10.88,0.15,27.65,0.1,1.08,,,,,23.0,85.5,,211.25,,,,710.0,
2024-07-14 05:00:00,11.0,15.0,1.08,7.28,3.75,6.82,11.45,0.19,27.32,0.1,1.15,,,,,22.92,86.25,,221.0,,,,710.0,
2024-07-14 06:00:00,11.5,15.0,1.35,7.0,3.82,7.05,11.6,0.24,27.12,0.1,1.15,,,,,22.9,87.0,,215.25,,,,710.0,
2024-07-14 07:00:00,12.75,19.0,1.02,6.95,3.55,7.48,11.68,,27.47,0.1,1.15,,,,,22.98,86.5,,214.0,,,,710.0,
2024-07-14 08:00:00,12.25,29.5,1.18,6.55,3.45,7.6,13.45,,27.98,0.1,1.42,,,,,23.25,84.5,,218.0,,,,710.0,
2024-07-14 09:00:00,13.5,25.25,1.23,6.48,3.45,7.62,13.1,0.01,27.46,0.1,1.38,,,,,23.62,80.75,,213.5,,,,710.25,
2024-07-14 10:00:00,15.0,28.5,1.15,6.55,3.42,7.52,13.02,0.01,27.83,0.1,1.32,,,,,24.22,74.5,,222.0,,,,710.0,
2024-07-14 11:00:00,13.0,36.0,1.1,6.48,3.35,7.45,12.88,,27.14,0.1,1.32,,,,,24.6,71.25,,219.0,,,,710.0,
2024-07-14 12:00:00,7.25,34.5,1.12,6.5,3.38,7.6,12.73,,26.86,0.1,1.3,,,,,24.92,70.25,,214.75,,,,709.25,
2024-07-14 13:00:00,11.5,32.25,1.15,6.58,3.42,7.6,13.08,,26.58,0.1,1.35,,,,,24.92,70.25,,213.75,,,,708.75,
2024-07-14 14:00:00,21.5,37.75,1.2,6.6,3.5,7.8,12.62,,27.18,0.1,1.3,,,,,24.52,73.75,,229.5,,,,708.0,
2024-07-14 15:00:00,19.25,31.25,1.2,6.88,3.62,7.6,12.72,,27.76,0.1,1.32,,,,,23.75,82.5,,219.75,,,,708.0,
2024-07-14 16:00:00,15.5,22.5,1.1,6.65,3.45,7.45,12.5,,26.74,0.1,1.27,,,,,23.82,78.5,,222.25,,,,707.0,
2024-07-14 17:00:00,13.5,21.5,1.32,6.75,3.68,7.7,13.5,,27.63,0.12,1.42,,,,,23.92,79.25,,218.0,,,,707.75,
2024-07-14 18:00:00,18.25,20.25,1.3,6.6,3.55,7.72,13.6,,27.32,0.1,1.42,,,,,23.65,80.75,,214.25,,,,708.25,
2024-07-14 19:00:00,10.5,13.5,1.08,6.82,3.5,7.7,13.15,,27.09,0.1,1.35,,,,,23.38,83.0,,208.0,,,,709.0,
2024-07-14 20:00:00,12.0,17.5,1.18,6.82,3.58,7.62,13.78,0.02,27.48,0.1,1.48,,,,,23.15,84.75,,208.0,,,,709.0,
2024-07-14 21:00:00,12.25,16.25,1.32,6.65,3.6,7.6,13.5,0.05,28.08,0.1,1.4,,,,,22.92,86.75,,215.75,,,,710.0,
2024-07-14 22:00:00,11.75,16.0,1.3,6.62,3.55,7.52,13.82,0.03,28.09,0.1,1.45,,,,,22.72,89.0,,219.75,,,,710.0,
2024-07-14 23:00:00,8.0,13.0,1.32,6.75,3.65,7.28,13.6,0.1,27.12,0.1,1.42,,,,,22.7,90.0,,220.25,,,,709.25,
2024-07-15 00:00:00,,,1.2,6.62,3.5,7.1,14.22,0.47,27.01,0.15,1.55,,,,,22.6,90.5,,215.5,,,,709.0,
2024-07-15 01:00:00,,,1.23,6.4,3.4,7.05,13.93,0.53,27.47,0.1,1.47,,,,,22.6,90.0,,213.0,,,,709.0,
2024-07-15 02:00:00,,,1.23,6.5,3.42,7.0,12.75,0.52,27.38,0.1,1.32,,,,,22.5,90.0,,213.75,,,,708.5,
2024-07-15 03:00:00,4.0,5.0,1.45,6.45,3.6,6.9,11.55,0.39,28.03,0.1,1.15,,,,,22.4,91.0,,204.75,,,,708.0,
2024-07-15 04:00:00,4.0,5.0,1.32,6.7,3.65,6.88,11.82,0.29,27.68,0.1,1.18,,,,,22.35,91.0,,202.25,,,,708.0,
2024-07-15 05:00:00,,,1.32,6.78,3.68,6.95,11.52,0.33,26.72,0.1,1.18,,,,,22.3,90.75,,207.5,,,,708.75,
2024-07-15 06:00:00,,,1.38,6.58,3.62,7.22,10.85,0.42,27.02,0.1,1.1,,,,,22.2,90.0,,197.5,,,,709.0,
2024-07-15 07:00:00,7.0,17.0,1.45,6.3,3.5,7.7,11.73,0.47,28.04,0.1,1.18,,,,,22.35,88.75,,204.75,,,,709.0,
2024-07-15 08:00:00,6.75,17.75,1.35,6.22,3.42,8.02,12.52,0.55,27.96,0.1,1.3,,,,,22.45,88.75,,207.0,,,,710.0,
2024-07-15 09:00:00,7.0,18.75,1.27,6.52,3.5,8.15,13.32,0.6,27.95,0.1,1.42,,,,,22.58,89.75,,217.75,,,,710.0,
2024-07-15 10:00:00,10.0,15.25,1.3,6.82,3.7,8.43,14.08,0.67,27.46,0.12,1.48,,,,,23.0,88.5,,219.25,,,,710.0,
2024-07-15 11:00:00,11.0,16.75,1.32,7.08,3.85,8.12,13.8,0.58,28.26,0.1,1.45,,,,,23.42,85.5,,210.5,,,,709.5,
2024-07-15 12:00:00,14.0,19.0,1.1,7.25,3.78,7.88,14.05,0.54,27.31,0.1,1.48,,,,,23.82,82.75,,210.75,,,,709.0,
2024-07-15 13:00:00,8.0,16.0,1.15,7.1,3.7,7.78,13.78,0.48,27.96,0.12,1.42,,,,,23.82,81.75,,218.25,,,,708.0,
2024-07-15 14:00:00,8.25,15.25,1.25,7.2,3.82,7.9,14.28,0.51,27.34,0.15,1.5,,,,,23.38,85.25,,219.5,,,,707.5,
2024-07-15 15:00:00,9.0,13.0,1.08,7.2,3.7,7.95,13.9,0.67,28.18,0.1,1.48,,,,,23.1,88.25,,212.75,,,,707.25,
2024-07-15 16:00:00,9.0,20.0,1.15,7.35,3.85,8.3,14.18,0.65,27.76,0.15,1.5,,,,,23.2,89.25,,214.25,,,,707.0,
2024-07-15 17:00:00,9.0,20.0,1.25,7.62,4.08,7.92,14.23,0.6,28.14,0.12,1.5,,,,,23.32,89.0,,203.5,,,,708.0,
2024-07-15 18:00:00,10.0,17.0,1.35,7.93,4.32,8.2,13.32,0.7,27.55,0.1,1.38,,,,,23.32,89.0,,199.0,,,,708.5,
2024-07-15 19:00:00,10.25,15.75,1.27,7.98,4.25,8.35,14.52,0.66,27.2,0.15,1.55,,,,,23.12,88.5,,203.0,,,,709.0,
2024-07-15 20:00:00,9.75,11.5,1.32,7.7,4.18,7.65,14.38,0.58,27.26,0.15,1.5,,,,,23.05,88.75,,201.5,,,,709.25,
2024-07-15 21:00:00,6.0,10.0,1.3,7.42,4.03,7.38,13.55,0.48,28.02,0.1,1.42,,,,,22.9,89.5,,211.0,,,,710.0,
2024-07-15 22:00:00,10.0,12.0,1.4,6.82,3.8,7.22,13.25,0.34,27.08,0.1,1.38,,,,,22.9,89.25,,206.5,,,,710.0,
2024-07-15 23:00:00,10.0,12.0,1.18,6.88,3.62,7.12,13.98,0.37,27.73,0.12,1.45,,,,,22.75,90.0,,210.5,,,,710.0,
2024-07-16 00:00:00,5.0,7.0,0.92,6.88,3.45,7.07,13.38,0.34,26.98,0.1,1.4,,,,,22.7,89.75,,206.5,,,,709.0,
2024-07-16 01:00:00,5.0,7.0,1.08,6.65,3.38,7.1,9.17,0.59,27.36,0.1,0.87,,,,,22.55,89.25,,214.0,,,,708.75,
2024-07-16 02:00:00,,,1.25,6.32,3.38,7.0,8.72,0.54,27.73,0.1,0.8,,,,,22.4,90.0,,206.0,,,,708.0,
2024-07-16 03:00:00,,,1.18,6.62,3.5,6.95,8.15,0.56,27.44,0.1,0.75,,,,,22.4,89.5,,208.25,,,,708.0,
2024-07-16 04:00:00,5.0,7.0,1.25,6.68,3.58,6.88,8.07,0.79,27.86,0.1,0.7,,,,,22.42,89.0,,202.5,,,,708.0,
2024-07-16 05:00:00,5.0,7.0,1.18,6.78,3.58,6.88,8.98,0.76,27.16,0.1,0.82,,,,,22.42,89.75,,201.25,,,,708.5,
2024-07-16 06:00:00,12.0,14.0,1.32,6.72,3.62,7.1,7.6,0.76,27.39,0.1,0.68,,,,,22.5,89.0,,200.0,,,,709.0,
2024-07-16 07:00:00,10.5,14.25,1.18,6.52,3.45,7.57,8.3,0.8,27.33,0.1,0.72,,,,,22.42,89.0,,199.0,,,,709.5,
2024-07-16 08:00:00,7.25,15.0,1.18,6.28,3.3,7.72,8.2,0.87,27.93,0.1,0.75,,,,,22.68,88.5,,208.5,,,,710.0,
2024-07-16 09:00:00,10.75,15.25,1.23,6.4,3.4,8.05,8.93,0.96,27.66,0.1,0.82,,,,,23.2,84.75,,210.75,,,,710.0,
2024-07-16 10:00:00,9.75,16.75,0.88,6.65,3.22,8.2,9.95,0.98,27.33,0.1,0.95,,,,,23.55,81.0,,212.25,,,,710.0,
2024-07-16 11:00:00,10.75,22.25,1.1,6.72,3.48,8.15,9.5,0.91,27.78,0.1,0.9,,,,,23.92,77.5,,209.0,,,,710.0,
2024-07-16 12:00:00,14.5,28.75,1.3,6.58,3.52,7.78,10.0,0.84,27.2,0.1,0.95,,,,,24.45,73.5,,209.5,,,,709.5,
2024-07-16 13:00:00,10.25,19.5,1.32,6.72,3.65,7.62,10.85,0.88,27.99,0.1,1.08,,,,,24.38,75.75,,221.0,,,,709.0,
2024-07-16 14:00:00,10.0,19.25,1.18,6.72,3.52,7.48,10.35,0.86,27.47,0.1,1.0,,,,,24.4,74.75,,218.5,,,,708.25,
2024-07-16 15:00:00,6.75,15.5,1.1,6.85,3.55,7.78,10.62,0.94,28.01,0.1,1.02,,,,,24.12,77.75,,213.75,,,,708.0,
2024-07-16 16:00:00,6.75,18.5,1.25,6.7,3.55,7.82,9.72,0.89,26.82,0.1,0.9,,,,,24.0,77.75,,210.0,,,,708.0,
2024-07-16 17:00:00,9.5,16.25,1.08,6.72,3.48,7.78,10.18,0.97,27.31,0.1,0.98,,,,,23.98,75.25,,208.0,,,,708.0,
2024-07-16 18:00:00,10.75,22.5,1.15,6.52,3.45,8.1,10.3,1.08,28.5,0.1,1.0,,,,,23.82,76.0,,200.25,,,,708.75,
2024-07-16 19:00:00,9.25,21.25,1.25,6.82,3.65,8.15,9.85,1.16,27.82,0.1,0.92,,,,,23.62,78.5,,203.25,,,,709.0,
2024-07-16 20:00:00,8.25,23.0,1.25,6.93,3.65,7.9,10.02,1.06,26.68,0.1,0.98,,,,,23.25,82.5,,208.0,,,,709.75,
2024-07-16 21:00:00,12.5,26.75,1.3,6.95,3.78,7.75,9.75,0.98,27.22,0.1,0.92,,,,,22.95,87.0,,208.75,,,,710.0,
2024-07-16 22:00:00,13.5,26.5,1.3,6.93,3.78,7.5,11.0,0.94,27.84,0.1,1.1,,,,,22.95,88.0,,201.5,,,,710.5,
2024-07-16 23:00:00,12.0,19.0,1.1,6.93,3.55,7.3,10.15,0.72,26.85,0.1,0.98,,,,,22.9,88.5,,209.75,,,,710.5,
2024-07-17 00:00:00,11.0,14.0,1.3,6.68,3.58,7.15,10.22,0.15,27.86,0.1,1.0,,,,,22.9,88.75,,208.0,,,,710.0,
2024-07-17 01:00:00,11.0,14.75,1.23,6.62,3.5,7.18,10.77,0.22,26.82,0.1,1.1,,,,,22.9,88.75,,207.5,,,,709.25,
2024-07-17 02:00:00,11.5,16.75,1.35,6.28,3.45,7.18,10.35,0.27,27.05,0.1,1.0,,,,,22.85,89.0,,212.25,,,,709.0,
2024-07-17 03:00:00,13.0,16.0,1.35,6.5,3.52,7.0,10.2,0.31,27.35,0.1,0.98,,,,,22.8,89.0,,207.25,,,,709.0,
2024-07-17 04:00:00,,,1.15,7.05,3.68,6.88,10.22,0.43,27.95,0.1,1.0,,,,,22.82,89.0,,213.25,,,,709.0,
2024-07-17 05:00:00,9.0,13.0,1.18,6.92,3.65,7.0,9.0,0.32,27.72,0.1,0.85,,,,,22.8,89.0,,203.5,,,,709.25,
2024-07-17 06:00:00,10.0,13.5,1.25,6.8,3.6,7.12,9.0,0.29,27.14,0.1,0.82,,,,,22.82,89.0,,203.5,,,,710.0,
2024-07-17 07:00:00,13.0,15.0,1.23,6.48,3.42,7.38,9.65,0.35,27.87,0.1,0.9,,,,,22.92,88.25,,207.75,,,,710.75,
2024-07-17 08:00:00,9.0,28.0,1.25,6.1,3.25,7.7,10.7,0.43,27.86,0.1,1.05,,,,,23.1,86.75,,207.25,,,,711.75,
2024-07-17 09:00:00,10.25,27.25,1.05,6.28,3.18,7.95,10.6,0.56,27.64,0.1,1.05,,,,,23.48,84.0,,204.0,,,,712.0,
2024-07-17 10:00:00,14.75,25.5,1.25,6.32,3.38,7.98,11.58,0.57,27.85,0.1,1.15,,,,,24.1,79.5,,199.75,,,,711.75,
2024-07-17 11:00:00,16.25,28.75,1.18,6.38,3.35,7.85,12.58,0.49,26.84,0.1,1.27,,,,,24.6,74.75,,206.5,,,,711.0,
2024-07-17 12:00:00,14.75,33.75,1.15,6.45,3.35,7.9,11.78,0.46,27.72,0.1,1.15,,,,,25.12,70.75,,218.75,,,,710.5,
2024-07-17 13:00:00,16.0,34.0,1.27,6.3,3.4,7.68,11.35,0.37,27.38,0.1,1.12,,,,,25.45,68.25,,210.5,,,,709.75,
2024-07-17 14:00:00,15.75,37.5,1.25,6.52,3.5,7.78,11.05,0.4,27.78,0.1,1.1,,,,,25.45,70.5,,213.75,,,,709.0,
2024-07-17 15:00:00,22.0,36.0,1.38,6.45,3.55,7.65,10.98,0.53,27.66,0.1,1.1,,,,,25.35,68.0,,229.5,,,,708.5,
2024-07-17 16:00:00,15.25,25.75,1.18,6.68,3.5,7.43,11.1,0.47,27.15,0.1,1.1,,,,,25.28,67.75,,221.0,,,,708.5,
2024-07-17 17:00:00,12.5,23.5,1.25,6.45,3.45,7.55,11.68,0.48,27.17,0.1,1.18,,,,,24.65,72.25,,219.5,,,,709.0,
2024-07-17 18:00:00,11.75,25.75,1.2,6.65,3.52,7.78,11.58,0.55,26.82,0.1,1.18,,,,,24.25,76.5,,199.5,,,,710.25,
2024-07-17 19:00:00,14.25,18.25,1.42,6.38,3.55,7.92,10.72,0.48,27.31,0.1,1.08,,,,,23.8,78.5,,218.75,,,,711.0,
2024-07-17 20:00:00,14.5,17.0,1.27,6.75,3.6,7.88,10.42,0.47,26.58,0.1,1.0,,,,,23.65,80.0,,217.25,,,,711.75,
2024-07-17 21:00:00,12.0,18.5,1.08,6.82,3.52,7.6,11.32,0.45,26.72,0.1,1.12,,,,,23.4,83.0,,217.25,,,,712.0,
2024-07-17 22:00:00,9.25,13.25,1.27,6.6,3.55,7.4,12.32,0.36,28.22,0.1,1.25,,,,,23.25,84.5,,216.75,,,,712.0,
2024-07-17 23:00:00,10.0,11.0,1.32,6.28,3.45,7.32,11.7,0.29,27.73,0.1,1.2,,,,,23.1,85.5,,208.0,,,,712.0,
2024-07-18 00:00:00,,,1.3,6.1,3.3,7.12,11.05,0.36,28.7,0.1,1.1,,,,,23.0,86.25,,203.0,,,,711.0,
2024-07-18 01:00:00,4.0,12.0,1.32,6.0,3.3,7.12,14.67,0.37,27.69,0.17,1.57,,,,,22.9,87.0,,207.25,,,,710.5,
2024-07-18 02:00:00,4.75,11.25,1.2,6.15,3.22,7.12,14.78,0.4,27.66,0.15,1.58,,,,,22.9,87.0,,204.0,,,,710.0,
2024-07-18 03:00:00,7.0,9.0,1.32,6.35,3.42,7.0,14.5,0.41,27.16,0.15,1.52,,,,,22.8,87.5,,212.75,,,,709.75,
2024-07-18 04:00:00,,,1.2,6.55,3.48,7.02,14.18,0.52,27.88,0.15,1.5,,,,,22.8,87.75,,203.25,,,,709.25,
2024-07-18 05:00:00,8.0,9.0,1.4,6.48,3.58,7.02,13.95,0.53,26.52,0.12,1.48,,,,,22.82,87.0,,209.0,,,,709.5,
2024-07-18 06:00:00,8.0,10.5,1.35,6.35,3.5,7.38,13.78,0.64,27.39,0.12,1.42,,,,,22.88,87.0,,205.5,,,,710.0,
2024-07-18 07:00:00,8.0,15.0,1.18,6.25,3.3,7.9,15.1,0.63,27.75,0.18,1.6,,,,,22.98,85.75,,216.0,,,,711.0,
2024-07-18 08:00:00,8.0,22.0,1.18,6.28,3.32,7.98,15.55,0.67,27.47,0.2,1.7,,,,,23.22,84.75,,216.75,,,,711.0,
2024-07-18 09:00:00,8.75,22.5,1.15,6.7,3.48,8.1,15.65,0.76,27.96,0.2,1.7,,,,,23.8,80.75,,216.0,,,,711.5,
2024-07-18 10:00:00,10.75,22.5,1.3,6.48,3.5,7.95,16.68,0.33,27.42,0.2,1.8,,,,,24.2,77.0,,209.25,,,,711.5,
2024-07-18 11:00:00,11.5,19.25,1.38,6.32,3.5,7.95,16.45,0.52,27.17,0.2,1.8,,,,,24.62,75.25,,221.5,,,,711.0,
2024-07-18 12:00:00,13.5,22.5,1.38,6.38,3.55,7.9,16.85,0.21,27.07,0.2,1.82,,,,,25.05,72.0,,219.0,,,,710.25,
2024-07-18 13:00:00,8.0,20.75,1.18,6.58,3.42,7.92,15.78,0.22,26.86,0.2,1.7,,,,,24.45,77.0,,225.25,,,,710.0,
2024-07-18 14:00:00,14.0,20.0,1.42,6.6,3.68,7.82,15.72,0.56,27.72,0.2,1.68,,,,,22.98,86.75,,224.75,,,,710.0,
2024-07-18 15:00:00,8.0,9.0,1.2,6.8,3.62,7.7,16.1,0.52,27.37,0.2,1.75,,,,,22.98,88.75,,217.0,,,,710.0,
2024-07-18 16:00:00,8.0,9.0,1.35,6.92,3.75,7.88,15.78,0.68,27.4,0.2,1.72,,,,,23.28,88.25,,204.0,,,,710.0,
2024-07-18 17:00:00,7.0,8.0,1.2,6.85,3.6,7.68,15.38,0.62,27.79,0.2,1.68,,,,,22.55,88.25,,211.25,,,,710.0,
2024-07-18 18:00:00,7.0,8.0,1.35,6.78,3.7,8.0,14.78,0.74,27.92,0.18,1.58,,,,,22.58,89.0,,210.25,,,,710.5,
2024-07-18 19:00:00,7.0,13.0,0.98,7.0,3.52,8.4,15.65,0.97,27.92,0.2,1.68,,,,,22.6,88.75,,215.0,,,,711.0,
2024-07-18 20:00:00,7.0,13.0,1.23,6.88,3.65,8.32,16.02,0.94,28.16,0.2,1.72,,,,,22.65,88.0,,208.75,,,,711.0,
2024-07-18 21:00:00,12.0,13.0,1.45,6.88,3.88,8.02,16.15,0.82,27.42,0.2,1.75,,,,,22.7,88.0,,212.25,,,,711.0,
2024-07-18 22:00:00,10.5,13.0,1.3,8.27,4.47,7.28,13.75,0.82,28.02,0.12,1.42,,,,,22.8,88.0,,218.75,,,,711.0,
2024-07-18 23:00:00,6.25,13.25,1.27,8.4,4.5,6.72,13.78,0.68,27.38,0.1,1.45,,,,,22.62,89.0,,221.5,,,,711.0,
2024-07-19 00:00:00,7.0,14.0,1.18,7.4,3.88,6.88,14.7,0.15,27.72,0.2,1.58,,,,,22.6,89.0,,216.5,,,,710.25,
2024-07-19 01:00:00,8.0,11.0,1.25,6.8,3.65,6.95,11.77,0.1,27.34,0.1,1.17,,,,,22.6,89.0,,217.75,,,,709.75,
2024-07-19 02:00:00,8.0,11.0,1.27,6.28,3.38,7.07,11.22,0.13,27.87,0.1,1.12,,,,,22.5,88.5,,220.75,,,,709.0,
2024-07-19 03:00:00,7.0,9.0,1.15,6.8,3.52,6.88,10.3,,27.16,0.1,1.0,,,,,22.5,88.0,,217.5,,,,709.0,
2024-07-19 04:00:00,7.5,10.25,1.23,7.05,3.78,6.8,9.5,,27.55,0.1,0.88,,,,,22.48,88.0,,212.5,,,,708.75,
2024-07-19 05:00:00,8.25,13.0,1.2,6.78,3.6,7.08,8.9,0.13,27.6,0.1,0.82,,,,,22.4,89.0,,214.25,,,,709.0,
2024-07-19 06:00:00,8.25,13.5,1.25,6.4,3.42,7.52,10.82,,27.28,0.1,1.08,,,,,22.42,89.0,,213.75,,,,709.75,
2024-07-19 07:00:00,13.75,23.5,1.32,6.28,3.4,7.98,12.25,,27.7,0.1,1.23,,,,,22.52,89.5,,219.0,,,,710.0,
2024-07-19 08:00:00,10.25,20.0,1.1,6.35,3.28,8.12,12.98,,27.62,0.1,1.35,,,,,22.78,88.5,,217.75,,,,711.0,
2024-07-19 09:00:00,11.0,14.0,1.08,6.28,3.2,8.15,12.95,,26.99,0.1,1.32,,,,,22.88,88.0,,219.0,,,,711.0,
2024-07-19 10:00:00,9.0,26.0,1.27,6.5,3.5,8.07,14.22,,27.21,0.12,1.48,,,,,23.32,85.75,,217.0,,,,711.0,
2024-07-19 11:00:00,11.25,27.5,1.3,6.45,3.5,8.0,13.1,,27.4,0.1,1.35,,,,,23.52,84.25,,210.25,,,,710.0,
2024-07-19 12:00:00,18.0,30.0,1.48,6.55,3.65,7.9,13.42,,28.01,0.1,1.38,,,,,23.5,85.25,,214.75,,,,710.0,
2024-07-19 13:00:00,14.75,19.5,1.3,6.78,3.62,7.75,13.28,,27.38,0.1,1.38,,,,,23.42,85.25,,219.5,,,,709.25,
2024-07-19 14:00:00,8.25,10.0,1.23,6.85,3.62,7.8,13.22,,26.82,0.1,1.4,,,,,23.72,84.25,,212.25,,,,709.0,
2024-07-19 15:00:00,18.75,27.5,1.15,6.75,3.52,7.7,13.48,,27.72,0.1,1.4,,,,,24.02,77.5,,217.75,,,,708.25,
2024-07-19 16:00:00,21.0,44.0,1.18,6.55,3.45,7.85,13.75,0.3,27.19,0.12,1.45,,,,,23.92,76.75,,214.75,,,,708.0,
2024-07-19 17:00:00,15.0,23.0,1.18,6.78,3.55,8.18,13.98,0.39,27.83,0.1,1.45,,,,,23.35,82.0,,218.5,,,,708.5,
2024-07-19 18:00:00,13.5,21.0,1.25,6.75,3.58,8.22,14.18,0.53,27.34,0.1,1.48,,,,,23.15,84.25,,220.0,,,,709.25,
2024-07-19 19:00:00,10.0,15.5,1.27,6.75,3.62,7.95,13.48,0.48,27.75,0.1,1.4,,,,,22.95,85.25,,217.75,,,,710.0,
2024-07-19 20:00:00,12.75,16.25,1.45,6.45,3.6,7.85,13.5,0.42,28.54,0.12,1.42,,,,,22.8,86.0,,224.25,,,,710.0,
2024-07-19 21:00:00,11.75,13.75,1.3,6.38,3.45,7.9,13.72,0.42,27.55,0.12,1.42,,,,,22.8,85.25,,214.0,,,,710.25,
2024-07-19 22:00:00,11.5,14.5,1.25,6.45,3.45,7.58,13.85,0.43,27.04,0.1,1.45,,,,,22.7,85.5,,219.25,,,,710.25,
2024-07-19 23:00:00,12.75,18.25,1.32,6.32,3.45,7.3,14.18,0.19,28.09,0.15,1.5,,,,,22.6,86.0,,210.5,,,,709.5,
2024-07-20 00:00:00,12.0,16.0,1.42,6.08,3.4,7.25,13.0,0.39,26.77,0.1,1.32,,,,,22.58,86.5,,211.5,,,,709.0,
2024-07-20 01:00:00,7.0,11.0,1.42,6.08,3.42,7.12,15.37,0.6,27.99,0.17,1.63,,,,,22.6,87.0,,215.5,,,,709.0,
2024-07-20 02:00:00,6.5,11.0,1.45,5.82,3.28,7.15,15.48,0.57,28.18,0.2,1.65,,,,,22.52,87.5,,219.75,,,,708.75,
2024-07-20 03:00:00,6.5,11.25,1.32,6.25,3.4,7.02,15.35,0.58,26.78,0.18,1.62,,,,,22.58,87.75,,223.0,,,,708.25,
2024-07-20 04:00:00,10.5,12.75,1.38,6.15,3.4,7.05,13.52,0.6,27.16,0.1,1.42,,,,,22.5,87.0,,213.5,,,,708.0,
2024-07-20 05:00:00,8.25,14.0,1.08,6.35,3.25,7.25,12.98,0.78,26.55,0.1,1.35,,,,,22.48,87.0,,208.0,,,,709.0,
2024-07-20 06:00:00,8.0,15.5,1.08,6.45,3.3,7.58,13.55,0.78,27.11,0.1,1.42,,,,,22.45,87.0,,205.0,,,,709.75,
2024-07-20 07:00:00,14.5,29.5,1.25,6.22,3.35,7.98,13.18,0.84,27.79,0.1,1.35,,,,,22.62,86.25,,211.5,,,,710.0,
2024-07-20 08:00:00,16.75,30.75,1.15,6.25,3.25,7.82,14.82,0.89,27.36,0.18,1.58,,,,,23.02,83.75,,215.75,,,,710.75,
2024-07-20 09:00:00,18.25,33.0,1.3,6.2,3.35,7.95,16.15,0.98,28.13,0.2,1.75,,,,,23.6,79.75,,220.0,,,,711.0,
2024-07-20 10:00:00,18.25,42.0,1.25,6.68,3.55,7.85,14.1,0.95,27.56,0.15,1.48,,,,,23.88,78.25,,216.75,,,,710.75,
2024-07-20 11:00:00,22.5,41.5,1.12,6.78,3.5,7.8,14.68,0.85,27.29,0.15,1.58,,,,,24.12,76.75,,208.0,,,,710.0,
2024-07-20 12:00:00,15.5,40.75,1.4,6.43,3.55,7.85,15.65,0.88,27.81,0.2,1.7,,,,,24.55,72.75,,218.75,,,,710.0,
2024-07-20 13:00:00,17.5,43.25,1.32,6.25,3.42,7.82,16.8,0.89,27.75,0.2,1.82,,,,,24.85,70.25,,222.25,,,,709.75,
2024-07-20 14:00:00,19.0,44.75,1.2,6.18,3.28,8.12,16.02,0.86,27.77,0.2,1.75,,,,,24.9,70.5,,215.75,,,,708.75,
2024-07-20 15:00:00,20.75,51.25,1.35,6.25,3.4,8.08,15.85,0.82,25.93,0.2,1.7,,,,,24.82,70.75,,228.0,,,,709.0,
2024-07-20 16:00:00,24.5,65.25,1.42,6.3,3.48,7.72,16.58,0.68,27.54,0.2,1.8,,,,,24.95,67.75,,222.25,,,,708.25,
2024-07-20 17:00:00,20.5,64.5,1.15,6.48,3.35,7.62,15.98,0.73,27.72,0.2,1.72,,,,,24.68,68.75,,224.5,,,,709.0,
2024-07-20 18:00:00,22.5,51.0,1.35,6.18,3.4,8.02,15.9,0.78,27.7,0.2,1.75,,,,,24.38,70.75,,216.0,,,,709.5,
2024-07-20 19:00:00,21.75,48.5,1.25,6.05,3.25,7.9,15.82,0.67,27.57,0.2,1.7,,,,,24.15,71.25,,217.75,,,,710.0,
2024-07-20 20:00:00,15.25,41.0,1.05,6.32,3.22,8.22,16.9,0.8,26.98,0.2,1.82,,,,,23.9,74.25,,222.5,,,,710.5,
2024-07-20 21:00:00,15.75,38.0,1.15,6.43,3.38,7.78,16.82,0.6,27.66,0.2,1.85,,,,,23.65,77.0,,214.75,,,,711.0,
2024-07-20 22:00:00,16.75,29.0,1.0,6.45,3.3,7.68,17.48,0.54,28.32,0.2,1.9,,,,,23.42,78.75,,223.0,,,,711.0,
2024-07-20 23:00:00,21.0,28.25,1.2,6.25,3.32,7.52,16.42,0.59,27.48,0.2,1.78,,,,,23.22,80.5,,212.0,,,,711.0,
2024-07-21 00:00:00,17.25,26.75,1.05,6.2,3.12,7.35,15.58,0.42,28.28,0.2,1.68,,,,,23.02,81.25,,208.25,,,,710.25,
2024-07-21 01:00:00,15.5,30.0,1.3,5.95,3.2,7.18,15.33,0.4,27.07,0.2,1.63,,,,,22.9,82.0,,211.5,,,,710.0,
2024-07-21 02:00:00,16.25,30.0,1.25,5.9,3.18,7.18,15.42,0.46,27.96,0.2,1.65,,,,,22.75,84.0,,214.25,,,,709.0,
2024-07-21 03:00:00,14.0,21.0,1.08,6.22,3.18,7.05,14.05,0.45,27.68,0.12,1.5,,,,,22.6,86.75,,222.75,,,,709.0,
2024-07-21 04:00:00,15.0,20.0,1.23,6.3,3.4,7.07,13.48,0.52,27.68,0.1,1.4,,,,,22.6,87.0,,208.75,,,,709.0,
2024-07-21 05:00:00,14.0,19.0,1.0,6.45,3.28,7.22,12.95,0.62,28.07,0.1,1.32,,,,,22.58,87.25,,209.5,,,,709.0,
2024-07-21 06:00:00,12.25,20.75,1.32,6.35,3.5,7.42,12.8,0.66,27.5,0.1,1.32,,,,,22.5,88.0,,213.25,,,,710.0,
2024-07-21 07:00:00,16.25,34.75,1.5,5.98,3.38,7.8,14.72,0.64,27.54,0.18,1.55,,,,,22.65,87.75,,209.25,,,,710.0,
2024-07-21 08:00:00,16.25,33.5,1.32,5.8,3.12,7.85,15.52,0.7,27.8,0.2,1.68,,,,,23.1,85.25,,210.75,,,,710.75,
2024-07-21 09:00:00,15.75,34.0,1.45,5.88,3.3,7.85,15.4,0.68,27.74,0.2,1.65,,,,,23.52,81.25,,208.25,,,,711.0,
2024-07-21 10:00:00,22.0,38.0,1.3,6.15,3.32,7.8,14.75,0.75,27.65,0.18,1.55,,,,,23.85,78.75,,201.25,,,,711.0,
2024-07-21 11:00:00,23.0,33.0,1.38,6.0,3.3,7.82,14.82,0.87,27.77,0.2,1.58,,,,,24.2,77.0,,221.75,,,,711.0,
2024-07-21 12:00:00,15.0,35.75,1.05,6.88,3.5,7.78,14.4,0.89,27.22,0.18,1.52,,,,,24.8,72.5,,221.25,,,,710.5,
2024-07-21 13:00:00,10.5,34.25,1.23,6.52,3.5,7.62,14.6,0.9,27.99,0.12,1.55,,,,,24.85,71.0,,215.75,,,,710.0,
2024-07-21 14:00:00,16.0,29.75,1.3,6.32,3.4,7.57,15.95,0.94,27.12,0.2,1.72,,,,,24.98,69.75,,219.0,,,,709.5,
2024-07-21 15:00:00,18.0,23.0,1.23,6.12,3.22,7.68,16.02,1.15,27.01,0.2,1.75,,,,,24.72,71.25,,225.5,,,,709.0,
2024-07-21 16:00:00,13.75,22.5,1.3,6.32,3.42,7.62,15.42,0.91,27.55,0.18,1.62,,,,,23.52,84.25,,221.0,,,,709.75,
2024-07-21 17:00:00,10.75,19.75,1.18,6.3,3.32,7.57,14.95,0.85,27.33,0.2,1.58,,,,,23.28,83.25,,216.25,,,,710.0,
2024-07-21 18:00:00,12.0,17.0,1.2,6.2,3.25,7.9,14.9,0.95,26.51,0.18,1.6,,,,,23.4,81.0,,217.5,,,,710.5,
2024-07-21 19:00:00,10.75,22.25,1.27,6.38,3.45,8.0,14.95,1.0,27.57,0.18,1.62,,,,,23.48,79.75,,213.5,,,,711.0,
2024-07-21 20:00:00,15.5,28.25,1.35,6.12,3.38,7.88,16.4,0.89,27.41,0.2,1.78,,,,,23.4,79.75,,216.25,,,,711.5,
2024-07-21 21:00:00,14.0,26.0,1.35,6.08,3.35,7.62,15.3,0.73,27.51,0.18,1.65,,,,,22.88,86.5,,215.75,,,,712.0,
2024-07-21 22:00:00,,,1.4,6.0,3.32,7.8,12.8,0.83,27.38,0.1,1.3,,,,,22.95,86.25,,223.75,,,,712.0,
2024-07-21 23:00:00,,,1.42,5.95,3.3,7.43,12.82,0.73,27.89,0.1,1.32,,,,,23.02,84.0,,224.25,,,,711.75,
2024-07-22 00:00:00,9.0,15.0,1.2,6.02,3.15,7.32,13.15,0.33,28.02,0.1,1.38,,,,,22.85,84.5,,210.75,,,,711.0,
2024-07-22 01:00:00,11.0,16.0,1.2,5.9,3.1,7.22,11.03,0.45,27.29,0.1,1.13,,,,,22.8,85.0,,215.25,,,,711.0,
2024-07-22 02:00:00,16.0,20.75,1.25,5.75,3.1,7.22,10.25,0.38,28.16,0.1,0.98,,,,,22.75,85.0,,206.5,,,,711.0,
2024-07-22 03:00:00,12.25,25.25,1.23,5.88,3.12,7.18,9.0,0.58,27.62,0.1,0.82,,,,,22.62,85.0,,217.75,,,,710.0,
2024-07-22 04:00:00,10.0,23.0,1.35,6.12,3.32,7.07,8.35,0.65,27.2,0.1,0.72,,,,,22.58,85.0,,213.75,,,,711.0,
2024-07-22 05:00:00,17.0,25.0,1.38,6.05,3.32,7.22,9.78,0.64,27.4,0.1,0.92,,,,,22.6,84.25,,223.25,,,,711.0,
2024-07-22 06:00:00,16.75,25.5,1.15,6.1,3.18,7.72,9.52,0.69,27.01,0.1,0.88,,,,,22.68,83.75,,217.0,,,,711.75,
2024-07-22 07:00:00,15.75,28.0,1.42,5.72,3.2,8.22,9.8,0.56,27.29,0.1,0.92,,,,,22.88,82.25,,223.75,,,,712.25,
2024-07-22 08:00:00,15.75,30.25,1.15,5.92,3.1,8.25,11.72,0.61,27.73,0.1,1.18,,,,,23.3,78.75,,216.0,,,,713.0,
2024-07-22 09:00:00,17.75,28.0,1.27,5.8,3.08,8.12,12.38,0.62,27.56,0.1,1.25,,,,,23.82,74.25,,219.5,,,,713.0,
2024-07-22 10:00:00,17.75,29.0,1.32,5.9,3.22,7.98,12.32,0.82,26.99,0.1,1.27,,,,,24.48,70.0,,219.0,,,,713.0,
2024-07-22 11:00:00,18.0,37.0,1.05,6.42,3.3,7.95,11.35,0.86,27.36,0.1,1.12,,,,,24.72,67.75,,220.25,,,,713.0,
2024-07-22 12:00:00,14.0,47.0,0.98,6.05,3.02,8.07,11.58,0.7,27.7,0.1,1.18,,,,,24.3,72.5,,205.5,,,,713.0,
2024-07-22 13:00:00,17.75,31.75,1.3,5.8,3.18,7.98,11.72,0.7,26.98,0.1,1.2,,,,,24.68,70.0,,215.0,,,,712.25,
2024-07-22 14:00:00,10.75,32.0,1.12,5.72,2.95,7.8,11.42,0.71,27.53,0.1,1.12,,,,,24.85,66.0,,220.5,,,,712.0,
2024-07-22 15:00:00,10.75,34.75,1.2,5.9,3.12,7.9,11.82,0.73,26.96,0.1,1.18,,,,,25.3,64.5,,218.5,,,,711.75,
2024-07-22 16:00:00,15.0,35.75,1.25,5.62,3.02,7.82,11.8,0.46,26.67,0.1,1.2,,,,,25.28,62.0,,221.5,,,,711.0,
2024-07-22 17:00:00,19.0,38.75,1.25,5.82,3.08,7.85,11.92,0.6,26.84,0.1,1.2,,,,,24.65,66.5,,227.0,,,,711.25,
2024-07-22 18:00:00,13.5,32.75,1.23,5.88,3.12,8.48,12.73,0.65,27.63,0.1,1.27,,,,,24.4,68.25,,216.25,,,,712.25,
2024-07-22 19:00:00,15.5,32.75,1.1,6.35,3.28,8.6,12.98,0.72,27.26,0.1,1.38,,,,,24.18,69.75,,226.0,,,,713.0,
2024-07-22 20:00:00,15.25,26.0,1.32,6.43,3.45,8.0,12.98,0.62,27.68,0.1,1.38,,,,,23.75,74.5,,222.5,,,,713.0,
2024-07-22 21:00:00,9.75,23.0,1.32,6.18,3.38,7.62,13.42,0.48,27.01,0.1,1.4,,,,,23.55,76.0,,223.75,,,,714.0,
2024-07-22 22:00:00,8.75,14.0,1.2,6.15,3.25,7.55,14.08,0.47,26.9,0.12,1.5,,,,,23.28,77.75,,227.0,,,,714.0,
2024-07-22 23:00:00,8.5,15.25,1.32,6.1,3.3,7.25,13.62,0.4,27.54,0.1,1.45,,,,,23.18,79.5,,214.5,,,,714.0,
2024-07-23 00:00:00,10.5,17.5,1.27,5.98,3.2,7.28,12.98,0.51,27.87,0.1,1.38,,,,,23.0,81.25,,215.75,,,,713.0,
2024-07-23 01:00:00,11.0,12.0,1.27,5.88,3.15,7.25,11.8,0.57,28.09,0.1,1.17,,,,,22.88,83.0,,214.5,,,,713.0,
2024-07-23 02:00:00,7.5,9.5,1.25,5.78,3.1,7.3,11.32,0.52,27.33,0.1,1.12,,,,,22.82,84.25,,218.5,,,,713.0,
2024-07-23 03:00:00,6.0,11.0,1.2,6.18,3.28,7.22,10.15,0.58,26.63,0.1,1.0,,,,,22.8,85.5,,208.5,,,,712.0,
2024-07-23 04:00:00,8.0,10.0,1.25,6.3,3.32,7.22,10.02,0.57,27.86,0.1,0.95,,,,,22.7,86.75,,210.5,,,,712.0,
2024-07-23 05:00:00,8.0,10.0,1.08,6.1,3.15,7.38,9.9,0.55,27.02,0.1,0.95,,,,,22.7,87.0,,211.25,,,,712.0,
2024-07-23 06:00:00,11.0,22.0,1.08,6.12,3.12,7.58,10.22,0.56,27.63,0.1,0.98,,,,,22.6,88.5,,204.75,,,,713.0,
2024-07-23 07:00:00,12.5,23.0,1.3,5.88,3.2,8.05,10.32,0.32,27.58,0.1,0.98,,,,,22.7,88.5,,212.75,,,,713.75,
2024-07-23 08:00:00,16.25,24.25,1.4,6.0,3.32,8.3,11.58,0.45,27.78,0.1,1.15,,,,,22.92,87.25,,214.25,,,,714.0,
2024-07-23 09:00:00,14.5,24.0,1.1,6.35,3.25,8.45,11.52,0.66,26.79,0.1,1.18,,,,,23.3,84.25,,218.5,,,,714.0,
2024-07-23 10:00:00,17.0,44.0,1.25,6.55,3.5,8.45,11.82,0.74,27.61,0.1,1.18,,,,,23.08,85.25,,222.0,,,,714.0,
2024-07-23 11:00:00,18.25,54.5,1.2,6.68,3.52,8.35,11.95,0.7,26.53,0.1,1.2,,,,,23.52,85.25,,224.75,,,,714.0,
2024-07-23 12:00:00,13.75,40.0,1.27,6.8,3.62,7.72,12.1,0.55,27.4,0.1,1.2,,,,,24.67,74.0,,217.25,,,,713.25,
2024-07-23 13:00:00,14.5,32.5,1.27,6.52,3.5,7.72,11.4,0.51,26.91,0.1,1.15,,,,,25.12,69.0,,213.0,,,,712.75,
2024-07-23 14:00:00,9.75,22.0,1.35,6.25,3.4,7.78,9.65,0.55,27.24,0.1,0.9,,,,,25.32,67.25,,224.75,,,,711.75,
2024-07-23 15:00:00,9.25,30.5,1.2,6.28,3.28,7.68,9.12,0.52,27.07,0.1,0.82,,,,,25.35,66.0,,222.25,,,,711.0,
2024-07-23 16:00:00,11.25,28.25,1.2,5.85,3.05,8.02,10.0,0.56,26.76,0.1,0.95,,,,,25.02,69.25,,210.5,,,,711.0,
2024-07-23 17:00:00,14.75,28.25,1.3,5.98,3.25,8.45,11.58,0.63,26.85,0.1,1.18,,,,,24.72,70.0,,223.0,,,,711.0,
2024-07-23 18:00:00,13.5,33.0,1.2,6.4,3.38,8.12,12.3,0.46,26.97,0.1,1.23,,,,,24.4,71.75,,225.0,,,,712.0,
2024-07-23 19:00:00,13.25,28.5,1.25,6.82,3.65,8.12,11.25,0.74,27.29,0.1,1.12,,,,,24.25,72.25,,220.25,,,,712.5,
2024-07-23 20:00:00,15.75,29.25,1.32,6.62,3.6,8.25,12.22,0.7,27.45,0.1,1.25,,,,,23.88,75.5,,218.75,,,,713.0,
2024-07-23 21:00:00,12.0,18.0,1.5,6.45,3.62,7.75,13.65,0.58,27.03,0.1,1.4,,,,,23.52,79.5,,212.75,,,,713.25,
2024-07-23 22:00:00,,,1.02,6.7,3.42,7.5,12.48,0.55,27.68,0.1,1.27,,,,,23.22,83.0,,218.75,,,,713.0,
2024-07-23 23:00:00,11.0,18.0,1.25,6.4,3.45,7.3,10.92,0.45,28.1,0.1,1.08,,,,,23.2,82.75,,217.5,,,,713.0,
2024-07-24 00:00:00,10.0,16.25,1.23,6.2,3.25,7.2,10.85,0.47,28.22,0.1,1.05,,,,,22.98,84.25,,211.0,,,,713.0,
2024-07-24 01:00:00,7.0,11.0,1.35,5.9,3.22,7.28,8.67,0.57,27.32,0.1,0.8,,,,,22.6,89.0,,222.25,,,,712.0,
2024-07-24 02:00:00,,,1.38,5.98,3.32,7.25,8.62,0.64,26.54,0.1,0.8,,,,,22.45,90.0,,204.5,,,,712.0,
2024-07-24 03:00:00,11.0,12.0,1.1,6.25,3.2,7.1,7.98,0.41,27.09,0.1,0.7,,,,,22.4,90.0,,208.25,,,,712.0,
2024-07-24 04:00:00,11.0,12.0,1.45,6.05,3.42,7.1,7.85,0.45,27.38,0.1,0.68,,,,,22.4,90.0,,211.75,,,,711.5,
2024-07-24 05:00:00,,,1.32,6.18,3.38,7.3,8.15,0.31,27.38,0.1,0.72,,,,,22.32,90.5,,207.25,,,,711.75,
2024-07-24 06:00:00,7.0,10.0,1.23,6.12,3.25,7.52,7.65,0.28,27.72,0.1,0.65,,,,,22.1,91.0,,207.5,,,,712.0,
2024-07-24 07:00:00,7.5,13.25,1.12,6.05,3.12,7.9,7.98,0.41,27.68,0.1,0.7,,,,,22.1,91.0,,208.5,,,,712.25,
2024-07-24 08:00:00,10.0,23.0,1.18,6.05,3.18,8.48,9.38,0.54,27.33,0.1,0.9,,,,,22.4,90.5,,223.0,,,,713.0,
2024-07-24 09:00:00,13.25,22.25,1.23,6.32,3.4,8.4,9.28,0.68,27.1,0.1,0.88,,,,,23.12,85.5,,215.5,,,,712.25,
2024-07-24 10:00:00,14.5,21.5,1.02,6.52,3.32,8.15,8.32,0.58,27.62,0.1,0.75,,,,,23.58,79.5,,217.0,,,,712.0,
2024-07-24 11:00:00,14.5,27.75,1.27,6.43,3.42,8.02,8.75,0.55,27.71,0.1,0.8,,,,,23.72,78.75,,210.75,,,,712.0,
2024-07-24 12:00:00,11.25,33.0,1.2,6.43,3.4,7.98,9.6,0.56,26.83,0.1,0.9,,,,,24.48,73.75,,218.5,,,,711.25,
2024-07-24 13:00:00,15.75,35.0,1.1,6.55,3.38,7.95,8.75,0.54,27.34,0.1,0.8,,,,,24.22,76.25,,224.0,,,,711.0,
2024-07-24 14:00:00,16.0,37.25,1.23,6.78,3.6,7.78,8.88,0.6,27.27,0.1,0.82,,,,,24.5,78.5,,221.75,,,,710.25,
2024-07-24 15:00:00,11.25,29.75,1.27,6.5,3.5,7.85,8.48,0.48,27.46,0.1,0.78,,,,,24.92,70.25,,219.5,,,,709.5,
2024-07-24 16:00:00,14.75,37.75,1.12,6.42,3.32,8.17,8.52,0.46,26.85,0.1,0.78,,,,,23.55,79.75,,218.75,,,,710.0,
2024-07-24 17:00:00,13.0,25.0,1.25,6.68,3.55,8.43,8.48,0.55,27.21,0.1,0.78,,,,,23.48,84.75,,223.5,,,,710.0,
2024-07-24 18:00:00,9.5,16.75,1.05,6.9,3.52,8.35,8.75,0.61,27.26,0.1,0.8,,,,,23.5,81.75,,208.75,,,,710.25,
2024-07-24 19:00:00,8.75,17.25,1.32,6.65,3.62,8.25,9.62,0.64,26.81,0.1,0.9,,,,,23.3,84.75,,212.0,,,,711.0,
2024-07-24 20:00:00,11.25,15.25,1.2,6.95,3.68,8.22,9.02,0.68,26.77,0.1,0.85,,,,,23.32,82.0,,213.5,,,,711.25,
2024-07-24 21:00:00,12.0,25.0,1.27,6.62,3.52,7.65,9.43,0.46,27.47,0.1,0.88,,,,,22.85,85.5,,209.0,,,,712.0,
2024-07-24 22:00:00,,,1.18,6.78,3.58,7.52,8.78,0.44,27.34,0.1,0.8,,,,,22.7,88.25,,214.0,,,,712.0,
2024-07-24 23:00:00,,,1.3,6.62,3.55,7.38,8.93,0.32,27.52,0.1,0.82,,,,,22.65,89.0,,217.5,,,,711.5,
2024-07-25 00:00:00,,,1.5,6.25,3.52,7.15,8.95,0.33,27.71,0.1,0.82,,,,,22.55,89.75,,217.75,,,,710.75,
2024-07-25 01:00:00,,,1.38,6.18,3.4,7.07,13.0,0.36,27.46,0.1,1.33,,,,,22.5,90.5,,218.0,,,,710.0,
2024-07-25 02:00:00,,,1.27,6.12,3.3,7.15,15.05,0.55,27.26,0.2,1.6,,,,,22.4,91.0,,207.0,,,,710.0,
2024-07-25 03:00:00,,,1.25,6.2,3.32,7.12,14.22,0.32,27.19,0.12,1.52,,,,,22.3,91.0,,205.25,,,,710.0,
2024-07-25 04:00:00,,,1.38,6.08,3.35,7.1,13.3,0.47,26.91,0.1,1.4,,,,,22.3,91.25,,211.0,,,,710.0,
2024-07-25 05:00:00,,,1.2,6.15,3.25,7.18,14.85,0.39,27.12,0.18,1.58,,,,,22.28,92.0,,211.75,,,,709.5,
2024-07-25 06:00:00,,,1.35,6.0,3.25,7.4,14.58,0.49,27.2,0.2,1.5,,,,,22.25,91.5,,206.25,,,,710.0,
2024-07-25 07:00:00,6.0,7.0,1.2,5.8,3.08,7.88,15.98,0.63,27.47,0.2,1.72,,,,,22.4,90.75,,208.25,,,,710.25,
2024-07-25 08:00:00,7.0,8.25,1.38,5.8,3.15,8.3,16.2,0.8,27.52,0.2,1.78,,,,,22.65,90.0,,224.5,,,,711.0,
2024-07-25 09:00:00,10.75,14.25,1.27,6.1,3.22,8.68,16.48,1.0,27.32,0.2,1.82,,,,,23.25,86.75,,224.0,,,,711.0,
2024-07-25 10:00:00,12.0,22.0,1.4,6.28,3.48,8.2,16.92,0.92,27.22,0.2,1.85,,,,,24.1,78.0,,215.25,,,,710.75,
2024-07-25 11:00:00,9.0,25.0,1.3,6.28,3.4,7.85,17.35,0.72,27.14,0.2,1.9,,,,,24.17,74.25,,225.0,,,,710.5,
2024-07-25 12:00:00,8.0,19.0,1.3,6.18,3.38,7.78,17.23,0.72,27.15,0.2,1.88,,,,,24.6,71.25,,219.5,,,,710.0,
2024-07-25 13:00:00,9.25,17.75,1.32,5.95,3.22,7.9,16.2,0.73,26.56,0.2,1.78,,,,,24.75,70.75,,220.75,,,,709.0,
2024-07-25 14:00:00,14.5,17.75,1.27,6.18,3.3,7.88,16.7,0.61,26.81,0.2,1.82,,,,,24.05,79.75,,230.75,,,,709.0,
2024-07-25 15:00:00,16.25,25.5,1.2,6.52,3.42,7.72,16.35,0.8,26.56,0.2,1.8,,,,,23.4,85.25,,222.25,,,,709.0,
2024-07-25 16:00:00,7.75,15.5,1.33,6.18,3.35,7.9,16.52,0.84,27.01,0.2,1.78,,,,,23.6,79.75,,226.5,,,,709.0,
2024-07-25 17:00:00,7.0,16.0,1.32,6.4,3.45,7.93,16.25,0.72,27.57,0.2,1.78,,,,,23.6,81.0,,211.75,,,,709.0,
2024-07-25 18:00:00,9.0,16.75,1.55,6.18,3.55,8.1,16.45,0.91,26.97,0.2,1.8,,,,,23.45,80.5,,225.25,,,,709.0,
2024-07-25 19:00:00,14.5,26.0,1.15,6.4,3.35,8.28,17.75,0.84,27.5,0.2,1.95,,,,,23.3,79.75,,222.0,,,,710.0,
2024-07-25 20:00:00,13.75,21.25,1.15,6.4,3.32,8.32,17.23,0.58,27.52,0.2,1.88,,,,,23.2,81.75,,224.25,,,,709.75,
2024-07-25 21:00:00,15.25,23.75,1.38,6.4,3.52,8.25,17.62,0.84,27.36,0.2,1.92,,,,,23.2,82.75,,216.25,,,,710.75,
2024-07-25 22:00:00,13.0,20.0,1.27,6.48,3.48,7.55,16.88,0.81,27.31,0.2,1.85,,,,,23.25,81.5,,225.5,,,,711.0,
2024-07-25 23:00:00,7.0,8.0,1.38,6.25,3.45,7.43,16.95,0.78,27.2,0.2,1.82,,,,,23.12,83.0,,218.75,,,,711.0,
2024-07-26 00:00:00,7.0,8.0,1.23,6.25,3.3,7.3,17.18,0.42,27.42,0.2,1.88,,,,,22.88,87.25,,215.0,,,,710.25,
2024-07-26 01:00:00,,,1.38,6.05,3.35,7.3,13.1,0.4,27.15,0.1,1.37,,,,,22.82,88.0,,213.5,,,,709.5,
2024-07-26 02:00:00,,,1.3,6.0,3.22,7.3,12.02,0.56,27.3,0.1,1.23,,,,,22.75,88.25,,212.0,,,,709.0,
2024-07-26 03:00:00,9.0,13.0,1.23,6.1,3.25,7.25,11.15,0.52,27.2,0.1,1.1,,,,,22.75,88.75,,219.25,,,,709.0,
2024-07-26 04:00:00,9.0,13.0,1.32,6.22,3.38,7.12,10.58,0.44,27.53,0.1,1.02,,,,,22.8,88.5,,215.75,,,,709.0,
2024-07-26 05:00:00,6.0,15.0,1.18,6.2,3.25,7.3,10.4,0.46,27.04,0.1,1.03,,,,,22.78,88.25,,223.5,,,,709.5,
2024-07-26 06:00:00,6.0,15.0,1.27,6.3,3.38,7.57,10.62,0.62,27.04,0.1,1.05,,,,,22.7,89.0,,216.5,,,,709.25,
2024-07-26 07:00:00,,,1.1,6.08,3.12,7.65,10.65,0.62,27.12,0.1,1.05,,,,,22.95,86.75,,226.0,,,,710.0,
2024-07-26 08:00:00,8.0,18.0,1.27,5.88,3.12,7.85,11.55,0.64,27.24,0.1,1.15,,,,,23.45,80.75,,220.75,,,,710.25,
2024-07-26 09:00:00,8.75,20.0,1.38,6.25,3.45,7.98,10.95,0.79,26.94,0.1,1.08,,,,,23.65,80.25,,221.25,,,,710.75,
2024-07-26 10:00:00,11.5,23.75,1.23,6.4,3.4,8.07,12.3,0.77,27.17,0.1,1.25,,,,,23.8,79.0,,217.5,,,,711.0,
2024-07-26 11:00:00,12.25,19.25,1.15,6.4,3.35,8.12,12.82,0.82,27.17,0.1,1.35,,,,,24.38,75.75,,219.75,,,,711.0,
2024-07-26 12:00:00,10.75,26.25,1.2,6.3,3.3,7.85,12.18,0.74,27.36,0.1,1.27,,,,,24.8,71.75,,216.5,,,,710.0,
2024-07-26 13:00:00,13.25,27.0,1.38,6.0,3.3,7.85,13.08,0.74,27.18,0.1,1.38,,,,,25.12,67.0,,224.0,,,,709.75,
2024-07-26 14:00:00,13.5,28.0,1.23,5.88,3.12,7.8,12.2,0.77,26.95,0.1,1.25,,,,,25.25,66.0,,221.75,,,,708.75,
2024-07-26 15:00:00,13.0,32.25,1.05,6.0,3.02,8.0,12.72,0.74,26.66,0.1,1.3,,,,,24.8,71.25,,217.0,,,,708.0,
2024-07-26 16:00:00,16.0,36.25,1.23,6.28,3.3,7.9,12.6,0.7,26.87,0.1,1.3,,,,,24.48,74.25,,217.75,,,,708.25,
2024-07-26 17:00:00,15.5,36.75,1.12,6.5,3.38,7.72,12.0,0.64,26.82,0.1,1.23,,,,,24.45,72.75,,218.25,,,,709.0,
2024-07-26 18:00:00,14.0,36.0,1.05,6.8,3.48,8.15,11.58,0.82,26.61,0.1,1.18,,,,,23.75,80.5,,225.25,,,,710.0,
2024-07-26 19:00:00,14.0,26.0,1.25,6.2,3.35,8.35,13.42,0.71,27.29,0.1,1.42,,,,,23.82,78.5,,222.25,,,,710.0,
2024-07-26 20:00:00,13.75,24.75,1.32,6.1,3.32,8.35,13.25,0.61,27.04,0.1,1.38,,,,,23.3,85.0,,221.0,,,,711.0,
2024-07-26 21:00:00,12.5,20.0,1.38,6.1,3.38,8.12,12.9,0.62,26.9,0.1,1.3,,,,,23.2,86.25,,221.25,,,,711.75,
2024-07-26 22:00:00,11.75,18.25,1.15,6.28,3.28,8.2,13.88,0.51,27.35,0.1,1.45,,,,,23.3,83.5,,223.0,,,,712.0,
2024-07-26 23:00:00,14.0,22.5,1.18,6.32,3.35,7.6,14.28,0.45,26.83,0.15,1.5,,,,,23.2,83.75,,215.25,,,,712.0,
2024-07-27 00:00:00,12.5,20.75,1.23,6.3,3.35,7.28,11.65,0.4,26.98,0.1,1.18,,,,,22.98,86.25,,214.5,,,,712.0,
2024-07-27 01:00:00,7.75,10.5,1.35,5.92,3.22,7.22,11.23,0.57,27.16,0.1,1.13,,,,,22.85,88.0,,219.0,,,,711.0,
2024-07-27 02:00:00,7.0,9.0,1.1,5.92,3.05,7.18,10.42,0.53,27.5,0.1,1.0,,,,,22.7,89.25,,218.25,,,,710.5,
2024-07-27 03:00:00,,,1.15,6.2,3.25,7.07,9.25,0.55,26.48,0.1,0.88,,,,,22.65,89.25,,222.25,,,,710.0,
2024-07-27 04:00:00,8.0,9.0,1.0,6.15,3.1,7.18,9.75,0.51,27.07,0.1,0.92,,,,,22.62,88.25,,213.5,,,,710.0,
2024-07-27 05:00:00,8.0,9.0,1.23,6.2,3.28,7.25,9.65,0.56,27.58,0.1,0.9,,,,,22.68,87.75,,216.75,,,,711.0,
2024-07-27 06:00:00,7.0,12.0,1.23,6.08,3.25,7.48,9.55,0.63,27.01,0.1,0.88,,,,,22.7,87.75,,218.25,,,,711.0,
2024-07-27 07:00:00,7.0,12.0,1.15,5.7,2.98,7.8,10.32,0.45,27.72,0.1,1.0,,,,,22.9,87.0,,226.25,,,,711.0,
2024-07-27 08:00:00,9.0,17.0,1.32,5.4,2.92,7.98,11.7,0.55,27.49,0.1,1.18,,,,,23.32,81.5,,217.75,,,,711.25,
2024-07-27 09:00:00,10.75,18.0,1.27,5.52,2.98,8.02,11.68,0.5,27.35,0.1,1.18,,,,,23.5,79.75,,225.0,,,,712.0,
2024-07-27 10:00:00,15.75,24.75,1.23,6.6,3.52,8.0,9.6,0.41,26.54,0.1,0.9,,,,,24.1,73.75,,225.5,,,,712.0,
2024-07-27 11:00:00,13.25,35.0,1.3,7.0,3.78,7.62,7.8,0.6,28.2,0.1,0.68,,,,,24.7,66.5,,224.75,,,,711.25,
2024-07-27 12:00:00,9.0,38.0,1.48,5.92,3.32,8.0,10.35,0.44,27.4,0.1,1.0,,,,,25.32,58.0,,232.0,,,,710.5,
2024-07-27 13:00:00,13.75,54.25,1.08,6.05,3.1,7.95,10.22,0.44,26.94,0.1,1.0,,,,,25.92,53.0,,221.5,,,,709.75,
2024-07-27 14:00:00,18.75,47.5,1.27,5.8,3.12,7.98,9.78,0.43,27.44,0.1,0.92,,,,,25.95,53.0,,227.75,,,,709.0,
2024-07-27 15:00:00,18.25,45.25,1.15,5.78,3.0,8.15,11.08,0.42,26.99,0.1,1.1,,,,,25.85,55.25,,218.25,,,,709.0,
2024-07-27 16:00:00,17.0,53.5,1.42,5.82,3.28,8.02,11.0,0.46,27.69,0.1,1.1,,,,,25.78,55.0,,226.0,,,,709.0,
2024-07-27 17:00:00,12.5,55.0,1.15,5.9,3.08,8.1,12.28,0.29,27.04,0.1,1.25,,,,,25.38,57.0,,223.75,,,,709.0,
2024-07-27 18:00:00,17.5,46.0,1.08,5.9,3.02,8.02,11.1,0.37,26.68,0.1,1.08,,,,,24.55,59.75,,234.5,,,,710.0,
2024-07-27 19:00:00,18.5,43.75,1.1,5.9,3.02,8.15,11.45,0.4,26.89,0.1,1.12,,,,,24.12,61.5,,218.0,,,,710.75,
2024-07-27 20:00:00,15.75,35.25,1.23,5.78,3.05,8.05,9.57,0.35,27.58,0.1,0.9,,,,,23.85,60.75,,219.0,,,,711.0,
2024-07-27 21:00:00,11.75,29.75,1.42,5.6,3.12,8.15,10.92,0.47,28.3,0.1,1.08,,,,,23.6,62.75,,221.75,,,,711.75,
2024-07-27 22:00:00,10.5,28.0,1.25,5.68,3.02,8.1,11.0,0.5,27.72,0.1,1.1,,,,,23.32,67.25,,218.75,,,,712.0,
2024-07-27 23:00:00,10.0,23.75,1.2,5.85,3.05,7.62,12.68,0.47,27.06,0.1,1.3,,,,,23.1,72.75,,218.5,,,,711.25,
2024-07-28 00:00:00,11.75,19.25,1.18,5.78,3.0,7.4,11.9,0.22,28.1,0.1,1.2,,,,,22.95,74.25,,215.75,,,,710.75,
2024-07-28 01:00:00,7.75,17.5,1.32,5.45,2.92,7.45,11.33,0.13,27.31,0.1,1.13,,,,,22.9,74.5,,218.5,,,,710.0,
2024-07-28 02:00:00,7.5,19.25,1.25,5.4,2.88,7.4,11.4,0.06,26.45,0.1,1.15,,,,,22.8,75.25,,221.5,,,,709.25,
2024-07-28 03:00:00,9.0,18.75,1.3,5.5,2.95,7.28,9.92,0.08,26.94,0.1,0.95,,,,,22.8,76.0,,210.0,,,,709.0,
2024-07-28 04:00:00,9.75,14.5,1.1,5.88,3.0,7.18,10.12,0.06,27.5,0.1,0.95,,,,,22.8,77.5,,222.0,,,,708.75,
2024-07-28 05:00:00,11.25,15.75,1.18,5.72,3.0,7.32,10.07,0.12,27.26,0.1,0.95,,,,,22.8,78.75,,214.5,,,,709.0,
2024-07-28 06:00:00,9.25,23.5,1.23,5.78,3.02,7.6,9.82,0.13,27.62,0.1,0.92,,,,,22.8,79.75,,211.5,,,,709.25,
2024-07-28 07:00:00,9.75,23.5,1.3,5.5,2.98,7.88,10.88,0.1,27.85,0.1,1.05,,,,,22.9,80.5,,203.75,,,,710.0,
2024-07-28 08:00:00,12.0,28.75,1.4,5.28,2.95,8.0,10.52,0.06,27.62,0.1,1.05,,,,,23.15,78.75,,214.75,,,,710.75,
2024-07-28 09:00:00,19.75,30.25,1.23,5.35,2.82,8.02,10.82,0.06,27.38,0.1,1.08,,,,,23.38,77.75,,216.0,,,,711.0,
2024-07-28 10:00:00,16.0,27.75,1.38,5.5,3.02,8.05,10.6,0.23,28.04,0.1,1.02,,,,,23.82,75.25,,221.5,,,,710.0,
2024-07-28 11:00:00,16.75,30.5,1.4,5.32,2.95,8.07,11.35,0.3,27.04,0.1,1.12,,,,,24.0,73.5,,213.25,,,,709.75,
2024-07-28 12:00:00,16.75,37.75,1.35,5.52,3.05,8.12,11.88,0.3,27.56,0.1,1.2,,,,,24.1,73.75,,206.5,,,,709.0,
2024-07-28 13:00:00,10.75,29.5,1.02,5.82,2.9,8.05,9.93,0.3,27.83,0.1,0.92,,,,,24.5,71.0,,209.25,,,,708.75,
2024-07-28 14:00:00,12.75,37.0,1.1,5.75,2.98,8.0,11.42,0.19,28.08,0.1,1.15,,,,,24.7,69.5,,219.75,,,,708.0,
2024-07-28 15:00:00,13.0,44.0,1.15,5.68,2.92,7.9,11.18,0.15,26.56,0.1,1.1,,,,,24.48,71.0,,205.0,,,,707.75,
2024-07-28 16:00:00,15.75,42.25,1.18,5.52,2.88,7.9,11.05,0.12,26.65,0.1,1.12,,,,,24.68,69.5,,217.25,,,,707.0,
2024-07-28 17:00:00,17.0,53.25,1.27,5.45,2.92,8.0,10.22,0.12,26.62,0.1,0.98,,,,,24.48,71.0,,219.25,,,,707.0,
2024-07-28 18:00:00,21.75,45.0,1.23,5.68,3.0,8.02,11.1,0.16,26.92,0.1,1.1,,,,,24.18,73.0,,223.25,,,,708.0,
2024-07-28 19:00:00,18.0,34.25,1.05,5.8,2.95,8.1,11.05,0.11,27.2,0.1,1.12,,,,,23.82,76.25,,217.75,,,,709.0,
2024-07-28 20:00:00,16.5,30.25,1.32,5.8,3.15,8.0,11.7,0.14,27.15,0.1,1.2,,,,,23.58,79.25,,211.0,,,,709.0,
2024-07-28 21:00:00,13.25,32.5,1.25,5.8,3.1,7.78,11.75,0.08,27.03,0.1,1.2,,,,,23.38,79.75,,202.75,,,,709.75,
2024-07-28 22:00:00,15.0,27.25,1.08,5.82,2.98,7.65,12.68,0.14,28.11,0.1,1.3,,,,,23.28,78.5,,211.25,,,,709.5,
2024-07-28 23:00:00,9.75,26.75,1.1,5.65,2.92,7.62,13.2,0.06,27.01,0.1,1.4,,,,,23.18,77.0,,200.5,,,,709.0,
2024-07-29 00:00:00,12.25,30.75,1.35,5.42,3.0,7.48,12.15,0.11,27.4,0.1,1.23,,,,,23.0,78.0,,206.5,,,,708.25,
2024-07-29 01:00:00,13.0,25.25,1.27,5.3,2.85,7.45,12.5,0.15,28.07,0.1,1.27,,,,,22.6,81.5,,203.5,,,,708.0,
2024-07-29 02:00:00,12.25,19.0,1.27,5.42,2.9,7.35,11.55,0.07,27.25,0.1,1.15,,,,,22.48,84.5,,208.75,,,,707.0,
2024-07-29 03:00:00,10.0,16.0,1.23,5.65,3.02,7.25,11.7,0.09,28.22,0.1,1.18,,,,,22.55,86.25,,204.25,,,,707.0,
2024-07-29 04:00:00,,,1.23,5.82,3.08,7.18,11.02,0.06,26.88,0.1,1.08,,,,,22.58,87.0,,210.5,,,,707.0,
2024-07-29 05:00:00,8.0,16.0,1.18,5.85,3.05,7.28,11.05,0.05,27.72,0.1,1.1,,,,,22.6,87.5,,205.5,,,,707.5,
2024-07-29 06:00:00,9.0,20.25,1.25,5.75,3.05,7.5,10.32,0.18,27.7,0.1,1.0,,,,,22.6,88.0,,206.0,,,,708.0,
2024-07-29 07:00:00,13.75,30.5,1.08,5.42,2.75,8.1,12.9,0.28,27.49,0.1,1.35,,,,,22.68,88.0,,219.5,,,,708.5,
2024-07-29 08:00:00,18.5,27.5,1.27,5.35,2.88,8.17,13.05,0.44,26.3,0.1,1.35,,,,,23.1,86.0,,205.25,,,,709.0,
2024-07-29 09:00:00,19.25,42.5,1.08,5.7,2.95,8.33,13.32,0.49,26.74,0.1,1.4,,,,,23.92,79.25,,215.5,,,,709.0,
2024-07-29 10:00:00,24.25,50.5,1.2,5.9,3.08,8.28,14.02,0.46,26.84,0.12,1.48,,,,,24.6,74.25,,215.75,,,,709.0,
2024-07-29 11:00:00,18.0,58.25,1.27,5.85,3.12,8.07,14.25,0.39,27.36,0.12,1.5,,,,,25.08,69.75,,218.0,,,,709.0,
2024-07-29 12:00:00,15.0,53.0,1.3,5.98,3.2,8.05,12.82,0.41,27.21,0.1,1.32,,,,,25.3,67.75,,220.0,,,,708.0,
2024-07-29 13:00:00,17.5,62.5,1.23,5.95,3.15,8.05,14.05,0.46,27.57,0.15,1.5,,,,,25.68,64.75,,218.25,,,,707.75,
2024-07-29 14:00:00,25.25,63.0,1.15,5.93,3.1,7.9,12.9,0.24,27.1,0.1,1.3,,,,,25.75,64.75,,222.75,,,,707.0,
2024-07-29 15:00:00,24.75,59.25,1.3,5.88,3.15,7.95,12.78,0.22,26.72,0.1,1.32,,,,,25.85,64.5,,214.25,,,,707.0,
2024-07-29 16:00:00,20.25,55.0,1.27,5.68,3.08,7.9,13.68,0.23,26.78,0.1,1.45,,,,,25.22,69.25,,207.75,,,,707.0,
2024-07-29 17:00:00,19.25,52.5,1.4,5.72,3.2,8.05,13.6,0.26,26.87,0.1,1.42,,,,,24.68,72.25,,202.5,,,,707.0,
2024-07-29 18:00:00,24.0,62.5,1.3,5.92,3.25,8.28,13.1,0.41,27.18,0.1,1.38,,,,,24.68,73.0,,203.0,,,,707.75,
2024-07-29 19:00:00,24.5,59.5,0.98,6.1,3.05,8.45,13.42,0.44,27.46,0.1,1.42,,,,,24.42,72.75,,217.0,,,,709.0,
2024-07-29 20:00:00,16.75,51.5,1.23,5.8,3.05,8.45,13.78,0.44,27.05,0.12,1.45,,,,,24.18,74.0,,224.0,,,,709.75,
2024-07-29 21:00:00,18.0,44.5,1.18,6.12,3.2,8.35,14.25,0.46,27.23,0.12,1.5,,,,,23.9,78.75,,207.25,,,,710.25,
2024-07-29 22:00:00,21.5,50.0,1.38,6.28,3.42,7.65,15.15,0.36,27.98,0.18,1.62,,,,,23.65,83.75,,203.0,,,,711.0,
2024-07-29 23:00:00,13.25,33.0,1.25,6.35,3.4,7.35,14.25,0.32,27.27,0.15,1.5,,,,,23.42,85.25,,207.75,,,,711.0,
2024-07-30 00:00:00,11.5,25.0,1.3,6.12,3.32,7.28,13.82,0.24,27.96,0.12,1.45,,,,,23.22,86.0,,209.25,,,,711.0,
2024-07-30 01:00:00,12.25,17.25,1.32,5.9,3.22,7.28,12.3,0.21,27.8,0.1,1.23,,,,,22.9,87.5,,210.0,,,,710.0,
2024-07-30 02:00:00,10.0,12.0,1.15,5.95,3.05,7.28,12.52,0.31,27.95,0.1,1.3,,,,,22.8,89.75,,210.75,,,,710.0,
2024-07-30 03:00:00,,,1.27,6.08,3.22,7.12,11.2,0.3,26.14,0.1,1.12,,,,,22.72,90.0,,202.25,,,,710.0,
2024-07-30 04:00:00,,,1.3,5.98,3.22,7.07,10.12,0.33,27.36,0.1,0.98,,,,,22.65,90.75,,203.25,,,,710.25,
2024-07-30 05:00:00,,,1.3,5.85,3.15,7.22,11.08,0.48,27.8,0.1,1.1,,,,,22.55,91.0,,199.5,,,,711.0,
2024-07-30 06:00:00,10.0,14.0,1.52,5.65,3.22,7.45,11.15,0.48,27.14,0.1,1.1,,,,,22.52,91.0,,205.75,,,,711.0,
2024-07-30 07:00:00,9.5,14.5,1.3,5.62,3.05,7.8,11.32,0.54,28.09,0.1,1.12,,,,,22.65,90.25,,213.5,,,,712.0,
2024-07-30 08:00:00,10.25,16.75,1.23,5.55,2.92,8.28,11.72,0.55,26.92,0.1,1.2,,,,,23.05,87.5,,216.0,,,,712.5,
2024-07-30 09:00:00,15.5,18.25,1.27,5.65,3.02,8.25,11.72,0.55,26.79,0.1,1.18,,,,,23.28,84.75,,208.75,,,,713.0,
2024-07-30 10:00:00,11.0,16.25,1.15,5.82,3.02,8.2,12.75,0.57,27.51,0.1,1.3,,,,,23.22,84.25,,208.5,,,,713.0,
2024-07-30 11:00:00,11.0,17.0,1.18,5.75,2.98,8.02,11.8,0.47,27.35,0.1,1.15,,,,,23.5,82.25,,205.25,,,,712.5,
2024-07-30 12:00:00,,,1.15,5.82,3.05,7.95,11.77,0.46,27.12,0.1,1.2,,,,,24.0,77.75,,222.75,,,,711.5,
2024-07-30 13:00:00,8.0,18.0,1.42,5.7,3.15,7.85,11.4,0.44,26.77,0.1,1.1,,,,,24.6,74.5,,207.5,,,,711.0,
2024-07-30 14:00:00,9.75,20.0,1.25,5.78,3.08,7.9,11.28,0.46,27.35,0.1,1.12,,,,,25.05,69.5,,218.25,,,,711.0,
2024-07-30 15:00:00,15.0,27.25,1.38,5.72,3.18,8.0,11.78,0.45,27.39,0.1,1.18,,,,,25.12,69.25,,213.75,,,,710.75,
2024-07-30 16:00:00,14.5,30.5,1.25,5.9,3.15,8.05,11.88,0.44,27.16,0.1,1.23,,,,,24.8,72.75,,204.0,,,,710.25,
2024-07-30 17:00:00,13.0,29.0,1.38,5.8,3.2,7.92,12.95,0.46,27.09,0.1,1.35,,,,,22.88,86.25,,214.5,,,,711.75,
2024-07-30 18:00:00,17.0,21.0,1.18,6.0,3.12,8.33,12.58,0.57,26.84,0.1,1.3,,,,,22.75,90.0,,212.25,,,,712.0,
2024-07-30 19:00:00,16.0,22.25,1.18,6.12,3.18,8.78,12.78,0.76,26.84,0.1,1.3,,,,,22.75,90.0,,212.0,,,,712.75,
2024-07-30 20:00:00,14.25,27.5,1.18,6.28,3.3,8.95,12.3,0.74,27.73,0.1,1.23,,,,,22.7,89.5,,223.75,,,,713.0,
2024-07-30 21:00:00,17.0,29.0,1.4,6.45,3.58,8.28,14.42,0.6,27.52,0.18,1.5,,,,,22.7,89.0,,212.75,,,,713.5,
2024-07-30 22:00:00,14.0,20.0,1.23,6.52,3.48,7.62,14.0,0.32,28.44,0.12,1.48,,,,,22.65,89.0,,203.75,,,,713.25,
2024-07-30 23:00:00,7.0,11.0,1.3,6.25,3.35,7.38,13.38,0.28,27.12,0.1,1.4,,,,,22.52,88.5,,216.5,,,,713.0,
2024-07-31 00:00:00,6.5,12.5,1.08,6.15,3.15,7.48,12.72,0.48,27.24,0.1,1.3,,,,,22.5,88.75,,223.0,,,,713.0,
2024-07-31 01:00:00,6.75,16.75,1.27,5.92,3.18,7.3,14.6,0.62,27.57,0.17,1.53,,,,,22.5,89.0,,214.5,,,,712.0,
2024-07-31 02:00:00,12.5,15.75,1.25,5.9,3.15,7.28,15.15,0.66,27.68,0.2,1.62,,,,,22.4,89.25,,222.25,,,,711.25,
2024-07-31 03:00:00,13.75,15.25,1.23,6.15,3.3,7.18,14.2,0.84,27.12,0.15,1.5,,,,,22.4,90.0,,217.5,,,,711.0,
2024-07-31 04:00:00,13.0,16.0,1.3,6.25,3.35,7.2,13.52,0.97,27.42,0.1,1.4,,,,,22.48,90.0,,220.75,,,,711.5,
2024-07-31 05:00:00,,,1.1,6.35,3.3,7.25,12.72,0.87,27.52,0.1,1.3,,,,,22.58,90.0,,212.25,,,,712.0,
2024-07-31 06:00:00,11.0,26.0,1.08,6.25,3.18,7.7,13.5,0.94,27.44,0.1,1.4,,,,,22.5,90.0,,211.5,,,,712.25,
2024-07-31 07:00:00,10.75,26.25,1.15,5.85,3.05,8.07,14.1,1.02,28.0,0.15,1.52,,,,,22.55,90.0,,210.75,,,,713.0,
2024-07-31 08:00:00,11.5,28.25,1.3,5.85,3.2,8.15,15.32,1.01,27.08,0.2,1.65,,,,,22.8,88.25,,209.0,,,,713.5,
2024-07-31 09:00:00,17.5,37.0,1.42,5.68,3.2,8.4,15.2,1.3,27.54,0.2,1.62,,,,,23.15,85.5,,211.25,,,,714.0,
2024-07-31 10:00:00,20.75,48.0,1.12,6.28,3.25,8.32,15.18,1.26,28.96,0.2,1.6,,,,,23.88,79.75,,211.25,,,,714.0,
2024-07-31 11:00:00,17.75,36.5,1.0,6.58,3.32,8.0,14.82,1.22,28.6,0.15,1.58,,,,,24.1,78.25,,212.0,,,,713.0,
2024-07-31 12:00:00,18.25,37.5,1.45,6.12,3.45,7.9,15.22,1.21,27.42,0.18,1.6,,,,,24.68,74.0,,217.5,,,,712.5,
2024-07-31 13:00:00,15.25,36.25,1.52,6.0,3.42,7.95,14.88,1.25,27.25,0.2,1.58,,,,,24.92,72.25,,215.5,,,,712.0,
2024-07-31 14:00:00,21.25,37.25,1.45,5.9,3.32,7.95,14.3,1.23,26.8,0.12,1.5,,,,,25.28,69.75,,208.0,,,,711.25,
2024-07-31 15:00:00,21.0,41.5,1.25,6.28,3.38,7.7,15.2,1.07,28.5,0.2,1.65,,,,,25.58,66.75,,204.75,,,,711.0,
2024-07-31 16:00:00,27.75,48.75,1.3,6.72,3.6,7.68,17.1,0.96,26.52,0.2,1.9,,,,,25.7,65.75,,209.0,,,,710.25,
2024-07-31 17:00:00,29.5,42.25,1.3,7.75,4.2,7.95,12.08,0.83,27.75,0.1,1.25,,,,,25.05,69.25,,198.75,,,,710.75,
2024-07-31 18:00:00,24.5,47.25,1.38,7.25,3.95,9.43,14.6,0.98,27.01,0.15,1.58,,,,,22.65,86.0,,216.25,,,,712.5,
2024-07-31 19:00:00,13.5,29.5,1.35,7.08,3.88,8.32,13.82,0.78,27.32,0.12,1.42,,,,,22.58,89.5,,217.0,,,,713.0,
2024-07-31 20:00:00,11.25,18.5,1.15,7.12,3.75,8.28,13.72,0.86,27.28,0.1,1.42,,,,,22.5,90.0,,197.0,,,,714.0,
2024-07-31 21:00:00,9.5,15.75,1.3,6.88,3.7,7.62,14.7,0.6,28.18,0.18,1.58,,,,,22.55,91.0,,200.75,,,,714.75,
2024-07-31 22:00:00,11.0,12.0,1.23,6.65,3.55,7.38,14.18,0.56,27.42,0.12,1.5,,,,,22.5,91.25,,199.0,,,,715.0,
2024-07-31 23:00:00,,,1.1,6.63,3.43,7.13,14.1,0.48,27.4,0.13,1.5,,,,,22.4,92.0,,213.67,,,,714.33,
2024-08-01 00:00:00,4.0,9.0,1.38,6.07,3.35,7.18,14.0,0.64,27.11,0.12,1.45,,,,,22.4,92.0,,208.75,,,,714.0,
2024-08-01 01:00:00,4.0,9.0,1.4,5.9,3.28,7.2,14.57,0.5,26.94,0.17,1.53,,,,,22.42,91.75,,220.0,,,,712.75,
2024-08-01 02:00:00,,,1.23,5.92,3.12,7.22,14.48,0.66,27.43,0.15,1.55,,,,,22.5,91.0,,221.5,,,,711.5,
2024-08-01 03:00:00,10.0,21.0,1.25,5.88,3.15,7.3,14.65,0.88,27.41,0.15,1.55,,,,,22.4,91.0,,207.75,,,,711.0,
2024-08-01 04:00:00,11.0,20.75,1.23,6.05,3.2,7.15,14.95,0.54,27.65,0.2,1.58,,,,,22.4,91.0,,222.75,,,,711.0,
2024-08-01 05:00:00,13.25,18.0,1.5,5.75,3.25,7.3,14.72,0.69,26.6,0.18,1.55,,,,,22.35,91.0,,222.25,,,,711.0,
2024-08-01 06:00:00,10.5,13.5,1.23,5.9,3.12,7.72,15.75,0.8,27.32,0.2,1.7,,,,,22.3,90.75,,219.0,,,,711.75,
2024-08-01 07:00:00,10.0,17.75,1.3,5.52,3.0,7.98,15.0,0.42,27.3,0.18,1.6,,,,,22.3,89.75,,212.0,,,,712.0,
2024-08-01 08:00:00,14.75,18.25,1.25,5.62,3.02,8.1,14.6,0.5,27.64,0.35,1.58,,,,,22.62,87.5,,207.75,,,,713.0,
2024-08-01 09:00:00,18.75,24.0,1.5,5.62,3.2,8.17,14.42,0.61,27.96,0.4,1.52,,,,,23.08,83.5,,202.75,,,,713.5,
2024-08-01 10:00:00,17.75,36.5,1.27,5.8,3.1,8.15,14.9,0.57,27.52,0.43,1.6,,,,,23.68,78.75,,204.75,,,,714.0,
2024-08-01 11:00:00,23.75,54.75,1.18,6.15,3.2,7.95,14.98,0.54,27.02,0.4,1.6,,,,,24.32,73.75,,215.5,,,,713.0,
2024-08-01 12:00:00,18.5,55.5,1.05,6.2,3.15,7.88,14.85,0.78,27.77,0.4,1.58,,,,,24.62,71.5,,220.25,,,,712.75,
2024-08-01 13:00:00,20.25,60.0,1.35,5.9,3.25,8.0,15.55,0.7,27.49,0.5,1.7,,,,,24.9,70.0,,217.75,,,,712.0,
2024-08-01 14:00:00,14.25,38.5,1.23,6.02,3.2,7.9,15.48,0.69,27.23,0.5,1.7,,,,,25.1,69.5,,207.25,,,,711.5,
2024-08-01 15:00:00,20.5,50.5,1.27,5.82,3.12,8.07,14.85,0.63,26.62,0.43,1.6,,,,,25.52,66.5,,212.25,,,,711.0,
2024-08-01 16:00:00,17.5,38.25,1.23,6.18,3.28,7.85,14.75,0.67,26.88,0.4,1.58,,,,,25.42,67.75,,204.75,,,,711.0,
2024-08-01 17:00:00,13.75,37.25,1.15,6.2,3.25,7.72,14.9,0.75,26.83,0.4,1.6,,,,,24.38,77.0,,205.5,,,,711.25,
2024-08-01 18:00:00,15.75,23.0,1.15,6.22,3.25,8.0,14.4,0.72,27.0,0.4,1.5,,,,,23.92,80.75,,209.0,,,,712.0,
2024-08-01 19:00:00,15.25,22.25,1.3,6.3,3.4,8.15,15.18,0.56,27.06,0.45,1.62,,,,,23.82,81.5,,206.25,,,,713.0,
2024-08-01 20:00:00,14.5,20.0,1.25,6.2,3.3,8.05,16.27,0.37,27.48,0.5,1.78,,,,,23.4,85.25,,207.0,,,,713.25,
2024-08-01 21:00:00,9.5,19.5,1.12,6.28,3.28,8.0,15.18,0.34,27.81,0.45,1.65,,,,,23.2,85.25,,211.5,,,,714.0,
2024-08-01 22:00:00,8.0,19.5,1.3,6.22,3.35,7.9,15.22,0.45,27.91,0.45,1.65,,,,,23.12,86.25,,210.75,,,,714.0,
2024-08-01 23:00:00,8.0,24.0,1.32,6.12,3.35,7.45,15.32,0.41,27.16,0.48,1.68,,,,,23.0,87.75,,209.5,,,,714.0,
2024-08-02 00:00:00,,,1.23,5.93,3.18,7.28,16.0,0.16,27.13,0.5,1.72,,,,,22.88,88.0,,223.0,,,,713.0,
2024-08-02 01:00:00,2.0,13.0,1.3,5.7,3.08,7.28,11.97,0.28,27.77,0.37,1.23,,,,,22.7,88.75,,216.75,,,,712.0,
2024-08-02 02:00:00,2.5,12.25,1.15,5.75,3.0,7.28,10.62,0.5,27.51,0.3,1.05,,,,,22.6,90.0,,216.5,,,,712.0,
2024-08-02 03:00:00,4.25,10.75,1.2,5.85,3.1,7.3,11.32,0.6,26.77,0.32,1.12,,,,,22.6,90.0,,209.75,,,,712.0,
2024-08-02 04:00:00,5.75,12.0,1.25,5.95,3.18,7.3,11.32,0.51,27.18,0.3,1.12,,,,,22.6,90.0,,214.25,,,,712.0,
2024-08-02 05:00:00,8.5,9.75,1.08,6.08,3.1,7.35,11.3,0.63,27.43,0.3,1.15,,,,,22.68,90.0,,214.5,,,,712.0,
2024-08-02 06:00:00,10.0,12.0,1.32,5.82,3.18,7.7,11.45,0.7,27.34,0.3,1.12,,,,,22.68,90.0,,212.0,,,,712.0,
2024-08-02 07:00:00,11.0,25.0,1.15,5.78,3.02,8.12,10.82,0.69,28.14,0.3,1.08,,,,,22.68,89.25,,214.75,,,,713.0,
2024-08-02 08:00:00,14.25,27.75,1.25,5.88,3.12,8.25,11.08,0.79,27.76,0.3,1.1,,,,,22.88,87.5,,211.5,,,,713.5,
2024-08-02 09:00:00,21.5,32.75,1.2,6.32,3.32,7.92,10.4,0.59,26.79,0.28,1.0,,,,,23.65,80.5,,209.75,,,,713.0,
2024-08-02 10:00:00,14.75,26.25,1.08,10.28,5.35,6.58,5.82,0.52,26.74,0.15,0.4,,,,,24.5,74.75,,215.75,,,,713.0,
2024-08-02 11:00:00,16.0,37.0,1.35,9.7,5.28,6.75,5.92,0.83,28.72,0.12,0.42,,,,,24.62,73.5,,215.75,,,,713.0,
2024-08-02 12:00:00,15.75,38.75,1.38,6.45,3.58,7.68,9.05,0.67,24.01,0.25,0.85,,,,,24.92,71.25,,208.25,,,,712.5,
2024-08-02 13:00:00,20.75,32.75,1.35,8.05,4.38,7.15,7.42,0.88,32.08,0.2,0.6,,,,,25.52,68.5,,208.0,,,,712.0,
2024-08-02 14:00:00,12.75,29.0,1.33,6.5,3.52,7.68,8.4,0.96,27.49,0.22,0.75,,,,,25.48,68.0,,210.0,,,,711.25,
2024-08-02 15:00:00,16.0,34.0,1.2,5.52,2.92,7.88,8.52,0.81,26.58,0.2,0.75,,,,,24.05,77.75,,210.75,,,,711.25,
2024-08-02 16:00:00,10.0,22.0,1.2,5.85,3.08,8.17,10.82,0.84,27.91,0.32,1.05,,,,,23.08,89.25,,200.25,,,,711.0,
2024-08-02 17:00:00,,,1.25,6.05,3.22,8.38,9.85,0.97,26.94,0.3,0.9,,,,,23.2,89.75,,206.5,,,,711.5,
2024-08-02 18:00:00,,,1.12,6.6,3.4,8.4,10.32,1.07,27.18,0.3,1.03,,,,,23.4,88.5,,207.25,,,,712.0,
2024-08-02 19:00:00,9.0,21.0,1.2,6.55,3.5,8.48,9.72,1.11,26.7,0.3,0.92,,,,,23.4,86.0,,206.75,,,,712.5,
2024-08-02 20:00:00,9.75,22.25,1.23,6.4,3.42,8.75,11.32,1.14,27.06,0.35,1.12,,,,,23.4,84.25,,220.0,,,,713.0,
2024-08-02 21:00:00,13.0,25.0,1.2,6.35,3.38,8.4,11.4,0.9,27.72,0.3,1.1,,,,,23.32,83.25,,229.0,,,,714.0,
2024-08-02 22:00:00,16.0,22.0,1.32,5.98,3.22,7.9,9.95,0.87,27.3,0.3,0.95,,,,,23.05,84.0,,214.25,,,,714.25,
2024-08-02 23:00:00,,,1.08,5.92,3.05,7.65,10.4,0.81,26.97,0.3,1.0,,,,,22.88,84.0,,215.0,,,,714.5,
2024-08-03 00:00:00,11.0,12.0,1.2,5.75,3.02,7.48,10.05,0.31,27.8,0.3,0.98,,,,,22.75,85.0,,222.0,,,,713.75,
2024-08-03 01:00:00,12.0,13.75,1.03,5.78,2.9,7.45,14.3,0.31,19.32,0.43,1.5,,,,,22.55,85.75,,221.0,,,,713.0,
2024-08-03 02:00:00,14.5,18.0,0.95,5.7,2.82,7.4,15.48,0.26,18.66,0.45,1.68,,,,,22.35,86.0,,211.5,,,,712.75,
2024-08-03 03:00:00,13.0,15.0,1.12,5.75,3.0,7.4,15.75,0.43,17.93,0.48,1.68,,,,,22.28,86.75,,217.0,,,,712.0,
2024-08-03 04:00:00,,,1.23,5.75,3.05,7.38,15.92,0.44,18.34,0.48,1.72,,,,,22.2,87.25,,205.25,,,,712.25,
2024-08-03 05:00:00,13.0,21.0,1.23,5.62,2.98,7.45,16.62,0.45,18.01,0.5,1.82,,,,,22.1,88.0,,214.25,,,,713.0,
2024-08-03 06:00:00,12.75,22.5,1.38,5.7,3.18,7.68,16.38,0.58,18.01,0.5,1.8,,,,,22.18,88.75,,217.75,,,,713.0,
2024-08-03 07:00:00,14.25,28.0,1.5,5.4,3.1,8.02,16.55,0.68,18.62,0.5,1.8,,,,,22.22,88.0,,207.25,,,,713.0,
2024-08-03 08:00:00,20.25,29.25,1.15,5.48,2.85,7.98,15.92,0.59,18.33,0.5,1.75,,,,,22.48,86.75,,212.0,,,,714.0,
2024-08-03 09:00:00,15.0,24.75,1.23,5.5,2.92,8.02,16.75,0.6,18.38,0.5,1.8,,,,,22.95,83.75,,211.0,,,,714.0,
2024-08-03 10:00:00,7.5,28.25,1.18,5.6,2.95,8.02,16.48,0.64,18.16,0.5,1.78,,,,,23.72,78.0,,219.5,,,,714.0,
2024-08-03 11:00:00,13.0,36.25,1.25,5.75,3.05,8.0,16.25,0.69,17.95,0.5,1.75,,,,,24.1,75.25,,221.0,,,,714.0,
2024-08-03 12:00:00,15.0,44.0,1.12,5.78,2.98,8.18,16.92,0.85,17.83,0.5,1.85,,,,,24.25,74.5,,217.0,,,,713.5,
2024-08-03 13:00:00,14.0,27.5,1.4,5.8,3.22,8.32,16.27,0.73,17.85,0.5,1.75,,,,,24.25,77.75,,213.0,,,,713.0,
2024-08-03 14:00:00,19.0,25.5,1.42,5.75,3.2,7.95,16.5,0.56,17.78,0.5,1.78,,,,,24.98,71.5,,218.75,,,,712.0,
2024-08-03 15:00:00,14.5,31.5,1.35,5.8,3.2,7.9,16.5,0.54,17.95,0.5,1.8,,,,,25.2,69.5,,211.0,,,,712.0,
2024-08-03 16:00:00,11.75,32.25,1.2,6.05,3.2,8.02,16.62,0.62,17.94,0.5,1.78,,,,,25.15,68.25,,229.75,,,,712.0,
2024-08-03 17:00:00,15.75,46.5,1.32,5.85,3.2,8.35,16.27,0.69,18.11,0.5,1.75,,,,,25.02,69.5,,212.25,,,,712.0,
2024-08-03 18:00:00,13.25,40.75,1.23,6.12,3.25,9.12,17.6,1.02,17.73,0.52,1.95,,,,,24.78,70.75,,234.5,,,,712.75,
2024-08-03 19:00:00,17.5,35.75,1.23,6.28,3.35,8.88,18.0,0.93,17.98,0.52,2.0,,,,,24.38,72.5,,213.75,,,,713.75,
2024-08-03 20:00:00,18.5,31.5,1.12,6.4,3.3,8.6,17.08,0.91,17.75,0.5,1.85,,,,,23.98,76.75,,220.25,,,,714.5,
2024-08-03 21:00:00,17.0,28.0,1.3,6.38,3.42,8.3,18.15,0.82,18.08,0.57,2.0,,,,,23.58,79.0,,209.75,,,,715.0,
2024-08-03 22:00:00,15.5,20.75,1.02,6.58,3.32,8.02,18.12,0.69,17.84,0.57,2.02,,,,,23.18,83.5,,210.25,,,,715.0,
2024-08-03 23:00:00,11.0,17.25,1.15,6.4,3.32,7.62,17.45,0.62,17.88,0.52,1.92,,,,,22.95,86.0,,213.0,,,,715.0,
2024-08-04 00:00:00,11.5,18.25,1.4,6.18,3.4,7.5,15.88,0.32,17.86,0.48,1.7,,,,,22.92,86.0,,220.0,,,,714.25,
2024-08-04 01:00:00,11.75,17.75,1.32,6.05,3.28,7.43,11.97,0.41,18.14,0.33,1.2,,,,,22.85,86.5,,218.5,,,,713.75,
2024-08-04 02:00:00,10.0,15.25,1.1,6.15,3.18,7.4,9.98,0.53,17.96,0.3,0.98,,,,,22.8,87.5,,216.75,,,,713.0,
2024-08-04 03:00:00,14.75,18.5,1.1,6.48,3.35,7.15,9.8,0.41,17.38,0.28,0.95,,,,,22.75,88.0,,209.25,,,,713.0,
2024-08-04 04:00:00,11.0,18.25,1.23,7.1,3.78,6.9,8.95,0.64,17.99,0.25,0.82,,,,,22.72,88.25,,216.5,,,,713.0,
2024-08-04 05:00:00,10.75,20.0,1.3,6.85,3.68,7.0,9.25,0.8,18.67,0.25,0.88,,,,,22.62,89.0,,217.75,,,,713.25,
2024-08-04 06:00:00,12.25,15.5,1.38,6.18,3.4,7.52,8.8,0.68,18.2,0.22,0.82,,,,,22.6,89.0,,208.0,,,,713.75,
2024-08-04 07:00:00,17.0,20.5,1.1,6.18,3.15,7.78,11.1,0.9,18.43,0.32,1.12,,,,,22.65,89.0,,208.25,,,,714.25,
2024-08-04 08:00:00,11.75,25.25,1.27,5.75,3.1,7.88,11.5,0.72,18.1,0.32,1.12,,,,,23.05,86.25,,214.25,,,,715.0,
2024-08-04 09:00:00,14.25,30.75,1.4,5.58,3.1,7.82,10.18,0.84,26.86,0.3,0.98,,,,,23.7,79.75,,206.0,,,,715.0,
2024-08-04 10:00:00,14.75,19.25,1.18,5.68,2.98,7.85,10.65,0.84,27.21,0.3,1.02,,,,,24.3,74.25,,216.75,,,,715.0,
2024-08-04 11:00:00,13.75,24.75,1.35,5.52,3.02,7.9,9.68,0.77,27.79,0.3,0.9,,,,,25.08,67.75,,216.0,,,,714.75,
2024-08-04 12:00:00,13.25,30.75,1.23,5.35,2.88,8.05,9.38,0.68,26.74,0.25,0.85,,,,,25.55,63.25,,218.5,,,,714.0,
2024-08-04 13:00:00,13.75,31.0,1.2,5.5,2.92,8.2,9.52,0.54,26.68,0.28,0.92,,,,,25.92,62.0,,212.5,,,,713.0,
2024-08-04 14:00:00,14.25,26.25,1.2,5.7,3.02,8.15,10.45,0.58,27.05,0.3,1.0,,,,,26.08,61.5,,225.25,,,,712.0,
2024-08-04 15:00:00,17.5,31.0,1.32,5.65,3.05,7.98,10.62,0.55,26.83,0.3,1.05,,,,,26.2,60.75,,241.25,,,,711.5,
2024-08-04 16:00:00,17.25,38.5,1.2,5.7,3.02,7.75,9.75,0.34,27.26,0.3,0.92,,,,,26.05,61.5,,223.75,,,,711.0,
2024-08-04 17:00:00,19.25,46.75,1.32,6.42,3.5,7.05,9.82,0.53,27.18,0.28,0.92,,,,,25.9,61.75,,217.0,,,,711.0,
2024-08-04 18:00:00,15.25,31.0,1.18,7.4,3.9,6.68,10.02,0.57,27.08,0.3,0.98,,,,,25.02,65.25,,226.75,,,,711.5,
2024-08-04 19:00:00,16.75,31.75,1.35,7.65,4.25,6.88,9.68,0.64,27.32,0.28,0.88,,,,,24.68,69.5,,228.25,,,,712.75,
2024-08-04 20:00:00,12.5,34.75,1.27,8.1,4.38,7.18,10.9,0.72,26.72,0.35,1.05,,,,,24.3,73.0,,222.75,,,,713.25,
2024-08-04 21:00:00,19.25,33.5,1.25,8.43,4.55,7.12,11.48,0.56,27.55,0.3,1.15,,,,,24.05,74.0,,212.25,,,,714.0,
2024-08-04 22:00:00,16.5,25.0,1.3,8.55,4.65,6.68,10.55,0.46,27.98,0.3,1.03,,,,,23.75,75.25,,229.25,,,,714.25,
2024-08-04 23:00:00,13.75,28.0,1.32,7.62,4.12,6.25,9.9,0.6,28.32,0.3,0.92,,,,,23.45,78.25,,222.25,,,,714.0,
2024-08-05 00:00:00,10.25,18.0,1.15,9.52,4.95,5.85,9.57,0.63,26.8,0.28,0.88,,,,,23.32,80.75,,209.75,,,,714.0,
2024-08-05 01:00:00,10.75,14.0,1.5,8.15,4.75,5.78,11.93,0.86,27.2,0.4,1.2,,,,,23.02,82.0,,218.5,,,,713.5,
2024-08-05 02:00:00,9.0,11.25,1.32,7.5,4.12,5.9,11.95,0.96,27.42,0.38,1.2,,,,,22.9,83.25,,213.5,,,,713.0,
2024-08-05 03:00:00,6.75,13.5,1.02,8.25,4.1,5.85,12.68,0.79,27.22,0.4,1.3,,,,,22.78,84.75,,220.5,,,,713.0,
2024-08-05 04:00:00,10.25,17.75,1.12,8.15,4.15,5.93,13.88,0.87,27.22,0.4,1.45,,,,,22.62,86.0,,213.5,,,,713.0,
2024-08-05 05:00:00,14.0,17.0,1.2,7.9,4.2,6.07,13.75,1.18,27.42,0.4,1.42,,,,,22.6,87.0,,198.75,,,,713.0,
2024-08-05 06:00:00,9.0,18.0,1.23,8.23,4.43,6.28,12.7,1.26,27.39,0.4,1.3,,,,,22.6,87.0,,210.75,,,,713.75,
2024-08-05 07:00:00,11.75,20.25,1.18,7.8,4.03,6.68,12.62,1.22,27.3,0.4,1.3,,,,,22.7,87.0,,224.0,,,,714.0,
2024-08-05 08:00:00,18.25,26.25,1.38,7.38,4.2,6.78,12.28,1.3,26.4,0.35,1.25,,,,,23.0,85.25,,214.5,,,,714.5,
2024-08-05 09:00:00,14.0,27.5,1.3,7.62,4.18,6.65,12.6,1.49,26.88,0.4,1.32,,,,,23.75,78.75,,212.75,,,,714.75,
2024-08-05 10:00:00,15.5,36.5,1.18,8.05,4.18,6.65,13.02,1.46,26.97,0.4,1.38,,,,,24.38,73.75,,216.5,,,,714.25,
2024-08-05 11:00:00,11.25,31.25,1.18,8.05,4.2,6.68,13.3,1.5,26.85,0.4,1.4,,,,,25.2,68.25,,208.25,,,,713.75,
2024-08-05 12:00:00,15.0,35.5,0.85,7.98,3.65,6.78,12.4,1.59,27.3,0.4,1.25,,,,,25.88,63.0,,227.75,,,,713.0,
2024-08-05 13:00:00,21.25,50.25,1.32,7.05,3.88,7.12,12.65,1.66,26.95,0.4,1.3,,,,,26.5,59.0,,221.75,,,,712.75,
2024-08-05 14:00:00,14.5,39.0,1.38,7.35,4.1,6.92,12.62,1.58,27.2,0.4,1.32,,,,,26.55,58.75,,216.75,,,,712.0,
2024-08-05 15:00:00,17.75,44.75,1.1,8.28,4.22,6.65,12.38,1.6,26.89,0.38,1.27,,,,,26.6,58.0,,204.5,,,,711.0,
2024-08-05 16:00:00,15.75,39.0,0.98,8.78,4.3,6.45,12.85,1.52,26.64,0.4,1.32,,,,,26.18,60.25,,210.75,,,,711.0,
2024-08-05 17:00:00,24.25,52.0,1.1,11.28,5.82,6.65,11.92,1.52,27.25,0.35,1.18,,,,,24.42,75.0,,216.75,,,,711.5,
2024-08-05 18:00:00,34.0,55.0,1.23,13.0,6.88,12.08,13.32,2.72,27.87,0.4,1.4,,,,,23.08,88.75,,253.5,,,,712.0,
2024-08-05 19:00:00,23.0,34.0,1.23,17.15,9.1,13.3,18.62,3.68,27.13,0.57,2.08,,,,,23.38,89.75,,182.75,,,,712.75,
2024-08-05 20:00:00,24.0,38.0,1.38,24.35,13.22,15.28,21.48,4.63,26.79,0.68,2.42,,,,,23.52,91.0,,199.5,,,,713.5,
2024-08-05 21:00:00,27.0,50.0,1.08,25.1,13.05,4.92,20.88,1.57,27.05,0.68,2.38,,,,,22.72,91.75,,200.25,,,,714.75,
2024-08-05 22:00:00,11.0,17.0,1.23,28.55,15.2,5.68,18.15,1.38,26.77,0.55,2.02,,,,,22.95,92.25,,213.75,,,,715.0,
2024-08-05 23:00:00,11.0,17.0,1.25,27.28,14.55,3.3,13.38,0.32,28.18,0.4,1.38,,,,,22.72,93.0,,241.0,,,,715.0,
2024-08-06 00:00:00,,,1.27,18.02,9.68,4.55,13.48,0.26,28.24,0.43,1.42,,,,,22.5,93.0,,240.25,,,,713.75,
2024-08-06 01:00:00,,,1.42,12.2,6.75,5.32,11.37,0.29,24.65,0.33,1.17,,,,,22.48,93.0,,237.0,,,,713.0,
2024-08-06 02:00:00,7.0,15.0,1.3,11.08,6.0,5.43,10.18,0.47,22.02,0.3,0.98,,,,,22.58,93.0,,238.75,,,,712.75,
2024-08-06 03:00:00,6.5,13.0,1.23,11.6,6.12,5.4,10.52,0.31,21.32,0.3,1.02,,,,,22.6,93.0,,235.75,,,,712.0,
2024-08-06 04:00:00,6.5,9.25,1.1,11.62,5.98,5.4,10.25,0.46,21.44,0.3,1.0,,,,,22.6,93.0,,237.25,,,,712.0,
2024-08-06 05:00:00,11.0,16.0,1.2,11.22,5.92,5.57,10.22,0.6,21.52,0.3,0.95,,,,,22.6,93.0,,229.25,,,,712.0,
2024-08-06 06:00:00,9.0,20.0,1.08,11.1,5.65,5.72,9.43,0.7,22.16,0.28,0.88,,,,,22.68,92.5,,227.75,,,,712.5,
2024-08-06 07:00:00,11.25,22.25,1.35,9.7,5.38,6.42,9.95,0.7,21.3,0.3,0.95,,,,,22.8,92.0,,227.25,,,,713.0,
2024-08-06 08:00:00,17.5,29.0,1.25,9.65,5.15,6.58,11.62,0.73,21.94,0.35,1.18,,,,,23.2,89.75,,230.0,,,,713.75,
2024-08-06 09:00:00,13.0,28.5,1.3,9.8,5.32,6.65,10.98,0.73,21.53,0.3,1.1,,,,,23.68,84.0,,225.75,,,,714.0,
2024-08-06 10:00:00,7.0,27.25,1.25,9.9,5.3,6.6,11.45,0.72,22.55,0.35,1.15,,,,,24.15,79.25,,225.25,,,,714.0,
2024-08-06 11:00:00,15.0,27.5,1.23,10.12,5.38,6.38,11.1,0.72,22.04,0.3,1.1,,,,,24.68,74.5,,220.25,,,,713.0,
2024-08-06 12:00:00,12.5,26.25,1.25,9.52,5.08,6.32,10.75,0.69,21.64,0.32,1.05,,,,,25.15,70.25,,229.0,,,,712.75,
2024-08-06 13:00:00,15.0,27.25,1.27,9.38,5.05,6.4,11.4,0.68,21.8,0.32,1.1,,,,,25.48,68.75,,217.75,,,,711.75,
2024-08-06 14:00:00,16.25,28.5,1.27,9.12,4.92,6.43,11.48,1.01,21.46,0.35,1.15,,,,,26.12,63.75,,218.75,,,,711.0,
2024-08-06 15:00:00,11.25,29.5,1.25,9.32,4.97,6.35,11.12,1.02,21.4,0.32,1.1,,,,,26.15,63.5,,207.75,,,,710.25,
2024-08-06 16:00:00,14.0,27.0,1.18,9.07,4.75,6.38,10.52,1.18,21.58,0.3,1.0,,,,,24.62,70.5,,217.25,,,,710.5,
2024-08-06 17:00:00,16.5,20.0,1.3,8.93,4.88,6.58,10.68,1.37,21.86,0.3,1.05,,,,,23.0,84.5,,225.5,,,,711.0,
2024-08-06 18:00:00,6.0,8.0,1.27,9.28,4.97,6.9,8.62,1.41,22.1,0.22,0.8,,,,,22.85,88.0,,221.0,,,,711.25,
2024-08-06 19:00:00,7.0,9.5,1.2,9.98,5.25,7.22,9.43,1.56,22.05,0.25,0.9,,,,,22.92,86.5,,225.75,,,,712.25,
2024-08-06 20:00:00,10.0,14.0,1.08,12.48,6.42,6.95,9.32,1.38,20.86,0.25,0.85,,,,,22.9,86.25,,223.75,,,,713.0,
2024-08-06 21:00:00,,,1.05,18.02,9.3,5.72,7.65,0.51,22.3,0.2,0.65,,,,,22.85,87.0,,228.0,,,,713.5,
2024-08-06 22:00:00,10.0,16.0,1.12,20.45,10.75,5.0,8.15,0.56,23.15,0.2,0.73,,,,,22.88,88.0,,225.0,,,,714.0,
2024-08-06 23:00:00,10.0,16.0,1.5,11.3,6.45,5.98,9.93,0.33,22.18,0.3,0.95,,,,,22.7,88.0,,222.75,,,,714.0,
2024-08-07 00:00:00,,,1.32,9.25,5.05,6.05,10.6,0.42,21.74,0.3,1.05,,,,,22.6,89.0,,237.0,,,,713.25,
2024-08-07 01:00:00,11.0,23.0,1.23,8.65,4.6,6.15,12.23,0.54,21.18,0.37,1.23,,,,,22.58,89.0,,271.0,,,,712.75,
2024-08-07 02:00:00,10.25,20.25,1.15,8.68,4.5,6.07,14.2,0.37,21.82,0.4,1.52,,,,,22.48,90.0,,214.25,,,,712.0,
2024-08-07 03:00:00,8.0,12.0,1.32,8.77,4.82,5.88,15.5,0.5,21.49,0.45,1.65,,,,,22.4,90.0,,243.5,,,,712.0,
2024-08-07 04:00:00,12.0,20.0,1.23,9.02,4.8,5.88,15.65,0.51,21.78,0.48,1.7,,,,,22.4,90.0,,231.5,,,,712.0,
2024-08-07 05:00:00,12.0,21.75,1.27,9.05,4.92,5.9,15.38,0.51,21.94,0.43,1.65,,,,,22.4,90.0,,227.0,,,,712.0,
2024-08-07 06:00:00,13.5,26.25,1.12,8.95,4.6,6.32,14.5,0.5,21.64,0.4,1.52,,,,,22.4,90.0,,230.5,,,,712.0,
2024-08-07 07:00:00,17.0,30.0,1.15,8.57,4.47,4.47,15.48,0.58,21.34,0.48,1.68,,,,,22.52,89.5,,236.25,,,,712.75,
2024-08-07 08:00:00,16.5,51.25,1.23,8.72,4.62,4.12,14.85,0.64,21.62,0.43,1.58,,,,,22.9,87.0,,219.75,,,,713.25,
2024-08-07 09:00:00,22.5,61.0,1.2,9.15,4.85,4.12,15.35,0.79,21.66,0.48,1.68,,,,,23.3,83.5,,222.0,,,,714.0,
2024-08-07 10:00:00,18.25,61.5,1.25,9.15,4.92,4.05,14.65,0.62,22.42,0.43,1.55,,,,,23.72,79.5,,221.75,,,,713.75,
2024-08-07 11:00:00,19.25,59.0,1.32,9.02,4.95,3.88,15.58,0.56,22.15,0.45,1.68,,,,,24.02,76.75,,235.5,,,,713.0,
2024-08-07 12:00:00,19.5,47.0,1.08,9.85,4.95,3.7,14.95,0.64,22.18,0.43,1.58,,,,,24.2,74.5,,210.5,,,,713.0,
2024-08-07 13:00:00,18.75,47.5,1.12,9.6,5.0,3.85,15.48,0.28,22.01,0.45,1.68,,,,,24.4,74.0,,216.75,,,,712.0,
2024-08-07 14:00:00,19.25,47.5,1.27,9.25,5.0,3.72,14.9,0.28,21.44,0.43,1.58,,,,,25.08,69.5,,225.0,,,,711.25,
2024-08-07 15:00:00,14.25,44.0,1.27,9.25,4.97,3.65,15.55,0.25,21.6,0.45,1.65,,,,,25.1,68.25,,231.25,,,,711.0,
2024-08-07 16:00:00,16.0,47.75,1.3,9.65,5.18,4.02,15.55,0.3,21.85,0.48,1.65,,,,,24.35,75.25,,214.75,,,,711.0,
2024-08-07 17:00:00,20.0,49.5,1.33,9.52,5.25,4.4,15.85,0.44,21.62,0.5,1.72,,,,,24.2,76.75,,223.0,,,,711.0,
2024-08-07 18:00:00,22.25,50.0,1.28,10.18,5.42,4.92,16.98,0.6,21.61,0.5,1.85,,,,,24.05,78.25,,229.0,,,,711.75,
2024-08-07 19:00:00,19.75,52.75,1.23,10.68,5.6,5.02,16.48,0.72,21.56,0.52,1.8,,,,,23.6,80.5,,249.0,,,,712.75,
2024-08-07 20:00:00,19.0,42.0,1.27,10.75,5.78,4.85,16.58,0.61,22.15,0.5,1.8,,,,,23.55,80.5,,230.0,,,,713.0,
2024-08-07 21:00:00,19.75,38.5,1.2,11.62,6.15,4.2,16.55,0.28,21.89,0.5,1.8,,,,,23.45,83.0,,220.5,,,,714.0,
2024-08-07 22:00:00,20.5,35.5,1.27,11.6,6.22,3.72,17.0,0.13,21.78,0.5,1.85,,,,,23.35,84.0,,229.0,,,,714.0,
2024-08-07 23:00:00,15.5,31.75,1.23,11.02,5.85,3.28,16.2,0.19,22.11,0.5,1.75,,,,,23.3,84.0,,236.0,,,,714.0,
2024-08-08 00:00:00,13.25,32.75,1.38,10.0,5.55,3.15,15.95,0.26,22.11,0.48,1.72,,,,,23.12,85.5,,215.75,,,,713.0,
2024-08-08 01:00:00,11.75,26.5,1.27,9.75,5.25,3.0,14.67,0.28,21.88,0.4,1.53,,,,,23.02,87.25,,216.0,,,,713.0,
2024-08-08 02:00:00,13.5,18.75,1.2,9.65,5.1,2.88,13.88,0.37,22.05,0.4,1.45,,,,,22.85,88.0,,219.25,,,,712.0,
2024-08-08 03:00:00,11.5,18.5,1.18,9.7,5.07,2.85,13.6,0.21,21.38,0.4,1.45,,,,,22.8,87.75,,235.5,,,,712.0,
2024-08-08 04:00:00,11.0,21.25,1.18,9.68,5.0,2.85,15.65,0.1,21.92,0.48,1.7,,,,,22.85,86.75,,232.25,,,,712.25,
2024-08-08 05:00:00,14.75,25.75,1.25,9.18,4.92,3.05,15.1,0.17,22.2,0.43,1.62,,,,,22.72,87.75,,224.75,,,,712.5,
2024-08-08 06:00:00,19.25,31.25,1.32,9.18,5.05,3.55,14.98,0.53,21.91,0.43,1.6,,,,,22.6,88.0,,221.5,,,,713.25,
2024-08-08 07:00:00,26.5,42.5,1.15,8.93,4.65,3.9,14.75,0.44,22.31,0.4,1.58,,,,,22.62,88.0,,235.5,,,,714.0,
2024-08-08 08:00:00,25.75,45.75,1.32,8.62,4.78,4.05,15.48,0.61,23.44,0.48,1.68,,,,,22.88,86.0,,225.75,,,,714.0,
2024-08-08 09:00:00,20.5,50.0,1.25,9.12,4.88,4.22,14.12,0.68,27.82,0.4,1.5,,,,,23.35,82.75,,229.25,,,,714.0,
2024-08-08 10:00:00,25.0,70.0,1.1,9.98,5.08,3.88,14.5,0.61,27.71,0.43,1.55,,,,,24.28,74.75,,223.5,,,,714.0,
2024-08-08 11:00:00,24.75,56.25,1.2,9.78,5.15,3.62,14.7,0.42,27.18,0.4,1.55,,,,,24.75,70.75,,218.0,,,,713.75,
2024-08-08 12:00:00,23.5,54.75,1.18,9.1,4.78,3.68,13.68,0.45,26.5,0.4,1.42,,,,,25.28,64.75,,221.25,,,,713.0,
2024-08-08 13:00:00,20.25,58.75,1.3,8.9,4.85,3.68,14.12,0.49,27.34,0.4,1.48,,,,,25.52,62.75,,227.25,,,,712.5,
2024-08-08 14:00:00,17.0,48.75,1.08,9.28,4.7,3.6,14.4,0.54,26.19,0.4,1.52,,,,,25.7,61.25,,231.5,,,,712.0,
2024-08-08 15:00:00,21.5,74.0,1.18,9.43,4.9,3.68,14.75,0.55,27.38,0.4,1.55,,,,,25.45,66.5,,226.5,,,,711.25,
2024-08-08 16:00:00,15.5,42.5,1.27,9.68,5.18,3.58,15.12,0.7,27.08,0.43,1.6,,,,,24.22,79.25,,211.0,,,,711.5,
2024-08-08 17:00:00,12.5,36.75,1.25,9.7,5.15,3.48,14.32,0.72,27.11,0.4,1.5,,,,,24.4,76.75,,218.25,,,,711.75,
2024-08-08 18:00:00,16.5,34.5,1.25,9.32,5.03,3.9,13.73,0.74,27.24,0.4,1.42,,,,,24.05,77.25,,223.25,,,,712.5,
2024-08-08 19:00:00,16.75,38.75,1.23,9.55,5.07,4.58,14.52,0.91,26.96,0.4,1.52,,,,,23.78,80.0,,218.0,,,,713.0,
2024-08-08 20:00:00,21.5,40.25,1.3,10.12,5.52,4.4,15.1,0.89,26.83,0.43,1.6,,,,,23.6,81.0,,225.75,,,,713.5,
2024-08-08 21:00:00,19.5,42.75,1.12,10.45,5.43,3.95,15.48,0.58,27.09,0.45,1.65,,,,,23.48,82.0,,226.75,,,,715.0,
2024-08-08 22:00:00,17.5,28.0,1.08,9.88,5.03,3.42,14.92,0.45,26.78,0.43,1.55,,,,,23.28,82.75,,228.5,,,,715.0,
2024-08-08 23:00:00,14.5,20.0,1.12,9.62,4.97,3.18,15.35,0.38,27.12,0.45,1.65,,,,,23.15,83.25,,223.25,,,,715.0,
2024-08-09 00:00:00,10.75,14.75,1.27,8.9,4.82,3.1,14.32,0.31,27.59,0.4,1.5,,,,,22.85,85.0,,216.75,,,,714.25,
2024-08-09 01:00:00,11.75,15.75,1.23,8.75,4.62,3.08,12.77,0.37,27.54,0.4,1.3,,,,,22.55,87.5,,214.5,,,,714.0,
2024-08-09 02:00:00,8.0,12.25,1.3,8.3,4.53,3.1,11.1,0.43,27.2,0.3,1.1,,,,,22.58,87.25,,216.25,,,,713.0,
2024-08-09 03:00:00,10.5,15.0,1.18,8.98,4.7,3.02,12.82,0.35,27.14,0.38,1.35,,,,,22.52,88.0,,213.75,,,,713.0,
2024-08-09 04:00:00,16.75,20.5,1.12,8.98,4.6,2.98,12.88,0.3,27.33,0.4,1.32,,,,,22.4,88.0,,221.5,,,,713.0,
2024-08-09 05:00:00,13.75,19.75,1.02,9.25,4.58,3.15,12.35,0.32,27.32,0.4,1.27,,,,,22.45,88.0,,224.75,,,,713.0,
2024-08-09 06:00:00,17.25,23.25,1.12,8.8,4.5,3.55,12.72,0.4,27.44,0.4,1.35,,,,,22.42,88.0,,216.5,,,,714.0,
2024-08-09 07:00:00,20.25,32.25,1.08,8.88,4.45,4.0,12.42,0.67,27.68,0.4,1.27,,,,,22.58,87.75,,229.0,,,,714.0,
2024-08-09 08:00:00,20.25,47.75,1.32,8.75,4.8,4.25,12.0,0.68,27.42,0.35,1.2,,,,,23.08,85.0,,231.0,,,,714.0,
2024-08-09 09:00:00,26.5,55.0,1.27,8.82,4.78,4.05,11.65,0.77,27.72,0.32,1.18,,,,,23.92,76.75,,232.25,,,,714.0,
2024-08-09 10:00:00,24.5,69.25,1.2,9.3,4.88,3.95,11.8,0.7,27.92,0.32,1.2,,,,,24.42,73.75,,217.75,,,,714.0,
2024-08-09 11:00:00,22.75,47.25,1.23,9.28,4.95,4.05,12.72,0.76,31.99,0.4,1.3,,,,,25.6,66.5,,238.0,,,,714.0,
2024-08-09 12:00:00,21.75,67.75,1.15,9.72,5.05,4.4,12.25,0.7,32.68,0.38,1.25,,,,,25.95,62.0,,232.5,,,,713.0,
2024-08-09 13:00:00,20.5,61.0,1.27,9.57,5.18,4.2,12.32,0.7,32.79,0.38,1.27,,,,,25.83,63.5,,227.25,,,,712.5,
2024-08-09 14:00:00,20.75,57.75,1.2,10.25,5.38,4.25,13.45,0.72,32.47,0.4,1.42,,,,,25.85,64.25,,235.5,,,,712.0,
2024-08-09 15:00:00,25.5,73.5,1.3,10.32,5.62,3.75,13.9,0.77,31.98,0.4,1.45,,,,,26.28,60.75,,233.0,,,,711.75,
2024-08-09 16:00:00,23.5,70.5,1.42,10.38,5.82,4.62,13.82,1.04,32.64,0.4,1.45,,,,,26.82,57.5,,201.5,,,,711.0,
2024-08-09 17:00:00,24.75,74.5,3.27,10.9,5.9,5.3,13.35,1.2,32.43,0.4,1.4,,,,,26.2,61.25,,225.75,,,,712.0,
2024-08-09 18:00:00,30.0,74.25,1.25,12.55,6.68,5.72,14.08,1.49,32.12,0.4,1.48,,,,,25.35,67.0,,225.0,,,,712.25,
2024-08-09 19:00:00,22.5,80.5,1.27,14.85,8.0,7.9,16.48,2.06,32.07,0.48,1.78,,,,,24.78,71.5,,256.0,,,,713.0,
2024-08-09 20:00:00,26.25,84.5,1.2,17.38,9.2,6.12,17.32,1.89,32.49,0.5,1.92,,,,,24.62,74.5,,260.75,,,,713.75,
2024-08-09 21:00:00,26.25,74.0,1.35,17.62,9.58,5.62,17.58,1.78,33.28,0.5,1.95,,,,,24.58,75.75,,237.75,,,,714.0,
2024-08-09 22:00:00,28.75,65.0,1.1,17.08,8.9,2.55,17.15,0.77,32.08,0.5,1.88,,,,,24.0,80.5,,220.0,,,,715.0,
2024-08-09 23:00:00,15.25,35.25,1.32,14.55,7.9,2.48,16.02,0.58,33.04,0.5,1.75,,,,,23.8,82.25,,226.75,,,,714.5,
2024-08-10 00:00:00,12.25,27.0,1.27,13.48,7.22,2.3,14.55,0.3,31.99,0.43,1.58,,,,,23.52,84.75,,218.0,,,,714.0,
2024-08-10 01:00:00,10.5,26.25,1.15,12.4,6.45,2.5,13.23,0.28,32.88,0.4,1.4,,,,,23.25,87.75,,209.75,,,,714.0,
2024-08-10 02:00:00,12.25,23.0,1.12,11.4,5.9,2.6,12.7,0.21,32.55,0.4,1.3,,,,,23.05,89.25,,216.25,,,,714.0,
2024-08-10 03:00:00,12.5,19.0,1.32,11.22,6.1,2.5,13.28,0.14,32.05,0.4,1.38,,,,,22.92,90.0,,219.0,,,,714.0,
2024-08-10 04:00:00,11.0,16.0,1.2,11.5,6.05,2.55,12.28,0.24,33.35,0.38,1.23,,,,,22.85,90.25,,202.75,,,,714.25,
2024-08-10 05:00:00,,,1.25,10.68,5.7,2.8,12.7,0.24,32.68,0.4,1.3,,,,,22.78,91.0,,216.5,,,,715.0,
2024-08-10 06:00:00,6.0,15.0,1.18,10.68,5.62,3.95,12.72,0.5,33.42,0.4,1.32,,,,,22.78,91.0,,205.5,,,,714.5,
2024-08-10 07:00:00,9.0,18.0,1.32,10.25,5.58,4.62,13.02,0.63,33.21,0.4,1.35,,,,,22.75,91.0,,207.5,,,,714.0,
2024-08-10 08:00:00,18.5,28.75,1.12,10.82,5.62,4.1,14.3,0.64,22.71,0.4,1.5,,,,,23.28,89.5,,226.25,,,,714.0,
2024-08-10 09:00:00,19.25,35.25,1.18,11.25,5.92,3.9,13.85,0.77,21.62,0.4,1.48,,,,,24.5,78.25,,219.5,,,,714.0,
2024-08-10 10:00:00,17.5,37.25,1.1,11.48,5.9,3.75,13.12,0.57,22.23,0.4,1.38,,,,,23.95,80.5,,196.25,,,,715.0,
2024-08-10 11:00:00,17.0,31.75,1.08,11.55,5.85,3.52,13.28,0.48,21.95,0.4,1.4,,,,,23.48,85.25,,197.5,,,,714.5,
2024-08-10 12:00:00,11.25,29.25,1.08,11.52,5.9,3.6,12.85,0.5,21.98,0.4,1.35,,,,,24.12,82.0,,210.25,,,,713.75,
2024-08-10 13:00:00,11.75,30.75,1.23,10.85,5.72,4.35,13.15,0.58,21.3,0.4,1.38,,,,,26.05,66.5,,199.25,,,,713.0,
2024-08-10 14:00:00,13.75,55.5,1.25,10.27,5.52,4.95,13.27,0.65,21.7,0.38,1.4,,,,,26.7,61.75,,217.25,,,,712.0,
2024-08-10 15:00:00,22.0,63.75,1.18,10.95,5.68,3.78,12.5,0.53,25.22,0.4,1.27,,,,,26.95,60.0,,222.0,,,,711.25,
2024-08-10 16:00:00,21.0,46.5,1.4,11.12,6.18,3.35,12.65,0.5,31.79,0.4,1.3,,,,,26.15,63.75,,231.25,,,,711.0,
2024-08-10 17:00:00,20.0,43.5,1.3,11.18,6.05,3.5,11.9,0.47,32.14,0.35,1.23,,,,,26.25,63.5,,226.25,,,,711.0,
2024-08-10 18:00:00,26.25,54.0,1.5,10.72,6.12,4.7,12.45,0.94,31.78,0.38,1.27,,,,,25.52,65.75,,243.0,,,,711.5,
2024-08-10 19:00:00,26.5,69.75,1.32,11.72,6.38,5.05,11.65,0.97,32.99,0.35,1.15,,,,,25.05,70.5,,238.0,,,,712.0,
2024-08-10 20:00:00,26.25,61.75,1.38,12.27,6.7,4.75,11.12,0.92,32.54,0.32,1.1,,,,,24.52,77.5,,217.75,,,,713.0,
2024-08-10 21:00:00,28.5,55.25,1.2,12.32,6.5,3.88,11.12,0.66,32.75,0.3,1.1,,,,,24.12,81.75,,234.75,,,,713.75,
2024-08-10 22:00:00,23.25,45.0,1.08,12.15,6.22,3.82,11.9,0.68,32.45,0.38,1.2,,,,,24.1,81.5,,242.75,,,,714.0,
2024-08-10 23:00:00,19.75,39.75,1.18,12.0,6.3,3.72,11.25,0.72,32.57,0.3,1.12,,,,,23.92,82.0,,239.75,,,,713.75,
2024-08-11 00:00:00,15.25,39.25,0.98,11.98,5.98,3.12,11.32,0.12,32.72,0.3,1.15,,,,,23.9,82.0,,228.75,,,,713.0,
2024-08-11 01:00:00,13.0,29.0,1.23,11.18,5.95,2.78,11.67,0.05,33.08,0.33,1.17,,,,,23.82,82.0,,239.5,,,,712.5,
2024-08-11 02:00:00,12.5,22.0,1.12,11.08,5.72,2.72,10.38,0.04,33.07,0.3,1.0,,,,,23.65,83.0,,250.75,,,,712.0,
2024-08-11 03:00:00,10.25,19.5,1.1,11.32,5.8,2.58,11.32,0.02,32.21,0.32,1.12,,,,,23.58,84.0,,247.5,,,,712.0,
2024-08-11 04:00:00,8.0,21.0,1.23,11.08,5.85,2.65,12.18,0.04,33.18,0.38,1.23,,,,,23.5,85.0,,242.25,,,,712.75,
2024-08-11 05:00:00,10.0,20.0,1.27,10.77,5.78,2.85,12.72,0.06,32.95,0.4,1.32,,,,,23.4,84.75,,230.25,,,,712.5,
2024-08-11 06:00:00,10.5,20.75,1.08,10.72,5.48,3.15,12.28,0.17,33.32,0.4,1.25,,,,,23.22,84.0,,225.5,,,,712.0,
2024-08-11 07:00:00,12.75,25.0,1.1,10.18,5.18,3.78,13.3,0.2,33.22,0.4,1.35,,,,,23.55,82.5,,232.5,,,,713.0,
2024-08-11 08:00:00,15.0,32.75,1.3,9.62,5.22,3.72,12.55,0.17,32.93,0.4,1.27,,,,,24.18,77.25,,243.75,,,,713.0,
2024-08-11 09:00:00,17.25,40.75,1.15,9.95,5.2,4.08,12.38,0.3,32.86,0.4,1.25,,,,,25.22,69.75,,194.75,,,,713.0,
2024-08-11 10:00:00,22.25,47.5,1.15,10.12,5.22,3.85,12.05,0.32,32.06,0.38,1.2,,,,,25.5,66.5,,213.75,,,,712.5,
2024-08-11 11:00:00,19.0,48.25,1.23,9.82,5.2,3.85,12.45,0.39,33.3,0.38,1.3,,,,,26.05,62.75,,217.25,,,,712.0,
2024-08-11 12:00:00,25.0,60.25,1.08,9.95,5.03,4.25,13.02,0.52,32.81,0.4,1.32,,,,,26.42,60.25,,228.0,,,,711.25,
2024-08-11 13:00:00,23.75,49.0,1.2,9.98,5.28,4.18,12.6,0.42,32.57,0.4,1.3,,,,,27.05,55.25,,213.25,,,,710.5,
2024-08-11 14:00:00,19.5,49.0,1.25,10.15,5.42,3.98,12.28,0.37,32.52,0.38,1.25,,,,,27.02,55.25,,224.75,,,,710.0,
2024-08-11 15:00:00,18.75,48.0,1.2,10.5,5.5,4.28,12.95,0.52,32.14,0.4,1.35,,,,,27.72,52.0,,223.75,,,,709.0,
2024-08-11 16:00:00,20.5,46.25,1.27,10.58,5.65,4.38,13.28,0.55,32.47,0.4,1.38,,,,,27.88,50.5,,214.25,,,,709.0,
2024-08-11 17:00:00,19.25,51.5,1.25,11.52,6.12,4.88,12.5,0.69,32.05,0.4,1.27,,,,,27.38,54.0,,216.75,,,,709.0,
2024-08-11 18:00:00,21.5,58.25,1.1,13.05,6.72,5.15,14.35,1.02,23.9,0.4,1.52,,,,,25.98,61.75,,248.0,,,,709.0,
2024-08-11 19:00:00,25.25,68.25,1.2,14.1,7.5,5.9,14.32,1.22,21.4,0.4,1.5,,,,,25.35,66.75,,277.75,,,,710.0,
2024-08-11 20:00:00,23.0,75.5,1.2,15.58,8.22,6.2,15.5,1.41,21.42,0.45,1.65,,,,,25.0,70.75,,242.0,,,,710.75,
2024-08-11 21:00:00,24.0,70.25,1.3,17.18,9.25,6.5,17.2,1.68,21.89,0.52,1.88,,,,,24.95,71.25,,244.75,,,,711.0,
2024-08-11 22:00:00,27.0,77.25,1.2,18.73,9.9,6.2,17.77,1.64,21.97,0.55,1.95,,,,,24.82,73.25,,256.75,,,,711.5,
2024-08-11 23:00:00,24.5,75.25,1.2,18.62,9.9,4.55,17.58,1.26,21.76,0.52,1.95,,,,,24.85,73.0,,226.5,,,,711.5,
2024-08-12 00:00:00,18.75,62.5,1.08,17.18,8.93,2.85,17.22,0.31,21.66,0.52,1.88,,,,,24.75,72.25,,229.25,,,,711.0,
2024-08-12 01:00:00,22.75,43.5,1.27,15.35,8.2,2.22,14.43,0.49,22.78,0.43,1.53,,,,,24.45,75.25,,247.25,,,,711.0,
2024-08-12 02:00:00,16.75,24.25,1.42,13.75,7.6,2.18,11.92,0.52,21.79,0.38,1.2,,,,,23.98,81.0,,239.25,,,,711.0,
2024-08-12 03:00:00,10.25,16.75,1.1,14.0,7.22,2.1,10.92,0.5,21.29,0.32,1.08,,,,,23.5,87.0,,213.25,,,,711.0,
2024-08-12 04:00:00,10.75,19.0,1.2,13.35,7.05,2.2,12.05,0.37,22.22,0.38,1.2,,,,,22.35,89.75,,179.0,,,,712.0,
2024-08-12 05:00:00,10.0,,1.3,15.35,8.33,2.2,8.02,0.5,21.49,0.22,0.7,,,,,22.2,92.0,,165.0,,,,712.0,
2024-08-12 06:00:00,,,1.17,11.98,6.25,3.25,10.82,0.38,22.28,0.3,1.05,,,,,22.18,93.0,,249.75,,,,712.5,
2024-08-12 07:00:00,9.0,14.0,1.18,12.6,6.6,5.55,9.52,0.93,21.38,0.28,0.9,,,,,22.45,93.0,,246.75,,,,712.0,
2024-08-12 08:00:00,11.25,19.25,1.08,19.98,10.4,8.9,10.52,1.87,22.48,0.3,1.0,,,,,22.75,93.0,,194.75,,,,712.25,
2024-08-12 09:00:00,16.75,31.25,1.38,21.52,11.68,6.18,14.22,1.16,27.19,0.43,1.52,,,,,23.18,92.0,,217.25,,,,711.5,
2024-08-12 10:00:00,15.5,27.25,1.23,19.8,10.52,4.68,14.42,0.96,27.38,0.4,1.52,,,,,25.05,80.5,,225.75,,,,711.0,
2024-08-12 11:00:00,24.5,56.25,1.23,28.28,15.02,4.65,12.25,0.57,26.8,0.35,1.25,,,,,26.68,63.5,,189.25,,,,711.0,
2024-08-12 12:00:00,33.75,95.25,1.25,50.65,27.0,2.28,8.62,0.61,26.35,0.2,0.78,,,,,27.02,62.25,,189.25,,,,710.5,
2024-08-12 13:00:00,43.25,135.25,1.43,50.57,27.23,1.9,6.78,0.63,28.91,0.15,0.55,,,,,27.42,58.25,,192.5,,,,710.0,
2024-08-12 14:00:00,28.75,101.5,1.55,24.52,13.58,4.42,6.58,0.6,28.82,0.15,0.5,,,,,28.12,53.5,,193.75,,,,709.75,
2024-08-12 15:00:00,29.0,114.75,1.38,17.68,9.65,6.32,6.85,0.79,27.55,0.18,0.57,,,,,27.4,56.5,,198.25,,,,709.0,
2024-08-12 16:00:00,34.25,140.25,1.25,19.95,10.68,8.32,7.68,1.04,26.83,0.2,0.65,,,,,27.68,56.25,,152.5,,,,709.0,
2024-08-12 17:00:00,42.0,140.5,1.18,23.0,12.15,4.68,8.02,0.89,26.82,0.2,0.7,,,,,27.58,55.0,,234.5,,,,709.0,
2024-08-12 18:00:00,43.75,147.0,1.15,23.6,12.38,6.15,8.22,1.17,26.84,0.22,0.72,,,,,25.98,65.25,,237.5,,,,709.25,
2024-08-12 19:00:00,38.75,136.75,1.23,24.08,12.8,6.4,7.18,1.32,27.15,0.2,0.6,,,,,25.3,70.0,,262.25,,,,710.0,
2024-08-12 20:00:00,36.0,113.25,1.23,24.4,12.98,7.28,8.18,1.41,26.96,0.22,0.72,,,,,24.98,73.25,,281.0,,,,710.75,
2024-08-12 21:00:00,38.25,108.0,1.42,27.42,14.82,8.68,10.58,1.74,27.03,0.3,1.02,,,,,24.75,78.0,,255.75,,,,711.0,
2024-08-12 22:00:00,36.75,110.25,1.3,29.38,15.7,7.68,11.48,1.63,27.04,0.35,1.15,,,,,24.58,79.25,,220.5,,,,712.0,
2024-08-12 23:00:00,38.75,115.5,1.18,31.2,16.5,4.88,13.32,1.28,18.81,0.4,1.4,,,,,24.55,80.25,,169.75,,,,712.0,
2024-08-13 00:00:00,32.5,92.0,1.38,26.7,14.45,0.92,11.98,0.43,18.27,0.35,1.23,,,,,23.8,84.0,,172.75,,,,711.5,
2024-08-13 01:00:00,16.25,32.25,1.23,22.3,11.82,1.42,8.33,0.41,17.98,0.2,0.73,,,,,23.4,87.75,,195.0,,,,711.0,
2024-08-13 02:00:00,16.5,24.75,1.08,20.12,10.45,1.62,7.2,0.42,18.1,0.18,0.6,,,,,23.45,88.75,,195.0,,,,711.0,
2024-08-13 03:00:00,16.0,27.25,1.45,19.45,10.7,1.8,6.18,0.43,18.0,0.12,0.45,,,,,23.7,89.0,,195.0,,,,711.0,
2024-08-13 04:00:00,18.25,28.0,1.35,19.58,10.58,2.62,6.5,0.5,18.02,0.15,0.5,,,,,23.65,90.0,,244.25,,,,711.0,
2024-08-13 05:00:00,16.5,29.5,1.15,19.08,10.05,3.12,8.22,0.46,18.16,0.2,0.73,,,,,23.52,90.0,,262.25,,,,711.25,
2024-08-13 06:00:00,17.5,35.75,1.25,18.92,10.07,4.3,8.07,0.63,18.19,0.2,0.7,,,,,23.45,91.0,,147.25,,,,712.0,
2024-08-13 07:00:00,17.5,38.0,1.1,18.35,9.62,4.82,5.42,0.63,18.43,0.1,0.38,,,,,23.48,90.75,,213.0,,,,712.75,
2024-08-13 08:00:00,20.5,30.75,1.1,18.3,9.57,3.6,4.6,0.6,18.38,0.1,0.28,,,,,23.95,89.75,,238.0,,,,713.0,
2024-08-13 09:00:00,18.75,39.0,1.25,17.38,9.25,3.65,3.52,0.64,18.02,0.1,0.13,,,,,25.32,78.5,,233.25,,,,713.0,
2024-08-13 10:00:00,26.25,55.5,1.15,17.52,9.2,4.28,4.53,0.98,17.85,0.1,0.25,,,,,26.68,62.5,,212.0,,,,712.5,
2024-08-13 11:00:00,23.0,81.25,1.18,17.35,9.1,5.15,5.52,0.74,18.06,0.1,0.38,,,,,27.58,54.5,,191.75,,,,712.0,
2024-08-13 12:00:00,20.5,85.0,1.27,16.5,8.85,6.18,5.1,0.62,18.13,0.1,0.3,,,,,27.85,53.75,,216.5,,,,711.0,
2024-08-13 13:00:00,25.0,75.5,1.2,16.95,8.98,4.88,5.38,0.69,18.25,0.12,0.32,,,,,27.9,53.75,,204.75,,,,710.25,
2024-08-13 14:00:00,33.0,103.5,1.38,17.0,9.28,5.58,6.25,0.75,17.96,0.15,0.45,,,,,28.72,49.75,,192.0,,,,709.5,
2024-08-13 15:00:00,28.0,105.75,1.2,20.8,11.0,3.68,6.92,0.69,17.87,0.18,0.57,,,,,29.0,47.5,,188.25,,,,708.5,
2024-08-13 16:00:00,23.25,90.5,1.38,21.95,11.9,3.85,5.72,0.73,17.97,0.12,0.42,,,,,26.85,61.0,,191.25,,,,708.0,
2024-08-13 17:00:00,25.5,88.75,1.27,21.33,11.4,2.88,5.65,0.57,18.42,0.1,0.4,,,,,26.98,62.0,,217.25,,,,708.75,
2024-08-13 18:00:00,23.0,79.75,1.23,19.95,10.58,4.0,6.1,0.62,25.09,0.12,0.48,,,,,26.02,68.0,,198.0,,,,709.5,
2024-08-13 19:00:00,29.25,85.0,1.3,20.82,11.18,5.7,6.52,0.92,26.92,0.15,0.52,,,,,25.62,70.75,,204.75,,,,710.0,
2024-08-13 20:00:00,31.5,95.75,1.08,21.2,11.05,4.55,7.88,0.85,26.98,0.2,0.68,,,,,25.28,73.25,,180.25,,,,711.0,
2024-08-13 21:00:00,35.5,102.5,1.12,20.98,11.02,3.78,8.38,0.76,26.9,0.2,0.75,,,,,25.05,75.25,,192.5,,,,711.75,
2024-08-13 22:00:00,33.75,101.25,1.05,20.02,10.35,2.5,9.32,0.51,26.48,0.25,0.85,,,,,24.85,77.0,,201.0,,,,712.0,
2024-08-13 23:00:00,31.25,80.0,1.15,18.58,9.72,2.33,8.52,0.41,24.21,0.22,0.78,,,,,24.62,81.25,,215.5,,,,711.75,
2024-08-14 00:00:00,26.0,68.75,1.35,17.35,9.45,2.02,6.72,0.2,21.64,0.18,0.52,,,,,24.4,83.5,,198.5,,,,711.0,
2024-08-14 01:00:00,27.75,69.0,1.25,17.03,9.1,1.85,8.13,0.3,21.7,0.23,0.7,,,,,24.3,84.25,,206.75,,,,711.0,
2024-08-14 02:00:00,31.5,64.25,1.08,16.52,8.57,1.82,7.95,0.23,21.53,0.2,0.7,,,,,24.1,85.0,,205.0,,,,710.25,
2024-08-14 03:00:00,30.25,68.25,1.2,17.18,9.07,1.58,6.65,0.19,21.5,0.15,0.52,,,,,23.9,86.25,,198.75,,,,710.25,
2024-08-14 04:00:00,38.25,70.75,1.35,17.35,9.38,1.58,7.35,0.14,22.01,0.2,0.62,,,,,23.85,87.0,,196.5,,,,710.0,
2024-08-14 05:00:00,34.5,75.75,1.3,17.3,9.32,1.75,6.48,0.18,21.72,0.15,0.52,,,,,23.75,87.5,,206.0,,,,710.25,
2024-08-14 06:00:00,39.0,82.5,1.25,16.65,8.95,2.4,7.42,0.59,22.13,0.2,0.65,,,,,23.8,88.0,,210.75,,,,711.0,
2024-08-14 07:00:00,41.75,116.75,1.3,15.8,8.52,4.0,8.93,0.68,21.64,0.25,0.8,,,,,24.15,86.75,,207.25,,,,712.0,
2024-08-14 08:00:00,49.5,145.25,1.3,17.05,9.15,4.38,8.9,0.87,21.74,0.25,0.8,,,,,24.92,80.0,,199.75,,,,712.0,
2024-08-14 09:00:00,46.0,130.75,0.88,19.55,9.8,4.8,9.3,1.17,21.74,0.25,0.88,,,,,26.2,66.5,,181.0,,,,712.0,
2024-08-14 10:00:00,39.75,145.25,1.3,20.15,10.8,4.72,11.4,1.08,21.62,0.35,1.12,,,,,27.0,59.75,,162.25,,,,711.25,
2024-08-14 11:00:00,37.75,137.75,1.15,20.38,10.68,4.18,11.15,0.88,21.6,0.32,1.1,,,,,27.68,53.75,,175.75,,,,711.0,
2024-08-14 12:00:00,35.25,128.25,1.3,18.25,9.8,5.3,10.2,0.76,21.47,0.3,1.0,,,,,27.88,52.0,,178.25,,,,710.5,
2024-08-14 13:00:00,38.25,95.0,1.23,18.02,9.6,5.03,11.02,0.81,21.73,0.3,1.12,,,,,28.38,48.25,,183.0,,,,709.75,
2024-08-14 14:00:00,35.5,100.75,1.12,17.8,9.35,4.3,9.57,0.7,21.87,0.28,0.9,,,,,28.45,47.25,,187.5,,,,709.0,
2024-08-14 15:00:00,34.25,98.5,1.32,18.5,10.0,4.85,10.25,0.79,21.69,0.3,1.0,,,,,28.6,46.5,,192.75,,,,708.0,
2024-08-14 16:00:00,36.5,102.25,1.2,19.95,10.55,5.7,9.5,0.88,22.02,0.28,0.88,,,,,29.1,44.5,,184.5,,,,708.0,
2024-08-14 17:00:00,36.75,122.75,1.2,22.5,11.92,5.42,11.52,0.95,26.61,0.35,1.15,,,,,28.8,46.25,,215.5,,,,708.0,
2024-08-14 18:00:00,23.75,104.25,1.25,23.08,12.32,4.18,11.42,0.9,32.74,0.32,1.15,,,,,26.9,55.75,,196.25,,,,708.5,
2024-08-14 19:00:00,26.5,89.75,1.27,23.52,12.6,6.4,12.27,1.37,32.64,0.35,1.25,,,,,25.92,62.0,,181.0,,,,709.25,
2024-08-14 20:00:00,35.25,96.5,1.15,25.5,13.45,4.1,12.75,1.02,32.34,0.4,1.3,,,,,25.62,66.25,,188.0,,,,710.5,
2024-08-14 21:00:00,31.0,92.0,1.4,24.92,13.52,3.38,11.88,0.95,32.14,0.35,1.2,,,,,25.4,68.0,,154.0,,,,711.0,
2024-08-14 22:00:00,31.0,85.75,1.2,23.95,12.72,2.12,10.22,0.71,32.32,0.3,1.0,,,,,25.08,71.5,,158.75,,,,711.0,
2024-08-14 23:00:00,20.25,65.25,1.3,21.65,11.58,2.08,9.75,0.52,25.52,0.28,0.9,,,,,24.72,75.5,,139.5,,,,710.75,
2024-08-15 00:00:00,15.0,57.75,1.2,20.23,10.72,1.75,7.93,0.44,21.94,0.2,0.7,,,,,24.5,79.5,,195.0,,,,710.0,
2024-08-15 01:00:00,15.5,46.25,1.35,18.15,9.88,1.62,8.43,0.3,21.94,0.2,0.73,,,,,24.35,82.25,,180.0,,,,710.0,
2024-08-15 02:00:00,17.0,30.0,1.4,14.98,8.25,2.0,7.52,0.19,21.96,0.18,0.65,,,,,24.22,83.0,,158.25,,,,710.0,
2024-08-15 03:00:00,,22.75,1.42,14.8,8.18,1.88,7.75,0.2,21.68,0.2,0.65,,,,,24.2,83.0,,187.0,,,,710.0,
2024-08-15 04:00:00,,19.0,1.4,14.75,8.07,2.0,7.92,0.16,21.78,0.2,0.7,,,,,24.08,83.0,,163.5,,,,710.0,
2024-08-15 05:00:00,,22.25,1.15,14.6,7.65,2.4,7.65,0.23,22.36,0.2,0.65,,,,,23.68,83.25,,215.25,,,,709.75,
2024-08-15 06:00:00,,37.0,1.18,14.72,7.8,3.78,8.52,0.38,22.12,0.22,0.78,,,,,23.52,84.5,,200.5,,,,709.5,
2024-08-15 07:00:00,34.5,67.0,1.23,13.85,7.38,5.5,11.88,0.51,21.7,0.35,1.18,,,,,23.9,84.25,,207.75,,,,710.0,
2024-08-15 08:00:00,40.75,97.0,1.3,14.8,7.98,3.78,12.48,0.3,22.23,0.38,1.3,,,,,24.58,78.5,,214.0,,,,711.0,
2024-08-15 09:00:00,21.5,50.75,1.12,14.22,7.42,2.9,9.28,0.24,21.36,0.25,0.88,,,,,25.48,70.25,,215.25,,,,711.0,
2024-08-15 10:00:00,18.75,44.25,1.4,13.72,7.58,2.58,11.05,0.24,22.34,0.3,1.1,,,,,25.5,69.75,,196.0,,,,711.0,
2024-08-15 11:00:00,15.5,37.0,1.48,13.25,7.45,2.72,9.65,0.19,26.32,0.25,0.92,,,,,25.68,69.0,,198.5,,,,710.75,
2024-08-15 12:00:00,18.0,42.25,1.27,13.45,7.22,3.1,10.07,0.28,28.92,0.28,0.95,,,,,26.32,63.25,,196.25,,,,709.75,
2024-08-15 13:00:00,19.75,46.25,1.3,13.52,7.32,2.85,9.22,0.29,29.26,0.28,0.88,,,,,26.58,60.75,,192.5,,,,709.0,
2024-08-15 14:00:00,18.75,44.75,1.25,12.92,6.9,3.22,8.38,0.3,29.05,0.2,0.72,,,,,27.3,56.0,,239.25,,,,708.0,
2024-08-15 15:00:00,23.75,57.25,1.23,12.72,6.75,3.18,8.85,0.27,28.68,0.25,0.8,,,,,26.42,61.5,,204.75,,,,707.5,
2024-08-15 16:00:00,21.5,51.75,1.2,12.68,6.72,3.97,9.25,0.44,29.31,0.25,0.85,,,,,26.12,65.0,,218.75,,,,707.25,
2024-08-15 17:00:00,37.5,89.5,1.05,13.62,7.0,5.78,9.65,0.79,29.41,0.28,0.9,,,,,24.45,85.25,,246.5,,,,708.0,
2024-08-15 18:00:00,18.5,44.0,1.2,16.12,8.5,8.78,14.4,1.47,28.62,0.43,1.52,,,,,24.6,87.5,,206.75,,,,708.25,
2024-08-15 19:00:00,21.75,51.5,1.08,22.75,11.82,11.05,16.45,1.98,28.87,0.5,1.78,,,,,24.38,89.0,,205.0,,,,709.0,
2024-08-15 20:00:00,29.75,71.5,1.15,31.25,16.52,12.45,18.6,2.41,29.3,0.57,2.08,,,,,24.3,89.75,,205.0,,,,709.75,
2024-08-15 21:00:00,35.5,84.75,1.08,34.55,18.15,3.35,18.9,1.09,28.82,0.6,2.1,,,,,24.18,89.25,,221.75,,,,710.5,
2024-08-15 22:00:00,25.0,59.0,1.05,27.58,14.42,0.92,17.15,0.4,29.11,0.52,1.85,,,,,24.5,85.0,,193.0,,,,711.0,
2024-08-15 23:00:00,14.75,34.75,1.3,22.48,12.02,1.12,13.65,0.28,29.36,0.4,1.45,,,,,24.42,81.5,,203.25,,,,711.0,
2024-08-16 00:00:00,11.0,25.0,1.35,19.42,10.5,1.42,11.5,0.28,29.41,0.32,1.12,,,,,24.35,82.25,,200.5,,,,710.0,
2024-08-16 01:00:00,10.5,24.0,1.2,17.05,9.02,1.82,11.27,0.28,29.44,0.33,1.13,,,,,24.35,82.0,,196.5,,,,709.5,
2024-08-16 02:00:00,10.5,24.75,1.23,15.95,8.48,1.92,9.93,0.4,29.2,0.28,0.92,,,,,24.15,82.75,,210.0,,,,709.0,
2024-08-16 03:00:00,17.5,42.0,1.23,16.68,8.88,1.82,9.98,0.43,29.62,0.3,0.92,,,,,24.05,84.5,,203.75,,,,709.0,
2024-08-16 04:00:00,25.25,60.5,1.3,16.15,8.7,1.98,9.48,0.48,28.82,0.28,0.88,,,,,24.1,85.25,,198.5,,,,709.0,
2024-08-16 05:00:00,25.0,59.5,1.25,16.1,8.62,2.02,10.12,0.54,29.19,0.3,0.98,,,,,23.98,86.0,,207.0,,,,709.0,
2024-08-16 06:00:00,19.75,46.75,1.12,15.58,8.1,2.15,10.4,0.5,28.64,0.3,1.02,,,,,23.82,86.25,,194.0,,,,709.0,
2024-08-16 07:00:00,12.5,29.5,1.15,13.62,7.15,2.52,9.65,0.51,29.82,0.28,0.9,,,,,23.82,86.75,,201.5,,,,710.0,
2024-08-16 08:00:00,11.5,26.25,1.25,12.5,6.68,2.72,8.3,0.53,28.4,0.22,0.78,,,,,24.38,83.0,,209.5,,,,710.0,
2024-08-16 09:00:00,17.75,41.25,1.12,12.52,6.52,2.95,8.52,0.55,29.14,0.25,0.78,,,,,24.95,77.5,,218.5,,,,710.0,
2024-08-16 10:00:00,29.0,68.0,1.1,12.95,6.65,2.9,9.02,0.55,28.78,0.2,0.8,,,,,25.4,74.25,,211.5,,,,710.5,
2024-08-16 11:00:00,21.75,51.5,1.25,12.52,6.75,3.2,9.22,0.58,29.31,0.28,0.88,,,,,26.3,67.25,,190.25,,,,710.0,
2024-08-16 12:00:00,25.5,61.5,1.32,12.52,6.82,3.28,9.68,0.68,29.42,0.28,0.92,,,,,26.5,65.25,,210.25,,,,709.25,
2024-08-16 13:00:00,21.25,51.25,1.23,11.88,6.32,4.28,9.15,0.62,28.63,0.25,0.85,,,,,27.45,57.5,,189.0,,,,708.5,
2024-08-16 14:00:00,22.25,52.75,1.18,12.18,6.35,4.1,8.98,0.62,28.51,0.25,0.82,,,,,27.78,55.25,,202.5,,,,707.5,
2024-08-16 15:00:00,23.5,56.0,1.32,11.8,6.42,3.7,9.38,0.64,28.75,0.25,0.85,,,,,26.75,62.0,,188.5,,,,707.0,
2024-08-16 16:00:00,24.5,58.0,1.3,11.9,6.42,3.15,8.7,0.64,28.65,0.25,0.78,,,,,26.48,65.0,,229.25,,,,706.25,
2024-08-16 17:00:00,27.75,66.5,1.35,13.3,7.22,4.85,9.45,0.98,28.89,0.28,0.9,,,,,26.65,65.0,,189.25,,,,706.5,
2024-08-16 18:00:00,33.5,80.5,1.2,15.3,8.07,3.92,10.65,0.86,29.09,0.3,1.05,,,,,23.62,85.0,,194.0,,,,708.0,
2024-08-16 19:00:00,10.25,24.25,1.42,19.18,10.52,8.78,12.82,1.85,29.24,0.4,1.3,,,,,24.0,88.75,,211.5,,,,708.75,
2024-08-16 20:00:00,18.75,44.25,1.18,23.38,12.4,4.12,15.42,1.2,29.24,0.45,1.65,,,,,24.12,89.5,,198.5,,,,710.0,
2024-08-16 21:00:00,23.5,56.0,1.0,22.58,11.65,2.02,15.1,0.86,28.77,0.43,1.6,,,,,24.3,89.75,,223.0,,,,711.0,
2024-08-16 22:00:00,22.25,53.5,1.35,20.6,11.15,1.92,13.4,0.84,28.99,0.4,1.42,,,,,24.38,89.0,,211.25,,,,711.0,
2024-08-16 23:00:00,21.25,50.5,1.15,19.8,10.38,1.58,12.42,0.68,28.46,0.4,1.27,,,,,24.4,87.25,,197.5,,,,710.25,
2024-08-17 00:00:00,15.5,36.0,1.15,18.3,9.6,1.48,12.02,0.47,29.04,0.38,1.2,,,,,24.4,85.0,,192.0,,,,710.0,
2024-08-17 01:00:00,13.75,32.25,1.3,17.27,9.28,1.72,9.9,0.58,29.24,0.27,0.93,,,,,24.25,85.5,,204.25,,,,710.0,
2024-08-17 02:00:00,12.5,28.75,1.15,17.92,9.38,1.68,7.9,0.65,28.1,0.2,0.68,,,,,24.1,86.0,,235.75,,,,710.0,
2024-08-17 03:00:00,10.25,23.25,1.23,17.4,9.3,1.58,7.2,0.54,28.8,0.2,0.57,,,,,24.1,87.0,,217.5,,,,710.0,
2024-08-17 04:00:00,7.5,17.25,1.02,16.68,8.57,1.95,6.8,0.52,29.62,0.15,0.55,,,,,23.82,87.5,,190.25,,,,709.5,
2024-08-17 05:00:00,7.0,17.25,1.3,16.2,8.72,2.58,8.1,0.54,29.06,0.22,0.75,,,,,23.68,88.25,,180.25,,,,709.5,
2024-08-17 06:00:00,216.0,24.0,1.27,15.9,8.52,3.4,8.3,0.65,29.59,0.2,0.72,,,,,23.65,89.0,,186.75,,,,710.0,
2024-08-17 07:00:00,834.0,,1.05,13.18,6.72,4.8,8.6,0.69,28.8,0.22,0.78,,,,,24.0,89.0,,177.5,,,,710.0,
2024-08-17 08:00:00,834.0,,1.08,13.05,6.7,4.82,10.58,0.7,29.08,0.3,1.08,,,,,24.72,86.0,,201.5,,,,710.5,
2024-08-17 09:00:00,834.0,,1.18,13.25,6.98,3.35,10.2,0.71,29.18,0.28,0.98,,,,,25.62,71.0,,193.25,,,,711.0,
2024-08-17 10:00:00,834.0,,1.18,13.45,7.05,2.68,7.92,0.66,28.82,0.2,0.68,,,,,26.02,67.75,,202.5,,,,711.0,
2024-08-17 11:00:00,426.5,42.0,1.18,12.05,6.32,3.08,8.32,0.61,29.0,0.25,0.75,,,,,26.48,66.0,,194.5,,,,710.75,
2024-08-17 12:00:00,15.25,33.5,1.2,12.1,6.38,3.72,10.15,0.52,28.55,0.3,0.98,,,,,27.02,61.0,,200.75,,,,710.0,
2024-08-17 13:00:00,14.5,31.75,1.2,11.92,6.32,4.3,10.7,0.49,28.31,0.3,1.05,,,,,27.6,56.5,,201.0,,,,709.0,
2024-08-17 14:00:00,10.0,22.0,1.25,14.32,7.65,3.12,11.22,0.7,29.64,0.3,1.12,,,,,27.95,54.5,,189.25,,,,708.5,
2024-08-17 15:00:00,11.25,43.25,1.3,14.65,7.9,2.95,11.65,0.64,28.89,0.32,1.18,,,,,28.02,54.25,,196.0,,,,708.0,
2024-08-17 16:00:00,18.25,59.25,1.23,15.75,8.43,3.78,12.0,0.7,28.47,0.38,1.2,,,,,27.92,56.0,,168.0,,,,708.0,
2024-08-17 17:00:00,27.5,73.25,1.25,17.0,9.05,4.12,13.35,0.77,28.76,0.4,1.38,,,,,27.32,58.25,,206.25,,,,708.0,
2024-08-17 18:00:00,26.75,82.25,1.12,17.3,8.98,4.12,14.05,0.74,28.51,0.4,1.48,,,,,26.32,64.0,,194.75,,,,708.5,
2024-08-17 19:00:00,27.25,75.5,1.25,18.1,9.62,4.35,16.05,0.79,28.61,0.5,1.75,,,,,26.12,66.75,,199.0,,,,709.5,
2024-08-17 20:00:00,22.5,79.0,1.25,18.1,9.6,3.02,15.85,0.48,29.28,0.48,1.7,,,,,25.38,71.0,,203.75,,,,710.5,
2024-08-17 21:00:00,21.25,42.5,1.5,16.1,9.0,2.6,14.55,0.38,29.1,0.43,1.55,,,,,24.18,77.75,,224.75,,,,711.0,
2024-08-17 22:00:00,13.0,23.0,1.23,15.32,8.12,2.7,13.55,0.38,29.08,0.4,1.4,,,,,24.12,75.75,,217.25,,,,711.75,
2024-08-17 23:00:00,9.0,11.0,1.27,14.38,7.72,2.35,12.48,0.28,28.4,0.4,1.25,,,,,24.05,77.75,,198.5,,,,712.0,
2024-08-18 00:00:00,8.5,13.25,1.27,13.9,7.5,2.2,12.72,0.02,28.76,0.4,1.3,,,,,23.78,82.25,,196.5,,,,712.0,
2024-08-18 01:00:00,7.0,20.0,1.1,14.0,7.2,2.2,14.43,,29.05,0.43,1.53,,,,,23.7,84.0,,204.5,,,,711.0,
2024-08-18 02:00:00,16.0,25.0,1.08,13.28,6.82,2.25,15.52,,29.19,0.48,1.68,,,,,23.6,85.0,,210.5,,,,711.0,
2024-08-18 03:00:00,12.5,23.0,0.88,14.0,6.88,2.12,15.98,0.46,29.16,0.5,1.75,,,,,23.52,85.5,,199.75,,,,710.0,
2024-08-18 04:00:00,2.0,15.5,1.15,13.02,6.75,2.25,15.18,0.4,29.46,0.43,1.62,,,,,23.5,85.5,,213.0,,,,710.25,
2024-08-18 05:00:00,,11.5,1.25,11.75,6.25,2.52,15.32,0.41,29.73,0.45,1.65,,,,,23.45,85.25,,224.5,,,,711.0,
2024-08-18 06:00:00,,13.5,1.27,10.98,5.95,2.85,14.7,0.43,29.32,0.43,1.55,,,,,23.48,85.5,,235.75,,,,711.0,
2024-08-18 07:00:00,,16.0,1.38,10.1,5.65,3.22,16.42,0.43,29.93,0.5,1.8,,,,,23.75,84.0,,220.5,,,,711.0,
2024-08-18 08:00:00,,22.5,1.08,10.45,5.32,3.22,16.48,0.43,29.63,0.5,1.8,,,,,24.15,80.75,,224.25,,,,711.75,
2024-08-18 09:00:00,12.0,30.75,0.95,10.68,5.22,3.08,15.38,0.43,28.95,0.48,1.68,,,,,24.8,75.75,,209.5,,,,712.0,
2024-08-18 10:00:00,10.5,28.0,1.1,10.58,5.45,3.15,14.52,0.43,28.8,0.4,1.52,,,,,25.72,68.75,,210.25,,,,712.0,
2024-08-18 11:00:00,14.0,37.0,1.1,10.62,5.42,3.18,13.4,0.41,29.6,0.4,1.4,,,,,26.25,65.0,,198.25,,,,712.0,
2024-08-18 12:00:00,12.5,32.5,1.25,10.45,5.52,3.75,14.28,0.48,29.44,0.4,1.52,,,,,26.75,62.5,,187.0,,,,711.25,
2024-08-18 13:00:00,21.5,57.75,1.38,10.28,5.7,3.6,14.05,0.51,29.46,0.4,1.48,,,,,26.98,59.75,,219.5,,,,710.25,
2024-08-18 14:00:00,30.25,80.5,1.2,11.2,5.92,3.3,15.0,0.54,29.31,0.43,1.6,,,,,26.7,61.25,,195.25,,,,709.75,
2024-08-18 15:00:00,16.0,43.0,1.3,10.95,5.92,3.75,14.5,0.6,28.66,0.4,1.52,,,,,24.98,74.25,,211.75,,,,709.5,
2024-08-18 16:00:00,16.25,43.5,1.25,11.72,6.28,4.65,15.3,0.86,29.82,0.45,1.65,,,,,24.05,85.0,,197.5,,,,709.5,
2024-08-18 17:00:00,14.25,37.5,1.15,13.6,7.1,6.35,16.5,0.97,29.47,0.5,1.82,,,,,23.88,86.75,,192.75,,,,710.0,
2024-08-18 18:00:00,9.75,25.0,1.3,16.08,8.6,6.25,19.35,1.1,29.9,0.6,2.17,,,,,23.68,87.25,,249.25,,,,710.0,
2024-08-18 19:00:00,22.0,57.75,1.18,18.2,9.6,6.43,20.45,1.36,29.62,0.62,2.28,,,,,23.8,87.5,,202.0,,,,710.75,
2024-08-18 20:00:00,26.5,70.0,1.1,21.18,11.1,7.82,23.6,1.62,29.46,0.75,2.72,,,,,23.9,86.5,,248.5,,,,711.0,
2024-08-18 21:00:00,31.5,83.5,1.4,23.85,13.0,7.93,25.68,1.68,27.58,0.85,2.98,,,,,23.75,86.75,,219.5,,,,712.0,
2024-08-18 22:00:00,34.75,92.0,1.22,25.4,13.5,5.15,26.02,1.29,21.42,0.85,3.05,,,,,23.72,87.0,,262.0,,,,712.5,
2024-08-18 23:00:00,37.5,97.5,1.02,24.85,12.88,4.7,25.32,1.2,21.89,0.82,2.92,,,,,23.8,87.0,,219.0,,,,712.75,
2024-08-19 00:00:00,25.0,64.75,1.1,22.8,11.95,1.78,23.5,0.34,21.65,0.78,2.7,,,,,23.68,87.0,,199.0,,,,712.0,
2024-08-19 01:00:00,8.75,22.25,1.2,19.5,10.3,2.05,15.8,0.3,21.89,0.5,1.7,,,,,23.58,87.0,,274.25,,,,711.5,
2024-08-19 02:00:00,5.75,15.75,1.12,17.55,9.18,2.35,10.98,0.35,22.22,0.3,1.08,,,,,23.3,87.5,,277.0,,,,710.5,
2024-08-19 03:00:00,7.5,20.0,1.25,17.42,9.32,2.08,10.3,0.38,22.39,0.3,1.02,,,,,23.2,88.5,,277.0,,,,710.0,
2024-08-19 04:00:00,6.25,17.25,1.27,17.2,9.25,2.28,10.0,0.45,22.15,0.3,0.92,,,,,23.32,89.25,,240.0,,,,710.0,
2024-08-19 05:00:00,6.75,17.75,1.32,16.18,8.8,2.33,9.48,0.29,21.77,0.28,0.88,,,,,23.42,89.0,,191.25,,,,710.0,
2024-08-19 06:00:00,6.75,18.5,1.12,15.92,8.32,2.48,8.45,0.28,22.78,0.2,0.8,,,,,23.42,89.0,,209.25,,,,710.75,
2024-08-19 07:00:00,9.25,23.5,1.23,13.82,7.32,3.02,8.48,0.27,21.64,0.2,0.78,,,,,23.75,88.5,,221.75,,,,711.5,
2024-08-19 08:00:00,12.25,31.0,1.35,13.08,7.12,3.58,8.52,0.38,22.26,0.2,0.78,,,,,24.38,85.0,,203.5,,,,712.0,
2024-08-19 09:00:00,18.25,47.0,1.1,13.9,7.18,3.45,9.48,0.34,22.34,0.28,0.88,,,,,24.95,77.75,,205.25,,,,712.0,
2024-08-19 10:00:00,15.25,39.5,1.2,13.48,7.18,2.92,9.02,0.26,22.47,0.25,0.85,,,,,25.42,74.5,,212.75,,,,712.0,
2024-08-19 11:00:00,13.75,36.75,1.2,13.38,7.08,3.1,8.6,0.27,22.08,0.2,0.8,,,,,26.2,68.5,,198.25,,,,711.25,
2024-08-19 12:00:00,15.75,41.5,1.27,13.72,7.35,3.42,7.62,0.25,21.87,0.2,0.65,,,,,26.78,64.0,,206.75,,,,710.5,
2024-08-19 13:00:00,13.75,36.75,1.48,13.18,7.4,3.72,7.98,0.19,21.84,0.2,0.7,,,,,27.15,60.5,,197.25,,,,709.5,
2024-08-19 14:00:00,11.5,30.75,1.3,13.35,7.25,3.82,7.15,0.2,21.73,0.2,0.6,,,,,27.3,59.25,,200.0,,,,708.5,
2024-08-19 15:00:00,18.75,49.0,1.3,13.65,7.4,4.32,7.45,0.36,23.66,0.2,0.62,,,,,26.58,62.75,,216.25,,,,707.75,
2024-08-19 16:00:00,27.25,71.0,1.3,14.55,7.85,3.92,8.02,0.35,26.08,0.2,0.7,,,,,25.9,67.5,,227.0,,,,707.75,
2024-08-19 17:00:00,26.5,70.25,1.15,15.05,7.9,3.68,8.25,0.36,25.46,0.2,0.75,,,,,25.9,67.25,,193.25,,,,708.0,
2024-08-19 18:00:00,22.0,59.0,1.0,14.95,7.6,3.92,8.05,0.38,25.15,0.2,0.7,,,,,25.52,67.0,,196.25,,,,708.75,
2024-08-19 19:00:00,19.75,52.75,1.3,14.28,7.75,3.28,7.65,0.39,26.15,0.2,0.65,,,,,25.05,74.75,,196.75,,,,710.0,
2024-08-19 20:00:00,11.75,30.75,1.38,13.92,7.65,2.82,8.82,0.22,25.39,0.25,0.82,,,,,24.42,77.25,,200.5,,,,711.0,
2024-08-19 21:00:00,7.5,20.0,1.1,13.62,7.08,2.5,8.0,0.13,25.2,0.2,0.7,,,,,24.15,82.0,,205.25,,,,711.75,
2024-08-19 22:00:00,5.0,14.0,1.23,12.62,6.75,2.5,8.65,,26.54,0.2,0.75,,,,,23.92,84.0,,206.5,,,,712.0,
2024-08-19 23:00:00,2.25,6.0,1.32,12.48,6.8,2.5,8.48,0.26,25.86,0.2,0.78,,,,,23.8,84.75,,235.75,,,,712.0,
2024-08-20 00:00:00,3.75,10.5,1.3,12.3,6.65,2.65,8.38,0.19,25.35,0.2,0.72,,,,,23.58,86.5,,226.0,,,,711.75,
2024-08-20 01:00:00,6.0,15.0,1.23,11.88,6.28,2.6,11.07,0.21,25.89,0.33,1.1,,,,,23.55,86.5,,228.75,,,,711.0,
2024-08-20 02:00:00,,1.0,1.12,11.88,6.12,2.52,11.95,0.26,25.67,0.35,1.2,,,,,23.5,85.5,,238.0,,,,710.25,
2024-08-20 03:00:00,2.0,1.75,1.18,12.68,6.62,2.42,12.75,0.32,25.8,0.4,1.32,,,,,23.5,85.0,,225.25,,,,710.0,
2024-08-20 04:00:00,1.75,3.75,1.15,11.98,6.25,2.35,12.5,0.3,24.89,0.4,1.27,,,,,23.5,85.0,,235.0,,,,710.0,
2024-08-20 05:00:00,1.75,4.75,1.3,12.02,6.48,2.45,13.08,0.35,25.81,0.4,1.32,,,,,23.5,85.25,,236.5,,,,710.0,
2024-08-20 06:00:00,5.75,14.75,1.48,11.62,6.55,2.88,12.18,0.36,25.71,0.38,1.23,,,,,23.55,86.0,,229.0,,,,710.5,
2024-08-20 07:00:00,12.0,31.5,1.4,10.68,5.98,3.5,12.02,0.39,25.94,0.35,1.23,,,,,23.68,84.25,,233.25,,,,711.0,
2024-08-20 08:00:00,13.75,35.75,1.3,11.02,5.95,3.45,11.85,0.41,26.28,0.35,1.18,,,,,24.12,79.75,,224.25,,,,711.25,
2024-08-20 09:00:00,10.25,26.75,1.15,11.18,5.8,3.5,12.27,0.46,25.89,0.38,1.23,,,,,24.98,73.0,,217.25,,,,711.0,
2024-08-20 10:00:00,14.25,37.25,1.1,11.32,5.82,3.65,12.15,0.52,25.71,0.38,1.23,,,,,25.8,66.75,,209.75,,,,711.0,
2024-08-20 11:00:00,23.75,61.5,1.25,11.05,5.98,3.82,12.35,0.54,26.16,0.4,1.27,,,,,26.38,62.75,,200.25,,,,711.0,
2024-08-20 12:00:00,23.25,61.0,1.38,11.18,6.2,4.08,12.5,0.5,25.06,0.38,1.27,,,,,27.02,59.0,,189.0,,,,710.75,
2024-08-20 13:00:00,22.75,60.5,1.4,11.12,6.2,4.0,12.52,0.49,25.89,0.4,1.27,,,,,27.4,57.25,,189.75,,,,709.75,
2024-08-20 14:00:00,18.75,49.25,1.25,11.55,6.15,3.6,12.8,0.45,26.0,0.4,1.35,,,,,26.95,59.0,,209.0,,,,709.0,
2024-08-20 15:00:00,17.0,44.75,1.3,12.2,6.6,3.65,12.58,0.48,25.24,0.4,1.3,,,,,27.42,56.25,,199.75,,,,708.0,
2024-08-20 16:00:00,14.75,39.75,1.2,12.4,6.5,3.9,13.35,0.53,25.17,0.4,1.4,,,,,26.85,57.75,,198.75,,,,708.0,
2024-08-20 17:00:00,15.25,40.5,1.2,12.7,6.7,4.1,13.78,0.49,25.65,0.4,1.45,,,,,25.55,69.5,,207.75,,,,708.75,
2024-08-20 18:00:00,10.25,27.75,1.27,14.08,7.6,6.82,13.85,0.91,25.68,0.4,1.45,,,,,24.3,84.0,,248.25,,,,709.0,
2024-08-20 19:00:00,12.0,32.5,1.12,17.77,9.25,6.7,16.33,1.27,25.83,0.5,1.78,,,,,24.32,83.25,,215.5,,,,710.0,
2024-08-20 20:00:00,17.25,45.75,1.18,18.25,9.57,4.25,16.27,0.9,25.46,0.5,1.75,,,,,24.62,78.5,,202.25,,,,711.0,
2024-08-20 21:00:00,22.75,59.75,1.3,17.42,9.35,3.68,16.58,0.82,25.68,0.5,1.78,,,,,24.8,77.75,,202.0,,,,711.75,
2024-08-20 22:00:00,16.25,43.0,1.3,16.67,8.95,3.05,16.5,0.67,25.69,0.5,1.78,,,,,24.05,83.0,,208.25,,,,712.5,
2024-08-20 23:00:00,9.0,24.5,1.12,15.92,8.3,2.5,14.3,0.53,25.29,0.4,1.5,,,,,23.85,86.75,,202.25,,,,713.0,
2024-08-21 00:00:00,11.5,30.25,1.18,15.1,7.93,2.28,13.62,0.45,21.23,0.4,1.45,,,,,23.9,87.0,,191.75,,,,712.25,
2024-08-21 01:00:00,8.25,20.75,1.2,14.15,7.45,2.2,12.3,0.38,22.15,0.4,1.27,,,,,23.75,87.5,,188.75,,,,712.0,
2024-08-21 02:00:00,3.25,8.5,1.1,13.32,6.92,2.48,10.68,0.38,22.05,0.3,1.05,,,,,23.68,88.75,,203.5,,,,711.0,
2024-08-21 03:00:00,3.5,8.75,1.05,13.82,7.05,2.08,10.75,0.47,21.77,0.3,1.05,,,,,23.58,89.5,,190.5,,,,711.0,
2024-08-21 04:00:00,2.0,5.0,1.3,13.48,7.3,2.1,11.15,0.47,22.11,0.3,1.15,,,,,23.5,90.0,,197.0,,,,711.0,
2024-08-21 05:00:00,2.25,6.0,1.25,13.1,7.02,2.4,10.68,0.47,21.9,0.3,1.05,,,,,23.48,90.0,,198.75,,,,711.25,
2024-08-21 06:00:00,3.5,10.0,1.25,13.15,7.1,2.55,10.92,0.47,22.42,0.32,1.08,,,,,23.48,90.0,,191.0,,,,712.0,
2024-08-21 07:00:00,5.5,14.25,1.4,11.75,6.5,2.9,11.7,0.54,21.71,0.35,1.18,,,,,23.62,89.0,,198.75,,,,712.25,
2024-08-21 08:00:00,7.25,18.75,1.3,11.4,6.15,3.08,11.35,0.55,22.09,0.3,1.12,,,,,24.05,85.25,,196.5,,,,713.0,
2024-08-21 09:00:00,8.0,20.75,1.23,11.75,6.25,3.32,10.68,0.62,22.09,0.3,1.02,,,,,24.78,76.5,,194.75,,,,713.0,
2024-08-21 10:00:00,9.0,23.0,1.27,11.95,6.45,3.72,10.65,0.7,21.83,0.3,1.05,,,,,25.42,70.75,,211.25,,,,713.0,
2024-08-21 11:00:00,13.25,35.0,1.35,12.25,6.7,4.28,11.9,0.63,22.35,0.38,1.18,,,,,26.22,65.75,,188.25,,,,712.25,
2024-08-21 12:00:00,15.75,41.0,1.3,13.28,7.12,4.42,11.82,0.68,21.8,0.38,1.18,,,,,26.0,67.0,,192.75,,,,712.0,
2024-08-21 13:00:00,11.0,29.5,1.45,12.82,7.22,4.05,10.78,0.61,21.59,0.3,1.08,,,,,25.88,66.5,,195.25,,,,711.0,
2024-08-21 14:00:00,8.0,21.5,1.2,12.55,6.65,3.58,11.42,0.6,21.51,0.32,1.12,,,,,26.38,61.0,,198.25,,,,710.25,
2024-08-21 15:00:00,6.75,17.25,1.3,12.1,6.58,3.02,9.62,0.5,22.18,0.25,0.9,,,,,25.85,63.0,,192.5,,,,710.0,
2024-08-21 16:00:00,3.25,9.25,1.25,12.28,6.52,3.08,8.8,0.52,22.06,0.22,0.82,,,,,25.95,66.25,,198.0,,,,709.75,
2024-08-21 17:00:00,5.5,14.25,1.05,12.5,6.35,3.22,8.2,0.54,21.9,0.2,0.72,,,,,25.48,67.75,,196.25,,,,710.0,
2024-08-21 18:00:00,9.75,26.25,1.15,11.62,6.02,3.08,8.78,0.54,23.08,0.22,0.82,,,,,23.88,69.75,,207.5,,,,711.0,
2024-08-21 19:00:00,8.5,22.5,1.15,11.2,5.82,3.48,8.45,0.55,21.94,0.2,0.75,,,,,23.68,70.0,,197.0,,,,711.0,
2024-08-21 20:00:00,6.25,16.25,1.15,11.38,5.98,3.58,9.93,0.58,22.05,0.3,0.92,,,,,23.55,74.5,,201.25,,,,711.75,
2024-08-21 21:00:00,4.75,12.75,1.18,11.0,5.75,3.32,9.48,0.55,21.92,0.3,0.9,,,,,23.42,76.5,,213.25,,,,712.25,
2024-08-21 22:00:00,6.25,16.0,1.15,11.15,5.82,2.88,9.0,0.5,22.59,0.22,0.82,,,,,23.28,78.0,,205.75,,,,713.0,
2024-08-21 23:00:00,3.5,9.0,1.12,10.7,5.55,2.78,9.7,0.47,21.98,0.28,0.9,,,,,23.05,80.25,,208.0,,,,713.0,
2024-08-22 00:00:00,2.0,4.75,1.2,10.12,5.35,2.7,8.48,0.24,22.36,0.2,0.78,,,,,22.9,82.5,,205.0,,,,712.5,
2024-08-22 01:00:00,1.0,1.5,1.08,10.07,5.1,2.68,11.03,0.21,21.79,0.3,1.1,,,,,22.8,83.5,,208.5,,,,712.25,
2024-08-22 02:00:00,1.25,3.75,1.18,9.62,5.05,2.75,11.9,0.27,21.65,0.38,1.2,,,,,22.75,83.5,,218.25,,,,712.0,
2024-08-22 03:00:00,2.25,6.25,1.35,9.62,5.3,2.7,9.95,0.3,22.07,0.3,0.98,,,,,22.58,84.0,,216.25,,,,712.0,
2024-08-22 04:00:00,2.75,6.5,1.0,10.02,4.97,2.7,9.6,0.38,21.74,0.28,0.9,,,,,22.42,85.5,,200.0,,,,712.0,
2024-08-22 05:00:00,2.25,5.5,1.2,9.55,5.08,2.8,9.78,0.31,21.73,0.3,0.92,,,,,22.22,85.5,,211.25,,,,712.5,
2024-08-22 06:00:00,3.0,7.25,1.2,9.4,4.92,3.0,10.85,0.33,21.64,0.3,1.1,,,,,22.22,85.5,,209.25,,,,713.0,
2024-08-22 07:00:00,3.5,9.0,1.3,8.95,4.85,3.3,11.9,0.42,22.1,0.38,1.2,,,,,22.5,84.25,,209.75,,,,713.5,
2024-08-22 08:00:00,4.5,11.25,1.08,9.25,4.7,3.3,12.75,0.44,21.83,0.4,1.3,,,,,23.0,79.25,,207.75,,,,714.0,
2024-08-22 09:00:00,3.75,10.75,1.23,8.62,4.55,3.55,13.02,0.47,21.68,0.4,1.35,,,,,23.7,73.25,,222.0,,,,714.0,
2024-08-22 10:00:00,6.5,17.25,1.32,8.85,4.82,3.55,13.25,0.5,21.6,0.4,1.38,,,,,24.55,67.5,,203.5,,,,714.0,
2024-08-22 11:00:00,8.5,22.5,0.98,10.8,5.35,3.45,13.1,0.61,21.6,0.4,1.38,,,,,25.18,64.0,,206.5,,,,714.0,
2024-08-22 12:00:00,10.25,27.75,1.4,10.12,5.65,3.52,12.68,0.53,21.99,0.4,1.3,,,,,25.52,61.25,,208.0,,,,713.25,
2024-08-22 13:00:00,10.0,27.25,1.4,10.55,5.9,3.5,13.05,0.47,21.47,0.4,1.38,,,,,25.9,58.75,,203.25,,,,712.0,
2024-08-22 14:00:00,8.0,21.25,1.32,11.05,6.05,3.12,13.28,0.42,20.28,0.4,1.38,,,,,25.88,59.0,,203.0,,,,712.0,
2024-08-22 15:00:00,10.25,26.5,1.08,13.92,7.15,2.7,11.72,0.4,23.72,0.35,1.18,,,,,26.15,57.0,,208.25,,,,711.5,
2024-08-22 16:00:00,8.5,23.25,1.32,10.75,5.95,3.22,13.2,0.17,22.38,0.4,1.38,,,,,26.38,55.75,,219.25,,,,711.0,
2024-08-22 17:00:00,9.5,25.5,1.35,10.72,5.92,3.52,13.2,0.94,21.73,0.4,1.38,,,,,25.9,58.25,,200.0,,,,711.25,
2024-08-22 18:00:00,9.25,24.5,1.2,9.48,4.95,4.03,12.58,0.74,21.91,0.4,1.27,,,,,25.42,61.0,,196.5,,,,712.0,
2024-08-22 19:00:00,13.0,35.0,1.05,10.25,5.15,4.42,13.0,0.87,22.33,0.4,1.35,,,,,25.1,64.25,,194.0,,,,712.5,
2024-08-22 20:00:00,13.25,35.5,1.2,10.75,5.7,4.1,13.25,0.85,22.23,0.4,1.38,,,,,24.75,69.25,,193.5,,,,713.75,
2024-08-22 21:00:00,13.0,34.0,1.15,10.8,5.6,3.7,13.7,0.81,22.17,0.4,1.42,,,,,24.48,71.25,,195.0,,,,714.75,
2024-08-22 22:00:00,9.5,23.75,1.4,10.05,5.65,3.3,13.85,0.74,21.87,0.4,1.45,,,,,24.25,72.75,,202.75,,,,715.0,
2024-08-22 23:00:00,7.75,19.75,1.23,9.95,5.3,3.12,14.32,0.7,22.5,0.4,1.5,,,,,23.98,75.75,,200.25,,,,715.0,
2024-08-23 00:00:00,7.0,19.0,1.3,9.8,5.3,3.02,13.9,0.16,22.18,0.4,1.48,,,,,23.72,76.75,,204.75,,,,714.25,
2024-08-23 01:00:00,6.25,16.75,1.23,9.85,5.3,2.9,14.17,0.12,22.08,0.4,1.5,,,,,23.45,79.0,,210.5,,,,714.0,
2024-08-23 02:00:00,4.25,11.0,1.27,9.38,5.0,2.9,13.82,0.16,21.96,0.4,1.48,,,,,23.28,80.75,,226.5,,,,713.0,
2024-08-23 03:00:00,5.5,15.0,1.02,9.8,4.88,2.88,12.62,0.39,22.06,0.38,1.3,,,,,23.1,82.75,,216.0,,,,713.0,
2024-08-23 04:00:00,6.25,16.0,1.08,9.95,5.08,2.78,11.95,0.35,22.48,0.38,1.2,,,,,22.98,84.0,,223.75,,,,713.0,
2024-08-23 05:00:00,4.0,10.25,1.15,9.6,5.0,2.92,12.08,0.36,21.78,0.38,1.23,,,,,22.9,84.0,,211.25,,,,713.0,
2024-08-23 06:00:00,5.0,13.5,1.15,9.8,5.08,3.35,12.35,0.41,22.26,0.38,1.25,,,,,22.82,84.75,,208.0,,,,713.25,
2024-08-23 07:00:00,8.5,22.25,1.4,8.98,5.0,3.55,13.4,0.43,21.53,0.4,1.42,,,,,22.98,83.25,,212.5,,,,714.0,
2024-08-23 08:00:00,10.0,26.25,1.2,8.93,4.7,3.6,13.52,0.39,22.12,0.4,1.4,,,,,23.42,80.25,,205.0,,,,714.0,
2024-08-23 09:00:00,10.25,27.25,1.45,8.88,5.08,3.52,13.8,0.34,21.53,0.4,1.48,,,,,24.18,73.5,,220.0,,,,714.5,
2024-08-23 10:00:00,11.0,28.5,1.27,8.8,4.75,3.5,13.22,0.32,22.18,0.4,1.38,,,,,25.1,65.0,,214.75,,,,715.0,
2024-08-23 11:00:00,11.25,30.5,1.02,9.12,4.6,3.65,13.02,0.3,22.18,0.4,1.38,,,,,25.58,62.0,,210.25,,,,714.0,
2024-08-23 12:00:00,11.25,30.0,1.12,8.98,4.62,3.95,13.8,0.32,22.16,0.4,1.45,,,,,26.1,57.75,,217.25,,,,713.75,
2024-08-23 13:00:00,9.5,25.25,1.32,8.88,4.88,3.8,13.52,0.3,21.93,0.4,1.38,,,,,26.25,56.25,,208.75,,,,712.75,
2024-08-23 14:00:00,11.5,30.25,1.42,8.93,5.08,3.5,13.22,0.3,21.8,0.4,1.38,,,,,26.28,56.25,,208.0,,,,712.0,
2024-08-23 15:00:00,12.5,33.0,1.32,9.12,5.0,3.48,13.25,0.35,22.17,0.4,1.4,,,,,26.42,54.75,,210.0,,,,712.0,
2024-08-23 16:00:00,11.0,30.0,1.35,9.07,5.0,3.48,13.2,0.36,21.61,0.4,1.35,,,,,26.65,53.75,,207.0,,,,712.0,
2024-08-23 17:00:00,12.0,32.5,1.18,9.45,5.0,3.55,13.2,0.32,21.76,0.4,1.38,,,,,26.35,55.5,,211.0,,,,712.0,
2024-08-23 18:00:00,15.75,41.75,1.2,9.7,5.08,3.85,13.6,0.36,21.29,0.4,1.4,,,,,25.75,59.5,,203.75,,,,712.0,
2024-08-23 19:00:00,18.0,47.25,1.23,9.98,5.35,4.47,13.0,0.5,20.73,0.4,1.32,,,,,25.35,62.5,,201.25,,,,713.0,
2024-08-23 20:00:00,17.25,45.75,1.48,9.55,5.45,4.22,14.7,0.44,18.92,0.4,1.52,,,,,25.05,64.5,,210.5,,,,713.5,
2024-08-23 21:00:00,14.75,38.5,1.32,10.3,5.65,4.1,15.15,0.54,17.96,0.43,1.62,,,,,24.68,68.5,,213.5,,,,714.25,
2024-08-23 22:00:00,13.25,35.0,1.27,10.3,5.55,3.45,14.32,0.43,18.42,0.4,1.5,,,,,24.25,73.0,,208.75,,,,715.0,
2024-08-23 23:00:00,11.0,29.25,1.45,10.38,5.85,3.1,13.45,0.4,18.73,0.4,1.42,,,,,23.85,76.5,,213.0,,,,715.0,
2024-08-24 00:00:00,9.5,25.5,1.15,10.25,5.35,2.9,13.5,0.51,18.39,0.4,1.4,,,,,23.48,80.5,,217.0,,,,714.25,
2024-08-24 01:00:00,4.5,11.0,1.4,9.57,5.35,2.8,11.5,0.48,18.15,0.33,1.17,,,,,23.2,82.5,,224.0,,,,714.0,
2024-08-24 02:00:00,2.75,7.25,1.38,9.38,5.22,2.78,10.92,0.44,18.92,0.3,1.08,,,,,23.0,84.25,,211.5,,,,713.5,
2024-08-24 03:00:00,2.0,4.75,1.18,9.72,5.12,2.75,10.4,0.41,18.37,0.3,0.98,,,,,22.88,85.0,,210.0,,,,713.0,
2024-08-24 04:00:00,3.0,6.75,1.4,9.57,5.42,2.78,10.22,0.31,18.45,0.3,1.0,,,,,22.78,86.0,,209.75,,,,713.25,
2024-08-24 05:00:00,6.25,16.0,1.3,9.4,5.12,2.92,10.25,0.24,18.3,0.3,1.0,,,,,22.7,86.5,,211.25,,,,714.0,
2024-08-24 06:00:00,7.5,20.0,1.23,9.32,4.92,3.08,10.8,0.3,18.55,0.3,1.05,,,,,22.7,86.0,,215.75,,,,714.25,
2024-08-24 07:00:00,9.0,23.0,1.23,8.55,4.6,3.48,11.15,0.33,18.34,0.3,1.12,,,,,22.78,85.75,,216.0,,,,715.0,
2024-08-24 08:00:00,9.25,23.5,1.18,8.5,4.43,3.48,11.32,0.35,18.4,0.3,1.12,,,,,23.2,82.75,,216.5,,,,715.0,
2024-08-24 09:00:00,11.5,29.25,1.1,9.02,4.58,3.4,11.08,0.33,18.24,0.3,1.1,,,,,23.75,77.0,,214.75,,,,715.0,
2024-08-24 10:00:00,16.5,43.5,1.38,8.5,4.78,3.35,11.3,0.31,18.5,0.3,1.1,,,,,24.55,70.5,,209.25,,,,715.0,
2024-08-24 11:00:00,18.25,48.5,1.27,8.48,4.55,3.5,11.2,0.32,18.3,0.3,1.12,,,,,25.15,65.75,,213.25,,,,714.75,
2024-08-24 12:00:00,18.25,48.0,1.25,8.48,4.53,3.58,10.92,0.34,18.46,0.3,1.08,,,,,25.62,61.0,,214.25,,,,714.0,
2024-08-24 13:00:00,15.5,40.75,1.02,8.75,4.32,3.68,10.95,0.34,18.4,0.3,1.08,,,,,25.92,60.0,,219.5,,,,713.25,
2024-08-24 14:00:00,15.75,41.25,1.3,8.72,4.75,3.6,11.42,0.35,18.16,0.32,1.12,,,,,26.02,57.75,,209.75,,,,712.5,
2024-08-24 15:00:00,20.0,52.0,1.3,8.9,4.82,3.52,11.2,0.32,18.17,0.32,1.08,,,,,25.75,61.75,,219.0,,,,712.0,
2024-08-24 16:00:00,18.0,48.5,1.38,9.12,5.05,3.5,11.9,0.23,17.89,0.38,1.2,,,,,25.75,61.25,,209.75,,,,712.0,
2024-08-24 17:00:00,20.75,55.0,1.25,8.85,4.72,3.6,12.0,0.27,18.77,0.38,1.2,,,,,25.35,61.25,,212.5,,,,712.75,
2024-08-24 18:00:00,19.5,51.0,1.15,9.12,4.75,3.88,11.52,0.29,18.01,0.3,1.18,,,,,24.95,65.0,,221.75,,,,713.0,
2024-08-24 19:00:00,16.0,42.25,1.23,9.3,4.92,3.97,12.08,0.29,17.79,0.38,1.2,,,,,24.45,66.75,,224.5,,,,714.0,
2024-08-24 20:00:00,9.0,23.0,1.25,9.18,4.92,3.6,11.92,0.34,18.67,0.38,1.18,,,,,24.05,70.75,,214.25,,,,714.5,
2024-08-24 21:00:00,6.75,18.5,1.25,9.18,4.88,3.52,13.05,0.36,18.37,0.4,1.35,,,,,23.72,75.25,,211.75,,,,715.0,
2024-08-24 22:00:00,9.0,23.0,1.27,8.95,4.85,3.42,13.08,0.36,18.74,0.4,1.38,,,,,23.5,78.0,,210.0,,,,715.0,
2024-08-24 23:00:00,8.0,20.25,1.23,8.85,4.8,3.22,12.22,0.34,18.77,0.4,1.23,,,,,23.3,79.75,,213.5,,,,715.0,
2024-08-25 00:00:00,5.25,12.75,1.2,8.68,4.57,3.12,11.82,,18.46,0.35,1.2,,,,,23.1,81.5,,221.25,,,,714.5,
2024-08-25 01:00:00,6.5,16.25,1.2,8.52,4.47,3.1,10.9,0.36,18.37,0.3,1.1,,,,,22.92,83.25,,212.0,,,,714.0,
2024-08-25 02:00:00,8.0,20.0,1.12,8.55,4.32,3.05,10.98,0.28,18.32,0.3,1.1,,,,,22.75,84.25,,212.0,,,,713.5,
2024-08-25 03:00:00,7.25,18.25,1.08,8.82,4.47,2.92,10.25,0.33,17.93,0.3,1.02,,,,,22.6,85.0,,214.75,,,,713.0,
2024-08-25 04:00:00,5.25,13.75,1.27,8.55,4.65,3.0,10.15,0.3,18.5,0.3,1.0,,,,,22.6,86.0,,205.25,,,,713.0,
2024-08-25 05:00:00,6.0,16.25,1.27,8.27,4.47,3.1,10.38,0.27,18.13,0.3,1.0,,,,,22.58,86.0,,214.0,,,,713.25,
2024-08-25 06:00:00,6.5,18.25,1.3,8.7,4.75,3.3,10.52,0.32,18.74,0.3,1.05,,,,,22.6,86.0,,207.75,,,,714.0,
2024-08-25 07:00:00,8.0,21.75,1.12,8.43,4.28,3.48,10.7,0.33,18.63,0.3,1.05,,,,,22.6,86.0,,210.75,,,,714.0,
2024-08-25 08:00:00,9.25,24.0,1.18,8.05,4.2,3.5,10.7,0.31,18.7,0.32,1.02,,,,,22.9,84.25,,214.0,,,,715.0,
2024-08-25 09:00:00,14.75,38.0,1.42,8.02,4.58,3.52,11.75,0.35,18.11,0.32,1.2,,,,,23.3,81.5,,212.5,,,,715.0,
2024-08-25 10:00:00,19.75,52.5,1.3,8.32,4.55,3.6,10.95,0.33,17.77,0.3,1.08,,,,,23.75,77.25,,210.25,,,,715.0,
2024-08-25 11:00:00,20.5,54.5,1.2,8.52,4.5,3.52,11.3,0.33,24.45,0.32,1.12,,,,,24.58,70.75,,215.75,,,,714.0,
2024-08-25 12:00:00,24.75,64.25,1.25,8.5,4.6,3.48,11.18,0.32,27.05,0.3,1.08,,,,,25.2,64.75,,216.5,,,,713.5,
2024-08-25 13:00:00,22.5,58.25,1.42,7.95,4.53,3.55,10.73,0.35,27.3,0.3,1.05,,,,,25.38,62.75,,219.25,,,,712.5,
2024-08-25 14:00:00,17.5,45.75,1.27,10.3,5.55,3.22,9.75,0.21,27.5,0.28,0.92,,,,,25.9,60.25,,222.75,,,,712.0,
2024-08-25 15:00:00,18.75,49.5,1.35,11.62,6.35,2.8,9.6,0.64,26.32,0.28,0.9,,,,,25.62,62.25,,215.0,,,,712.0,
2024-08-25 16:00:00,25.0,66.75,1.18,12.75,6.7,2.68,8.95,0.88,28.56,0.22,0.82,,,,,25.45,65.0,,219.25,,,,711.0,
2024-08-25 17:00:00,20.5,55.0,1.2,8.75,4.65,3.32,10.5,0.65,27.34,0.3,1.02,,,,,25.75,56.75,,219.5,,,,712.0,
2024-08-25 18:00:00,23.25,62.25,1.2,7.68,4.03,3.68,10.45,0.7,26.66,0.3,1.0,,,,,24.95,61.5,,216.75,,,,712.0,
2024-08-25 19:00:00,16.0,42.75,1.08,7.85,3.95,3.8,10.0,0.66,27.54,0.3,0.92,,,,,24.55,62.75,,228.75,,,,713.0,
2024-08-25 20:00:00,10.0,26.5,1.23,7.78,4.12,3.7,9.95,0.67,27.28,0.3,0.92,,,,,24.1,66.25,,217.25,,,,713.0,
2024-08-25 21:00:00,9.75,24.75,1.32,7.75,4.28,3.78,11.12,0.65,28.36,0.3,1.1,,,,,23.7,71.25,,208.0,,,,714.0,
2024-08-25 22:00:00,8.75,23.25,1.35,8.15,4.53,3.5,11.4,0.7,27.57,0.3,1.15,,,,,23.3,78.0,,216.25,,,,714.0,
2024-08-25 23:00:00,7.5,19.75,1.25,8.28,4.4,3.38,11.25,0.62,27.46,0.32,1.15,,,,,23.0,80.75,,209.0,,,,714.0,
2024-08-26 00:00:00,6.5,17.25,1.3,7.93,4.28,3.2,11.15,0.4,27.12,0.3,1.12,,,,,22.78,82.25,,207.0,,,,713.25,
2024-08-26 01:00:00,7.5,19.75,1.23,7.88,4.15,3.1,11.8,0.42,27.34,0.37,1.17,,,,,22.6,84.25,,216.25,,,,712.75,
2024-08-26 02:00:00,5.25,14.25,1.15,8.0,4.12,3.12,11.4,0.48,27.7,0.3,1.12,,,,,22.48,85.5,,204.25,,,,712.0,
2024-08-26 03:00:00,3.75,10.75,1.25,7.88,4.22,3.02,11.45,0.48,26.87,0.32,1.15,,,,,22.4,86.75,,205.5,,,,712.0,
2024-08-26 04:00:00,5.75,15.25,1.25,8.02,4.28,2.98,11.05,0.48,28.06,0.3,1.1,,,,,22.38,87.0,,200.75,,,,712.0,
2024-08-26 05:00:00,5.25,14.0,1.27,7.92,4.28,3.1,10.85,0.47,29.07,0.3,1.08,,,,,22.4,87.0,,209.0,,,,712.0,
2024-08-26 06:00:00,5.75,15.75,1.15,8.2,4.25,3.22,10.45,0.5,26.96,0.3,1.02,,,,,22.4,87.0,,208.5,,,,712.75,
2024-08-26 07:00:00,5.75,14.25,1.12,8.25,4.2,3.52,10.7,0.54,28.84,0.3,1.05,,,,,22.55,86.25,,216.75,,,,713.25,
2024-08-26 08:00:00,8.75,23.0,1.32,7.48,4.15,3.82,11.88,0.58,27.68,0.38,1.2,,,,,23.18,81.5,,210.0,,,,714.0,
2024-08-26 09:00:00,11.5,30.25,1.32,7.7,4.2,3.8,12.3,0.57,28.19,0.4,1.25,,,,,23.82,74.5,,220.5,,,,714.0,
2024-08-26 10:00:00,13.75,36.0,1.42,7.72,4.45,3.7,11.75,0.6,27.61,0.32,1.18,,,,,24.6,69.5,,216.75,,,,713.25,
2024-08-26 11:00:00,20.25,53.0,1.25,7.65,4.1,3.78,12.08,0.58,27.87,0.4,1.23,,,,,25.22,63.25,,207.5,,,,713.0,
2024-08-26 12:00:00,34.0,88.75,1.2,7.85,4.1,3.82,12.65,0.6,26.67,0.4,1.3,,,,,25.58,59.5,,213.25,,,,712.0,
2024-08-26 13:00:00,35.25,92.25,1.2,9.82,5.15,3.32,11.82,0.71,27.24,0.38,1.18,,,,,25.72,60.5,,218.0,,,,711.75,
2024-08-26 14:00:00,29.5,76.75,1.1,10.4,5.32,3.22,12.38,0.51,27.25,0.38,1.27,,,,,26.18,57.5,,212.75,,,,711.0,
2024-08-26 15:00:00,26.0,68.0,1.1,9.55,4.85,3.5,12.02,0.63,26.86,0.35,1.2,,,,,25.9,56.75,,214.75,,,,710.5,
2024-08-26 16:00:00,19.25,51.0,1.32,9.5,5.2,3.58,12.15,0.65,26.9,0.38,1.23,,,,,25.65,60.25,,223.75,,,,710.5,
2024-08-26 17:00:00,15.25,40.0,1.0,10.72,5.32,3.62,12.95,0.71,27.38,0.4,1.35,,,,,24.85,68.75,,209.75,,,,711.0,
2024-08-26 18:00:00,10.25,26.25,1.18,10.75,5.62,3.78,12.65,0.72,27.77,0.4,1.32,,,,,24.58,69.5,,213.0,,,,711.75,
2024-08-26 19:00:00,10.75,29.0,1.3,10.65,5.72,4.12,12.25,0.75,28.14,0.38,1.25,,,,,24.48,70.0,,210.25,,,,712.5,
2024-08-26 20:00:00,9.25,24.25,1.25,10.62,5.7,3.6,12.73,0.65,27.45,0.4,1.3,,,,,23.75,76.25,,211.25,,,,713.5,
2024-08-26 21:00:00,7.25,19.25,1.32,10.27,5.62,3.58,12.85,0.6,27.5,0.4,1.35,,,,,23.42,78.25,,213.0,,,,714.0,
2024-08-26 22:00:00,7.75,19.5,1.18,10.15,5.32,3.32,13.42,0.56,27.65,0.4,1.42,,,,,23.22,79.75,,207.5,,,,714.0,
2024-08-26 23:00:00,6.0,15.5,1.02,10.15,5.05,2.95,13.28,0.47,28.41,0.4,1.38,,,,,23.1,81.5,,199.75,,,,714.0,
2024-08-27 00:00:00,2.75,7.25,1.3,9.45,5.1,2.85,13.5,0.27,27.85,0.4,1.4,,,,,22.85,83.25,,217.0,,,,714.0,
2024-08-27 01:00:00,5.0,10.5,0.95,9.52,4.65,2.95,12.27,0.28,27.51,0.4,1.23,,,,,22.75,85.25,,207.75,,,,713.0,
2024-08-27 02:00:00,8.75,15.25,1.45,8.88,5.05,2.98,12.42,0.26,26.08,0.4,1.27,,,,,22.7,86.0,,219.0,,,,713.0,
2024-08-27 03:00:00,11.0,13.0,1.2,9.75,5.2,2.85,12.25,0.33,26.88,0.38,1.23,,,,,22.68,86.25,,204.5,,,,712.75,
2024-08-27 04:00:00,13.0,17.0,1.35,9.8,5.35,2.8,11.08,0.29,26.94,0.3,1.12,,,,,22.6,87.0,,211.75,,,,712.5,
2024-08-27 05:00:00,12.5,16.75,1.42,9.65,5.42,2.9,11.0,0.43,26.36,0.3,1.08,,,,,22.62,87.0,,212.5,,,,713.0,
2024-08-27 06:00:00,10.5,15.75,1.25,9.95,5.35,3.08,11.02,0.48,28.0,0.3,1.1,,,,,22.62,87.0,,211.25,,,,713.5,
2024-08-27 07:00:00,9.75,15.25,1.42,8.9,5.08,3.65,12.85,0.43,27.7,0.4,1.32,,,,,22.8,86.75,,203.5,,,,714.0,
2024-08-27 08:00:00,12.25,18.25,1.27,9.18,4.97,3.82,13.6,0.47,27.9,0.4,1.45,,,,,23.08,84.5,,216.5,,,,714.0,
2024-08-27 09:00:00,11.5,25.5,1.23,9.45,4.97,3.88,13.2,0.46,26.7,0.4,1.38,,,,,23.62,78.75,,214.0,,,,714.25,
2024-08-27 10:00:00,7.0,25.0,1.1,9.7,4.9,3.58,13.0,0.46,27.22,0.4,1.35,,,,,23.95,74.75,,210.5,,,,714.0,
2024-08-27 11:00:00,7.5,25.25,1.18,9.62,5.03,3.52,12.08,0.4,26.46,0.35,1.2,,,,,24.62,69.0,,219.75,,,,714.0,
2024-08-27 12:00:00,9.75,44.0,1.35,9.1,5.03,3.42,12.55,0.43,27.68,0.4,1.27,,,,,25.15,63.0,,212.5,,,,713.5,
2024-08-27 13:00:00,11.5,39.25,1.12,9.5,4.88,3.6,12.38,0.46,27.24,0.38,1.25,,,,,25.88,59.0,,224.25,,,,712.75,
2024-08-27 14:00:00,9.25,32.5,1.27,10.3,5.52,3.32,11.72,0.38,27.36,0.35,1.15,,,,,25.52,61.0,,221.75,,,,712.0,
2024-08-27 15:00:00,7.25,49.5,1.32,9.28,5.12,3.42,12.28,0.33,27.08,0.38,1.25,,,,,25.8,61.25,,218.5,,,,712.0,
2024-08-27 16:00:00,7.5,33.5,1.3,9.07,4.92,3.48,13.55,0.39,26.71,0.4,1.42,,,,,26.0,59.0,,213.0,,,,712.0,
2024-08-27 17:00:00,7.0,36.0,1.12,9.65,4.95,3.52,12.38,0.46,26.82,0.4,1.25,,,,,25.25,65.5,,201.0,,,,712.0,
2024-08-27 18:00:00,11.5,41.25,0.98,9.48,4.65,3.88,12.88,0.5,26.79,0.4,1.32,,,,,24.8,67.75,,200.5,,,,713.0,
2024-08-27 19:00:00,15.5,40.75,1.12,9.82,5.05,4.05,13.42,0.53,27.44,0.4,1.42,,,,,23.02,84.5,,214.0,,,,714.25,
2024-08-27 20:00:00,14.0,19.0,1.08,10.72,5.48,4.68,13.62,0.7,27.3,0.4,1.42,,,,,23.02,86.75,,229.5,,,,715.0,
2024-08-27 21:00:00,16.0,19.0,1.25,10.65,5.7,3.9,13.8,0.54,27.1,0.4,1.45,,,,,23.3,82.75,,226.0,,,,716.0,
2024-08-27 22:00:00,15.0,19.0,1.25,10.55,5.62,3.6,13.38,0.5,27.6,0.4,1.4,,,,,23.3,80.0,,226.0,,,,716.0,
2024-08-27 23:00:00,11.25,19.5,1.3,9.52,5.15,3.08,13.55,0.37,27.84,0.4,1.4,,,,,23.2,78.5,,222.75,,,,715.75,
2024-08-28 00:00:00,8.5,22.5,1.3,9.6,5.25,3.08,12.22,0.32,26.87,0.38,1.23,,,,,23.02,80.75,,212.25,,,,715.0,
2024-08-28 01:00:00,7.25,25.75,1.05,9.9,4.98,2.92,9.87,0.38,27.34,0.3,0.93,,,,,22.82,82.75,,222.5,,,,714.0,
2024-08-28 02:00:00,9.0,19.75,1.15,9.15,4.7,3.08,9.93,0.38,27.48,0.3,0.92,,,,,22.65,84.5,,226.5,,,,714.0,
2024-08-28 03:00:00,12.0,13.0,1.0,9.95,4.9,2.95,8.85,0.38,26.15,0.22,0.82,,,,,22.55,86.25,,221.5,,,,714.0,
2024-08-28 04:00:00,11.0,13.0,1.27,9.6,5.15,2.92,8.0,0.41,27.96,0.2,0.68,,,,,22.45,87.0,,214.25,,,,714.0,
2024-08-28 05:00:00,11.75,14.25,1.3,9.6,5.2,2.98,8.45,0.42,27.71,0.2,0.75,,,,,22.4,87.0,,215.25,,,,714.0,
2024-08-28 06:00:00,13.5,18.25,1.27,9.6,5.18,3.25,9.0,0.45,27.34,0.2,0.8,,,,,22.4,87.75,,224.25,,,,714.0,
2024-08-28 07:00:00,13.5,21.0,1.2,9.38,4.95,3.92,9.45,0.48,27.43,0.28,0.88,,,,,22.48,87.75,,226.0,,,,714.0,
2024-08-28 08:00:00,18.75,26.0,1.23,9.4,5.0,4.0,10.15,0.51,27.72,0.3,0.98,,,,,22.92,84.75,,218.25,,,,715.0,
2024-08-28 09:00:00,18.0,24.0,1.23,9.68,5.12,3.85,10.95,0.54,27.0,0.3,1.08,,,,,23.52,79.25,,214.25,,,,715.0,
2024-08-28 10:00:00,9.75,28.0,0.98,10.18,5.0,3.78,10.7,0.5,26.99,0.3,1.08,,,,,24.28,73.0,,221.5,,,,715.0,
2024-08-28 11:00:00,11.0,30.0,1.08,10.25,5.2,3.5,10.15,0.46,27.73,0.3,0.98,,,,,24.82,67.25,,221.5,,,,714.0,
2024-08-28 12:00:00,8.25,28.75,1.38,9.6,5.35,3.58,10.4,0.46,27.59,0.3,1.0,,,,,24.75,68.75,,217.0,,,,714.0,
2024-08-28 13:00:00,9.0,30.75,1.18,9.93,5.2,3.45,10.95,0.48,26.78,0.3,1.1,,,,,24.42,72.0,,224.25,,,,713.0,
2024-08-28 14:00:00,9.0,19.25,1.35,9.52,5.28,3.4,10.8,0.46,27.79,0.3,1.08,,,,,24.95,68.25,,219.25,,,,712.0,
2024-08-28 15:00:00,9.0,17.25,1.5,9.48,5.45,3.52,9.72,0.5,26.72,0.28,0.92,,,,,24.68,69.25,,214.75,,,,712.0,
2024-08-28 16:00:00,8.25,25.5,1.15,10.48,5.43,3.78,8.8,0.53,28.48,0.2,0.8,,,,,24.28,72.75,,210.0,,,,712.0,
2024-08-28 17:00:00,7.75,21.25,1.25,10.12,5.42,3.88,9.57,0.53,27.58,0.3,0.9,,,,,24.12,76.25,,208.0,,,,712.0,
2024-08-28 18:00:00,15.0,23.5,1.38,10.28,5.72,4.12,10.18,0.58,26.3,0.3,0.95,,,,,23.98,77.25,,207.5,,,,713.0,
2024-08-28 19:00:00,19.5,28.25,1.3,10.4,5.65,4.4,10.35,0.65,27.9,0.3,1.02,,,,,23.98,74.75,,212.5,,,,713.75,
2024-08-28 20:00:00,15.0,27.5,1.52,10.02,5.85,3.82,10.9,0.57,27.13,0.3,1.08,,,,,23.8,72.25,,229.75,,,,714.0,
2024-08-28 21:00:00,13.5,21.0,1.32,10.07,5.5,3.4,10.62,0.51,27.05,0.3,1.05,,,,,23.48,74.0,,224.0,,,,714.25,
2024-08-28 22:00:00,8.25,15.75,1.0,10.52,5.22,3.35,10.38,0.49,27.32,0.3,1.0,,,,,23.22,78.5,,217.5,,,,714.25,
2024-08-28 23:00:00,6.0,18.0,1.35,9.55,5.28,3.22,11.42,0.47,20.82,0.3,1.12,,,,,22.92,82.0,,220.25,,,,714.0,
2024-08-29 00:00:00,,,1.3,9.52,5.2,2.92,11.45,0.14,18.19,0.3,1.15,,,,,22.85,83.75,,215.0,,,,713.5,
2024-08-29 01:00:00,,,1.32,9.1,5.05,2.98,10.27,0.2,17.78,0.27,0.97,,,,,22.75,85.0,,219.25,,,,712.5,
2024-08-29 02:00:00,13.0,15.0,1.23,9.28,4.95,3.05,8.8,0.29,18.34,0.2,0.8,,,,,22.6,86.25,,211.0,,,,712.0,
2024-08-29 03:00:00,12.75,15.25,1.3,8.93,4.85,3.05,9.68,0.42,17.59,0.28,0.88,,,,,22.6,87.0,,209.75,,,,712.0,
2024-08-29 04:00:00,12.0,16.0,1.35,12.0,6.58,2.6,6.9,0.4,18.01,0.15,0.55,,,,,22.68,87.5,,222.25,,,,712.0,
2024-08-29 05:00:00,12.0,16.0,1.18,12.95,6.78,2.55,5.1,0.22,18.41,0.1,0.32,,,,,22.65,88.0,,216.5,,,,712.0,
2024-08-29 06:00:00,15.0,23.0,1.12,11.5,5.95,3.18,8.72,0.2,18.21,0.22,0.78,,,,,22.6,88.0,,219.0,,,,712.0,
2024-08-29 07:00:00,16.5,24.0,1.23,8.88,4.68,3.8,8.98,0.29,18.52,0.25,0.82,,,,,22.78,87.25,,222.0,,,,713.0,
2024-08-29 08:00:00,18.5,26.5,1.2,8.5,4.47,4.0,8.35,0.56,17.75,0.2,0.72,,,,,23.22,83.5,,218.0,,,,713.25,
2024-08-29 09:00:00,10.5,24.75,1.12,9.5,4.82,3.95,7.9,0.6,17.17,0.22,0.7,,,,,23.65,79.5,,219.0,,,,714.0,
2024-08-29 10:00:00,8.25,22.0,1.38,10.92,6.0,3.48,10.5,0.65,18.15,0.3,1.02,,,,,23.65,81.0,,212.75,,,,713.5,
2024-08-29 11:00:00,6.75,17.75,1.18,12.02,6.35,3.08,8.68,0.5,18.48,0.25,0.78,,,,,24.08,78.75,,223.5,,,,713.0,
2024-08-29 12:00:00,9.0,23.5,1.08,11.15,5.68,3.38,9.62,0.44,18.17,0.25,0.9,,,,,24.35,75.0,,226.25,,,,712.25,
2024-08-29 13:00:00,9.0,25.0,1.4,10.9,6.05,4.05,9.95,0.49,18.37,0.3,0.98,,,,,23.85,83.75,,214.5,,,,711.25,
2024-08-29 14:00:00,,,1.32,10.95,6.0,4.12,9.18,0.44,18.28,0.25,0.85,,,,,23.75,83.0,,213.25,,,,710.0,
2024-08-29 15:00:00,7.0,9.0,1.08,11.35,5.82,3.5,8.78,0.42,18.6,0.22,0.8,,,,,22.92,87.5,,222.25,,,,710.75,
2024-08-29 16:00:00,7.0,9.0,1.23,10.75,5.72,3.92,10.7,0.41,17.78,0.3,1.08,,,,,22.45,89.5,,218.5,,,,710.0,
2024-08-29 17:00:00,,,1.2,11.15,5.88,4.78,10.92,0.47,18.4,0.3,1.1,,,,,22.6,90.0,,218.25,,,,711.0,
2024-08-29 18:00:00,19.0,23.0,1.2,12.5,6.58,5.25,11.42,0.61,18.28,0.32,1.15,,,,,22.7,90.0,,207.25,,,,712.0,
2024-08-29 19:00:00,19.0,23.0,1.05,13.1,6.7,4.58,12.2,0.56,18.4,0.38,1.23,,,,,22.75,90.0,,208.25,,,,712.0,
2024-08-29 20:00:00,16.0,18.0,1.4,12.68,7.0,4.15,11.78,0.52,17.88,0.35,1.18,,,,,22.82,90.0,,219.5,,,,712.5,
2024-08-29 21:00:00,16.0,18.0,1.3,12.85,6.95,3.78,11.6,0.56,18.49,0.35,1.15,,,,,22.8,90.0,,211.75,,,,713.0,
2024-08-29 22:00:00,,,1.2,12.55,6.6,3.4,11.2,0.59,18.66,0.3,1.1,,,,,22.78,90.0,,211.5,,,,713.0,
2024-08-29 23:00:00,,,1.25,10.98,5.88,3.38,11.6,0.6,18.16,0.35,1.15,,,,,22.62,90.0,,215.75,,,,712.25,
2024-08-30 00:00:00,8.0,14.0,1.18,11.0,5.75,2.95,11.38,0.28,18.62,0.35,1.12,,,,,22.55,90.0,,216.0,,,,711.5,
2024-08-30 01:00:00,8.0,14.0,1.32,10.3,5.65,2.85,9.83,0.27,18.49,0.27,0.93,,,,,22.45,90.5,,215.75,,,,711.0,
2024-08-30 02:00:00,10.0,20.0,1.18,10.23,5.35,2.82,8.45,0.28,18.05,0.2,0.75,,,,,22.4,91.0,,211.5,,,,710.5,
2024-08-30 03:00:00,9.75,17.5,1.18,10.42,5.45,2.68,7.72,0.32,17.93,0.2,0.68,,,,,22.45,91.0,,219.5,,,,710.5,
2024-08-30 04:00:00,10.0,12.0,1.27,11.05,5.95,2.55,7.58,0.21,17.76,0.18,0.65,,,,,22.58,90.5,,218.0,,,,710.25,
2024-08-30 05:00:00,12.25,18.75,1.18,16.42,8.65,1.9,4.5,0.48,18.27,0.1,0.25,,,,,22.65,90.0,,218.25,,,,711.25,
2024-08-30 06:00:00,10.5,20.5,1.27,12.38,6.62,2.9,5.62,0.32,18.61,0.1,0.4,,,,,22.52,90.25,,225.5,,,,712.0,
2024-08-30 07:00:00,13.0,22.5,1.23,10.25,5.45,3.42,8.1,0.31,18.28,0.22,0.72,,,,,22.82,89.25,,219.75,,,,712.5,
2024-08-30 08:00:00,16.0,31.75,1.32,9.8,5.35,3.88,7.15,0.34,18.35,0.18,0.57,,,,,23.18,85.5,,221.75,,,,713.0,
2024-08-30 09:00:00,15.0,29.0,1.35,10.15,5.58,3.78,8.15,0.34,18.04,0.22,0.72,,,,,23.78,79.5,,220.5,,,,713.25,
2024-08-30 10:00:00,11.75,30.25,1.42,10.2,5.78,3.42,9.4,0.34,18.49,0.25,0.85,,,,,24.3,74.25,,215.25,,,,713.0,
2024-08-30 11:00:00,10.5,26.5,1.05,10.38,5.25,3.48,9.48,0.3,18.44,0.28,0.88,,,,,24.78,70.5,,226.5,,,,713.0,
2024-08-30 12:00:00,10.75,32.0,1.08,10.38,5.22,3.45,9.43,0.26,18.0,0.28,0.88,,,,,25.3,66.75,,221.0,,,,712.25,
2024-08-30 13:00:00,15.5,33.75,1.4,9.55,5.32,3.4,9.78,0.22,17.98,0.28,0.92,,,,,25.72,62.75,,222.5,,,,711.25,
2024-08-30 14:00:00,14.25,33.0,1.27,10.15,5.48,3.75,8.85,0.4,18.47,0.2,0.8,,,,,25.38,65.5,,218.25,,,,710.5,
2024-08-30 15:00:00,15.5,42.0,1.15,10.65,5.5,3.7,9.05,0.38,18.53,0.22,0.82,,,,,25.45,65.25,,235.0,,,,710.0,
2024-08-30 16:00:00,17.75,42.25,0.98,10.88,5.4,3.8,8.35,0.4,18.49,0.2,0.75,,,,,25.32,66.25,,230.5,,,,710.0,
2024-08-30 17:00:00,18.75,39.25,1.15,10.42,5.48,3.58,9.45,0.34,18.74,0.28,0.88,,,,,23.5,76.0,,220.25,,,,710.75,
2024-08-30 18:00:00,14.75,25.75,1.08,10.58,5.4,4.22,8.6,0.41,18.74,0.22,0.78,,,,,22.4,86.75,,220.25,,,,711.75,
2024-08-30 19:00:00,14.25,19.25,1.05,11.6,5.88,4.9,10.12,0.6,18.73,0.3,0.95,,,,,22.7,88.0,,217.5,,,,712.25,
2024-08-30 20:00:00,16.5,21.75,1.2,11.72,6.18,4.43,11.0,0.52,18.42,0.3,1.1,,,,,22.85,88.0,,220.75,,,,713.0,
2024-08-30 21:00:00,21.0,27.0,1.08,11.92,6.08,4.05,10.3,0.42,18.45,0.3,1.02,,,,,23.05,86.5,,221.75,,,,713.0,
2024-08-30 22:00:00,15.0,21.0,1.4,11.15,6.18,3.32,10.85,0.32,18.44,0.3,1.08,,,,,23.1,84.5,,224.25,,,,714.0,
2024-08-30 23:00:00,14.25,21.5,1.25,11.08,5.88,3.08,10.45,0.25,17.45,0.3,1.02,,,,,23.02,84.25,,216.5,,,,713.25,
2024-08-31 00:00:00,11.5,22.25,1.12,10.7,5.5,2.95,9.72,0.05,18.12,0.28,0.95,,,,,22.9,85.0,,219.0,,,,713.0,
2024-08-31 01:00:00,10.0,20.0,1.2,10.45,5.48,2.82,10.87,0.08,18.6,0.33,1.07,,,,,22.75,85.0,,221.25,,,,712.0,
2024-08-31 02:00:00,11.0,18.0,1.25,9.9,5.3,2.8,10.6,0.13,18.66,0.3,1.05,,,,,22.68,85.5,,224.75,,,,711.75,
2024-08-31 03:00:00,11.0,18.0,1.18,9.78,5.18,2.75,10.9,0.38,17.61,0.3,1.08,,,,,22.6,86.5,,230.25,,,,711.0,
2024-08-31 04:00:00,9.0,12.0,1.0,10.28,5.15,2.72,10.52,0.38,18.42,0.3,1.02,,,,,22.6,87.25,,220.75,,,,711.0,
2024-08-31 05:00:00,10.5,13.0,1.25,9.82,5.28,2.95,11.2,0.36,18.18,0.3,1.12,,,,,22.55,88.0,,216.0,,,,711.5,
2024-08-31 06:00:00,14.25,18.0,1.2,9.93,5.3,3.15,10.78,0.41,18.4,0.32,1.05,,,,,22.6,88.0,,218.75,,,,712.0,
2024-08-31 07:00:00,13.5,26.5,1.27,9.15,4.97,3.6,12.18,0.4,17.91,0.35,1.23,,,,,22.78,87.5,,220.25,,,,712.5,
2024-08-31 08:00:00,15.75,32.25,1.12,9.85,5.05,3.68,11.02,0.45,18.99,0.3,1.1,,,,,23.02,85.25,,214.25,,,,713.0,
2024-08-31 09:00:00,8.75,27.25,1.48,9.18,5.28,3.78,11.55,0.44,18.48,0.32,1.15,,,,,23.45,82.0,,217.75,,,,713.0,
2024-08-31 10:00:00,7.75,26.25,1.27,9.77,5.25,3.62,11.45,0.38,18.24,0.32,1.15,,,,,24.08,76.0,,223.0,,,,713.0,
2024-08-31 11:00:00,8.75,22.0,1.23,10.2,5.4,3.52,11.38,0.48,18.42,0.35,1.12,,,,,24.08,75.75,,225.25,,,,713.0,
2024-08-31 12:00:00,13.5,25.5,1.3,9.5,5.2,3.65,11.72,0.48,18.75,0.35,1.2,,,,,24.32,75.0,,221.0,,,,712.0,
2024-08-31 13:00:00,11.5,27.75,1.27,10.02,5.43,3.65,11.35,0.44,18.29,0.32,1.12,,,,,24.75,72.0,,233.0,,,,711.0,
2024-08-31 14:00:00,10.75,28.25,1.12,10.45,5.4,3.6,11.1,0.48,17.97,0.3,1.12,,,,,25.05,69.0,,218.75,,,,710.5,
2024-08-31 15:00:00,12.75,23.5,1.12,9.62,4.95,3.82,11.2,0.45,18.1,0.3,1.1,,,,,24.95,68.5,,228.0,,,,710.0,
2024-08-31 16:00:00,12.25,26.75,0.95,10.95,5.38,3.9,11.42,0.54,17.92,0.3,1.12,,,,,24.88,69.25,,214.75,,,,710.0,
2024-08-31 17:00:00,12.25,31.25,1.32,10.92,5.95,3.8,12.2,0.5,18.26,0.38,1.25,,,,,24.55,72.25,,221.0,,,,710.0,
2024-08-31 18:00:00,9.25,27.75,1.35,10.82,5.92,3.82,12.45,0.52,18.38,0.4,1.25,,,,,24.28,74.0,,229.0,,,,711.0,
2024-08-31 19:00:00,8.0,24.75,1.38,10.88,6.0,4.1,11.52,0.61,18.29,0.35,1.15,,,,,23.92,77.0,,228.0,,,,711.0,
2024-08-31 20:00:00,11.75,25.0,1.08,10.95,5.62,3.75,11.05,0.54,18.34,0.3,1.08,,,,,23.58,76.0,,219.25,,,,711.75,
2024-08-31 21:00:00,13.5,19.75,1.45,9.88,5.62,3.6,11.75,0.52,18.28,0.35,1.15,,,,,23.38,77.75,,224.0,,,,712.5,
2024-08-31 22:00:00,13.0,21.0,0.98,10.58,5.25,3.6,11.4,0.51,18.24,0.3,1.18,,,,,23.22,80.0,,218.75,,,,713.0,
2024-08-31 23:00:00,16.0,18.0,1.17,10.33,5.33,3.33,12.03,0.52,17.94,0.4,1.2,,,,,22.97,83.67,,215.0,,,,713.0,
2024-09-01 00:00:00,14.0,26.25,1.2,9.78,5.12,3.2,11.82,0.16,18.35,0.35,1.18,,,,,22.8,85.5,,222.0,,,,712.0,
2024-09-01 01:00:00,8.0,20.25,1.27,9.48,5.08,3.05,9.27,0.16,18.48,0.27,0.87,,,,,22.8,86.0,,217.5,,,,711.0,
2024-09-01 02:00:00,8.0,17.0,1.05,9.43,4.78,3.08,9.62,0.16,18.51,0.28,0.9,,,,,22.8,86.75,,215.25,,,,710.25,
2024-09-01 03:00:00,8.75,14.5,1.08,9.65,4.88,2.98,9.68,0.58,18.43,0.28,0.9,,,,,22.75,87.25,,215.75,,,,710.0,
2024-09-01 04:00:00,10.75,15.0,1.4,9.07,5.15,2.88,9.85,0.52,17.82,0.3,0.92,,,,,22.78,87.5,,231.5,,,,710.0,
2024-09-01 05:00:00,10.0,12.0,1.27,9.7,5.25,2.88,9.05,0.57,18.25,0.25,0.82,,,,,22.75,87.0,,225.75,,,,710.0,
2024-09-01 06:00:00,10.0,18.0,1.6,9.0,5.42,3.22,9.57,0.6,18.37,0.25,0.88,,,,,22.68,87.25,,215.5,,,,710.75,
2024-09-01 07:00:00,10.5,17.5,1.32,8.88,4.85,3.68,8.73,0.6,18.23,0.25,0.82,,,,,22.8,87.25,,227.5,,,,711.75,
2024-09-01 08:00:00,11.25,15.5,1.25,8.7,4.68,3.5,9.5,0.6,18.47,0.25,0.88,,,,,23.1,84.25,,223.25,,,,712.5,
2024-09-01 09:00:00,8.25,15.25,1.2,8.57,4.45,3.32,9.4,0.56,18.15,0.28,0.9,,,,,23.68,78.5,,218.25,,,,712.5,
2024-09-01 10:00:00,6.25,19.75,1.1,8.9,4.53,3.32,9.22,0.56,17.92,0.25,0.85,,,,,24.8,70.75,,224.25,,,,712.0,
2024-09-01 11:00:00,7.5,22.0,1.38,8.57,4.78,3.45,10.15,0.6,17.77,0.3,0.92,,,,,25.55,65.0,,229.0,,,,711.5,
2024-09-01 12:00:00,9.5,23.5,1.38,7.68,4.3,3.82,9.72,0.3,18.12,0.3,0.92,,,,,26.02,60.5,,227.5,,,,710.75,
2024-09-01 13:00:00,11.0,26.5,1.27,9.43,5.1,3.42,9.08,0.06,17.64,0.25,0.82,,,,,26.25,58.5,,221.25,,,,710.0,
2024-09-01 14:00:00,10.25,23.5,1.18,12.0,6.32,3.08,6.12,0.47,16.79,0.12,0.48,,,,,26.85,53.75,,213.0,,,,709.0,
2024-09-01 15:00:00,7.75,27.25,1.27,12.38,6.68,2.95,6.32,0.61,18.72,0.12,0.5,,,,,26.95,52.25,,224.5,,,,708.75,
2024-09-01 16:00:00,8.0,27.25,1.5,8.6,5.0,3.4,8.1,0.59,18.63,0.2,0.72,,,,,26.6,51.75,,219.0,,,,708.5,
2024-09-01 17:00:00,10.25,33.0,1.3,7.62,4.2,3.68,9.2,0.69,17.27,0.25,0.85,,,,,25.32,60.5,,204.0,,,,709.5,
2024-09-01 18:00:00,9.0,29.75,1.42,8.6,4.88,3.58,9.98,0.88,18.18,0.3,0.92,,,,,24.55,67.0,,219.75,,,,710.5,
2024-09-01 19:00:00,11.0,27.5,1.32,9.12,5.03,3.8,9.22,0.89,17.98,0.28,0.88,,,,,24.25,68.5,,234.25,,,,711.0,
2024-09-01 20:00:00,9.75,23.5,1.18,9.02,4.75,3.8,10.07,0.84,18.54,0.3,0.95,,,,,24.2,70.0,,226.5,,,,711.25,
2024-09-01 21:00:00,15.25,25.25,1.23,8.8,4.68,3.68,10.75,0.82,18.27,0.3,1.08,,,,,24.02,71.5,,226.25,,,,712.0,
2024-09-01 22:00:00,14.5,26.5,1.18,8.38,4.35,3.62,9.57,0.66,18.36,0.28,0.9,,,,,23.62,75.25,,228.5,,,,712.0,
2024-09-01 23:00:00,10.0,25.25,1.27,8.4,4.55,3.42,10.2,0.73,18.66,0.3,0.98,,,,,23.55,77.5,,223.5,,,,712.0,
2024-09-02 00:00:00,9.75,18.0,1.5,8.15,4.82,3.2,9.52,0.34,18.22,0.28,0.88,,,,,23.4,78.75,,223.75,,,,712.0,
2024-09-02 01:00:00,9.0,24.0,1.45,8.07,4.7,3.18,7.9,0.34,18.1,0.23,0.7,,,,,23.18,81.0,,214.75,,,,711.0,
2024-09-02 02:00:00,9.0,33.0,1.18,8.2,4.28,3.2,7.55,0.34,18.34,0.2,0.65,,,,,22.88,84.5,,225.25,,,,711.0,
2024-09-02 03:00:00,8.0,14.0,1.08,9.25,4.62,2.98,8.22,0.37,18.14,0.2,0.72,,,,,22.8,86.5,,220.75,,,,710.0,
2024-09-02 04:00:00,8.25,15.5,1.52,8.93,5.22,3.0,7.4,0.35,18.34,0.2,0.65,,,,,22.75,87.0,,213.25,,,,710.5,
2024-09-02 05:00:00,10.0,21.25,1.35,10.1,5.52,2.82,6.08,0.27,18.04,0.1,0.45,,,,,22.75,87.0,,214.25,,,,711.0,
2024-09-02 06:00:00,12.5,25.0,1.27,9.6,5.18,3.2,5.4,0.34,18.45,0.1,0.35,,,,,22.72,87.5,,207.25,,,,711.25,
2024-09-02 07:00:00,12.5,25.0,1.35,8.28,4.55,3.72,6.82,0.33,17.9,0.18,0.52,,,,,22.9,86.5,,213.0,,,,712.5,
2024-09-02 08:00:00,15.5,24.5,1.23,9.02,4.8,3.65,7.32,0.41,18.16,0.2,0.6,,,,,23.2,85.25,,205.75,,,,713.0,
2024-09-02 09:00:00,12.0,25.0,1.25,8.93,4.78,3.65,7.6,0.45,18.42,0.2,0.65,,,,,23.88,80.0,,208.75,,,,713.0,
2024-09-02 10:00:00,13.75,31.75,1.3,9.07,4.92,3.65,7.05,0.44,18.73,0.18,0.57,,,,,24.6,74.25,,215.25,,,,712.75,
2024-09-02 11:00:00,12.75,35.0,1.2,8.65,4.58,3.85,8.18,0.35,17.86,0.2,0.72,,,,,25.3,68.5,,212.0,,,,712.0,
2024-09-02 12:00:00,19.0,37.0,1.32,9.15,5.0,3.65,7.25,0.35,18.28,0.2,0.6,,,,,25.5,65.75,,211.25,,,,710.75,
2024-09-02 13:00:00,12.5,33.5,1.35,9.48,5.22,3.58,7.18,0.34,18.13,0.2,0.6,,,,,26.0,62.25,,215.0,,,,710.0,
2024-09-02 14:00:00,11.0,30.0,1.3,9.68,5.3,3.3,6.82,0.4,18.32,0.18,0.55,,,,,24.55,73.0,,206.75,,,,709.5,
2024-09-02 15:00:00,11.0,24.0,1.23,10.6,5.62,6.05,9.07,0.72,18.26,0.25,0.82,,,,,23.5,86.0,,146.25,,,,709.0,
2024-09-02 16:00:00,23.0,24.0,1.1,12.2,6.38,4.5,9.25,0.6,17.88,0.25,0.85,,,,,23.55,86.0,,213.25,,,,709.0,
2024-09-02 17:00:00,20.25,23.75,1.25,12.1,6.45,5.1,9.25,0.78,18.62,0.25,0.85,,,,,23.6,85.0,,249.0,,,,709.0,
2024-09-02 18:00:00,14.75,27.5,1.48,12.5,7.02,5.48,9.45,0.86,18.92,0.28,0.88,,,,,23.92,78.5,,235.75,,,,709.75,
2024-09-02 19:00:00,23.0,38.75,1.2,14.5,7.7,5.18,9.98,0.8,18.41,0.3,0.95,,,,,23.5,83.75,,228.75,,,,710.75,
2024-09-02 20:00:00,21.5,32.0,1.3,15.73,8.43,4.72,10.62,0.84,18.5,0.3,1.02,,,,,23.6,84.75,,231.5,,,,711.5,
2024-09-02 21:00:00,18.0,31.5,1.02,15.35,7.85,3.92,11.05,0.69,18.12,0.3,1.1,,,,,23.58,83.25,,218.25,,,,712.5,
2024-09-02 22:00:00,21.75,31.75,1.23,14.18,7.52,3.5,9.52,0.65,18.77,0.28,0.9,,,,,23.42,83.0,,205.75,,,,713.0,
2024-09-02 23:00:00,21.75,34.5,1.3,13.02,7.02,2.9,8.7,0.51,18.4,0.2,0.8,,,,,23.25,83.25,,204.25,,,,713.0,
2024-09-03 00:00:00,15.0,27.0,1.4,11.58,6.45,2.88,7.95,0.2,18.21,0.2,0.7,,,,,23.12,84.25,,217.25,,,,712.25,
2024-09-03 01:00:00,16.0,27.75,1.1,11.58,6.0,2.85,11.9,0.26,18.14,0.37,1.2,,,,,22.95,85.75,,219.0,,,,711.5,
2024-09-03 02:00:00,17.5,26.0,1.12,11.18,5.82,2.72,12.88,0.18,17.58,0.4,1.32,,,,,22.8,87.25,,211.75,,,,711.0,
2024-09-03 03:00:00,12.25,14.0,1.35,10.9,5.98,2.58,13.0,0.16,17.94,0.4,1.38,,,,,22.7,88.0,,222.5,,,,711.0,
2024-09-03 04:00:00,10.75,14.5,1.2,10.88,5.72,2.62,12.2,0.13,18.36,0.38,1.23,,,,,22.7,88.0,,220.75,,,,711.0,
2024-09-03 05:00:00,12.0,16.75,1.1,10.62,5.42,2.8,11.9,0.14,18.0,0.38,1.18,,,,,22.7,88.0,,223.75,,,,711.0,
2024-09-03 06:00:00,10.5,20.25,1.05,10.6,5.32,3.1,11.58,0.2,18.07,0.3,1.18,,,,,22.7,88.25,,210.75,,,,712.0,
2024-09-03 07:00:00,15.25,25.0,1.25,9.72,5.15,3.38,12.68,0.17,17.96,0.4,1.3,,,,,22.8,87.75,,216.5,,,,712.75,
2024-09-03 08:00:00,15.0,30.25,1.38,11.95,6.55,3.25,11.5,0.22,18.46,0.32,1.18,,,,,23.12,86.0,,223.75,,,,713.75,
2024-09-03 09:00:00,13.75,36.25,1.3,11.4,6.18,3.62,11.58,0.31,18.55,0.35,1.15,,,,,23.45,83.25,,231.5,,,,714.0,
2024-09-03 10:00:00,19.5,33.25,1.32,10.32,5.62,3.55,13.32,0.32,18.41,0.4,1.4,,,,,23.9,79.75,,219.25,,,,714.0,
2024-09-03 11:00:00,20.5,30.0,1.27,10.55,5.68,3.52,13.9,0.27,18.08,0.4,1.45,,,,,24.48,74.5,,218.5,,,,714.0,
2024-09-03 12:00:00,18.25,29.0,1.18,10.28,5.38,3.48,13.6,0.19,18.41,0.4,1.42,,,,,24.85,70.25,,230.75,,,,713.25,
2024-09-03 13:00:00,14.25,32.25,1.18,10.65,5.62,3.5,12.28,0.27,17.94,0.38,1.25,,,,,25.62,63.25,,227.75,,,,712.25,
2024-09-03 14:00:00,8.5,25.75,1.3,9.6,5.22,3.45,12.82,0.11,17.84,0.4,1.35,,,,,26.0,60.25,,218.0,,,,711.5,
2024-09-03 15:00:00,9.75,31.5,1.3,10.0,5.4,3.4,13.1,0.13,17.88,0.4,1.38,,,,,26.05,59.75,,219.5,,,,711.0,
2024-09-03 16:00:00,17.25,35.25,1.35,10.28,5.62,3.52,13.02,0.18,18.15,0.4,1.35,,,,,25.9,60.25,,218.75,,,,711.0,
2024-09-03 17:00:00,15.75,42.25,1.2,10.3,5.42,3.7,12.98,0.17,18.6,0.4,1.35,,,,,25.65,60.75,,223.5,,,,711.0,
2024-09-03 18:00:00,18.75,45.25,1.12,15.25,7.93,3.42,10.32,0.72,18.19,0.3,0.98,,,,,25.02,64.25,,220.0,,,,711.75,
2024-09-03 19:00:00,23.0,54.0,1.1,12.35,6.38,4.75,12.25,0.19,18.72,0.38,1.27,,,,,24.52,69.25,,220.0,,,,712.75,
2024-09-03 20:00:00,27.25,59.75,1.02,11.8,5.95,4.28,13.75,0.44,18.24,0.4,1.42,,,,,24.28,70.75,,225.25,,,,713.5,
2024-09-03 21:00:00,23.75,59.25,1.2,11.65,6.15,4.15,13.35,0.8,18.13,0.4,1.38,,,,,23.98,73.5,,224.5,,,,714.0,
2024-09-03 22:00:00,27.0,58.5,0.98,11.75,5.88,3.62,13.75,0.63,18.64,0.4,1.42,,,,,23.7,76.0,,219.25,,,,714.75,
2024-09-03 23:00:00,22.5,53.5,1.32,11.08,6.02,3.45,13.2,0.51,18.03,0.4,1.38,,,,,23.48,78.5,,226.75,,,,714.0,
2024-09-04 00:00:00,24.5,49.0,1.3,10.72,5.8,2.98,13.55,0.42,18.28,0.4,1.42,,,,,23.3,80.5,,219.75,,,,713.75,
2024-09-04 01:00:00,16.75,40.25,1.23,10.35,5.48,3.02,12.13,0.63,18.18,0.37,1.23,,,,,23.02,82.75,,213.25,,,,713.0,
2024-09-04 02:00:00,15.5,38.75,1.32,9.55,5.2,2.98,12.02,0.52,18.75,0.38,1.2,,,,,22.82,84.5,,226.75,,,,713.0,
2024-09-04 03:00:00,13.75,32.25,1.15,10.1,5.22,2.85,12.18,0.59,18.34,0.4,1.23,,,,,22.68,86.0,,213.0,,,,713.0,
2024-09-04 04:00:00,12.5,31.75,1.12,10.18,5.22,2.82,12.72,0.57,18.5,0.4,1.3,,,,,22.6,87.0,,223.5,,,,713.0,
2024-09-04 05:00:00,10.25,30.25,1.05,10.35,5.22,2.98,12.1,0.6,18.52,0.4,1.2,,,,,22.6,87.0,,210.75,,,,713.0,
2024-09-04 06:00:00,10.75,35.5,1.2,10.02,5.25,3.2,12.22,0.6,17.9,0.4,1.23,,,,,22.6,88.0,,219.25,,,,713.25,
2024-09-04 07:00:00,19.75,34.25,1.4,9.0,5.05,3.75,11.85,0.62,18.5,0.38,1.2,,,,,22.7,87.25,,213.0,,,,714.0,
2024-09-04 08:00:00,20.75,42.5,1.08,9.95,5.05,3.8,12.52,0.66,18.26,0.4,1.3,,,,,23.05,85.25,,218.75,,,,714.0,
2024-09-04 09:00:00,15.75,39.0,1.02,10.25,5.15,3.52,12.88,0.64,18.0,0.4,1.32,,,,,23.82,78.0,,226.5,,,,714.25,
2024-09-04 10:00:00,13.25,43.0,1.1,10.32,5.32,3.52,12.45,0.64,17.89,0.4,1.27,,,,,24.5,70.5,,221.5,,,,714.75,
2024-09-04 11:00:00,16.75,43.5,1.1,10.3,5.25,3.6,12.72,0.65,18.1,0.4,1.3,,,,,24.85,68.5,,219.25,,,,714.25,
2024-09-04 12:00:00,15.5,37.25,1.05,10.32,5.22,3.62,13.1,0.55,18.08,0.4,1.38,,,,,25.75,61.75,,224.0,,,,713.25,
2024-09-04 13:00:00,14.0,41.25,1.35,9.48,5.2,3.48,11.88,0.47,18.34,0.38,1.2,,,,,25.98,58.75,,227.5,,,,712.0,
2024-09-04 14:00:00,13.75,43.25,1.27,9.7,5.2,3.45,12.35,0.52,18.06,0.38,1.27,,,,,26.4,55.5,,225.75,,,,711.0,
2024-09-04 15:00:00,14.0,46.5,1.02,8.62,4.72,2.92,11.8,0.6,18.15,0.38,1.18,,,,,26.38,56.25,,230.0,,,,710.5,
2024-09-04 16:00:00,16.0,43.0,0.82,7.22,4.5,1.9,11.68,0.82,18.22,0.35,1.15,,,,,24.12,75.25,,219.5,,,,711.0,
2024-09-04 17:00:00,14.75,37.0,1.3,7.12,4.82,2.33,14.0,0.78,18.23,0.4,1.45,,,,,24.05,78.5,,218.75,,,,711.0,
2024-09-04 18:00:00,19.0,36.25,1.25,7.15,4.82,2.38,13.32,0.8,11.98,0.4,1.4,,,,,24.08,75.25,,227.0,,,,711.0,
2024-09-04 19:00:00,16.0,40.5,1.27,7.05,4.78,2.88,13.75,0.8,10.9,0.4,1.45,,,,,24.2,72.25,,231.25,,,,712.0,
2024-09-04 20:00:00,18.75,61.25,1.2,7.75,5.05,2.6,14.12,0.76,10.83,0.4,1.48,,,,,24.2,72.5,,218.0,,,,712.75,
2024-09-04 21:00:00,27.5,61.5,1.32,7.68,5.18,1.78,13.98,0.64,10.94,0.4,1.45,,,,,24.0,73.5,,228.25,,,,713.5,
2024-09-04 22:00:00,27.0,48.5,1.1,7.48,4.9,1.2,13.78,0.49,10.86,0.4,1.45,,,,,23.75,76.25,,235.5,,,,714.0,
2024-09-04 23:00:00,19.75,40.75,1.32,7.15,4.88,1.12,14.5,0.47,10.77,0.43,1.55,,,,,23.55,78.5,,226.0,,,,713.25,
2024-09-05 00:00:00,15.25,40.25,1.05,7.25,4.7,0.9,14.05,0.18,10.8,0.4,1.45,,,,,23.38,80.5,,225.25,,,,713.0,
2024-09-05 01:00:00,14.0,39.5,1.18,7.2,4.8,0.7,10.13,0.26,11.0,0.3,0.97,,,,,23.2,82.25,,228.75,,,,712.5,
2024-09-05 02:00:00,15.0,32.75,1.35,6.85,4.75,0.62,7.98,0.34,11.24,0.2,0.7,,,,,23.02,83.75,,229.0,,,,712.0,
2024-09-05 03:00:00,10.0,27.25,1.3,7.3,4.95,0.52,7.88,0.28,10.61,0.2,0.7,,,,,22.92,85.5,,225.25,,,,711.0,
2024-09-05 04:00:00,13.0,31.0,1.02,9.12,5.7,0.2,5.18,0.42,11.0,0.13,0.32,,,,,22.82,86.75,,222.25,,,,711.0,
2024-09-05 05:00:00,13.0,31.0,1.12,9.43,5.95,,3.25,0.29,11.11,0.1,0.15,,,,,22.72,88.0,,217.75,,,,711.75,
2024-09-05 06:00:00,13.0,34.0,1.3,9.3,6.0,0.28,3.3,0.34,10.86,,0.13,,,,,22.75,88.0,,221.75,,,,712.25,
2024-09-05 07:00:00,14.0,34.25,1.3,9.12,5.88,0.5,5.08,0.34,10.88,0.1,0.32,,,,,22.95,87.0,,231.25,,,,713.25,
2024-09-05 08:00:00,16.5,37.75,1.23,9.28,5.9,0.62,4.42,0.4,10.99,0.1,0.25,,,,,23.35,83.75,,216.0,,,,714.0,
2024-09-05 09:00:00,15.0,44.25,1.05,10.12,6.28,0.62,3.62,0.45,11.12,0.1,0.12,,,,,23.98,79.5,,222.75,,,,714.0,
2024-09-05 10:00:00,14.5,38.5,1.27,8.8,5.72,0.85,3.68,0.47,11.14,0.1,0.2,,,,,24.78,71.75,,210.75,,,,713.5,
2024-09-05 11:00:00,13.0,37.25,1.27,7.0,4.8,1.6,5.03,0.33,10.82,0.1,0.3,,,,,25.45,65.25,,220.75,,,,713.0,
2024-09-05 12:00:00,12.75,38.25,1.25,6.25,4.35,1.82,6.38,0.32,10.72,0.15,0.48,,,,,25.58,64.25,,215.75,,,,711.75,
2024-09-05 13:00:00,11.75,37.5,1.08,6.5,4.32,1.95,7.6,0.57,10.86,0.18,0.65,,,,,26.32,59.25,,234.75,,,,710.75,
2024-09-05 14:00:00,11.25,33.25,1.25,6.45,4.42,1.65,6.22,0.51,10.64,0.12,0.45,,,,,26.45,58.25,,226.5,,,,710.0,
2024-09-05 15:00:00,11.5,33.5,1.2,6.48,4.42,1.68,6.92,0.56,10.72,0.2,0.55,,,,,27.08,53.0,,233.5,,,,709.0,
2024-09-05 16:00:00,10.0,31.75,1.2,6.48,4.43,1.75,7.75,0.65,10.76,0.2,0.65,,,,,27.3,51.0,,227.75,,,,709.0,
2024-09-05 17:00:00,12.75,32.5,1.2,6.75,4.55,1.85,8.72,0.7,10.84,0.22,0.8,,,,,26.58,55.75,,245.25,,,,709.0,
2024-09-05 18:00:00,20.5,41.75,1.38,6.92,4.78,2.9,8.25,0.8,10.84,0.2,0.75,,,,,25.58,63.5,,228.0,,,,710.25,
2024-09-05 19:00:00,16.25,47.5,1.3,7.45,5.0,1.82,8.02,0.68,10.94,0.2,0.7,,,,,23.85,79.25,,213.25,,,,711.0,
2024-09-05 20:00:00,10.0,21.25,0.95,7.65,4.82,2.38,8.8,0.86,10.92,0.2,0.78,,,,,23.95,80.25,,227.25,,,,712.0,
2024-09-05 21:00:00,15.75,21.0,1.25,7.62,5.02,1.92,8.65,0.81,10.85,0.2,0.78,,,,,24.0,78.5,,224.25,,,,712.5,
2024-09-05 22:00:00,15.5,28.5,1.33,7.42,5.05,1.5,8.57,0.75,10.62,0.2,0.78,,,,,23.78,79.5,,211.0,,,,713.0,
2024-09-05 23:00:00,16.0,31.0,1.18,7.22,4.8,1.08,8.1,0.68,11.12,0.2,0.7,,,,,23.52,80.75,,217.25,,,,713.0,
2024-09-06 00:00:00,13.25,23.0,1.02,7.07,4.62,0.92,8.05,0.24,11.15,0.2,0.72,,,,,23.3,82.0,,224.25,,,,712.25,
2024-09-06 01:00:00,13.25,17.5,1.3,6.65,4.6,0.8,10.1,0.22,10.88,0.3,0.97,,,,,23.12,82.75,,219.25,,,,712.0,
2024-09-06 02:00:00,11.0,19.0,1.35,6.32,4.45,0.82,11.6,0.15,11.19,0.32,1.15,,,,,22.95,83.75,,224.75,,,,711.5,
2024-09-06 03:00:00,11.0,18.0,1.4,6.55,4.6,0.82,11.77,0.25,10.88,0.32,1.18,,,,,22.85,84.75,,231.75,,,,711.0,
2024-09-06 04:00:00,13.25,19.0,1.38,6.58,4.62,0.82,11.62,0.28,10.97,0.35,1.18,,,,,22.82,86.0,,230.0,,,,711.0,
2024-09-06 05:00:00,18.5,22.75,1.32,6.52,4.57,0.88,10.78,0.29,11.2,0.3,1.05,,,,,22.8,86.75,,230.25,,,,711.5,
2024-09-06 06:00:00,14.25,27.25,1.08,7.3,4.78,1.05,10.42,0.18,10.7,0.28,1.0,,,,,22.92,86.25,,220.5,,,,712.0,
2024-09-06 07:00:00,14.5,34.5,1.05,11.5,6.98,0.6,6.42,0.46,10.82,0.15,0.5,,,,,23.15,86.0,,226.25,,,,713.0,
2024-09-06 08:00:00,14.25,36.25,1.23,10.42,6.58,0.63,7.25,0.62,11.54,0.18,0.6,,,,,23.25,82.75,,222.0,,,,714.0,
2024-09-06 09:00:00,15.25,39.0,1.35,7.28,4.97,1.25,7.52,0.44,11.06,0.2,0.6,,,,,23.75,77.5,,216.75,,,,714.0,
2024-09-06 10:00:00,9.75,42.0,1.23,6.58,4.5,1.3,7.7,0.4,10.78,0.22,0.68,,,,,24.32,72.25,,220.25,,,,714.0,
2024-09-06 11:00:00,17.5,34.25,0.95,6.6,4.3,1.45,8.68,0.4,10.71,0.2,0.8,,,,,24.78,68.5,,225.75,,,,713.5,
2024-09-06 12:00:00,16.25,37.5,1.25,6.32,4.35,1.4,8.45,0.31,10.72,0.2,0.72,,,,,25.1,65.75,,218.5,,,,713.0,
2024-09-06 13:00:00,16.5,37.5,1.27,6.65,4.57,1.38,8.02,0.65,10.68,0.2,0.7,,,,,25.35,64.75,,221.5,,,,712.0,
2024-09-06 14:00:00,15.25,41.5,1.1,6.65,4.4,1.45,8.48,0.58,10.76,0.22,0.78,,,,,25.7,62.5,,233.75,,,,711.25,
2024-09-06 15:00:00,15.5,39.0,1.4,6.5,4.57,1.42,7.08,0.69,10.93,0.18,0.55,,,,,25.35,64.5,,229.0,,,,710.75,
2024-09-06 16:00:00,14.5,37.5,1.27,6.38,4.43,1.6,7.6,0.67,11.24,0.2,0.65,,,,,25.28,65.0,,224.5,,,,711.0,
2024-09-06 17:00:00,15.0,45.0,1.18,6.7,4.53,1.75,8.25,0.74,10.55,0.2,0.72,,,,,25.1,66.5,,234.75,,,,711.0,
2024-09-06 18:00:00,13.25,54.25,1.2,6.75,4.57,2.45,7.68,0.79,10.77,0.2,0.65,,,,,24.8,69.25,,235.25,,,,711.25,
2024-09-06 19:00:00,17.0,55.5,1.18,6.92,4.65,2.25,9.95,0.78,10.76,0.3,0.95,,,,,24.6,68.5,,221.5,,,,712.25,
2024-09-06 20:00:00,18.0,56.0,1.2,7.05,4.75,2.12,10.07,0.82,11.18,0.28,0.95,,,,,24.35,69.75,,232.25,,,,713.0,
2024-09-06 21:00:00,21.75,50.25,1.42,7.15,4.95,2.0,9.6,0.72,10.84,0.3,0.9,,,,,24.08,72.5,,222.5,,,,713.0,
2024-09-06 22:00:00,23.25,41.75,1.2,7.28,4.8,1.72,9.25,0.68,10.91,0.28,0.88,,,,,23.72,76.5,,222.75,,,,713.75,
2024-09-06 23:00:00,19.0,37.75,1.18,7.05,4.7,1.2,8.45,0.67,10.88,0.22,0.75,,,,,23.42,79.5,,215.5,,,,713.75,
2024-09-07 00:00:00,12.75,28.25,1.1,6.93,4.55,0.92,8.35,0.2,10.98,0.2,0.75,,,,,23.28,80.75,,221.25,,,,713.0,
2024-09-07 01:00:00,12.25,31.75,1.18,6.68,4.5,1.0,7.4,0.19,10.98,0.2,0.63,,,,,23.02,83.0,,223.0,,,,712.75,
2024-09-07 02:00:00,13.5,40.0,1.18,6.43,4.38,1.0,8.07,0.12,11.17,0.22,0.72,,,,,22.9,84.75,,231.75,,,,712.25,
2024-09-07 03:00:00,14.0,37.0,1.2,6.52,4.45,0.85,8.57,0.14,10.72,0.22,0.78,,,,,22.85,84.5,,222.25,,,,712.0,
2024-09-07 04:00:00,11.75,27.5,1.03,6.78,4.45,0.75,9.5,0.13,10.9,0.3,0.9,,,,,22.8,85.0,,233.5,,,,712.0,
2024-09-07 05:00:00,13.25,28.5,0.92,6.82,4.4,0.88,10.68,0.18,10.74,0.32,1.02,,,,,22.75,85.5,,221.75,,,,712.0,
2024-09-07 06:00:00,11.75,35.25,1.18,6.6,4.43,1.15,11.38,0.2,10.8,0.3,1.12,,,,,22.65,86.75,,220.25,,,,712.75,
2024-09-07 07:00:00,15.0,34.5,1.05,6.6,4.35,1.32,9.52,0.21,10.94,0.25,0.88,,,,,22.75,86.75,,221.25,,,,713.0,
2024-09-07 08:00:00,18.25,39.5,1.23,6.35,4.35,1.5,9.52,0.26,10.79,0.28,0.9,,,,,23.08,85.0,,224.25,,,,713.75,
2024-09-07 09:00:00,21.75,40.75,1.23,6.28,4.32,1.45,8.98,0.22,10.96,0.22,0.82,,,,,23.75,79.75,,213.5,,,,714.0,
2024-09-07 10:00:00,27.0,41.0,1.1,6.43,4.32,1.32,7.9,0.22,10.91,0.2,0.65,,,,,24.88,71.25,,218.75,,,,714.0,
2024-09-07 11:00:00,17.75,43.25,1.3,6.42,4.47,1.4,10.23,0.24,10.94,0.3,0.98,,,,,25.52,65.25,,222.5,,,,714.0,
2024-09-07 12:00:00,15.5,38.75,1.27,6.22,4.32,1.68,9.88,0.22,11.12,0.3,0.98,,,,,26.0,61.75,,228.25,,,,713.0,
2024-09-07 13:00:00,12.25,31.5,1.38,6.4,4.53,1.4,9.3,0.26,10.86,0.25,0.88,,,,,26.02,62.5,,216.5,,,,711.75,
2024-09-07 14:00:00,15.25,29.5,1.08,6.7,4.42,1.23,10.12,0.34,10.72,0.3,0.98,,,,,25.38,69.0,,211.0,,,,711.0,
2024-09-07 15:00:00,12.25,25.75,1.25,6.43,4.47,1.15,8.9,0.26,10.68,0.22,0.8,,,,,24.05,77.25,,214.75,,,,711.0,
2024-09-07 16:00:00,10.5,18.5,1.12,6.65,4.47,1.18,10.55,0.25,10.78,0.3,1.0,,,,,23.92,79.75,,216.0,,,,711.0,
2024-09-07 17:00:00,11.0,20.25,1.4,6.2,4.45,1.32,10.98,0.28,10.99,0.3,1.1,,,,,23.65,79.75,,221.0,,,,712.0,
2024-09-07 18:00:00,8.75,29.5,1.12,6.43,4.3,1.8,11.25,0.43,11.11,0.32,1.1,,,,,23.6,80.25,,215.25,,,,712.5,
2024-09-07 19:00:00,12.75,29.5,1.2,6.58,4.5,2.08,10.82,0.38,10.63,0.32,1.05,,,,,23.62,80.0,,225.5,,,,713.5,
2024-09-07 20:00:00,17.75,34.25,1.05,6.82,4.45,1.85,11.22,0.39,10.87,0.32,1.1,,,,,23.48,81.5,,214.25,,,,714.0,
2024-09-07 21:00:00,16.5,32.75,1.1,6.72,4.5,1.55,10.8,0.36,11.03,0.3,1.08,,,,,23.4,82.5,,217.0,,,,714.5,
2024-09-07 22:00:00,15.0,26.5,1.38,6.42,4.55,1.32,11.55,0.26,10.96,0.32,1.18,,,,,23.3,81.5,,223.75,,,,714.25,
2024-09-07 23:00:00,14.25,28.0,1.38,6.32,4.47,1.1,11.25,0.24,10.7,0.3,1.12,,,,,23.25,80.0,,221.25,,,,714.0,
2024-09-08 00:00:00,12.0,28.0,1.32,6.25,4.38,0.98,10.32,0.36,10.96,0.3,1.0,,,,,23.05,80.5,,219.75,,,,714.0,
2024-09-08 01:00:00,14.0,20.0,1.27,6.22,4.35,0.9,9.47,0.35,10.9,0.3,0.9,,,,,22.85,83.0,,220.25,,,,713.0,
2024-09-08 02:00:00,13.25,18.75,1.32,5.92,4.22,0.92,8.27,0.33,10.88,0.2,0.75,,,,,22.65,85.0,,215.25,,,,712.75,
2024-09-08 03:00:00,10.75,17.0,1.27,6.08,4.28,0.92,8.38,0.34,10.89,0.22,0.75,,,,,22.6,86.75,,207.0,,,,712.75,
2024-09-08 04:00:00,11.0,21.5,1.08,6.25,4.2,1.0,7.95,0.4,10.96,0.2,0.68,,,,,22.6,88.0,,210.5,,,,713.0,
2024-09-08 05:00:00,14.25,18.25,1.15,6.28,4.25,1.0,8.08,0.4,10.97,0.2,0.72,,,,,22.6,88.25,,216.25,,,,713.5,
2024-09-08 06:00:00,14.5,22.75,1.05,6.45,4.28,1.12,8.52,0.41,10.9,0.22,0.78,,,,,22.62,89.0,,224.25,,,,714.0,
2024-09-08 07:00:00,12.75,25.0,1.2,6.1,4.22,1.4,9.07,0.24,10.98,0.22,0.82,,,,,22.75,88.0,,223.75,,,,714.25,
2024-09-08 08:00:00,11.25,26.0,1.35,6.12,4.35,1.38,8.85,0.3,10.96,0.2,0.8,,,,,23.1,85.5,,220.0,,,,715.0,
2024-09-08 09:00:00,10.25,31.25,1.15,6.28,4.28,1.35,8.3,0.32,11.17,0.2,0.72,,,,,23.48,82.75,,212.25,,,,715.0,
2024-09-08 10:00:00,13.25,38.5,1.27,6.18,4.3,1.38,8.35,0.29,11.19,0.2,0.75,,,,,23.95,77.5,,222.75,,,,715.0,
2024-09-08 11:00:00,11.25,38.0,1.3,6.1,4.32,1.4,9.05,0.32,10.84,0.25,0.85,,,,,24.55,73.25,,212.0,,,,714.0,
2024-09-08 12:00:00,11.75,31.5,1.23,6.22,4.28,1.35,8.75,0.33,10.84,0.2,0.8,,,,,25.02,69.0,,223.75,,,,713.25,
2024-09-08 13:00:00,11.5,30.75,1.3,6.02,4.25,1.32,8.62,0.28,11.04,0.2,0.8,,,,,25.65,63.5,,218.0,,,,712.0,
2024-09-08 14:00:00,11.75,31.5,1.02,6.2,4.15,1.38,8.22,0.39,10.79,0.2,0.72,,,,,25.72,63.5,,222.5,,,,711.5,
2024-09-08 15:00:00,9.75,29.75,1.32,6.32,4.42,1.27,8.62,0.3,10.89,0.2,0.78,,,,,25.95,61.5,,218.5,,,,711.0,
2024-09-08 16:00:00,13.5,35.0,1.38,5.92,4.28,1.23,8.02,0.32,10.86,0.2,0.68,,,,,25.68,60.75,,232.0,,,,711.0,
2024-09-08 17:00:00,9.75,26.25,1.4,6.0,4.35,1.3,8.18,0.31,10.97,0.2,0.72,,,,,24.6,72.75,,201.5,,,,711.0,
2024-09-08 18:00:00,11.25,24.5,1.25,6.22,4.35,1.4,8.85,0.37,10.94,0.22,0.8,,,,,23.98,77.0,,208.0,,,,712.0,
2024-09-08 19:00:00,9.25,18.75,1.18,6.22,4.25,1.7,9.3,0.39,10.91,0.25,0.85,,,,,23.68,81.0,,200.25,,,,713.0,
2024-09-08 20:00:00,10.5,23.75,1.15,6.32,4.3,1.52,9.12,0.4,11.1,0.22,0.82,,,,,23.42,82.25,,223.0,,,,713.0,
2024-09-08 21:00:00,12.75,26.0,1.3,6.2,4.38,1.5,8.6,0.42,11.05,0.22,0.78,,,,,23.28,83.0,,217.25,,,,713.0,
2024-09-08 22:00:00,14.5,33.5,1.27,6.15,4.32,1.45,10.12,0.37,10.7,0.3,0.98,,,,,23.22,82.25,,213.75,,,,713.25,
2024-09-08 23:00:00,13.5,29.25,1.23,6.15,4.28,1.25,9.43,0.34,10.97,0.3,0.9,,,,,23.1,81.25,,225.0,,,,713.0,
2024-09-09 00:00:00,14.0,30.0,1.1,6.98,4.6,0.9,8.25,0.52,10.84,0.2,0.75,,,,,23.02,82.5,,216.0,,,,713.0,
2024-09-09 01:00:00,12.5,29.25,1.1,7.08,4.65,0.7,7.47,0.7,11.04,0.17,0.63,,,,,22.9,83.75,,213.0,,,,712.25,
2024-09-09 02:00:00,16.25,24.25,1.05,6.42,4.28,0.95,6.58,0.77,10.82,0.15,0.5,,,,,22.75,86.5,,214.25,,,,712.0,
2024-09-09 03:00:00,14.0,17.75,1.35,6.1,4.35,0.95,5.48,0.71,10.97,0.1,0.35,,,,,22.7,87.75,,214.0,,,,711.25,
2024-09-09 04:00:00,13.75,23.5,1.15,6.48,4.38,0.9,6.2,0.68,10.69,0.12,0.48,,,,,22.7,88.0,,221.75,,,,711.0,
2024-09-09 05:00:00,12.5,23.75,1.23,6.25,4.3,1.02,6.9,0.64,10.84,0.18,0.57,,,,,22.68,88.0,,219.0,,,,711.0,
2024-09-09 06:00:00,12.25,21.25,1.32,6.22,4.4,1.15,6.62,0.64,10.73,0.15,0.52,,,,,22.6,88.0,,215.0,,,,711.5,
2024-09-09 07:00:00,15.5,27.5,1.27,5.9,4.18,1.62,6.72,0.69,10.98,0.15,0.52,,,,,22.75,87.75,,212.25,,,,712.0,
2024-09-09 08:00:00,14.25,35.0,1.23,6.08,4.18,1.98,6.55,0.82,10.81,0.12,0.52,,,,,23.05,85.5,,220.75,,,,712.0,
2024-09-09 09:00:00,15.25,36.5,1.27,6.28,4.38,1.95,6.6,0.86,11.08,0.18,0.5,,,,,23.7,81.0,,220.25,,,,712.0,
2024-09-09 10:00:00,18.5,40.25,1.25,6.55,4.53,1.62,7.35,0.71,10.7,0.2,0.6,,,,,24.35,75.25,,213.75,,,,712.0,
2024-09-09 11:00:00,23.25,39.25,1.1,9.88,6.15,0.6,5.5,0.53,10.55,0.1,0.4,,,,,25.22,69.5,,219.25,,,,712.0,
2024-09-09 12:00:00,15.5,43.75,1.45,9.18,6.08,0.83,4.45,0.42,11.33,0.1,0.28,,,,,25.7,64.5,,219.75,,,,711.5,
2024-09-09 13:00:00,15.0,43.25,1.15,6.52,4.4,1.48,5.03,0.19,11.0,0.1,0.3,,,,,25.85,61.75,,223.25,,,,710.75,
2024-09-09 14:00:00,10.75,45.5,1.05,6.25,4.15,1.5,6.32,0.36,10.73,0.12,0.5,,,,,26.38,57.0,,217.5,,,,709.75,
2024-09-09 15:00:00,16.25,70.75,1.2,6.05,4.2,1.5,7.4,0.44,10.61,0.2,0.62,,,,,26.0,57.25,,216.25,,,,709.0,
2024-09-09 16:00:00,15.25,50.0,1.23,6.12,4.22,1.55,7.45,0.47,10.64,0.2,0.65,,,,,25.12,62.0,,228.25,,,,709.0,
2024-09-09 17:00:00,12.25,40.0,1.3,6.22,4.35,1.78,6.7,0.5,10.88,0.18,0.52,,,,,24.78,66.5,,216.25,,,,709.75,
2024-09-09 18:00:00,17.5,29.0,1.32,6.4,4.47,1.88,6.65,0.5,11.16,0.18,0.52,,,,,24.4,70.5,,228.0,,,,710.0,
2024-09-09 19:00:00,14.0,30.75,1.4,6.5,4.6,2.05,7.3,0.59,10.92,0.2,0.6,,,,,24.1,75.0,,205.0,,,,711.0,
2024-09-09 20:00:00,16.25,28.5,1.42,6.52,4.6,1.65,7.75,0.54,10.76,0.2,0.65,,,,,23.78,79.5,,208.0,,,,711.25,
2024-09-09 21:00:00,12.75,28.75,1.3,6.5,4.5,1.35,8.38,0.49,10.67,0.2,0.75,,,,,23.42,81.5,,211.25,,,,712.0,
2024-09-09 22:00:00,10.25,16.25,1.2,6.55,4.43,1.27,7.25,0.46,10.67,0.2,0.6,,,,,23.15,83.5,,212.75,,,,712.0,
2024-09-09 23:00:00,12.5,16.0,1.32,6.15,4.38,1.1,8.35,0.39,10.86,0.2,0.78,,,,,23.0,82.0,,218.25,,,,711.5,
2024-09-10 00:00:00,8.0,13.5,1.4,5.88,4.25,0.95,8.48,0.08,10.6,0.22,0.78,,,,,22.88,82.25,,226.75,,,,711.0,
2024-09-10 01:00:00,8.5,15.75,1.23,6.05,4.15,1.0,7.97,0.11,10.92,0.2,0.73,,,,,22.75,84.5,,208.0,,,,710.5,
2024-09-10 02:00:00,10.75,17.25,1.42,5.92,4.3,1.0,8.32,0.16,10.9,0.22,0.75,,,,,22.62,86.0,,211.25,,,,710.0,
2024-09-10 03:00:00,11.75,15.25,1.2,6.68,4.53,0.78,8.28,0.14,10.7,0.22,0.72,,,,,22.7,86.5,,216.5,,,,710.0,
2024-09-10 04:00:00,9.5,17.5,0.9,10.82,6.48,,4.72,0.44,10.52,0.1,0.28,,,,,22.75,87.25,,213.5,,,,710.0,
2024-09-10 05:00:00,14.75,21.0,1.23,10.5,6.6,0.4,6.2,0.73,11.51,0.15,0.45,,,,,22.55,88.0,,215.5,,,,711.0,
2024-09-10 06:00:00,15.5,20.0,1.32,6.75,4.65,1.12,7.78,0.16,11.11,0.2,0.68,,,,,22.5,88.0,,210.0,,,,711.5,
2024-09-10 07:00:00,12.5,24.75,1.0,6.05,4.05,1.65,8.9,0.26,10.93,0.22,0.8,,,,,22.68,87.25,,210.0,,,,712.0,
2024-09-10 08:00:00,16.0,24.0,1.1,6.22,4.22,1.7,8.57,0.32,10.64,0.22,0.78,,,,,23.1,84.5,,214.5,,,,713.0,
2024-09-10 09:00:00,13.5,33.5,0.98,6.7,4.35,1.6,9.38,0.45,11.0,0.28,0.88,,,,,23.75,79.0,,215.75,,,,713.0,
2024-09-10 10:00:00,15.25,38.25,1.3,6.02,4.28,1.7,9.05,0.34,11.0,0.25,0.85,,,,,24.62,71.75,,207.25,,,,712.0,
2024-09-10 11:00:00,14.5,51.5,1.32,5.95,4.28,1.62,9.22,0.36,10.8,0.25,0.85,,,,,25.35,64.25,,220.25,,,,711.75,
2024-09-10 12:00:00,10.75,62.0,1.18,5.98,4.12,1.7,9.18,0.28,10.69,0.25,0.85,,,,,26.08,56.75,,207.75,,,,710.75,
2024-09-10 13:00:00,13.0,64.25,1.23,6.02,4.2,1.68,8.35,0.29,10.74,0.25,0.78,,,,,26.5,52.25,,215.0,,,,709.75,
2024-09-10 14:00:00,12.75,69.75,1.35,6.02,4.32,1.52,7.02,0.31,10.73,0.2,0.55,,,,,25.92,55.75,,222.0,,,,709.0,
2024-09-10 15:00:00,11.5,58.0,1.3,6.05,4.28,1.5,6.72,0.31,10.94,0.15,0.55,,,,,25.52,63.25,,220.5,,,,709.0,
2024-09-10 16:00:00,9.75,32.75,1.23,6.18,4.3,1.42,7.9,0.33,10.98,0.2,0.7,,,,,25.32,65.25,,211.75,,,,709.0,
2024-09-10 17:00:00,8.75,30.25,1.2,6.15,4.25,1.5,6.68,0.3,10.8,0.15,0.52,,,,,24.98,67.75,,213.0,,,,709.25,
2024-09-10 18:00:00,10.25,33.0,1.32,6.15,4.38,1.8,7.45,0.32,10.93,0.2,0.62,,,,,24.15,76.75,,219.25,,,,710.5,
2024-09-10 19:00:00,15.25,26.0,1.27,7.4,4.97,1.6,7.85,0.63,10.93,0.22,0.7,,,,,23.1,86.25,,214.5,,,,711.25,
2024-09-10 20:00:00,10.0,13.25,1.18,6.55,4.47,1.95,9.25,0.42,10.92,0.25,0.85,,,,,23.05,85.5,,213.75,,,,712.0,
2024-09-10 21:00:00,11.5,12.75,1.0,6.55,4.32,1.82,8.98,0.47,10.98,0.25,0.85,,,,,23.2,83.75,,219.75,,,,713.0,
2024-09-10 22:00:00,16.25,19.0,1.23,6.45,4.43,1.62,8.75,0.38,11.09,0.22,0.82,,,,,23.05,83.75,,209.5,,,,713.0,
2024-09-10 23:00:00,15.75,23.25,1.12,6.42,4.32,1.32,9.48,0.3,10.88,0.25,0.88,,,,,22.88,83.25,,224.75,,,,713.0,
2024-09-11 00:00:00,13.75,25.5,1.42,6.12,4.4,1.23,8.35,0.26,10.96,0.22,0.75,,,,,22.7,85.25,,218.25,,,,712.75,
2024-09-11 01:00:00,19.0,22.0,1.32,5.98,4.25,1.3,8.67,0.28,10.97,0.2,0.8,,,,,22.52,87.0,,206.0,,,,712.0,
2024-09-11 02:00:00,17.5,25.75,1.38,5.9,4.22,1.1,9.72,0.26,10.94,0.28,0.92,,,,,22.4,88.0,,213.75,,,,711.25,
2024-09-11 03:00:00,12.75,26.75,0.92,6.48,4.18,0.92,8.93,0.28,10.51,0.22,0.82,,,,,22.4,88.0,,214.75,,,,711.0,
2024-09-11 04:00:00,13.0,22.75,1.15,6.22,4.28,0.9,9.73,0.32,10.88,0.25,0.92,,,,,22.38,88.0,,213.75,,,,711.0,
2024-09-11 05:00:00,15.75,23.0,1.3,6.6,4.57,0.82,8.22,0.67,10.88,0.22,0.75,,,,,22.32,88.5,,220.5,,,,711.5,
2024-09-11 06:00:00,14.5,28.75,1.1,6.35,4.28,1.2,8.72,0.64,10.68,0.22,0.8,,,,,22.3,89.0,,217.5,,,,712.0,
2024-09-11 07:00:00,13.25,36.75,1.12,6.0,4.1,1.62,9.38,0.58,11.04,0.28,0.88,,,,,22.52,88.0,,223.25,,,,712.75,
2024-09-11 08:00:00,14.0,36.25,1.25,6.12,4.25,1.65,9.9,0.56,10.96,0.25,0.95,,,,,23.02,84.5,,214.75,,,,713.5,
2024-09-11 09:00:00,15.0,38.0,1.12,6.12,4.2,1.7,10.68,0.6,11.25,0.3,1.05,,,,,23.75,77.0,,211.75,,,,714.0,
2024-09-11 10:00:00,16.75,41.0,1.35,6.3,4.43,1.52,10.78,0.63,10.7,0.32,1.05,,,,,24.42,71.25,,215.25,,,,713.25,
2024-09-11 11:00:00,13.75,40.0,1.25,6.5,4.45,1.7,10.48,0.49,10.61,0.3,1.02,,,,,24.72,69.5,,214.25,,,,713.0,
2024-09-11 12:00:00,14.75,38.5,1.32,8.4,5.55,1.05,8.45,0.71,11.07,0.2,0.78,,,,,25.52,63.25,,222.75,,,,712.0,
2024-09-11 13:00:00,12.75,42.75,1.3,6.58,4.58,1.6,10.4,0.62,11.03,0.3,1.02,,,,,26.28,55.75,,221.0,,,,711.0,
2024-09-11 14:00:00,16.25,44.0,1.4,6.12,4.35,1.6,9.8,0.55,10.92,0.3,0.9,,,,,26.22,53.75,,220.0,,,,711.0,
2024-09-11 15:00:00,11.0,48.5,1.35,6.18,4.38,1.62,10.55,0.6,10.78,0.3,1.05,,,,,26.08,55.0,,220.75,,,,711.0,
2024-09-11 16:00:00,10.5,46.75,1.18,6.3,4.3,1.68,9.78,0.62,10.78,0.28,0.92,,,,,26.25,51.75,,219.0,,,,711.0,
2024-09-11 17:00:00,12.75,56.5,1.38,6.02,4.32,1.78,10.38,0.67,10.86,0.3,1.0,,,,,25.75,53.5,,229.0,,,,711.5,
2024-09-11 18:00:00,21.0,55.0,1.15,6.28,4.3,1.75,10.25,0.64,10.75,0.3,0.98,,,,,24.52,64.5,,228.25,,,,712.25,
2024-09-11 19:00:00,14.25,36.5,1.3,6.35,4.45,2.08,10.1,0.66,10.95,0.3,0.95,,,,,24.1,67.75,,222.25,,,,713.0,
2024-09-11 20:00:00,19.75,36.75,1.4,6.4,4.55,2.32,11.38,0.7,10.98,0.32,1.12,,,,,23.85,69.75,,233.25,,,,714.0,
2024-09-11 21:00:00,18.5,41.75,1.3,6.7,4.62,2.22,11.78,0.7,11.03,0.35,1.18,,,,,23.68,71.5,,219.75,,,,714.75,
2024-09-11 22:00:00,24.25,41.5,1.25,6.7,4.57,1.82,11.18,0.65,11.23,0.3,1.1,,,,,23.4,74.25,,223.5,,,,715.0,
2024-09-11 23:00:00,18.0,40.5,1.35,6.6,4.62,1.27,11.78,0.58,11.06,0.35,1.18,,,,,23.2,77.5,,221.75,,,,714.5,
2024-09-12 00:00:00,13.75,31.5,1.15,6.43,4.38,1.1,11.32,0.18,10.76,0.3,1.12,,,,,22.88,81.5,,217.25,,,,714.0,
2024-09-12 01:00:00,11.0,28.0,1.25,6.3,4.32,1.1,10.93,0.23,10.92,0.3,1.1,,,,,22.65,84.75,,219.75,,,,713.0,
2024-09-12 02:00:00,13.75,28.75,1.23,6.38,4.35,1.05,10.82,0.2,11.34,0.3,1.08,,,,,22.55,86.25,,214.5,,,,713.0,
2024-09-12 03:00:00,13.75,23.25,1.18,6.52,4.42,0.92,10.15,0.25,10.89,0.3,0.95,,,,,22.48,87.0,,207.25,,,,712.75,
2024-09-12 04:00:00,15.25,26.5,1.32,6.42,4.5,0.9,9.65,0.26,10.84,0.28,0.9,,,,,22.4,87.0,,219.25,,,,712.75,
2024-09-12 05:00:00,13.0,25.75,1.32,6.02,4.28,1.05,10.35,0.28,10.96,0.3,1.0,,,,,22.4,87.0,,214.0,,,,713.0,
2024-09-12 06:00:00,14.25,28.75,1.0,6.35,4.2,1.3,10.6,0.31,10.98,0.3,1.02,,,,,22.4,87.0,,225.0,,,,713.75,
2024-09-12 07:00:00,17.75,32.75,1.12,6.5,4.38,1.48,10.88,0.32,10.78,0.3,1.08,,,,,22.58,86.75,,215.75,,,,714.5,
2024-09-12 08:00:00,16.0,38.0,0.95,6.35,4.15,1.7,10.82,0.34,10.8,0.3,1.1,,,,,23.08,83.0,,218.0,,,,715.0,
2024-09-12 09:00:00,13.5,39.75,1.18,6.18,4.25,1.7,11.08,0.35,11.06,0.3,1.1,,,,,23.8,75.5,,220.5,,,,715.0,
2024-09-12 10:00:00,15.0,44.75,1.23,6.2,4.32,1.62,11.88,0.3,10.8,0.35,1.2,,,,,24.68,68.0,,217.0,,,,715.0,
2024-09-12 11:00:00,15.5,43.25,1.15,6.45,4.35,1.68,11.8,0.3,10.83,0.35,1.18,,,,,25.22,64.0,,215.0,,,,714.0,
2024-09-12 12:00:00,16.0,41.5,1.3,6.43,4.5,1.58,11.25,0.24,11.08,0.3,1.12,,,,,25.72,59.5,,221.25,,,,713.25,
2024-09-12 13:00:00,12.5,44.25,1.2,6.1,4.2,1.88,10.88,0.24,10.77,0.3,1.08,,,,,26.52,52.5,,220.5,,,,712.0,
2024-09-12 14:00:00,10.0,49.25,1.23,6.98,4.68,1.27,10.98,0.62,10.51,0.3,1.1,,,,,26.42,53.75,,218.0,,,,711.75,
2024-09-12 15:00:00,9.25,48.5,1.27,7.85,5.22,1.03,8.78,0.46,11.01,0.22,0.8,,,,,26.68,54.75,,216.0,,,,711.0,
2024-09-12 16:00:00,14.25,34.25,1.52,6.6,4.75,1.42,11.15,0.5,10.96,0.3,1.1,,,,,26.4,54.0,,218.0,,,,712.0,
2024-09-12 17:00:00,10.5,34.0,1.3,6.2,4.35,1.92,10.62,0.49,10.86,0.3,1.05,,,,,26.15,55.0,,229.75,,,,712.0,
2024-09-12 18:00:00,16.25,43.0,1.08,6.42,4.28,2.48,11.22,0.6,10.66,0.32,1.12,,,,,25.52,59.75,,223.0,,,,713.0,
2024-09-12 19:00:00,20.25,52.0,1.15,7.02,4.7,3.08,13.35,0.78,10.84,0.38,1.4,,,,,25.12,63.0,,227.5,,,,713.5,
2024-09-12 20:00:00,20.5,47.5,1.35,7.15,4.88,2.28,14.68,0.66,10.9,0.4,1.52,,,,,24.8,66.5,,224.0,,,,714.25,
2024-09-12 21:00:00,18.0,31.75,1.3,7.1,4.85,1.38,12.68,0.55,10.77,0.4,1.3,,,,,24.25,72.25,,225.25,,,,715.0,
2024-09-12 22:00:00,15.0,23.25,1.2,6.72,4.55,1.18,11.55,0.46,11.04,0.32,1.15,,,,,23.92,73.25,,227.5,,,,715.0,
2024-09-12 23:00:00,14.0,17.0,1.2,6.62,4.5,1.05,10.3,0.4,10.95,0.3,0.98,,,,,23.62,74.5,,232.75,,,,714.5,
2024-09-13 00:00:00,10.25,14.25,1.1,6.62,4.4,0.95,9.8,0.07,10.68,0.3,0.92,,,,,23.65,76.75,,230.75,,,,714.0,
2024-09-13 01:00:00,8.75,17.0,1.27,6.18,4.32,1.02,9.0,0.44,10.88,0.23,0.83,,,,,23.35,79.0,,236.5,,,,713.0,
2024-09-13 02:00:00,10.5,24.25,1.15,6.08,4.2,1.1,8.88,0.48,11.13,0.22,0.82,,,,,23.1,80.5,,231.0,,,,713.0,
2024-09-13 03:00:00,11.25,27.5,1.1,6.18,4.2,1.05,8.95,0.47,10.84,0.22,0.82,,,,,22.88,82.0,,235.5,,,,713.0,
2024-09-13 04:00:00,15.75,26.0,1.23,6.35,4.35,1.0,9.1,0.45,10.87,0.22,0.82,,,,,22.75,82.25,,237.75,,,,713.0,
2024-09-13 05:00:00,9.0,27.75,1.27,6.3,4.38,1.05,8.3,0.44,10.95,0.2,0.75,,,,,22.55,84.0,,224.25,,,,713.0,
2024-09-13 06:00:00,8.5,31.25,1.25,6.35,4.4,1.25,8.68,0.46,10.91,0.22,0.82,,,,,22.42,85.75,,226.25,,,,714.0,
2024-09-13 07:00:00,10.25,28.25,1.2,6.12,4.2,1.72,8.2,0.49,11.06,0.2,0.72,,,,,22.6,85.75,,223.75,,,,714.75,
2024-09-13 08:00:00,20.25,36.25,1.3,5.9,4.22,1.85,8.98,0.5,11.07,0.25,0.85,,,,,22.98,82.25,,212.5,,,,715.0,
2024-09-13 09:00:00,19.75,38.75,1.23,5.98,4.18,1.72,8.85,0.52,10.93,0.22,0.8,,,,,23.55,75.75,,209.25,,,,715.25,
2024-09-13 10:00:00,16.0,37.75,1.35,6.0,4.3,1.65,9.3,0.5,10.94,0.28,0.85,,,,,24.72,67.25,,224.75,,,,715.0,
2024-09-13 11:00:00,15.25,45.75,1.27,6.32,4.4,1.72,9.15,0.54,10.94,0.28,0.88,,,,,25.38,60.5,,231.5,,,,714.5,
2024-09-13 12:00:00,13.5,45.5,1.2,6.5,4.45,1.65,9.3,0.47,10.73,0.25,0.85,,,,,25.72,56.0,,228.25,,,,713.25,
2024-09-13 13:00:00,13.25,46.25,1.3,6.7,4.6,1.62,8.7,0.55,11.02,0.22,0.8,,,,,26.3,50.5,,225.0,,,,712.25,
2024-09-13 14:00:00,9.25,44.75,1.35,6.12,4.38,1.7,9.12,0.63,10.89,0.25,0.85,,,,,26.72,48.75,,224.5,,,,711.5,
2024-09-13 15:00:00,13.25,46.75,0.9,6.35,4.12,1.72,8.43,0.56,10.75,0.22,0.78,,,,,26.95,47.25,,231.0,,,,711.0,
2024-09-13 16:00:00,13.25,46.25,1.08,6.65,4.4,1.7,8.38,0.73,10.88,0.2,0.75,,,,,26.8,47.75,,217.25,,,,711.0,
2024-09-13 17:00:00,12.0,50.5,1.15,6.62,4.47,1.7,9.43,0.77,10.8,0.28,0.88,,,,,26.15,51.75,,226.0,,,,711.25,
2024-09-13 18:00:00,16.75,64.75,1.15,6.68,4.47,2.33,9.98,0.75,10.8,0.3,0.95,,,,,25.55,55.5,,238.75,,,,712.0,
2024-09-13 19:00:00,23.75,77.75,1.23,7.02,4.72,3.32,11.02,0.96,10.96,0.3,1.1,,,,,25.28,57.25,,215.5,,,,712.25,
2024-09-13 20:00:00,26.5,76.75,1.18,7.22,4.8,2.33,10.45,0.86,10.91,0.3,1.0,,,,,24.85,62.0,,231.75,,,,713.0,
2024-09-13 21:00:00,17.75,54.0,1.23,7.12,4.8,2.0,10.0,0.8,10.86,0.3,0.92,,,,,24.4,67.25,,233.5,,,,714.0,
2024-09-13 22:00:00,14.25,41.0,1.3,7.32,4.9,1.68,9.78,0.78,11.18,0.3,0.95,,,,,24.15,70.0,,226.25,,,,714.0,
2024-09-13 23:00:00,17.25,41.25,1.02,7.3,4.7,1.42,10.4,0.66,10.98,0.3,1.02,,,,,23.85,72.5,,225.25,,,,714.0,
2024-09-14 00:00:00,22.5,51.25,1.2,7.08,4.7,1.08,10.1,0.37,10.56,0.3,0.95,,,,,23.7,74.0,,224.5,,,,713.0,
2024-09-14 01:00:00,17.75,47.5,1.18,6.8,4.58,0.9,8.03,0.5,10.84,0.2,0.7,,,,,23.42,77.0,,216.0,,,,712.75,
2024-09-14 02:00:00,16.25,32.75,1.23,6.5,4.45,0.98,7.45,0.46,11.06,0.2,0.62,,,,,23.3,78.0,,231.0,,,,712.0,
2024-09-14 03:00:00,12.5,24.75,1.3,6.7,4.62,0.78,7.15,0.47,10.82,0.2,0.6,,,,,23.12,79.5,,233.75,,,,712.0,
2024-09-14 04:00:00,8.25,14.5,1.08,6.78,4.45,0.72,6.0,0.45,10.83,0.1,0.45,,,,,22.95,80.5,,225.5,,,,712.0,
2024-09-14 05:00:00,9.25,22.25,1.08,6.5,4.32,0.92,6.35,0.37,10.98,0.12,0.5,,,,,22.78,82.25,,236.5,,,,713.0,
2024-09-14 06:00:00,9.25,23.5,1.35,6.22,4.4,1.12,6.88,0.39,10.92,0.18,0.55,,,,,22.65,82.5,,231.75,,,,713.0,
2024-09-14 07:00:00,7.5,25.0,1.25,6.02,4.2,1.42,6.45,0.24,10.84,0.15,0.48,,,,,22.9,81.0,,227.5,,,,713.75,
2024-09-14 08:00:00,10.5,29.5,1.12,6.32,4.3,1.5,7.15,0.51,10.88,0.2,0.6,,,,,23.45,75.25,,218.75,,,,714.0,
2024-09-14 09:00:00,15.25,43.75,1.48,5.8,4.32,1.6,7.1,0.5,11.02,0.2,0.6,,,,,24.2,67.25,,221.75,,,,714.25,
2024-09-14 10:00:00,16.25,48.25,1.27,6.7,4.62,1.52,7.28,0.45,10.81,0.18,0.6,,,,,25.3,59.0,,220.0,,,,714.0,
2024-09-14 11:00:00,16.75,55.0,1.08,11.45,7.0,0.6,4.95,0.25,10.44,0.1,0.32,,,,,26.0,55.0,,224.25,,,,713.25,
2024-09-14 12:00:00,13.25,54.25,0.7,15.6,8.9,,3.2,0.34,10.89,,0.1,,,,,26.37,52.5,,217.67,,,,712.33,
2024-09-14 13:00:00,5.25,51.75,,,,,,0.18,8.05,,,,,,,,,,,,,,,
2024-09-14 14:00:00,8.75,53.25,,,,,,0.27,5.67,,,,,,,,,,,,,,,
2024-09-14 15:00:00,17.75,60.5,,,,,,1.11,18.53,,,,,,,,,,,,,,,
2024-09-14 16:00:00,19.25,60.75,1.4,5.0,3.8,3.1,12.4,1.67,15.17,0.4,1.25,,,,,,,,,,,,,
2024-09-14 17:00:00,18.0,56.25,1.55,3.62,3.2,2.98,14.52,0.5,11.77,0.45,1.55,,,,,34.7,29.67,,222.0,,,,711.0,
2024-09-14 18:00:00,22.75,57.75,1.58,2.15,2.4,3.75,16.33,0.27,11.17,0.5,1.77,,,,,25.6,52.5,,234.5,,,,711.75,
2024-09-14 19:00:00,27.0,64.5,1.35,1.88,2.1,3.72,15.4,0.2,10.7,0.45,1.65,,,,,25.32,55.0,,220.75,,,,712.75,
2024-09-14 20:00:00,24.75,50.75,1.25,1.98,2.02,3.9,15.08,0.19,10.69,0.43,1.6,,,,,24.58,68.5,,213.25,,,,713.5,
2024-09-14 21:00:00,27.0,49.75,1.08,2.2,2.02,3.7,11.7,0.45,10.98,0.32,1.18,,,,,24.18,74.25,,215.5,,,,714.0,
2024-09-14 22:00:00,24.25,44.25,1.23,2.28,2.2,3.28,13.25,0.44,11.12,0.4,1.38,,,,,23.92,76.0,,209.0,,,,714.0,
2024-09-14 23:00:00,16.5,30.25,1.42,2.02,2.22,3.02,14.8,0.44,10.91,0.43,1.58,,,,,23.55,77.75,,211.5,,,,714.0,
2024-09-15 00:00:00,16.25,30.5,1.02,2.22,2.05,2.88,13.02,0.36,10.99,0.4,1.35,,,,,23.25,79.5,,221.25,,,,713.25,
2024-09-15 01:00:00,11.75,27.25,1.32,2.08,2.12,2.6,10.03,0.26,10.8,0.3,0.93,,,,,22.95,80.75,,221.0,,,,712.75,
2024-09-15 02:00:00,13.75,23.0,1.32,2.0,2.15,2.58,10.07,0.37,10.88,0.3,1.0,,,,,22.7,82.5,,213.75,,,,712.0,
2024-09-15 03:00:00,14.0,26.25,1.05,2.22,2.02,2.55,10.32,0.46,10.77,0.32,1.02,,,,,22.52,84.0,,214.25,,,,712.0,
2024-09-15 04:00:00,17.25,29.5,1.12,2.12,2.05,2.55,11.5,0.46,10.83,0.32,1.12,,,,,22.48,84.75,,228.5,,,,712.0,
2024-09-15 05:00:00,19.25,36.75,1.25,2.05,2.12,2.65,11.32,0.5,10.91,0.3,1.1,,,,,22.38,86.0,,214.0,,,,713.0,
2024-09-15 06:00:00,21.5,37.5,1.15,2.1,2.05,2.9,10.68,0.47,11.18,0.3,1.08,,,,,22.35,86.0,,223.0,,,,713.75,
2024-09-15 07:00:00,16.75,42.5,0.98,2.3,2.02,2.92,9.9,0.49,10.9,0.28,0.95,,,,,22.55,85.0,,222.0,,,,714.25,
2024-09-15 08:00:00,17.25,42.75,1.32,1.92,2.08,2.9,9.8,0.53,10.84,0.28,0.92,,,,,23.1,80.75,,221.0,,,,715.0,
2024-09-15 09:00:00,20.0,40.75,1.18,2.02,2.02,2.72,10.12,0.43,10.8,0.3,1.0,,,,,23.88,73.5,,221.25,,,,715.0,
2024-09-15 10:00:00,16.25,46.0,1.15,2.02,2.02,2.82,7.75,0.5,10.76,0.2,0.68,,,,,24.9,64.5,,219.75,,,,714.0,
2024-09-15 11:00:00,13.0,49.0,1.27,2.08,2.12,3.08,7.25,0.46,10.85,0.18,0.62,,,,,25.6,57.25,,230.25,,,,713.75,
2024-09-15 12:00:00,10.75,55.5,1.25,1.9,2.05,3.35,8.75,0.45,10.73,0.22,0.8,,,,,26.12,54.0,,225.25,,,,712.75,
2024-09-15 13:00:00,13.0,45.75,1.27,2.0,2.1,3.05,8.32,0.45,10.7,0.22,0.75,,,,,26.3,51.75,,220.0,,,,711.5,
2024-09-15 14:00:00,12.75,40.25,1.18,2.17,2.08,3.35,9.0,0.58,10.64,0.25,0.82,,,,,27.12,45.75,,216.0,,,,710.75,
2024-09-15 15:00:00,13.5,46.0,1.27,2.1,2.12,3.05,9.8,0.58,10.8,0.3,0.95,,,,,27.22,44.0,,228.0,,,,710.0,
2024-09-15 16:00:00,18.25,52.5,1.3,2.1,2.12,2.95,10.98,0.62,11.0,0.3,1.08,,,,,27.1,45.75,,220.75,,,,710.0,
2024-09-15 17:00:00,18.5,56.25,1.3,2.22,2.22,3.25,9.9,0.73,10.86,0.28,0.92,,,,,25.35,59.75,,211.0,,,,710.75,
2024-09-15 18:00:00,17.0,54.5,1.27,2.08,2.18,3.28,10.4,0.65,10.69,0.3,1.0,,,,,24.38,68.5,,220.25,,,,712.5,
2024-09-15 19:00:00,15.75,28.0,1.32,2.1,2.18,3.3,12.98,0.7,10.84,0.4,1.35,,,,,23.88,71.75,,226.75,,,,713.0,
2024-09-15 20:00:00,14.25,29.25,1.18,2.17,2.1,3.68,13.15,0.77,10.73,0.4,1.35,,,,,24.22,67.5,,227.5,,,,713.75,
2024-09-15 21:00:00,20.25,40.25,1.2,2.25,2.15,3.65,12.6,0.72,10.96,0.38,1.3,,,,,24.18,67.75,,230.25,,,,714.5,
2024-09-15 22:00:00,16.75,32.5,1.27,2.2,2.18,3.02,12.32,0.67,10.94,0.38,1.25,,,,,23.8,70.5,,231.75,,,,715.0,
2024-09-15 23:00:00,12.5,26.0,1.2,2.05,2.08,2.88,10.82,0.58,11.02,0.32,1.08,,,,,23.4,73.5,,234.25,,,,714.0,
2024-09-16 00:00:00,11.25,27.25,1.2,2.3,2.2,2.68,11.92,0.44,10.98,0.35,1.2,,,,,23.12,77.25,,230.25,,,,713.75,
2024-09-16 01:00:00,11.5,22.75,1.1,2.25,2.08,2.58,8.4,0.48,10.78,0.23,0.77,,,,,22.85,81.0,,203.25,,,,713.0,
2024-09-16 02:00:00,11.25,24.75,1.38,2.02,2.22,2.6,8.75,0.46,10.93,0.25,0.78,,,,,22.45,84.25,,214.75,,,,712.5,
2024-09-16 03:00:00,13.5,25.0,1.23,2.18,2.15,2.58,7.62,0.49,10.92,0.2,0.62,,,,,22.25,85.0,,228.25,,,,712.25,
2024-09-16 04:00:00,9.0,28.0,1.25,2.22,2.2,2.42,8.68,0.5,10.8,0.2,0.78,,,,,22.15,85.25,,221.0,,,,713.0,
2024-09-16 05:00:00,7.0,14.0,1.2,2.22,2.12,2.42,8.85,0.5,11.05,0.22,0.82,,,,,22.05,86.0,,226.5,,,,713.0,
2024-09-16 06:00:00,9.0,17.75,1.15,2.2,2.08,2.8,9.43,0.52,10.93,0.28,0.9,,,,,22.02,86.5,,220.5,,,,713.5,
2024-09-16 07:00:00,13.5,30.25,1.18,2.3,2.18,2.92,8.05,0.5,11.0,0.2,0.7,,,,,22.38,84.25,,228.0,,,,714.0,
2024-09-16 08:00:00,11.25,34.75,1.15,2.28,2.15,2.98,8.7,0.54,10.85,0.22,0.8,,,,,23.0,77.0,,227.75,,,,714.5,
2024-09-16 09:00:00,17.25,39.0,1.1,2.32,2.15,2.92,9.28,0.55,10.92,0.25,0.85,,,,,23.92,69.5,,219.75,,,,714.5,
2024-09-16 10:00:00,15.5,43.5,1.2,2.33,2.2,3.08,9.7,0.61,11.02,0.28,0.88,,,,,25.08,62.75,,219.75,,,,714.0,
2024-09-16 11:00:00,16.5,37.5,1.18,2.42,2.22,3.4,8.52,0.52,11.09,0.2,0.78,,,,,25.75,58.25,,228.25,,,,713.75,
2024-09-16 12:00:00,14.25,34.0,1.42,2.28,2.38,3.32,8.48,0.53,10.72,0.2,0.78,,,,,26.08,55.75,,227.0,,,,713.0,
2024-09-16 13:00:00,11.0,35.25,1.3,2.18,2.2,3.18,8.88,0.53,10.86,0.2,0.8,,,,,26.32,53.25,,220.0,,,,712.25,
2024-09-16 14:00:00,9.0,29.5,1.18,2.28,2.18,3.08,7.9,0.53,10.87,0.2,0.68,,,,,26.68,52.25,,221.0,,,,711.5,
2024-09-16 15:00:00,13.25,31.25,1.2,2.32,2.18,3.22,8.72,0.54,10.68,0.22,0.8,,,,,26.95,50.5,,203.5,,,,711.0,
2024-09-16 16:00:00,16.0,38.0,1.23,2.28,2.22,3.15,8.55,0.54,10.71,0.2,0.78,,,,,27.0,49.25,,223.25,,,,711.0,
2024-09-16 17:00:00,13.0,32.75,1.3,2.28,2.25,3.15,9.4,0.49,10.74,0.25,0.88,,,,,26.38,54.75,,215.0,,,,711.0,
2024-09-16 18:00:00,14.5,44.75,1.25,2.33,2.25,3.92,7.58,0.67,10.87,0.2,0.68,,,,,25.42,60.75,,224.25,,,,711.75,
2024-09-16 19:00:00,20.75,47.25,1.25,2.5,2.33,4.45,9.32,0.76,11.0,0.25,0.88,,,,,25.22,61.25,,232.0,,,,712.5,
2024-09-16 20:00:00,24.5,44.75,0.98,2.68,2.22,3.8,9.85,0.62,10.82,0.3,0.92,,,,,24.58,70.75,,220.75,,,,713.25,
2024-09-16 21:00:00,19.5,36.25,1.25,2.38,2.28,3.45,9.83,0.58,10.9,0.3,0.92,,,,,24.1,72.75,,223.0,,,,714.0,
2024-09-16 22:00:00,19.25,38.0,1.45,2.12,2.33,3.2,9.72,0.55,11.0,0.25,0.9,,,,,23.85,73.25,,223.75,,,,714.5,
2024-09-16 23:00:00,20.25,31.0,1.4,2.25,2.38,2.95,10.3,0.52,10.91,0.3,1.02,,,,,23.48,77.5,,219.25,,,,714.5,
2024-09-17 00:00:00,13.25,26.5,1.5,2.1,2.35,2.75,10.05,0.37,10.94,0.3,0.95,,,,,23.22,80.0,,220.0,,,,714.0,
2024-09-17 01:00:00,17.75,21.75,1.18,2.35,2.2,2.68,9.43,0.38,10.96,0.27,0.87,,,,,22.92,83.25,,210.5,,,,713.5,
2024-09-17 02:00:00,20.0,21.0,1.12,2.28,2.12,2.5,9.0,0.19,11.2,0.25,0.85,,,,,22.72,84.25,,217.75,,,,713.0,
2024-09-17 03:00:00,9.0,16.0,1.1,2.35,2.12,2.42,9.28,0.2,10.86,0.25,0.85,,,,,22.5,84.5,,217.25,,,,713.0,
2024-09-17 04:00:00,9.75,16.5,1.23,2.28,2.2,2.4,9.85,0.21,10.93,0.28,0.92,,,,,22.35,86.0,,214.0,,,,713.0,
2024-09-17 05:00:00,13.25,18.0,1.1,2.48,2.22,2.52,11.25,0.24,10.98,0.35,1.12,,,,,22.3,86.75,,230.75,,,,713.0,
2024-09-17 06:00:00,16.0,19.75,1.2,2.5,2.32,2.75,11.2,0.27,10.94,0.32,1.1,,,,,22.2,87.0,,217.75,,,,714.0,
2024-09-17 07:00:00,14.75,26.25,1.25,2.6,2.4,3.0,11.15,0.29,11.19,0.3,1.1,,,,,22.42,86.25,,210.25,,,,714.0,
2024-09-17 08:00:00,17.75,32.5,1.32,2.45,2.4,2.98,10.35,0.28,11.05,0.3,1.02,,,,,23.05,81.25,,219.75,,,,715.0,
2024-09-17 09:00:00,10.0,37.5,1.23,2.6,2.38,3.0,10.8,0.3,10.98,0.3,1.08,,,,,23.98,73.25,,217.0,,,,715.0,
2024-09-17 10:00:00,7.5,28.5,1.15,2.55,2.3,3.05,10.52,0.28,10.88,0.3,1.02,,,,,24.92,65.25,,219.0,,,,714.0,
2024-09-17 11:00:00,11.0,24.25,1.23,2.42,2.3,3.3,10.82,0.29,10.8,0.3,1.08,,,,,25.72,58.25,,222.25,,,,713.5,
2024-09-17 12:00:00,15.5,27.25,1.38,2.33,2.33,3.4,10.1,0.25,10.98,0.3,0.95,,,,,26.32,53.75,,224.75,,,,712.25,
2024-09-17 13:00:00,11.0,35.5,1.25,2.48,2.32,3.45,10.1,0.29,10.64,0.28,0.95,,,,,27.0,48.5,,216.0,,,,711.25,
2024-09-17 14:00:00,12.75,38.25,1.2,2.48,2.28,3.05,9.65,0.29,10.91,0.28,0.9,,,,,26.62,51.25,,215.75,,,,710.5,
2024-09-17 15:00:00,17.0,31.5,1.25,2.42,2.3,2.98,11.3,0.31,10.61,0.35,1.1,,,,,27.22,47.25,,225.0,,,,710.0,
2024-09-17 16:00:00,12.75,27.0,1.25,2.42,2.32,2.95,9.88,0.3,10.92,0.3,0.95,,,,,27.38,45.25,,235.0,,,,710.0,
2024-09-17 17:00:00,9.0,29.25,1.4,2.42,2.42,3.05,10.1,0.33,10.86,0.3,0.98,,,,,26.85,47.5,,225.75,,,,710.0,
2024-09-17 18:00:00,8.75,33.75,1.48,2.3,2.45,3.22,10.68,0.39,10.86,0.3,1.05,,,,,25.8,55.0,,219.0,,,,710.75,
2024-09-17 19:00:00,9.25,27.0,1.25,2.6,2.4,3.42,11.3,0.42,10.9,0.3,1.12,,,,,25.25,59.0,,225.75,,,,711.75,
2024-09-17 20:00:00,13.0,27.75,1.27,2.42,2.32,3.35,12.08,0.36,11.14,0.38,1.23,,,,,24.9,56.75,,218.0,,,,712.0,
2024-09-17 21:00:00,12.5,30.25,1.25,2.35,2.3,3.22,11.15,0.33,10.8,0.32,1.1,,,,,24.6,59.5,,232.25,,,,713.0,
2024-09-17 22:00:00,11.5,30.0,1.23,2.58,2.35,2.85,9.95,0.31,10.81,0.28,0.92,,,,,24.2,63.25,,221.25,,,,713.0,
2024-09-17 23:00:00,11.75,26.75,1.3,2.42,2.35,2.62,10.95,0.23,10.87,0.3,1.08,,,,,23.75,68.5,,227.25,,,,713.0,
2024-09-18 00:00:00,10.0,25.0,1.35,2.25,2.3,2.48,10.1,0.03,10.97,0.3,0.98,,,,,23.2,76.0,,224.25,,,,712.25,
2024-09-18 01:00:00,14.75,23.25,1.25,2.3,2.25,2.42,10.67,,10.91,0.3,1.07,,,,,22.8,80.25,,218.75,,,,712.0,
2024-09-18 02:00:00,10.25,26.25,1.0,2.48,2.12,2.32,10.2,0.23,11.03,0.3,1.0,,,,,22.52,81.0,,226.75,,,,711.5,
2024-09-18 03:00:00,10.0,26.25,1.2,2.45,2.28,2.3,10.35,0.3,10.81,0.3,1.0,,,,,22.28,80.25,,230.75,,,,711.0,
2024-09-18 04:00:00,16.25,33.25,1.55,2.18,2.4,2.3,10.15,0.24,10.75,0.3,0.98,,,,,22.12,79.5,,230.75,,,,711.75,
2024-09-18 05:00:00,17.0,33.75,1.27,2.3,2.25,2.4,10.35,0.3,10.97,0.3,1.02,,,,,21.95,80.0,,225.5,,,,712.0,
2024-09-18 06:00:00,14.75,34.5,1.38,2.3,2.38,2.5,10.18,0.32,10.87,0.3,0.98,,,,,21.9,81.75,,230.0,,,,712.0,
2024-09-18 07:00:00,8.5,39.5,1.12,2.5,2.25,2.75,11.42,0.33,10.95,0.32,1.15,,,,,22.05,81.75,,218.5,,,,713.0,
2024-09-18 08:00:00,12.5,42.75,1.3,2.45,2.38,2.98,11.12,0.28,11.0,0.3,1.1,,,,,22.68,77.0,,232.5,,,,713.0,
2024-09-18 09:00:00,18.0,51.0,1.3,2.45,2.33,2.88,11.25,0.29,10.74,0.32,1.1,,,,,23.7,65.25,,231.5,,,,713.0,
2024-09-18 10:00:00,14.0,59.25,1.18,2.58,2.3,3.4,11.3,0.31,10.67,0.32,1.12,,,,,25.02,53.25,,211.0,,,,713.0,
2024-09-18 11:00:00,19.75,58.75,1.25,2.5,2.35,3.62,11.0,0.37,10.88,0.32,1.1,,,,,25.8,46.5,,212.75,,,,712.0,
2024-09-18 12:00:00,17.5,62.0,1.25,2.33,2.25,3.7,11.52,0.29,10.7,0.35,1.15,,,,,26.42,43.5,,222.0,,,,711.25,
2024-09-18 13:00:00,14.0,54.25,1.35,2.38,2.38,3.58,11.55,0.32,10.86,0.35,1.15,,,,,26.98,40.5,,224.0,,,,710.25,
2024-09-18 14:00:00,15.75,49.5,1.12,2.38,2.2,3.2,11.68,0.29,10.73,0.32,1.18,,,,,27.05,40.25,,228.0,,,,709.75,
2024-09-18 15:00:00,12.0,52.5,1.15,2.55,2.28,3.12,10.38,0.15,10.92,0.3,1.0,,,,,27.32,37.75,,222.5,,,,709.0,
2024-09-18 16:00:00,13.0,54.75,1.12,2.48,2.25,3.1,7.8,0.19,10.85,0.2,0.7,,,,,27.45,38.5,,216.0,,,,709.0,
2024-09-18 17:00:00,15.25,51.25,1.25,2.35,2.28,3.25,9.05,0.22,10.75,0.25,0.85,,,,,26.78,41.75,,235.0,,,,709.0,
2024-09-18 18:00:00,16.0,67.0,1.2,3.1,2.6,5.4,11.1,0.61,10.94,0.3,1.1,,,,,25.52,46.75,,221.0,,,,709.75,
2024-09-18 19:00:00,25.25,83.5,1.25,4.88,3.58,7.92,12.18,1.03,10.86,0.35,1.23,,,,,25.1,50.5,,211.5,,,,710.5,
2024-09-18 20:00:00,28.0,81.75,1.38,4.85,3.72,8.0,13.95,0.99,10.8,0.4,1.45,,,,,24.8,52.25,,253.25,,,,711.25,
2024-09-18 21:00:00,35.0,93.75,1.2,5.48,3.9,8.07,15.95,0.94,10.74,0.5,1.72,,,,,24.32,57.75,,224.25,,,,712.0,
2024-09-18 22:00:00,37.75,103.0,1.25,6.8,4.65,7.6,18.25,1.03,11.15,0.57,2.02,,,,,24.22,59.0,,226.25,,,,712.0,
2024-09-18 23:00:00,38.75,97.0,1.48,2.82,2.7,4.4,17.08,0.39,10.8,0.52,1.88,,,,,24.35,58.25,,217.75,,,,712.75,
2024-09-19 00:00:00,39.0,89.0,1.23,2.55,2.38,3.18,16.3,0.04,10.72,0.5,1.78,,,,,23.6,68.75,,219.75,,,,712.0,
2024-09-19 01:00:00,22.0,56.75,1.3,2.35,2.32,2.52,9.07,0.08,11.03,0.27,0.83,,,,,23.15,76.5,,222.5,,,,712.0,
2024-09-19 02:00:00,15.25,30.25,1.3,2.3,2.3,2.38,5.38,0.02,10.74,0.1,0.35,,,,,22.85,78.75,,216.75,,,,712.0,
2024-09-19 03:00:00,13.5,27.0,1.27,2.4,2.33,2.3,5.98,0.34,10.8,0.1,0.45,,,,,22.7,80.0,,222.5,,,,711.25,
2024-09-19 04:00:00,14.75,35.5,1.18,2.48,2.28,2.4,5.22,0.34,10.89,0.1,0.35,,,,,22.55,80.5,,228.25,,,,711.25,
2024-09-19 05:00:00,15.75,43.75,1.2,2.52,2.3,2.52,4.75,0.28,10.8,0.1,0.28,,,,,22.45,80.0,,224.5,,,,712.0,
2024-09-19 06:00:00,21.5,48.0,1.15,2.58,2.3,2.88,4.2,0.39,11.04,0.1,0.22,,,,,22.48,79.75,,217.0,,,,712.0,
2024-09-19 07:00:00,22.5,54.25,1.35,2.5,2.45,3.15,4.58,0.42,10.89,0.1,0.25,,,,,22.82,77.25,,219.0,,,,713.0,
2024-09-19 08:00:00,20.0,54.0,1.4,2.52,2.5,3.12,4.97,0.42,11.06,0.1,0.3,,,,,23.05,76.25,,226.75,,,,713.5,
2024-09-19 09:00:00,19.5,54.0,1.27,2.65,2.45,3.15,5.08,0.56,10.82,0.1,0.32,,,,,23.92,70.75,,215.75,,,,714.0,
2024-09-19 10:00:00,24.75,58.75,1.18,2.62,2.35,3.25,4.6,0.53,11.01,0.1,0.28,,,,,25.32,59.0,,224.75,,,,713.25,
2024-09-19 11:00:00,17.5,45.25,1.27,2.52,2.38,3.58,4.95,0.5,10.95,0.1,0.3,,,,,26.08,51.75,,216.75,,,,712.75,
2024-09-19 12:00:00,17.0,44.75,1.12,2.62,2.3,3.48,4.32,0.48,10.86,0.1,0.25,,,,,26.45,47.25,,214.25,,,,711.75,
2024-09-19 13:00:00,18.5,46.5,1.25,2.48,2.35,3.6,4.62,0.48,10.8,0.1,0.25,,,,,27.05,43.75,,215.5,,,,710.75,
2024-09-19 14:00:00,13.25,36.75,1.27,2.4,2.32,3.18,4.03,0.44,10.67,0.1,0.2,,,,,27.38,41.5,,227.0,,,,710.0,
2024-09-19 15:00:00,11.0,38.25,1.4,2.32,2.35,3.1,4.25,0.41,10.76,0.1,0.22,,,,,27.62,41.25,,222.75,,,,709.25,
2024-09-19 16:00:00,11.75,38.75,1.32,2.28,2.3,2.9,4.2,0.38,10.74,0.1,0.3,,,,,27.28,43.25,,218.0,,,,709.0,
2024-09-19 17:00:00,14.0,52.25,1.27,2.4,2.32,3.08,4.03,0.48,10.81,0.1,0.2,,,,,26.52,47.5,,211.0,,,,709.5,
2024-09-19 18:00:00,17.0,72.25,1.2,2.5,2.35,3.9,5.0,0.62,10.81,0.1,0.3,,,,,25.68,53.5,,208.0,,,,710.25,
2024-09-19 19:00:00,29.25,84.0,1.25,2.72,2.45,4.65,5.55,0.66,10.7,0.1,0.38,,,,,25.55,55.25,,208.25,,,,711.0,
2024-09-19 20:00:00,34.0,74.25,1.0,3.22,2.55,3.82,4.65,0.69,10.59,0.1,0.25,,,,,24.92,62.75,,216.5,,,,712.25,
2024-09-19 21:00:00,19.25,48.25,1.32,2.85,2.6,2.88,4.85,0.48,11.23,0.1,0.3,,,,,24.32,68.25,,227.5,,,,713.0,
2024-09-19 22:00:00,20.75,31.25,1.3,2.6,2.45,2.75,6.75,0.62,10.83,0.15,0.55,,,,,23.98,71.25,,236.5,,,,713.0,
2024-09-19 23:00:00,21.5,30.75,1.3,2.33,2.32,2.82,3.8,0.58,10.88,0.1,0.15,,,,,23.42,77.75,,226.25,,,,712.25,
2024-09-20 00:00:00,16.0,27.75,1.2,2.4,2.25,2.58,4.1,0.29,11.02,0.1,0.2,,,,,23.35,74.25,,213.0,,,,712.0,
2024-09-20 01:00:00,12.25,27.75,1.35,2.22,2.28,2.45,8.63,0.29,10.99,0.2,0.77,,,,,23.15,75.5,,204.0,,,,712.0,
2024-09-20 02:00:00,10.5,21.0,1.25,2.4,2.33,2.4,9.43,0.42,10.84,0.3,0.9,,,,,23.0,78.0,,223.25,,,,711.0,
2024-09-20 03:00:00,12.75,21.25,1.0,2.52,2.15,2.4,10.58,0.42,10.78,0.3,1.03,,,,,22.92,79.5,,211.0,,,,711.0,
2024-09-20 04:00:00,16.5,24.0,1.25,2.35,2.3,2.48,11.9,0.39,10.78,0.35,1.2,,,,,22.82,80.75,,220.75,,,,711.0,
2024-09-20 05:00:00,21.0,30.0,1.3,2.35,2.32,2.62,11.9,0.35,10.9,0.38,1.18,,,,,22.75,82.0,,214.75,,,,711.5,
2024-09-20 06:00:00,20.5,32.0,1.25,2.48,2.32,2.9,11.75,0.42,11.06,0.35,1.15,,,,,22.8,82.0,,226.25,,,,712.0,
2024-09-20 07:00:00,21.25,39.25,1.2,2.68,2.4,3.15,10.1,0.42,10.74,0.3,0.98,,,,,23.08,80.5,,216.5,,,,712.5,
2024-09-20 08:00:00,28.25,55.75,1.3,2.58,2.48,3.18,8.98,0.44,10.91,0.22,0.82,,,,,23.45,75.75,,217.75,,,,713.0,
2024-09-20 09:00:00,26.25,86.25,1.02,2.92,2.38,3.08,10.1,0.45,10.91,0.3,0.95,,,,,23.98,71.25,,213.0,,,,713.75,
2024-09-20 10:00:00,18.75,60.0,1.35,2.5,2.42,3.05,10.82,0.43,11.16,0.3,1.05,,,,,24.95,63.0,,214.5,,,,713.0,
2024-09-20 11:00:00,20.25,54.25,1.3,2.32,2.3,3.35,10.1,0.38,10.72,0.3,0.98,,,,,25.85,53.75,,217.5,,,,712.5,
2024-09-20 12:00:00,17.5,58.25,1.38,2.25,2.32,3.18,10.68,0.5,10.73,0.3,1.05,,,,,26.68,48.75,,233.25,,,,711.75,
2024-09-20 13:00:00,16.75,41.75,1.3,133.05,71.82,,10.68,0.91,10.74,0.3,1.03,,,,,27.15,45.75,,219.5,,,,711.0,
2024-09-20 14:00:00,18.5,41.75,1.15,48.02,26.48,,10.02,0.99,10.72,0.3,0.92,,,,,27.38,44.75,,236.5,,,,710.0,
2024-09-20 15:00:00,17.0,37.75,1.35,28.68,16.32,,11.08,0.95,10.78,0.3,1.1,,,,,26.98,45.5,,223.5,,,,710.0,
2024-09-20 16:00:00,17.25,46.5,1.4,23.42,13.62,,10.38,0.97,10.86,0.3,1.0,,,,,27.18,45.5,,224.25,,,,710.0,
2024-09-20 17:00:00,18.25,48.75,1.15,25.45,14.5,,9.52,1.04,10.74,0.3,0.9,,,,,26.9,46.75,,218.75,,,,710.0,
2024-09-20 18:00:00,24.75,67.25,1.27,27.72,15.78,,10.72,1.21,10.86,0.3,1.05,,,,,25.85,54.75,,200.0,,,,710.25,
2024-09-20 19:00:00,42.75,115.0,1.32,28.8,16.4,,12.82,1.32,10.77,0.4,1.32,,,,,25.62,56.25,,207.0,,,,711.0,
2024-09-20 20:00:00,45.0,107.75,1.27,25.88,14.82,,12.85,1.25,10.9,0.4,1.32,,,,,25.45,57.75,,225.0,,,,712.0,
2024-09-20 21:00:00,42.0,90.75,1.23,24.15,13.85,,14.02,1.08,10.86,0.4,1.48,,,,,25.0,62.25,,223.5,,,,713.0,
2024-09-20 22:00:00,31.25,72.5,1.4,23.58,13.68,,13.7,1.0,10.93,0.4,1.48,,,,,24.58,66.5,,226.5,,,,713.0,
2024-09-20 23:00:00,25.25,51.5,1.12,22.88,13.1,,12.82,0.95,11.0,0.4,1.35,,,,,24.1,70.5,,224.0,,,,712.5,
2024-09-21 00:00:00,21.25,35.5,1.25,23.18,13.35,,11.42,0.44,10.68,0.32,1.18,,,,,23.72,74.5,,214.75,,,,712.0,
2024-09-21 01:00:00,17.25,29.25,1.15,23.35,13.35,2.9,9.5,0.43,10.76,0.23,0.87,,,,,23.35,79.5,,216.75,,,,712.0,
2024-09-21 02:00:00,19.5,31.5,1.23,21.9,12.68,5.8,8.32,0.42,11.04,0.2,0.78,,,,,23.05,82.0,,215.5,,,,711.25,
2024-09-21 03:00:00,14.5,25.25,1.25,20.62,11.95,6.22,7.35,0.41,10.87,0.2,0.62,,,,,22.92,83.75,,221.5,,,,711.0,
2024-09-21 04:00:00,13.5,20.75,1.32,19.38,11.4,6.6,7.25,0.44,10.81,0.18,0.6,,,,,22.82,84.75,,214.5,,,,711.5,
2024-09-21 05:00:00,15.25,22.0,1.35,16.15,9.72,7.8,7.52,0.46,10.94,0.2,0.65,,,,,22.78,85.0,,235.0,,,,712.0,
2024-09-21 06:00:00,16.25,20.75,1.5,14.42,8.88,8.68,7.58,0.58,10.77,0.2,0.65,,,,,22.7,85.0,,221.5,,,,712.25,
2024-09-21 07:00:00,17.5,29.5,1.27,13.72,8.35,9.32,7.9,0.52,11.13,0.2,0.68,,,,,22.92,83.5,,218.5,,,,713.0,
2024-09-21 08:00:00,18.75,42.0,1.42,13.0,8.07,9.43,8.05,0.52,10.97,0.2,0.7,,,,,23.45,76.75,,228.5,,,,714.0,
2024-09-21 09:00:00,17.5,47.75,1.1,13.02,7.82,9.48,7.88,0.38,10.89,0.2,0.68,,,,,24.08,72.0,,224.0,,,,714.0,
2024-09-21 10:00:00,17.5,50.5,1.08,12.8,7.68,9.62,7.85,0.47,11.14,0.2,0.68,,,,,24.78,66.75,,222.75,,,,714.0,
2024-09-21 11:00:00,23.5,56.0,1.15,12.4,7.52,9.98,8.1,0.48,10.82,0.2,0.72,,,,,25.08,64.25,,227.0,,,,713.25,
2024-09-21 12:00:00,29.0,44.0,1.27,12.12,7.5,10.1,8.57,0.38,13.9,0.2,0.78,,,,,25.95,58.25,,226.5,,,,712.25,
2024-09-21 13:00:00,28.75,52.0,1.32,11.48,7.2,10.42,8.18,0.56,17.96,0.2,0.7,,,,,26.78,52.0,,225.5,,,,711.0,
2024-09-21 14:00:00,18.75,48.5,1.4,11.8,7.4,10.4,7.98,0.48,17.64,0.2,0.7,,,,,27.08,50.0,,215.25,,,,710.0,
2024-09-21 15:00:00,17.0,47.5,1.02,18.2,10.52,8.43,4.92,0.72,17.41,0.1,0.28,,,,,26.85,52.0,,220.75,,,,709.5,
2024-09-21 16:00:00,17.0,48.25,1.03,25.7,14.53,7.5,5.0,0.92,18.65,0.1,0.3,,,,,24.6,74.25,,192.0,,,,710.0,
2024-09-21 17:00:00,26.75,43.5,1.58,21.3,12.6,9.82,5.25,1.09,19.67,0.12,0.32,,,,,23.7,86.75,,218.25,,,,710.0,
2024-09-21 18:00:00,31.0,41.75,1.3,18.82,11.05,14.55,9.25,0.83,18.13,0.25,0.85,,,,,24.0,86.5,,238.5,,,,710.5,
2024-09-21 19:00:00,36.5,62.5,1.25,25.52,14.6,14.4,14.75,1.48,18.11,0.45,1.58,,,,,24.22,82.25,,251.5,,,,711.5,
2024-09-21 20:00:00,32.5,69.0,1.48,20.4,12.08,11.42,12.68,0.67,18.62,0.38,1.3,,,,,24.48,71.75,,234.5,,,,712.5,
2024-09-21 21:00:00,26.25,53.25,1.32,15.78,9.48,10.8,12.42,0.54,18.19,0.38,1.25,,,,,24.35,70.5,,236.75,,,,713.25,
2024-09-21 22:00:00,25.75,37.5,1.18,14.32,8.55,10.15,11.6,0.33,18.16,0.35,1.18,,,,,24.05,72.0,,231.5,,,,714.0,
2024-09-21 23:00:00,13.0,24.0,1.18,13.22,8.0,9.48,9.52,0.58,18.32,0.28,0.9,,,,,22.85,83.75,,226.0,,,,713.5,
2024-09-22 00:00:00,13.0,18.0,1.2,13.5,8.15,9.1,8.22,0.7,17.58,0.2,0.72,,,,,22.7,86.5,,225.25,,,,713.0,
2024-09-22 01:00:00,13.0,18.0,1.18,13.0,7.85,9.18,10.0,0.2,18.53,0.27,0.97,,,,,22.42,89.25,,217.75,,,,713.75,
2024-09-22 02:00:00,,,1.18,12.4,7.55,9.3,10.78,1.11,18.46,0.3,1.05,,,,,22.5,90.0,,238.0,,,,714.75,
2024-09-22 03:00:00,13.0,17.0,1.35,11.12,7.02,9.62,9.7,0.91,18.28,0.25,0.9,,,,,22.35,90.0,,232.25,,,,713.5,
2024-09-22 04:00:00,12.75,16.25,1.25,10.92,6.85,9.7,9.45,0.81,17.94,0.25,0.9,,,,,22.25,89.75,,250.0,,,,712.0,
2024-09-22 05:00:00,12.0,16.5,1.38,11.15,7.02,9.78,7.75,0.99,18.37,0.2,0.65,,,,,22.28,89.0,,250.0,,,,712.0,
2024-09-22 06:00:00,12.25,22.5,1.35,10.38,6.6,10.35,7.15,0.97,18.28,0.18,0.57,,,,,22.28,89.0,,246.5,,,,713.0,
2024-09-22 07:00:00,14.0,20.25,1.03,9.75,6.0,10.82,9.15,0.88,18.3,0.28,0.85,,,,,22.52,87.75,,222.5,,,,713.0,
2024-09-22 08:00:00,14.0,26.0,1.05,9.43,5.85,10.75,8.62,0.85,18.02,0.2,0.78,,,,,23.38,80.5,,231.75,,,,713.5,
2024-09-22 09:00:00,6.5,22.25,1.42,8.98,5.93,10.82,9.2,0.81,17.8,0.28,0.88,,,,,23.82,76.0,,230.75,,,,713.5,
2024-09-22 10:00:00,10.75,19.75,1.12,9.0,5.7,11.0,8.95,0.81,18.34,0.22,0.8,,,,,24.6,69.25,,227.25,,,,712.75,
2024-09-22 11:00:00,10.25,18.5,1.18,8.43,5.45,11.4,8.2,0.73,18.0,0.2,0.7,,,,,25.1,65.5,,223.5,,,,712.0,
2024-09-22 12:00:00,10.75,19.0,1.3,8.65,5.68,11.28,8.65,0.82,17.84,0.22,0.78,,,,,25.58,63.25,,233.75,,,,711.25,
2024-09-22 13:00:00,11.25,25.25,1.18,8.85,5.65,11.0,8.05,0.86,17.92,0.2,0.7,,,,,25.45,63.75,,233.75,,,,710.25,
2024-09-22 14:00:00,14.75,26.5,1.05,8.8,5.57,11.18,9.22,0.86,18.1,0.25,0.85,,,,,25.58,63.75,,217.25,,,,709.5,
2024-09-22 15:00:00,13.5,26.0,1.05,8.82,5.55,11.15,8.65,0.86,18.09,0.2,0.78,,,,,24.95,69.75,,224.75,,,,712.25,
2024-09-22 16:00:00,14.0,20.75,1.32,9.35,6.05,11.75,8.48,1.05,18.05,0.2,0.8,,,,,24.72,79.0,,208.0,,,,711.0,
2024-09-22 17:00:00,19.25,25.5,1.08,9.9,6.12,12.85,9.45,1.16,18.08,0.28,0.9,,,,,25.28,70.75,,227.5,,,,710.0,
2024-09-22 18:00:00,19.0,32.25,1.1,12.02,7.3,17.17,10.98,1.42,18.23,0.32,1.08,,,,,23.58,83.75,,197.25,,,,711.0,
2024-09-22 19:00:00,25.0,30.0,1.3,16.2,9.65,15.82,13.4,1.81,18.46,0.4,1.4,,,,,23.52,87.75,,202.5,,,,711.25,
2024-09-22 20:00:00,32.0,40.0,1.15,16.73,9.82,14.08,14.95,1.64,18.25,0.4,1.58,,,,,23.4,87.5,,196.0,,,,712.0,
2024-09-22 21:00:00,32.75,41.0,1.27,14.35,8.62,11.52,13.8,1.2,18.16,0.4,1.42,,,,,23.78,81.5,,214.0,,,,712.5,
2024-09-22 22:00:00,30.25,38.5,1.08,12.4,7.45,10.15,13.42,0.88,17.86,0.4,1.38,,,,,23.78,79.25,,227.0,,,,713.0,
2024-09-22 23:00:00,16.0,22.0,1.15,11.02,6.78,10.07,12.0,0.8,17.89,0.35,1.2,,,,,23.5,80.25,,219.0,,,,712.25,
2024-09-23 00:00:00,8.0,10.0,1.25,10.15,6.4,10.12,12.0,,18.04,0.38,1.2,,,,,23.4,81.25,,219.75,,,,711.5,
2024-09-23 01:00:00,8.0,10.0,1.2,9.57,6.05,10.25,9.53,0.34,18.07,0.27,0.9,,,,,23.25,82.5,,227.0,,,,710.5,
2024-09-23 02:00:00,,,1.18,9.0,5.72,10.32,8.85,0.34,18.15,0.22,0.8,,,,,23.1,82.0,,230.0,,,,710.0,
2024-09-23 03:00:00,,,0.98,9.35,5.78,10.22,10.22,0.38,17.72,0.3,1.0,,,,,23.0,82.75,,217.75,,,,710.0,
2024-09-23 04:00:00,,,1.15,9.12,5.8,10.32,10.12,0.39,18.1,0.3,0.98,,,,,22.82,84.0,,221.5,,,,710.25,
2024-09-23 05:00:00,9.0,12.0,1.48,8.67,5.82,10.48,9.35,0.42,17.89,0.25,0.85,,,,,22.78,84.5,,231.75,,,,711.0,
2024-09-23 06:00:00,9.0,12.0,1.3,8.95,5.82,10.78,8.75,0.58,18.24,0.22,0.8,,,,,22.65,86.25,,230.0,,,,711.0,
2024-09-23 07:00:00,,,1.25,8.8,5.7,11.38,9.88,0.6,18.03,0.28,0.92,,,,,22.68,87.0,,232.0,,,,712.0,
2024-09-23 08:00:00,13.0,23.0,1.18,8.95,5.72,11.55,9.32,0.64,18.46,0.28,0.88,,,,,23.05,85.5,,228.5,,,,712.75,
2024-09-23 09:00:00,14.75,26.0,1.02,9.22,5.72,11.8,9.55,0.71,18.13,0.3,0.9,,,,,23.5,82.25,,228.5,,,,713.0,
2024-09-23 10:00:00,18.75,33.0,1.18,9.12,5.8,11.48,9.7,0.63,17.84,0.3,0.92,,,,,24.2,76.0,,219.75,,,,712.75,
2024-09-23 11:00:00,15.25,35.0,1.12,9.1,5.75,11.28,10.07,0.66,18.37,0.3,0.98,,,,,24.8,71.5,,231.5,,,,712.0,
2024-09-23 12:00:00,16.25,59.0,1.1,9.05,5.72,11.35,8.75,0.65,17.85,0.2,0.8,,,,,25.1,69.25,,222.25,,,,711.25,
2024-09-23 13:00:00,17.0,56.0,1.35,9.4,6.1,11.12,8.4,0.78,18.08,0.2,0.75,,,,,25.8,65.25,,217.5,,,,710.25,
2024-09-23 14:00:00,17.25,48.25,1.3,8.93,5.8,11.18,8.28,0.62,18.36,0.2,0.75,,,,,26.0,63.5,,220.75,,,,709.25,
2024-09-23 15:00:00,18.25,47.75,1.1,8.1,5.25,11.48,6.45,0.57,18.08,0.15,0.48,,,,,26.28,60.75,,210.25,,,,708.0,
2024-09-23 16:00:00,18.75,37.0,1.23,8.18,5.35,11.25,7.98,0.58,17.93,0.2,0.7,,,,,26.18,61.5,,215.25,,,,708.0,
2024-09-23 17:00:00,18.25,39.5,1.25,8.3,5.42,11.48,7.05,0.57,18.0,0.18,0.57,,,,,26.05,61.75,,202.25,,,,708.75,
2024-09-23 18:00:00,20.75,31.5,1.18,8.7,5.55,12.7,8.35,0.88,18.14,0.2,0.75,,,,,25.25,66.75,,199.0,,,,709.5,
2024-09-23 19:00:00,24.75,39.75,1.25,9.07,5.85,12.7,8.98,0.8,18.18,0.25,0.85,,,,,24.85,70.5,,214.75,,,,710.5,
2024-09-23 20:00:00,19.25,36.75,1.27,9.05,5.85,11.28,9.8,0.6,18.19,0.3,0.92,,,,,24.15,77.5,,224.25,,,,711.0,
2024-09-23 21:00:00,14.75,22.5,1.32,8.5,5.58,11.6,8.35,0.62,18.31,0.2,0.78,,,,,24.08,77.5,,214.5,,,,711.5,
2024-09-23 22:00:00,15.75,26.25,1.32,8.33,5.5,11.32,8.1,0.41,18.07,0.2,0.72,,,,,23.92,79.5,,220.0,,,,712.0,
2024-09-23 23:00:00,14.0,23.25,1.4,8.05,5.4,11.05,8.28,0.28,17.84,0.2,0.75,,,,,23.7,81.75,,214.75,,,,711.0,
2024-09-24 00:00:00,20.0,21.0,1.25,8.25,5.4,10.78,9.9,0.5,18.27,0.28,0.92,,,,,23.45,83.0,,223.75,,,,711.0,
2024-09-24 01:00:00,7.0,8.0,1.38,7.9,5.32,10.85,11.2,0.49,18.12,0.3,1.1,,,,,23.3,83.75,,216.0,,,,710.25,
2024-09-24 02:00:00,7.0,8.0,1.3,7.78,5.2,10.92,11.4,0.55,17.96,0.32,1.15,,,,,23.12,84.75,,216.75,,,,710.0,
2024-09-24 03:00:00,10.0,15.0,1.35,8.15,5.4,10.78,11.48,0.66,18.4,0.32,1.15,,,,,23.08,85.75,,210.0,,,,710.0,
2024-09-24 04:00:00,10.0,15.0,1.1,8.35,5.32,10.72,10.72,0.84,17.99,0.3,1.08,,,,,23.0,86.5,,216.75,,,,710.0,
2024-09-24 05:00:00,,,1.25,8.2,5.35,10.85,9.85,0.97,17.97,0.3,0.92,,,,,22.92,87.0,,217.5,,,,710.0,
2024-09-24 06:00:00,,,1.23,8.25,5.38,11.08,9.98,1.02,18.28,0.3,0.98,,,,,22.9,87.0,,219.75,,,,710.25,
2024-09-24 07:00:00,,,1.42,7.88,5.32,11.4,9.75,1.02,18.39,0.3,0.92,,,,,22.95,86.75,,228.25,,,,711.0,
2024-09-24 08:00:00,19.0,22.0,1.2,8.07,5.22,11.75,11.35,1.08,17.87,0.3,1.12,,,,,23.3,85.0,,215.0,,,,711.75,
2024-09-24 09:00:00,16.25,21.25,1.15,8.2,5.3,11.62,11.08,1.01,18.21,0.3,1.1,,,,,24.05,78.5,,223.75,,,,712.0,
2024-09-24 10:00:00,7.5,18.75,1.38,8.07,5.4,11.52,11.28,1.09,17.95,0.3,1.15,,,,,24.5,74.0,,212.0,,,,711.25,
2024-09-24 11:00:00,7.25,17.25,1.32,7.88,5.25,11.45,10.7,0.95,17.67,0.3,1.05,,,,,24.78,73.5,,211.75,,,,711.0,
2024-09-24 12:00:00,11.25,17.5,1.27,7.72,5.15,11.45,9.72,1.03,17.92,0.3,0.9,,,,,25.15,70.25,,209.25,,,,710.0,
2024-09-24 13:00:00,12.5,23.5,1.27,7.9,5.28,11.42,10.5,1.02,17.96,0.3,1.02,,,,,25.58,68.0,,215.75,,,,709.25,
2024-09-24 14:00:00,13.75,23.75,1.27,7.85,5.2,11.28,10.45,1.02,18.12,0.3,1.02,,,,,25.48,67.75,,221.0,,,,708.0,
2024-09-24 15:00:00,13.5,33.75,1.35,7.95,5.3,11.28,10.35,1.05,18.02,0.3,1.02,,,,,25.68,66.75,,206.0,,,,707.5,
2024-09-24 16:00:00,14.75,20.25,1.2,8.12,5.3,11.35,9.65,1.12,18.13,0.3,0.9,,,,,25.68,66.0,,207.5,,,,707.25,
2024-09-24 17:00:00,13.75,20.25,1.18,8.15,5.28,11.42,10.52,1.2,18.41,0.3,1.02,,,,,24.75,73.5,,204.5,,,,708.0,
2024-09-24 18:00:00,12.0,23.25,1.23,8.02,5.25,11.58,10.3,1.26,17.92,0.3,1.0,,,,,23.85,79.75,,212.75,,,,708.75,
2024-09-24 19:00:00,11.5,15.25,1.27,8.1,5.32,11.98,11.22,1.31,18.09,0.3,1.1,,,,,24.02,79.75,,222.75,,,,709.75,
2024-09-24 20:00:00,17.0,24.25,1.3,8.02,5.3,11.62,11.08,1.04,18.07,0.32,1.1,,,,,24.02,79.75,,216.25,,,,710.25,
2024-09-24 21:00:00,11.5,21.25,1.15,8.0,5.22,11.42,11.68,1.11,17.95,0.32,1.18,,,,,23.85,79.0,,215.25,,,,711.0,
2024-09-24 22:00:00,15.25,20.25,1.1,7.88,5.07,11.4,11.25,1.06,18.08,0.3,1.15,,,,,23.6,81.25,,213.75,,,,711.0,
2024-09-24 23:00:00,22.0,24.0,1.12,7.72,5.05,11.18,11.68,1.01,17.64,0.32,1.18,,,,,23.45,82.0,,209.5,,,,711.0,
2024-09-25 00:00:00,,,1.18,7.62,5.0,11.05,12.08,0.48,18.1,0.35,1.2,,,,,23.25,84.0,,200.75,,,,710.0,
2024-09-25 01:00:00,,,1.27,7.42,5.03,11.05,10.1,0.52,18.46,0.3,1.0,,,,,23.05,85.5,,212.5,,,,710.0,
2024-09-25 02:00:00,,,1.32,7.43,5.03,11.02,9.68,0.51,17.92,0.28,0.9,,,,,22.92,86.5,,221.5,,,,709.75,
2024-09-25 03:00:00,9.0,,1.08,7.75,4.97,10.9,9.15,0.57,18.24,0.25,0.85,,,,,22.9,87.5,,210.0,,,,709.0,
2024-09-25 04:00:00,9.0,,1.12,7.7,5.03,10.88,9.35,0.79,18.09,0.28,0.88,,,,,22.72,88.5,,211.5,,,,709.75,
2024-09-25 05:00:00,8.0,16.0,1.35,7.45,5.03,11.02,9.0,0.76,18.13,0.25,0.82,,,,,22.6,89.0,,209.0,,,,710.0,
2024-09-25 06:00:00,8.0,16.0,1.35,7.5,5.1,11.22,8.85,0.83,18.42,0.2,0.8,,,,,22.68,89.0,,218.75,,,,710.5,
2024-09-25 07:00:00,,,1.23,7.45,4.97,11.65,9.0,0.76,18.34,0.25,0.82,,,,,22.92,88.0,,219.75,,,,711.0,
2024-09-25 08:00:00,12.0,22.0,1.35,7.5,5.07,11.68,9.57,0.84,18.27,0.25,0.92,,,,,23.38,84.0,,229.25,,,,712.0,
2024-09-25 09:00:00,12.25,25.0,1.18,7.65,5.03,11.85,9.48,0.84,18.33,0.28,0.88,,,,,23.92,79.25,,218.25,,,,712.0,
2024-09-25 10:00:00,12.75,35.5,1.15,7.78,5.08,11.65,10.22,0.82,18.49,0.3,0.98,,,,,24.38,75.5,,222.5,,,,712.0,
2024-09-25 11:00:00,11.75,39.25,1.2,7.6,5.0,11.52,10.78,0.69,18.15,0.3,1.02,,,,,25.18,69.5,,218.75,,,,711.0,
2024-09-25 12:00:00,11.25,37.0,1.2,7.6,5.0,11.55,10.6,0.61,18.11,0.3,1.0,,,,,25.45,67.5,,214.5,,,,710.25,
2024-09-25 13:00:00,11.25,33.0,1.05,7.9,5.03,11.38,10.75,0.69,18.01,0.3,1.05,,,,,25.28,68.75,,223.25,,,,709.25,
2024-09-25 14:00:00,11.0,27.0,1.15,7.75,5.05,11.52,10.05,0.65,17.91,0.3,0.95,,,,,25.85,64.5,,215.75,,,,708.75,
2024-09-25 15:00:00,14.0,41.0,1.32,7.57,5.07,11.52,11.1,0.62,17.73,0.3,1.08,,,,,25.82,64.25,,219.25,,,,708.0,
2024-09-25 16:00:00,8.0,31.25,1.3,7.9,5.25,11.38,10.4,0.6,17.74,0.3,1.0,,,,,25.42,65.25,,219.75,,,,709.0,
2024-09-25 17:00:00,15.5,33.75,1.27,8.83,5.7,11.1,8.57,0.96,18.13,0.23,0.8,,,,,25.1,67.5,,219.75,,,,709.0,
2024-09-25 18:00:00,12.75,22.25,1.5,9.22,6.12,11.12,9.52,1.47,18.38,0.25,0.9,,,,,24.6,71.25,,208.5,,,,709.75,
2024-09-25 19:00:00,16.0,25.0,1.32,8.1,5.4,11.65,8.6,1.26,18.16,0.2,0.8,,,,,24.12,68.75,,214.25,,,,710.25,
2024-09-25 20:00:00,9.75,22.25,1.2,7.57,5.0,11.82,9.65,1.23,17.94,0.28,0.92,,,,,23.72,70.5,,212.5,,,,711.5,
2024-09-25 21:00:00,11.5,23.5,1.38,7.52,5.12,11.85,9.38,1.23,17.82,0.28,0.88,,,,,23.55,74.0,,207.75,,,,711.5,
2024-09-25 22:00:00,16.75,23.25,1.27,7.38,4.97,11.48,9.57,1.1,17.81,0.3,0.92,,,,,23.4,75.5,,209.0,,,,712.0,
2024-09-25 23:00:00,10.0,18.0,1.2,7.55,5.0,11.18,9.2,0.98,17.63,0.28,0.85,,,,,23.25,77.5,,211.25,,,,711.5,
2024-09-26 00:00:00,5.0,11.0,1.27,7.28,4.92,11.1,9.8,0.36,17.57,0.3,0.92,,,,,23.1,79.5,,212.5,,,,711.0,
2024-09-26 01:00:00,7.0,13.0,1.27,7.22,4.93,11.12,10.4,0.39,17.8,0.3,1.03,,,,,22.9,82.5,,221.5,,,,710.5,
2024-09-26 02:00:00,13.25,18.25,1.1,7.32,4.78,11.28,10.45,0.41,17.88,0.3,1.0,,,,,22.72,86.0,,221.75,,,,710.0,
2024-09-26 03:00:00,14.0,16.0,1.12,7.32,4.82,11.18,10.2,0.38,17.73,0.3,0.98,,,,,22.6,87.0,,213.25,,,,709.75,
2024-09-26 04:00:00,,,1.18,7.55,4.97,11.1,9.38,0.47,17.77,0.28,0.88,,,,,22.6,87.25,,206.5,,,,709.0,
2024-09-26 05:00:00,,,1.08,7.48,4.85,11.18,10.58,0.49,17.64,0.3,1.05,,,,,22.6,87.75,,217.25,,,,709.75,
2024-09-26 06:00:00,11.0,15.0,1.08,7.5,4.88,11.42,10.28,0.46,17.83,0.3,1.0,,,,,22.62,87.0,,220.0,,,,710.5,
2024-09-26 07:00:00,12.75,17.5,1.45,7.22,5.05,11.75,10.22,0.44,17.7,0.3,1.0,,,,,22.85,86.5,,213.0,,,,711.75,
2024-09-26 08:00:00,18.25,27.25,1.25,7.15,4.82,12.02,9.02,0.52,17.74,0.22,0.82,,,,,23.2,83.5,,216.5,,,,712.0,
2024-09-26 09:00:00,16.75,32.25,1.35,7.3,4.95,11.98,9.45,0.6,17.64,0.25,0.85,,,,,23.85,77.0,,221.75,,,,712.75,
2024-09-26 10:00:00,9.5,27.0,1.2,7.35,4.9,11.7,9.9,0.49,17.66,0.3,0.95,,,,,24.45,72.5,,213.25,,,,712.0,
2024-09-26 11:00:00,9.75,26.0,1.23,7.05,4.78,11.62,9.72,0.37,17.78,0.3,0.92,,,,,24.48,72.25,,216.25,,,,712.0,
2024-09-26 12:00:00,13.25,23.75,1.2,6.9,4.62,11.78,9.43,0.58,17.46,0.28,0.88,,,,,25.12,67.75,,211.75,,,,711.25,
2024-09-26 13:00:00,8.0,24.25,1.02,7.15,4.68,11.72,10.07,0.6,17.36,0.3,1.0,,,,,25.22,65.75,,215.75,,,,710.25,
2024-09-26 14:00:00,8.75,20.75,1.27,6.82,4.65,11.75,9.35,0.34,17.7,0.25,0.85,,,,,25.55,62.0,,212.75,,,,709.5,
2024-09-26 15:00:00,10.75,25.75,1.12,7.12,4.7,11.68,10.45,0.5,17.46,0.3,1.05,,,,,25.98,60.25,,215.25,,,,709.0,
2024-09-26 16:00:00,11.25,24.25,1.2,7.2,4.82,11.92,9.15,0.62,17.54,0.25,0.85,,,,,25.62,61.0,,213.5,,,,709.0,
2024-09-26 17:00:00,16.0,28.0,1.38,7.02,4.88,12.15,8.78,0.66,17.7,0.22,0.8,,,,,25.32,63.5,,231.25,,,,709.5,
2024-09-26 18:00:00,19.0,45.75,1.4,7.2,5.0,12.48,9.05,0.66,17.52,0.22,0.82,,,,,24.98,66.25,,222.75,,,,710.25,
2024-09-26 19:00:00,17.25,40.5,1.27,7.52,5.03,12.58,10.08,0.74,17.53,0.3,0.98,,,,,24.7,68.75,,209.5,,,,711.0,
2024-09-26 20:00:00,14.0,26.0,1.12,7.62,4.97,12.05,11.72,0.68,17.55,0.32,1.18,,,,,24.35,71.0,,211.75,,,,712.0,
2024-09-26 21:00:00,19.0,23.25,1.32,7.2,4.93,11.8,11.08,0.51,17.74,0.3,1.1,,,,,24.02,73.25,,205.5,,,,712.75,
2024-09-26 22:00:00,16.25,23.0,1.27,7.15,4.8,11.72,9.62,0.48,17.66,0.3,0.92,,,,,23.8,75.0,,205.0,,,,713.0,
2024-09-26 23:00:00,17.0,20.0,1.32,7.1,4.85,11.55,9.5,0.53,17.57,0.3,0.9,,,,,23.55,77.25,,212.5,,,,713.0,
2024-09-27 00:00:00,,,1.27,7.02,4.75,11.32,9.6,0.4,17.62,0.3,0.92,,,,,23.28,79.5,,207.5,,,,712.5,
2024-09-27 01:00:00,,,1.27,6.9,4.7,11.3,8.57,0.5,17.63,0.2,0.77,,,,,23.02,81.5,,218.25,,,,712.0,
2024-09-27 02:00:00,,,1.2,6.72,4.55,11.3,7.93,0.53,17.8,0.2,0.68,,,,,22.85,83.5,,219.25,,,,711.25,
2024-09-27 03:00:00,,,1.3,6.9,4.75,11.12,8.18,0.49,17.44,0.2,0.72,,,,,22.78,84.0,,229.75,,,,711.25,
2024-09-27 04:00:00,16.0,18.0,1.2,7.0,4.7,11.32,8.82,0.17,17.57,0.22,0.8,,,,,22.6,85.5,,213.0,,,,711.25,
2024-09-27 05:00:00,16.0,18.0,1.4,7.0,4.88,11.38,9.15,0.26,17.55,0.25,0.85,,,,,22.6,87.25,,218.75,,,,712.0,
2024-09-27 06:00:00,17.0,20.0,1.23,7.18,4.82,11.6,9.35,0.41,17.93,0.22,0.88,,,,,22.6,88.0,,218.0,,,,712.0,
2024-09-27 07:00:00,17.5,23.25,1.2,7.08,4.78,11.8,9.52,0.36,17.57,0.28,0.9,,,,,22.7,87.5,,212.0,,,,713.0,
2024-09-27 08:00:00,18.5,32.0,0.88,7.35,4.6,11.98,8.02,0.4,17.37,0.2,0.68,,,,,23.0,84.5,,214.0,,,,714.0,
2024-09-27 09:00:00,16.25,28.75,1.2,7.1,4.78,12.0,8.4,0.42,17.96,0.2,0.78,,,,,23.8,77.0,,226.5,,,,714.0,
2024-09-27 10:00:00,13.25,29.0,1.02,7.28,4.72,11.95,8.22,0.42,17.73,0.2,0.75,,,,,24.58,70.0,,224.75,,,,714.0,
2024-09-27 11:00:00,12.0,30.75,1.2,7.02,4.72,11.75,8.52,0.36,17.66,0.2,0.8,,,,,24.9,66.5,,211.5,,,,714.0,
2024-09-27 12:00:00,15.0,26.25,1.42,6.95,4.88,11.82,9.4,0.35,17.46,0.28,0.88,,,,,25.12,65.75,,213.5,,,,713.25,
2024-09-27 13:00:00,14.75,24.5,1.42,7.18,4.97,11.58,9.1,0.37,17.81,0.22,0.82,,,,,25.42,63.75,,224.75,,,,712.75,
2024-09-27 14:00:00,13.25,26.0,1.4,6.9,4.8,11.75,8.65,0.34,17.5,0.2,0.78,,,,,26.0,59.5,,219.5,,,,712.0,
2024-09-27 15:00:00,12.0,26.25,1.2,7.1,4.75,11.68,8.55,0.26,17.59,0.22,0.78,,,,,26.05,58.75,,222.0,,,,711.0,
2024-09-27 16:00:00,14.5,30.75,1.35,7.62,5.15,11.45,9.07,0.2,13.66,0.25,0.82,,,,,26.5,55.75,,209.25,,,,711.0,
2024-09-27 17:00:00,12.75,42.75,1.0,8.6,5.4,11.1,9.32,0.34,14.67,0.28,0.88,,,,,26.0,57.75,,202.25,,,,711.5,
2024-09-27 18:00:00,15.25,47.5,1.1,20.8,11.95,10.75,8.88,0.56,17.94,0.22,0.82,,,,,25.35,61.25,,202.5,,,,712.0,
2024-09-27 19:00:00,22.75,52.75,1.12,13.3,7.98,11.18,10.15,0.48,17.09,0.3,0.98,,,,,25.12,63.75,,217.5,,,,713.0,
2024-09-27 20:00:00,16.75,41.5,1.3,9.43,6.08,11.85,8.98,0.49,17.25,0.22,0.8,,,,,24.68,68.25,,234.5,,,,714.0,
2024-09-27 21:00:00,17.0,27.0,1.1,8.25,5.3,11.85,9.5,0.37,18.22,0.28,0.9,,,,,24.45,70.75,,227.0,,,,715.0,
2024-09-27 22:00:00,10.75,25.0,1.32,7.6,5.15,11.75,9.65,0.28,17.94,0.3,0.9,,,,,24.2,72.75,,225.25,,,,715.0,
2024-09-27 23:00:00,12.25,27.5,1.18,7.45,4.9,11.75,9.45,0.34,17.52,0.28,0.88,,,,,23.88,75.75,,203.0,,,,714.5,
2024-09-28 00:00:00,18.25,24.0,1.2,7.22,4.8,11.45,9.0,,18.61,0.22,0.82,,,,,23.75,77.25,,228.25,,,,714.0,
2024-09-28 01:00:00,14.25,18.0,1.23,6.85,4.62,11.2,8.0,0.29,18.02,0.2,0.7,,,,,23.5,79.0,,231.25,,,,713.25,
2024-09-28 02:00:00,9.0,18.0,1.12,6.92,4.6,11.3,7.6,0.41,18.84,0.2,0.68,,,,,23.38,81.0,,221.5,,,,713.0,
2024-09-28 03:00:00,17.0,32.0,1.23,7.12,4.78,11.38,7.82,0.63,19.14,0.2,0.7,,,,,23.22,81.75,,216.25,,,,713.0,
2024-09-28 04:00:00,15.75,30.5,1.08,7.3,4.8,11.3,8.7,0.47,18.58,0.2,0.8,,,,,23.05,83.25,,217.5,,,,713.0,
2024-09-28 05:00:00,12.25,23.5,1.2,7.35,4.92,11.32,8.32,0.52,18.43,0.2,0.75,,,,,22.9,84.75,,235.25,,,,713.0,
2024-09-28 06:00:00,15.75,18.75,1.12,7.3,4.8,11.6,8.15,0.51,18.19,0.2,0.72,,,,,22.88,85.75,,222.75,,,,713.75,
2024-09-28 07:00:00,22.75,28.0,1.2,7.05,4.68,11.92,8.65,0.46,19.17,0.22,0.78,,,,,23.28,83.25,,228.0,,,,715.0,
2024-09-28 08:00:00,20.0,35.0,1.1,6.9,4.6,12.02,8.05,0.46,18.44,0.2,0.7,,,,,23.83,77.25,,213.5,,,,715.5,
2024-09-28 09:00:00,22.5,46.75,1.27,6.95,4.7,12.3,8.72,0.62,18.75,0.25,0.8,,,,,24.65,70.75,,220.75,,,,716.0,
2024-09-28 10:00:00,20.0,45.25,1.2,7.08,4.72,12.32,9.1,0.72,17.33,0.25,0.82,,,,,25.48,63.75,,211.25,,,,716.0,
2024-09-28 11:00:00,17.25,44.75,1.32,7.28,4.95,12.42,8.95,0.59,19.2,0.22,0.8,,,,,26.12,58.75,,219.0,,,,715.0,
2024-09-28 12:00:00,20.25,49.75,1.15,7.98,5.18,12.62,9.72,0.68,19.05,0.28,0.92,,,,,26.7,55.0,,223.25,,,,714.0,
2024-09-28 13:00:00,27.75,50.25,1.25,7.75,5.12,12.02,8.6,0.68,17.69,0.2,0.78,,,,,26.58,55.5,,235.75,,,,713.0,
2024-09-28 14:00:00,28.5,57.5,1.3,7.88,5.25,12.72,8.85,0.76,18.25,0.25,0.82,,,,,26.35,57.25,,220.25,,,,712.0,
2024-09-28 15:00:00,25.0,64.0,1.32,7.85,5.28,12.65,8.78,0.74,15.96,0.2,0.8,,,,,26.3,57.5,,261.5,,,,711.75,
2024-09-28 16:00:00,27.25,54.5,1.2,8.3,5.42,14.18,9.3,0.79,17.78,0.22,0.88,,,,,26.88,55.25,,239.0,,,,711.0,
2024-09-28 17:00:00,23.0,61.75,1.23,9.15,5.88,12.9,11.2,0.88,19.64,0.3,1.1,,,,,27.05,53.0,,250.5,,,,711.75,
2024-09-28 18:00:00,20.25,78.0,1.23,9.57,6.1,14.38,11.6,1.28,19.12,0.32,1.18,,,,,25.52,62.0,,240.5,,,,712.5,
2024-09-28 19:00:00,33.5,122.5,1.42,11.92,7.52,17.35,13.38,1.89,18.13,0.4,1.4,,,,,25.35,66.25,,227.5,,,,713.25,
2024-09-28 20:00:00,39.25,93.0,1.2,13.4,8.1,14.28,14.35,1.48,11.76,0.4,1.52,,,,,24.6,74.75,,199.25,,,,714.5,
2024-09-28 21:00:00,25.0,55.5,1.2,12.25,7.5,13.4,12.6,1.13,17.04,0.4,1.3,,,,,23.65,86.0,,224.5,,,,715.0,
2024-09-28 22:00:00,23.25,29.5,1.25,11.88,7.32,12.15,13.15,0.74,16.34,0.4,1.38,,,,,23.25,88.5,,171.5,,,,715.0,
2024-09-28 23:00:00,18.0,19.0,1.15,11.22,6.92,12.22,11.52,0.66,18.38,0.35,1.12,,,,,23.12,90.25,,168.5,,,,715.0,
2024-09-29 00:00:00,,,1.2,10.45,6.52,11.72,10.55,,20.84,0.3,1.05,,,,,22.92,91.5,,172.75,,,,714.75,
2024-09-29 01:00:00,,,1.23,10.0,6.32,11.18,8.4,0.48,19.28,0.2,0.77,,,,,22.62,92.25,,134.75,,,,714.0,
2024-09-29 02:00:00,,,1.05,9.48,5.9,10.92,6.35,0.55,15.14,0.12,0.5,,,,,22.55,93.0,,159.5,,,,714.0,
2024-09-29 03:00:00,,,1.23,9.05,5.8,10.98,6.6,0.4,18.84,0.15,0.52,,,,,22.52,93.0,,42.25,,,,714.0,
2024-09-29 04:00:00,,,1.15,9.43,5.92,11.65,7.35,0.38,18.75,0.2,0.6,,,,,22.6,93.0,,26.25,,,,714.0,
2024-09-29 05:00:00,,,1.2,9.28,5.92,11.65,7.85,0.4,17.14,0.2,0.65,,,,,22.65,93.0,,84.75,,,,714.5,
2024-09-29 06:00:00,,,1.18,9.68,6.1,11.45,7.92,0.5,19.12,0.2,0.68,,,,,22.75,93.0,,224.0,,,,715.25,
2024-09-29 07:00:00,25.0,29.0,1.35,9.12,5.95,12.25,7.8,0.64,16.61,0.2,0.68,,,,,22.9,93.0,,255.25,,,,716.0,
2024-09-29 08:00:00,27.25,31.25,1.38,10.18,6.52,14.68,9.05,0.94,16.64,0.25,0.85,,,,,23.62,92.0,,207.75,,,,716.0,
2024-09-29 09:00:00,33.0,39.5,1.2,11.45,7.08,12.32,8.35,0.68,23.55,0.2,0.75,,,,,24.62,89.25,,168.75,,,,716.0,
2024-09-29 10:00:00,29.5,46.5,1.15,16.2,9.52,10.42,7.15,0.42,18.52,0.18,0.6,,,,,26.45,69.0,,215.75,,,,716.0,
2024-09-29 11:00:00,27.75,54.25,1.05,23.42,13.32,8.28,5.57,1.39,19.16,0.12,0.4,,,,,27.38,58.75,,150.75,,,,714.75,
2024-09-29 12:00:00,27.25,52.5,1.48,16.18,9.82,11.18,4.32,1.15,19.2,0.1,0.2,,,,,27.75,54.75,,154.0,,,,713.75,
2024-09-29 13:00:00,27.0,47.25,1.3,11.4,7.12,12.78,6.12,0.38,17.47,0.12,0.45,,,,,28.28,49.5,,173.25,,,,712.5,
2024-09-29 14:00:00,24.75,54.0,1.08,9.95,6.18,12.7,5.82,0.7,18.48,0.12,0.42,,,,,27.65,51.75,,178.5,,,,712.0,
2024-09-29 15:00:00,28.75,52.0,1.23,9.62,6.12,12.1,6.62,0.75,17.46,0.15,0.52,,,,,27.62,52.25,,174.0,,,,712.0,
2024-09-29 16:00:00,32.75,47.25,1.3,9.88,6.3,12.6,7.57,0.82,18.51,0.2,0.62,,,,,27.82,50.5,,163.5,,,,712.0,
2024-09-29 17:00:00,28.25,51.0,1.25,10.0,6.32,12.92,7.32,0.86,18.21,0.2,0.6,,,,,26.75,56.0,,144.25,,,,712.0,
2024-09-29 18:00:00,27.75,52.0,1.08,10.7,6.55,13.0,8.72,0.98,18.05,0.22,0.8,,,,,25.65,63.5,,148.25,,,,713.0,
2024-09-29 19:00:00,35.0,58.25,1.12,11.28,6.92,13.32,7.9,1.03,18.72,0.22,0.68,,,,,25.28,67.0,,192.5,,,,713.75,
2024-09-29 20:00:00,43.5,70.0,1.27,10.92,6.85,12.8,7.98,1.01,17.73,0.2,0.7,,,,,24.95,69.5,,185.0,,,,715.0,
2024-09-29 21:00:00,52.5,80.25,1.12,10.7,6.62,12.72,7.98,0.94,17.86,0.2,0.72,,,,,24.82,72.0,,226.25,,,,715.75,
2024-09-29 22:00:00,56.0,87.75,1.15,10.55,6.55,11.38,8.48,0.74,17.5,0.2,0.78,,,,,24.48,75.75,,195.25,,,,715.5,
2024-09-29 23:00:00,50.0,66.25,1.15,10.12,6.28,11.02,7.72,0.73,16.36,0.2,0.62,,,,,24.1,79.5,,200.25,,,,715.0,
2024-09-30 00:00:00,40.25,47.5,1.25,9.57,6.08,10.95,7.25,0.58,17.77,0.2,0.57,,,,,23.85,83.25,,202.75,,,,715.0,
2024-09-30 01:00:00,38.0,43.0,1.32,9.22,5.98,10.8,7.43,0.48,17.97,0.2,0.6,,,,,23.68,85.0,,205.0,,,,714.5,
2024-09-30 02:00:00,30.0,36.0,1.3,8.85,5.75,10.8,7.62,0.47,17.82,0.2,0.62,,,,,23.6,85.5,,191.0,,,,714.0,
2024-09-30 03:00:00,30.0,36.0,1.23,9.3,5.95,10.48,8.18,0.53,19.06,0.2,0.75,,,,,23.45,86.0,,211.25,,,,714.0,
2024-09-30 04:00:00,29.75,35.5,1.25,9.18,5.92,10.75,8.25,0.39,18.6,0.2,0.75,,,,,23.3,86.75,,205.5,,,,714.0,
2024-09-30 05:00:00,29.5,36.5,1.35,9.1,5.95,10.95,8.18,0.67,18.48,0.2,0.72,,,,,23.3,87.0,,200.0,,,,714.75,
2024-09-30 06:00:00,31.5,43.75,1.23,9.1,5.8,11.45,8.62,0.68,18.41,0.2,0.78,,,,,23.22,86.75,,221.25,,,,715.5,
2024-09-30 07:00:00,34.75,45.0,1.42,8.72,5.8,12.18,8.62,0.7,17.53,0.22,0.78,,,,,23.55,84.5,,194.0,,,,716.0,
2024-09-30 08:00:00,41.0,51.75,1.23,8.88,5.7,12.22,8.93,0.77,18.09,0.25,0.82,,,,,24.28,78.0,,210.5,,,,717.0,
2024-09-30 09:00:00,43.5,55.5,1.2,8.98,5.78,11.9,9.38,0.86,18.38,0.28,0.88,,,,,25.25,70.5,,216.0,,,,717.0,
2024-09-30 10:00:00,42.25,61.0,1.25,8.85,5.75,12.28,9.38,0.87,20.04,0.28,0.88,,,,,26.42,60.25,,198.5,,,,716.5,
2024-09-30 11:00:00,41.25,62.75,1.23,8.82,5.72,12.9,9.0,0.72,18.68,0.22,0.82,,,,,27.32,53.25,,181.5,,,,715.5,
2024-09-30 12:00:00,34.25,58.0,1.18,9.05,5.78,13.22,9.2,0.79,18.94,0.22,0.82,,,,,28.1,48.25,,185.0,,,,714.5,
2024-09-30 13:00:00,27.0,53.5,1.45,8.93,5.92,13.82,9.02,0.86,18.26,0.22,0.82,,,,,29.48,41.75,,186.0,,,,713.5,
2024-09-30 14:00:00,19.5,46.75,1.3,9.78,6.22,13.1,8.45,0.82,17.34,0.2,0.75,,,,,28.7,45.0,,159.5,,,,712.25,
2024-09-30 15:00:00,16.0,42.75,1.23,10.45,6.58,12.52,8.9,0.94,17.96,0.22,0.82,,,,,28.78,44.25,,160.75,,,,711.5,
2024-09-30 16:00:00,17.5,52.5,1.25,10.65,6.62,14.08,7.78,1.03,16.9,0.2,0.68,,,,,28.75,44.0,,141.5,,,,711.0,
2024-09-30 17:00:00,14.0,58.25,1.32,11.55,7.2,14.5,8.65,1.12,18.69,0.22,0.8,,,,,27.95,46.75,,171.5,,,,711.25,
2024-09-30 18:00:00,18.0,59.5,1.15,12.12,7.42,14.08,9.6,1.21,18.69,0.25,0.92,,,,,26.08,55.25,,214.0,,,,712.5,
2024-09-30 19:00:00,23.25,56.5,1.05,13.88,8.2,14.8,13.0,1.56,17.8,0.4,1.35,,,,,25.7,58.25,,214.0,,,,713.25,
2024-09-30 20:00:00,30.5,74.0,1.23,14.38,8.65,13.75,13.48,1.32,18.27,0.4,1.4,,,,,25.45,60.0,,198.0,,,,714.25,
2024-09-30 21:00:00,30.5,78.75,1.08,12.72,7.62,10.78,10.4,0.81,17.76,0.3,1.0,,,,,24.85,68.75,,205.25,,,,715.0,
2024-09-30 22:00:00,23.5,53.0,1.15,11.4,7.02,10.62,10.3,0.83,18.34,0.3,1.0,,,,,24.45,72.5,,198.0,,,,715.0,
2024-09-30 23:00:00,16.0,41.0,1.27,10.17,6.43,10.6,10.1,0.67,17.75,0.3,0.97,,,,,24.13,75.67,,206.0,,,,714.0,
2024-10-01 00:00:00,22.75,37.75,1.05,9.78,6.02,10.88,9.48,0.6,18.59,0.28,0.88,,,,,23.9,77.5,,206.25,,,,714.0,
2024-10-01 01:00:00,28.0,34.0,1.12,9.62,6.02,10.72,9.17,0.63,18.31,0.23,0.83,,,,,23.65,79.75,,209.0,,,,713.0,
2024-10-01 02:00:00,23.0,39.0,1.23,9.38,6.0,10.52,8.82,0.63,17.86,0.2,0.8,,,,,23.55,82.0,,207.25,,,,712.5,
2024-10-01 03:00:00,24.5,37.0,1.2,9.52,6.05,10.6,8.15,0.7,18.16,0.2,0.7,,,,,23.38,84.0,,197.0,,,,712.0,
2024-10-01 04:00:00,28.0,34.0,1.27,9.05,5.82,10.72,8.57,0.66,18.72,0.2,0.78,,,,,23.32,84.5,,211.25,,,,712.75,
2024-10-01 05:00:00,25.75,41.75,1.12,9.28,5.88,10.85,9.35,0.68,18.1,0.25,0.85,,,,,23.22,84.5,,217.0,,,,713.0,
2024-10-01 06:00:00,29.75,40.75,1.42,9.02,5.98,11.35,9.7,0.71,18.2,0.3,0.9,,,,,23.18,86.0,,217.0,,,,713.25,
2024-10-01 07:00:00,36.0,55.5,1.15,8.88,5.65,12.2,8.48,0.76,17.26,0.22,0.75,,,,,23.58,83.5,,204.0,,,,714.0,
2024-10-01 08:00:00,43.0,77.75,1.27,8.7,5.65,12.32,8.3,0.84,19.12,0.22,0.75,,,,,24.15,78.25,,196.75,,,,714.75,
2024-10-01 09:00:00,52.25,85.0,1.18,9.35,5.92,12.15,9.65,0.87,19.74,0.3,0.9,,,,,25.33,68.5,,182.5,,,,715.0,
2024-10-01 10:00:00,44.75,80.25,1.12,9.52,5.95,11.68,9.78,0.71,19.02,0.3,0.92,,,,,25.88,63.0,,204.75,,,,714.25,
2024-10-01 11:00:00,43.75,72.5,1.02,8.95,5.6,12.72,9.2,0.72,16.31,0.25,0.85,,,,,27.25,52.5,,191.0,,,,713.25,
2024-10-01 12:00:00,32.25,64.25,1.23,9.0,5.78,12.88,9.12,0.87,18.62,0.22,0.82,,,,,27.92,47.0,,200.0,,,,712.5,
2024-10-01 13:00:00,27.0,60.75,1.18,8.38,5.4,12.78,8.28,0.72,17.6,0.2,0.72,,,,,28.05,45.75,,196.0,,,,711.75,
2024-10-01 14:00:00,26.75,57.25,1.2,9.45,5.98,12.25,8.52,0.84,18.74,0.22,0.78,,,,,28.52,44.0,,204.25,,,,711.0,
2024-10-01 15:00:00,27.5,58.25,1.4,9.3,6.1,12.62,8.2,0.92,17.57,0.2,0.75,,,,,28.45,44.0,,197.25,,,,710.0,
2024-10-01 16:00:00,30.75,62.0,1.38,10.4,6.65,13.32,8.88,1.0,18.96,0.22,0.82,,,,,27.42,48.25,,220.0,,,,710.0,
2024-10-01 17:00:00,27.0,74.0,1.32,10.8,6.78,12.4,9.07,0.88,17.47,0.22,0.82,,,,,26.6,51.25,,206.25,,,,711.0,
2024-10-01 18:00:00,29.5,90.0,1.12,10.98,6.75,13.22,9.07,1.0,18.0,0.25,0.85,,,,,26.12,56.5,,204.25,,,,711.5,
2024-10-01 19:00:00,37.75,106.75,1.18,11.12,6.88,12.55,10.32,0.98,18.11,0.3,1.0,,,,,25.95,59.5,,199.0,,,,712.75,
2024-10-01 20:00:00,37.75,81.75,1.27,10.45,6.6,11.38,10.42,0.75,18.45,0.28,1.0,,,,,25.6,60.25,,197.75,,,,714.0,
2024-10-01 21:00:00,32.0,44.75,1.3,9.7,6.2,11.4,9.32,0.74,17.98,0.28,0.88,,,,,25.28,62.75,,203.25,,,,714.0,
2024-10-01 22:00:00,31.75,45.25,1.27,9.3,5.95,11.65,9.32,0.57,18.81,0.25,0.85,,,,,24.92,65.25,,214.25,,,,715.0,
2024-10-01 23:00:00,22.75,52.0,1.35,10.07,6.42,11.32,10.3,0.87,18.33,0.3,1.0,,,,,24.65,67.5,,196.25,,,,714.75,
2024-10-02 00:00:00,25.25,55.75,1.18,9.42,5.95,11.48,9.05,1.27,18.21,0.22,0.82,,,,,24.12,72.25,,202.75,,,,714.0,
2024-10-02 01:00:00,23.75,39.5,1.35,9.45,6.12,11.48,9.13,1.07,18.35,0.23,0.83,,,,,23.8,76.0,,202.25,,,,713.0,
2024-10-02 02:00:00,17.75,37.5,1.2,9.45,6.0,11.48,9.55,1.06,18.3,0.28,0.88,,,,,23.68,78.0,,202.0,,,,713.0,
2024-10-02 03:00:00,21.75,38.75,1.1,9.68,6.05,11.15,9.57,1.09,18.44,0.25,0.9,,,,,23.95,76.5,,187.5,,,,713.0,
2024-10-02 04:00:00,26.25,45.25,1.45,9.5,6.22,10.85,9.68,1.1,18.17,0.28,0.9,,,,,23.82,79.5,,190.75,,,,713.0,
2024-10-02 05:00:00,24.25,37.5,1.42,9.12,6.0,10.8,8.57,1.06,18.47,0.22,0.8,,,,,23.52,82.5,,188.5,,,,713.0,
2024-10-02 06:00:00,26.0,31.5,1.2,9.05,5.8,11.02,8.93,1.15,17.87,0.22,0.82,,,,,23.5,83.5,,196.0,,,,713.25,
2024-10-02 07:00:00,29.75,36.0,1.4,8.22,5.5,11.15,8.85,1.12,18.12,0.22,0.8,,,,,23.78,82.5,,205.0,,,,714.5,
2024-10-02 08:00:00,29.75,34.5,1.32,7.82,5.22,11.22,8.65,1.02,17.07,0.2,0.8,,,,,24.22,78.75,,199.25,,,,715.0,
2024-10-02 09:00:00,22.5,29.75,1.32,7.45,5.03,11.22,7.32,0.98,19.69,0.2,0.6,,,,,25.12,71.75,,214.0,,,,715.0,
2024-10-02 10:00:00,21.0,28.25,1.35,7.65,5.15,11.55,7.02,1.02,20.85,0.18,0.57,,,,,26.15,65.0,,219.0,,,,715.0,
2024-10-02 11:00:00,20.25,27.75,1.3,7.4,5.0,12.12,8.07,1.01,18.92,0.2,0.72,,,,,26.8,59.0,,211.25,,,,714.25,
2024-10-02 12:00:00,18.5,34.0,1.1,7.75,5.0,12.35,7.72,1.1,19.94,0.2,0.65,,,,,27.55,53.75,,202.5,,,,713.25,
2024-10-02 13:00:00,19.25,33.5,1.1,7.98,5.15,11.92,7.5,1.1,18.55,0.2,0.62,,,,,27.92,50.0,,216.5,,,,712.25,
2024-10-02 14:00:00,17.25,23.0,1.12,7.68,5.0,11.82,7.75,1.02,17.11,0.2,0.65,,,,,28.35,47.25,,219.75,,,,711.25,
2024-10-02 15:00:00,16.5,23.25,1.3,7.72,5.18,11.58,7.9,1.03,18.43,0.2,0.68,,,,,28.4,46.25,,227.75,,,,710.25,
2024-10-02 16:00:00,13.75,26.75,1.18,7.82,5.15,11.45,7.2,1.08,17.89,0.2,0.6,,,,,28.25,47.75,,227.75,,,,710.75,
2024-10-02 17:00:00,20.25,42.75,1.1,8.38,5.3,11.82,7.65,1.27,17.51,0.2,0.62,,,,,26.5,58.5,,199.75,,,,711.75,
2024-10-02 18:00:00,22.75,62.5,1.4,8.45,5.65,12.38,8.78,1.36,18.71,0.25,0.82,,,,,24.85,70.5,,184.75,,,,712.75,
2024-10-02 19:00:00,19.5,46.25,1.3,8.5,5.57,12.95,8.72,1.42,14.82,0.2,0.8,,,,,24.0,81.25,,145.5,,,,713.75,
2024-10-02 20:00:00,21.75,29.75,1.32,8.88,5.8,12.95,9.25,1.52,19.92,0.25,0.85,,,,,23.95,84.5,,175.75,,,,715.0,
2024-10-02 21:00:00,24.0,32.0,1.27,8.75,5.65,12.6,9.82,1.26,18.69,0.3,0.92,,,,,23.12,86.0,,151.75,,,,716.25,
2024-10-02 22:00:00,,,1.08,9.15,5.75,11.2,9.3,1.07,19.84,0.25,0.85,,,,,22.45,89.0,,221.0,,,,716.5,
2024-10-02 23:00:00,,,1.23,9.52,6.05,10.62,8.95,1.32,17.78,0.25,0.82,,,,,22.35,90.5,,207.25,,,,716.5,
2024-10-03 00:00:00,,,1.48,8.3,5.62,11.12,8.25,0.36,18.46,0.22,0.72,,,,,22.32,92.0,,234.25,,,,713.75,
2024-10-03 01:00:00,,,1.12,8.3,5.35,10.98,7.03,0.3,18.39,0.2,0.57,,,,,22.28,92.25,,233.0,,,,713.0,
2024-10-03 02:00:00,,,1.23,7.75,5.12,11.1,6.5,0.24,18.32,0.15,0.5,,,,,22.1,92.0,,243.75,,,,713.5,
2024-10-03 03:00:00,6.0,8.0,1.1,7.75,5.03,11.1,6.55,0.3,18.94,0.15,0.52,,,,,22.22,90.75,,227.75,,,,713.25,
2024-10-03 04:00:00,6.0,8.25,1.12,7.82,5.05,11.0,6.65,0.34,18.31,0.15,0.52,,,,,22.52,87.0,,227.5,,,,712.5,
2024-10-03 05:00:00,7.25,10.5,1.27,7.68,5.1,11.3,6.4,0.39,17.92,0.12,0.5,,,,,22.55,82.5,,183.75,,,,712.0,
2024-10-03 06:00:00,11.0,15.0,1.35,7.95,5.32,11.68,5.7,0.45,18.3,0.1,0.4,,,,,22.65,83.75,,207.5,,,,712.5,
2024-10-03 07:00:00,19.0,25.0,1.35,7.75,5.25,11.9,6.22,0.48,17.87,0.1,0.5,,,,,23.1,81.5,,242.75,,,,713.5,
2024-10-03 08:00:00,21.5,27.25,1.27,8.0,5.28,12.08,6.08,0.46,17.5,0.1,0.48,,,,,23.68,79.75,,224.75,,,,714.0,
2024-10-03 09:00:00,27.25,33.75,1.1,7.68,4.95,12.08,6.62,0.45,17.35,0.15,0.52,,,,,23.82,78.75,,219.25,,,,714.25,
2024-10-03 10:00:00,23.25,34.0,1.18,7.6,5.03,11.95,6.75,0.31,18.78,0.18,0.55,,,,,23.95,79.0,,220.25,,,,715.0,
2024-10-03 11:00:00,25.75,34.5,1.0,7.82,4.97,11.62,6.2,0.25,19.23,0.15,0.45,,,,,24.8,74.0,,217.5,,,,714.0,
2024-10-03 12:00:00,21.0,26.25,1.23,7.6,5.05,11.55,5.88,0.18,19.03,0.1,0.43,,,,,25.2,71.75,,211.75,,,,713.25,
2024-10-03 13:00:00,16.25,22.25,1.25,9.85,6.25,11.18,5.15,0.7,19.15,0.1,0.32,,,,,26.45,63.0,,218.75,,,,711.75,
2024-10-03 14:00:00,12.5,21.25,,,,,3.15,4.82,17.52,,0.15,,,,,26.08,63.75,,194.0,,,,711.0,
2024-10-03 15:00:00,16.25,30.5,,,,,3.88,0.36,18.17,0.1,0.18,,,,,24.58,71.75,,226.75,,,,711.0,
2024-10-03 16:00:00,13.75,18.75,1.27,16.05,9.57,8.1,6.22,0.25,18.01,0.12,0.45,,,,,23.98,74.0,,227.0,,,,711.0,
2024-10-03 17:00:00,15.0,19.5,1.15,14.18,8.5,9.18,4.95,0.4,18.24,0.1,0.32,,,,,24.12,74.0,,241.5,,,,711.0,
2024-10-03 18:00:00,20.5,33.5,1.2,11.0,6.8,10.9,5.88,0.52,18.37,0.1,0.43,,,,,24.05,74.5,,227.25,,,,711.75,
2024-10-03 19:00:00,20.25,37.75,1.25,9.38,6.0,12.05,6.82,0.7,18.44,0.15,0.55,,,,,24.08,74.5,,254.0,,,,713.25,
2024-10-03 20:00:00,26.0,48.5,1.23,10.62,6.65,12.75,5.58,0.72,18.12,0.12,0.38,,,,,24.22,73.5,,211.25,,,,714.0,
2024-10-03 21:00:00,29.0,52.0,1.4,11.0,7.0,12.5,8.57,0.39,18.54,0.22,0.8,,,,,23.9,77.0,,246.5,,,,714.0,
2024-10-03 22:00:00,20.0,41.25,1.2,9.52,6.05,12.22,9.52,0.39,18.1,0.28,0.88,,,,,23.88,76.5,,234.75,,,,714.0,
2024-10-03 23:00:00,21.5,41.75,1.27,9.22,5.92,11.68,8.38,0.27,18.5,0.22,0.75,,,,,23.95,76.5,,227.25,,,,714.0,
2024-10-04 00:00:00,23.75,31.25,1.38,8.3,5.58,11.35,6.1,0.27,18.32,0.1,0.48,,,,,23.9,78.0,,241.5,,,,713.5,
2024-10-04 01:00:00,16.5,27.25,1.18,7.3,4.82,11.6,7.27,0.21,18.15,0.17,0.6,,,,,23.68,79.5,,256.25,,,,712.75,
2024-10-04 02:00:00,16.25,22.75,1.27,6.93,4.78,11.55,8.22,0.18,18.08,0.2,0.75,,,,,23.62,80.25,,238.5,,,,712.0,
2024-10-04 03:00:00,23.5,30.0,1.27,6.95,4.75,11.72,8.45,0.17,18.22,0.2,0.78,,,,,23.45,82.5,,225.0,,,,711.75,
2024-10-04 04:00:00,30.75,41.75,1.25,7.05,4.8,11.48,10.02,0.15,18.23,0.3,0.98,,,,,23.32,83.5,,242.5,,,,712.25,
2024-10-04 05:00:00,20.75,32.0,1.15,7.02,4.7,11.52,10.18,0.15,18.45,0.3,0.98,,,,,23.3,84.0,,233.75,,,,713.0,
2024-10-04 06:00:00,20.75,35.0,1.38,6.9,4.8,11.8,9.78,0.32,18.22,0.3,0.92,,,,,23.38,84.0,,226.75,,,,713.0,
2024-10-04 07:00:00,23.75,41.25,1.18,6.78,4.58,12.0,9.8,0.37,17.99,0.3,0.92,,,,,23.58,83.75,,217.25,,,,714.0,
2024-10-04 08:00:00,25.0,33.5,1.27,6.43,4.45,11.95,9.18,0.39,17.44,0.25,0.85,,,,,23.98,81.5,,231.0,,,,714.0,
2024-10-04 09:00:00,22.5,34.5,1.12,6.65,4.47,11.78,8.82,0.39,18.55,0.2,0.8,,,,,24.58,78.5,,220.5,,,,714.0,
2024-10-04 10:00:00,24.0,33.25,1.12,6.72,4.47,11.68,9.25,0.38,18.36,0.25,0.85,,,,,25.35,71.75,,219.25,,,,714.0,
2024-10-04 11:00:00,24.75,33.75,1.08,6.55,4.38,11.7,9.07,0.34,18.49,0.25,0.82,,,,,26.02,67.0,,215.75,,,,714.0,
2024-10-04 12:00:00,27.25,34.5,1.48,6.25,4.5,11.8,7.5,0.29,19.53,0.2,0.65,,,,,26.45,63.5,,218.25,,,,713.5,
2024-10-04 13:00:00,26.0,36.25,1.3,6.25,4.42,11.85,7.18,0.27,18.37,0.2,0.57,,,,,26.78,59.25,,220.75,,,,712.25,
2024-10-04 14:00:00,21.75,29.0,1.2,6.55,4.47,11.85,7.58,0.34,18.73,0.2,0.65,,,,,26.4,61.25,,191.5,,,,711.0,
2024-10-04 15:00:00,31.25,36.75,1.45,6.98,4.88,13.68,8.5,0.75,10.58,0.2,0.78,,,,,23.8,84.75,,199.75,,,,711.25,
2024-10-04 16:00:00,42.0,50.0,1.35,7.9,5.32,14.35,9.95,1.06,13.06,0.3,0.92,,,,,24.28,88.5,,195.75,,,,711.0,
2024-10-04 17:00:00,41.25,55.25,1.1,13.08,7.85,15.42,13.58,1.14,27.81,0.4,1.4,,,,,24.6,89.0,,233.0,,,,711.25,
2024-10-04 18:00:00,59.0,82.75,1.4,17.98,10.75,12.75,15.0,0.68,18.37,0.45,1.62,,,,,24.18,89.0,,241.75,,,,712.25,
2024-10-04 19:00:00,53.75,75.25,1.42,12.4,7.75,10.5,13.55,0.14,17.9,0.4,1.42,,,,,23.7,85.0,,230.25,,,,713.75,
2024-10-04 20:00:00,18.75,26.25,1.35,8.72,5.72,11.38,11.28,0.13,17.82,0.32,1.1,,,,,22.9,88.0,,243.75,,,,714.75,
2024-10-04 21:00:00,14.25,19.0,1.23,8.12,5.3,12.0,9.88,0.24,17.87,0.3,0.92,,,,,22.85,89.5,,225.25,,,,715.0,
2024-10-04 22:00:00,12.0,13.0,1.23,7.72,5.07,12.0,9.35,0.28,18.52,0.22,0.88,,,,,22.85,90.0,,221.75,,,,715.0,
2024-10-04 23:00:00,,,1.38,7.45,5.05,11.4,10.1,0.19,18.08,0.3,0.98,,,,,22.88,91.0,,211.25,,,,715.0,
2024-10-05 00:00:00,,,1.2,7.3,4.85,11.2,8.25,0.26,17.68,0.2,0.72,,,,,22.8,91.5,,246.25,,,,714.25,
2024-10-05 01:00:00,9.0,12.0,1.2,6.98,4.7,11.3,10.67,0.26,18.84,0.3,1.03,,,,,22.72,92.0,,243.0,,,,714.0,
2024-10-05 02:00:00,9.0,12.0,1.18,6.75,4.55,11.3,11.02,0.24,17.64,0.3,1.1,,,,,22.78,92.0,,240.5,,,,714.0,
2024-10-05 03:00:00,,,1.27,6.92,4.72,11.28,11.58,0.27,19.78,0.35,1.18,,,,,22.78,92.75,,267.25,,,,714.0,
2024-10-05 04:00:00,20.0,22.0,1.2,7.05,4.72,11.22,11.52,0.32,19.5,0.32,1.15,,,,,22.5,93.0,,222.25,,,,714.0,
2024-10-05 05:00:00,20.75,22.5,1.27,6.98,4.72,11.5,12.4,0.33,17.12,0.4,1.25,,,,,22.28,93.25,,297.5,,,,714.0,
2024-10-05 06:00:00,22.25,24.75,1.42,6.9,4.78,11.95,12.28,0.32,18.36,0.4,1.25,,,,,22.32,93.0,,233.0,,,,714.0,
2024-10-05 07:00:00,20.0,27.0,1.25,6.75,4.6,12.12,12.5,0.34,17.44,0.4,1.3,,,,,22.45,93.0,,252.5,,,,715.0,
2024-10-05 08:00:00,19.75,26.25,1.27,6.82,4.68,12.02,12.08,0.27,19.42,0.4,1.2,,,,,22.98,92.0,,222.5,,,,715.5,
2024-10-05 09:00:00,20.25,25.75,1.18,6.6,4.53,11.9,11.7,0.27,17.86,0.32,1.18,,,,,23.78,89.25,,217.25,,,,716.0,
2024-10-05 10:00:00,24.0,31.0,1.18,6.65,4.5,11.8,12.5,0.24,20.07,0.4,1.25,,,,,24.78,75.75,,230.5,,,,715.5,
2024-10-05 11:00:00,18.0,23.0,1.27,6.6,4.53,11.9,11.92,0.25,19.11,0.38,1.2,,,,,25.32,68.25,,218.0,,,,714.5,
2024-10-05 12:00:00,16.25,21.5,1.12,8.6,5.48,11.58,11.95,0.28,19.51,0.35,1.23,,,,,26.4,59.75,,219.25,,,,713.5,
2024-10-05 13:00:00,12.5,19.0,1.45,7.98,5.42,11.68,11.85,0.33,17.68,0.35,1.18,,,,,26.62,59.25,,213.5,,,,712.25,
2024-10-05 14:00:00,15.75,25.75,1.4,6.82,4.8,11.9,12.25,0.34,17.07,0.38,1.25,,,,,25.95,63.25,,204.5,,,,711.5,
2024-10-05 15:00:00,12.25,26.25,1.12,7.3,4.8,12.0,12.98,0.4,15.7,0.4,1.35,,,,,24.2,78.5,,198.25,,,,711.0,
2024-10-05 16:00:00,16.0,24.0,1.25,7.6,5.05,15.08,13.18,1.06,18.13,0.4,1.38,,,,,23.92,84.75,,240.5,,,,711.5,
2024-10-05 17:00:00,24.25,32.5,1.18,8.68,5.58,14.6,14.42,1.05,19.04,0.4,1.52,,,,,23.72,85.75,,271.0,,,,712.0,
2024-10-05 18:00:00,24.5,32.5,1.27,9.8,6.22,16.02,16.3,0.92,18.81,0.5,1.78,,,,,23.6,85.25,,213.25,,,,713.5,
2024-10-05 19:00:00,32.0,37.0,1.4,10.7,6.8,11.82,16.08,0.33,18.44,0.48,1.72,,,,,22.98,87.75,,202.25,,,,714.25,
2024-10-05 20:00:00,,,1.15,9.48,5.98,11.45,14.38,0.26,18.44,0.4,1.5,,,,,22.55,90.25,,214.0,,,,715.0,
2024-10-05 21:00:00,,,1.15,8.72,5.55,11.78,13.18,0.35,18.16,0.4,1.38,,,,,22.52,92.0,,241.25,,,,716.0,
2024-10-05 22:00:00,,,1.23,8.45,5.5,12.35,13.98,0.49,18.82,0.4,1.48,,,,,22.52,93.0,,247.75,,,,715.0,
2024-10-05 23:00:00,,,1.3,8.52,5.6,12.98,15.45,0.58,18.57,0.45,1.65,,,,,22.48,93.0,,187.25,,,,714.75,
2024-10-06 00:00:00,,,1.23,8.62,5.6,12.55,15.6,0.33,17.9,0.48,1.68,,,,,22.52,93.0,,192.0,,,,714.0,
2024-10-06 01:00:00,16.0,19.0,1.18,8.85,5.68,12.5,13.57,0.34,18.6,0.4,1.4,,,,,22.6,93.0,,198.0,,,,714.0,
2024-10-06 02:00:00,16.0,18.5,1.25,8.67,5.62,11.52,11.48,0.25,18.69,0.32,1.15,,,,,22.5,93.0,,212.25,,,,714.0,
2024-10-06 03:00:00,17.25,18.5,1.15,8.7,5.58,11.3,11.18,0.34,19.34,0.3,1.12,,,,,22.45,93.0,,218.5,,,,713.0,
2024-10-06 04:00:00,21.25,23.0,1.27,8.35,5.5,10.98,10.8,0.26,18.64,0.3,1.08,,,,,22.4,93.0,,224.5,,,,713.0,
2024-10-06 05:00:00,20.75,23.25,1.35,8.05,5.38,10.85,10.38,0.19,17.82,0.3,0.98,,,,,22.45,93.0,,268.5,,,,713.25,
2024-10-06 06:00:00,16.5,24.0,1.35,7.75,5.2,11.15,8.88,0.25,18.27,0.22,0.82,,,,,22.55,93.0,,248.25,,,,714.0,
2024-10-06 07:00:00,15.0,24.0,1.5,6.8,4.82,11.4,8.0,0.3,17.32,0.2,0.68,,,,,22.6,93.0,,232.5,,,,715.0,
2024-10-06 08:00:00,19.0,24.0,1.5,6.7,4.78,11.68,7.78,0.34,18.22,0.2,0.65,,,,,22.88,92.75,,228.25,,,,715.5,
2024-10-06 09:00:00,19.0,24.0,1.48,6.88,4.85,11.78,9.4,0.36,19.14,0.28,0.9,,,,,23.7,91.25,,220.5,,,,716.0,
2024-10-06 10:00:00,35.0,55.0,1.2,7.42,4.92,12.65,9.15,0.7,20.35,0.28,0.88,,,,,25.15,81.25,,216.5,,,,715.75,
2024-10-06 11:00:00,36.25,55.75,1.27,7.62,5.1,12.85,9.62,0.61,21.39,0.28,0.9,,,,,26.28,65.75,,224.75,,,,715.0,
2024-10-06 12:00:00,38.75,59.0,1.42,7.9,5.38,12.52,10.2,0.33,19.08,0.3,1.0,,,,,26.75,60.5,,187.25,,,,713.75,
2024-10-06 13:00:00,33.25,60.75,1.27,8.0,5.28,13.2,9.95,0.37,21.09,0.3,0.98,,,,,27.28,54.0,,175.25,,,,712.5,
2024-10-06 14:00:00,28.25,60.5,1.35,8.35,5.55,13.7,9.78,0.46,19.72,0.28,0.92,,,,,27.67,50.5,,204.5,,,,711.75,
2024-10-06 15:00:00,30.5,69.75,1.4,8.82,5.82,12.38,9.55,0.3,19.16,0.28,0.9,,,,,27.8,50.0,,192.0,,,,711.0,
2024-10-06 16:00:00,33.75,64.0,1.27,9.32,6.0,12.15,9.55,0.52,18.52,0.28,0.9,,,,,27.28,53.25,,198.0,,,,711.0,
2024-10-06 17:00:00,31.25,60.5,1.18,8.9,5.72,12.42,9.43,0.54,18.97,0.28,0.88,,,,,26.05,59.5,,208.25,,,,711.75,
2024-10-06 18:00:00,35.0,69.75,1.3,9.2,5.95,13.78,9.45,0.57,17.93,0.28,0.88,,,,,25.02,67.5,,199.25,,,,712.75,
2024-10-06 19:00:00,38.25,81.0,1.18,9.57,6.08,14.45,10.92,0.81,18.79,0.32,1.08,,,,,24.78,69.75,,203.25,,,,714.0,
2024-10-06 20:00:00,48.0,98.25,1.2,10.2,6.4,13.38,11.45,0.7,17.84,0.32,1.12,,,,,24.58,70.75,,182.5,,,,714.5,
2024-10-06 21:00:00,50.25,98.5,1.27,10.2,6.45,13.3,12.3,0.7,18.44,0.4,1.25,,,,,24.32,72.0,,161.75,,,,715.0,
2024-10-06 22:00:00,55.5,104.25,1.32,9.95,6.38,12.2,11.32,0.5,17.27,0.32,1.12,,,,,24.1,76.5,,183.5,,,,715.0,
2024-10-06 23:00:00,50.25,95.75,1.3,9.12,5.88,11.72,10.35,0.36,16.95,0.3,1.0,,,,,23.85,78.75,,255.5,,,,715.0,
2024-10-07 00:00:00,49.75,84.25,1.25,8.57,5.55,11.55,9.2,0.28,17.73,0.22,0.82,,,,,23.78,79.75,,202.75,,,,714.25,
2024-10-07 01:00:00,53.0,74.25,1.35,8.0,5.35,11.22,8.17,0.2,16.58,0.2,0.73,,,,,23.7,81.5,,34.0,,,,714.0,
2024-10-07 02:00:00,46.5,61.75,1.23,8.15,5.32,11.2,7.18,0.2,19.04,0.2,0.6,,,,,23.6,82.75,,71.75,,,,714.0,
2024-10-07 03:00:00,45.0,67.25,1.25,8.25,5.38,11.0,7.88,0.16,20.39,0.2,0.7,,,,,23.35,84.25,,49.0,,,,713.5,
2024-10-07 04:00:00,48.0,68.5,1.25,8.3,5.45,10.95,8.25,0.17,18.69,0.2,0.72,,,,,23.15,85.75,,135.25,,,,714.0,
2024-10-07 05:00:00,57.0,75.25,1.18,8.2,5.28,11.68,7.95,0.24,18.19,0.2,0.68,,,,,23.2,86.0,,273.5,,,,714.0,
2024-10-07 06:00:00,59.25,91.25,1.1,8.12,5.22,12.2,8.02,0.36,18.4,0.2,0.7,,,,,23.32,86.25,,263.0,,,,714.75,
2024-10-07 07:00:00,66.75,98.75,1.1,8.1,5.2,13.2,8.52,0.56,17.78,0.2,0.78,,,,,23.62,86.0,,129.75,,,,715.25,
2024-10-07 08:00:00,67.75,117.0,1.35,8.38,5.52,14.0,9.0,0.74,18.65,0.25,0.85,,,,,24.35,78.75,,195.25,,,,716.0,
2024-10-07 09:00:00,61.75,111.5,1.32,9.25,5.98,14.62,9.95,1.07,19.66,0.28,0.95,,,,,25.42,66.25,,175.5,,,,716.0,
2024-10-07 10:00:00,53.25,109.75,1.27,9.52,6.12,13.78,10.88,0.84,18.78,0.32,1.05,,,,,26.58,54.25,,134.75,,,,716.0,
2024-10-07 11:00:00,47.75,99.75,1.4,9.5,6.18,13.62,11.0,0.64,17.78,0.3,1.1,,,,,27.12,51.5,,178.25,,,,715.75,
2024-10-07 12:00:00,45.75,96.75,1.35,9.98,6.42,13.28,10.52,0.31,18.69,0.3,1.02,,,,,27.68,48.25,,163.5,,,,714.75,
2024-10-07 13:00:00,43.0,89.25,1.25,9.65,6.12,13.32,9.82,0.28,17.68,0.3,0.92,,,,,28.22,44.5,,153.0,,,,713.5,
2024-10-07 14:00:00,44.75,86.75,1.25,10.15,6.4,12.78,9.43,0.24,18.17,0.3,0.9,,,,,27.92,45.75,,147.5,,,,712.75,
2024-10-07 15:00:00,44.0,86.75,1.38,10.5,6.72,12.22,8.75,0.2,18.0,0.22,0.82,,,,,27.4,50.5,,166.5,,,,712.0,
2024-10-07 16:00:00,51.75,91.25,1.4,10.35,6.62,12.05,8.65,0.5,18.5,0.2,0.8,,,,,26.22,58.75,,143.75,,,,712.75,
2024-10-07 17:00:00,46.75,92.75,1.3,10.58,6.7,12.4,9.4,0.61,18.61,0.28,0.88,,,,,25.5,61.75,,136.25,,,,713.0,
2024-10-07 18:00:00,46.5,81.0,1.4,10.73,6.82,13.72,10.28,0.88,18.16,0.3,1.0,,,,,24.72,70.25,,141.25,,,,713.5,
2024-10-07 19:00:00,51.5,87.0,1.32,11.9,7.42,13.32,11.65,0.84,18.44,0.35,1.18,,,,,24.2,75.25,,173.0,,,,714.5,
2024-10-07 20:00:00,33.0,62.0,1.32,10.82,6.85,12.0,10.55,0.48,17.19,0.3,1.05,,,,,23.42,81.75,,145.0,,,,715.75,
2024-10-07 21:00:00,28.0,40.25,1.2,10.42,6.55,12.18,9.88,0.58,17.1,0.3,0.92,,,,,23.12,88.5,,112.0,,,,716.0,
2024-10-07 22:00:00,31.0,38.0,1.25,9.45,6.02,11.32,9.38,0.32,18.37,0.3,0.9,,,,,22.98,89.25,,136.25,,,,716.0,
2024-10-07 23:00:00,27.0,30.0,1.3,9.02,5.85,11.15,7.95,0.27,17.9,0.2,0.68,,,,,22.95,90.0,,136.5,,,,716.0,
2024-10-08 00:00:00,26.0,30.5,1.3,8.62,5.65,11.02,7.75,0.26,17.9,0.2,0.68,,,,,22.98,89.5,,129.0,,,,715.0,
2024-10-08 01:00:00,22.5,29.75,1.3,8.07,5.35,10.75,7.8,0.22,19.01,0.2,0.67,,,,,23.08,88.5,,161.75,,,,715.0,
2024-10-08 02:00:00,21.0,23.0,1.2,8.18,5.32,10.75,8.02,0.18,18.76,0.2,0.7,,,,,23.1,87.5,,162.0,,,,715.0,
2024-10-08 03:00:00,,,1.25,8.1,5.3,10.72,7.5,0.17,18.75,0.2,0.62,,,,,23.08,87.0,,191.75,,,,714.5,
2024-10-08 04:00:00,30.0,34.0,1.02,8.2,5.2,10.78,7.88,0.15,18.57,0.2,0.7,,,,,23.1,87.0,,195.5,,,,714.0,
2024-10-08 05:00:00,29.75,34.25,1.23,8.0,5.28,10.82,6.95,0.17,19.02,0.2,0.57,,,,,23.12,86.5,,204.75,,,,714.75,
2024-10-08 06:00:00,28.25,35.5,1.4,7.75,5.25,11.45,7.3,0.32,18.6,0.2,0.6,,,,,23.02,86.25,,220.0,,,,715.25,
2024-10-08 07:00:00,27.25,38.75,1.25,7.52,5.0,11.98,6.98,0.4,18.37,0.2,0.55,,,,,23.38,84.25,,211.25,,,,716.0,
2024-10-08 08:00:00,30.5,43.75,1.3,7.42,5.03,12.32,7.65,0.49,18.37,0.2,0.65,,,,,24.22,76.0,,202.75,,,,716.25,
2024-10-08 09:00:00,30.5,48.0,1.2,8.05,5.25,12.52,8.48,0.71,17.99,0.22,0.78,,,,,25.15,70.0,,182.0,,,,717.0,
2024-10-08 10:00:00,35.75,63.5,1.5,8.3,5.62,12.82,8.45,0.74,19.53,0.2,0.75,,,,,26.28,62.75,,179.5,,,,716.25,
2024-10-08 11:00:00,35.5,62.0,1.3,8.38,5.52,12.08,8.43,0.49,18.23,0.2,0.78,,,,,26.3,62.5,,208.0,,,,715.75,
2024-10-08 12:00:00,30.0,54.5,1.35,8.0,5.32,12.02,7.82,0.36,19.03,0.2,0.65,,,,,26.92,59.0,,163.0,,,,714.75,
2024-10-08 13:00:00,35.75,57.0,1.35,8.22,5.48,12.1,8.05,0.41,18.48,0.2,0.7,,,,,27.02,57.0,,175.75,,,,713.75,
2024-10-08 14:00:00,34.75,52.0,1.25,8.4,5.48,12.3,8.7,0.44,17.22,0.2,0.78,,,,,27.65,52.75,,190.5,,,,712.5,
2024-10-08 15:00:00,32.5,55.75,1.3,8.75,5.68,12.28,8.6,0.47,18.87,0.2,0.78,,,,,27.48,52.5,,165.0,,,,712.0,
2024-10-08 16:00:00,28.75,57.75,1.25,8.7,5.65,12.08,7.98,0.46,18.65,0.2,0.7,,,,,26.58,56.75,,179.25,,,,712.0,
2024-10-08 17:00:00,30.5,61.25,1.2,8.82,5.65,12.22,8.72,0.47,16.86,0.2,0.8,,,,,25.8,61.0,,195.0,,,,713.0,
2024-10-08 18:00:00,29.0,73.5,1.25,8.82,5.7,12.08,9.7,0.44,17.89,0.3,0.9,,,,,25.25,67.25,,220.0,,,,713.5,
2024-10-08 19:00:00,31.25,72.25,1.1,8.95,5.65,12.35,10.15,0.57,17.73,0.3,0.98,,,,,24.88,71.75,,188.25,,,,714.0,
2024-10-08 20:00:00,37.25,68.0,1.27,9.45,6.02,12.55,10.68,0.65,17.51,0.3,1.03,,,,,24.45,77.0,,146.5,,,,715.0,
2024-10-08 21:00:00,33.75,54.25,1.12,9.28,5.88,11.8,9.75,0.5,19.44,0.3,0.9,,,,,24.18,80.0,,153.25,,,,716.0,
2024-10-08 22:00:00,28.75,56.75,1.18,8.88,5.68,11.45,10.5,0.34,18.37,0.3,1.0,,,,,24.02,80.0,,159.0,,,,715.25,
2024-10-08 23:00:00,25.75,50.0,1.5,8.3,5.6,11.2,9.22,0.27,17.89,0.25,0.85,,,,,23.95,81.0,,198.5,,,,715.0,
2024-10-09 00:00:00,28.5,43.0,1.23,8.0,5.28,11.05,9.3,0.26,18.49,0.28,0.88,,,,,23.9,82.0,,172.75,,,,714.5,
2024-10-09 01:00:00,29.5,44.5,1.3,7.45,4.97,11.08,8.7,0.26,17.13,0.2,0.77,,,,,23.48,84.25,,168.5,,,,714.0,
2024-10-09 02:00:00,28.0,31.0,1.5,7.28,5.1,10.85,9.38,0.22,19.26,0.28,0.88,,,,,23.22,86.5,,184.25,,,,714.0,
2024-10-09 03:00:00,18.0,29.0,1.27,7.35,5.0,10.95,9.57,0.22,19.54,0.28,0.9,,,,,23.2,86.0,,188.0,,,,713.25,
2024-10-09 04:00:00,19.5,28.75,1.42,7.28,5.0,11.15,9.32,0.24,18.56,0.28,0.88,,,,,23.08,86.0,,196.25,,,,713.0,
2024-10-09 05:00:00,23.25,28.75,1.12,7.25,4.75,11.5,9.95,0.25,18.4,0.3,0.98,,,,,23.05,85.5,,139.75,,,,713.25,
2024-10-09 06:00:00,22.0,34.75,1.2,7.22,4.82,11.88,9.25,0.31,18.26,0.25,0.88,,,,,23.08,85.0,,181.25,,,,714.0,
2024-10-09 07:00:00,24.25,47.0,1.23,7.08,4.78,12.6,9.3,0.45,18.45,0.25,0.88,,,,,23.28,83.25,,145.5,,,,714.5,
2024-10-09 08:00:00,23.75,50.25,1.18,7.7,5.03,12.72,10.68,0.57,18.34,0.3,1.05,,,,,23.88,78.5,,160.5,,,,715.0,
2024-10-09 09:00:00,29.5,53.0,1.18,7.72,5.1,12.42,11.95,0.61,17.27,0.38,1.18,,,,,25.12,69.75,,133.0,,,,715.5,
2024-10-09 10:00:00,30.75,57.5,1.32,7.62,5.15,12.45,11.4,0.53,19.35,0.3,1.12,,,,,25.92,63.25,,160.75,,,,715.0,
2024-10-09 11:00:00,27.75,49.75,1.18,7.6,5.0,12.1,10.9,0.42,18.9,0.3,1.08,,,,,26.15,60.0,,201.75,,,,714.25,
2024-10-09 12:00:00,20.0,36.5,1.23,7.4,4.9,11.85,10.8,0.31,18.54,0.3,1.08,,,,,26.32,58.5,,182.0,,,,713.5,
2024-10-09 13:00:00,16.0,25.25,1.27,7.35,4.95,11.68,10.38,0.3,18.5,0.3,1.0,,,,,26.7,56.25,,199.5,,,,712.25,
2024-10-09 14:00:00,14.75,28.0,1.2,7.25,4.8,12.38,10.58,0.42,17.34,0.3,1.02,,,,,27.82,51.5,,164.25,,,,711.0,
2024-10-09 15:00:00,19.0,45.25,1.23,7.52,5.0,12.18,10.6,0.45,17.85,0.3,1.02,,,,,27.32,53.5,,175.25,,,,710.5,
2024-10-09 16:00:00,18.5,52.25,1.12,8.18,5.28,12.45,10.48,0.52,19.07,0.3,1.03,,,,,26.9,55.5,,142.0,,,,710.0,
2024-10-09 17:00:00,25.0,57.25,1.2,8.2,5.3,12.68,11.45,0.69,17.98,0.35,1.15,,,,,26.45,57.75,,191.75,,,,710.75,
2024-10-09 18:00:00,23.5,68.5,1.32,8.22,5.43,12.05,11.28,0.37,18.02,0.32,1.15,,,,,25.08,68.5,,208.0,,,,711.75,
2024-10-09 19:00:00,25.75,62.75,1.4,8.18,5.52,12.18,11.82,0.48,18.3,0.38,1.2,,,,,24.8,72.0,,201.25,,,,712.5,
2024-10-09 20:00:00,21.5,61.25,1.32,8.35,5.48,11.9,12.0,0.46,18.48,0.35,1.2,,,,,24.6,74.75,,190.25,,,,713.0,
2024-10-09 21:00:00,29.75,63.0,1.32,8.18,5.43,11.7,11.5,0.38,18.77,0.32,1.15,,,,,24.45,75.75,,208.25,,,,713.75,
2024-10-09 22:00:00,30.75,47.0,1.23,8.02,5.28,11.35,11.05,0.26,17.92,0.3,1.1,,,,,24.45,76.0,,186.75,,,,714.0,
2024-10-09 23:00:00,25.75,41.5,1.25,7.8,5.15,11.18,10.7,0.19,18.36,0.3,1.05,,,,,24.1,80.0,,202.25,,,,713.75,
2024-10-10 00:00:00,20.0,33.0,1.18,7.72,5.05,11.02,10.85,0.25,19.01,0.3,1.08,,,,,23.88,82.0,,207.0,,,,713.0,
2024-10-10 01:00:00,15.75,28.5,1.2,7.4,4.93,11.08,7.07,0.26,18.64,0.17,0.57,,,,,23.62,83.0,,187.5,,,,712.0,
2024-10-10 02:00:00,21.25,25.25,1.18,7.15,4.75,11.25,5.1,0.25,18.48,0.1,0.3,,,,,23.5,84.0,,196.75,,,,712.0,
2024-10-10 03:00:00,22.0,29.0,1.25,7.2,4.85,11.15,4.3,0.24,19.59,0.1,0.22,,,,,23.48,84.0,,188.75,,,,711.25,
2024-10-10 04:00:00,31.0,39.0,1.27,7.15,4.85,11.1,3.38,0.25,18.08,,0.1,,,,,23.35,84.75,,199.25,,,,711.75,
2024-10-10 05:00:00,31.0,39.0,1.55,6.65,4.8,11.28,2.95,0.25,18.65,,0.1,,,,,22.92,88.0,,206.5,,,,712.0,
2024-10-10 06:00:00,13.0,16.0,1.38,6.68,4.7,11.4,3.55,0.28,18.24,0.1,0.12,,,,,22.9,89.25,,204.5,,,,712.75,
2024-10-10 07:00:00,13.0,17.5,1.32,6.7,4.65,11.8,3.42,0.38,17.5,0.1,0.2,,,,,23.08,90.0,,200.25,,,,713.25,
2024-10-10 08:00:00,13.25,23.0,1.23,6.75,4.62,11.92,3.42,0.4,19.02,0.1,0.13,,,,,23.55,87.25,,213.75,,,,714.0,
2024-10-10 09:00:00,16.25,29.5,1.23,6.8,4.6,12.28,3.25,0.64,19.04,,0.1,,,,,24.88,74.0,,186.25,,,,714.0,
2024-10-10 10:00:00,23.0,41.5,1.02,7.0,4.57,12.5,4.85,0.6,17.85,0.1,0.28,,,,,25.82,65.75,,178.75,,,,714.0,
2024-10-10 11:00:00,23.25,46.5,1.32,6.65,4.62,12.38,5.42,0.5,19.14,0.1,0.35,,,,,26.35,62.25,,200.75,,,,713.0,
2024-10-10 12:00:00,24.75,47.5,1.15,6.88,4.6,12.18,4.65,0.32,19.41,0.1,0.28,,,,,26.5,60.0,,197.0,,,,711.75,
2024-10-10 13:00:00,26.0,47.25,1.35,6.82,4.7,12.18,4.42,0.38,18.74,0.1,0.25,,,,,26.58,59.75,,213.25,,,,710.5,
2024-10-10 14:00:00,24.0,51.5,1.02,6.98,4.55,11.98,4.15,0.34,16.2,0.1,0.2,,,,,25.82,65.0,,192.75,,,,710.0,
2024-10-10 15:00:00,26.5,47.5,1.3,6.9,4.75,11.45,4.2,0.24,19.11,0.1,0.2,,,,,25.28,69.25,,197.25,,,,709.25,
2024-10-10 16:00:00,26.5,36.75,1.45,6.45,4.6,11.62,3.7,0.27,12.56,0.1,0.18,,,,,26.38,62.5,,191.25,,,,709.0,
2024-10-10 17:00:00,32.25,52.75,1.32,6.98,4.78,12.5,4.58,0.6,15.8,0.1,0.28,,,,,24.55,82.25,,230.0,,,,710.0,
2024-10-10 18:00:00,34.0,51.5,1.08,6.95,4.55,12.4,5.35,0.38,19.74,0.1,0.32,,,,,24.35,79.75,,230.0,,,,710.5,
2024-10-10 19:00:00,28.75,56.25,1.12,6.7,4.5,12.3,5.2,0.39,20.12,0.1,0.3,,,,,24.48,77.0,,210.25,,,,711.5,
2024-10-10 20:00:00,31.25,49.5,1.2,6.6,4.5,12.12,5.08,0.35,18.92,0.1,0.35,,,,,24.25,77.0,,197.25,,,,712.25,
2024-10-10 21:00:00,27.25,47.75,1.18,6.5,4.42,11.72,5.28,0.15,18.25,0.1,0.32,,,,,23.75,82.0,,203.0,,,,713.0,
2024-10-10 22:00:00,13.0,29.0,1.35,6.3,4.43,11.45,4.92,0.09,18.71,0.1,0.32,,,,,23.4,85.5,,204.25,,,,713.0,
2024-10-10 23:00:00,,,1.25,6.2,4.3,11.48,4.72,0.08,18.43,0.1,0.28,,,,,23.38,86.0,,202.0,,,,713.0,
2024-10-11 00:00:00,,,1.1,5.9,4.03,11.42,4.58,0.28,18.34,0.1,0.28,,,,,23.15,87.25,,209.5,,,,712.25,
2024-10-11 01:00:00,9.0,11.0,1.2,5.75,4.03,11.42,7.17,0.28,18.66,0.17,0.6,,,,,22.98,88.0,,209.75,,,,712.0,
2024-10-11 02:00:00,9.0,11.0,1.35,5.6,4.1,11.52,7.75,0.31,18.18,0.2,0.65,,,,,22.88,89.25,,255.75,,,,711.25,
2024-10-11 03:00:00,,,1.4,5.88,4.22,11.55,8.4,0.3,19.02,0.2,0.78,,,,,22.95,90.0,,256.25,,,,711.0,
2024-10-11 04:00:00,,,1.5,5.75,4.28,11.58,8.07,0.31,18.55,0.2,0.7,,,,,22.88,90.75,,207.75,,,,711.0,
2024-10-11 05:00:00,,,1.23,5.78,4.03,11.75,9.02,0.37,17.9,0.22,0.82,,,,,22.78,91.0,,213.25,,,,711.0,
2024-10-11 06:00:00,20.0,23.0,1.1,5.85,4.0,11.68,8.88,0.3,17.99,0.22,0.82,,,,,22.78,92.0,,180.25,,,,712.0,
2024-10-11 07:00:00,23.25,26.0,1.32,5.78,4.15,12.1,9.12,0.42,17.78,0.25,0.85,,,,,23.1,91.25,,151.5,,,,713.0,
2024-10-11 08:00:00,36.25,41.0,1.4,5.55,4.1,12.35,9.43,0.55,19.12,0.25,0.85,,,,,23.6,90.0,,195.75,,,,713.75,
2024-10-11 09:00:00,45.5,59.25,1.38,5.6,4.12,12.38,9.62,0.53,19.08,0.3,0.9,,,,,24.45,84.0,,175.75,,,,714.0,
2024-10-11 10:00:00,42.75,58.0,1.38,5.58,4.1,12.18,10.1,0.44,21.69,0.3,0.98,,,,,25.38,70.0,,150.0,,,,713.75,
2024-10-11 11:00:00,38.25,50.25,1.42,5.38,4.0,12.32,10.52,0.45,15.66,0.3,1.03,,,,,26.05,64.5,,185.5,,,,712.75,
2024-10-11 12:00:00,36.25,48.75,1.3,5.5,4.0,12.15,9.5,0.34,20.98,0.28,0.88,,,,,26.35,62.25,,186.0,,,,711.75,
2024-10-11 13:00:00,38.0,61.0,1.27,5.5,3.97,12.42,10.07,0.5,21.01,0.28,0.95,,,,,26.9,58.5,,180.0,,,,711.0,
2024-10-11 14:00:00,43.75,66.25,1.2,5.48,3.88,12.32,10.18,0.52,16.65,0.3,1.0,,,,,26.3,62.0,,164.25,,,,710.0,
2024-10-11 15:00:00,51.25,72.25,1.4,5.48,4.08,12.2,9.72,0.44,19.17,0.3,0.9,,,,,26.88,59.75,,167.25,,,,709.25,
2024-10-11 16:00:00,46.0,67.0,1.32,5.48,3.98,12.1,10.45,0.4,18.76,0.3,1.0,,,,,27.02,57.5,,172.0,,,,709.25,
2024-10-11 17:00:00,36.5,58.5,1.23,5.4,3.85,12.28,10.05,0.45,19.86,0.28,0.95,,,,,26.18,63.75,,175.25,,,,710.0,
2024-10-11 18:00:00,35.75,59.75,1.35,5.65,4.1,12.68,10.02,0.57,18.84,0.28,0.95,,,,,25.1,71.25,,193.0,,,,711.0,
2024-10-11 19:00:00,37.5,55.25,1.45,5.6,4.15,12.65,10.48,0.56,17.32,0.3,1.0,,,,,24.65,75.25,,157.0,,,,712.25,
2024-10-11 20:00:00,33.0,42.25,1.58,5.45,4.2,12.4,10.85,0.45,18.61,0.3,1.08,,,,,24.22,78.5,,169.5,,,,713.0,
2024-10-11 21:00:00,21.75,34.0,1.25,5.48,3.92,12.1,10.3,0.31,18.71,0.3,1.0,,,,,24.0,80.75,,176.75,,,,713.0,
2024-10-11 22:00:00,15.0,25.0,1.35,5.68,4.1,12.0,9.88,0.34,17.67,0.3,0.92,,,,,23.8,83.5,,158.25,,,,713.0,
2024-10-11 23:00:00,,,1.2,5.52,3.92,11.85,10.18,0.23,18.86,0.3,1.0,,,,,23.4,87.75,,158.0,,,,713.0,
2024-10-12 00:00:00,,,1.3,5.25,3.85,11.72,9.75,0.3,18.85,0.3,0.9,,,,,23.3,88.5,,149.75,,,,712.75,
2024-10-12 01:00:00,,,1.45,4.88,3.8,11.78,7.97,0.27,19.24,0.2,0.67,,,,,23.1,89.5,,192.75,,,,712.0,
2024-10-12 02:00:00,,,1.12,5.08,3.62,11.82,6.18,0.25,18.97,0.12,0.45,,,,,22.92,89.75,,138.75,,,,712.0,
2024-10-12 03:00:00,,,1.25,4.9,3.6,11.72,6.0,0.23,18.88,0.1,0.48,,,,,22.8,89.0,,181.0,,,,712.0,
2024-10-12 04:00:00,9.0,14.0,1.35,5.0,3.78,11.72,5.7,0.24,18.9,0.1,0.4,,,,,22.78,88.5,,173.25,,,,712.0,
2024-10-12 05:00:00,10.25,14.5,1.48,4.97,3.82,11.8,5.3,0.26,18.72,0.1,0.35,,,,,22.72,88.25,,203.75,,,,712.5,
2024-10-12 06:00:00,15.5,18.75,1.4,4.82,3.7,12.05,5.78,0.34,18.58,0.1,0.4,,,,,22.95,87.75,,150.75,,,,713.25,
2024-10-12 07:00:00,19.25,28.25,1.42,4.72,3.68,12.3,6.08,0.44,18.8,0.1,0.45,,,,,23.15,86.75,,212.25,,,,714.0,
2024-10-12 08:00:00,19.5,31.75,1.48,4.62,3.68,12.25,6.58,0.41,19.12,0.15,0.5,,,,,23.85,82.0,,180.75,,,,715.0,
2024-10-12 09:00:00,26.25,34.0,1.42,4.78,3.7,12.05,8.05,0.39,18.88,0.2,0.72,,,,,24.55,74.75,,185.75,,,,715.0,
2024-10-12 10:00:00,24.0,39.5,1.32,4.95,3.68,12.3,8.65,0.46,18.1,0.2,0.8,,,,,25.42,67.75,,159.75,,,,715.0,
2024-10-12 11:00:00,24.75,31.5,1.35,4.88,3.7,12.62,9.05,0.52,21.44,0.25,0.85,,,,,26.2,63.5,,139.0,,,,714.0,
2024-10-12 12:00:00,24.5,39.75,1.12,5.08,3.6,12.8,8.65,0.35,18.0,0.2,0.78,,,,,26.67,60.0,,165.5,,,,712.75,
2024-10-12 13:00:00,20.5,42.25,1.32,5.03,3.75,12.8,9.18,0.4,15.34,0.25,0.85,,,,,26.6,61.5,,162.75,,,,712.0,
2024-10-12 14:00:00,27.0,36.5,1.48,5.35,4.08,12.5,8.98,0.37,21.84,0.22,0.82,,,,,26.48,68.0,,183.5,,,,711.25,
2024-10-12 15:00:00,15.0,17.0,1.32,5.03,3.72,12.38,8.57,0.27,13.04,0.2,0.78,,,,,24.75,77.75,,131.5,,,,711.0,
2024-10-12 16:00:00,8.0,23.0,1.48,5.25,3.97,12.28,8.5,0.37,21.41,0.2,0.8,,,,,24.8,82.5,,217.25,,,,711.0,
2024-10-12 17:00:00,8.0,23.75,1.35,5.48,4.0,12.58,8.8,0.56,21.24,0.2,0.8,,,,,25.02,74.25,,229.25,,,,711.5,
2024-10-12 18:00:00,10.0,25.25,1.38,5.28,3.9,12.72,9.15,0.47,17.33,0.28,0.88,,,,,23.92,81.25,,244.75,,,,712.25,
2024-10-12 19:00:00,15.75,26.0,1.35,5.48,4.03,12.75,9.7,0.58,17.77,0.3,0.92,,,,,23.6,87.0,,194.0,,,,713.25,
2024-10-12 20:00:00,16.25,33.5,1.25,5.38,3.88,12.48,9.9,0.4,18.63,0.3,0.9,,,,,23.55,88.0,,158.0,,,,714.0,
2024-10-12 21:00:00,19.25,27.75,1.15,5.22,3.68,12.35,9.8,0.36,18.96,0.3,0.92,,,,,23.42,88.0,,166.75,,,,714.75,
2024-10-12 22:00:00,17.0,24.0,1.3,5.05,3.75,12.32,9.78,0.3,18.62,0.28,0.9,,,,,23.38,88.0,,193.0,,,,714.5,
2024-10-12 23:00:00,12.0,18.0,1.03,4.92,3.42,12.2,8.1,0.19,18.89,0.2,0.7,,,,,23.4,88.0,,182.75,,,,714.0,
2024-10-13 00:00:00,11.25,16.75,1.15,5.03,3.58,12.02,8.65,0.27,19.23,0.2,0.78,,,,,23.4,87.25,,129.75,,,,713.5,
2024-10-13 01:00:00,8.5,12.25,1.32,5.1,3.82,11.92,8.73,0.25,19.24,0.23,0.83,,,,,23.45,86.75,,114.5,,,,713.0,
2024-10-13 02:00:00,7.25,10.25,1.25,4.55,3.45,11.92,8.43,0.22,18.61,0.2,0.75,,,,,23.4,85.5,,163.25,,,,713.0,
2024-10-13 03:00:00,8.0,11.0,1.0,4.62,3.25,11.9,8.62,0.2,18.71,0.2,0.8,,,,,23.22,85.5,,193.75,,,,712.75,
2024-10-13 04:00:00,,,1.0,4.78,3.35,11.85,7.68,0.2,18.34,0.2,0.62,,,,,23.12,86.5,,161.5,,,,712.75,
2024-10-13 05:00:00,5.0,15.0,1.25,4.72,3.52,11.98,7.58,0.22,19.0,0.2,0.62,,,,,23.05,86.75,,177.75,,,,713.0,
2024-10-13 06:00:00,6.0,14.0,1.38,4.72,3.58,12.1,8.05,0.26,18.46,0.2,0.7,,,,,22.92,87.0,,135.0,,,,713.5,
2024-10-13 07:00:00,9.0,12.0,1.4,4.35,3.42,12.15,6.92,0.29,17.45,0.18,0.55,,,,,23.22,85.75,,177.25,,,,714.0,
2024-10-13 08:00:00,9.5,16.75,1.35,4.43,3.48,12.3,7.38,0.4,18.16,0.2,0.6,,,,,23.68,82.5,,167.75,,,,714.75,
2024-10-13 09:00:00,12.5,25.5,1.3,4.55,3.5,12.48,8.95,0.51,17.83,0.22,0.82,,,,,24.25,78.5,,144.5,,,,715.0,
2024-10-13 10:00:00,17.0,36.0,1.32,4.75,3.6,12.6,8.68,0.6,18.0,0.2,0.8,,,,,25.1,72.5,,156.25,,,,715.0,
2024-10-13 11:00:00,15.0,34.5,1.27,4.78,3.6,12.48,9.12,0.49,19.19,0.25,0.85,,,,,24.75,77.0,,202.5,,,,714.0,
2024-10-13 12:00:00,10.0,28.75,1.35,4.82,3.68,12.4,9.12,0.32,19.68,0.25,0.85,,,,,25.2,76.5,,181.25,,,,713.25,
2024-10-13 13:00:00,12.5,23.25,1.18,4.95,3.62,12.52,9.1,0.25,19.7,0.25,0.82,,,,,27.08,60.5,,156.25,,,,712.25,
2024-10-13 14:00:00,10.75,18.5,1.0,4.78,3.38,12.7,9.9,0.29,16.54,0.3,0.95,,,,,27.82,54.5,,155.25,,,,711.25,
2024-10-13 15:00:00,10.25,21.0,1.12,4.88,3.5,12.48,9.6,0.25,17.36,0.25,0.9,,,,,25.95,65.5,,198.0,,,,711.0,
2024-10-13 16:00:00,10.5,21.5,1.1,4.92,3.52,12.3,8.12,0.25,20.23,0.2,0.7,,,,,24.7,80.0,,211.5,,,,711.0,
2024-10-13 17:00:00,9.75,15.25,1.4,5.1,3.85,12.6,9.0,0.47,18.11,0.2,0.8,,,,,24.4,78.75,,246.25,,,,712.0,
2024-10-13 18:00:00,11.75,23.75,1.3,5.12,3.78,12.65,9.68,0.38,19.78,0.28,0.88,,,,,24.15,81.25,,198.5,,,,712.25,
2024-10-13 19:00:00,11.5,35.75,1.23,5.05,3.68,12.48,9.95,0.34,18.53,0.3,0.92,,,,,24.18,79.25,,173.5,,,,713.0,
2024-10-13 20:00:00,11.75,28.5,1.27,4.75,3.58,12.45,9.9,0.32,18.69,0.3,0.92,,,,,23.82,82.25,,226.0,,,,714.0,
2024-10-13 21:00:00,9.25,26.25,1.35,4.82,3.62,12.42,10.22,0.31,19.3,0.3,1.0,,,,,23.52,83.75,,219.75,,,,714.0,
2024-10-13 22:00:00,13.0,23.5,1.15,4.62,3.42,12.28,9.1,0.17,17.94,0.25,0.85,,,,,23.42,83.75,,194.0,,,,714.0,
2024-10-13 23:00:00,11.5,20.75,1.12,4.65,3.4,12.1,9.5,0.17,18.21,0.3,0.9,,,,,23.38,84.75,,218.0,,,,714.0,
2024-10-14 00:00:00,7.0,17.0,1.25,4.32,3.28,12.08,9.0,0.25,18.27,0.2,0.8,,,,,23.4,86.0,,200.5,,,,713.5,
2024-10-14 01:00:00,,,1.27,4.35,3.35,12.0,9.2,0.24,19.18,0.27,0.87,,,,,23.3,86.0,,197.75,,,,713.0,
2024-10-14 02:00:00,,,1.12,4.4,3.28,12.0,9.88,0.22,18.2,0.3,0.92,,,,,23.25,86.0,,200.0,,,,713.0,
2024-10-14 03:00:00,,,1.27,4.25,3.28,11.92,9.32,0.2,19.21,0.25,0.85,,,,,22.7,88.25,,210.0,,,,713.0,
2024-10-14 04:00:00,3.0,9.0,1.3,4.15,3.28,11.98,9.3,0.2,18.36,0.3,0.9,,,,,22.52,90.5,,261.25,,,,713.0,
2024-10-14 05:00:00,3.0,9.0,1.15,4.38,3.25,12.2,9.32,0.26,18.64,0.25,0.88,,,,,22.5,92.0,,270.5,,,,713.0,
2024-10-14 06:00:00,,,1.18,4.53,3.38,12.25,10.25,0.32,18.14,0.3,0.98,,,,,22.6,93.0,,204.0,,,,714.0,
2024-10-14 07:00:00,15.0,21.0,1.1,4.62,3.32,12.95,10.3,0.63,17.74,0.3,0.98,,,,,22.7,93.0,,203.5,,,,715.0,
2024-10-14 08:00:00,18.5,23.5,1.1,5.1,3.58,13.35,12.08,0.88,17.57,0.35,1.23,,,,,22.98,93.0,,257.75,,,,716.0,
2024-10-14 09:00:00,28.5,31.0,1.23,5.15,3.72,13.25,13.2,1.02,18.95,0.4,1.4,,,,,23.15,93.0,,213.0,,,,716.0,
2024-10-14 10:00:00,25.25,30.0,1.38,5.2,3.9,13.3,13.88,0.98,18.93,0.4,1.42,,,,,23.05,92.75,,191.25,,,,715.5,
2024-10-14 11:00:00,19.75,26.25,1.32,5.15,3.82,13.38,14.5,0.93,19.03,0.4,1.52,,,,,23.28,91.75,,177.5,,,,714.5,
2024-10-14 12:00:00,18.0,25.0,1.3,5.3,3.92,13.2,13.1,0.38,19.04,0.4,1.38,,,,,24.38,87.5,,157.0,,,,713.25,
2024-10-14 13:00:00,14.5,31.0,1.15,5.38,3.78,13.15,14.18,0.42,19.26,0.4,1.5,,,,,25.22,69.75,,139.5,,,,712.5,
2024-10-14 14:00:00,13.25,38.75,1.2,5.35,3.85,13.02,13.35,0.4,19.43,0.4,1.4,,,,,25.3,66.25,,133.0,,,,712.0,
2024-10-14 15:00:00,13.25,35.0,1.32,5.03,3.75,13.1,12.25,0.32,19.09,0.38,1.25,,,,,24.82,67.5,,146.75,,,,711.0,
2024-10-14 16:00:00,13.25,39.0,1.1,5.28,3.72,13.38,13.12,0.41,18.74,0.4,1.35,,,,,24.32,71.5,,143.75,,,,711.0,
2024-10-14 17:00:00,19.25,53.5,1.38,5.45,4.0,13.75,14.42,0.64,19.14,0.4,1.52,,,,,23.6,74.75,,151.0,,,,711.5,
2024-10-14 18:00:00,17.0,59.0,1.2,5.82,4.1,13.75,14.92,0.72,18.29,0.43,1.58,,,,,23.35,74.75,,134.75,,,,712.0,
2024-10-14 19:00:00,17.0,49.5,1.27,5.62,4.03,13.45,14.98,0.56,18.37,0.43,1.6,,,,,23.15,77.5,,190.75,,,,712.75,
2024-10-14 20:00:00,17.0,39.75,1.25,5.4,3.9,13.05,13.52,0.38,17.54,0.4,1.42,,,,,22.92,80.25,,192.75,,,,713.75,
2024-10-14 21:00:00,15.75,39.75,1.23,5.52,3.92,12.85,13.78,0.37,17.92,0.4,1.48,,,,,22.92,82.5,,129.5,,,,714.0,
2024-10-14 22:00:00,13.25,30.5,1.32,5.1,3.78,12.48,13.5,0.32,18.07,0.4,1.4,,,,,22.88,83.75,,258.75,,,,715.0,
2024-10-14 23:00:00,14.75,20.75,1.2,4.92,3.6,12.25,12.82,0.26,18.55,0.4,1.32,,,,,22.6,87.25,,277.25,,,,714.5,
2024-10-15 00:00:00,8.5,13.25,1.18,4.8,3.5,12.12,11.95,0.3,18.19,0.38,1.2,,,,,22.5,89.5,,243.25,,,,714.0,
2024-10-15 01:00:00,9.0,11.0,1.18,4.65,3.42,12.15,8.53,0.23,19.04,0.23,0.73,,,,,22.35,90.75,,240.25,,,,712.75,
2024-10-15 02:00:00,5.75,9.75,1.38,4.35,3.42,12.0,6.9,0.17,18.69,0.18,0.57,,,,,22.28,92.0,,239.0,,,,712.0,
2024-10-15 03:00:00,5.0,6.0,1.2,4.4,3.35,12.1,6.1,0.17,18.6,0.12,0.45,,,,,22.35,92.75,,256.0,,,,712.0,
2024-10-15 04:00:00,,,1.4,4.28,3.42,12.05,6.95,0.16,18.92,0.18,0.57,,,,,22.4,93.0,,238.25,,,,712.0,
2024-10-15 05:00:00,,,1.23,4.45,3.38,12.12,6.6,0.18,18.14,0.15,0.52,,,,,22.38,93.0,,250.25,,,,712.0,
2024-10-15 06:00:00,,,1.32,4.38,3.4,12.27,7.25,0.32,18.21,0.2,0.6,,,,,22.35,93.0,,254.25,,,,713.0,
2024-10-15 07:00:00,,,1.15,4.42,3.28,12.4,6.9,0.37,18.45,0.18,0.55,,,,,22.38,93.25,,232.0,,,,713.75,
2024-10-15 08:00:00,,,1.2,4.42,3.32,12.65,6.4,0.5,18.39,0.15,0.48,,,,,22.35,94.0,,215.25,,,,714.5,
2024-10-15 09:00:00,9.0,11.0,1.23,4.47,3.38,12.7,6.85,0.52,18.61,0.2,0.57,,,,,22.4,94.0,,201.25,,,,715.0,
2024-10-15 10:00:00,7.75,10.75,1.18,4.45,3.32,12.68,7.25,0.48,18.14,0.2,0.6,,,,,22.38,94.0,,214.25,,,,715.0,
2024-10-15 11:00:00,4.0,10.0,1.1,4.42,3.28,12.55,6.98,0.44,19.44,0.2,0.57,,,,,22.35,94.0,,221.0,,,,714.0,
2024-10-15 12:00:00,3.0,6.0,1.38,4.12,3.3,12.4,7.12,0.26,18.68,0.2,0.6,,,,,22.48,93.5,,226.75,,,,713.25,
2024-10-15 13:00:00,3.5,6.25,1.2,4.15,3.18,12.35,6.18,0.27,19.56,0.1,0.48,,,,,22.4,93.0,,227.0,,,,712.25,
2024-10-15 14:00:00,5.0,7.0,1.45,4.2,3.42,12.38,5.85,0.29,20.05,0.1,0.45,,,,,22.48,93.0,,240.75,,,,711.75,
2024-10-15 15:00:00,,,1.23,4.2,3.28,12.4,6.1,0.3,18.32,0.12,0.48,,,,,22.32,93.5,,238.75,,,,711.25,
2024-10-15 16:00:00,,,1.4,4.03,3.3,12.52,6.25,0.34,18.42,0.15,0.45,,,,,22.32,93.75,,223.5,,,,712.0,
2024-10-15 17:00:00,9.0,12.0,1.3,4.25,3.32,12.82,6.92,0.58,18.52,0.18,0.57,,,,,22.32,93.5,,188.5,,,,712.75,
2024-10-15 18:00:00,9.5,13.5,1.32,4.42,3.45,12.98,7.48,0.42,18.53,0.2,0.65,,,,,22.25,94.0,,203.5,,,,713.0,
2024-10-15 19:00:00,13.0,18.75,1.23,4.7,3.48,13.08,7.92,0.6,18.27,0.2,0.68,,,,,22.32,93.75,,226.0,,,,713.5,
2024-10-15 20:00:00,18.5,21.75,1.12,4.93,3.52,13.12,8.95,0.67,18.94,0.22,0.82,,,,,22.3,93.75,,234.25,,,,714.25,
2024-10-15 21:00:00,21.75,29.25,1.15,5.3,3.75,13.92,11.12,1.22,18.54,0.32,1.1,,,,,22.32,94.0,,168.0,,,,715.5,
2024-10-15 22:00:00,32.0,40.5,1.38,5.4,4.0,13.68,13.1,1.04,18.71,0.4,1.4,,,,,22.35,93.5,,239.25,,,,715.25,
2024-10-15 23:00:00,20.0,27.0,1.27,5.2,3.82,13.0,12.55,0.61,18.24,0.4,1.3,,,,,22.22,94.0,,278.0,,,,714.75,
2024-10-16 00:00:00,18.0,32.0,1.25,5.28,3.82,13.15,12.02,0.44,18.9,0.38,1.2,,,,,22.3,94.0,,232.5,,,,713.5,
2024-10-16 01:00:00,17.25,28.0,1.3,5.0,3.68,12.72,9.1,0.24,18.8,0.23,0.83,,,,,22.1,94.0,,237.75,,,,712.0,
2024-10-16 02:00:00,12.75,15.0,1.25,4.65,3.48,12.22,6.85,0.19,18.59,0.15,0.55,,,,,22.0,94.0,,258.0,,,,712.0,
2024-10-16 03:00:00,6.25,11.0,1.3,4.28,3.3,12.12,4.7,0.24,18.79,0.1,0.28,,,,,21.9,94.0,,214.5,,,,712.0,
2024-10-16 04:00:00,6.75,9.0,1.23,4.35,3.32,12.22,4.58,0.26,18.15,0.1,0.25,,,,,22.05,94.0,,195.0,,,,712.0,
2024-10-16 05:00:00,6.0,12.0,1.18,4.28,3.25,12.38,3.9,0.29,18.7,0.1,0.18,,,,,22.0,94.0,,249.75,,,,712.0,
2024-10-16 06:00:00,16.0,20.0,1.35,4.42,3.42,12.58,4.5,0.4,18.07,0.1,0.22,,,,,22.1,94.0,,320.75,,,,713.0,
2024-10-16 07:00:00,16.0,20.0,1.38,4.58,3.58,12.98,4.75,0.59,17.81,0.1,0.3,,,,,22.3,94.0,,219.75,,,,713.5,
2024-10-16 08:00:00,18.0,23.0,1.42,4.68,3.62,13.18,5.55,0.78,18.65,0.1,0.35,,,,,22.42,93.5,,208.5,,,,714.5,
2024-10-16 09:00:00,18.0,23.0,1.5,4.88,3.8,13.05,5.7,0.75,18.73,0.1,0.4,,,,,22.38,93.0,,246.5,,,,715.0,
2024-10-16 10:00:00,,,1.23,4.32,3.3,12.62,5.22,0.47,18.41,0.1,0.3,,,,,22.28,93.75,,224.5,,,,715.0,
2024-10-16 11:00:00,16.0,19.0,1.05,4.35,3.12,12.5,4.97,0.51,19.15,0.1,0.3,,,,,22.48,93.25,,240.5,,,,714.0,
2024-10-16 12:00:00,15.25,19.0,1.32,4.25,3.32,12.52,4.53,0.3,19.22,0.1,0.25,,,,,22.55,93.0,,239.5,,,,712.75,
2024-10-16 13:00:00,12.5,17.5,1.48,4.0,3.3,12.5,4.68,0.23,18.31,0.1,0.25,,,,,22.65,92.5,,231.25,,,,711.75,
2024-10-16 14:00:00,11.0,13.0,1.38,4.03,3.25,12.4,3.22,0.2,18.92,,0.1,,,,,22.88,92.0,,215.75,,,,711.0,
2024-10-16 15:00:00,,,1.3,4.0,3.18,12.48,3.22,0.22,18.69,,0.15,,,,,22.8,91.5,,245.25,,,,711.0,
2024-10-16 16:00:00,,,1.23,4.2,3.22,12.52,3.08,0.24,18.26,,0.13,,,,,22.88,91.25,,231.5,,,,710.25,
2024-10-16 17:00:00,19.0,22.0,1.2,4.15,3.18,12.62,3.47,0.4,18.31,,0.2,,,,,22.9,91.0,,247.25,,,,711.0,
2024-10-16 18:00:00,16.75,22.75,1.23,4.45,3.38,12.78,4.8,0.48,18.68,0.1,0.28,,,,,22.85,91.0,,267.75,,,,711.5,
2024-10-16 19:00:00,10.0,25.0,1.38,4.62,3.55,13.08,6.28,0.73,18.36,0.12,0.48,,,,,22.8,91.0,,229.5,,,,712.5,
2024-10-16 20:00:00,25.0,34.0,1.42,4.68,3.62,13.18,8.05,0.85,18.65,0.2,0.7,,,,,22.78,91.0,,239.0,,,,713.0,
2024-10-16 21:00:00,25.25,35.25,1.03,4.95,3.45,13.18,8.45,0.91,18.08,0.2,0.78,,,,,22.68,91.0,,241.25,,,,713.0,
2024-10-16 22:00:00,26.75,39.25,1.08,5.28,3.68,13.22,9.12,0.96,18.96,0.28,0.85,,,,,22.6,92.0,,220.0,,,,713.0,
2024-10-16 23:00:00,26.0,34.75,1.15,4.9,3.55,12.7,8.52,0.52,18.55,0.2,0.78,,,,,22.65,92.0,,227.25,,,,713.0,
2024-10-17 00:00:00,17.0,19.0,1.12,4.3,3.2,12.45,7.25,0.22,18.84,0.18,0.57,,,,,22.6,92.0,,253.25,,,,712.5,
2024-10-17 01:00:00,,,1.08,4.25,3.12,12.28,5.9,0.14,19.26,0.1,0.43,,,,,22.52,92.0,,240.0,,,,711.5,
2024-10-17 02:00:00,7.0,9.0,1.27,3.92,3.15,12.3,5.3,0.14,18.36,0.1,0.38,,,,,22.42,92.0,,242.0,,,,711.0,
2024-10-17 03:00:00,7.0,9.25,1.08,3.9,2.95,12.25,4.8,0.31,19.09,0.1,0.3,,,,,22.5,92.0,,236.25,,,,710.75,
2024-10-17 04:00:00,8.5,14.25,1.27,3.95,3.12,12.28,4.58,0.34,18.63,0.1,0.28,,,,,22.52,92.0,,204.25,,,,711.0,
2024-10-17 05:00:00,12.5,25.25,1.15,3.8,2.98,12.3,4.28,0.36,18.49,0.1,0.22,,,,,22.55,92.0,,221.0,,,,711.25,
2024-10-17 06:00:00,12.0,21.25,0.98,3.82,2.82,12.4,4.18,0.28,18.44,0.1,0.2,,,,,22.62,92.0,,221.25,,,,712.0,
2024-10-17 07:00:00,14.0,24.0,1.08,3.8,2.88,12.48,3.88,0.3,18.58,0.1,0.23,,,,,22.82,91.5,,219.0,,,,712.75,
2024-10-17 08:00:00,10.75,18.75,1.27,3.7,3.02,12.35,3.55,0.3,18.31,,0.12,,,,,23.05,90.0,,226.25,,,,713.0,
2024-10-17 09:00:00,9.75,11.75,1.03,3.88,2.88,12.4,4.0,0.35,20.85,0.1,0.18,,,,,23.52,84.25,,209.75,,,,714.0,
2024-10-17 10:00:00,9.0,13.75,1.27,3.5,2.88,12.45,4.12,0.38,18.57,0.1,0.2,,,,,23.48,83.5,,212.25,,,,714.0,
2024-10-17 11:00:00,10.75,22.75,1.2,3.58,2.85,12.45,3.72,0.35,18.2,0.1,0.15,,,,,23.95,79.5,,206.0,,,,713.25,
2024-10-17 12:00:00,15.0,24.0,1.35,3.42,2.9,12.4,3.55,0.24,17.69,0.1,0.17,,,,,24.82,72.0,,208.5,,,,712.25,
2024-10-17 13:00:00,11.75,20.75,1.3,3.5,2.92,12.42,3.5,0.29,18.03,,0.15,,,,,25.32,68.5,,207.5,,,,711.5,
2024-10-17 14:00:00,11.0,20.0,1.35,3.2,2.78,12.58,3.42,0.24,19.5,,0.1,,,,,25.95,62.75,,213.25,,,,710.75,
2024-10-17 15:00:00,12.0,17.0,1.25,3.38,2.82,12.5,3.3,0.24,18.18,,0.12,,,,,26.28,61.75,,214.0,,,,710.0,
2024-10-17 16:00:00,12.25,18.5,1.18,3.52,2.85,12.4,3.05,0.26,16.38,,0.1,,,,,26.1,63.75,,207.5,,,,710.0,
2024-10-17 17:00:00,12.5,24.0,1.38,3.48,2.92,12.42,3.48,0.28,18.17,,0.15,,,,,24.95,71.0,,201.75,,,,710.75,
2024-10-17 18:00:00,10.25,26.25,1.18,3.6,2.88,12.58,3.4,0.34,18.62,0.1,0.17,,,,,24.05,77.0,,195.25,,,,711.25,
2024-10-17 19:00:00,8.0,23.5,1.18,3.62,2.9,12.6,3.6,0.4,18.52,,0.12,,,,,23.7,80.25,,197.5,,,,712.0,
2024-10-17 20:00:00,8.5,24.25,1.32,3.65,3.02,12.55,3.85,0.42,18.28,0.1,0.18,,,,,23.6,81.0,,206.25,,,,713.0,
2024-10-17 21:00:00,10.5,29.25,1.32,3.5,2.95,12.52,4.38,0.35,18.56,0.1,0.22,,,,,23.55,81.0,,201.25,,,,713.0,
2024-10-17 22:00:00,11.25,23.5,1.05,3.52,2.68,12.48,3.85,0.27,19.12,0.1,0.15,,,,,23.42,81.0,,206.0,,,,713.25,
2024-10-17 23:00:00,8.75,20.0,1.25,3.42,2.85,12.4,3.62,0.24,18.67,0.1,0.12,,,,,23.18,82.5,,207.75,,,,713.0,
2024-10-18 00:00:00,7.0,13.0,1.15,3.28,2.65,12.42,4.05,0.29,18.17,0.1,0.2,,,,,22.95,84.5,,209.0,,,,712.5,
2024-10-18 01:00:00,3.5,11.0,0.98,3.4,2.6,12.38,7.97,0.29,18.52,0.2,0.73,,,,,22.82,86.5,,201.5,,,,712.0,
2024-10-18 02:00:00,2.25,13.0,1.3,3.15,2.72,12.4,9.38,0.26,18.81,0.25,0.85,,,,,22.7,87.75,,212.75,,,,711.25,
2024-10-18 03:00:00,3.0,10.0,1.3,3.3,2.85,12.3,9.05,0.26,19.11,0.22,0.82,,,,,22.55,88.75,,202.25,,,,711.0,
2024-10-18 04:00:00,,,1.25,3.45,2.85,12.35,9.0,0.26,18.58,0.22,0.82,,,,,22.42,89.0,,218.25,,,,711.75,
2024-10-18 05:00:00,7.0,12.0,1.18,3.28,2.72,12.4,9.28,0.26,18.62,0.25,0.85,,,,,22.4,89.0,,222.25,,,,712.0,
2024-10-18 06:00:00,8.75,14.5,1.15,3.32,2.7,12.52,9.48,0.3,18.57,0.3,0.9,,,,,22.32,90.0,,225.75,,,,712.75,
2024-10-18 07:00:00,14.0,24.75,1.18,3.32,2.75,12.52,9.82,0.36,18.36,0.28,0.92,,,,,22.62,89.0,,223.75,,,,713.5,
2024-10-18 08:00:00,14.0,32.25,1.27,3.12,2.7,12.55,10.6,0.38,18.19,0.3,1.05,,,,,23.18,83.25,,225.0,,,,714.5,
2024-10-18 09:00:00,13.75,28.25,1.3,3.22,2.8,12.6,10.2,0.37,18.61,0.3,0.98,,,,,23.85,76.25,,219.25,,,,715.0,
2024-10-18 10:00:00,11.75,23.25,1.18,3.35,2.75,12.52,9.35,0.33,19.78,0.25,0.85,,,,,24.68,69.5,,219.5,,,,715.0,
2024-10-18 11:00:00,8.0,23.25,1.35,3.22,2.85,12.55,10.18,0.3,18.04,0.3,0.98,,,,,25.15,66.25,,210.0,,,,714.0,
2024-10-18 12:00:00,10.0,20.25,1.12,3.1,2.55,12.58,9.8,0.25,17.26,0.28,0.95,,,,,25.8,60.75,,213.0,,,,713.0,
2024-10-18 13:00:00,13.5,18.5,1.2,3.1,2.65,12.6,9.35,0.3,18.36,0.28,0.88,,,,,25.7,61.25,,223.75,,,,712.0,
2024-10-18 14:00:00,6.0,20.0,1.32,3.2,2.78,12.6,8.68,0.32,18.38,0.2,0.8,,,,,25.58,61.0,,222.0,,,,711.25,
2024-10-18 15:00:00,7.75,,1.25,3.18,2.68,12.55,8.82,0.29,18.48,0.25,0.8,,,,,25.72,61.25,,244.25,,,,711.0,
2024-10-18 16:00:00,12.0,,1.35,3.12,2.72,12.5,8.68,0.29,18.27,0.22,0.8,,,,,25.48,64.5,,217.75,,,,711.0,
2024-10-18 17:00:00,9.25,,1.25,3.1,2.65,12.58,8.4,0.32,17.53,0.2,0.78,,,,,25.05,68.0,,203.0,,,,711.75,
2024-10-18 18:00:00,12.5,27.5,1.35,3.28,2.82,12.85,8.82,0.54,19.1,0.2,0.8,,,,,24.68,72.25,,245.25,,,,712.5,
2024-10-18 19:00:00,19.75,43.5,1.35,3.58,3.0,13.08,10.72,0.75,19.25,0.3,1.08,,,,,24.45,74.5,,187.5,,,,713.0,
2024-10-18 20:00:00,21.0,46.25,1.12,4.2,3.15,13.55,12.05,1.35,17.32,0.38,1.23,,,,,24.35,76.75,,183.25,,,,714.0,
2024-10-18 21:00:00,29.75,65.25,1.05,4.88,3.42,13.95,14.9,1.57,18.15,0.43,1.58,,,,,24.25,78.75,,287.0,,,,714.0,
2024-10-18 22:00:00,34.5,76.25,1.1,4.6,3.35,13.35,15.35,1.09,18.79,0.48,1.68,,,,,24.15,80.0,,287.25,,,,714.0,
2024-10-18 23:00:00,24.25,53.5,1.2,4.5,3.38,13.12,14.32,0.89,18.56,0.4,1.5,,,,,24.02,80.75,,275.25,,,,714.0,
2024-10-19 00:00:00,23.0,50.5,1.23,4.22,3.28,12.78,12.85,0.32,19.27,0.38,1.32,,,,,23.8,82.5,,207.25,,,,713.5,
2024-10-19 01:00:00,14.5,31.5,1.08,3.68,2.82,12.38,9.67,0.14,19.14,0.27,0.93,,,,,23.05,86.5,,192.75,,,,713.0,
2024-10-19 02:00:00,6.75,14.5,1.4,3.3,2.9,12.4,7.2,0.14,17.69,0.2,0.6,,,,,22.85,89.5,,207.25,,,,713.0,
2024-10-19 03:00:00,6.75,14.75,1.35,3.32,2.88,12.32,7.72,0.12,19.04,0.2,0.68,,,,,22.8,90.5,,197.75,,,,713.0,
2024-10-19 04:00:00,9.5,21.0,1.15,3.35,2.7,12.32,6.92,0.11,18.65,0.15,0.6,,,,,22.8,91.0,,220.0,,,,713.0,
2024-10-19 05:00:00,11.5,25.25,0.9,3.62,2.7,12.32,7.38,0.24,18.48,0.2,0.62,,,,,22.82,91.0,,243.0,,,,713.75,
2024-10-19 06:00:00,13.0,29.0,1.05,3.5,2.78,12.45,6.88,0.34,18.36,0.18,0.52,,,,,22.9,91.0,,216.5,,,,714.5,
2024-10-19 07:00:00,14.5,32.25,1.2,3.32,2.78,12.5,6.45,0.35,18.1,0.12,0.5,,,,,22.9,91.0,,203.75,,,,715.5,
2024-10-19 08:00:00,20.25,44.75,1.38,3.28,2.82,12.58,6.38,0.4,18.54,0.12,0.5,,,,,23.1,91.0,,220.0,,,,716.0,
2024-10-19 09:00:00,24.0,53.0,1.12,3.52,2.82,12.58,7.0,0.44,18.28,0.2,0.57,,,,,23.45,89.75,,215.5,,,,716.0,
2024-10-19 10:00:00,21.25,47.0,1.08,3.4,2.68,12.6,7.25,0.39,18.17,0.2,0.6,,,,,23.95,84.25,,206.25,,,,716.0,
2024-10-19 11:00:00,15.0,33.25,1.4,3.38,2.92,12.65,8.15,0.39,17.59,0.2,0.72,,,,,23.65,84.25,,224.0,,,,715.75,
2024-10-19 12:00:00,20.25,44.5,1.2,3.7,2.9,12.98,8.23,0.57,18.92,0.2,0.72,,,,,23.0,89.25,,189.0,,,,714.5,
2024-10-19 13:00:00,15.25,33.75,1.38,3.62,3.08,12.9,7.45,0.6,18.29,0.2,0.62,,,,,23.45,89.75,,237.25,,,,713.75,
2024-10-19 14:00:00,8.25,17.75,1.18,3.48,2.78,12.7,8.25,0.39,19.01,0.2,0.72,,,,,24.68,81.75,,224.25,,,,712.5,
2024-10-19 15:00:00,12.0,26.0,1.27,3.48,2.9,12.6,7.58,0.3,17.88,0.2,0.65,,,,,25.2,72.5,,212.75,,,,712.0,
2024-10-19 16:00:00,14.25,31.0,1.35,9.15,5.95,10.35,7.62,0.31,19.56,0.2,0.65,,,,,25.28,71.75,,230.5,,,,712.0,
2024-10-19 17:00:00,19.75,43.25,1.27,98.5,108.02,,8.3,0.39,16.5,0.2,0.75,,,,,23.8,81.0,,206.5,,,,713.75,
2024-10-19 18:00:00,17.5,38.25,1.32,47.12,26.1,1.3,8.7,1.06,17.62,0.22,0.78,,,,,23.38,88.75,,210.5,,,,718.0,
2024-10-19 19:00:00,21.5,47.0,1.25,32.45,18.27,5.6,11.7,1.48,18.5,0.38,1.18,,,,,23.08,90.25,,263.5,,,,720.25,
2024-10-19 20:00:00,21.5,47.25,1.27,26.3,15.02,8.9,12.28,1.38,18.18,0.4,1.25,,,,,23.05,91.0,,262.0,,,,721.0,
2024-10-19 21:00:00,24.5,53.75,1.18,23.5,13.48,10.55,13.35,1.27,18.28,0.4,1.38,,,,,22.92,91.75,,313.25,,,,721.25,
2024-10-19 22:00:00,20.5,45.0,1.27,21.52,12.48,11.6,13.02,1.18,18.12,0.4,1.38,,,,,22.9,92.0,,287.5,,,,721.0,
2024-10-19 23:00:00,21.25,46.5,1.18,20.65,11.92,12.3,13.95,1.32,18.24,0.4,1.45,,,,,22.9,92.0,,251.75,,,,721.0,
2024-10-20 00:00:00,19.25,34.5,1.32,20.0,11.72,12.78,14.12,0.52,18.38,0.4,1.48,,,,,22.9,92.0,,200.0,,,,720.75,
2024-10-20 01:00:00,19.75,33.75,1.6,19.0,11.4,13.18,11.1,0.48,18.49,0.33,1.13,,,,,22.92,92.0,,200.25,,,,720.0,
2024-10-20 02:00:00,19.5,34.25,1.38,18.98,11.15,13.25,8.1,0.3,18.34,0.2,0.72,,,,,22.92,92.75,,200.0,,,,718.5,
2024-10-20 03:00:00,20.5,30.0,1.08,18.68,10.82,13.38,8.57,0.3,18.12,0.2,0.8,,,,,22.95,93.0,,201.25,,,,716.5,
2024-10-20 04:00:00,19.0,33.0,1.18,18.3,10.7,13.2,7.3,0.22,19.69,0.2,0.6,,,,,22.8,93.0,,189.0,,,,716.0,
2024-10-20 05:00:00,3.0,8.0,1.35,22.0,12.8,11.6,5.92,0.23,21.62,0.1,0.45,,,,,22.78,93.0,,171.75,,,,714.25,
2024-10-20 06:00:00,3.0,8.0,1.12,32.2,18.08,8.45,4.18,0.32,18.12,0.1,0.23,,,,,22.95,93.0,,192.25,,,,715.25,
2024-10-20 07:00:00,12.0,16.0,1.4,22.2,12.98,11.27,2.08,0.3,17.96,,,,,,,22.9,93.0,,198.75,,,,716.25,
2024-10-20 08:00:00,12.5,16.75,1.12,7.78,5.03,11.52,2.9,0.42,16.47,,0.15,,,,,23.1,93.0,,221.5,,,,724.75,
2024-10-20 09:00:00,15.25,20.25,1.08,6.98,4.6,11.85,2.97,0.51,17.75,,0.1,,,,,23.48,92.75,,254.0,,,,719.25,
2024-10-20 10:00:00,18.0,23.75,1.2,6.68,4.5,11.8,3.95,0.41,18.3,0.1,0.18,,,,,24.25,90.5,,211.75,,,,716.5,
2024-10-20 11:00:00,17.75,26.5,1.08,6.5,4.32,11.8,2.9,0.46,18.58,,0.15,,,,,25.18,77.0,,246.0,,,,715.25,
2024-10-20 12:00:00,25.5,38.0,1.25,6.85,4.68,11.52,2.68,0.33,18.48,,,,,,,25.95,66.75,,221.0,,,,714.25,
2024-10-20 13:00:00,24.25,40.0,1.12,7.75,5.08,11.22,2.68,0.36,17.37,,,,,,,26.65,61.75,,212.5,,,,713.0,
2024-10-20 14:00:00,24.5,38.75,1.25,6.45,4.42,12.15,2.98,0.49,17.04,,0.1,,,,,27.72,55.75,,201.75,,,,712.0,
2024-10-20 15:00:00,22.75,43.75,1.2,6.0,4.15,12.35,2.22,0.21,18.9,,,,,,,26.68,61.0,,177.5,,,,711.75,
2024-10-20 16:00:00,21.5,44.0,1.32,6.12,4.35,12.1,3.92,0.29,16.9,0.1,0.2,,,,,26.4,64.0,,207.25,,,,712.0,
2024-10-20 17:00:00,19.25,48.25,1.55,6.18,4.55,11.98,3.52,0.44,16.28,0.1,0.17,,,,,25.32,73.0,,221.5,,,,712.0,
2024-10-20 18:00:00,21.0,57.0,1.18,6.75,4.58,12.58,3.55,0.78,18.4,0.1,0.2,,,,,24.72,78.0,,222.75,,,,712.75,
2024-10-20 19:00:00,29.75,63.75,1.23,7.15,4.8,12.58,5.12,0.61,20.03,0.1,0.32,,,,,24.0,79.25,,218.25,,,,714.25,
2024-10-20 20:00:00,19.5,37.25,1.15,6.98,4.68,12.3,4.75,0.49,16.72,0.1,0.3,,,,,23.25,88.75,,196.0,,,,722.25,
2024-10-20 21:00:00,18.5,31.75,1.35,7.12,4.9,12.18,4.68,0.61,16.4,0.1,0.28,,,,,23.38,90.75,,228.25,,,,724.75,
2024-10-20 22:00:00,20.5,31.5,1.23,7.25,4.88,12.05,5.48,0.54,18.18,0.1,0.38,,,,,23.32,92.0,,173.0,,,,723.75,
2024-10-20 23:00:00,21.5,32.75,1.15,7.1,4.72,11.6,5.0,0.28,18.12,0.1,0.3,,,,,23.28,92.0,,130.5,,,,722.25,
2024-10-21 00:00:00,19.5,30.75,1.3,6.8,4.68,11.38,5.2,0.21,18.05,0.1,0.32,,,,,23.2,92.0,,154.5,,,,723.0,
2024-10-21 01:00:00,17.0,24.5,1.35,6.45,4.53,11.42,7.03,0.18,19.1,0.17,0.57,,,,,23.12,92.0,,176.75,,,,721.75,
2024-10-21 02:00:00,14.75,21.25,1.3,6.45,4.47,11.25,6.88,0.17,21.06,0.2,0.55,,,,,23.1,92.0,,220.5,,,,721.5,
2024-10-21 03:00:00,17.5,33.75,1.12,7.1,4.72,11.1,7.18,0.24,18.17,0.18,0.62,,,,,23.1,92.0,,154.25,,,,716.0,
2024-10-21 04:00:00,18.5,33.5,1.2,6.25,4.32,11.38,7.48,0.3,16.94,0.2,0.62,,,,,23.1,92.0,,169.75,,,,714.0,
2024-10-21 05:00:00,17.0,32.0,1.05,6.1,4.1,11.58,7.95,0.34,19.05,0.22,0.7,,,,,22.82,92.5,,144.75,,,,714.75,
2024-10-21 06:00:00,15.75,20.5,1.12,5.8,4.0,11.72,8.32,0.24,18.57,0.2,0.75,,,,,22.55,92.75,,185.75,,,,721.5,
2024-10-21 07:00:00,12.0,14.25,1.27,6.05,4.28,12.02,7.95,0.37,19.55,0.2,0.7,,,,,22.7,93.0,,241.0,,,,723.0,
2024-10-21 08:00:00,12.0,18.0,1.25,6.28,4.32,12.08,8.55,0.45,15.72,0.2,0.78,,,,,23.02,93.0,,227.5,,,,723.75,
2024-10-21 09:00:00,16.0,27.0,1.32,6.45,4.5,12.85,9.25,1.07,19.98,0.28,0.85,,,,,23.8,91.25,,172.25,,,,717.0,
2024-10-21 10:00:00,17.0,29.75,1.23,6.4,4.4,12.45,9.82,0.69,20.85,0.3,0.9,,,,,25.1,83.75,,173.0,,,,716.0,
2024-10-21 11:00:00,18.75,36.0,1.48,6.25,4.5,12.05,9.07,0.42,20.02,0.25,0.85,,,,,26.0,66.5,,193.0,,,,715.0,
2024-10-21 12:00:00,17.0,33.0,1.38,6.3,4.45,12.32,9.25,0.49,18.09,0.25,0.85,,,,,27.08,58.75,,188.5,,,,714.0,
2024-10-21 13:00:00,21.75,40.0,1.1,6.1,4.15,12.2,9.7,0.46,17.24,0.3,0.92,,,,,27.22,56.75,,224.5,,,,713.5,
2024-10-21 14:00:00,18.0,34.75,0.92,6.02,3.95,11.95,9.1,0.42,18.19,0.25,0.85,,,,,26.9,59.0,,214.25,,,,712.5,
2024-10-21 15:00:00,19.25,38.0,1.27,5.42,3.92,12.05,7.7,0.38,17.91,0.2,0.65,,,,,26.38,64.75,,204.5,,,,712.0,
2024-10-21 16:00:00,23.75,43.75,1.35,5.6,4.1,12.2,8.02,0.49,18.65,0.2,0.7,,,,,26.55,63.75,,202.5,,,,712.0,
2024-10-21 17:00:00,26.0,51.0,1.52,5.15,3.95,12.15,8.15,0.38,18.07,0.2,0.72,,,,,25.62,69.25,,207.5,,,,712.25,
2024-10-21 18:00:00,25.5,51.5,1.35,5.42,4.0,12.45,8.48,0.53,17.87,0.2,0.78,,,,,24.8,73.5,,224.0,,,,713.5,
2024-10-21 19:00:00,22.5,58.0,1.35,5.88,4.22,12.42,10.55,0.6,19.44,0.3,1.02,,,,,24.22,77.0,,195.25,,,,714.25,
2024-10-21 20:00:00,18.0,44.25,1.23,5.58,3.95,11.92,10.8,0.27,17.68,0.3,1.08,,,,,23.8,79.75,,209.25,,,,715.0,
2024-10-21 21:00:00,19.0,42.25,1.18,5.9,4.08,12.12,9.57,0.38,18.87,0.3,0.9,,,,,23.82,82.5,,209.0,,,,715.25,
2024-10-21 22:00:00,19.75,44.25,1.1,5.52,3.82,11.78,8.68,0.21,18.73,0.2,0.8,,,,,22.9,86.0,,197.75,,,,716.0,
2024-10-21 23:00:00,13.25,31.5,1.3,5.5,3.97,11.9,8.62,0.32,18.07,0.2,0.8,,,,,22.62,89.5,,245.75,,,,716.0,
2024-10-22 00:00:00,13.5,52.75,1.35,5.78,4.2,11.9,8.28,0.33,18.75,0.2,0.75,,,,,22.7,90.5,,94.75,,,,715.75,
2024-10-22 01:00:00,12.0,22.0,1.23,5.78,4.03,11.78,7.57,0.23,19.08,0.2,0.6,,,,,22.48,91.5,,92.75,,,,715.0,
2024-10-22 02:00:00,4.0,6.0,1.3,5.55,4.02,11.72,7.65,0.17,18.62,0.2,0.65,,,,,22.32,92.0,,107.25,,,,715.0,
2024-10-22 03:00:00,4.75,7.25,1.42,5.48,4.08,11.8,7.68,0.27,18.66,0.2,0.62,,,,,22.22,92.0,,170.0,,,,715.0,
2024-10-22 04:00:00,7.0,11.0,1.4,5.72,4.18,11.78,7.88,0.25,18.58,0.2,0.68,,,,,22.15,92.75,,116.0,,,,715.0,
2024-10-22 05:00:00,4.0,14.0,1.38,5.7,4.18,11.85,7.4,0.33,18.81,0.2,0.6,,,,,22.08,93.0,,159.75,,,,715.0,
2024-10-22 06:00:00,4.5,13.25,1.08,5.8,3.95,12.08,7.98,0.42,18.08,0.2,0.68,,,,,22.08,93.0,,107.5,,,,715.0,
2024-10-22 07:00:00,8.75,17.25,0.9,6.25,4.08,12.65,9.38,0.74,19.14,0.28,0.88,,,,,22.45,92.25,,171.5,,,,716.0,
2024-10-22 08:00:00,16.0,36.75,1.2,6.8,4.57,13.05,10.8,0.94,18.26,0.32,1.05,,,,,23.08,91.25,,181.0,,,,716.0,
2024-10-22 09:00:00,14.25,40.0,1.18,6.65,4.47,12.42,10.28,0.8,17.91,0.3,1.0,,,,,24.38,86.25,,192.25,,,,716.75,
2024-10-22 10:00:00,18.75,42.5,1.25,6.25,4.32,12.12,10.25,0.67,19.72,0.3,0.98,,,,,26.28,64.5,,193.25,,,,716.0,
2024-10-22 11:00:00,19.25,41.0,1.23,6.22,4.3,12.42,10.35,0.75,21.01,0.3,1.0,,,,,27.0,58.25,,198.0,,,,715.75,
2024-10-22 12:00:00,13.0,40.0,1.12,6.0,4.12,12.5,9.07,0.49,16.79,0.22,0.82,,,,,27.18,57.5,,178.75,,,,714.5,
2024-10-22 13:00:00,10.5,36.25,1.3,6.15,4.32,12.65,9.8,0.61,19.04,0.28,0.92,,,,,27.68,54.25,,147.0,,,,713.5,
2024-10-22 14:00:00,12.75,32.5,1.25,5.98,4.22,12.35,9.82,0.43,19.96,0.28,0.92,,,,,26.38,62.75,,202.25,,,,713.0,
2024-10-22 15:00:00,14.0,27.5,1.45,5.58,4.12,12.22,9.45,0.42,19.32,0.3,0.9,,,,,23.85,77.25,,179.0,,,,713.75,
2024-10-22 16:00:00,10.75,22.75,1.08,5.98,4.03,12.4,8.9,0.55,18.33,0.2,0.8,,,,,22.55,89.5,,160.5,,,,714.25,
2024-10-22 17:00:00,10.25,17.25,1.2,6.35,4.35,12.68,9.3,0.79,18.75,0.28,0.88,,,,,22.78,91.0,,213.0,,,,714.0,
2024-10-22 18:00:00,11.0,29.75,1.35,6.32,4.45,12.7,8.68,0.54,19.19,0.2,0.8,,,,,22.55,92.0,,180.5,,,,714.5,
2024-10-22 19:00:00,12.75,30.5,1.1,7.05,4.65,13.08,9.8,0.98,18.86,0.28,0.92,,,,,22.5,92.0,,130.75,,,,715.5,
2024-10-22 20:00:00,17.5,34.25,1.5,6.95,4.92,12.68,10.73,0.72,18.88,0.3,1.08,,,,,22.4,92.0,,131.0,,,,716.25,
2024-10-22 21:00:00,15.5,35.75,1.42,7.0,4.88,12.62,11.05,0.58,18.62,0.3,1.12,,,,,22.48,92.0,,182.75,,,,717.0,
2024-10-22 22:00:00,13.75,43.75,1.32,6.62,4.62,12.05,9.57,0.27,18.5,0.28,0.9,,,,,22.62,92.0,,193.75,,,,717.0,
2024-10-22 23:00:00,16.0,39.5,1.2,6.5,4.45,12.18,9.05,0.35,18.6,0.22,0.82,,,,,22.72,92.0,,244.75,,,,716.75,
2024-10-23 00:00:00,25.5,54.0,1.25,6.4,4.42,12.3,9.22,0.48,18.34,0.25,0.85,,,,,22.8,92.0,,256.5,,,,715.75,
2024-10-23 01:00:00,27.0,48.75,1.45,6.43,4.58,12.3,9.43,0.57,18.75,0.27,0.87,,,,,22.68,92.0,,179.75,,,,715.0,
2024-10-23 02:00:00,26.0,50.5,1.25,6.38,4.4,12.22,10.32,0.55,18.49,0.3,0.98,,,,,22.7,92.0,,170.75,,,,714.25,
2024-10-23 03:00:00,21.75,46.0,1.32,6.18,4.35,12.02,11.0,0.29,18.62,0.3,1.08,,,,,22.6,92.0,,155.5,,,,714.0,
2024-10-23 04:00:00,17.0,35.25,1.3,5.85,4.15,11.9,10.12,0.18,18.53,0.3,0.98,,,,,22.6,92.0,,267.0,,,,714.0,
2024-10-23 05:00:00,15.75,32.0,1.12,5.7,3.92,11.92,8.48,0.23,18.66,0.2,0.78,,,,,22.6,92.0,,263.0,,,,714.0,
2024-10-23 06:00:00,18.75,36.0,1.2,5.72,4.03,11.95,7.93,0.29,18.26,0.2,0.68,,,,,22.62,92.0,,261.0,,,,715.0,
2024-10-23 07:00:00,14.75,36.25,1.08,7.3,4.8,9.82,8.25,0.36,25.49,0.2,0.72,,,,,23.05,91.75,,274.25,,,,715.0,
2024-10-23 08:00:00,25.0,59.5,1.22,7.0,4.72,8.48,8.22,1.08,26.29,0.2,0.75,,,,,23.65,90.0,,245.75,,,,716.0,
2024-10-23 09:00:00,31.0,72.5,1.4,5.9,4.28,9.28,8.75,0.97,27.77,0.22,0.8,,,,,24.8,81.0,,201.5,,,,716.0,
2024-10-23 10:00:00,28.5,67.5,1.42,5.72,4.22,9.15,9.95,0.8,27.9,0.3,0.95,,,,,26.2,64.25,,218.0,,,,716.0,
2024-10-23 11:00:00,20.5,55.0,1.35,5.58,4.05,8.95,9.75,0.68,29.41,0.28,0.9,,,,,26.58,59.75,,202.75,,,,715.0,
2024-10-23 12:00:00,22.0,51.0,1.35,5.95,4.28,9.22,9.1,0.6,30.34,0.25,0.85,,,,,26.88,58.5,,219.0,,,,714.0,
2024-10-23 13:00:00,30.0,56.25,1.3,6.13,4.3,9.47,7.8,0.4,24.79,0.2,0.68,,,,,27.4,54.0,,214.0,,,,713.0,
2024-10-23 14:00:00,28.75,52.5,,,,,7.52,0.5,24.0,0.2,0.62,,,,,28.0,49.0,,217.25,,,,712.0,
2024-10-23 15:00:00,34.5,52.0,1.0,42.6,23.4,,6.42,0.45,28.32,0.12,0.52,,,,,26.52,58.5,,224.0,,,,711.75,
2024-10-23 16:00:00,36.0,64.0,1.27,21.3,12.38,3.45,7.78,0.38,27.85,0.2,0.68,,,,,23.12,83.5,,202.0,,,,713.5,
2024-10-23 17:00:00,11.0,19.0,1.3,14.42,8.72,8.05,8.1,0.6,25.74,0.2,0.72,,,,,22.3,94.0,,232.75,,,,714.0,
2024-10-23 18:00:00,10.75,19.75,1.27,14.05,8.48,9.68,9.45,0.62,26.33,0.28,0.9,,,,,22.5,94.0,,247.75,,,,714.25,
2024-10-23 19:00:00,12.5,25.75,1.25,15.8,9.45,11.2,12.35,1.14,25.38,0.38,1.25,,,,,22.8,94.0,,241.75,,,,715.25,
2024-10-23 20:00:00,19.0,36.5,1.32,16.92,10.07,11.28,14.85,1.25,25.46,0.43,1.6,,,,,22.85,94.0,,202.5,,,,716.0,
2024-10-23 21:00:00,17.25,36.75,1.23,17.3,10.18,10.55,16.18,1.17,27.3,0.5,1.75,,,,,22.92,94.0,,246.0,,,,716.0,
2024-10-23 22:00:00,22.75,39.25,1.1,15.8,9.32,8.38,14.42,0.59,26.63,0.4,1.52,,,,,22.8,94.0,,243.75,,,,716.0,
2024-10-23 23:00:00,24.0,28.0,1.25,13.48,8.15,6.85,13.25,0.24,27.0,0.4,1.4,,,,,22.7,94.0,,209.75,,,,716.0,
2024-10-24 00:00:00,10.75,17.25,1.35,11.62,7.28,6.6,10.92,0.27,28.08,0.3,1.08,,,,,22.52,94.75,,260.5,,,,716.5,
2024-10-24 01:00:00,6.75,12.5,1.15,10.78,6.68,6.85,9.23,0.25,27.18,0.27,0.87,,,,,22.42,95.0,,296.25,,,,717.0,
2024-10-24 02:00:00,6.25,13.0,1.15,10.02,6.28,7.0,9.25,0.24,27.26,0.28,0.88,,,,,22.42,95.0,,208.0,,,,717.0,
2024-10-24 03:00:00,6.0,9.0,1.27,9.62,6.15,6.7,9.07,0.17,27.17,0.25,0.85,,,,,22.25,95.0,,213.5,,,,716.5,
2024-10-24 04:00:00,2.5,5.5,1.18,9.45,5.98,6.8,8.28,0.16,27.38,0.2,0.75,,,,,22.2,95.0,,238.0,,,,716.25,
2024-10-24 05:00:00,1.0,4.0,1.27,9.18,5.9,7.05,8.05,0.19,26.84,0.2,0.7,,,,,22.2,95.0,,218.75,,,,717.0,
2024-10-24 06:00:00,10.0,16.0,1.15,8.88,5.68,7.98,8.1,0.34,27.26,0.2,0.72,,,,,22.25,95.0,,201.75,,,,717.75,
2024-10-24 07:00:00,9.5,17.75,0.98,8.93,5.55,8.45,8.3,0.44,21.31,0.2,0.75,,,,,22.32,95.0,,220.25,,,,718.75,
2024-10-24 08:00:00,10.0,24.5,1.32,8.62,5.65,8.32,8.62,0.42,18.31,0.2,0.8,,,,,22.52,94.75,,234.0,,,,718.0,
2024-10-24 09:00:00,15.25,27.5,1.1,8.55,5.43,8.25,9.25,0.44,18.13,0.25,0.85,,,,,22.9,93.75,,232.0,,,,717.0,
2024-10-24 10:00:00,12.0,23.5,1.23,8.45,5.5,8.1,9.3,0.45,18.56,0.25,0.85,,,,,23.4,91.0,,222.75,,,,717.0,
2024-10-24 11:00:00,9.0,27.0,1.38,8.15,5.42,8.07,8.48,0.43,18.15,0.2,0.78,,,,,23.9,82.75,,225.0,,,,715.75,
2024-10-24 12:00:00,9.0,33.0,1.2,8.2,5.32,8.05,7.95,0.3,19.76,0.2,0.7,,,,,24.4,76.5,,231.75,,,,714.5,
2024-10-24 13:00:00,27.0,43.0,1.15,7.95,5.18,7.98,8.48,0.28,17.53,0.2,0.8,,,,,24.8,73.0,,235.25,,,,713.5,
2024-10-24 14:00:00,28.25,49.0,1.3,7.9,5.28,8.85,8.55,0.49,17.72,0.2,0.78,,,,,25.52,69.25,,224.75,,,,712.5,
2024-10-24 15:00:00,33.75,70.0,1.27,8.05,5.38,9.7,8.68,0.59,21.51,0.22,0.8,,,,,26.68,59.25,,177.75,,,,712.0,
2024-10-24 16:00:00,37.0,80.0,1.08,9.0,5.68,9.65,9.1,0.69,17.56,0.22,0.82,,,,,25.45,67.0,,241.75,,,,712.0,
2024-10-24 17:00:00,31.0,96.5,1.25,9.32,6.0,11.15,9.45,0.87,18.67,0.25,0.88,,,,,24.88,68.5,,222.5,,,,712.5,
2024-10-24 18:00:00,54.0,135.75,1.42,11.15,7.12,13.1,11.12,0.86,16.9,0.32,1.1,,,,,23.9,78.0,,269.0,,,,713.25,
2024-10-24 19:00:00,58.5,147.25,1.4,16.52,9.95,18.27,16.55,2.36,17.72,0.48,1.8,,,,,23.65,84.25,,265.0,,,,714.25,
2024-10-24 20:00:00,76.25,197.5,1.58,25.55,14.85,21.0,23.0,3.64,17.31,0.75,2.62,,,,,23.52,86.75,,265.25,,,,715.0,
2024-10-24 21:00:00,87.0,212.75,1.32,33.12,18.68,18.2,27.72,3.58,18.32,0.92,3.25,,,,,23.28,88.5,,265.5,,,,715.75,
2024-10-24 22:00:00,70.5,186.75,1.38,28.08,16.02,6.7,24.82,1.18,18.46,0.82,2.88,,,,,23.35,87.0,,227.0,,,,715.75,
2024-10-24 23:00:00,33.5,77.0,1.1,18.42,10.72,4.45,19.73,0.24,19.17,0.6,2.22,,,,,23.35,85.0,,233.25,,,,715.0,
2024-10-25 00:00:00,16.0,28.25,1.23,14.12,8.52,5.58,14.68,0.22,18.32,0.43,1.58,,,,,23.02,87.75,,220.5,,,,715.0,
2024-10-25 01:00:00,13.25,27.0,1.18,12.18,7.4,6.1,9.37,0.2,18.23,0.23,0.87,,,,,22.82,89.0,,225.0,,,,714.25,
2024-10-25 02:00:00,14.25,29.5,1.12,11.0,6.78,6.5,6.95,0.2,17.87,0.2,0.57,,,,,22.65,90.5,,235.5,,,,713.0,
2024-10-25 03:00:00,14.0,26.0,1.23,10.52,6.57,6.5,6.02,0.16,18.78,0.12,0.43,,,,,22.7,90.0,,231.5,,,,713.0,
2024-10-25 04:00:00,12.25,20.5,1.2,10.0,6.3,6.55,5.25,0.14,18.45,0.1,0.32,,,,,22.7,89.75,,235.75,,,,713.25,
2024-10-25 05:00:00,16.0,24.75,1.05,9.7,6.05,6.98,5.15,0.15,18.34,0.1,0.32,,,,,22.6,90.0,,233.0,,,,714.0,
2024-10-25 06:00:00,17.25,35.0,1.18,9.48,6.02,7.6,5.7,0.34,17.89,0.1,0.43,,,,,22.55,91.0,,258.25,,,,714.25,
2024-10-25 07:00:00,23.25,46.5,1.35,8.75,5.78,7.9,5.55,0.4,18.27,0.1,0.4,,,,,22.82,89.5,,259.75,,,,715.0,
2024-10-25 08:00:00,31.25,65.75,1.45,8.3,5.6,8.28,5.1,0.47,19.17,0.1,0.32,,,,,23.58,82.0,,245.25,,,,715.5,
2024-10-25 09:00:00,34.0,80.5,1.25,8.3,5.42,8.65,5.35,0.62,21.25,0.1,0.35,,,,,24.62,70.0,,240.0,,,,716.0,
2024-10-25 10:00:00,32.75,98.5,1.3,8.12,5.4,8.32,5.75,0.55,21.59,0.1,0.45,,,,,25.2,64.75,,224.75,,,,716.0,
2024-10-25 11:00:00,40.5,96.75,1.3,8.0,5.28,8.4,5.45,0.52,21.69,0.1,0.35,,,,,25.95,58.5,,219.75,,,,715.25,
2024-10-25 12:00:00,47.25,105.25,1.27,7.7,5.1,8.55,5.78,0.3,22.15,0.1,0.43,,,,,26.35,50.25,,202.5,,,,714.25,
2024-10-25 13:00:00,43.0,103.5,1.2,7.62,5.03,8.55,5.32,0.26,22.2,0.1,0.35,,,,,26.6,47.5,,262.0,,,,713.25,
2024-10-25 14:00:00,38.75,93.0,1.27,7.32,4.92,8.5,5.18,0.26,23.22,0.1,0.35,,,,,26.92,43.5,,234.75,,,,712.25,
2024-10-25 15:00:00,42.75,86.0,1.5,7.02,4.95,8.8,5.45,0.21,21.74,0.1,0.38,,,,,26.88,43.75,,227.75,,,,712.0,
2024-10-25 16:00:00,40.75,94.75,1.27,7.38,4.97,8.78,4.53,0.23,21.46,0.1,0.22,,,,,26.5,45.75,,227.25,,,,712.0,
2024-10-25 17:00:00,48.5,110.25,1.38,7.88,5.3,9.75,5.58,0.46,20.63,0.1,0.4,,,,,25.4,55.25,,274.0,,,,713.0,
2024-10-25 18:00:00,58.75,139.75,1.32,10.55,6.65,15.1,7.52,1.41,22.08,0.18,0.62,,,,,23.75,72.25,,268.75,,,,713.75,
2024-10-25 19:00:00,73.25,180.75,1.27,19.25,11.28,21.15,14.45,2.63,21.98,0.42,1.52,,,,,23.2,80.5,,269.0,,,,714.75,
2024-10-25 20:00:00,98.0,244.0,1.42,28.95,16.58,21.55,22.02,2.05,19.1,0.7,2.5,,,,,23.02,84.25,,269.0,,,,715.75,
2024-10-25 21:00:00,118.25,274.75,1.62,35.3,20.1,20.95,27.25,1.95,18.13,0.9,3.18,,,,,22.92,87.0,,267.0,,,,716.0,
2024-10-25 22:00:00,118.5,266.75,1.48,37.05,20.9,16.7,29.02,1.6,18.92,1.0,3.42,,,,,22.78,87.75,,267.0,,,,716.0,
2024-10-25 23:00:00,95.0,221.75,1.12,32.2,18.0,11.3,26.85,1.18,18.24,0.88,3.15,,,,,22.75,88.0,,267.0,,,,715.5,
2024-10-26 00:00:00,78.5,167.25,1.25,24.72,14.2,6.58,20.92,0.42,18.47,0.65,2.35,,,,,22.72,88.0,,264.75,,,,714.75,
2024-10-26 01:00:00,63.25,127.5,1.12,19.45,11.28,6.35,10.77,0.25,18.46,0.3,1.07,,,,,22.5,89.25,,261.0,,,,714.0,
2024-10-26 02:00:00,58.5,113.25,1.3,15.95,9.55,6.42,3.6,0.23,18.15,0.1,0.17,,,,,22.58,87.25,,218.25,,,,713.0,
2024-10-26 03:00:00,55.5,103.75,1.27,14.45,8.7,5.72,1.38,0.23,18.39,,,,,,,22.68,86.0,,235.25,,,,713.0,
2024-10-26 04:00:00,43.0,78.5,1.2,13.05,7.92,5.92,0.1,0.23,18.49,,,,,,,22.55,87.75,,223.0,,,,713.25,
2024-10-26 05:00:00,46.25,73.75,1.3,12.12,7.52,6.88,,0.25,18.13,,,,,,,22.22,89.5,,218.25,,,,714.0,
2024-10-26 06:00:00,49.25,96.75,1.3,12.08,7.5,7.62,,0.3,18.35,,,,,,,22.18,90.75,,206.5,,,,715.0,
2024-10-26 07:00:00,53.5,110.5,1.3,11.22,7.05,7.15,,0.27,18.15,,,,,,,22.4,90.25,,212.25,,,,715.5,
2024-10-26 08:00:00,47.25,98.5,1.4,9.88,6.42,7.35,6.55,0.26,18.12,0.15,0.55,,,,,23.02,85.0,,230.5,,,,716.0,
2024-10-26 09:00:00,51.0,97.5,1.25,9.82,6.2,7.52,7.4,0.43,18.38,0.2,0.62,,,,,23.88,77.25,,243.5,,,,716.75,
2024-10-26 10:00:00,53.75,114.0,1.3,9.68,6.2,7.8,7.58,0.64,19.27,0.2,0.65,,,,,24.92,69.25,,225.25,,,,715.75,
2024-10-26 11:00:00,61.0,129.5,1.32,8.98,5.85,8.28,7.52,0.65,19.05,0.2,0.62,,,,,25.8,56.0,,192.75,,,,714.5,
2024-10-26 12:00:00,57.75,120.75,1.45,8.45,5.65,8.75,7.55,0.45,24.56,0.2,0.62,,,,,26.08,51.5,,208.75,,,,713.5,
2024-10-26 13:00:00,55.75,119.75,1.23,8.78,5.65,8.98,8.0,0.65,26.62,0.2,0.7,,,,,26.42,46.0,,227.75,,,,712.5,
2024-10-26 14:00:00,53.25,129.75,1.27,8.65,5.65,8.9,7.92,0.55,27.9,0.2,0.68,,,,,26.02,49.25,,192.25,,,,711.75,
2024-10-26 15:00:00,57.0,135.75,1.12,9.35,5.9,9.55,8.5,0.68,26.73,0.2,0.8,,,,,26.22,48.75,,168.5,,,,711.0,
2024-10-26 16:00:00,57.75,136.5,1.18,9.62,6.07,8.72,8.82,0.63,28.56,0.2,0.8,,,,,26.28,48.0,,211.75,,,,711.5,
2024-10-26 17:00:00,62.0,143.25,1.27,9.62,6.15,9.8,8.65,0.91,27.44,0.2,0.8,,,,,25.22,53.0,,271.0,,,,712.25,
2024-10-26 18:00:00,67.75,177.75,1.18,10.5,6.52,10.78,9.18,0.77,27.17,0.25,0.88,,,,,24.12,61.0,,286.5,,,,713.5,
2024-10-26 19:00:00,67.0,183.75,1.38,11.92,7.45,12.18,11.22,1.94,14.46,0.32,1.1,,,,,23.48,69.0,,254.25,,,,714.5,
2024-10-26 20:00:00,72.5,200.25,1.18,15.0,8.95,14.45,14.4,2.31,14.65,0.43,1.52,,,,,22.92,75.5,,244.5,,,,715.0,
2024-10-26 21:00:00,87.75,214.25,1.25,17.52,10.3,14.4,17.32,1.94,14.8,0.55,1.9,,,,,22.65,79.5,,244.0,,,,715.0,
2024-10-26 22:00:00,82.75,204.25,1.1,17.35,10.15,12.72,17.73,1.59,14.72,0.5,2.0,,,,,22.28,81.0,,244.0,,,,715.0,
2024-10-26 23:00:00,81.25,190.5,1.08,17.08,9.98,12.18,19.23,1.66,14.56,0.6,2.15,,,,,21.98,86.25,,244.0,,,,714.5,
2024-10-27 00:00:00,84.5,187.0,1.12,16.18,9.52,10.55,19.6,1.02,13.88,0.6,2.2,,,,,21.72,89.0,,244.0,,,,714.0,
2024-10-27 01:00:00,75.0,166.0,1.05,14.2,8.45,9.57,11.4,0.84,9.24,0.3,1.13,,,,,21.55,90.0,,243.0,,,,713.25,
2024-10-27 02:00:00,76.75,150.25,1.32,11.6,7.22,7.95,6.1,0.22,9.4,0.1,0.48,,,,,22.0,83.25,,224.25,,,,713.0,
2024-10-27 03:00:00,68.0,146.0,1.2,10.0,6.3,7.05,4.0,0.05,9.02,0.1,0.2,,,,,22.22,84.25,,219.0,,,,713.0,
2024-10-27 04:00:00,50.5,105.0,1.12,9.38,5.9,7.02,1.62,0.06,9.12,,,,,,,22.08,87.75,,265.0,,,,713.0,
2024-10-27 05:00:00,45.25,81.25,0.98,8.73,5.45,7.18,0.1,0.18,9.18,,,,,,,22.0,88.75,,230.25,,,,713.25,
2024-10-27 06:00:00,49.25,82.75,1.2,7.98,5.18,7.55,,0.15,9.06,,,,,,,21.98,90.0,,231.75,,,,714.0,
2024-10-27 07:00:00,41.75,84.0,1.3,7.45,5.03,7.8,,0.18,10.91,,,,,,,22.18,88.5,,234.25,,,,715.0,
2024-10-27 08:00:00,46.25,85.5,1.35,7.08,4.85,7.88,4.95,0.2,14.78,0.13,0.47,,,,,23.1,78.75,,239.75,,,,715.25,
2024-10-27 09:00:00,51.0,104.25,1.27,6.45,4.47,8.1,7.05,0.24,15.04,0.2,0.6,,,,,23.98,71.5,,234.0,,,,715.75,
2024-10-27 10:00:00,45.75,118.0,1.27,6.22,4.38,8.07,6.28,0.2,15.04,0.12,0.48,,,,,25.22,61.0,,239.5,,,,715.0,
2024-10-27 11:00:00,48.0,112.25,1.3,5.85,4.18,8.38,6.82,0.26,14.92,0.18,0.55,,,,,25.08,61.0,,215.5,,,,714.5,
2024-10-27 12:00:00,47.0,112.0,1.25,5.85,4.1,8.32,6.82,0.18,15.04,0.2,0.55,,,,,25.12,59.25,,245.25,,,,713.25,
2024-10-27 13:00:00,45.0,106.0,1.0,5.82,3.98,8.45,7.22,0.2,14.28,0.2,0.6,,,,,24.92,63.75,,244.0,,,,712.0,
2024-10-27 14:00:00,45.25,94.75,1.15,5.88,4.08,8.65,7.35,0.26,15.79,0.2,0.62,,,,,26.32,54.25,,213.0,,,,711.25,
2024-10-27 15:00:00,35.5,85.5,1.38,5.38,4.0,8.65,7.08,0.19,14.61,0.18,0.6,,,,,26.18,52.25,,225.75,,,,711.0,
2024-10-27 16:00:00,34.25,82.75,1.42,5.2,3.98,8.7,7.12,0.22,14.82,0.2,0.57,,,,,25.92,54.0,,213.5,,,,711.0,
2024-10-27 17:00:00,44.5,100.75,1.45,5.3,3.98,9.45,7.72,0.53,14.57,0.2,0.62,,,,,25.05,58.25,,257.75,,,,711.25,
2024-10-27 18:00:00,46.5,116.0,1.2,5.75,4.03,9.65,7.78,0.52,14.94,0.2,0.65,,,,,23.58,72.5,,301.5,,,,712.0,
2024-10-27 19:00:00,51.0,139.0,1.48,6.32,4.58,11.2,9.48,1.3,14.72,0.25,0.85,,,,,23.12,78.25,,333.5,,,,713.0,
2024-10-27 20:00:00,61.25,170.5,1.48,7.05,4.92,12.0,13.48,1.84,14.56,0.4,1.4,,,,,22.85,83.0,,349.75,,,,713.5,
2024-10-27 21:00:00,67.25,168.75,1.45,7.95,5.45,12.35,16.05,2.19,14.87,0.45,1.72,,,,,22.65,85.75,,349.0,,,,714.0,
2024-10-27 22:00:00,73.5,177.5,1.3,8.2,5.42,11.98,17.95,2.14,14.85,0.57,1.98,,,,,22.45,87.75,,349.0,,,,713.25,
2024-10-27 23:00:00,73.5,175.25,1.25,8.43,5.48,11.25,19.4,1.98,14.74,0.6,2.15,,,,,22.32,89.0,,349.0,,,,713.0,
2024-10-28 00:00:00,77.75,165.0,1.15,8.8,5.62,11.3,20.18,1.19,14.49,0.62,2.3,,,,,22.22,90.25,,349.0,,,,712.25,
2024-10-28 01:00:00,76.75,168.0,1.3,8.43,5.52,10.3,12.1,0.9,14.6,0.37,1.23,,,,,22.45,90.5,,349.0,,,,712.0,
2024-10-28 02:00:00,72.25,159.75,1.2,8.0,5.25,9.25,6.98,0.49,15.58,0.18,0.57,,,,,22.52,88.5,,287.75,,,,711.0,
2024-10-28 03:00:00,58.75,127.0,1.18,7.0,4.68,8.32,4.55,0.03,14.94,0.1,0.25,,,,,22.62,82.0,,223.75,,,,711.0,
2024-10-28 04:00:00,51.25,100.0,0.98,6.25,4.15,8.1,0.8,,14.39,,,,,,,22.38,83.75,,233.25,,,,712.0,
2024-10-28 05:00:00,48.0,88.5,1.27,5.9,4.15,8.25,,0.11,14.27,,,,,,,22.32,87.25,,225.5,,,,712.25,
2024-10-28 06:00:00,44.75,80.25,1.38,5.7,4.1,8.2,,0.2,14.45,,,,,,,22.35,89.75,,203.0,,,,713.25,
2024-10-28 07:00:00,42.75,77.75,1.35,5.5,4.02,8.28,,0.24,14.87,,,,,,,22.62,88.25,,222.5,,,,714.0,
2024-10-28 08:00:00,38.75,81.75,1.15,5.25,3.75,8.45,,0.28,14.72,,,,,,,23.15,82.75,,212.0,,,,714.5,
2024-10-28 09:00:00,39.0,97.25,1.35,5.1,3.82,8.45,,0.3,14.56,,,,,,,23.95,77.0,,222.0,,,,715.0,
2024-10-28 10:00:00,44.5,97.75,1.2,5.08,3.68,8.48,4.85,0.27,15.11,0.2,0.6,,,,,25.15,65.75,,218.25,,,,714.25,
2024-10-28 11:00:00,52.0,88.0,1.1,4.62,3.38,8.48,9.0,0.15,15.49,0.25,0.85,,,,,25.9,57.5,,218.0,,,,713.25,
2024-10-28 12:00:00,42.0,94.0,0.82,4.4,3.0,8.68,9.15,0.24,14.79,0.25,0.82,,,,,26.8,48.75,,207.0,,,,712.25,
2024-10-28 13:00:00,42.5,93.0,1.12,4.25,3.2,8.72,8.8,0.2,14.48,0.25,0.82,,,,,26.95,46.5,,218.75,,,,711.0,
2024-10-28 14:00:00,44.0,94.25,1.3,3.9,3.15,8.83,9.1,0.19,14.62,0.22,0.82,,,,,27.22,43.75,,216.0,,,,710.5,
2024-10-28 15:00:00,42.75,100.75,1.23,4.03,3.12,8.78,9.25,0.16,19.8,0.28,0.88,,,,,27.32,43.25,,219.0,,,,710.0,
2024-10-28 16:00:00,38.5,82.0,1.48,4.08,3.38,8.7,9.43,0.15,20.98,0.28,0.88,,,,,27.08,45.25,,228.75,,,,710.0,
2024-10-28 17:00:00,40.5,97.25,1.08,4.12,3.08,9.0,8.45,0.42,21.82,0.2,0.78,,,,,25.92,54.0,,244.0,,,,711.0,
2024-10-28 18:00:00,52.75,145.25,1.12,4.85,3.5,9.65,9.5,0.47,21.84,0.3,0.9,,,,,24.22,68.0,,212.75,,,,712.0,
2024-10-28 19:00:00,60.0,158.25,1.15,5.3,3.72,10.98,13.0,1.63,22.48,0.38,1.32,,,,,23.92,72.0,,298.5,,,,712.5,
2024-10-28 20:00:00,66.5,174.25,1.1,5.95,4.05,11.25,17.0,1.66,22.64,0.5,1.9,,,,,23.9,72.0,,223.0,,,,713.75,
2024-10-28 21:00:00,65.0,156.75,1.18,5.85,4.05,9.78,16.2,0.87,20.36,0.5,1.72,,,,,23.58,78.25,,212.75,,,,714.0,
2024-10-28 22:00:00,52.25,118.0,1.25,5.52,3.92,9.07,14.6,0.32,16.99,0.43,1.58,,,,,23.8,76.0,,219.25,,,,714.0,
2024-10-28 23:00:00,40.0,82.75,1.18,4.97,3.58,8.55,12.75,0.06,17.01,0.38,1.3,,,,,23.88,74.75,,224.25,,,,714.0,
2024-10-29 00:00:00,37.25,74.25,1.12,4.72,3.45,8.43,11.38,0.17,16.66,0.32,1.1,,,,,23.65,76.75,,218.5,,,,713.0,
2024-10-29 01:00:00,38.0,67.75,1.2,4.65,3.45,8.45,8.3,0.17,16.29,0.23,0.77,,,,,23.3,81.25,,229.0,,,,713.0,
2024-10-29 02:00:00,38.75,64.5,1.23,4.53,3.38,8.43,7.7,0.18,16.76,0.2,0.68,,,,,23.05,84.0,,225.75,,,,712.0,
2024-10-29 03:00:00,39.5,65.0,1.2,4.38,3.28,8.57,7.0,0.18,16.51,0.2,0.57,,,,,22.85,86.0,,227.5,,,,712.0,
2024-10-29 04:00:00,36.25,64.0,1.05,4.32,3.15,8.52,6.92,0.19,16.83,0.2,0.55,,,,,22.68,87.0,,218.75,,,,712.75,
2024-10-29 05:00:00,40.25,69.25,1.1,4.38,3.2,8.52,6.5,0.26,16.66,0.12,0.52,,,,,22.6,87.0,,240.0,,,,713.0,
2024-10-29 06:00:00,40.25,69.0,1.23,4.12,3.18,8.7,6.88,0.25,17.22,0.2,0.57,,,,,22.58,87.0,,251.5,,,,713.75,
2024-10-29 07:00:00,37.25,76.75,1.23,4.15,3.18,8.72,6.58,0.27,22.34,0.15,0.52,,,,,22.98,83.75,,237.25,,,,714.5,
2024-10-29 08:00:00,37.75,85.25,1.27,3.92,3.18,8.8,5.98,0.25,22.5,0.1,0.48,,,,,23.62,77.75,,230.25,,,,715.5,
2024-10-29 09:00:00,43.75,93.5,1.3,3.82,3.1,8.78,6.68,0.24,22.88,0.18,0.52,,,,,24.5,68.5,,228.75,,,,716.0,
2024-10-29 10:00:00,39.25,90.75,1.35,3.98,3.2,8.72,6.6,0.19,22.37,0.15,0.52,,,,,25.4,63.0,,213.0,,,,715.25,
2024-10-29 11:00:00,44.75,96.0,1.38,3.78,3.12,8.8,6.35,0.12,22.14,0.1,0.5,,,,,26.02,58.25,,250.75,,,,714.5,
2024-10-29 12:00:00,40.25,89.75,1.55,3.5,3.1,8.85,4.18,0.09,22.4,0.1,0.18,,,,,26.38,53.75,,224.5,,,,713.25,
2024-10-29 13:00:00,37.75,71.0,1.4,3.45,2.95,8.85,4.4,0.09,21.83,0.1,0.25,,,,,26.32,54.0,,204.0,,,,712.75,
2024-10-29 14:00:00,37.0,71.25,1.38,3.6,3.0,8.78,4.05,0.08,22.74,0.1,0.2,,,,,26.32,53.75,,227.25,,,,712.0,
2024-10-29 15:00:00,35.75,69.0,1.38,3.58,3.02,8.75,4.2,0.06,22.88,0.1,0.22,,,,,26.75,50.5,,211.0,,,,712.0,
2024-10-29 16:00:00,31.0,63.0,1.2,3.68,2.92,8.75,4.05,0.07,22.2,0.1,0.2,,,,,26.58,51.0,,219.75,,,,712.0,
2024-10-29 17:00:00,29.0,75.5,1.42,3.62,3.05,8.88,4.05,0.15,22.02,0.1,0.2,,,,,25.72,57.5,,196.25,,,,712.25,
2024-10-29 18:00:00,34.0,90.25,1.48,3.65,3.15,9.18,4.42,0.41,21.52,0.1,0.25,,,,,24.85,63.75,,192.5,,,,713.0,
2024-10-29 19:00:00,42.0,110.25,1.42,4.12,3.38,10.22,6.48,1.34,21.95,0.15,0.5,,,,,24.1,72.5,,176.5,,,,713.5,
2024-10-29 20:00:00,57.25,152.5,1.18,5.35,3.8,12.4,11.18,2.78,22.03,0.3,1.1,,,,,23.82,77.5,,182.25,,,,714.0,
2024-10-29 21:00:00,100.5,239.5,1.18,6.22,4.28,12.42,16.98,2.84,22.42,0.5,1.85,,,,,23.8,78.5,,226.75,,,,715.0,
2024-10-29 22:00:00,129.25,283.75,1.35,5.62,4.07,9.98,15.4,1.26,22.38,0.45,1.65,,,,,23.88,77.25,,289.0,,,,714.75,
2024-10-29 23:00:00,72.0,181.0,1.3,5.28,3.9,9.4,13.28,0.79,17.47,0.38,1.38,,,,,23.68,78.0,,304.75,,,,714.0,
2024-10-30 00:00:00,59.5,154.5,1.15,4.78,3.48,9.1,10.95,0.24,14.42,0.3,1.1,,,,,23.42,80.75,,304.25,,,,714.0,
2024-10-30 01:00:00,54.5,120.5,1.08,4.62,3.32,8.8,5.63,0.2,15.61,0.15,0.4,,,,,23.65,77.25,,214.25,,,,713.0,
2024-10-30 02:00:00,42.75,89.75,1.23,4.05,3.15,8.67,3.22,,14.58,,0.13,,,,,23.45,80.0,,209.0,,,,712.5,
2024-10-30 03:00:00,37.75,71.5,1.35,4.0,3.22,8.72,3.62,0.16,14.78,0.1,0.15,,,,,23.22,82.25,,210.5,,,,712.0,
2024-10-30 04:00:00,34.0,63.0,1.25,3.9,3.08,8.78,3.5,0.19,15.02,0.1,0.13,,,,,23.0,85.0,,197.75,,,,712.75,
2024-10-30 05:00:00,34.75,63.75,1.35,3.92,3.15,8.83,3.02,0.17,14.72,,0.1,,,,,22.88,86.75,,203.5,,,,713.25,
2024-10-30 06:00:00,37.5,77.25,1.35,3.88,3.15,8.9,3.75,0.24,15.01,0.1,0.15,,,,,22.8,88.0,,230.75,,,,714.0,
2024-10-30 07:00:00,40.5,87.25,1.18,3.97,3.05,8.98,3.08,0.26,15.16,,0.1,,,,,22.92,86.25,,216.0,,,,715.0,
2024-10-30 08:00:00,48.0,103.25,1.23,3.95,3.08,8.98,2.72,0.33,14.79,,,,,,,23.48,81.75,,219.5,,,,715.5,
2024-10-30 09:00:00,57.0,126.0,1.27,4.05,3.18,8.95,2.78,0.43,14.88,,0.1,,,,,24.5,74.5,,222.0,,,,716.0,
2024-10-30 10:00:00,57.5,135.25,1.27,3.98,3.12,8.98,3.22,0.46,14.79,,0.12,,,,,25.42,68.5,,235.25,,,,715.75,
2024-10-30 11:00:00,56.75,123.75,1.32,3.88,3.15,8.9,2.78,0.36,14.74,,0.1,,,,,25.42,67.75,,220.0,,,,714.75,
2024-10-30 12:00:00,50.0,111.75,1.5,3.62,3.15,8.93,2.1,0.24,21.9,,,,,,,25.42,68.25,,218.0,,,,714.0,
2024-10-30 13:00:00,48.25,100.5,1.2,3.8,2.98,9.0,2.02,0.34,22.32,,,,,,,25.35,64.75,,229.75,,,,713.0,
2024-10-30 14:00:00,43.75,102.0,1.23,3.75,3.0,9.22,2.72,0.52,20.68,,0.1,,,,,25.7,65.75,,201.5,,,,712.25,
2024-10-30 15:00:00,43.0,131.5,1.3,3.72,3.02,9.1,3.28,0.3,22.66,,0.1,,,,,24.58,69.25,,242.25,,,,712.75,
2024-10-30 16:00:00,33.25,80.75,1.38,3.48,2.95,9.2,3.45,0.36,22.3,,0.17,,,,,24.25,71.5,,243.0,,,,713.0,
2024-10-30 17:00:00,35.25,87.0,1.42,4.15,3.35,10.3,5.42,1.22,21.69,0.1,0.38,,,,,24.45,71.25,,125.0,,,,713.0,
2024-10-30 18:00:00,51.75,150.0,1.42,4.62,3.6,11.05,7.62,0.84,21.12,0.18,0.65,,,,,24.28,73.25,,146.25,,,,713.5,
2024-10-30 19:00:00,63.25,173.0,1.3,4.8,3.6,10.7,8.7,0.7,22.14,0.22,0.8,,,,,24.18,75.5,,147.0,,,,714.5,
2024-10-30 20:00:00,67.0,191.0,1.3,5.22,3.85,10.82,11.12,0.98,21.9,0.3,1.1,,,,,23.98,78.5,,161.0,,,,715.0,
2024-10-30 21:00:00,74.5,195.25,1.15,4.92,3.55,10.45,11.15,0.62,22.55,0.3,1.1,,,,,23.72,79.75,,174.0,,,,716.0,
2024-10-30 22:00:00,65.5,164.0,1.1,8.32,5.98,9.43,10.48,0.11,18.37,0.28,1.0,,,,,23.7,78.75,,142.75,,,,716.0,
2024-10-30 23:00:00,46.75,103.25,1.18,8.28,6.32,9.02,7.1,0.1,16.89,0.15,0.6,,,,,23.58,80.0,,180.0,,,,715.25,
2024-10-31 00:00:00,30.5,69.25,1.12,7.82,5.98,8.9,5.28,0.17,16.17,0.1,0.35,,,,,23.5,82.0,,183.75,,,,715.0,
2024-10-31 01:00:00,30.75,54.0,1.03,7.95,5.88,8.78,6.13,0.12,16.98,0.13,0.47,,,,,23.45,83.0,,79.0,,,,714.25,
2024-10-31 02:00:00,34.5,56.25,1.15,7.88,6.05,8.88,7.12,0.17,16.27,0.2,0.57,,,,,23.5,83.25,,168.0,,,,714.0,
2024-10-31 03:00:00,31.0,66.75,1.25,7.55,6.08,8.95,7.25,0.11,16.84,0.2,0.6,,,,,23.08,86.5,,188.0,,,,714.0,
2024-10-31 04:00:00,33.0,51.25,1.38,7.1,5.95,8.88,7.25,0.12,16.67,0.18,0.6,,,,,22.92,88.0,,201.75,,,,714.0,
2024-10-31 05:00:00,29.0,53.5,1.18,7.1,5.68,8.9,6.72,0.13,16.37,0.18,0.55,,,,,22.9,88.0,,213.5,,,,714.0,
2024-10-31 06:00:00,28.25,60.25,1.45,7.0,6.08,8.93,6.48,0.18,16.71,0.12,0.5,,,,,23.02,86.75,,228.5,,,,715.0,
2024-10-31 07:00:00,36.5,71.75,1.32,7.15,5.95,9.05,6.85,0.29,16.43,0.18,0.55,,,,,23.4,85.25,,263.75,,,,715.75,
2024-10-31 08:00:00,42.75,87.5,1.42,6.75,5.95,8.98,7.0,0.23,16.31,0.18,0.55,,,,,23.98,80.5,,213.5,,,,716.25,
2024-10-31 09:00:00,48.25,91.25,1.55,6.32,5.92,9.0,6.15,0.24,16.11,0.1,0.48,,,,,24.55,75.75,,215.0,,,,717.0,
2024-10-31 10:00:00,45.75,88.0,1.27,6.68,5.62,8.98,6.5,0.23,16.97,0.12,0.5,,,,,24.78,73.75,,216.75,,,,716.75,
2024-10-31 11:00:00,38.75,87.25,1.12,7.0,5.48,9.02,6.32,0.27,16.45,0.1,0.48,,,,,25.9,65.5,,220.0,,,,715.75,
2024-10-31 12:00:00,48.25,96.5,1.08,6.55,5.22,9.1,6.32,0.27,16.91,0.12,0.5,,,,,25.8,66.0,,247.0,,,,714.75,
2024-10-31 13:00:00,51.5,104.75,1.18,6.95,5.62,9.02,6.05,0.29,16.31,0.1,0.45,,,,,25.95,64.5,,241.75,,,,713.75,
2024-10-31 14:00:00,50.0,102.75,1.1,7.55,5.82,9.28,6.32,0.54,16.26,0.12,0.5,,,,,26.08,65.5,,202.5,,,,713.0,
2024-10-31 15:00:00,50.25,97.75,1.18,7.78,6.0,9.45,6.7,0.68,17.68,0.15,0.55,,,,,27.35,56.75,,188.25,,,,712.0,
2024-10-31 16:00:00,51.0,127.0,1.18,7.12,5.7,9.22,7.0,0.36,15.16,0.2,0.6,,,,,25.22,69.75,,205.75,,,,712.75,
2024-10-31 17:00:00,50.5,148.0,1.48,6.5,5.88,9.28,7.48,0.33,16.53,0.2,0.6,,,,,24.72,73.25,,213.25,,,,713.0,
2024-10-31 18:00:00,50.75,149.75,1.4,7.22,6.12,9.4,7.2,0.4,16.14,0.2,0.57,,,,,23.98,79.5,,198.75,,,,714.0,
2024-10-31 19:00:00,71.5,148.0,1.03,11.22,7.6,9.0,7.52,0.36,18.07,0.2,0.62,,,,,23.38,89.5,,224.25,,,,714.75,
2024-10-31 20:00:00,154.0,269.25,1.2,15.8,10.35,8.75,9.48,0.82,16.37,0.25,0.85,,,,,23.5,90.0,,256.25,,,,715.75,
2024-10-31 21:00:00,245.75,422.0,2.22,9.93,8.45,9.38,7.3,0.36,15.89,0.2,0.6,,,,,23.42,88.0,,187.0,,,,716.0,
2024-10-31 22:00:00,179.75,297.75,2.7,11.95,9.68,9.12,6.1,0.61,17.36,0.1,0.48,,,,,23.58,85.0,,125.25,,,,716.0,
2024-10-31 23:00:00,128.0,204.0,2.7,10.6,8.97,9.07,6.17,0.8,16.83,0.1,0.47,,,,,23.6,85.67,,106.67,,,,716.0,
2024-11-01 00:00:00,83.25,135.75,2.55,10.88,8.9,8.98,6.88,1.25,16.22,0.18,0.57,,,,,23.52,86.25,,152.5,,,,715.75,
2024-11-01 01:00:00,57.25,99.75,1.45,6.65,5.85,9.0,9.27,0.4,16.37,0.27,0.9,,,,,23.4,86.75,,203.25,,,,715.0,
2024-11-01 02:00:00,56.75,95.75,1.3,6.5,5.58,8.98,9.32,0.33,16.75,0.25,0.85,,,,,23.2,87.5,,183.0,,,,714.25,
2024-11-01 03:00:00,50.25,77.5,1.3,6.55,5.55,8.93,10.2,0.26,17.19,0.3,0.98,,,,,22.98,86.75,,206.25,,,,714.0,
2024-11-01 04:00:00,41.0,80.0,1.2,6.88,5.6,8.95,9.12,0.27,17.0,0.22,0.82,,,,,22.92,87.75,,137.25,,,,714.5,
2024-11-01 05:00:00,38.0,80.25,1.42,6.0,5.5,9.0,10.1,0.28,16.55,0.3,0.98,,,,,23.05,85.5,,191.25,,,,715.0,
2024-11-01 06:00:00,37.5,70.75,1.18,6.6,5.42,8.95,10.5,0.32,18.27,0.3,1.02,,,,,23.0,83.75,,221.0,,,,716.0,
2024-11-01 07:00:00,37.0,78.25,0.95,6.78,5.15,9.0,10.02,0.61,19.26,0.3,0.95,,,,,23.38,81.0,,180.75,,,,716.75,
2024-11-01 08:00:00,41.5,107.25,1.23,5.9,5.12,9.1,10.35,0.55,17.58,0.3,1.02,,,,,24.05,76.25,,205.25,,,,717.5,
2024-11-01 09:00:00,46.75,98.0,1.58,5.9,5.65,9.15,10.02,0.57,18.86,0.3,0.95,,,,,24.72,72.75,,181.0,,,,718.0,
2024-11-01 10:00:00,48.25,110.0,1.2,6.28,5.32,9.15,10.52,0.58,18.64,0.3,1.03,,,,,25.78,64.0,,206.25,,,,717.75,
2024-11-01 11:00:00,44.5,104.75,1.18,6.08,5.15,9.2,9.7,0.69,18.31,0.3,0.92,,,,,26.42,59.5,,249.5,,,,716.75,
2024-11-01 12:00:00,40.5,116.25,1.3,6.12,5.38,9.25,10.32,0.39,21.41,0.3,1.02,,,,,26.72,57.5,,195.75,,,,715.75,
2024-11-01 13:00:00,43.0,119.25,1.08,7.88,5.98,9.18,9.32,0.37,17.61,0.25,0.85,,,,,27.92,50.5,,200.75,,,,714.75,
2024-11-01 14:00:00,48.5,129.25,1.27,6.0,5.32,9.3,9.57,0.36,17.56,0.3,0.9,,,,,28.02,48.5,,205.0,,,,713.75,
2024-11-01 15:00:00,55.25,139.75,1.38,6.1,5.45,9.25,10.35,0.42,18.59,0.3,1.0,,,,,27.35,52.25,,205.25,,,,713.0,
2024-11-01 16:00:00,58.75,151.5,1.18,93.9,51.88,7.9,11.72,0.7,15.29,0.35,1.18,,,,,27.4,53.0,,221.25,,,,713.25,
2024-11-01 17:00:00,64.0,150.25,1.25,52.62,30.02,5.42,11.25,0.74,18.28,0.32,1.15,,,,,24.05,81.0,,202.0,,,,714.0,
2024-11-01 18:00:00,37.5,74.5,0.98,29.08,16.52,6.9,13.35,1.63,18.38,0.4,1.4,,,,,23.52,90.75,,228.75,,,,714.75,
2024-11-01 19:00:00,93.0,163.25,1.55,20.4,13.35,9.18,15.88,0.78,18.32,0.45,1.72,,,,,23.2,91.5,,198.5,,,,716.0,
2024-11-01 20:00:00,176.75,307.25,1.42,15.98,10.82,9.15,15.92,0.69,17.56,0.45,1.7,,,,,23.32,89.5,,123.5,,,,717.0,
2024-11-01 21:00:00,168.75,279.5,1.3,15.42,10.32,8.78,15.28,1.17,19.0,0.45,1.65,,,,,23.88,82.0,,169.0,,,,717.5,
2024-11-01 22:00:00,110.75,189.25,1.2,15.05,10.18,8.78,14.12,1.27,17.52,0.4,1.5,,,,,23.8,82.5,,143.5,,,,717.0,
2024-11-01 23:00:00,75.5,138.25,1.25,19.62,13.55,8.78,12.88,1.2,18.39,0.4,1.32,,,,,23.52,84.5,,182.0,,,,717.0,
2024-11-02 00:00:00,49.0,98.75,1.48,18.27,13.3,8.67,12.15,1.13,18.48,0.38,1.23,,,,,23.4,85.0,,137.5,,,,716.75,
2024-11-02 01:00:00,37.0,67.25,1.27,10.92,7.85,8.8,11.03,0.6,18.35,0.3,1.13,,,,,23.35,85.0,,126.5,,,,716.0,
2024-11-02 02:00:00,35.75,63.0,1.2,5.48,3.88,8.8,10.28,0.16,18.45,0.3,1.0,,,,,23.32,85.0,,159.0,,,,716.0,
2024-11-02 03:00:00,34.0,59.0,1.22,5.1,3.72,8.85,9.93,0.13,18.75,0.3,0.92,,,,,23.12,85.5,,92.75,,,,715.0,
2024-11-02 04:00:00,38.75,66.25,1.23,4.82,3.58,8.93,9.48,0.18,18.29,0.28,0.88,,,,,23.0,87.0,,173.5,,,,715.0,
2024-11-02 05:00:00,36.25,75.25,1.15,5.07,3.62,8.9,9.82,0.21,18.57,0.3,0.92,,,,,22.72,87.5,,207.75,,,,715.5,
2024-11-02 06:00:00,40.75,93.25,1.3,4.8,3.6,9.05,10.4,0.48,18.25,0.3,1.0,,,,,22.65,88.75,,266.5,,,,716.0,
2024-11-02 07:00:00,41.0,97.0,1.35,4.6,3.52,9.18,10.55,0.7,18.78,0.3,1.05,,,,,23.08,86.5,,204.25,,,,717.0,
2024-11-02 08:00:00,35.75,91.25,1.35,4.7,3.58,9.1,11.15,0.59,18.16,0.3,1.1,,,,,23.82,79.75,,229.75,,,,717.75,
2024-11-02 09:00:00,38.75,101.25,1.2,8.93,6.62,9.05,11.35,0.62,36.78,0.32,1.12,,,,,25.02,69.5,,189.0,,,,718.0,
2024-11-02 10:00:00,39.25,105.0,1.48,9.05,7.18,9.02,11.92,0.65,38.43,0.38,1.2,,,,,26.4,59.0,,150.25,,,,717.75,
2024-11-02 11:00:00,34.0,106.25,1.5,8.45,6.9,9.12,11.4,0.51,38.4,0.32,1.15,,,,,27.32,52.75,,181.0,,,,716.75,
2024-11-02 12:00:00,35.0,87.75,1.18,8.45,6.4,9.2,11.1,0.55,34.24,0.3,1.1,,,,,27.4,51.0,,186.5,,,,716.0,
2024-11-02 13:00:00,35.5,98.75,1.25,8.57,6.52,9.15,10.4,0.68,36.33,0.3,1.02,,,,,27.45,51.5,,168.75,,,,714.75,
2024-11-02 14:00:00,29.5,90.5,1.35,8.35,6.68,9.2,11.95,0.64,35.8,0.35,1.2,,,,,28.15,47.75,,176.75,,,,713.75,
2024-11-02 15:00:00,33.5,98.75,1.27,8.15,6.45,9.22,11.08,0.64,32.97,0.3,1.12,,,,,28.08,48.25,,170.75,,,,713.0,
2024-11-02 16:00:00,32.75,115.0,1.23,8.68,6.6,9.3,11.92,0.94,37.08,0.4,1.2,,,,,27.18,51.75,,166.75,,,,713.0,
2024-11-02 17:00:00,34.25,121.75,1.23,8.6,6.55,9.4,11.65,0.84,38.23,0.32,1.18,,,,,25.52,61.0,,246.5,,,,714.0,
2024-11-02 18:00:00,35.5,99.25,1.38,8.25,6.65,9.38,11.98,0.48,37.04,0.35,1.2,,,,,24.92,64.5,,212.75,,,,714.25,
2024-11-02 19:00:00,50.25,119.5,1.27,8.5,6.57,9.38,12.78,0.57,35.31,0.4,1.3,,,,,24.65,70.5,,145.25,,,,715.5,
2024-11-02 20:00:00,63.5,151.25,1.23,11.78,9.12,9.17,12.7,0.45,36.93,0.4,1.32,,,,,24.05,76.75,,142.0,,,,716.5,
2024-11-02 21:00:00,60.0,112.5,1.23,12.65,9.65,9.07,12.38,0.4,36.45,0.4,1.23,,,,,23.15,86.75,,154.0,,,,717.0,
2024-11-02 22:00:00,46.25,77.0,1.08,12.18,9.02,9.17,11.78,0.45,35.58,0.32,1.18,,,,,23.1,86.5,,131.75,,,,717.0,
2024-11-02 23:00:00,44.0,74.5,1.38,11.02,9.12,9.15,10.62,0.64,35.5,0.3,1.02,,,,,23.2,85.0,,135.75,,,,717.0,
2024-11-03 00:00:00,23.5,45.75,1.48,6.85,6.02,9.15,10.48,0.52,18.96,0.3,1.02,,,,,23.15,84.5,,152.0,,,,716.75,
2024-11-03 01:00:00,15.0,34.25,1.3,7.08,5.95,9.1,8.43,0.49,18.92,0.2,0.77,,,,,22.98,85.5,,168.25,,,,716.0,
2024-11-03 02:00:00,12.5,28.25,1.32,6.68,5.75,9.1,7.88,0.46,18.58,0.2,0.68,,,,,22.9,86.5,,128.5,,,,715.0,
2024-11-03 03:00:00,13.0,27.0,1.15,6.8,5.5,9.12,7.88,0.46,18.32,0.2,0.68,,,,,22.95,86.0,,161.0,,,,715.0,
2024-11-03 04:00:00,11.5,30.25,1.27,6.8,5.7,9.07,7.62,0.48,18.42,0.2,0.65,,,,,22.8,86.5,,195.25,,,,715.0,
2024-11-03 05:00:00,15.75,31.75,1.08,6.9,5.4,9.17,8.12,0.53,18.68,0.2,0.7,,,,,22.68,87.0,,158.75,,,,715.0,
2024-11-03 06:00:00,15.75,37.5,1.27,6.48,5.48,9.28,7.95,0.62,18.4,0.2,0.7,,,,,22.62,87.0,,141.0,,,,716.0,
2024-11-03 07:00:00,18.0,46.5,0.98,6.92,5.3,9.28,8.4,0.71,18.32,0.2,0.75,,,,,23.05,84.25,,89.25,,,,716.75,
2024-11-03 08:00:00,20.25,47.75,1.27,6.6,5.62,9.3,8.15,0.74,18.05,0.2,0.7,,,,,23.68,77.75,,156.5,,,,717.0,
2024-11-03 09:00:00,27.0,70.0,1.15,7.3,5.78,9.22,8.4,0.97,18.63,0.2,0.75,,,,,24.78,69.75,,164.5,,,,718.0,
2024-11-03 10:00:00,25.5,79.25,1.1,7.95,6.02,9.2,8.45,0.77,19.56,0.2,0.78,,,,,26.12,59.5,,163.25,,,,717.0,
2024-11-03 11:00:00,22.0,69.0,1.38,6.58,5.75,9.4,8.85,0.94,18.38,0.2,0.8,,,,,26.4,57.0,,176.25,,,,716.5,
2024-11-03 12:00:00,25.0,89.75,1.38,6.55,5.65,9.38,8.35,0.64,18.89,0.2,0.75,,,,,26.3,57.0,,177.5,,,,715.5,
2024-11-03 13:00:00,25.0,91.0,1.18,7.1,5.72,9.28,9.02,0.75,19.69,0.25,0.85,,,,,27.08,53.25,,170.0,,,,714.5,
2024-11-03 14:00:00,25.0,97.25,1.15,7.28,5.75,9.38,9.02,0.9,17.42,0.22,0.82,,,,,26.85,52.5,,168.25,,,,713.75,
2024-11-03 15:00:00,26.0,91.25,1.4,7.12,6.02,9.28,8.93,0.64,18.53,0.22,0.82,,,,,27.02,53.0,,152.0,,,,713.0,
2024-11-03 16:00:00,31.5,82.25,1.38,6.8,5.88,9.38,9.98,0.69,19.04,0.3,0.95,,,,,26.55,55.0,,200.0,,,,713.0,
2024-11-03 17:00:00,35.5,106.5,1.3,6.98,5.82,9.28,9.25,0.47,18.87,0.25,0.85,,,,,25.15,64.75,,179.5,,,,714.0,
2024-11-03 18:00:00,29.75,86.75,1.3,7.4,6.1,9.28,9.55,0.45,18.27,0.28,0.9,,,,,24.42,71.75,,233.5,,,,714.5,
2024-11-03 19:00:00,42.0,109.25,1.25,6.85,5.68,9.33,10.02,0.31,18.52,0.3,0.95,,,,,24.22,73.75,,175.5,,,,715.75,
2024-11-03 20:00:00,37.75,97.0,1.15,6.75,5.5,9.33,9.88,0.28,18.42,0.3,0.92,,,,,24.05,73.75,,202.25,,,,716.0,
2024-11-03 21:00:00,41.5,95.5,1.08,6.95,5.42,9.35,9.7,0.34,17.92,0.3,0.9,,,,,23.95,74.5,,139.75,,,,717.0,
2024-11-03 22:00:00,33.5,89.75,1.15,6.85,5.48,9.22,9.45,0.25,18.79,0.28,0.88,,,,,23.58,80.25,,161.5,,,,717.0,
2024-11-03 23:00:00,22.5,57.0,1.38,6.38,5.68,9.22,8.7,0.38,17.82,0.2,0.8,,,,,23.38,82.5,,119.5,,,,717.0,
2024-11-04 00:00:00,19.0,47.5,1.42,6.55,5.78,9.12,8.32,0.25,18.47,0.2,0.78,,,,,23.28,83.0,,121.0,,,,716.25,
2024-11-04 01:00:00,13.5,35.75,1.32,6.22,5.48,9.12,7.57,0.2,18.54,0.2,0.63,,,,,23.2,83.5,,145.0,,,,716.0,
2024-11-04 02:00:00,14.25,31.75,1.35,5.98,5.32,9.15,6.75,0.17,18.73,0.15,0.52,,,,,23.05,83.5,,159.5,,,,715.0,
2024-11-04 03:00:00,13.5,31.5,1.12,6.12,5.12,9.15,7.12,0.17,18.87,0.2,0.6,,,,,22.95,84.0,,156.25,,,,715.0,
2024-11-04 04:00:00,17.0,33.75,1.4,6.55,5.8,9.05,6.78,0.15,18.26,0.2,0.55,,,,,22.8,84.0,,157.75,,,,715.0,
2024-11-04 05:00:00,14.25,38.0,1.4,5.88,5.38,9.28,6.88,0.18,19.08,0.2,0.55,,,,,22.75,83.0,,163.75,,,,715.0,
2024-11-04 06:00:00,17.75,48.0,1.18,6.05,5.12,9.33,6.98,0.38,18.25,0.2,0.55,,,,,22.75,83.75,,192.75,,,,715.25,
2024-11-04 07:00:00,27.0,70.0,1.4,6.25,5.6,9.28,7.93,0.53,18.87,0.2,0.7,,,,,23.12,81.75,,150.0,,,,716.0,
2024-11-04 08:00:00,30.25,98.5,1.08,6.5,5.22,9.4,7.98,0.82,18.68,0.2,0.7,,,,,23.82,75.75,,163.0,,,,717.0,
2024-11-04 09:00:00,31.0,106.5,1.23,7.25,5.85,9.5,9.15,1.44,18.68,0.25,0.85,,,,,24.7,69.75,,162.75,,,,717.0,
2024-11-04 10:00:00,31.75,136.75,1.2,6.82,5.58,9.5,9.6,1.23,18.42,0.3,0.9,,,,,25.28,64.0,,144.0,,,,716.75,
2024-11-04 11:00:00,35.25,113.5,1.2,8.65,6.5,9.4,9.2,0.78,21.58,0.25,0.85,,,,,26.18,56.25,,177.5,,,,715.75,
2024-11-04 12:00:00,36.0,101.25,1.02,14.7,9.5,9.07,7.2,0.49,27.35,0.2,0.6,,,,,26.55,54.0,,190.0,,,,714.5,
2024-11-04 13:00:00,27.25,81.0,1.5,9.3,7.38,9.55,6.1,0.58,27.8,0.1,0.48,,,,,26.38,54.5,,156.75,,,,713.75,
2024-11-04 14:00:00,26.75,83.75,1.18,7.08,5.65,9.35,6.28,0.28,27.33,0.12,0.48,,,,,27.1,50.25,,180.0,,,,712.75,
2024-11-04 15:00:00,22.5,65.75,1.08,8.05,6.02,9.3,7.48,0.29,27.4,0.2,0.62,,,,,27.48,48.25,,239.25,,,,712.0,
2024-11-04 16:00:00,22.0,76.25,1.2,6.95,5.62,9.95,8.28,0.77,27.38,0.22,0.7,,,,,25.4,63.0,,171.25,,,,712.25,
2024-11-04 17:00:00,26.25,98.0,1.15,8.65,6.42,9.8,7.92,0.7,26.73,0.2,0.68,,,,,24.75,66.5,,191.0,,,,713.0,
2024-11-04 18:00:00,28.0,85.75,0.98,12.25,8.1,9.65,7.15,0.91,26.8,0.2,0.57,,,,,24.1,75.75,,217.75,,,,713.75,
2024-11-04 19:00:00,23.25,78.25,1.55,8.35,6.95,10.15,8.78,0.65,27.53,0.22,0.82,,,,,24.05,75.0,,137.75,,,,715.0,
2024-11-04 20:00:00,28.25,83.0,1.3,7.65,6.2,9.17,7.15,0.44,27.78,0.2,0.57,,,,,23.75,76.25,,155.5,,,,716.0,
2024-11-04 21:00:00,30.25,73.5,1.1,10.52,7.4,8.88,7.6,0.45,27.24,0.2,0.65,,,,,23.58,76.25,,139.25,,,,716.0,
2024-11-04 22:00:00,23.25,59.75,1.58,6.92,6.3,9.43,6.98,0.35,27.36,0.18,0.55,,,,,23.25,77.25,,130.5,,,,716.0,
2024-11-04 23:00:00,19.25,49.0,1.45,5.95,5.52,9.15,5.8,0.31,26.72,0.1,0.43,,,,,22.98,80.0,,180.25,,,,716.0,
2024-11-05 00:00:00,22.75,45.25,1.1,7.62,5.85,8.07,6.3,0.26,20.66,0.1,0.5,,,,,22.8,83.5,,126.5,,,,716.0,
2024-11-05 01:00:00,21.5,41.25,1.08,9.57,6.88,7.95,6.83,0.25,17.9,0.17,0.53,,,,,22.78,85.25,,180.75,,,,715.25,
2024-11-05 02:00:00,20.0,34.0,1.38,7.12,6.02,8.82,7.38,0.34,18.41,0.2,0.65,,,,,22.45,85.0,,148.75,,,,715.0,
2024-11-05 03:00:00,21.0,29.25,1.38,5.58,5.2,8.8,6.88,0.3,18.46,0.2,0.55,,,,,22.15,85.75,,173.5,,,,715.0,
2024-11-05 04:00:00,23.5,35.5,1.23,5.95,5.12,8.75,7.45,0.34,18.48,0.2,0.62,,,,,22.02,87.25,,131.0,,,,715.0,
2024-11-05 05:00:00,22.5,44.75,1.23,6.45,5.42,8.65,7.38,0.38,18.37,0.2,0.62,,,,,21.85,88.0,,157.75,,,,715.0,
2024-11-05 06:00:00,25.5,55.25,1.35,6.08,5.42,9.02,8.52,0.48,18.34,0.22,0.78,,,,,21.9,87.75,,160.5,,,,716.0,
2024-11-05 07:00:00,30.75,81.0,1.3,6.25,5.42,9.78,9.07,0.76,18.35,0.22,0.82,,,,,22.25,84.5,,161.5,,,,717.0,
2024-11-05 08:00:00,33.75,107.0,1.15,6.62,5.42,9.95,9.88,0.93,25.07,0.3,0.92,,,,,23.02,76.25,,150.0,,,,717.0,
2024-11-05 09:00:00,38.75,106.25,1.3,6.8,5.75,10.4,10.0,1.76,27.62,0.3,0.95,,,,,24.4,65.0,,157.0,,,,717.0,
2024-11-05 10:00:00,45.25,135.5,1.38,6.75,5.85,10.12,10.78,1.39,26.92,0.3,1.05,,,,,25.8,56.0,,162.75,,,,717.0,
2024-11-05 11:00:00,38.5,116.5,1.3,6.55,5.58,9.88,11.38,1.07,26.79,0.35,1.12,,,,,25.98,54.5,,167.5,,,,716.5,
2024-11-05 12:00:00,31.75,94.75,1.23,6.58,5.5,9.95,10.4,0.39,27.3,0.3,1.0,,,,,26.38,51.75,,161.75,,,,715.0,
2024-11-05 13:00:00,27.5,80.75,1.18,6.8,5.55,10.42,11.12,0.38,27.8,0.3,1.1,,,,,27.32,47.0,,185.5,,,,714.25,
2024-11-05 14:00:00,34.5,84.0,1.23,6.32,5.35,10.2,10.18,0.31,27.86,0.3,1.0,,,,,27.02,48.0,,178.5,,,,713.5,
2024-11-05 15:00:00,33.25,83.0,1.18,6.42,5.3,10.05,10.28,0.43,27.3,0.3,0.98,,,,,26.95,47.5,,186.75,,,,713.0,
2024-11-05 16:00:00,36.25,109.75,1.27,7.25,5.98,11.45,11.72,1.23,27.62,0.35,1.2,,,,,26.22,50.5,,174.75,,,,713.25,
2024-11-05 17:00:00,42.5,146.5,1.32,7.28,6.05,11.1,13.38,1.07,26.72,0.4,1.4,,,,,25.02,56.25,,255.0,,,,714.0,
2024-11-05 18:00:00,39.25,145.5,1.27,7.45,6.08,11.22,14.08,0.96,27.35,0.4,1.5,,,,,24.05,62.5,,166.75,,,,715.0,
2024-11-05 19:00:00,37.75,138.0,1.27,8.2,6.42,11.95,15.52,1.78,27.03,0.48,1.68,,,,,23.75,66.5,,239.75,,,,715.75,
2024-11-05 20:00:00,51.25,162.25,1.2,7.8,6.1,11.7,17.73,1.62,27.43,0.55,1.98,,,,,23.52,69.0,,250.75,,,,716.5,
2024-11-05 21:00:00,57.0,149.5,1.2,7.35,5.92,11.38,17.73,1.21,27.78,0.5,1.98,,,,,23.32,71.0,,176.5,,,,717.0,
2024-11-05 22:00:00,52.0,136.75,1.23,7.3,5.92,10.48,16.23,0.54,26.78,0.48,1.72,,,,,23.05,73.5,,82.0,,,,717.0,
2024-11-05 23:00:00,45.75,133.25,1.08,6.98,5.48,9.85,14.08,0.17,27.42,0.4,1.5,,,,,22.85,75.25,,227.75,,,,717.0,
2024-11-06 00:00:00,46.0,112.75,1.32,6.4,5.55,9.38,12.2,0.41,27.47,0.38,1.27,,,,,22.48,78.75,,188.25,,,,716.0,
2024-11-06 01:00:00,49.75,100.0,1.3,6.0,5.3,9.55,10.9,0.23,28.06,0.3,1.07,,,,,22.38,79.5,,214.75,,,,715.75,
2024-11-06 02:00:00,48.75,91.5,1.25,6.0,5.18,9.07,10.15,0.15,27.35,0.3,0.95,,,,,22.18,80.5,,256.5,,,,715.0,
2024-11-06 03:00:00,39.25,90.0,1.23,5.65,4.97,8.98,8.93,0.1,27.56,0.22,0.82,,,,,22.0,82.0,,226.0,,,,715.0,
2024-11-06 04:00:00,38.25,82.75,1.27,5.7,5.1,9.02,8.52,0.12,27.45,0.2,0.78,,,,,21.8,83.5,,67.25,,,,715.0,
2024-11-06 05:00:00,33.75,87.25,1.25,5.65,5.03,9.05,8.7,0.15,27.54,0.2,0.78,,,,,21.62,85.5,,89.0,,,,715.75,
2024-11-06 06:00:00,37.5,87.5,1.35,5.65,5.18,9.4,8.9,0.52,27.22,0.22,0.82,,,,,21.52,87.0,,276.0,,,,716.5,
2024-11-06 07:00:00,45.0,104.75,1.23,6.22,5.35,9.7,9.5,1.06,27.5,0.28,0.9,,,,,22.12,84.0,,242.75,,,,717.0,
2024-11-06 08:00:00,54.5,143.75,1.05,6.52,5.2,10.3,10.8,1.41,28.4,0.3,1.08,,,,,23.22,69.25,,208.25,,,,717.75,
2024-11-06 09:00:00,58.5,181.25,1.2,6.82,5.58,11.2,12.5,2.14,27.02,0.4,1.27,,,,,24.55,58.5,,141.25,,,,718.0,
2024-11-06 10:00:00,64.0,197.25,1.08,6.55,5.25,10.88,12.78,1.72,26.22,0.4,1.32,,,,,25.88,51.0,,132.25,,,,717.5,
2024-11-06 11:00:00,59.0,171.0,1.15,6.15,5.18,10.38,10.8,1.41,25.83,0.3,1.08,,,,,26.62,48.25,,131.0,,,,716.75,
2024-11-06 12:00:00,61.5,165.25,1.35,6.35,5.58,10.15,11.05,0.38,28.61,0.3,1.1,,,,,27.3,44.75,,163.25,,,,715.5,
2024-11-06 13:00:00,60.5,149.5,1.25,6.3,5.42,10.6,10.82,0.6,28.24,0.3,1.08,,,,,27.52,44.25,,147.75,,,,714.5,
2024-11-06 14:00:00,60.75,153.0,1.25,6.15,5.28,10.92,10.88,0.7,26.5,0.3,1.1,,,,,27.18,44.75,,149.0,,,,713.75,
2024-11-06 15:00:00,54.75,143.75,1.18,6.18,5.25,10.55,10.82,0.59,28.22,0.3,1.1,,,,,26.65,46.0,,143.0,,,,714.0,
2024-11-06 16:00:00,48.0,128.0,1.3,6.2,5.38,10.38,11.32,0.66,27.43,0.3,1.12,,,,,26.0,47.75,,171.5,,,,714.0,
2024-11-06 17:00:00,50.0,149.0,1.42,6.95,6.0,11.68,11.95,1.26,27.66,0.35,1.2,,,,,25.42,52.0,,149.5,,,,714.0,
2024-11-06 18:00:00,57.75,184.25,1.3,7.12,5.85,11.35,13.7,1.16,26.96,0.4,1.42,,,,,24.55,59.0,,249.5,,,,714.75,
2024-11-06 19:00:00,64.0,178.75,1.27,7.7,6.12,11.68,15.3,1.58,28.21,0.45,1.65,,,,,24.38,61.75,,138.5,,,,715.75,
2024-11-06 20:00:00,65.0,167.0,1.5,7.45,6.35,10.9,14.6,0.99,27.15,0.4,1.52,,,,,24.38,62.75,,160.0,,,,716.25,
2024-11-06 21:00:00,56.75,158.75,1.25,6.72,5.6,10.45,13.4,0.52,27.52,0.4,1.4,,,,,23.98,64.75,,192.75,,,,716.0,
2024-11-06 22:00:00,48.5,145.25,1.18,6.25,5.25,10.72,13.48,0.22,26.5,0.4,1.4,,,,,23.85,66.25,,137.5,,,,716.0,
2024-11-06 23:00:00,43.75,121.25,1.23,5.82,5.1,9.78,12.68,,27.39,0.4,1.3,,,,,23.45,72.5,,109.0,,,,716.0,
2024-11-07 00:00:00,43.0,106.0,1.25,5.7,5.08,9.4,11.18,0.4,28.42,0.3,1.1,,,,,23.15,77.25,,126.0,,,,715.25,
2024-11-07 01:00:00,43.75,91.25,1.18,5.1,4.62,9.43,7.8,0.37,28.45,0.2,0.67,,,,,22.95,78.5,,171.0,,,,715.0,
2024-11-07 02:00:00,45.25,84.0,1.23,6.0,5.18,9.0,7.72,0.24,26.18,0.2,0.68,,,,,23.08,78.0,,99.25,,,,714.25,
2024-11-07 03:00:00,43.75,86.5,0.72,9.25,6.1,9.12,6.8,0.26,26.36,0.18,0.55,,,,,23.02,79.5,,126.25,,,,714.0,
2024-11-07 04:00:00,45.25,85.5,1.2,11.8,8.1,9.7,6.6,0.35,26.44,0.2,0.5,,,,,22.82,82.5,,179.75,,,,714.0,
2024-11-07 05:00:00,44.0,87.25,,,,,,0.39,26.24,,,,,,,,,,,,,,,
2024-11-07 06:00:00,45.5,92.5,,,,,,0.63,19.82,,,,,,,,,,,,,,,
2024-11-07 07:00:00,47.5,122.75,,,,,,1.23,24.26,,,,,,,,,,,,,,,
2024-11-07 08:00:00,66.75,167.5,,,,,,1.84,23.46,,,,,,,,,,,,,,,
2024-11-07 09:00:00,66.0,151.5,,,,,,1.9,31.92,,,,,,,,,,,,,,,
2024-11-07 10:00:00,64.75,150.5,1.55,6.95,6.25,10.75,11.87,0.44,43.0,0.37,1.2,,,,,26.15,59.0,,127.0,,,,717.0,
2024-11-07 11:00:00,59.5,136.0,1.58,5.68,5.6,10.8,12.45,0.36,27.34,0.38,1.27,,,,,25.9,60.0,,122.25,,,,716.5,
2024-11-07 12:00:00,55.0,121.25,1.4,5.48,5.15,10.55,11.8,1.05,27.14,0.32,1.2,,,,,25.45,63.0,,127.5,,,,715.25,
2024-11-07 13:00:00,53.0,137.0,1.23,6.4,5.4,10.95,14.02,1.43,26.28,0.4,1.48,,,,,25.15,64.5,,113.75,,,,714.75,
2024-11-07 14:00:00,45.75,128.75,1.3,5.88,5.2,10.07,14.45,0.72,27.16,0.4,1.5,,,,,25.1,64.75,,136.75,,,,714.0,
2024-11-07 15:00:00,44.25,128.25,1.27,5.42,4.97,10.2,14.5,0.84,26.47,0.4,1.52,,,,,24.88,66.5,,177.25,,,,714.0,
2024-11-07 16:00:00,52.25,124.25,1.3,5.55,5.03,11.15,11.6,1.39,27.8,0.33,1.17,,,,,24.8,65.5,,148.0,,,,714.0,
2024-11-07 17:00:00,51.75,135.0,1.23,5.65,5.02,10.82,12.02,1.51,26.94,0.38,1.2,,,,,24.78,65.25,,211.75,,,,714.5,
2024-11-07 18:00:00,39.0,122.75,1.02,5.15,4.42,10.1,12.12,0.48,26.79,0.35,1.23,,,,,24.12,73.0,,208.0,,,,715.25,
2024-11-07 19:00:00,38.0,105.75,1.25,4.65,4.55,9.55,11.25,0.72,26.34,0.32,1.1,,,,,23.8,76.0,,177.75,,,,716.0,
2024-11-07 20:00:00,35.25,110.5,1.2,4.82,4.53,9.72,10.68,0.71,20.16,0.3,1.02,,,,,23.68,77.25,,113.25,,,,717.0,
2024-11-07 21:00:00,33.75,98.75,1.38,4.4,4.6,9.12,12.3,0.39,29.7,0.38,1.27,,,,,23.52,78.25,,176.0,,,,717.0,
2024-11-07 22:00:00,25.75,68.25,1.23,4.2,4.22,8.68,9.83,0.32,25.28,0.3,0.92,,,,,23.25,80.75,,151.0,,,,717.0,
2024-11-07 23:00:00,22.25,63.25,1.3,3.88,4.18,8.75,9.93,0.1,27.58,0.28,0.95,,,,,23.02,83.25,,154.0,,,,716.0,
2024-11-08 00:00:00,23.5,44.75,1.35,3.68,4.15,8.72,10.88,0.44,27.18,0.32,1.05,,,,,22.75,85.5,,142.0,,,,716.0,
2024-11-08 01:00:00,24.5,40.5,1.1,3.85,3.85,8.55,10.7,0.39,26.78,0.3,1.03,,,,,22.55,87.25,,164.5,,,,715.0,
2024-11-08 02:00:00,26.5,41.0,1.27,3.75,4.07,8.45,9.15,0.34,26.45,0.22,0.82,,,,,22.38,88.25,,189.25,,,,715.0,
2024-11-08 03:00:00,34.0,44.25,1.23,3.62,3.95,8.35,9.7,0.29,26.3,0.3,0.9,,,,,22.2,88.0,,183.75,,,,715.0,
2024-11-08 04:00:00,24.5,35.25,1.15,3.92,4.0,8.38,10.15,0.26,28.68,0.3,0.98,,,,,22.08,88.75,,168.5,,,,715.0,
2024-11-08 05:00:00,23.75,37.25,1.2,3.62,3.88,8.68,10.72,0.38,27.12,0.3,1.05,,,,,21.95,90.0,,165.25,,,,715.0,
2024-11-08 06:00:00,25.75,51.75,1.12,4.12,4.0,8.57,9.3,0.57,21.83,0.25,0.88,,,,,21.8,90.75,,142.0,,,,716.0,
2024-11-08 07:00:00,27.25,65.5,1.3,4.28,4.38,9.15,9.82,1.11,17.06,0.28,0.92,,,,,22.18,88.0,,120.25,,,,716.25,
2024-11-08 08:00:00,35.5,97.25,1.2,4.58,4.38,9.28,10.05,1.64,20.33,0.3,0.95,,,,,23.28,76.25,,153.75,,,,717.0,
2024-11-08 09:00:00,39.0,114.25,1.18,4.35,4.22,9.4,9.93,1.86,19.11,0.3,0.92,,,,,24.65,63.25,,144.0,,,,717.0,
2024-11-08 10:00:00,34.75,109.25,1.1,4.7,4.3,9.43,10.58,2.07,20.48,0.3,1.02,,,,,26.05,52.5,,111.75,,,,716.75,
2024-11-08 11:00:00,32.0,110.75,1.12,4.8,4.35,9.32,10.58,1.45,18.4,0.3,1.02,,,,,27.02,47.5,,130.5,,,,715.75,
2024-11-08 12:00:00,32.75,104.5,1.25,4.25,4.28,8.95,10.58,0.3,18.15,0.3,1.02,,,,,27.55,44.0,,148.75,,,,714.75,
2024-11-08 13:00:00,27.0,78.0,1.05,4.32,4.03,9.05,10.0,0.48,17.04,0.3,0.95,,,,,27.68,43.0,,161.25,,,,714.0,
2024-11-08 14:00:00,32.0,74.0,1.38,3.97,4.32,9.15,10.78,0.34,17.57,0.3,1.08,,,,,27.98,42.5,,169.5,,,,713.25,
2024-11-08 15:00:00,37.0,80.5,1.32,4.15,4.4,9.12,10.95,0.61,19.28,0.3,1.08,,,,,27.35,45.25,,213.0,,,,713.0,
2024-11-08 16:00:00,33.0,107.5,1.02,4.5,4.1,9.57,11.58,0.69,17.55,0.35,1.18,,,,,26.52,47.5,,174.0,,,,713.0,
2024-11-08 17:00:00,32.25,105.0,1.05,5.15,4.47,10.2,12.6,1.3,17.7,0.4,1.3,,,,,25.75,51.25,,236.25,,,,713.75,
2024-11-08 18:00:00,41.0,109.75,1.32,4.85,4.75,9.68,12.88,0.86,18.17,0.4,1.3,,,,,24.58,60.25,,210.25,,,,714.75,
2024-11-08 19:00:00,44.5,104.5,1.45,4.57,4.8,9.45,12.62,0.63,17.82,0.38,1.3,,,,,24.58,62.25,,126.25,,,,715.75,
2024-11-08 20:00:00,36.75,97.5,1.3,4.32,4.4,9.32,12.32,0.48,17.29,0.35,1.27,,,,,24.08,67.0,,155.5,,,,716.0,
2024-11-08 21:00:00,34.5,83.5,1.12,4.65,4.35,9.48,13.02,0.23,18.54,0.4,1.38,,,,,23.68,73.0,,141.25,,,,717.0,
2024-11-08 22:00:00,28.75,60.25,1.25,4.1,4.22,9.0,11.48,0.27,16.59,0.32,1.18,,,,,23.12,78.25,,160.0,,,,716.5,
2024-11-08 23:00:00,23.25,51.0,1.05,4.18,3.92,9.07,12.92,0.26,18.58,0.38,1.32,,,,,22.9,81.0,,185.75,,,,716.0,
2024-11-09 00:00:00,17.5,51.0,1.27,3.88,4.18,8.78,11.8,0.17,15.35,0.35,1.18,,,,,22.7,83.75,,159.25,,,,716.0,
2024-11-09 01:00:00,15.75,32.75,1.3,3.8,4.1,8.8,10.6,0.1,19.26,0.3,1.03,,,,,22.62,84.0,,145.25,,,,715.0,
2024-11-09 02:00:00,14.25,31.25,1.18,3.9,4.05,8.65,9.32,0.03,18.07,0.28,0.88,,,,,22.48,84.25,,140.25,,,,715.0,
2024-11-09 03:00:00,12.75,27.75,1.05,3.85,3.8,8.57,7.2,0.02,18.57,0.18,0.6,,,,,22.3,85.0,,137.75,,,,715.0,
2024-11-09 04:00:00,14.75,25.0,1.27,3.6,3.92,8.48,7.88,,17.89,0.2,0.7,,,,,22.1,86.0,,170.0,,,,715.0,
2024-11-09 05:00:00,16.25,30.75,1.25,3.9,4.08,8.38,8.5,0.07,19.02,0.2,0.78,,,,,21.92,86.5,,175.0,,,,715.75,
2024-11-09 06:00:00,23.0,42.25,0.92,4.35,3.82,8.5,9.05,0.58,18.31,0.22,0.82,,,,,21.82,88.0,,106.25,,,,716.25,
2024-11-09 07:00:00,26.0,59.75,1.38,3.95,4.32,8.9,9.35,0.96,18.32,0.3,0.9,,,,,22.4,83.25,,201.75,,,,717.0,
2024-11-09 08:00:00,34.25,83.75,1.2,4.3,4.28,9.35,10.82,1.26,19.5,0.3,1.08,,,,,23.48,70.0,,153.0,,,,717.5,
2024-11-09 09:00:00,32.25,86.25,1.25,4.57,4.42,9.25,10.9,1.21,19.94,0.3,1.08,,,,,24.68,59.75,,136.5,,,,718.0,
2024-11-09 10:00:00,32.25,85.25,1.48,4.3,4.68,9.28,11.95,1.3,29.18,0.38,1.2,,,,,25.95,49.5,,134.5,,,,717.0,
2024-11-09 11:00:00,29.5,79.5,1.45,4.38,4.65,9.0,11.52,1.13,30.43,0.35,1.15,,,,,26.8,42.25,,123.5,,,,716.25,
2024-11-09 12:00:00,28.0,74.5,1.05,4.6,4.18,9.35,12.5,0.6,29.33,0.38,1.3,,,,,27.0,42.5,,143.5,,,,715.25,
2024-11-09 13:00:00,26.75,70.0,1.12,4.85,4.35,9.38,13.58,0.9,28.28,0.43,1.42,,,,,27.08,43.0,,152.75,,,,714.25,
2024-11-09 14:00:00,23.5,84.0,1.15,4.78,4.4,9.52,14.48,0.9,29.98,0.4,1.52,,,,,28.02,38.75,,151.0,,,,713.75,
2024-11-09 15:00:00,25.5,74.0,1.32,4.7,4.68,9.22,14.62,0.85,28.85,0.4,1.52,,,,,27.65,41.0,,154.0,,,,713.0,
2024-11-09 16:00:00,28.75,84.75,1.23,4.7,4.5,9.25,12.95,1.11,29.81,0.4,1.32,,,,,26.75,45.0,,159.5,,,,713.75,
2024-11-09 17:00:00,35.5,101.25,1.1,5.05,4.45,9.48,13.28,1.45,28.36,0.4,1.38,,,,,25.25,51.75,,185.75,,,,714.25,
2024-11-09 18:00:00,37.75,106.5,1.18,5.03,4.57,9.5,14.08,0.76,29.38,0.4,1.48,,,,,24.15,56.75,,232.0,,,,715.0,
2024-11-09 19:00:00,34.75,103.25,1.18,4.65,4.38,9.85,15.58,0.98,29.0,0.48,1.68,,,,,23.75,59.0,,224.25,,,,715.75,
2024-11-09 20:00:00,43.75,103.5,1.38,5.1,4.92,9.02,16.5,0.78,29.42,0.5,1.8,,,,,23.4,60.75,,202.75,,,,716.0,
2024-11-09 21:00:00,34.5,89.5,1.2,4.68,4.4,8.82,15.75,0.24,28.85,0.48,1.72,,,,,23.22,64.25,,223.0,,,,716.75,
2024-11-09 22:00:00,29.25,85.75,1.15,4.75,4.32,9.22,13.73,0.48,29.26,0.4,1.42,,,,,22.92,69.0,,157.0,,,,717.0,
2024-11-09 23:00:00,34.5,101.75,1.32,4.18,4.4,9.1,14.78,0.2,27.44,0.4,1.58,,,,,22.72,72.75,,217.25,,,,716.5,
2024-11-10 00:00:00,30.0,89.0,1.1,3.62,3.72,9.05,12.4,0.22,27.25,0.35,1.25,,,,,22.62,78.75,,123.5,,,,716.0,
2024-11-10 01:00:00,36.0,56.0,1.23,4.1,4.2,8.48,9.03,0.14,27.7,0.23,0.83,,,,,22.48,82.75,,138.25,,,,716.0,
2024-11-10 02:00:00,34.5,54.0,1.15,4.15,4.07,8.4,9.07,0.06,28.34,0.25,0.85,,,,,22.2,86.75,,124.75,,,,715.5,
2024-11-10 03:00:00,30.75,51.0,1.15,4.03,4.08,8.4,8.65,0.03,30.76,0.25,0.8,,,,,21.95,88.0,,163.75,,,,715.0,
2024-11-10 04:00:00,31.75,57.25,1.2,3.58,3.82,8.85,6.78,0.03,29.77,0.18,0.55,,,,,21.62,89.0,,236.25,,,,715.0,
2024-11-10 05:00:00,28.75,51.25,1.12,3.95,3.92,8.8,7.15,0.06,28.97,0.18,0.6,,,,,21.55,90.0,,225.5,,,,715.75,
2024-11-10 06:00:00,32.25,61.5,1.2,4.05,4.08,8.98,8.28,0.63,28.61,0.2,0.72,,,,,21.58,90.75,,168.25,,,,716.0,
2024-11-10 07:00:00,38.75,77.5,1.35,3.95,4.28,8.98,7.82,0.78,27.24,0.2,0.65,,,,,22.0,88.0,,122.5,,,,716.75,
2024-11-10 08:00:00,47.25,93.75,1.25,4.35,4.32,8.88,10.45,0.93,29.12,0.28,1.0,,,,,23.05,77.75,,127.0,,,,717.0,
2024-11-10 09:00:00,48.25,92.25,1.4,4.38,4.62,9.2,10.32,0.95,30.68,0.3,0.98,,,,,24.45,63.25,,149.5,,,,717.75,
2024-11-10 10:00:00,46.25,90.25,1.18,4.55,4.25,9.3,10.38,0.32,29.28,0.3,1.03,,,,,26.02,51.0,,132.5,,,,717.0,
2024-11-10 11:00:00,37.75,88.25,1.18,4.82,4.47,9.52,8.45,0.48,29.98,0.2,0.75,,,,,26.65,44.0,,123.75,,,,716.0,
2024-11-10 12:00:00,36.25,81.25,1.35,4.5,4.6,9.38,10.28,0.54,29.81,0.3,0.98,,,,,27.4,40.5,,149.75,,,,715.0,
2024-11-10 13:00:00,35.25,82.75,1.38,4.0,4.32,8.98,10.38,0.44,28.78,0.3,1.02,,,,,27.32,41.5,,127.25,,,,714.0,
2024-11-10 14:00:00,38.0,75.0,1.35,4.18,4.45,8.8,9.05,0.61,28.18,0.22,0.82,,,,,27.58,40.25,,172.25,,,,713.0,
2024-11-10 15:00:00,36.5,73.75,1.48,4.05,4.58,9.1,8.38,0.65,29.07,0.2,0.75,,,,,27.3,40.75,,140.25,,,,713.0,
2024-11-10 16:00:00,39.75,80.75,1.4,4.45,4.65,8.93,8.28,0.74,28.92,0.2,0.72,,,,,27.08,41.5,,156.25,,,,713.0,
2024-11-10 17:00:00,44.75,89.5,1.2,4.5,4.32,8.98,7.8,1.01,29.22,0.2,0.68,,,,,25.48,47.0,,221.25,,,,714.0,
2024-11-10 18:00:00,66.0,100.75,1.42,4.5,4.7,9.0,9.02,0.94,29.1,0.22,0.82,,,,,24.2,54.25,,253.5,,,,714.0,
2024-11-10 19:00:00,53.75,109.75,1.32,5.08,4.82,9.18,10.8,1.62,28.89,0.3,1.05,,,,,23.9,58.75,,167.75,,,,715.0,
2024-11-10 20:00:00,61.25,126.25,1.3,6.7,6.7,9.22,11.12,1.34,18.24,0.3,1.1,,,,,23.82,61.0,,193.75,,,,716.0,
2024-11-10 21:00:00,59.75,113.5,1.23,6.9,6.62,9.02,11.85,1.15,17.92,0.35,1.18,,,,,23.62,64.5,,155.25,,,,716.0,
2024-11-10 22:00:00,61.75,109.25,1.18,6.42,6.22,8.98,12.8,0.78,17.3,0.4,1.32,,,,,23.15,71.0,,170.25,,,,716.0,
2024-11-10 23:00:00,57.75,105.75,1.25,6.28,6.35,8.9,12.52,0.48,17.73,0.38,1.3,,,,,22.85,77.0,,119.75,,,,716.0,
2024-11-11 00:00:00,48.25,88.5,1.42,5.48,6.42,8.45,11.35,0.26,17.79,0.3,1.12,,,,,22.65,79.5,,175.75,,,,715.5,
2024-11-11 01:00:00,47.75,71.25,1.27,5.55,6.0,8.22,9.5,0.16,17.88,0.27,0.87,,,,,22.45,82.75,,212.75,,,,715.0,
2024-11-11 02:00:00,44.25,58.0,1.32,6.12,6.52,8.32,7.9,0.29,17.67,0.2,0.7,,,,,22.25,85.25,,183.75,,,,714.75,
2024-11-11 03:00:00,42.5,52.25,1.2,5.65,5.9,8.48,6.7,0.29,17.4,0.18,0.55,,,,,22.02,87.5,,160.0,,,,714.0,
2024-11-11 04:00:00,36.75,55.0,1.2,6.05,6.12,8.52,5.52,0.33,18.82,0.1,0.4,,,,,21.85,89.0,,177.5,,,,714.0,
2024-11-11 05:00:00,43.75,64.25,1.1,6.3,6.02,8.48,5.42,0.37,18.46,0.1,0.38,,,,,21.72,90.0,,90.25,,,,714.75,
2024-11-11 06:00:00,48.75,76.75,1.32,5.78,6.32,8.55,5.8,0.51,17.81,0.1,0.4,,,,,21.65,90.75,,86.5,,,,715.5,
2024-11-11 07:00:00,50.25,93.75,1.18,5.78,5.88,9.02,6.55,1.0,18.02,0.18,0.5,,,,,22.2,88.0,,156.5,,,,716.25,
2024-11-11 08:00:00,59.5,130.0,1.23,6.65,6.45,8.88,7.08,1.7,18.81,0.2,0.57,,,,,23.1,77.5,,116.25,,,,717.0,
2024-11-11 09:00:00,66.5,158.75,1.2,6.92,6.5,8.78,8.02,2.03,18.72,0.2,0.68,,,,,24.15,64.25,,133.0,,,,717.0,
2024-11-11 10:00:00,63.5,152.0,1.18,7.1,6.6,8.85,8.55,1.8,19.44,0.2,0.8,,,,,25.3,56.0,,117.5,,,,716.0,
2024-11-11 11:00:00,63.0,141.5,1.2,8.9,144.73,146.75,9.9,1.53,17.77,0.28,0.95,,,,,26.22,50.25,,131.25,,,,715.25,
2024-11-11 12:00:00,71.0,129.5,1.27,43.0,23.95,15.22,10.6,0.36,17.77,0.3,1.02,,,,,27.1,44.25,,121.0,,,,714.0,
2024-11-11 13:00:00,57.25,105.75,1.35,6.0,4.28,6.32,9.65,0.46,34.7,0.3,0.9,,,,,27.55,41.5,,146.25,,,,713.0,
2024-11-11 14:00:00,50.25,103.0,1.18,4.25,3.18,5.18,9.43,0.47,37.75,0.3,0.9,,,,,27.58,42.25,,136.5,,,,712.5,
2024-11-11 15:00:00,47.25,111.5,1.15,3.42,2.78,4.82,10.75,0.61,36.97,0.3,1.05,,,,,27.42,43.75,,123.5,,,,712.0,
2024-11-11 16:00:00,53.5,126.75,1.27,3.18,2.7,4.38,11.22,0.72,33.81,0.3,1.12,,,,,25.7,50.0,,158.25,,,,712.25,
2024-11-11 17:00:00,52.25,125.25,1.3,2.82,2.58,4.68,11.8,1.34,35.88,0.38,1.18,,,,,25.02,53.5,,143.75,,,,713.0,
2024-11-11 18:00:00,57.0,135.0,1.6,2.5,2.62,4.65,12.38,1.52,36.72,0.4,1.23,,,,,24.38,58.75,,192.0,,,,713.5,
2024-11-11 19:00:00,68.75,143.25,1.3,3.45,3.12,4.57,13.88,1.9,33.02,0.4,1.48,,,,,23.95,62.5,,159.25,,,,714.25,
2024-11-11 20:00:00,68.0,140.25,1.15,6.8,5.55,4.68,12.98,0.84,18.16,0.38,1.35,,,,,23.72,64.5,,122.5,,,,715.0,
2024-11-11 21:00:00,68.5,136.75,1.25,5.85,5.12,4.05,14.85,0.77,17.63,0.43,1.58,,,,,23.4,66.5,,149.25,,,,715.75,
2024-11-11 22:00:00,69.0,130.0,1.38,5.8,5.32,3.62,12.55,0.43,17.78,0.4,1.25,,,,,23.35,67.25,,121.5,,,,715.0,
2024-11-11 23:00:00,64.5,116.0,1.27,7.18,5.88,3.32,11.42,0.22,17.62,0.32,1.15,,,,,23.48,67.0,,159.0,,,,715.0,
2024-11-12 00:00:00,59.25,97.5,1.12,8.05,6.12,3.18,11.02,0.24,18.16,0.3,1.08,,,,,23.6,69.25,,137.5,,,,714.25,
2024-11-12 01:00:00,57.0,86.5,1.3,8.4,6.6,2.98,8.3,0.17,18.39,0.2,0.7,,,,,23.6,70.25,,132.75,,,,714.0,
2024-11-12 02:00:00,55.25,85.0,1.58,7.62,6.62,2.95,6.9,0.15,17.8,0.18,0.55,,,,,23.6,71.0,,158.75,,,,713.0,
2024-11-12 03:00:00,52.75,83.75,1.58,6.88,6.25,2.98,6.98,0.27,17.99,0.18,0.55,,,,,23.5,71.5,,135.75,,,,713.0,
2024-11-12 04:00:00,61.5,83.5,1.23,6.68,5.5,3.02,8.15,0.3,17.94,0.2,0.7,,,,,23.42,72.0,,139.5,,,,713.0,
2024-11-12 05:00:00,64.5,95.25,1.15,6.68,5.42,3.22,7.9,0.34,18.2,0.2,0.68,,,,,23.3,73.0,,138.75,,,,714.0,
2024-11-12 06:00:00,70.0,103.25,1.23,6.45,5.42,3.3,5.25,0.33,18.34,0.1,0.35,,,,,23.2,73.0,,224.75,,,,714.0,
2024-11-12 07:00:00,77.75,147.0,1.17,6.55,5.42,3.4,5.2,0.63,19.67,0.1,0.35,,,,,23.48,71.25,,139.5,,,,715.0,
2024-11-12 08:00:00,90.75,226.25,1.25,6.35,5.4,3.75,7.82,1.06,21.72,0.22,0.68,,,,,23.8,68.5,,125.0,,,,715.5,
2024-11-12 09:00:00,85.25,183.75,1.35,6.58,5.72,3.85,10.4,1.39,20.57,0.32,1.0,,,,,24.28,67.25,,113.5,,,,716.0,
2024-11-12 10:00:00,78.25,172.25,1.23,6.43,5.45,3.68,11.48,1.19,21.81,0.32,1.15,,,,,24.32,69.0,,100.0,,,,716.0,
2024-11-12 11:00:00,69.25,142.25,1.3,6.22,5.4,3.5,11.6,0.88,21.8,0.3,1.18,,,,,24.85,67.0,,130.0,,,,715.0,
2024-11-12 12:00:00,59.0,126.5,1.27,6.22,5.38,3.4,9.95,0.32,22.04,0.3,0.95,,,,,25.05,66.5,,126.25,,,,713.75,
2024-11-12 13:00:00,62.5,131.5,1.38,6.4,5.68,3.45,7.98,0.49,22.26,0.2,0.7,,,,,24.72,68.75,,134.5,,,,713.0,
2024-11-12 14:00:00,61.75,116.0,1.25,6.28,5.42,3.52,7.72,0.49,21.53,0.2,0.65,,,,,24.65,71.0,,119.0,,,,712.0,
2024-11-12 15:00:00,54.0,136.75,1.25,6.3,5.38,3.58,7.95,0.44,22.21,0.2,0.7,,,,,24.82,69.75,,126.25,,,,712.0,
2024-11-12 16:00:00,52.25,115.75,1.23,6.3,5.35,3.6,7.98,0.46,21.75,0.2,0.68,,,,,24.55,71.75,,143.75,,,,712.0,
2024-11-12 17:00:00,55.0,140.25,1.27,6.92,5.72,3.8,9.4,0.8,21.6,0.28,0.88,,,,,24.22,74.75,,182.75,,,,712.5,
2024-11-12 18:00:00,52.0,140.25,1.25,6.35,5.45,3.7,9.4,0.62,21.63,0.28,0.88,,,,,23.95,77.25,,182.5,,,,713.0,
2024-11-12 19:00:00,53.75,104.25,1.3,6.3,5.42,3.8,10.3,0.8,21.56,0.3,1.0,,,,,23.9,78.0,,164.75,,,,713.75,
2024-11-12 20:00:00,55.5,105.5,1.3,6.28,5.45,3.68,10.2,0.72,21.1,0.3,1.0,,,,,23.88,79.0,,118.75,,,,714.25,
2024-11-12 21:00:00,43.0,84.5,1.15,5.08,4.55,3.55,10.05,0.46,21.4,0.3,0.95,,,,,23.52,83.5,,95.5,,,,715.0,
2024-11-12 22:00:00,37.5,72.0,1.32,5.15,4.88,3.42,9.3,0.25,21.61,0.25,0.85,,,,,23.5,84.0,,100.75,,,,714.0,
2024-11-12 23:00:00,36.0,68.25,1.2,5.3,4.72,3.05,8.27,0.06,21.92,0.2,0.75,,,,,23.5,83.0,,134.0,,,,714.0,
2024-11-13 00:00:00,24.0,44.25,1.48,4.55,4.8,3.08,6.48,0.28,21.8,0.12,0.52,,,,,23.4,83.0,,158.75,,,,713.5,
2024-11-13 01:00:00,14.25,29.25,1.38,4.28,4.47,3.02,7.67,0.2,21.4,0.2,0.67,,,,,23.02,87.0,,174.25,,,,712.75,
2024-11-13 02:00:00,12.25,17.5,1.32,4.42,4.53,3.0,6.95,0.18,21.54,0.18,0.57,,,,,22.9,89.0,,200.0,,,,712.0,
2024-11-13 03:00:00,12.0,15.75,1.48,4.8,4.9,2.98,6.42,0.15,21.38,0.12,0.48,,,,,22.9,88.25,,159.75,,,,712.0,
2024-11-13 04:00:00,8.25,15.0,1.2,5.05,4.65,3.12,6.82,0.16,21.36,0.18,0.55,,,,,22.9,86.5,,144.25,,,,712.0,
2024-11-13 05:00:00,6.0,13.0,1.3,5.0,4.8,3.15,7.25,0.18,21.87,0.2,0.57,,,,,22.75,89.0,,165.25,,,,713.0,
2024-11-13 06:00:00,6.0,7.0,1.27,5.28,4.9,3.32,7.0,0.32,21.61,0.18,0.57,,,,,22.75,91.0,,179.5,,,,713.5,
2024-11-13 07:00:00,13.0,19.0,1.03,7.3,5.53,3.93,4.85,0.45,21.57,0.1,0.3,,,,,22.95,91.0,,224.0,,,,714.0,
2024-11-13 08:00:00,13.25,20.5,1.5,6.65,5.95,4.05,6.02,0.7,22.19,0.12,0.45,,,,,,,,,,,,,
2024-11-13 09:00:00,14.25,34.25,1.45,4.85,4.97,3.48,8.12,1.0,22.22,0.2,0.7,,,,,,,,,,,,,
2024-11-13 10:00:00,18.25,68.0,1.1,4.6,4.18,3.02,9.32,0.94,21.64,0.28,0.88,,,,,,,,,,,,,
2024-11-13 11:00:00,25.5,85.25,1.2,4.6,4.4,2.78,8.93,0.56,22.23,0.25,0.82,,,,,,,,,,,,,
2024-11-13 12:00:00,18.5,79.75,1.25,4.2,4.25,2.72,7.52,0.37,17.48,0.2,0.62,,,,,,,,,,,,,
2024-11-13 13:00:00,20.25,67.75,1.12,4.28,4.1,2.9,9.57,0.42,38.04,0.28,0.88,,,,,25.98,62.25,,131.25,,,,712.0,
2024-11-13 14:00:00,19.75,59.75,1.08,5.05,4.45,3.32,8.93,0.37,35.03,0.25,0.82,,,,,26.15,60.75,,146.5,,,,711.25,
2024-11-13 15:00:00,16.25,57.75,1.2,6.53,5.4,4.03,9.18,0.38,31.91,0.22,0.82,,,,,25.72,63.0,,139.25,,,,711.0,
2024-11-13 16:00:00,13.5,60.25,1.7,6.7,6.3,4.2,6.6,0.46,33.84,0.15,0.5,,,,,25.32,65.0,,149.25,,,,711.75,
2024-11-13 17:00:00,5.25,53.5,1.68,5.08,5.4,3.52,6.98,0.44,33.04,0.18,0.55,,,,,24.35,70.0,,149.5,,,,712.25,
2024-11-13 18:00:00,12.25,54.75,1.4,4.3,4.53,2.85,6.6,0.68,32.21,0.15,0.52,,,,,23.7,74.75,,127.0,,,,713.0,
2024-11-13 19:00:00,16.25,47.5,1.15,4.47,4.25,2.72,5.75,0.64,31.77,0.12,0.4,,,,,23.28,79.25,,165.25,,,,713.75,
2024-11-13 20:00:00,24.5,58.0,1.3,4.25,4.38,2.68,7.7,0.43,30.06,0.2,0.68,,,,,23.2,80.75,,163.5,,,,714.0,
2024-11-13 21:00:00,20.0,62.0,1.27,4.22,4.32,2.65,10.28,0.24,29.92,0.28,0.98,,,,,23.1,81.75,,157.75,,,,715.0,
2024-11-13 22:00:00,20.0,44.0,1.32,3.68,4.12,2.6,10.42,0.14,33.43,0.3,1.0,,,,,22.98,83.0,,114.5,,,,715.0,
2024-11-13 23:00:00,18.25,35.5,1.4,3.88,4.3,2.6,10.3,0.28,27.2,0.3,1.0,,,,,22.95,84.25,,162.25,,,,714.5,
2024-11-14 00:00:00,12.25,33.5,1.38,3.6,4.15,2.52,8.85,0.27,27.51,0.22,0.8,,,,,22.82,84.0,,143.75,,,,713.75,
2024-11-14 01:00:00,9.25,22.75,1.2,4.0,4.1,2.42,9.03,0.25,17.69,0.23,0.83,,,,,22.88,83.25,,125.0,,,,713.0,
2024-11-14 02:00:00,7.5,20.25,1.18,3.97,4.05,2.42,10.22,0.22,17.51,0.3,1.0,,,,,22.8,83.75,,137.0,,,,713.0,
2024-11-14 03:00:00,9.0,16.25,1.27,4.08,4.28,2.35,10.98,0.2,19.12,0.3,1.1,,,,,22.72,84.0,,191.0,,,,713.0,
2024-11-14 04:00:00,10.0,20.25,1.05,4.08,3.88,2.45,11.0,0.2,17.57,0.3,1.08,,,,,22.58,85.0,,172.0,,,,713.25,
2024-11-14 05:00:00,14.5,21.5,1.15,4.35,4.15,2.48,10.18,0.27,18.14,0.3,0.95,,,,,22.6,85.0,,146.25,,,,714.0,
2024-11-14 06:00:00,17.5,25.0,1.23,3.88,4.05,2.6,9.25,0.34,17.63,0.25,0.88,,,,,22.68,85.0,,169.5,,,,714.0,
2024-11-14 07:00:00,16.5,44.5,1.35,4.1,4.4,2.62,10.05,0.59,18.74,0.3,0.95,,,,,23.1,82.25,,177.25,,,,714.75,
2024-11-14 08:00:00,25.75,83.0,1.3,4.05,4.25,2.82,9.52,0.83,18.04,0.28,0.9,,,,,23.38,81.0,,159.75,,,,715.75,
2024-11-14 09:00:00,22.25,78.0,1.08,4.5,4.15,2.8,10.95,0.82,16.2,0.3,1.1,,,,,23.28,84.5,,194.75,,,,716.75,
2024-11-14 10:00:00,20.5,72.0,1.25,4.12,4.2,2.82,10.85,0.94,19.85,0.3,1.08,,,,,23.52,87.25,,174.5,,,,716.5,
2024-11-14 11:00:00,13.0,41.75,1.32,3.68,4.12,2.85,11.5,0.86,17.93,0.32,1.15,,,,,24.02,83.0,,187.75,,,,716.0,
2024-11-14 12:00:00,16.0,35.25,1.25,4.2,4.3,2.85,11.48,0.43,17.74,0.32,1.12,,,,,24.0,84.5,,144.75,,,,715.0,
2024-11-14 13:00:00,21.5,38.0,1.3,3.85,4.15,2.78,11.58,0.36,18.76,0.32,1.18,,,,,26.1,70.25,,170.0,,,,713.75,
2024-11-14 14:00:00,12.25,23.5,1.15,4.08,4.0,2.72,11.22,0.66,18.1,0.3,1.1,,,,,25.08,72.25,,179.0,,,,713.0,
2024-11-14 15:00:00,15.75,43.0,1.18,4.4,4.22,2.68,9.55,0.4,17.71,0.25,0.9,,,,,24.42,74.0,,137.5,,,,713.0,
2024-11-14 16:00:00,15.5,47.25,1.12,3.82,3.82,2.78,10.8,0.52,18.04,0.3,1.08,,,,,24.0,76.5,,144.5,,,,713.25,
2024-11-14 17:00:00,17.75,62.5,1.32,3.65,4.15,2.92,11.98,0.7,18.28,0.38,1.2,,,,,23.55,78.75,,224.75,,,,714.0,
2024-11-14 18:00:00,20.75,66.5,1.3,4.0,4.22,2.92,12.25,0.45,18.24,0.4,1.23,,,,,23.4,82.5,,176.25,,,,715.0,
2024-11-14 19:00:00,22.0,53.5,1.27,4.42,4.4,2.98,12.88,0.8,18.02,0.4,1.32,,,,,23.25,84.75,,145.0,,,,716.0,
2024-11-14 20:00:00,17.0,38.75,1.18,4.5,4.3,3.05,14.1,0.54,15.96,0.4,1.48,,,,,22.85,89.0,,198.25,,,,717.0,
2024-11-14 21:00:00,11.0,18.75,1.3,3.9,4.22,2.9,14.18,0.35,19.02,0.4,1.5,,,,,22.7,89.5,,189.75,,,,717.0,
2024-11-14 22:00:00,12.75,27.75,1.4,3.58,4.18,2.85,13.58,0.47,17.71,0.4,1.42,,,,,22.7,89.75,,175.5,,,,717.0,
2024-11-14 23:00:00,15.5,33.25,1.35,4.08,4.32,2.62,12.45,0.27,18.86,0.35,1.27,,,,,22.68,89.5,,196.75,,,,716.75,
2024-11-15 00:00:00,9.0,16.0,1.2,3.95,4.03,2.52,11.18,0.25,18.17,0.3,1.1,,,,,22.6,90.0,,175.0,,,,715.75,
2024-11-15 01:00:00,11.0,15.5,1.3,3.82,4.12,2.5,10.7,0.2,17.92,0.3,1.03,,,,,22.52,89.75,,139.75,,,,715.0,
2024-11-15 02:00:00,7.5,13.25,1.15,3.95,3.97,2.42,10.92,0.15,18.15,0.32,1.08,,,,,22.45,88.5,,117.0,,,,714.5,
2024-11-15 03:00:00,6.0,11.0,1.25,3.85,4.05,2.42,10.42,0.13,17.74,0.3,1.02,,,,,22.5,87.5,,132.75,,,,714.0,
2024-11-15 04:00:00,9.0,12.0,1.3,3.78,4.12,2.48,9.28,0.15,18.02,0.25,0.85,,,,,22.4,87.5,,208.5,,,,714.25,
2024-11-15 05:00:00,10.25,13.25,1.1,4.12,4.0,2.48,9.02,0.18,18.11,0.25,0.85,,,,,22.35,88.0,,156.25,,,,715.0,
2024-11-15 06:00:00,13.0,20.75,1.35,4.45,4.55,2.52,8.2,0.32,18.29,0.2,0.75,,,,,22.35,87.25,,119.5,,,,715.75,
2024-11-15 07:00:00,11.75,36.75,1.2,4.45,4.3,2.72,10.25,0.55,17.67,0.3,1.0,,,,,22.7,85.0,,136.0,,,,716.25,
2024-11-15 08:00:00,19.0,51.75,1.25,4.45,4.4,2.88,11.12,0.78,17.2,0.32,1.1,,,,,23.1,82.75,,167.0,,,,717.0,
2024-11-15 09:00:00,25.5,63.0,1.25,4.3,4.35,3.05,12.48,1.04,15.28,0.4,1.25,,,,,24.02,77.75,,146.25,,,,717.0,
2024-11-15 10:00:00,26.0,89.75,1.27,4.62,4.58,3.28,13.42,0.5,17.0,0.4,1.42,,,,,25.18,68.25,,135.25,,,,717.0,
2024-11-15 11:00:00,22.0,81.5,1.1,4.92,4.45,3.2,12.02,0.32,17.4,0.38,1.23,,,,,25.88,64.25,,192.0,,,,716.25,
2024-11-15 12:00:00,17.75,61.25,1.18,5.15,4.62,3.58,12.7,0.62,13.53,0.38,1.3,,,,,25.8,64.75,,158.0,,,,715.0,
2024-11-15 13:00:00,13.75,63.75,1.38,4.75,4.72,3.75,11.62,0.39,30.61,0.35,1.18,,,,,26.9,58.5,,133.0,,,,714.25,
2024-11-15 14:00:00,14.25,55.25,1.35,4.47,4.55,3.28,11.45,0.46,21.75,0.3,1.15,,,,,27.6,52.5,,196.75,,,,713.0,
2024-11-15 15:00:00,17.25,61.5,1.27,4.02,4.2,2.98,11.9,0.57,14.95,0.35,1.2,,,,,25.1,73.0,,195.5,,,,713.0,
2024-11-15 16:00:00,16.0,40.25,1.12,4.55,4.3,2.92,11.65,0.53,16.88,0.3,1.2,,,,,23.32,87.0,,158.75,,,,713.5,
2024-11-15 17:00:00,18.5,32.75,1.27,4.15,4.28,2.95,12.02,0.5,17.38,0.38,1.2,,,,,22.82,90.0,,184.75,,,,714.0,
2024-11-15 18:00:00,19.75,28.0,1.23,4.65,4.42,3.05,13.78,0.55,12.73,0.43,1.45,,,,,22.85,91.0,,218.5,,,,714.75,
2024-11-15 19:00:00,28.0,39.25,1.3,5.15,4.88,3.55,18.0,1.02,19.55,0.57,1.98,,,,,22.9,91.0,,234.25,,,,715.5,
2024-11-15 20:00:00,28.75,56.25,1.38,4.68,4.7,3.25,17.32,0.6,19.05,0.52,1.9,,,,,22.85,90.75,,127.75,,,,716.0,
2024-11-15 21:00:00,29.75,57.25,1.23,4.25,4.22,2.92,14.3,0.39,19.45,0.43,1.52,,,,,23.02,89.25,,186.5,,,,716.5,
2024-11-15 22:00:00,23.0,46.5,1.27,3.8,4.08,2.75,12.95,0.25,16.96,0.38,1.35,,,,,22.98,87.25,,150.0,,,,716.5,
2024-11-15 23:00:00,15.0,36.75,1.27,3.8,4.08,2.52,10.62,0.31,19.26,0.3,1.05,,,,,22.8,87.5,,132.5,,,,716.0,
2024-11-16 00:00:00,16.5,27.25,1.2,3.95,4.08,2.55,10.15,0.2,13.59,0.3,0.98,,,,,22.68,87.0,,144.0,,,,715.0,
2024-11-16 01:00:00,12.5,21.25,1.32,3.7,4.1,2.55,9.23,0.21,18.59,0.27,0.87,,,,,22.5,87.75,,173.0,,,,715.0,
2024-11-16 02:00:00,14.25,26.5,1.3,3.48,3.95,2.6,9.22,0.18,18.51,0.25,0.88,,,,,22.45,88.0,,165.5,,,,714.0,
2024-11-16 03:00:00,14.25,22.0,1.18,3.98,4.0,2.6,9.05,0.15,16.1,0.25,0.85,,,,,22.48,87.5,,175.5,,,,714.0,
2024-11-16 04:00:00,13.25,23.0,1.27,3.88,4.12,2.55,8.48,0.19,21.38,0.2,0.78,,,,,22.22,88.0,,220.75,,,,714.0,
2024-11-16 05:00:00,16.75,27.5,1.32,3.9,4.22,2.55,8.48,0.24,18.25,0.2,0.75,,,,,22.15,88.25,,172.5,,,,714.25,
2024-11-16 06:00:00,16.0,31.5,1.35,3.9,4.28,2.5,8.2,0.28,18.03,0.2,0.72,,,,,22.1,89.25,,147.25,,,,715.0,
2024-11-16 07:00:00,18.0,35.25,1.23,3.92,4.1,2.6,8.6,0.4,17.45,0.22,0.8,,,,,22.45,87.5,,169.0,,,,715.5,
2024-11-16 08:00:00,25.25,56.5,1.32,4.08,4.32,2.65,9.7,0.68,18.13,0.28,0.92,,,,,23.48,80.0,,111.5,,,,716.0,
2024-11-16 09:00:00,27.75,75.25,1.05,3.97,3.82,2.8,11.48,0.97,18.3,0.32,1.15,,,,,23.95,76.0,,157.0,,,,716.75,
2024-11-16 10:00:00,25.0,84.25,1.3,4.38,4.45,2.85,10.62,0.8,19.92,0.3,1.05,,,,,24.55,71.0,,132.5,,,,716.75,
2024-11-16 11:00:00,26.25,91.25,1.35,4.65,4.68,2.82,9.62,0.81,18.0,0.28,0.9,,,,,25.62,63.25,,119.25,,,,715.75,
2024-11-16 12:00:00,21.0,85.75,1.3,4.1,4.28,2.78,11.68,0.5,13.66,0.32,1.15,,,,,26.02,59.25,,145.25,,,,714.75,
2024-11-16 13:00:00,20.5,66.5,1.38,3.88,4.3,2.8,13.45,0.56,19.23,0.4,1.4,,,,,26.22,57.5,,138.75,,,,714.0,
2024-11-16 14:00:00,18.5,64.25,1.35,4.38,4.55,2.82,13.55,0.65,17.87,0.4,1.42,,,,,26.98,55.0,,134.5,,,,712.75,
2024-11-16 15:00:00,18.5,60.25,1.27,4.53,4.47,2.75,12.95,0.44,18.32,0.4,1.32,,,,,27.35,53.5,,151.0,,,,712.0,
2024-11-16 16:00:00,24.5,71.0,1.1,4.53,4.22,2.92,14.0,0.76,15.62,0.4,1.48,,,,,25.05,70.75,,163.25,,,,712.25,
2024-11-16 17:00:00,27.0,97.75,1.2,4.38,4.3,2.78,14.15,0.72,20.33,0.4,1.5,,,,,23.12,87.25,,133.0,,,,713.5,
2024-11-16 18:00:00,20.5,32.75,1.15,4.47,4.28,2.85,14.55,0.89,17.65,0.43,1.55,,,,,22.7,91.25,,100.25,,,,714.0,
2024-11-16 19:00:00,19.25,31.25,1.32,4.4,4.47,3.0,16.68,1.18,17.95,0.5,1.82,,,,,22.7,92.25,,238.0,,,,714.75,
2024-11-16 20:00:00,20.25,37.25,1.05,4.35,4.0,2.8,16.75,0.65,16.48,0.5,1.8,,,,,22.52,93.0,,140.0,,,,715.5,
2024-11-16 21:00:00,21.75,36.5,1.25,4.15,4.25,2.68,14.85,0.46,19.23,0.43,1.6,,,,,22.45,93.0,,131.5,,,,716.0,
2024-11-16 22:00:00,24.5,41.25,1.38,4.03,4.38,2.65,13.2,0.37,18.43,0.4,1.4,,,,,22.52,92.0,,137.0,,,,716.0,
2024-11-16 23:00:00,25.5,39.5,1.35,4.1,4.38,2.6,12.35,0.28,18.08,0.38,1.25,,,,,22.55,91.75,,121.25,,,,716.0,
2024-11-17 00:00:00,23.75,32.25,1.2,4.05,4.1,2.5,12.42,0.24,18.86,0.38,1.25,,,,,22.48,89.5,,127.25,,,,715.25,
2024-11-17 01:00:00,25.0,36.0,1.23,3.92,4.08,2.58,8.97,0.23,19.76,0.23,0.83,,,,,22.4,88.75,,171.5,,,,714.5,
2024-11-17 02:00:00,31.25,45.5,1.3,4.1,4.28,2.5,7.32,0.18,17.42,0.15,0.6,,,,,22.42,88.5,,172.75,,,,714.0,
2024-11-17 03:00:00,33.75,50.25,1.27,4.1,4.28,2.45,4.68,0.16,18.07,0.1,0.25,,,,,22.5,87.75,,146.75,,,,713.25,
2024-11-17 04:00:00,39.25,60.5,1.23,3.62,3.95,2.42,2.55,0.2,18.49,,0.15,,,,,22.48,87.0,,137.5,,,,713.0,
2024-11-17 05:00:00,40.5,61.75,1.32,3.45,3.92,2.35,4.97,0.25,15.09,0.1,0.32,,,,,22.25,88.0,,177.75,,,,713.75,
2024-11-17 06:00:00,42.0,62.0,1.48,3.55,4.28,2.32,7.88,0.39,18.38,0.2,0.7,,,,,22.2,88.5,,162.0,,,,714.5,
2024-11-17 07:00:00,44.5,70.25,1.52,3.62,4.35,2.5,9.45,0.52,19.08,0.25,0.85,,,,,22.55,86.5,,152.25,,,,715.0,
2024-11-17 08:00:00,50.25,88.25,1.32,3.9,4.22,2.38,8.9,0.53,17.73,0.22,0.8,,,,,23.3,80.25,,136.75,,,,715.75,
2024-11-17 09:00:00,46.25,93.25,1.25,3.92,4.1,2.32,8.93,0.57,18.19,0.25,0.82,,,,,24.28,73.5,,158.25,,,,716.0,
2024-11-17 10:00:00,48.75,88.0,1.18,3.88,4.0,2.33,10.02,0.64,19.01,0.3,0.95,,,,,25.02,68.0,,156.75,,,,716.0,
2024-11-17 11:00:00,45.5,92.5,1.12,3.6,3.75,2.38,9.88,0.66,16.24,0.28,0.95,,,,,25.85,62.75,,147.25,,,,715.5,
2024-11-17 12:00:00,46.0,102.0,1.4,3.75,4.28,2.4,12.42,0.44,20.71,0.38,1.25,,,,,26.08,58.5,,143.0,,,,714.75,
2024-11-17 13:00:00,42.75,89.75,1.38,3.6,4.18,2.4,8.4,0.51,18.58,0.22,0.75,,,,,26.32,55.0,,147.25,,,,713.75,
2024-11-17 14:00:00,43.5,100.5,1.1,3.72,3.78,2.35,9.82,0.44,12.72,0.28,0.92,,,,,26.55,51.5,,122.25,,,,713.0,
2024-11-17 15:00:00,50.0,140.5,1.23,3.5,3.9,2.18,11.22,0.41,11.89,0.32,1.12,,,,,26.17,54.5,,118.25,,,,713.0,
2024-11-17 16:00:00,56.75,153.75,1.23,3.85,4.0,2.25,9.78,0.53,34.58,0.25,0.92,,,,,25.45,58.0,,139.75,,,,713.0,
2024-11-17 17:00:00,60.0,150.5,1.2,3.88,4.0,2.42,10.0,0.67,18.5,0.28,0.92,,,,,24.72,62.5,,111.0,,,,713.0,
2024-11-17 18:00:00,66.25,167.5,1.35,3.85,4.2,2.5,12.2,0.6,17.95,0.35,1.25,,,,,23.92,70.5,,175.75,,,,713.75,
2024-11-17 19:00:00,78.0,161.25,1.32,3.85,4.25,3.92,14.2,0.69,18.17,0.4,1.5,,,,,23.58,73.0,,201.25,,,,714.75,
2024-11-17 20:00:00,86.5,170.25,1.38,3.9,4.32,2.4,14.72,0.68,17.16,0.4,1.55,,,,,23.3,75.0,,198.5,,,,715.75,
2024-11-17 21:00:00,92.5,189.5,1.3,3.88,4.18,2.62,14.95,0.68,16.92,0.43,1.58,,,,,23.25,77.25,,154.75,,,,716.0,
2024-11-17 22:00:00,86.75,196.25,1.45,3.52,4.22,2.55,13.52,0.4,16.11,0.4,1.4,,,,,23.05,79.5,,120.75,,,,716.0,
2024-11-17 23:00:00,80.0,188.5,1.35,3.7,4.18,2.4,13.3,0.25,18.22,0.4,1.4,,,,,22.85,82.0,,120.75,,,,715.25,
2024-11-18 00:00:00,70.75,188.25,1.12,3.8,3.88,2.3,11.0,0.29,17.58,0.32,1.08,,,,,22.58,84.5,,132.25,,,,715.0,
2024-11-18 01:00:00,70.0,145.75,1.23,3.82,4.05,2.25,7.67,0.26,18.06,0.2,0.67,,,,,22.4,85.75,,130.5,,,,715.0,
2024-11-18 02:00:00,68.25,110.0,1.03,4.1,3.88,2.22,7.28,0.22,18.01,0.2,0.6,,,,,22.45,85.0,,153.0,,,,714.25,
2024-11-18 03:00:00,65.25,98.75,1.25,3.82,4.05,2.22,7.28,0.22,18.29,0.2,0.57,,,,,22.35,86.5,,126.75,,,,714.0,
2024-11-18 04:00:00,71.0,110.0,1.25,3.8,4.0,2.25,7.82,0.22,18.15,0.2,0.68,,,,,22.22,87.75,,199.25,,,,714.0,
2024-11-18 05:00:00,68.5,115.25,1.32,3.72,4.1,2.28,8.22,0.25,18.93,0.2,0.75,,,,,22.25,87.25,,151.25,,,,714.25,
2024-11-18 06:00:00,70.25,134.5,1.12,3.92,3.92,2.35,8.88,0.36,18.08,0.25,0.82,,,,,22.22,86.25,,158.0,,,,715.0,
2024-11-18 07:00:00,72.5,148.5,1.2,3.55,3.85,2.25,7.9,0.47,17.94,0.2,0.68,,,,,22.5,82.75,,156.75,,,,716.0,
2024-11-18 08:00:00,79.75,178.0,1.18,3.82,3.95,2.3,8.35,0.7,18.34,0.22,0.72,,,,,23.22,76.25,,184.0,,,,716.5,
2024-11-18 09:00:00,87.5,235.75,1.2,3.98,4.08,2.25,10.15,0.99,18.42,0.3,0.98,,,,,23.85,70.5,,129.0,,,,717.0,
2024-11-18 10:00:00,83.0,226.75,1.12,3.75,3.8,2.35,10.3,0.86,19.37,0.3,1.0,,,,,24.68,65.0,,130.5,,,,716.5,
2024-11-18 11:00:00,72.5,186.5,1.3,3.92,4.18,2.28,10.82,0.68,18.55,0.3,1.1,,,,,25.5,59.25,,150.0,,,,715.75,
2024-11-18 12:00:00,64.5,162.75,1.3,3.58,4.03,2.38,11.18,0.38,21.01,0.32,1.12,,,,,26.02,55.75,,151.5,,,,714.75,
2024-11-18 13:00:00,55.0,144.0,1.32,3.6,4.08,2.32,10.42,0.34,17.0,0.3,1.0,,,,,26.72,51.0,,163.5,,,,713.75,
2024-11-18 14:00:00,58.5,128.0,1.23,3.8,4.0,2.3,9.98,0.37,17.33,0.3,0.92,,,,,27.15,48.75,,152.25,,,,713.0,
2024-11-18 15:00:00,58.25,129.5,0.98,3.92,3.68,2.32,10.1,0.31,16.8,0.3,0.95,,,,,27.08,49.0,,178.75,,,,713.0,
2024-11-18 16:00:00,53.0,117.75,1.02,3.95,3.82,2.4,9.18,0.38,18.82,0.25,0.88,,,,,25.78,55.5,,169.25,,,,713.0,
2024-11-18 17:00:00,54.0,130.0,1.2,3.48,3.8,2.38,9.62,0.53,18.83,0.3,0.9,,,,,24.62,61.25,,152.25,,,,713.25,
2024-11-18 18:00:00,57.25,144.5,1.23,3.48,3.85,2.4,9.45,0.39,16.48,0.25,0.85,,,,,23.95,68.0,,161.75,,,,714.0,
2024-11-18 19:00:00,58.75,125.5,1.18,3.92,4.03,2.3,10.05,0.5,16.95,0.28,0.95,,,,,23.6,71.0,,167.5,,,,715.25,
2024-11-18 20:00:00,62.75,128.0,1.23,3.68,3.95,2.3,9.75,0.48,18.14,0.28,0.92,,,,,23.32,74.75,,136.5,,,,716.5,
2024-11-18 21:00:00,68.5,129.25,1.5,3.88,4.5,2.35,8.75,0.27,17.19,0.25,0.8,,,,,23.02,80.0,,119.25,,,,717.0,
2024-11-18 22:00:00,69.75,121.75,1.25,3.75,4.0,2.32,7.45,0.36,17.85,0.2,0.62,,,,,22.82,83.25,,129.5,,,,717.0,
2024-11-18 23:00:00,69.75,112.75,1.18,3.38,3.7,2.35,8.12,0.36,14.53,0.22,0.7,,,,,22.58,85.0,,116.0,,,,716.75,
2024-11-19 00:00:00,72.0,106.75,1.35,3.4,3.97,2.25,8.68,0.33,18.54,0.2,0.8,,,,,22.42,85.5,,128.5,,,,716.25,
2024-11-19 01:00:00,74.0,108.75,0.98,3.6,3.52,2.22,9.67,0.34,18.34,0.3,0.93,,,,,22.4,83.75,,126.25,,,,716.0,
2024-11-19 02:00:00,78.0,106.25,1.35,3.65,4.15,2.18,11.23,0.29,18.69,0.3,1.1,,,,,22.12,84.25,,197.25,,,,715.25,
2024-11-19 03:00:00,71.75,101.5,1.05,3.92,3.78,2.18,11.42,0.26,17.44,0.3,1.12,,,,,21.9,86.25,,183.75,,,,715.0,
2024-11-19 04:00:00,71.25,104.5,1.27,3.9,4.1,2.2,11.35,0.28,17.65,0.32,1.12,,,,,21.72,87.25,,142.75,,,,715.0,
2024-11-19 05:00:00,74.0,116.25,1.45,3.38,4.12,2.25,10.25,0.32,19.52,0.3,1.0,,,,,21.6,88.0,,187.75,,,,715.25,
2024-11-19 06:00:00,79.0,137.25,1.18,3.97,4.05,2.2,10.05,0.36,20.68,0.28,0.95,,,,,21.78,87.25,,129.75,,,,716.0,
2024-11-19 07:00:00,79.0,142.75,1.3,3.92,4.2,2.25,12.12,0.56,17.3,0.35,1.23,,,,,22.12,84.75,,114.0,,,,717.0,
2024-11-19 08:00:00,85.5,165.25,1.38,3.8,4.25,2.22,12.58,0.72,18.47,0.38,1.3,,,,,22.82,78.25,,142.0,,,,717.5,
2024-11-19 09:00:00,78.25,164.25,1.15,3.92,3.9,2.28,13.18,1.15,18.77,0.4,1.35,,,,,23.62,71.25,,151.0,,,,718.0,
2024-11-19 10:00:00,77.0,166.25,1.15,3.88,3.92,2.45,15.28,0.83,20.57,0.43,1.62,,,,,25.4,58.75,,165.25,,,,718.0,
2024-11-19 11:00:00,71.25,153.5,1.32,3.3,3.92,2.45,14.55,0.5,19.49,0.43,1.55,,,,,26.3,53.5,,157.0,,,,717.0,
2024-11-19 12:00:00,70.25,133.25,1.23,3.52,3.82,2.55,10.98,0.48,18.16,0.32,1.1,,,,,26.38,52.25,,181.75,,,,716.0,
2024-11-19 13:00:00,65.25,132.75,1.4,3.6,4.22,2.45,10.5,0.35,18.67,0.3,1.05,,,,,26.32,50.5,,166.25,,,,714.75,
2024-11-19 14:00:00,65.0,111.5,1.32,4.05,4.28,2.18,12.18,0.39,18.42,0.4,1.2,,,,,26.4,49.25,,173.25,,,,714.0,
2024-11-19 15:00:00,61.25,116.75,1.25,3.95,4.12,2.22,12.6,0.67,17.88,0.4,1.27,,,,,26.6,48.0,,177.75,,,,713.5,
2024-11-19 16:00:00,61.0,132.0,1.2,3.65,3.88,2.22,13.77,0.88,17.74,0.4,1.45,,,,,25.98,50.75,,171.0,,,,713.0,
2024-11-19 17:00:00,65.25,146.25,1.32,4.03,4.32,2.35,14.5,1.1,17.95,0.43,1.52,,,,,24.48,59.25,,221.25,,,,713.75,
2024-11-19 18:00:00,63.0,149.25,0.98,3.7,3.5,2.58,16.58,0.58,17.92,0.5,1.8,,,,,23.8,65.75,,241.25,,,,714.0,
2024-11-19 19:00:00,72.75,145.75,1.23,3.6,3.92,2.75,15.22,0.74,18.5,0.45,1.65,,,,,23.55,69.0,,131.25,,,,715.0,
2024-11-19 20:00:00,73.25,161.5,1.45,4.03,4.53,2.32,15.55,0.62,18.56,0.48,1.7,,,,,23.18,71.25,,139.25,,,,715.5,
2024-11-19 21:00:00,67.75,136.25,1.27,4.0,4.2,2.2,14.62,0.72,18.06,0.43,1.55,,,,,22.75,75.0,,141.25,,,,716.0,
2024-11-19 22:00:00,68.0,128.0,1.32,3.8,4.15,2.18,13.58,0.4,17.36,0.43,1.42,,,,,22.55,78.0,,120.0,,,,716.0,
2024-11-19 23:00:00,70.5,121.75,1.3,3.82,4.15,2.15,13.42,0.22,17.51,0.38,1.4,,,,,22.25,80.75,,109.25,,,,716.0,
2024-11-20 00:00:00,69.0,102.0,1.27,3.55,4.0,2.18,9.22,0.3,17.32,0.25,0.88,,,,,22.28,83.0,,150.5,,,,716.0,
2024-11-20 01:00:00,69.0,97.25,1.18,3.7,3.9,2.15,10.1,0.26,18.56,0.3,0.97,,,,,22.12,83.75,,135.0,,,,715.0,
2024-11-20 02:00:00,68.25,93.0,1.27,3.65,4.0,2.25,10.3,0.25,18.56,0.3,1.0,,,,,22.12,85.0,,166.25,,,,715.0,
2024-11-20 03:00:00,67.25,94.0,1.32,4.18,4.35,2.1,8.43,0.24,17.95,0.22,0.75,,,,,21.92,85.5,,151.75,,,,714.25,
2024-11-20 04:00:00,71.5,92.25,1.27,3.9,4.1,2.28,9.43,0.23,18.6,0.25,0.85,,,,,21.9,86.5,,208.25,,,,714.5,
2024-11-20 05:00:00,72.0,107.0,1.25,3.9,4.1,2.38,8.15,0.27,18.5,0.22,0.7,,,,,21.82,86.5,,213.25,,,,715.0,
2024-11-20 06:00:00,69.25,115.25,1.45,3.85,4.4,2.42,8.48,0.37,17.57,0.2,0.75,,,,,21.62,87.75,,197.5,,,,715.75,
2024-11-20 07:00:00,72.0,126.25,1.35,3.62,4.1,2.42,10.05,0.53,18.17,0.28,0.95,,,,,21.88,86.5,,143.5,,,,716.25,
2024-11-20 08:00:00,78.75,147.75,1.58,3.5,4.42,2.45,11.18,0.63,18.09,0.3,1.1,,,,,22.45,80.5,,156.25,,,,717.0,
2024-11-20 09:00:00,78.5,170.5,1.32,3.72,4.15,2.35,8.98,0.67,17.67,0.25,0.82,,,,,23.48,70.0,,138.75,,,,718.0,
2024-11-20 10:00:00,69.5,153.25,1.23,4.18,4.2,2.22,10.12,0.42,17.44,0.3,0.98,,,,,24.88,58.75,,147.25,,,,717.25,
2024-11-20 11:00:00,65.0,125.25,1.08,3.78,3.75,2.2,9.7,0.29,18.14,0.28,0.92,,,,,25.4,55.5,,194.75,,,,716.5,
2024-11-20 12:00:00,63.25,103.0,1.1,3.8,3.78,2.28,10.6,0.52,18.83,0.3,1.03,,,,,25.9,52.5,,181.0,,,,715.25,
2024-11-20 13:00:00,57.0,103.5,1.18,4.05,4.05,2.17,12.65,0.5,17.68,0.4,1.32,,,,,26.0,51.0,,187.5,,,,714.5,
2024-11-20 14:00:00,54.25,97.5,1.25,3.6,3.95,2.25,11.35,0.5,17.06,0.32,1.12,,,,,24.82,59.25,,185.75,,,,714.0,
2024-11-20 15:00:00,55.75,104.5,1.1,3.72,3.78,2.18,10.0,0.51,18.42,0.28,0.92,,,,,24.52,62.5,,168.75,,,,714.0,
2024-11-20 16:00:00,58.75,115.0,1.25,3.82,4.1,2.2,9.98,0.58,18.34,0.3,0.98,,,,,24.1,65.5,,183.0,,,,714.0,
2024-11-20 17:00:00,61.75,124.75,1.25,3.82,4.1,2.2,10.68,0.55,18.24,0.3,1.05,,,,,23.72,67.75,,222.0,,,,714.0,
2024-11-20 18:00:00,63.75,123.5,1.15,4.03,3.97,2.12,10.15,0.36,17.97,0.3,0.98,,,,,23.25,71.0,,180.75,,,,714.75,
2024-11-20 19:00:00,62.25,111.0,1.35,3.85,4.2,2.15,10.42,0.46,17.98,0.3,1.02,,,,,23.02,71.75,,164.5,,,,715.5,
2024-11-20 20:00:00,61.25,107.5,1.32,3.85,4.18,2.25,10.48,0.53,17.67,0.3,1.02,,,,,22.75,75.25,,108.0,,,,716.0,
2024-11-20 21:00:00,64.0,112.25,1.27,3.85,4.12,2.28,9.82,0.36,17.29,0.28,0.95,,,,,22.45,78.25,,135.5,,,,716.0,
2024-11-20 22:00:00,60.5,104.5,1.08,3.75,3.75,2.28,9.4,0.27,17.93,0.28,0.88,,,,,22.1,81.0,,198.75,,,,715.75,
2024-11-20 23:00:00,58.5,107.25,1.2,3.75,3.95,2.2,6.78,0.21,17.55,0.12,0.55,,,,,21.85,83.0,,230.25,,,,715.0,
2024-11-21 00:00:00,56.25,106.5,1.48,3.78,4.47,2.22,9.85,0.27,14.98,0.25,0.92,,,,,21.72,85.25,,82.5,,,,714.25,
2024-11-21 01:00:00,55.75,94.0,1.23,3.72,3.98,2.2,12.9,0.26,18.44,0.4,1.33,,,,,21.6,86.5,,167.75,,,,714.0,
2024-11-21 02:00:00,60.75,95.0,1.38,3.2,3.92,2.2,14.28,0.18,20.91,0.4,1.5,,,,,21.6,87.75,,149.75,,,,713.25,
2024-11-21 03:00:00,57.25,85.25,1.3,3.42,3.95,2.28,14.28,0.17,20.44,0.4,1.48,,,,,21.58,86.25,,119.5,,,,713.0,
2024-11-21 04:00:00,47.75,71.0,1.27,3.98,4.15,2.18,13.08,0.15,17.12,0.4,1.35,,,,,21.65,84.75,,157.5,,,,713.75,
2024-11-21 05:00:00,44.75,63.75,1.3,3.95,4.18,2.18,13.3,0.15,18.22,0.4,1.38,,,,,21.72,83.0,,229.75,,,,714.5,
2024-11-21 06:00:00,47.0,73.5,1.27,3.92,4.12,2.18,13.8,0.31,18.07,0.4,1.45,,,,,21.8,82.0,,150.25,,,,715.0,
2024-11-21 07:00:00,50.5,95.25,1.23,3.8,4.03,2.18,14.38,0.46,17.66,0.43,1.55,,,,,21.92,81.25,,218.5,,,,716.25,
2024-11-21 08:00:00,59.75,119.0,1.32,3.7,4.12,2.18,15.18,0.59,17.66,0.4,1.6,,,,,22.52,76.75,,150.25,,,,717.25,
2024-11-21 09:00:00,55.75,117.5,1.32,3.78,4.15,2.3,13.2,0.74,18.09,0.4,1.4,,,,,23.4,69.75,,136.25,,,,718.0,
2024-11-21 10:00:00,53.5,123.25,1.27,3.58,3.95,2.3,12.2,0.65,17.4,0.38,1.23,,,,,24.45,61.25,,147.0,,,,717.75,
2024-11-21 11:00:00,50.0,121.25,1.5,3.18,4.18,2.3,11.2,0.54,17.63,0.3,1.12,,,,,24.58,59.0,,224.25,,,,717.0,
2024-11-21 12:00:00,49.75,100.75,1.25,3.78,4.03,2.12,11.02,0.34,18.65,0.3,1.08,,,,,25.25,54.5,,182.25,,,,715.75,
2024-11-21 13:00:00,43.25,96.0,1.1,3.9,3.88,2.22,13.82,0.44,22.38,0.4,1.45,,,,,25.88,52.25,,218.75,,,,714.5,
2024-11-21 14:00:00,53.75,112.75,1.25,4.0,4.18,2.28,16.75,0.43,18.74,0.5,1.82,,,,,26.88,47.5,,185.0,,,,714.0,
2024-11-21 15:00:00,56.75,118.0,1.42,3.88,4.3,2.22,16.9,0.58,17.54,0.48,1.85,,,,,25.65,52.5,,210.75,,,,714.0,
2024-11-21 16:00:00,60.25,123.0,1.23,3.6,3.92,2.2,14.0,0.64,16.75,0.4,1.48,,,,,25.72,52.0,,234.75,,,,714.0,
2024-11-21 17:00:00,64.0,143.25,1.05,3.78,3.72,2.25,14.52,0.71,17.99,0.4,1.52,,,,,24.42,60.0,,241.75,,,,714.0,
2024-11-21 18:00:00,65.75,165.5,1.1,3.55,3.68,2.38,16.88,1.48,17.47,0.52,1.85,,,,,23.15,71.0,,211.75,,,,714.75,
2024-11-21 19:00:00,74.0,188.0,1.3,3.92,4.2,2.4,21.78,2.39,18.46,0.7,2.48,,,,,22.82,73.75,,179.5,,,,715.75,
2024-11-21 20:00:00,81.0,188.5,1.3,3.72,4.05,2.38,25.6,1.71,18.21,0.85,3.0,,,,,22.95,70.5,,227.75,,,,716.0,
2024-11-21 21:00:00,74.75,162.5,1.1,3.85,3.88,2.33,26.18,1.44,18.16,0.88,3.05,,,,,22.7,72.0,,226.75,,,,716.75,
2024-11-21 22:00:00,72.0,153.0,1.12,3.7,3.85,2.2,23.2,0.73,17.9,0.75,2.68,,,,,22.48,72.25,,116.75,,,,716.75,
2024-11-21 23:00:00,65.25,123.5,1.23,3.72,4.0,2.18,22.05,0.36,17.2,0.7,2.52,,,,,22.15,78.0,,170.0,,,,716.0,
2024-11-22 00:00:00,63.25,106.25,1.32,3.8,4.12,2.2,20.15,0.28,17.63,0.65,2.25,,,,,21.92,81.75,,138.25,,,,716.0,
2024-11-22 01:00:00,63.5,100.0,1.3,3.7,4.1,2.15,11.9,0.23,18.07,0.33,1.2,,,,,21.58,84.0,,153.25,,,,715.25,
2024-11-22 02:00:00,59.5,88.75,1.12,3.95,3.92,2.1,7.85,0.2,18.02,0.18,0.65,,,,,21.28,86.5,,171.25,,,,714.75,
2024-11-22 03:00:00,51.75,88.75,1.18,3.72,3.9,2.12,7.08,0.18,18.26,0.18,0.6,,,,,21.12,88.0,,183.5,,,,714.0,
2024-11-22 04:00:00,53.75,83.75,1.25,3.45,3.85,2.2,6.32,0.18,18.3,0.12,0.48,,,,,21.08,88.25,,150.25,,,,714.0,
2024-11-22 05:00:00,60.5,92.25,1.05,3.48,3.58,2.15,5.88,0.18,18.07,0.12,0.42,,,,,20.88,88.25,,156.5,,,,714.75,
2024-11-22 06:00:00,57.75,102.75,1.4,3.45,4.07,2.18,6.95,0.35,17.77,0.18,0.57,,,,,20.65,89.5,,200.25,,,,715.0,
2024-11-22 07:00:00,64.0,111.75,1.15,3.78,3.88,2.18,6.4,0.54,17.95,0.15,0.5,,,,,21.02,88.25,,190.75,,,,716.0,
2024-11-22 08:00:00,66.5,132.5,0.95,3.5,3.48,2.22,7.52,0.81,18.24,0.2,0.65,,,,,21.98,81.25,,115.25,,,,716.0,
2024-11-22 09:00:00,65.75,142.25,1.15,3.55,3.8,2.3,8.3,1.22,18.03,0.2,0.72,,,,,23.25,68.25,,100.25,,,,716.25,
2024-11-22 10:00:00,64.75,156.5,1.27,3.5,3.95,2.28,9.25,0.96,20.3,0.25,0.85,,,,,25.02,55.75,,168.5,,,,716.0,
2024-11-22 11:00:00,53.75,119.75,1.18,3.58,3.8,2.2,8.5,0.73,35.07,0.2,0.8,,,,,26.15,48.25,,163.5,,,,715.5,
2024-11-22 12:00:00,48.75,101.0,1.18,4.03,4.05,2.22,9.18,0.41,34.84,0.28,0.88,,,,,26.9,43.25,,162.5,,,,714.25,
2024-11-22 13:00:00,45.25,92.5,1.12,4.1,4.03,2.12,8.98,0.4,33.5,0.2,0.8,,,,,27.62,39.5,,160.75,,,,713.25,
2024-11-22 14:00:00,47.25,94.0,1.32,3.48,4.0,2.2,6.98,0.38,33.53,0.15,0.57,,,,,27.85,39.75,,176.75,,,,712.25,
2024-11-22 15:00:00,50.25,93.5,1.25,3.85,4.08,2.18,5.82,0.44,32.49,0.1,0.45,,,,,27.88,39.5,,190.25,,,,712.0,
2024-11-22 16:00:00,47.25,94.5,1.2,4.1,4.12,2.25,4.92,0.6,33.74,0.1,0.28,,,,,27.5,40.5,,202.5,,,,713.0,
2024-11-22 17:00:00,45.75,111.25,1.38,4.08,4.4,2.25,8.98,1.03,34.4,0.22,0.82,,,,,25.2,50.0,,209.25,,,,713.5,
2024-11-22 18:00:00,52.75,147.25,1.32,3.65,4.12,2.3,10.9,0.78,33.84,0.3,1.08,,,,,23.85,58.75,,259.25,,,,714.25,
2024-11-22 19:00:00,70.25,172.25,1.23,3.88,4.03,2.25,11.18,1.09,34.13,0.32,1.1,,,,,23.28,64.0,,267.25,,,,715.25,
2024-11-22 20:00:00,75.0,158.25,1.27,3.95,4.2,2.15,12.08,0.52,33.09,0.35,1.25,,,,,23.12,71.75,,147.0,,,,716.0,
2024-11-22 21:00:00,58.5,109.75,1.5,3.78,4.42,2.2,7.95,0.34,32.44,0.22,0.68,,,,,22.7,72.25,,120.0,,,,717.0,
2024-11-22 22:00:00,55.0,97.5,1.38,3.7,4.2,2.2,5.18,0.31,33.09,0.1,0.32,,,,,22.3,75.5,,124.0,,,,716.25,
2024-11-22 23:00:00,59.25,98.25,1.38,3.75,4.25,2.2,4.75,0.24,32.27,0.1,0.28,,,,,21.95,77.25,,99.25,,,,716.0,
2024-11-23 00:00:00,65.75,98.5,1.18,3.97,4.03,2.18,8.68,0.24,38.01,0.25,0.8,,,,,21.78,80.0,,137.75,,,,715.5,
2024-11-23 01:00:00,73.5,107.25,1.15,4.1,4.03,2.3,5.7,0.24,34.0,0.13,0.4,,,,,21.68,82.5,,140.5,,,,715.0,
2024-11-23 02:00:00,71.75,111.0,1.08,3.72,3.75,2.52,1.95,0.26,33.49,,,,,,,21.52,84.5,,151.75,,,,715.0,
2024-11-23 03:00:00,72.0,111.25,1.38,3.58,4.2,2.5,0.88,0.31,33.8,,,,,,,21.35,86.0,,109.75,,,,715.0,
2024-11-23 04:00:00,74.75,112.25,1.62,3.48,4.47,2.25,0.1,0.3,33.71,,,,,,,21.02,87.5,,190.5,,,,715.0,
2024-11-23 05:00:00,75.5,114.5,1.18,3.5,3.78,2.22,1.3,0.35,33.7,,,,,,,20.85,89.0,,117.75,,,,715.75,
2024-11-23 06:00:00,79.0,120.0,1.05,3.98,3.8,2.18,1.68,0.38,33.71,,,,,,,20.78,90.0,,246.75,,,,716.25,
2024-11-23 07:00:00,79.0,128.25,1.27,4.05,4.2,2.1,2.1,0.52,33.42,,,,,,,21.2,88.75,,189.5,,,,717.0,
2024-11-23 08:00:00,89.0,149.75,1.45,3.52,4.25,2.15,2.82,0.75,33.89,,0.1,,,,,22.12,81.0,,166.5,,,,718.0,
2024-11-23 09:00:00,91.0,166.75,1.35,3.5,4.03,2.3,3.48,0.83,32.81,0.1,0.17,,,,,23.32,70.25,,160.25,,,,718.0,
2024-11-23 10:00:00,80.0,153.5,1.18,3.72,3.92,2.2,3.78,0.62,34.75,0.1,0.2,,,,,24.85,59.5,,167.5,,,,718.0,
2024-11-23 11:00:00,54.25,113.5,1.38,3.6,4.15,2.2,6.18,0.57,34.88,0.12,0.48,,,,,25.58,54.0,,196.0,,,,717.0,
2024-11-23 12:00:00,48.5,102.75,1.32,3.72,4.12,2.2,5.7,0.31,34.11,0.12,0.42,,,,,26.3,47.75,,193.5,,,,715.75,
2024-11-23 13:00:00,47.25,94.5,1.38,3.5,4.08,2.18,4.4,0.32,32.99,0.1,0.25,,,,,26.92,44.5,,190.0,,,,714.5,
2024-11-23 14:00:00,47.75,99.25,1.23,3.48,3.8,2.15,4.6,0.41,32.64,0.1,0.3,,,,,26.62,45.5,,181.25,,,,714.0,
2024-11-23 15:00:00,47.25,100.75,1.02,3.88,3.8,2.18,3.8,0.42,34.69,0.1,0.2,,,,,25.98,48.75,,241.75,,,,714.0,
2024-11-23 16:00:00,45.5,101.25,1.1,3.68,3.75,2.18,2.82,0.69,33.79,,0.2,,,,,25.08,52.75,,139.25,,,,714.0,
2024-11-23 17:00:00,40.5,103.5,1.2,3.58,3.82,2.33,4.22,0.6,33.58,0.1,0.3,,,,,24.32,59.0,,175.5,,,,714.0,
2024-11-23 18:00:00,50.5,127.5,1.05,3.95,3.82,2.55,5.45,0.74,33.85,0.1,0.32,,,,,23.9,63.5,,176.5,,,,715.0,
2024-11-23 19:00:00,58.0,136.75,1.4,3.95,4.32,2.45,7.6,1.09,34.04,0.2,0.65,,,,,23.55,67.0,,164.0,,,,715.75,
2024-11-23 20:00:00,58.5,142.0,1.3,3.95,4.22,2.22,7.5,0.69,33.51,0.18,0.62,,,,,23.28,75.0,,130.0,,,,716.0,
2024-11-23 21:00:00,59.0,110.0,1.35,3.65,4.12,2.2,6.15,0.3,32.24,0.15,0.45,,,,,23.05,78.75,,148.0,,,,716.25,
2024-11-23 22:00:00,54.75,94.25,1.52,3.55,4.4,2.18,2.33,0.18,32.99,,0.1,,,,,22.8,81.25,,120.75,,,,717.0,
2024-11-23 23:00:00,53.5,92.75,1.0,3.58,3.52,2.3,4.47,0.08,36.65,0.1,0.28,,,,,22.88,82.75,,123.0,,,,716.25,
2024-11-24 00:00:00,62.75,99.0,1.18,3.82,3.92,2.33,4.6,0.29,17.86,0.1,0.28,,,,,22.9,84.0,,139.75,,,,716.0,
2024-11-24 01:00:00,66.75,106.5,1.3,3.68,4.05,2.28,7.73,0.27,18.2,0.2,0.63,,,,,22.5,85.25,,135.0,,,,715.75,
2024-11-24 02:00:00,63.5,90.5,1.6,3.48,4.47,2.12,9.62,0.31,17.9,0.28,0.88,,,,,22.05,86.75,,192.25,,,,715.0,
2024-11-24 03:00:00,63.5,84.0,1.4,3.78,4.25,2.15,11.2,0.28,17.48,0.35,1.1,,,,,21.95,86.5,,136.0,,,,715.0,
2024-11-24 04:00:00,60.5,87.0,1.15,3.62,3.8,2.1,9.88,0.3,17.62,0.28,0.95,,,,,21.78,88.0,,158.5,,,,715.25,
2024-11-24 05:00:00,65.0,86.75,1.25,3.95,4.12,2.08,9.65,0.3,19.03,0.28,0.92,,,,,21.7,88.5,,194.5,,,,715.5,
2024-11-24 06:00:00,62.25,86.25,1.3,3.68,4.03,2.1,11.72,0.39,17.96,0.35,1.18,,,,,21.38,90.0,,267.0,,,,716.25,
2024-11-24 07:00:00,55.75,90.0,1.3,3.52,4.05,2.18,11.7,0.49,17.82,0.35,1.18,,,,,21.8,87.25,,169.25,,,,717.0,
2024-11-24 08:00:00,61.25,103.75,1.25,3.75,3.98,2.18,9.6,0.44,20.77,0.28,0.9,,,,,22.45,79.75,,143.25,,,,717.75,
2024-11-24 09:00:00,63.75,120.5,1.18,3.72,3.88,2.15,9.35,0.42,25.66,0.28,0.88,,,,,23.52,71.25,,170.75,,,,718.0,
2024-11-24 10:00:00,67.5,124.75,1.2,3.92,4.0,2.12,9.68,0.38,26.62,0.3,0.92,,,,,25.02,60.0,,199.25,,,,717.5,
2024-11-24 11:00:00,60.0,109.5,1.23,3.78,4.0,2.15,10.02,0.39,27.95,0.3,0.98,,,,,26.25,50.5,,151.25,,,,716.5,
2024-11-24 12:00:00,48.0,90.75,1.32,3.78,4.15,2.18,10.62,0.26,23.6,0.3,1.02,,,,,26.9,46.5,,170.5,,,,715.5,
2024-11-24 13:00:00,39.0,83.75,1.25,3.85,4.05,2.12,11.08,0.25,25.14,0.3,1.1,,,,,27.05,44.75,,186.25,,,,714.5,
2024-11-24 14:00:00,39.0,81.75,1.27,4.0,4.25,2.08,12.1,0.45,26.14,0.38,1.23,,,,,26.75,45.0,,150.75,,,,714.0,
2024-11-24 15:00:00,40.5,82.25,1.38,4.0,4.38,2.1,12.02,0.54,25.95,0.38,1.23,,,,,26.25,49.0,,198.0,,,,713.25,
2024-11-24 16:00:00,47.5,102.0,1.32,3.52,3.97,2.15,11.78,0.6,24.58,0.38,1.18,,,,,25.35,53.75,,180.0,,,,714.0,
2024-11-24 17:00:00,51.0,114.75,1.25,3.9,4.1,2.1,9.93,0.73,25.82,0.3,0.92,,,,,24.32,58.5,,177.75,,,,714.5,
2024-11-24 18:00:00,39.75,92.25,1.27,3.62,4.03,2.18,11.45,0.49,25.77,0.32,1.12,,,,,23.6,62.0,,177.5,,,,715.0,
2024-11-24 19:00:00,44.75,101.5,1.23,3.9,4.05,2.15,12.6,0.54,23.92,0.4,1.27,,,,,23.42,66.25,,145.25,,,,715.75,
2024-11-24 20:00:00,52.5,105.75,1.38,3.62,4.18,2.2,13.7,0.51,24.47,0.4,1.42,,,,,23.2,72.75,,130.25,,,,716.0,
2024-11-24 21:00:00,52.0,95.75,1.25,3.5,3.9,2.2,13.42,0.33,24.69,0.4,1.4,,,,,23.02,75.75,,136.25,,,,716.25,
2024-11-24 22:00:00,55.5,92.0,1.52,3.52,4.35,2.1,12.4,0.19,24.99,0.4,1.27,,,,,22.65,79.75,,94.25,,,,716.5,
2024-11-24 23:00:00,57.75,82.25,1.25,3.55,3.9,2.15,11.12,0.22,19.53,0.3,1.1,,,,,22.3,83.0,,159.25,,,,716.0,
2024-11-25 00:00:00,57.25,77.75,1.32,3.58,4.03,2.1,10.72,0.22,18.25,0.3,1.08,,,,,22.18,84.0,,132.0,,,,715.0,
2024-11-25 01:00:00,48.75,70.25,1.32,4.15,4.35,2.18,9.13,0.2,18.54,0.23,0.83,,,,,22.08,83.5,,112.75,,,,715.0,
2024-11-25 02:00:00,48.75,67.5,1.35,3.7,4.18,2.1,9.5,0.2,18.08,0.28,0.9,,,,,21.98,84.0,,140.75,,,,714.0,
2024-11-25 03:00:00,50.0,64.5,1.2,3.7,3.95,2.18,8.65,0.28,18.84,0.2,0.8,,,,,21.75,86.0,,146.5,,,,714.0,
2024-11-25 04:00:00,48.75,61.25,1.3,3.55,4.05,2.15,9.2,0.3,18.04,0.25,0.85,,,,,21.52,87.5,,136.75,,,,714.0,
2024-11-25 05:00:00,51.75,66.75,1.02,3.85,3.72,2.15,9.18,0.33,18.12,0.25,0.85,,,,,21.28,88.5,,167.0,,,,714.0,
2024-11-25 06:00:00,46.25,73.75,1.27,3.6,4.03,2.15,9.5,0.4,18.11,0.3,0.9,,,,,21.22,88.75,,151.5,,,,715.0,
2024-11-25 07:00:00,53.0,85.25,1.27,3.82,4.15,2.15,10.3,0.6,17.81,0.3,1.0,,,,,21.52,86.5,,136.75,,,,715.75,
2024-11-25 08:00:00,61.25,106.5,1.27,3.82,4.15,2.12,10.68,0.76,17.76,0.3,1.02,,,,,22.32,79.75,,146.25,,,,716.0,
2024-11-25 09:00:00,56.5,109.5,1.32,3.75,4.15,2.1,12.1,0.94,19.14,0.35,1.23,,,,,24.15,65.25,,134.5,,,,716.0,
2024-11-25 10:00:00,50.0,99.25,1.18,3.92,4.0,2.2,13.78,0.88,18.89,0.4,1.45,,,,,24.82,57.5,,160.25,,,,716.0,
2024-11-25 11:00:00,52.75,107.75,1.1,3.7,3.75,2.25,12.0,0.73,18.94,0.38,1.23,,,,,25.95,49.5,,146.0,,,,715.5,
2024-11-25 12:00:00,48.25,98.25,1.1,3.82,3.8,2.2,11.35,0.3,18.16,0.32,1.15,,,,,26.52,45.5,,144.0,,,,714.75,
2024-11-25 13:00:00,39.75,83.25,1.45,3.38,4.1,2.18,10.75,0.36,19.04,0.3,1.05,,,,,26.58,45.0,,181.25,,,,713.75,
2024-11-25 14:00:00,46.25,90.25,1.27,3.85,4.1,2.12,10.8,0.48,18.27,0.3,1.08,,,,,27.15,43.0,,166.75,,,,713.0,
2024-11-25 15:00:00,41.5,90.5,1.25,3.58,3.95,2.2,10.32,0.54,18.11,0.3,1.0,,,,,27.25,42.75,,152.75,,,,713.0,
2024-11-25 16:00:00,42.25,90.0,1.15,3.92,3.97,2.2,11.3,0.6,18.61,0.32,1.12,,,,,25.78,48.25,,171.25,,,,713.0,
2024-11-25 17:00:00,41.25,95.0,1.42,3.78,4.32,2.15,11.42,0.83,18.17,0.32,1.12,,,,,24.5,55.25,,202.0,,,,713.5,
2024-11-25 18:00:00,45.75,104.25,1.35,3.62,4.12,2.15,11.52,0.73,18.06,0.32,1.15,,,,,23.8,61.0,,189.75,,,,714.25,
2024-11-25 19:00:00,49.0,112.5,1.3,3.72,4.03,2.2,13.05,0.67,17.35,0.4,1.38,,,,,23.62,65.5,,161.0,,,,715.0,
2024-11-25 20:00:00,51.5,101.5,0.92,3.72,3.48,2.18,12.62,0.4,18.21,0.4,1.3,,,,,23.2,71.25,,149.25,,,,715.75,
2024-11-25 21:00:00,51.25,85.75,0.98,3.92,3.7,2.15,12.85,0.41,17.82,0.4,1.3,,,,,22.88,74.5,,164.25,,,,716.0,
2024-11-25 22:00:00,56.5,98.5,1.27,3.88,4.12,2.18,11.98,0.23,18.03,0.38,1.23,,,,,22.78,76.75,,158.75,,,,716.0,
2024-11-25 23:00:00,62.5,101.5,1.23,3.5,3.88,2.2,11.05,0.1,18.04,0.3,1.08,,,,,22.52,79.25,,161.75,,,,715.0,
2024-11-26 00:00:00,66.75,96.5,1.23,4.0,4.08,2.1,10.98,0.28,17.97,0.3,1.1,,,,,22.32,81.25,,173.75,,,,714.5,
2024-11-26 01:00:00,66.25,94.5,1.25,3.6,3.9,2.15,10.43,0.25,18.3,0.3,1.0,,,,,22.28,80.5,,111.0,,,,714.0,
2024-11-26 02:00:00,66.25,91.25,1.08,3.62,3.72,2.1,11.15,0.21,18.11,0.32,1.1,,,,,22.08,81.0,,108.25,,,,713.0,
2024-11-26 03:00:00,64.5,84.0,1.27,3.95,4.18,2.12,10.35,0.19,17.99,0.3,0.98,,,,,21.9,81.0,,125.25,,,,713.0,
2024-11-26 04:00:00,65.25,79.0,1.32,3.72,4.15,2.1,10.48,0.22,17.81,0.3,1.05,,,,,21.7,81.0,,116.5,,,,713.0,
2024-11-26 05:00:00,63.75,84.5,1.12,4.1,3.97,2.1,10.6,0.27,18.09,0.3,1.05,,,,,21.52,81.75,,110.75,,,,713.0,
2024-11-26 06:00:00,68.5,96.75,1.12,4.12,4.03,2.1,10.85,0.43,18.07,0.32,1.08,,,,,21.35,83.5,,124.5,,,,714.25,
2024-11-26 07:00:00,78.5,125.25,1.27,4.1,4.25,2.08,10.07,0.58,18.18,0.3,0.98,,,,,21.62,81.5,,120.75,,,,715.0,
2024-11-26 08:00:00,84.75,159.0,1.1,4.08,4.0,2.12,11.72,0.98,17.59,0.35,1.18,,,,,22.42,77.75,,114.75,,,,715.5,
2024-11-26 09:00:00,81.5,135.0,1.27,3.6,4.0,2.2,12.72,1.33,18.04,0.4,1.3,,,,,23.18,72.75,,100.0,,,,716.0,
2024-11-26 10:00:00,80.75,142.0,1.38,3.48,4.1,2.1,12.98,1.13,17.95,0.4,1.32,,,,,23.82,69.0,,121.75,,,,715.75,
2024-11-26 11:00:00,74.5,134.0,1.27,3.75,4.05,2.15,13.38,1.0,18.36,0.4,1.42,,,,,24.48,64.75,,137.75,,,,715.0,
2024-11-26 12:00:00,74.0,127.75,1.4,3.7,4.2,2.12,14.05,0.6,17.93,0.4,1.48,,,,,24.58,65.0,,130.0,,,,714.0,
2024-11-26 13:00:00,67.75,123.25,1.42,3.7,4.25,2.2,13.28,0.73,18.03,0.4,1.38,,,,,24.35,66.0,,136.5,,,,713.25,
2024-11-26 14:00:00,64.75,109.5,1.3,3.92,4.22,2.12,14.25,0.59,17.26,0.4,1.52,,,,,23.98,69.0,,103.5,,,,712.75,
2024-11-26 15:00:00,61.0,106.5,1.4,3.65,4.25,2.2,13.62,0.48,17.95,0.4,1.42,,,,,23.85,69.75,,138.25,,,,712.0,
2024-11-26 16:00:00,65.75,114.75,1.4,3.78,4.3,2.18,13.48,0.63,17.76,0.4,1.4,,,,,22.98,74.5,,108.5,,,,712.25,
2024-11-26 17:00:00,52.5,94.75,1.4,3.62,4.25,2.2,14.15,0.71,17.7,0.4,1.5,,,,,22.52,79.5,,117.5,,,,713.0,
2024-11-26 18:00:00,49.5,85.0,1.38,3.55,4.12,2.22,15.02,1.08,18.31,0.43,1.6,,,,,22.3,80.75,,104.25,,,,714.0,
2024-11-26 19:00:00,41.5,85.75,1.08,3.7,3.75,2.2,15.08,0.98,17.96,0.43,1.6,,,,,22.12,81.25,,130.0,,,,715.0,
2024-11-26 20:00:00,33.0,63.0,1.2,3.6,3.85,2.2,14.85,0.83,18.2,0.43,1.58,,,,,22.05,82.25,,131.0,,,,715.0,
2024-11-26 21:00:00,43.5,70.5,1.25,3.5,3.92,2.2,14.15,0.59,18.3,0.4,1.48,,,,,21.9,83.0,,120.25,,,,716.0,
2024-11-26 22:00:00,57.25,76.5,1.1,3.78,3.82,2.08,13.2,0.33,17.85,0.4,1.35,,,,,21.85,83.5,,104.0,,,,715.25,
2024-11-26 23:00:00,64.5,92.75,1.25,3.65,3.92,2.1,12.28,0.2,18.12,0.38,1.23,,,,,21.58,85.5,,102.5,,,,715.0,
2024-11-27 00:00:00,84.5,127.25,1.32,3.8,4.18,2.1,11.7,0.3,17.81,0.35,1.18,,,,,21.35,87.0,,102.0,,,,714.25,
2024-11-27 01:00:00,83.25,117.0,1.08,3.78,3.78,2.1,10.2,0.3,17.98,0.3,0.97,,,,,21.08,90.5,,135.75,,,,713.75,
2024-11-27 02:00:00,73.25,93.25,1.12,3.78,3.82,2.15,9.8,0.28,17.99,0.28,0.92,,,,,21.08,92.0,,127.5,,,,713.0,
2024-11-27 03:00:00,69.5,95.75,1.18,3.8,3.92,2.1,9.7,0.28,18.95,0.28,0.88,,,,,21.05,93.0,,119.5,,,,712.25,
2024-11-27 04:00:00,73.75,99.75,1.18,3.58,3.8,2.18,9.55,0.27,18.3,0.28,0.9,,,,,21.08,93.0,,102.0,,,,712.0,
2024-11-27 05:00:00,71.75,95.25,1.1,3.6,3.75,2.1,9.65,0.3,18.16,0.3,0.92,,,,,20.98,93.0,,151.25,,,,712.75,
2024-11-27 06:00:00,68.75,93.0,1.15,4.18,4.05,2.1,9.68,0.41,18.3,0.28,0.92,,,,,20.92,93.0,,112.0,,,,713.5,
2024-11-27 07:00:00,73.0,98.0,1.35,3.97,4.25,2.08,10.45,0.64,17.78,0.3,1.05,,,,,21.22,92.5,,111.25,,,,714.0,
2024-11-27 08:00:00,76.75,115.25,1.38,4.1,4.4,2.15,11.45,0.93,18.65,0.3,1.12,,,,,22.02,86.5,,106.5,,,,715.0,
2024-11-27 09:00:00,68.75,120.25,1.12,4.0,3.95,2.1,12.23,1.16,18.52,0.4,1.23,,,,,22.92,73.0,,130.25,,,,715.0,
2024-11-27 10:00:00,65.75,122.75,1.15,3.58,3.78,2.2,12.82,0.97,17.88,0.4,1.35,,,,,23.7,67.25,,109.75,,,,714.5,
2024-11-27 11:00:00,70.25,145.0,1.23,3.5,3.9,2.18,12.42,0.92,17.83,0.4,1.27,,,,,24.42,63.0,,139.75,,,,714.0,
2024-11-27 12:00:00,75.0,134.25,1.18,3.52,3.75,2.15,12.52,0.39,17.75,0.38,1.27,,,,,24.4,62.75,,104.25,,,,713.25,
2024-11-27 13:00:00,68.0,108.75,1.45,3.58,4.22,2.25,10.25,0.28,16.62,0.3,0.98,,,,,24.38,62.25,,113.5,,,,712.0,
2024-11-27 14:00:00,66.0,105.0,1.35,3.68,4.12,2.25,9.55,0.44,17.7,0.28,0.88,,,,,24.2,63.0,,132.5,,,,712.0,
2024-11-27 15:00:00,68.5,115.5,1.35,3.58,4.1,2.17,9.72,0.51,15.18,0.25,0.92,,,,,24.4,62.0,,123.75,,,,711.25,
2024-11-27 16:00:00,69.25,122.0,1.25,3.68,3.98,2.2,13.65,0.61,23.07,0.4,1.4,,,,,23.75,65.0,,152.75,,,,711.25,
2024-11-27 17:00:00,78.25,132.75,1.02,4.22,3.9,2.18,13.85,0.8,17.86,0.4,1.45,,,,,23.22,68.0,,169.0,,,,712.0,
2024-11-27 18:00:00,83.5,143.5,1.15,3.9,3.92,2.22,14.45,0.64,17.96,0.4,1.52,,,,,22.8,71.0,,142.75,,,,712.5,
2024-11-27 19:00:00,80.25,135.25,1.4,3.5,4.15,2.18,15.5,0.88,18.15,0.48,1.7,,,,,22.55,72.75,,155.0,,,,713.0,
2024-11-27 20:00:00,85.25,142.5,1.18,3.9,4.0,2.15,15.72,0.68,17.6,0.5,1.7,,,,,22.3,75.5,,111.0,,,,713.75,
2024-11-27 21:00:00,86.75,140.0,1.4,3.72,4.27,2.18,14.3,0.36,18.3,0.4,1.52,,,,,22.12,76.0,,146.5,,,,714.0,
2024-11-27 22:00:00,78.75,124.5,1.3,3.88,4.18,2.12,13.78,0.24,18.42,0.4,1.45,,,,,21.95,76.0,,156.25,,,,714.0,
2024-11-27 23:00:00,74.0,112.75,1.2,4.15,4.2,2.1,14.02,0.24,18.29,0.4,1.48,,,,,21.88,77.25,,125.0,,,,714.0,
2024-11-28 00:00:00,71.25,107.75,1.32,3.62,4.05,2.1,12.1,0.31,18.35,0.35,1.23,,,,,21.68,78.5,,135.75,,,,713.0,
2024-11-28 01:00:00,71.75,103.75,1.05,3.88,3.72,2.18,10.07,0.27,18.28,0.3,0.93,,,,,21.5,77.75,,136.5,,,,712.0,
2024-11-28 02:00:00,67.5,102.5,1.27,3.7,4.05,2.1,9.78,0.24,18.47,0.3,0.9,,,,,21.3,78.0,,128.75,,,,711.25,
2024-11-28 03:00:00,59.5,98.25,1.25,3.7,3.95,2.12,10.65,0.24,18.58,0.3,1.02,,,,,21.1,78.25,,146.25,,,,711.0,
2024-11-28 04:00:00,66.5,90.25,1.12,3.95,3.98,2.05,10.6,0.24,18.63,0.3,1.05,,,,,20.98,77.5,,135.75,,,,711.25,
2024-11-28 05:00:00,66.0,93.25,1.4,3.6,4.2,2.08,9.68,0.26,18.69,0.28,0.9,,,,,20.82,77.5,,165.25,,,,712.0,
2024-11-28 06:00:00,71.0,104.75,1.35,3.55,4.12,2.12,10.12,0.4,18.42,0.3,0.98,,,,,20.62,79.5,,131.75,,,,712.75,
2024-11-28 07:00:00,81.0,125.25,1.1,3.88,3.9,2.1,11.25,0.59,17.66,0.32,1.1,,,,,20.98,74.75,,136.75,,,,714.0,
2024-11-28 08:00:00,94.25,147.5,1.12,3.85,3.92,2.2,11.1,0.79,17.76,0.32,1.08,,,,,21.75,66.0,,121.25,,,,714.5,
2024-11-28 09:00:00,94.5,154.75,1.08,4.25,4.0,2.12,11.95,1.06,17.45,0.38,1.18,,,,,22.62,58.0,,118.25,,,,715.0,
2024-11-28 10:00:00,80.75,144.75,1.2,3.95,4.05,2.12,13.02,0.99,18.68,0.4,1.38,,,,,24.2,48.0,,118.75,,,,715.0,
2024-11-28 11:00:00,71.25,141.25,1.2,4.15,4.12,2.12,13.08,0.76,19.14,0.4,1.38,,,,,24.9,43.0,,152.0,,,,714.0,
2024-11-28 12:00:00,68.75,128.5,1.32,3.88,4.18,2.18,13.05,0.48,18.16,0.4,1.38,,,,,25.72,38.75,,172.75,,,,712.5,
2024-11-28 13:00:00,58.75,116.5,1.32,3.95,4.2,2.18,10.65,0.42,17.86,0.3,1.05,,,,,26.45,36.75,,160.5,,,,711.75,
2024-11-28 14:00:00,58.25,121.25,1.23,3.58,3.88,2.28,8.9,0.71,17.44,0.22,0.8,,,,,26.75,37.25,,146.0,,,,711.0,
2024-11-28 15:00:00,61.0,120.75,1.3,3.7,4.12,2.17,7.85,0.7,17.85,0.2,0.7,,,,,26.12,40.25,,173.25,,,,711.0,
2024-11-28 16:00:00,63.25,120.0,1.25,3.7,4.03,2.25,9.38,0.97,18.47,0.28,0.88,,,,,25.95,37.75,,148.5,,,,711.0,
2024-11-28 17:00:00,54.5,139.0,1.3,3.4,3.9,2.35,14.3,1.32,17.04,0.42,1.55,,,,,24.15,43.75,,154.25,,,,711.75,
2024-11-28 18:00:00,60.0,159.75,1.12,3.7,3.8,2.25,17.55,1.13,18.14,0.55,1.95,,,,,23.12,46.75,,198.5,,,,712.25,
2024-11-28 19:00:00,57.5,133.25,1.25,3.4,3.8,2.18,16.4,1.08,18.15,0.5,1.78,,,,,22.62,51.75,,163.5,,,,713.0,
2024-11-28 20:00:00,70.75,137.25,1.23,3.68,3.97,2.15,17.02,0.72,18.07,0.5,1.85,,,,,22.22,56.5,,186.5,,,,713.75,
2024-11-28 21:00:00,78.75,140.5,1.3,3.65,4.05,2.12,15.2,0.56,18.42,0.45,1.62,,,,,22.0,59.5,,187.0,,,,714.0,
2024-11-28 22:00:00,77.5,149.0,1.38,3.72,4.18,2.08,13.48,0.45,17.76,0.4,1.4,,,,,21.78,63.25,,202.75,,,,714.0,
2024-11-28 23:00:00,73.5,144.5,1.27,3.7,4.03,2.18,12.8,0.34,18.12,0.4,1.32,,,,,21.85,64.0,,142.25,,,,713.0,
2024-11-29 00:00:00,65.0,116.0,1.18,3.85,3.95,2.15,13.35,0.32,17.93,0.4,1.4,,,,,21.78,65.75,,134.75,,,,712.75,
2024-11-29 01:00:00,61.0,96.25,1.2,3.58,3.85,2.15,10.4,0.26,18.08,0.3,1.0,,,,,21.92,66.5,,154.5,,,,712.0,
2024-11-29 02:00:00,56.25,89.25,1.02,3.48,3.52,2.18,7.58,0.23,18.21,0.2,0.68,,,,,22.05,64.75,,101.0,,,,711.75,
2024-11-29 03:00:00,51.5,85.25,1.23,3.9,4.05,2.08,7.95,0.24,18.17,0.2,0.7,,,,,21.92,65.0,,126.75,,,,711.0,
2024-11-29 04:00:00,54.25,87.0,1.15,3.72,3.85,2.02,6.48,0.25,18.02,0.15,0.48,,,,,21.75,69.25,,160.25,,,,711.25,
2024-11-29 05:00:00,58.0,82.75,1.38,3.75,4.22,2.12,6.15,0.31,18.01,0.12,0.45,,,,,21.95,68.5,,108.25,,,,712.0,
2024-11-29 06:00:00,60.25,92.25,1.28,3.8,4.1,2.18,6.78,0.37,17.84,0.18,0.57,,,,,21.9,66.75,,123.0,,,,712.5,
2024-11-29 07:00:00,69.0,111.5,1.25,3.65,4.0,2.15,7.22,0.51,18.6,0.2,0.6,,,,,21.95,65.25,,150.25,,,,713.25,
2024-11-29 08:00:00,76.25,134.0,1.25,3.58,3.9,2.2,8.07,0.78,17.88,0.2,0.7,,,,,22.32,62.25,,124.5,,,,714.0,
2024-11-29 09:00:00,79.5,149.75,1.08,3.95,3.85,2.15,8.85,1.04,18.05,0.2,0.8,,,,,23.4,60.0,,138.25,,,,714.0,
2024-11-29 10:00:00,74.0,158.75,1.38,4.3,4.53,2.12,9.5,1.15,17.67,0.25,0.9,,,,,24.28,59.75,,131.25,,,,714.0,
2024-11-29 11:00:00,59.75,121.25,1.25,3.98,4.22,2.12,9.0,0.85,18.16,0.22,0.82,,,,,25.15,57.5,,132.0,,,,713.5,
2024-11-29 12:00:00,53.75,117.75,1.32,3.72,4.15,2.18,8.4,0.4,18.36,0.2,0.75,,,,,25.55,56.25,,136.5,,,,712.5,
2024-11-29 13:00:00,52.5,129.5,1.38,3.6,4.12,2.12,8.88,0.49,18.26,0.22,0.82,,,,,26.28,52.5,,142.25,,,,711.5,
2024-11-29 14:00:00,41.75,95.0,1.45,3.65,4.28,2.15,8.75,0.42,17.15,0.2,0.78,,,,,26.15,53.5,,124.0,,,,711.0,
2024-11-29 15:00:00,41.0,96.75,1.42,3.75,4.28,2.12,8.98,0.52,18.01,0.22,0.82,,,,,25.5,56.75,,106.0,,,,711.0,
2024-11-29 16:00:00,38.75,97.0,1.18,3.68,3.85,2.1,9.18,0.54,18.05,0.28,0.88,,,,,25.0,60.5,,133.5,,,,711.0,
2024-11-29 17:00:00,31.25,81.5,1.2,4.03,4.12,2.1,8.78,0.58,18.28,0.22,0.82,,,,,24.05,65.75,,119.25,,,,711.0,
2024-11-29 18:00:00,33.0,85.25,1.25,4.02,4.12,2.18,9.22,0.67,18.04,0.25,0.85,,,,,23.42,69.75,,139.75,,,,712.0,
2024-11-29 19:00:00,45.25,96.0,1.4,3.55,4.15,2.12,9.95,0.53,17.82,0.3,0.95,,,,,23.28,70.0,,140.25,,,,712.75,
2024-11-29 20:00:00,48.0,84.75,1.32,3.8,4.18,2.15,9.72,0.32,18.04,0.3,0.92,,,,,23.02,70.0,,146.25,,,,713.0,
2024-11-29 21:00:00,55.0,95.25,1.15,3.85,3.92,2.1,9.6,0.31,17.71,0.3,0.9,,,,,22.75,72.75,,124.75,,,,713.25,
2024-11-29 22:00:00,57.0,93.5,1.18,3.5,3.8,2.12,9.0,0.38,18.0,0.25,0.85,,,,,22.55,75.5,,126.0,,,,713.5,
2024-11-29 23:00:00,52.5,92.5,1.23,3.58,3.9,2.1,7.92,0.36,17.57,0.2,0.7,,,,,22.58,76.5,,163.5,,,,713.0,
2024-11-30 00:00:00,47.0,81.0,1.08,3.85,3.8,2.08,6.68,0.24,18.05,0.18,0.52,,,,,22.5,77.75,,180.75,,,,712.5,
2024-11-30 01:00:00,42.5,66.0,1.3,3.98,4.22,2.08,6.63,0.2,17.26,0.13,0.53,,,,,22.18,83.25,,170.0,,,,711.5,
2024-11-30 02:00:00,37.0,55.25,1.48,3.65,4.32,2.15,5.52,0.22,18.14,0.1,0.38,,,,,22.28,82.5,,151.25,,,,710.75,
2024-11-30 03:00:00,33.75,48.5,1.1,3.4,3.6,2.15,6.02,0.28,18.23,0.12,0.42,,,,,22.28,83.5,,162.75,,,,710.0,
2024-11-30 04:00:00,34.25,44.75,1.05,4.05,3.85,2.08,4.12,0.27,18.31,0.1,0.3,,,,,22.3,83.0,,132.0,,,,710.25,
2024-11-30 05:00:00,36.5,46.5,1.35,3.58,4.12,2.12,4.72,0.39,13.63,0.1,0.37,,,,,22.4,83.0,,127.75,,,,711.0,
2024-11-30 06:00:00,31.25,45.5,1.32,3.45,3.95,2.18,5.55,0.29,18.32,0.1,0.38,,,,,22.4,83.0,,119.25,,,,711.25,
2024-11-30 07:00:00,31.25,50.75,1.1,3.52,3.68,2.15,6.28,0.39,19.16,0.12,0.48,,,,,22.52,82.25,,121.25,,,,712.0,
2024-11-30 08:00:00,38.75,64.75,1.05,3.85,3.72,2.12,6.52,0.6,18.22,0.15,0.52,,,,,22.55,82.0,,111.75,,,,713.0,
2024-11-30 09:00:00,41.5,71.5,1.32,4.03,4.25,2.1,7.7,0.76,18.87,0.2,0.65,,,,,22.92,79.5,,117.0,,,,713.0,
2024-11-30 10:00:00,44.25,70.75,1.23,3.78,3.98,2.15,4.45,0.76,18.61,0.15,0.33,,,,,23.1,77.5,,158.0,,,,713.0,
2024-11-30 11:00:00,48.75,81.0,1.05,3.88,3.8,2.1,3.72,0.54,15.15,0.1,0.23,,,,,23.08,78.0,,196.25,,,,712.0,
2024-11-30 12:00:00,58.75,82.75,1.3,3.62,4.0,2.1,8.02,0.44,18.38,0.2,0.7,,,,,23.2,76.5,,166.5,,,,711.0,
2024-11-30 13:00:00,74.0,92.75,1.3,3.92,4.18,2.05,7.82,0.4,18.62,0.22,0.68,,,,,23.1,76.5,,178.5,,,,710.5,
2024-11-30 14:00:00,48.5,79.25,1.52,3.4,4.28,2.1,8.5,0.38,18.22,0.22,0.78,,,,,23.08,77.5,,212.25,,,,709.5,
2024-11-30 15:00:00,43.75,76.25,1.4,3.3,4.05,2.1,7.95,0.32,16.81,0.2,0.68,,,,,23.05,78.0,,191.5,,,,709.0,
2024-11-30 16:00:00,42.25,73.5,1.1,3.9,3.88,2.1,8.5,0.31,19.95,0.2,0.78,,,,,23.0,79.25,,203.75,,,,709.5,
2024-11-30 17:00:00,38.25,70.75,1.25,3.95,4.12,2.08,8.38,0.25,18.43,0.2,0.75,,,,,22.82,80.75,,215.0,,,,710.0,
2024-11-30 18:00:00,34.75,65.5,1.32,3.8,4.15,2.1,7.68,0.5,17.74,0.2,0.62,,,,,22.78,81.5,,224.25,,,,710.0,
2024-11-30 19:00:00,39.75,59.0,1.15,3.58,3.8,2.12,8.25,0.5,18.14,0.2,0.72,,,,,22.75,82.5,,233.5,,,,711.0,
2024-11-30 20:00:00,38.5,54.75,1.23,3.6,3.9,2.15,8.25,0.52,16.44,0.2,0.75,,,,,22.88,80.75,,222.75,,,,711.0,
2024-11-30 21:00:00,38.25,58.5,1.18,3.88,4.05,2.18,7.2,0.46,19.72,0.18,0.6,,,,,22.62,83.75,,235.5,,,,712.0,
2024-11-30 22:00:00,43.5,54.0,1.25,3.7,3.97,2.15,7.38,0.39,17.2,0.2,0.62,,,,,22.18,88.0,,214.5,,,,712.0,
2024-11-30 23:00:00,48.0,54.0,1.27,3.97,4.23,2.07,6.7,0.32,18.17,0.17,0.53,,,,,21.93,91.33,,201.0,,,,711.33,
2024-12-01 00:00:00,44.0,47.0,1.23,3.8,4.03,2.08,6.15,0.26,17.98,0.1,0.48,,,,,21.9,93.5,,189.0,,,,710.75,
2024-12-01 01:00:00,,,1.1,4.03,4.0,2.08,9.73,0.2,17.86,0.27,0.93,,,,,21.9,94.0,,199.25,,,,710.0,
2024-12-01 02:00:00,27.0,30.0,1.3,3.92,4.18,2.05,11.05,0.18,18.75,0.3,1.1,,,,,21.9,94.0,,183.0,,,,709.5,
2024-12-01 03:00:00,28.5,32.75,1.18,4.0,4.0,2.1,11.5,0.18,18.04,0.35,1.12,,,,,21.9,94.0,,199.0,,,,709.0,
2024-12-01 04:00:00,33.25,41.0,1.4,3.4,4.07,2.12,11.42,0.25,17.78,0.3,1.15,,,,,22.0,93.0,,188.75,,,,709.0,
2024-12-01 05:00:00,32.0,41.0,1.25,3.6,3.92,2.12,9.5,0.3,17.75,0.28,0.92,,,,,22.0,93.0,,196.75,,,,709.75,
2024-12-01 06:00:00,28.25,40.0,1.15,3.62,3.85,2.08,10.42,0.3,17.33,0.3,1.0,,,,,22.0,93.0,,192.0,,,,710.0,
2024-12-01 07:00:00,35.0,37.0,1.05,4.03,3.88,2.12,10.28,0.33,18.47,0.3,0.98,,,,,22.0,93.0,,192.0,,,,710.75,
2024-12-01 08:00:00,35.0,39.0,1.27,4.0,4.22,2.12,10.85,0.42,17.94,0.3,1.08,,,,,22.02,93.0,,142.25,,,,711.25,
2024-12-01 09:00:00,34.0,38.0,1.12,4.15,4.02,2.05,11.88,0.48,18.34,0.35,1.2,,,,,22.2,93.0,,135.5,,,,711.75,
2024-12-01 10:00:00,31.5,34.75,1.25,3.72,4.0,2.12,12.75,0.54,17.74,0.4,1.32,,,,,22.82,90.25,,133.75,,,,711.0,
2024-12-01 11:00:00,32.75,37.75,1.45,3.08,4.03,2.1,12.6,0.48,18.5,0.4,1.3,,,,,23.18,82.0,,141.0,,,,710.5,
2024-12-01 12:00:00,30.0,45.0,1.42,3.75,4.28,2.1,12.65,0.38,17.44,0.4,1.3,,,,,23.1,81.5,,146.75,,,,709.5,
2024-12-01 13:00:00,21.75,34.25,1.08,3.98,3.9,2.1,12.5,0.38,18.53,0.4,1.27,,,,,23.15,80.5,,149.0,,,,708.75,
2024-12-01 14:00:00,16.0,35.0,1.27,3.88,4.15,2.08,12.75,0.39,17.38,0.4,1.3,,,,,22.88,83.75,,174.25,,,,708.0,
2024-12-01 15:00:00,19.0,26.0,1.3,3.85,4.15,2.1,12.75,0.3,18.85,0.4,1.3,,,,,22.45,90.0,,183.25,,,,708.0,
2024-12-01 16:00:00,,,1.38,3.68,4.18,2.08,12.12,0.3,16.72,0.35,1.25,,,,,22.35,91.75,,164.5,,,,708.0,
2024-12-01 17:00:00,22.0,28.0,1.08,3.55,3.68,2.1,13.7,0.31,17.02,0.4,1.45,,,,,22.32,93.25,,195.5,,,,708.0,
2024-12-01 18:00:00,22.0,28.0,0.98,3.9,3.65,2.1,12.2,0.36,8.59,0.35,1.23,,,,,22.38,94.0,,198.25,,,,708.5,
2024-12-01 19:00:00,18.0,21.0,1.2,4.15,4.18,2.05,10.58,0.38,22.02,0.32,1.02,,,,,22.28,94.0,,163.75,,,,709.25,
2024-12-01 20:00:00,18.0,21.0,1.25,3.9,4.1,2.1,10.18,0.33,30.17,0.3,0.98,,,,,22.35,94.0,,208.25,,,,710.0,
2024-12-01 21:00:00,8.0,15.0,1.02,4.0,3.78,2.08,10.42,0.42,18.1,0.3,1.03,,,,,22.42,94.0,,159.0,,,,710.0,
2024-12-01 22:00:00,8.0,15.0,1.08,3.95,3.85,2.08,8.93,0.33,17.89,0.2,0.8,,,,,22.48,94.0,,128.0,,,,710.0,
2024-12-01 23:00:00,,,1.65,3.88,4.72,2.08,7.85,0.3,17.36,0.2,0.68,,,,,22.25,94.0,,124.75,,,,710.0,
2024-12-02 00:00:00,,,1.58,3.78,4.5,2.12,7.52,0.33,18.05,0.2,0.65,,,,,22.1,94.0,,132.5,,,,709.0,
2024-12-02 01:00:00,,,1.27,3.62,4.05,2.18,13.5,0.15,16.94,0.4,1.4,,,,,22.15,94.0,,171.0,,,,709.0,
2024-12-02 02:00:00,,,1.18,3.75,3.92,2.18,15.75,0.36,12.82,0.48,1.7,,,,,22.2,94.0,,148.5,,,,708.0,
2024-12-02 03:00:00,13.0,16.0,1.15,3.68,3.88,2.1,16.32,0.4,18.1,0.48,1.78,,,,,22.2,94.0,,143.0,,,,707.75,
2024-12-02 04:00:00,13.0,16.0,1.25,3.62,3.98,2.15,16.95,0.4,18.22,0.5,1.82,,,,,22.2,94.0,,164.25,,,,707.75,
2024-12-02 05:00:00,11.0,12.0,1.15,3.85,3.95,2.1,18.1,0.45,18.38,0.57,2.0,,,,,22.15,94.0,,211.0,,,,708.0,
2024-12-02 06:00:00,11.0,12.0,1.12,3.8,3.78,2.1,17.12,0.36,17.5,0.52,1.88,,,,,22.2,94.0,,166.25,,,,709.0,
2024-12-02 07:00:00,14.0,16.0,1.27,3.65,4.0,2.15,16.6,0.52,18.19,0.5,1.8,,,,,22.3,94.0,,187.0,,,,709.75,
2024-12-02 08:00:00,14.75,18.25,1.0,3.9,3.78,2.1,18.05,0.78,18.63,0.55,2.02,,,,,22.42,94.0,,158.75,,,,710.75,
2024-12-02 09:00:00,17.75,24.5,1.08,3.35,3.52,2.2,19.25,1.14,18.67,0.6,2.17,,,,,22.55,94.0,,141.0,,,,711.0,
2024-12-02 10:00:00,20.5,23.75,1.23,3.62,3.9,2.08,20.35,1.18,18.11,0.62,2.3,,,,,22.65,94.0,,144.25,,,,711.0,
2024-12-02 11:00:00,20.0,24.75,1.27,3.72,4.03,2.15,20.67,1.11,18.28,0.65,2.35,,,,,22.92,94.0,,136.75,,,,711.0,
2024-12-02 12:00:00,15.0,21.25,1.45,3.85,4.38,2.1,20.92,0.56,18.4,0.68,2.38,,,,,22.82,94.0,,160.75,,,,710.0,
2024-12-02 13:00:00,18.0,22.0,1.35,3.55,4.12,2.1,21.48,0.46,18.18,0.7,2.42,,,,,22.82,94.0,,175.75,,,,709.0,
2024-12-02 14:00:00,,,1.35,3.5,4.12,2.08,20.78,0.33,18.24,0.65,2.32,,,,,23.05,93.75,,179.5,,,,709.0,
2024-12-02 15:00:00,10.0,14.0,1.27,3.95,4.12,2.08,20.2,0.36,18.05,0.62,2.28,,,,,22.88,94.0,,159.25,,,,709.0,
2024-12-02 16:00:00,12.0,16.5,1.2,3.68,3.9,2.1,21.05,0.45,17.66,0.68,2.38,,,,,22.82,94.0,,153.0,,,,709.25,
2024-12-02 17:00:00,21.0,27.0,1.12,3.5,3.7,2.1,20.45,0.33,17.74,0.65,2.3,,,,,22.6,94.0,,210.5,,,,710.0,
2024-12-02 18:00:00,30.0,36.0,1.12,3.32,3.62,2.15,18.2,0.5,20.13,0.57,2.02,,,,,22.6,94.0,,177.0,,,,710.75,
2024-12-02 19:00:00,20.0,22.0,1.2,3.6,3.82,2.15,16.15,0.5,17.77,0.5,1.75,,,,,22.58,94.0,,173.5,,,,711.75,
2024-12-02 20:00:00,20.0,22.0,1.33,3.72,4.15,2.12,15.85,0.4,16.86,0.48,1.7,,,,,22.58,94.0,,135.25,,,,712.0,
2024-12-02 21:00:00,9.0,11.0,1.32,3.62,4.03,2.1,15.15,0.28,17.82,0.43,1.6,,,,,22.58,94.0,,155.5,,,,712.0,
2024-12-02 22:00:00,9.0,11.0,1.35,3.58,4.08,2.15,17.92,0.22,15.86,0.55,1.98,,,,,22.55,94.0,,118.25,,,,713.0,
2024-12-02 23:00:00,,,1.02,3.82,3.72,2.1,18.08,0.13,17.57,0.57,2.0,,,,,22.45,94.0,,162.5,,,,713.0,
2024-12-03 00:00:00,,,0.95,3.95,3.65,2.05,19.32,0.25,15.94,0.6,2.15,,,,,22.6,94.0,,206.75,,,,712.75,
2024-12-03 01:00:00,,,1.38,3.55,4.12,2.12,11.67,0.31,19.88,0.33,1.17,,,,,22.42,94.0,,137.25,,,,712.0,
2024-12-03 02:00:00,2.0,9.0,1.4,3.68,4.2,2.1,6.68,0.26,19.65,0.15,0.52,,,,,22.25,94.0,,128.75,,,,711.5,
2024-12-03 03:00:00,2.0,9.0,1.3,3.55,4.03,2.1,4.28,0.16,19.83,0.15,0.37,,,,,22.1,94.75,,152.0,,,,711.0,
2024-12-03 04:00:00,,,1.23,3.82,4.03,2.15,2.15,0.14,18.18,,,,,,,22.15,95.0,,205.75,,,,711.5,
2024-12-03 05:00:00,10.0,17.0,1.23,3.7,3.95,2.1,3.08,0.17,20.26,0.1,0.25,,,,,22.2,94.25,,189.0,,,,712.75,
2024-12-03 06:00:00,11.5,17.75,1.32,3.65,4.1,2.15,4.18,0.32,18.17,0.1,0.22,,,,,22.2,94.0,,187.25,,,,713.5,
2024-12-03 07:00:00,17.0,21.25,1.23,3.82,4.08,2.12,5.52,0.54,19.94,0.1,0.38,,,,,22.32,94.0,,214.25,,,,714.5,
2024-12-03 08:00:00,19.5,25.0,1.2,3.9,4.05,2.05,7.3,0.74,18.34,0.2,0.62,,,,,22.52,94.0,,151.75,,,,715.0,
2024-12-03 09:00:00,19.5,28.25,1.25,3.9,4.08,2.1,7.42,1.08,17.69,0.2,0.6,,,,,23.1,92.75,,169.0,,,,715.0,
2024-12-03 10:00:00,25.25,38.25,1.32,3.65,4.08,2.1,7.82,0.92,19.28,0.2,0.65,,,,,24.55,81.25,,137.0,,,,715.0,
2024-12-03 11:00:00,26.5,39.5,1.27,3.52,3.9,2.1,5.52,0.69,18.76,0.13,0.4,,,,,25.45,69.75,,148.25,,,,714.75,
2024-12-03 12:00:00,19.0,38.75,1.27,3.62,4.03,2.08,3.78,0.49,17.64,0.1,0.15,,,,,25.05,71.0,,159.25,,,,713.75,
2024-12-03 13:00:00,17.25,30.0,1.38,3.75,4.22,2.08,5.18,0.46,20.02,0.1,0.32,,,,,23.62,82.5,,198.0,,,,714.0,
2024-12-03 14:00:00,12.0,24.0,1.35,3.58,4.07,2.1,4.65,0.48,18.77,0.1,0.28,,,,,22.82,92.25,,227.75,,,,714.0,
2024-12-03 15:00:00,,,1.08,3.65,3.72,2.15,7.32,0.64,12.14,0.2,0.62,,,,,22.92,94.0,,203.5,,,,713.0,
2024-12-03 16:00:00,17.0,21.0,1.32,3.32,3.9,2.12,10.32,0.46,23.09,0.3,0.98,,,,,23.18,93.5,,243.75,,,,713.0,
2024-12-03 17:00:00,20.25,27.5,1.08,3.82,3.78,2.1,11.78,0.77,12.01,0.35,1.15,,,,,23.1,93.0,,239.5,,,,713.0,
2024-12-03 18:00:00,33.5,49.5,1.2,3.75,3.92,2.15,14.08,1.57,17.39,0.43,1.5,,,,,23.05,93.75,,233.5,,,,714.0,
2024-12-03 19:00:00,44.25,58.0,1.42,3.9,4.4,2.08,16.6,1.91,25.26,0.5,1.78,,,,,22.95,93.75,,225.5,,,,715.0,
2024-12-03 20:00:00,39.75,55.5,1.23,3.88,4.05,2.1,15.25,0.76,16.19,0.45,1.62,,,,,22.9,93.0,,149.25,,,,715.0,
2024-12-03 21:00:00,24.0,39.0,1.05,3.8,3.75,2.05,13.02,0.29,18.38,0.38,1.35,,,,,22.88,93.0,,151.75,,,,715.0,
2024-12-03 22:00:00,26.25,39.5,1.23,3.72,3.92,2.1,10.82,0.3,17.98,0.3,1.05,,,,,22.75,92.25,,117.0,,,,715.0,
2024-12-03 23:00:00,32.5,41.25,1.27,3.62,4.03,2.05,8.32,0.28,22.15,0.22,0.72,,,,,22.8,91.75,,136.75,,,,714.5,
2024-12-04 00:00:00,31.25,41.25,1.45,3.7,4.32,2.08,3.38,0.31,18.62,0.1,0.25,,,,,22.8,89.75,,120.0,,,,714.0,
2024-12-04 01:00:00,29.25,38.75,1.15,3.58,3.82,2.1,5.57,0.3,20.11,0.1,0.4,,,,,22.68,88.25,,131.75,,,,714.0,
2024-12-04 02:00:00,21.5,37.0,1.23,4.03,4.12,2.08,5.55,0.28,20.41,0.1,0.38,,,,,22.2,89.25,,148.5,,,,714.0,
2024-12-04 03:00:00,22.75,33.5,1.1,3.9,3.85,2.08,7.42,0.29,20.25,0.2,0.62,,,,,21.95,88.25,,137.5,,,,713.0,
2024-12-04 04:00:00,23.25,32.5,1.15,3.92,4.0,2.08,10.32,0.33,19.78,0.3,1.0,,,,,21.72,89.5,,155.75,,,,713.0,
2024-12-04 05:00:00,24.5,35.0,1.27,3.42,3.88,2.1,9.45,0.37,18.89,0.25,0.88,,,,,21.68,90.0,,129.5,,,,714.0,
2024-12-04 06:00:00,19.75,37.0,1.25,3.68,3.97,2.1,8.65,0.3,17.94,0.22,0.78,,,,,21.8,88.5,,132.25,,,,714.5,
2024-12-04 07:00:00,28.5,38.75,1.42,3.85,4.32,2.08,8.43,0.37,20.73,0.22,0.75,,,,,21.98,87.0,,121.75,,,,715.75,
2024-12-04 08:00:00,30.75,51.75,1.3,4.15,4.32,2.08,5.95,0.45,18.33,0.12,0.42,,,,,22.45,83.0,,142.0,,,,716.75,
2024-12-04 09:00:00,32.0,52.75,1.52,3.7,4.42,2.12,7.72,0.66,20.16,0.2,0.65,,,,,23.58,73.75,,140.25,,,,717.0,
2024-12-04 10:00:00,30.0,64.5,1.25,4.05,4.15,2.1,7.72,0.65,19.61,0.2,0.65,,,,,24.92,61.5,,116.5,,,,716.75,
2024-12-04 11:00:00,32.25,57.0,1.3,3.58,4.05,2.1,8.45,0.54,14.73,0.25,0.78,,,,,25.58,57.0,,141.0,,,,716.0,
2024-12-04 12:00:00,29.0,54.5,1.3,3.55,4.0,2.12,11.22,0.23,18.68,0.32,1.12,,,,,25.68,56.25,,159.25,,,,715.0,
2024-12-04 13:00:00,24.75,49.0,1.18,4.28,4.12,2.0,11.3,0.47,17.81,0.3,1.12,,,,,25.6,57.75,,142.25,,,,714.0,
2024-12-04 14:00:00,23.25,56.25,1.25,3.95,4.1,2.02,11.2,0.55,18.03,0.35,1.1,,,,,25.15,61.5,,145.25,,,,713.75,
2024-12-04 15:00:00,28.0,60.0,1.25,3.8,4.1,2.1,8.8,0.54,21.43,0.22,0.8,,,,,25.92,58.75,,188.5,,,,713.0,
2024-12-04 16:00:00,23.25,60.0,1.23,3.65,3.97,2.1,6.08,0.48,18.11,0.1,0.48,,,,,25.92,59.5,,153.75,,,,713.0,
2024-12-04 17:00:00,27.5,65.0,1.15,3.88,3.95,2.1,7.12,0.61,19.34,0.2,0.6,,,,,24.28,70.0,,162.75,,,,713.5,
2024-12-04 18:00:00,28.75,80.5,1.38,3.85,4.32,2.2,9.02,0.66,19.5,0.25,0.82,,,,,23.85,73.0,,193.5,,,,714.25,
2024-12-04 19:00:00,31.0,89.0,1.15,3.8,3.9,2.12,11.92,1.1,16.1,0.35,1.23,,,,,23.65,76.5,,163.0,,,,715.0,
2024-12-04 20:00:00,40.25,106.0,1.38,3.4,4.05,2.1,15.98,1.2,18.57,0.48,1.75,,,,,23.58,80.5,,138.5,,,,716.0,
2024-12-04 21:00:00,40.5,89.0,1.2,3.68,3.92,2.1,17.45,0.81,17.73,0.55,1.92,,,,,23.35,83.75,,144.25,,,,716.25,
2024-12-04 22:00:00,35.5,69.0,1.2,3.92,4.02,2.05,15.25,0.38,14.36,0.45,1.62,,,,,22.95,85.75,,173.5,,,,716.25,
2024-12-04 23:00:00,25.0,52.75,1.02,4.0,3.8,2.05,14.9,0.23,15.19,0.45,1.6,,,,,23.08,86.25,,117.75,,,,716.0,
2024-12-05 00:00:00,24.5,43.0,1.22,3.9,4.08,2.1,13.35,0.38,26.95,0.4,1.4,,,,,22.82,87.25,,136.75,,,,716.0,
2024-12-05 01:00:00,23.0,25.0,1.42,3.8,4.35,2.12,10.13,0.23,12.96,0.3,1.0,,,,,22.38,89.0,,44.5,,,,715.0,
2024-12-05 02:00:00,6.0,12.0,1.18,3.62,3.85,2.18,9.25,0.22,18.55,0.22,0.82,,,,,22.42,90.25,,208.25,,,,714.25,
2024-12-05 03:00:00,6.0,12.0,1.12,3.32,3.6,2.15,7.6,0.25,32.76,0.2,0.65,,,,,22.45,91.0,,121.5,,,,714.0,
2024-12-05 04:00:00,,,1.5,3.7,4.4,2.12,8.28,0.27,20.13,0.2,0.75,,,,,22.22,91.0,,217.5,,,,714.25,
2024-12-05 05:00:00,23.0,28.0,1.42,3.78,4.35,2.12,7.0,0.35,6.49,0.18,0.55,,,,,22.32,91.0,,150.5,,,,715.0,
2024-12-05 06:00:00,21.5,27.75,1.35,3.6,4.1,2.1,7.72,0.4,31.9,0.2,0.68,,,,,22.32,91.0,,145.0,,,,715.5,
2024-12-05 07:00:00,17.0,27.0,1.48,3.82,4.45,2.08,9.3,0.52,14.79,0.28,0.88,,,,,22.38,92.0,,206.5,,,,716.75,
2024-12-05 08:00:00,,,1.3,3.95,4.18,2.02,9.9,0.86,19.7,0.28,0.95,,,,,23.0,90.75,,225.0,,,,717.0,
2024-12-05 09:00:00,19.0,29.0,1.27,4.03,4.18,2.05,9.9,1.02,18.6,0.3,0.92,,,,,23.92,83.5,,116.75,,,,717.0,
2024-12-05 10:00:00,17.75,29.5,1.2,3.9,4.03,2.08,11.5,0.9,21.47,0.35,1.15,,,,,24.75,72.0,,157.75,,,,717.0,
2024-12-05 11:00:00,15.75,39.0,1.32,4.05,4.3,2.05,7.92,0.36,18.73,0.2,0.68,,,,,26.2,60.25,,137.75,,,,716.5,
2024-12-05 12:00:00,19.0,57.75,1.02,3.82,3.75,2.08,7.1,0.62,19.95,0.15,0.6,,,,,25.85,63.5,,131.75,,,,715.5,
2024-12-05 13:00:00,12.5,39.0,1.3,3.62,4.03,2.08,5.52,0.4,18.34,0.1,0.4,,,,,26.68,57.0,,151.5,,,,714.5,
2024-12-05 14:00:00,10.75,36.75,1.2,3.92,4.05,2.08,8.5,0.48,9.54,0.25,0.75,,,,,27.05,53.5,,129.5,,,,713.75,
2024-12-05 15:00:00,10.0,64.5,1.08,3.68,3.68,2.08,12.25,0.65,37.36,0.38,1.27,,,,,26.72,55.75,,130.0,,,,713.0,
2024-12-05 16:00:00,12.75,89.75,1.15,4.22,4.2,2.08,12.75,0.81,21.23,0.4,1.3,,,,,26.92,54.25,,135.0,,,,713.0,
2024-12-05 17:00:00,21.25,97.5,1.52,3.7,4.42,2.12,10.95,0.88,20.4,0.32,1.1,,,,,25.72,59.5,,124.0,,,,713.75,
2024-12-05 18:00:00,22.0,91.5,1.27,3.85,4.12,2.05,11.12,0.54,17.76,0.3,1.12,,,,,24.1,69.5,,85.25,,,,714.5,
2024-12-05 19:00:00,22.75,81.25,1.12,3.7,3.82,2.1,12.28,0.77,18.81,0.38,1.25,,,,,23.78,73.75,,106.25,,,,715.5,
2024-12-05 20:00:00,25.5,90.0,1.2,3.8,3.95,2.1,13.98,0.7,18.35,0.4,1.48,,,,,23.48,77.75,,118.0,,,,716.25,
2024-12-05 21:00:00,25.75,81.75,1.45,4.05,4.5,2.08,13.82,0.44,18.42,0.4,1.45,,,,,23.28,80.75,,158.25,,,,717.0,
2024-12-05 22:00:00,20.5,63.0,1.12,3.7,3.82,2.12,11.98,0.16,17.78,0.38,1.2,,,,,23.12,84.25,,159.0,,,,716.75,
2024-12-05 23:00:00,16.0,51.25,1.32,3.52,4.03,2.05,10.45,0.07,18.08,0.3,1.0,,,,,23.08,86.0,,154.75,,,,716.0,
2024-12-06 00:00:00,17.0,41.25,1.18,3.82,3.97,2.08,7.82,0.22,19.35,0.22,0.68,,,,,22.85,86.0,,115.5,,,,716.0,
2024-12-06 01:00:00,20.0,36.0,1.27,4.05,4.25,2.0,9.03,0.16,20.85,0.27,0.83,,,,,22.78,86.0,,118.0,,,,715.0,
2024-12-06 02:00:00,24.0,36.0,1.3,3.92,4.2,2.08,11.55,0.16,19.16,0.3,1.15,,,,,22.58,86.75,,116.25,,,,715.0,
2024-12-06 03:00:00,24.5,36.75,1.1,3.78,3.82,2.1,11.82,0.2,20.72,0.32,1.2,,,,,22.48,86.5,,150.25,,,,714.5,
2024-12-06 04:00:00,27.0,37.0,0.92,3.62,3.4,2.1,12.6,0.35,15.16,0.38,1.27,,,,,22.6,84.5,,122.75,,,,715.0,
2024-12-06 05:00:00,29.5,32.75,1.15,3.88,3.95,2.15,16.3,0.4,17.93,0.5,1.78,,,,,22.62,84.0,,174.5,,,,715.0,
2024-12-06 06:00:00,29.5,38.75,1.23,3.92,4.12,2.08,16.55,0.28,20.31,0.5,1.8,,,,,22.52,83.0,,189.0,,,,715.75,
2024-12-06 07:00:00,32.5,43.0,1.27,3.72,4.1,2.12,15.9,0.24,17.88,0.5,1.72,,,,,22.52,82.5,,208.75,,,,716.25,
2024-12-06 08:00:00,29.75,55.0,1.27,3.55,3.98,2.12,15.5,0.39,18.3,0.48,1.68,,,,,23.1,79.5,,170.5,,,,717.0,
2024-12-06 09:00:00,34.0,71.75,1.23,3.82,4.0,2.1,16.95,0.69,17.13,0.52,1.85,,,,,24.0,72.5,,144.75,,,,717.75,
2024-12-06 10:00:00,28.25,66.75,1.23,3.78,3.95,2.05,15.72,0.41,16.82,0.45,1.65,,,,,25.25,63.0,,170.25,,,,717.0,
2024-12-06 11:00:00,19.5,59.25,1.27,3.68,4.0,2.08,16.35,0.31,19.26,0.48,1.78,,,,,26.3,56.5,,135.5,,,,716.25,
2024-12-06 12:00:00,16.75,48.0,1.35,3.68,4.1,2.1,16.6,0.24,18.63,0.5,1.8,,,,,26.6,53.75,,161.25,,,,715.25,
2024-12-06 13:00:00,12.5,47.25,1.27,3.6,4.0,2.12,15.5,0.19,21.81,0.43,1.62,,,,,27.38,49.0,,165.0,,,,714.25,
2024-12-06 14:00:00,12.0,45.75,1.3,3.5,4.0,2.08,17.45,0.32,17.84,0.52,1.92,,,,,27.38,48.0,,150.75,,,,713.25,
2024-12-06 15:00:00,14.75,47.5,1.42,3.72,4.28,2.1,15.7,0.31,18.3,0.45,1.68,,,,,28.05,45.25,,120.25,,,,713.0,
2024-12-06 16:00:00,15.25,50.75,1.4,3.55,4.18,2.1,15.08,0.47,17.9,0.4,1.6,,,,,26.75,50.75,,154.5,,,,713.0,
2024-12-06 17:00:00,18.5,63.25,1.08,3.55,3.58,2.18,15.28,0.38,17.82,0.45,1.65,,,,,25.45,58.0,,126.75,,,,713.75,
2024-12-06 18:00:00,19.75,62.25,1.3,3.9,4.18,2.1,16.6,0.55,19.15,0.5,1.8,,,,,24.15,67.25,,163.5,,,,714.25,
2024-12-06 19:00:00,30.0,75.0,1.35,3.95,4.3,2.1,14.58,0.7,18.8,0.45,1.55,,,,,23.85,69.25,,100.75,,,,715.0,
2024-12-06 20:00:00,36.75,75.0,1.1,3.55,3.62,2.12,12.45,0.68,17.13,0.4,1.25,,,,,23.6,73.25,,117.25,,,,716.0,
2024-12-06 21:00:00,38.0,73.75,1.1,3.68,3.75,2.05,13.8,0.43,15.27,0.43,1.45,,,,,23.32,78.5,,157.5,,,,716.0,
2024-12-06 22:00:00,34.75,68.0,1.1,4.0,3.95,2.1,16.7,0.44,17.72,0.5,1.85,,,,,23.05,81.5,,98.75,,,,716.0,
2024-12-06 23:00:00,32.0,60.25,1.27,3.82,4.08,2.08,17.35,0.33,17.74,0.52,1.92,,,,,22.85,83.75,,115.5,,,,715.5,
2024-12-07 00:00:00,27.5,53.25,1.32,3.8,4.18,2.1,15.9,0.26,18.22,0.48,1.7,,,,,22.65,85.25,,105.75,,,,715.0,
2024-12-07 01:00:00,28.75,44.5,1.15,4.2,4.1,2.08,11.97,0.23,19.8,0.33,1.2,,,,,22.45,87.0,,138.75,,,,714.5,
2024-12-07 02:00:00,21.0,35.0,1.05,3.85,3.72,2.12,9.72,0.24,16.95,0.3,0.92,,,,,22.3,88.5,,87.25,,,,714.0,
2024-12-07 03:00:00,28.0,39.25,1.25,3.8,4.03,2.1,10.02,0.2,18.26,0.3,0.95,,,,,22.3,88.75,,93.75,,,,714.0,
2024-12-07 04:00:00,31.5,42.25,1.4,4.18,4.5,2.02,10.07,0.26,18.12,0.3,0.95,,,,,22.3,88.0,,156.75,,,,714.0,
2024-12-07 05:00:00,34.75,41.75,1.0,4.15,3.82,2.02,10.62,0.3,19.03,0.3,1.02,,,,,22.15,87.75,,201.75,,,,714.0,
2024-12-07 06:00:00,42.0,53.0,1.38,3.95,4.35,2.02,10.52,0.4,17.7,0.28,1.02,,,,,22.1,88.0,,199.5,,,,715.0,
2024-12-07 07:00:00,47.25,77.25,1.4,3.75,4.3,2.12,10.07,0.52,18.3,0.3,0.95,,,,,22.28,88.5,,151.75,,,,715.75,
2024-12-07 08:00:00,45.75,94.25,1.2,3.95,4.05,2.1,11.02,0.57,17.36,0.3,1.1,,,,,22.9,83.5,,140.75,,,,716.0,
2024-12-07 09:00:00,48.25,89.75,1.32,4.08,4.32,2.05,12.2,0.58,18.55,0.4,1.23,,,,,23.8,76.5,,154.5,,,,717.0,
2024-12-07 10:00:00,45.75,89.0,1.35,3.85,4.25,2.05,8.93,0.66,21.16,0.25,0.78,,,,,25.42,64.25,,123.0,,,,716.75,
2024-12-07 11:00:00,34.5,76.5,1.38,3.72,4.2,2.02,8.45,0.5,18.79,0.2,0.75,,,,,25.88,60.75,,149.5,,,,716.0,
2024-12-07 12:00:00,28.25,63.75,1.23,4.0,4.12,2.0,7.2,0.32,17.32,0.18,0.57,,,,,26.7,55.25,,146.25,,,,715.0,
2024-12-07 13:00:00,23.25,60.0,1.18,3.68,3.85,2.08,10.62,0.48,18.58,0.3,1.05,,,,,27.55,51.0,,132.25,,,,714.0,
2024-12-07 14:00:00,21.5,62.0,1.12,3.62,3.78,2.12,11.3,0.44,23.27,0.3,1.12,,,,,27.62,47.5,,158.0,,,,713.0,
2024-12-07 15:00:00,15.0,43.75,1.23,3.92,4.12,2.12,11.82,0.38,16.28,0.35,1.18,,,,,27.52,48.5,,140.25,,,,713.0,
2024-12-07 16:00:00,17.75,51.5,1.4,3.75,4.25,2.08,12.18,0.33,17.46,0.38,1.2,,,,,25.88,55.75,,147.25,,,,713.0,
2024-12-07 17:00:00,19.0,53.0,1.32,3.85,4.18,2.05,13.32,0.41,17.44,0.4,1.38,,,,,24.8,63.75,,117.5,,,,713.5,
2024-12-07 18:00:00,23.75,64.75,1.45,3.6,4.28,2.1,11.85,0.56,16.02,0.35,1.2,,,,,24.3,67.75,,112.25,,,,714.25,
2024-12-07 19:00:00,23.75,73.25,1.35,3.38,4.0,2.12,14.2,0.64,17.44,0.4,1.5,,,,,24.0,72.25,,72.5,,,,715.0,
2024-12-07 20:00:00,34.25,72.0,1.38,3.7,4.18,2.12,13.3,0.48,17.06,0.4,1.38,,,,,23.68,75.5,,136.5,,,,716.0,
2024-12-07 21:00:00,31.25,65.25,1.4,3.52,4.15,2.18,11.58,0.39,18.56,0.32,1.15,,,,,23.48,77.0,,81.25,,,,716.0,
2024-12-07 22:00:00,29.5,59.5,1.4,3.45,4.15,2.12,11.68,0.17,17.93,0.32,1.18,,,,,23.12,82.25,,178.25,,,,715.75,
2024-12-07 23:00:00,32.25,49.25,1.42,3.9,4.38,2.05,11.28,0.33,18.24,0.3,1.1,,,,,23.0,83.75,,168.25,,,,715.0,
2024-12-08 00:00:00,34.25,45.5,1.4,3.78,4.28,2.08,10.72,0.32,17.97,0.3,1.05,,,,,23.02,82.75,,201.5,,,,715.0,
2024-12-08 01:00:00,29.0,32.0,1.45,3.68,4.28,2.12,10.67,0.31,18.16,0.3,1.07,,,,,22.85,83.25,,202.5,,,,714.75,
2024-12-08 02:00:00,15.0,25.0,1.25,4.07,4.22,2.1,9.62,0.3,17.87,0.3,0.9,,,,,22.5,84.75,,214.25,,,,714.0,
2024-12-08 03:00:00,15.5,25.0,1.38,3.55,4.08,2.1,10.15,0.31,17.72,0.28,0.98,,,,,22.18,85.25,,130.5,,,,714.0,
2024-12-08 04:00:00,18.25,25.0,1.2,3.48,3.8,2.1,10.75,0.32,17.56,0.3,1.05,,,,,21.95,83.75,,149.5,,,,714.0,
2024-12-08 05:00:00,21.0,27.75,1.2,3.55,3.85,2.15,11.55,0.32,17.88,0.32,1.15,,,,,21.82,85.25,,228.5,,,,714.0,
2024-12-08 06:00:00,19.5,38.25,1.18,3.5,3.78,2.12,11.35,0.26,19.92,0.32,1.12,,,,,21.75,86.75,,206.25,,,,714.75,
2024-12-08 07:00:00,23.75,45.25,1.23,3.32,3.78,2.12,11.3,0.34,20.08,0.32,1.12,,,,,21.98,85.5,,189.0,,,,715.75,
2024-12-08 08:00:00,25.75,52.75,1.27,3.72,4.07,2.1,11.72,0.44,17.74,0.35,1.18,,,,,22.8,76.25,,190.0,,,,716.5,
2024-12-08 09:00:00,32.25,69.75,1.35,3.88,4.25,2.1,11.77,0.38,20.42,0.32,1.2,,,,,23.72,65.0,,184.25,,,,717.0,
2024-12-08 10:00:00,24.25,56.5,1.25,3.95,4.15,2.12,11.12,0.35,19.07,0.3,1.12,,,,,25.02,53.0,,177.75,,,,716.75,
2024-12-08 11:00:00,16.0,44.25,1.55,3.28,4.28,2.15,10.78,0.34,20.02,0.3,1.05,,,,,25.85,49.25,,195.75,,,,716.0,
2024-12-08 12:00:00,15.5,40.0,1.27,3.7,4.03,2.08,10.35,0.31,18.97,0.3,1.0,,,,,26.55,46.25,,183.25,,,,715.0,
2024-12-08 13:00:00,14.75,45.5,1.35,3.8,4.2,2.08,10.72,0.36,17.53,0.3,1.05,,,,,26.72,45.75,,173.5,,,,714.0,
2024-12-08 14:00:00,18.25,54.25,1.38,3.68,4.22,2.1,11.0,0.4,16.43,0.32,1.1,,,,,27.18,44.25,,197.5,,,,713.25,
2024-12-08 15:00:00,22.25,59.0,1.25,3.5,3.85,2.1,10.78,0.43,17.22,0.3,1.05,,,,,27.65,41.75,,171.25,,,,713.0,
2024-12-08 16:00:00,22.25,61.75,1.05,3.8,3.72,2.05,10.52,0.58,17.7,0.3,1.02,,,,,27.6,42.5,,98.25,,,,713.0,
2024-12-08 17:00:00,22.5,61.0,1.25,3.95,4.1,2.02,11.4,0.58,16.85,0.32,1.12,,,,,25.5,51.5,,136.75,,,,713.5,
2024-12-08 18:00:00,28.5,58.5,1.27,3.9,4.15,2.12,11.18,0.48,17.66,0.3,1.1,,,,,24.15,61.25,,140.5,,,,714.0,
2024-12-08 19:00:00,26.75,57.25,1.27,3.65,4.08,2.1,11.7,0.61,17.58,0.35,1.18,,,,,23.75,65.5,,160.25,,,,715.0,
2024-12-08 20:00:00,36.0,75.5,1.25,3.98,4.12,2.02,12.48,0.52,18.86,0.4,1.25,,,,,23.45,68.75,,160.0,,,,715.0,
2024-12-08 21:00:00,39.75,73.75,1.25,3.88,4.1,2.08,13.48,0.46,18.13,0.4,1.42,,,,,23.2,72.5,,204.0,,,,715.5,
2024-12-08 22:00:00,40.75,71.0,1.15,3.88,3.92,2.05,12.35,0.43,17.76,0.4,1.27,,,,,22.85,76.5,,212.5,,,,715.5,
2024-12-08 23:00:00,37.5,66.0,1.1,4.12,3.95,2.02,13.2,0.4,18.29,0.4,1.38,,,,,22.62,79.25,,197.0,,,,715.0,
2024-12-09 00:00:00,37.25,63.25,1.1,3.7,3.8,2.12,10.92,0.29,17.77,0.32,1.1,,,,,22.3,80.75,,207.25,,,,714.5,
2024-12-09 01:00:00,29.75,42.0,1.27,3.6,4.0,2.1,12.7,0.23,18.22,0.4,1.3,,,,,22.22,81.0,,215.25,,,,714.0,
2024-12-09 02:00:00,22.75,29.25,1.2,4.03,4.1,2.12,13.78,0.28,18.53,0.4,1.45,,,,,22.1,82.25,,214.0,,,,714.0,
2024-12-09 03:00:00,20.5,26.25,1.15,3.78,3.88,2.1,13.05,0.32,18.82,0.4,1.38,,,,,22.05,83.0,,214.75,,,,713.75,
2024-12-09 04:00:00,16.75,27.0,1.3,3.9,4.18,2.05,12.38,0.31,18.24,0.38,1.27,,,,,22.0,83.75,,199.5,,,,714.0,
2024-12-09 05:00:00,22.75,39.5,1.12,4.1,4.03,2.05,12.65,0.36,17.95,0.38,1.3,,,,,21.8,85.75,,217.25,,,,714.0,
2024-12-09 06:00:00,36.25,52.0,1.25,3.9,4.15,2.0,14.23,0.35,17.34,0.4,1.48,,,,,21.65,87.0,,211.0,,,,715.0,
2024-12-09 07:00:00,44.25,61.75,1.4,3.65,4.28,2.12,13.48,0.39,16.45,0.4,1.4,,,,,21.98,86.25,,203.25,,,,716.0,
2024-12-09 08:00:00,51.5,81.0,1.4,3.78,4.25,2.1,13.15,0.64,17.45,0.4,1.32,,,,,22.7,80.75,,193.75,,,,716.25,
2024-12-09 09:00:00,60.25,100.25,1.4,3.9,4.35,2.08,13.25,0.6,18.54,0.4,1.38,,,,,23.52,72.25,,196.25,,,,717.0,
2024-12-09 10:00:00,51.75,83.5,1.25,4.02,4.2,2.05,12.95,0.42,20.39,0.4,1.32,,,,,24.8,60.0,,206.0,,,,716.25,
2024-12-09 11:00:00,44.25,81.5,1.2,3.82,4.0,2.15,12.12,0.65,19.36,0.38,1.23,,,,,26.1,52.0,,155.0,,,,715.75,
2024-12-09 12:00:00,51.25,97.25,1.18,3.45,3.78,2.15,12.65,0.39,16.48,0.4,1.32,,,,,27.0,46.75,,180.0,,,,714.75,
2024-12-09 13:00:00,51.0,94.5,1.12,3.8,3.8,2.12,14.4,0.4,18.56,0.43,1.52,,,,,27.5,44.75,,159.75,,,,713.5,
2024-12-09 14:00:00,45.75,90.0,1.1,4.12,3.97,2.08,14.05,0.34,17.77,0.4,1.45,,,,,27.15,45.5,,182.75,,,,713.0,
2024-12-09 15:00:00,39.5,84.5,1.2,4.0,4.12,2.05,14.25,0.48,16.66,0.4,1.5,,,,,27.12,47.0,,164.75,,,,713.0,
2024-12-09 16:00:00,41.0,93.0,1.58,3.85,4.62,2.08,14.7,0.42,16.88,0.4,1.55,,,,,26.85,47.75,,187.25,,,,713.0,
2024-12-09 17:00:00,40.5,89.75,1.5,3.62,4.32,2.18,11.88,0.53,16.9,0.32,1.23,,,,,24.85,57.0,,187.75,,,,713.0,
2024-12-09 18:00:00,40.75,100.5,1.18,3.88,3.98,2.1,11.45,0.61,18.04,0.32,1.15,,,,,24.1,62.0,,219.5,,,,713.75,
2024-12-09 19:00:00,45.5,106.5,1.05,3.48,3.52,2.1,17.18,0.79,18.19,0.52,1.88,,,,,23.98,67.25,,110.75,,,,714.5,
2024-12-09 20:00:00,46.25,97.0,1.2,3.9,4.05,2.12,17.12,0.38,19.24,0.52,1.85,,,,,23.7,71.5,,164.0,,,,715.0,
2024-12-09 21:00:00,51.75,82.5,1.27,3.97,4.18,2.1,17.7,0.41,16.61,0.55,1.92,,,,,23.38,73.25,,103.75,,,,715.75,
2024-12-09 22:00:00,46.75,80.25,1.18,3.92,4.0,2.1,15.18,0.27,16.16,0.45,1.65,,,,,22.98,78.5,,94.25,,,,716.0,
2024-12-09 23:00:00,46.0,70.25,1.35,3.8,4.2,2.12,13.98,0.18,16.2,0.4,1.48,,,,,22.75,82.0,,136.5,,,,715.25,
2024-12-10 00:00:00,55.0,74.0,1.27,3.72,4.03,2.1,15.18,0.32,20.02,0.45,1.65,,,,,22.52,84.0,,106.25,,,,715.0,
2024-12-10 01:00:00,52.0,71.0,0.92,4.0,3.6,2.1,11.73,0.3,17.38,0.33,1.17,,,,,22.28,86.0,,117.75,,,,714.25,
2024-12-10 02:00:00,56.0,74.25,1.25,3.75,4.05,2.12,9.57,0.3,17.75,0.28,0.9,,,,,22.15,87.0,,136.25,,,,714.0,
2024-12-10 03:00:00,66.75,82.25,1.23,3.6,3.92,2.12,11.25,0.28,19.12,0.3,1.12,,,,,22.35,85.5,,146.25,,,,713.0,
2024-12-10 04:00:00,61.0,76.5,1.1,3.75,3.8,2.1,10.32,0.26,18.13,0.3,1.0,,,,,22.25,84.75,,183.5,,,,713.0,
2024-12-10 05:00:00,56.5,76.25,1.42,3.82,4.32,2.08,10.6,0.29,18.55,0.3,1.05,,,,,21.95,85.5,,169.75,,,,714.0,
2024-12-10 06:00:00,61.75,83.75,1.1,3.68,3.72,2.12,10.12,0.33,17.52,0.3,1.0,,,,,21.65,88.0,,162.0,,,,714.5,
2024-12-10 07:00:00,65.75,102.75,1.2,3.7,3.9,2.05,10.9,0.52,16.76,0.3,1.08,,,,,22.05,87.75,,218.0,,,,715.5,
2024-12-10 08:00:00,70.25,124.0,1.15,3.62,3.8,2.18,11.62,0.68,18.02,0.35,1.15,,,,,22.8,80.5,,184.5,,,,716.0,
2024-12-10 09:00:00,68.0,116.5,1.27,3.68,4.05,2.1,12.08,0.74,18.22,0.38,1.2,,,,,23.8,73.0,,152.5,,,,716.25,
2024-12-10 10:00:00,66.25,114.5,1.12,3.5,3.7,2.12,12.48,0.85,19.93,0.4,1.25,,,,,25.32,60.25,,138.25,,,,716.5,
2024-12-10 11:00:00,56.75,115.0,1.2,3.62,3.88,2.1,12.7,0.6,18.92,0.4,1.3,,,,,26.15,52.5,,135.0,,,,715.75,
2024-12-10 12:00:00,43.5,91.5,1.27,3.68,3.97,2.15,12.52,0.51,17.13,0.4,1.27,,,,,26.62,49.0,,134.25,,,,714.5,
2024-12-10 13:00:00,41.75,83.5,1.2,3.55,3.82,2.15,12.45,0.57,18.06,0.4,1.27,,,,,26.8,47.75,,147.5,,,,713.5,
2024-12-10 14:00:00,40.0,80.75,1.38,3.48,4.1,2.12,12.12,0.58,18.34,0.38,1.2,,,,,27.38,45.0,,136.75,,,,712.5,
2024-12-10 15:00:00,38.75,76.5,1.12,3.88,3.85,2.1,11.92,0.6,18.13,0.35,1.23,,,,,27.22,44.75,,118.75,,,,712.0,
2024-12-10 16:00:00,45.5,81.5,1.15,3.55,3.72,2.12,12.58,0.87,18.52,0.4,1.3,,,,,26.32,47.75,,105.0,,,,712.5,
2024-12-10 17:00:00,48.25,103.25,1.25,3.85,4.1,2.08,14.1,0.91,17.9,0.43,1.48,,,,,25.18,55.25,,146.25,,,,713.25,
2024-12-10 18:00:00,45.5,110.75,1.18,3.62,3.88,2.05,16.27,1.07,18.31,0.5,1.75,,,,,24.42,61.5,,168.0,,,,714.0,
2024-12-10 19:00:00,54.5,115.75,1.4,3.65,4.2,2.05,17.25,1.26,18.48,0.5,1.88,,,,,24.1,65.0,,137.0,,,,714.75,
2024-12-10 20:00:00,61.5,119.25,1.3,3.7,4.05,2.05,15.8,0.84,18.55,0.5,1.7,,,,,23.9,67.25,,93.25,,,,715.75,
2024-12-10 21:00:00,65.75,102.75,1.35,3.78,4.18,2.12,15.38,0.59,18.07,0.48,1.68,,,,,23.58,70.0,,134.25,,,,716.75,
2024-12-10 22:00:00,54.5,93.25,1.27,3.62,4.0,2.15,13.15,0.36,18.46,0.38,1.38,,,,,23.38,73.0,,132.25,,,,716.75,
2024-12-10 23:00:00,48.25,80.5,1.25,3.95,4.1,2.15,10.6,0.22,18.16,0.3,1.03,,,,,23.18,74.0,,111.25,,,,716.0,
2024-12-11 00:00:00,42.25,62.75,1.48,3.65,4.38,2.1,9.62,0.36,17.92,0.3,0.9,,,,,22.95,75.5,,92.5,,,,715.5,
2024-12-11 01:00:00,39.75,51.5,1.38,3.92,4.25,2.1,10.4,0.35,18.13,0.3,1.0,,,,,22.75,76.5,,119.0,,,,715.0,
2024-12-11 02:00:00,39.25,55.5,1.3,3.68,4.05,2.12,10.85,0.32,18.24,0.3,1.08,,,,,22.5,78.5,,110.25,,,,714.25,
2024-12-11 03:00:00,39.0,55.25,1.23,3.3,3.75,2.22,10.98,0.32,18.25,0.3,1.08,,,,,22.25,82.0,,122.75,,,,714.0,
2024-12-11 04:00:00,36.0,59.0,1.3,3.2,3.85,2.2,10.45,0.33,18.36,0.3,1.02,,,,,22.15,84.0,,122.75,,,,714.0,
2024-12-11 05:00:00,58.0,80.0,1.25,3.7,4.08,2.1,11.62,0.37,18.29,0.35,1.15,,,,,22.0,86.0,,99.5,,,,714.0,
2024-12-11 06:00:00,58.0,80.75,1.23,3.85,4.0,2.12,11.28,0.51,18.37,0.32,1.12,,,,,21.9,87.0,,111.25,,,,715.0,
2024-12-11 07:00:00,60.5,87.25,1.27,3.82,4.08,2.08,9.9,0.6,17.9,0.3,0.92,,,,,22.35,84.5,,92.5,,,,715.75,
2024-12-11 08:00:00,69.5,102.5,1.12,4.2,4.08,2.02,11.25,0.7,17.78,0.32,1.12,,,,,22.88,79.25,,89.5,,,,716.5,
2024-12-11 09:00:00,73.25,111.25,0.9,4.15,3.68,2.05,12.1,1.05,17.87,0.38,1.23,,,,,23.68,72.25,,103.0,,,,717.0,
2024-12-11 10:00:00,70.75,113.75,1.2,3.95,4.08,2.08,12.5,1.01,18.33,0.4,1.27,,,,,24.52,64.0,,97.25,,,,716.75,
2024-12-11 11:00:00,67.0,107.0,1.18,3.72,3.92,2.12,12.78,0.92,18.28,0.4,1.32,,,,,25.55,55.75,,98.5,,,,716.0,
2024-12-11 12:00:00,54.5,92.75,1.3,4.08,4.32,2.08,11.48,0.54,17.74,0.32,1.12,,,,,25.95,54.0,,127.25,,,,715.25,
2024-12-11 13:00:00,44.5,79.5,1.08,4.32,4.08,2.1,10.38,0.54,18.39,0.3,1.02,,,,,25.98,53.5,,128.0,,,,714.5,
2024-12-11 14:00:00,47.75,93.0,1.1,3.68,3.72,2.08,9.45,0.54,18.11,0.25,0.88,,,,,25.72,55.25,,127.5,,,,714.0,
2024-12-11 15:00:00,52.0,111.25,1.27,3.72,4.08,2.05,9.93,0.58,18.16,0.28,0.92,,,,,24.9,60.25,,139.5,,,,714.0,
2024-12-11 16:00:00,48.75,113.5,1.23,4.05,4.15,2.05,11.68,0.53,18.1,0.35,1.18,,,,,24.58,62.5,,136.25,,,,713.0,
2024-12-11 17:00:00,50.75,125.75,1.2,4.08,4.15,2.08,12.98,0.78,17.95,0.4,1.35,,,,,23.98,66.25,,125.0,,,,713.0,
2024-12-11 18:00:00,58.25,143.25,1.23,3.82,3.98,2.1,13.62,0.95,17.49,0.4,1.42,,,,,23.58,70.0,,132.0,,,,713.75,
2024-12-11 19:00:00,56.25,127.25,1.08,3.62,3.72,2.08,14.22,0.98,17.16,0.4,1.5,,,,,23.4,71.75,,115.5,,,,714.5,
2024-12-11 20:00:00,56.5,128.0,1.27,3.8,4.08,2.05,15.58,0.87,17.6,0.48,1.68,,,,,23.18,74.25,,126.5,,,,715.0,
2024-12-11 21:00:00,52.75,111.5,1.35,3.85,4.28,2.02,16.5,0.6,17.92,0.5,1.82,,,,,22.92,76.0,,91.75,,,,715.0,
2024-12-11 22:00:00,46.5,87.5,1.4,3.62,4.18,2.12,16.1,0.39,17.81,0.48,1.75,,,,,22.68,78.0,,96.25,,,,715.0,
2024-12-11 23:00:00,47.25,81.0,1.15,3.85,3.9,2.08,13.72,0.31,18.27,0.4,1.42,,,,,22.55,78.75,,88.5,,,,715.0,
2024-12-12 00:00:00,44.25,71.5,1.12,3.78,3.9,2.05,12.58,0.29,18.13,0.4,1.3,,,,,22.48,77.0,,92.5,,,,714.5,
2024-12-12 01:00:00,43.0,59.0,1.35,3.92,4.28,2.08,8.7,0.26,18.01,0.23,0.8,,,,,22.35,78.5,,86.5,,,,713.75,
2024-12-12 02:00:00,46.0,54.0,1.35,3.6,4.1,2.08,6.6,0.23,18.06,0.15,0.52,,,,,22.25,79.5,,80.0,,,,713.0,
2024-12-12 03:00:00,46.0,56.5,1.32,4.03,4.28,2.08,5.88,0.24,17.32,0.12,0.45,,,,,22.2,79.25,,83.5,,,,712.5,
2024-12-12 04:00:00,45.25,56.75,1.27,3.72,4.05,2.1,4.1,0.33,18.16,0.2,0.27,,,,,22.18,80.0,,140.75,,,,712.75,
2024-12-12 05:00:00,44.0,66.5,1.27,4.0,4.22,2.02,3.22,0.39,18.36,0.1,0.13,,,,,22.2,80.25,,94.5,,,,713.0,
2024-12-12 06:00:00,48.5,77.0,1.18,4.18,4.12,2.05,5.88,0.44,13.41,0.17,0.6,,,,,21.98,85.0,,109.25,,,,713.5,
2024-12-12 07:00:00,54.25,79.5,1.12,3.68,3.78,2.1,9.12,0.64,17.9,0.25,0.85,,,,,22.15,86.5,,160.5,,,,714.5,
2024-12-12 08:00:00,56.5,113.0,1.25,3.92,4.08,2.05,8.57,0.88,18.39,0.2,0.78,,,,,22.52,83.75,,123.5,,,,715.25,
2024-12-12 09:00:00,53.5,112.0,1.15,3.8,3.92,2.05,9.92,1.21,18.75,0.28,0.95,,,,,22.7,82.75,,114.25,,,,716.0,
2024-12-12 10:00:00,56.0,113.0,1.08,3.92,3.85,2.1,10.05,1.26,21.31,0.28,0.98,,,,,22.88,81.75,,128.75,,,,716.0,
2024-12-12 11:00:00,47.5,85.75,1.23,3.95,4.03,2.1,8.85,0.94,13.78,0.25,0.8,,,,,22.8,87.0,,139.75,,,,715.75,
2024-12-12 12:00:00,40.25,47.5,1.12,3.7,3.78,2.1,11.15,0.64,18.95,0.3,1.12,,,,,22.9,88.5,,123.75,,,,715.0,
2024-12-12 13:00:00,37.25,39.75,1.42,3.48,4.18,2.1,11.35,0.65,18.59,0.3,1.12,,,,,22.88,88.75,,118.0,,,,714.0,
2024-12-12 14:00:00,26.5,30.0,1.18,3.9,3.97,2.0,11.7,0.55,18.44,0.35,1.18,,,,,22.75,88.25,,132.0,,,,713.25,
2024-12-12 15:00:00,27.0,29.75,1.23,4.2,4.25,2.0,13.85,0.64,16.55,0.4,1.42,,,,,22.9,88.75,,119.5,,,,713.0,
2024-12-12 16:00:00,24.5,31.75,1.5,3.72,4.4,2.05,15.18,0.78,18.68,0.45,1.62,,,,,23.02,87.5,,131.0,,,,713.0,
2024-12-12 17:00:00,25.25,36.75,1.35,3.6,4.12,2.1,14.5,0.56,12.53,0.4,1.52,,,,,22.72,88.25,,118.25,,,,713.0,
2024-12-12 18:00:00,31.25,37.25,1.35,3.4,4.03,2.1,15.45,1.28,24.62,0.45,1.65,,,,,22.68,90.25,,163.0,,,,713.5,
2024-12-12 19:00:00,47.25,60.75,1.1,4.08,3.97,2.2,13.0,1.41,23.36,0.4,1.35,,,,,22.55,91.25,,177.5,,,,714.25,
2024-12-12 20:00:00,21.5,36.25,1.4,3.82,4.3,2.1,14.18,1.18,15.97,0.4,1.5,,,,,22.35,92.0,,116.25,,,,715.0,
2024-12-12 21:00:00,21.5,27.5,1.25,3.82,4.07,2.08,11.85,0.46,14.88,0.35,1.18,,,,,22.15,92.25,,138.25,,,,715.0,
2024-12-12 22:00:00,16.0,23.5,1.42,3.68,4.35,2.1,10.9,0.4,18.2,0.3,1.08,,,,,22.05,93.0,,83.5,,,,716.0,
2024-12-12 23:00:00,14.25,17.5,1.25,3.45,3.85,2.15,8.4,0.31,17.73,0.2,0.75,,,,,22.0,93.0,,149.5,,,,715.25,
2024-12-13 00:00:00,18.0,22.0,1.08,3.5,3.65,2.08,8.8,0.26,18.34,0.2,0.8,,,,,21.98,94.0,,122.5,,,,714.75,
2024-12-13 01:00:00,22.0,26.0,1.1,3.35,3.58,2.12,7.27,0.32,17.88,0.2,0.63,,,,,21.9,94.0,,125.0,,,,714.0,
2024-12-13 02:00:00,26.0,30.25,1.2,3.82,3.95,2.12,8.18,0.41,17.78,0.2,0.7,,,,,21.9,93.25,,98.75,,,,713.5,
2024-12-13 03:00:00,40.0,44.0,1.2,3.78,3.95,2.0,9.3,0.4,18.5,0.28,0.88,,,,,21.95,93.0,,109.5,,,,713.0,
2024-12-13 04:00:00,48.0,50.75,1.02,3.68,3.62,2.1,6.58,0.41,20.76,0.15,0.52,,,,,22.0,93.0,,136.25,,,,713.0,
2024-12-13 05:00:00,52.0,61.5,1.18,3.72,3.88,2.1,4.55,0.44,16.34,0.15,0.33,,,,,22.02,91.75,,118.25,,,,713.5,
2024-12-13 06:00:00,46.0,62.75,1.23,3.75,4.03,2.1,3.15,0.36,17.73,0.1,0.2,,,,,22.1,89.5,,120.25,,,,714.0,
2024-12-13 07:00:00,51.5,80.0,1.2,3.7,3.92,2.08,3.12,0.6,18.08,,0.2,,,,,22.25,87.5,,112.75,,,,715.0,
2024-12-13 08:00:00,67.75,102.75,1.25,3.85,4.08,2.08,5.88,0.84,14.49,0.17,0.57,,,,,22.35,86.75,,139.0,,,,716.25,
2024-12-13 09:00:00,62.75,84.75,1.08,4.05,3.9,2.0,9.65,1.0,18.22,0.28,0.9,,,,,22.1,89.75,,153.75,,,,717.0,
2024-12-13 10:00:00,52.25,69.0,1.08,3.95,3.85,2.1,9.8,0.95,20.32,0.28,0.92,,,,,22.22,89.5,,158.75,,,,717.0,
2024-12-13 11:00:00,59.0,73.0,1.15,3.78,3.92,2.1,11.05,0.74,17.23,0.3,1.1,,,,,23.18,83.5,,135.75,,,,716.25,
2024-12-13 12:00:00,57.25,87.0,1.2,3.65,3.92,2.12,11.22,0.44,18.58,0.3,1.12,,,,,23.95,72.5,,110.75,,,,715.25,
2024-12-13 13:00:00,53.75,97.0,1.2,4.2,4.15,2.08,11.1,0.64,18.87,0.3,1.1,,,,,23.58,75.25,,96.25,,,,714.0,
2024-12-13 14:00:00,59.25,107.75,1.18,3.55,3.8,2.15,10.28,0.55,16.68,0.3,1.0,,,,,24.7,68.5,,119.75,,,,713.25,
2024-12-13 15:00:00,57.0,103.75,1.3,3.82,4.2,2.12,8.57,0.44,21.63,0.22,0.78,,,,,25.18,63.75,,121.75,,,,713.0,
2024-12-13 16:00:00,49.75,102.75,1.2,3.72,3.97,2.1,5.9,0.38,17.7,0.12,0.43,,,,,23.85,72.0,,156.0,,,,713.0,
2024-12-13 17:00:00,56.25,103.25,1.32,3.85,4.18,2.05,7.15,0.57,18.04,0.18,0.57,,,,,23.45,74.5,,163.0,,,,713.5,
2024-12-13 18:00:00,62.0,114.0,1.3,3.5,3.98,2.1,9.12,0.78,17.87,0.25,0.85,,,,,23.2,77.5,,210.5,,,,714.0,
2024-12-13 19:00:00,69.0,137.75,1.3,3.48,3.92,2.1,12.85,0.98,14.34,0.38,1.35,,,,,23.18,77.25,,120.75,,,,715.0,
2024-12-13 20:00:00,73.25,142.0,1.23,3.97,4.08,2.1,13.55,0.73,18.86,0.4,1.42,,,,,23.02,78.5,,160.5,,,,716.0,
2024-12-13 21:00:00,77.0,129.75,1.1,3.95,3.88,2.0,14.65,0.56,17.88,0.4,1.52,,,,,22.88,80.0,,97.75,,,,716.75,
2024-12-13 22:00:00,75.25,124.75,1.32,3.65,4.05,2.05,13.58,0.44,18.0,0.4,1.42,,,,,22.75,82.0,,96.5,,,,717.0,
2024-12-13 23:00:00,69.5,109.25,1.42,3.7,4.28,2.1,11.68,0.51,18.2,0.35,1.2,,,,,22.52,83.75,,117.75,,,,716.5,
2024-12-14 00:00:00,68.0,98.5,1.27,3.65,4.03,2.02,7.08,0.32,20.42,0.18,0.58,,,,,22.28,85.0,,91.25,,,,715.75,
2024-12-14 01:00:00,67.0,90.5,1.4,3.9,4.38,2.1,9.57,0.28,18.4,0.23,0.9,,,,,22.0,86.5,,99.25,,,,715.0,
2024-12-14 02:00:00,64.5,87.0,1.1,3.7,3.72,2.08,10.82,0.26,17.62,0.3,1.08,,,,,21.88,87.5,,123.75,,,,714.75,
2024-12-14 03:00:00,64.5,78.75,1.27,3.52,3.9,2.12,12.22,0.25,16.53,0.38,1.23,,,,,21.82,86.25,,158.0,,,,714.0,
2024-12-14 04:00:00,59.25,71.25,1.3,3.78,4.12,2.1,13.95,0.27,16.42,0.43,1.45,,,,,21.6,87.5,,133.75,,,,715.0,
2024-12-14 05:00:00,57.75,72.0,1.4,3.62,4.2,2.1,15.98,0.31,18.18,0.5,1.72,,,,,21.7,86.5,,117.75,,,,715.0,
2024-12-14 06:00:00,62.75,84.0,1.27,3.68,4.08,2.08,15.88,0.45,16.27,0.48,1.7,,,,,21.55,85.0,,113.0,,,,715.25,
2024-12-14 07:00:00,72.25,98.75,1.35,3.52,4.05,2.18,14.72,0.58,20.06,0.45,1.58,,,,,21.48,85.5,,139.0,,,,716.0,
2024-12-14 08:00:00,78.75,122.25,1.32,3.68,4.08,2.1,15.25,0.78,18.82,0.48,1.65,,,,,22.12,80.25,,114.0,,,,717.0,
2024-12-14 09:00:00,86.25,137.75,1.32,3.55,4.08,2.1,15.5,0.86,18.06,0.45,1.68,,,,,22.48,76.75,,115.75,,,,717.0,
2024-12-14 10:00:00,80.25,123.75,1.27,3.6,4.03,2.08,14.45,0.79,19.04,0.43,1.52,,,,,23.92,67.25,,125.5,,,,717.25,
2024-12-14 11:00:00,70.25,113.75,1.38,3.52,4.1,2.15,14.72,0.8,19.68,0.4,1.55,,,,,25.08,60.0,,129.0,,,,717.0,
2024-12-14 12:00:00,72.0,116.75,1.25,3.62,3.92,2.1,13.75,0.76,18.83,0.4,1.45,,,,,25.7,56.25,,129.75,,,,716.0,
2024-12-14 13:00:00,66.5,105.75,1.15,3.92,3.97,2.1,16.5,0.74,20.66,0.52,1.8,,,,,26.52,52.25,,134.0,,,,715.0,
2024-12-14 14:00:00,68.25,120.25,1.35,3.68,4.12,2.1,15.95,0.63,16.18,0.48,1.68,,,,,26.52,52.75,,150.75,,,,714.0,
2024-12-14 15:00:00,71.25,122.25,1.2,3.68,3.97,2.08,14.5,0.7,17.43,0.4,1.52,,,,,25.45,58.75,,167.25,,,,714.0,
2024-12-14 16:00:00,78.25,124.25,1.15,3.88,3.98,2.05,15.12,0.75,17.75,0.43,1.6,,,,,24.78,61.5,,175.25,,,,714.0,
2024-12-14 17:00:00,77.75,122.0,0.9,4.0,3.58,2.08,16.4,0.75,19.87,0.5,1.78,,,,,24.3,64.5,,140.5,,,,714.75,
2024-12-14 18:00:00,74.25,130.25,1.32,3.92,4.22,2.05,17.0,0.52,18.54,0.5,1.88,,,,,23.48,70.25,,116.0,,,,715.5,
2024-12-14 19:00:00,77.0,128.75,1.23,3.75,4.0,2.12,16.7,0.5,16.88,0.5,1.8,,,,,23.08,72.5,,138.0,,,,716.5,
2024-12-14 20:00:00,86.25,133.75,1.27,3.82,4.15,2.05,16.42,0.59,18.83,0.5,1.75,,,,,22.55,75.0,,117.0,,,,717.25,
2024-12-14 21:00:00,93.0,139.25,1.08,3.88,3.82,2.1,16.42,0.38,18.12,0.5,1.78,,,,,22.12,75.75,,153.25,,,,718.0,
2024-12-14 22:00:00,83.75,134.25,1.12,3.47,3.68,2.1,17.8,0.28,19.85,0.57,1.98,,,,,22.12,76.75,,129.25,,,,718.0,
2024-12-14 23:00:00,84.5,143.75,1.15,3.82,3.92,2.05,16.98,0.3,18.2,0.5,1.85,,,,,21.7,81.5,,102.0,,,,717.75,
2024-12-15 00:00:00,87.75,139.5,1.32,3.78,4.12,2.12,14.62,0.32,18.19,0.4,1.55,,,,,21.28,85.0,,136.25,,,,717.0,
2024-12-15 01:00:00,81.25,121.75,1.3,3.65,4.05,2.1,10.83,0.3,18.29,0.3,1.07,,,,,20.98,86.0,,163.75,,,,716.75,
2024-12-15 02:00:00,69.5,95.5,1.18,3.62,3.88,2.18,9.0,0.31,17.64,0.25,0.82,,,,,20.6,86.75,,109.5,,,,716.0,
2024-12-15 03:00:00,59.25,82.75,1.25,3.75,4.0,2.1,4.6,0.32,16.66,0.1,0.25,,,,,20.42,88.0,,147.25,,,,715.25,
2024-12-15 04:00:00,60.25,83.0,1.35,3.95,4.32,2.0,4.25,0.32,17.62,0.1,0.27,,,,,20.15,88.25,,87.25,,,,715.75,
2024-12-15 05:00:00,62.0,79.75,1.27,3.68,4.03,2.1,4.7,0.42,18.31,0.1,0.4,,,,,20.1,89.0,,140.0,,,,716.0,
2024-12-15 06:00:00,64.75,91.75,1.15,3.9,4.0,2.05,6.6,0.37,18.65,0.12,0.52,,,,,20.23,89.0,,132.75,,,,717.0,
2024-12-15 07:00:00,64.25,102.5,1.32,3.75,4.18,2.1,7.6,0.36,19.64,0.2,0.65,,,,,20.68,85.75,,124.5,,,,717.75,
2024-12-15 08:00:00,64.5,100.5,1.4,3.58,4.2,2.1,8.78,0.4,17.95,0.22,0.82,,,,,21.08,79.75,,125.25,,,,718.75,
2024-12-15 09:00:00,63.25,103.5,1.4,3.75,4.25,2.1,10.05,0.42,18.94,0.3,0.98,,,,,22.22,71.5,,133.5,,,,719.0,
2024-12-15 10:00:00,61.25,112.25,1.15,3.82,3.85,2.08,9.25,0.45,19.4,0.25,0.85,,,,,23.6,60.0,,129.75,,,,719.0,
2024-12-15 11:00:00,52.25,100.75,1.27,3.88,4.15,2.1,8.55,0.43,18.82,0.2,0.78,,,,,24.68,51.5,,136.25,,,,718.25,
2024-12-15 12:00:00,51.0,110.25,1.15,3.62,3.82,2.12,8.1,0.32,17.78,0.2,0.7,,,,,25.62,47.5,,139.75,,,,717.25,
2024-12-15 13:00:00,52.0,112.5,1.35,3.75,4.2,2.02,9.07,0.42,17.78,0.25,0.82,,,,,26.25,44.25,,128.5,,,,716.25,
2024-12-15 14:00:00,46.0,103.5,1.3,3.98,4.25,2.02,9.57,0.43,17.05,0.28,0.9,,,,,27.02,42.25,,120.25,,,,715.0,
2024-12-15 15:00:00,48.0,92.75,1.3,3.4,3.9,2.08,8.95,0.48,18.18,0.22,0.82,,,,,26.9,42.0,,128.75,,,,715.0,
2024-12-15 16:00:00,53.0,103.75,1.27,3.95,4.15,2.05,9.9,0.55,17.9,0.28,0.95,,,,,26.28,43.75,,143.0,,,,715.0,
2024-12-15 17:00:00,52.0,117.5,1.38,3.78,4.22,2.08,10.3,0.66,17.73,0.3,1.0,,,,,24.4,53.5,,133.25,,,,715.25,
2024-12-15 18:00:00,61.0,133.25,1.32,3.58,4.03,2.1,10.15,0.69,18.32,0.28,0.98,,,,,22.92,64.0,,149.75,,,,716.0,
2024-12-15 19:00:00,70.5,131.5,1.2,3.75,3.92,2.1,10.75,0.8,17.94,0.3,1.05,,,,,22.32,68.0,,119.75,,,,717.0,
2024-12-15 20:00:00,74.75,132.25,1.15,4.05,4.0,2.12,10.8,0.7,18.08,0.32,1.05,,,,,21.98,71.25,,126.25,,,,717.25,
2024-12-15 21:00:00,81.75,131.75,1.0,3.7,3.55,2.1,11.4,0.7,18.45,0.32,1.12,,,,,21.68,74.0,,142.25,,,,718.0,
2024-12-15 22:00:00,78.5,131.25,1.25,3.9,4.1,2.05,10.7,0.49,18.29,0.3,1.02,,,,,21.28,77.25,,74.25,,,,718.0,
2024-12-15 23:00:00,78.75,111.75,1.4,3.85,4.35,2.15,11.15,0.37,17.98,0.3,1.1,,,,,21.12,79.5,,163.25,,,,717.25,
2024-12-16 00:00:00,73.5,105.25,1.25,3.62,3.98,2.15,10.12,0.35,18.32,0.3,0.95,,,,,20.98,81.25,,132.5,,,,717.0,
2024-12-16 01:00:00,69.25,102.25,1.08,3.62,3.7,2.15,11.2,0.32,18.27,0.3,1.1,,,,,20.8,84.0,,104.75,,,,716.5,
2024-12-16 02:00:00,69.75,89.0,1.32,3.32,3.92,2.12,10.98,0.26,18.29,0.3,1.08,,,,,20.7,85.75,,134.75,,,,716.0,
2024-12-16 03:00:00,69.5,84.0,1.18,3.88,3.98,2.1,10.28,0.28,18.24,0.3,0.98,,,,,20.5,86.75,,142.0,,,,715.0,
2024-12-16 04:00:00,71.75,87.25,1.18,3.9,3.97,2.1,10.3,0.31,18.52,0.3,1.0,,,,,20.18,88.25,,178.5,,,,715.0,
2024-12-16 05:00:00,74.5,91.25,1.12,4.0,3.95,2.15,9.55,0.34,18.25,0.28,0.88,,,,,20.02,89.0,,74.0,,,,715.25,
2024-12-16 06:00:00,77.0,105.0,1.32,4.07,4.3,2.08,9.8,0.48,18.42,0.3,0.92,,,,,19.73,89.0,,89.5,,,,716.0,
2024-12-16 07:00:00,83.75,124.0,1.15,3.8,3.85,2.1,10.82,0.68,18.13,0.3,1.1,,,,,19.88,88.0,,100.0,,,,716.5,
2024-12-16 08:00:00,94.5,148.0,1.38,3.68,4.2,2.1,11.25,0.81,18.26,0.3,1.15,,,,,20.55,81.75,,113.75,,,,717.5,
2024-12-16 09:00:00,94.0,158.5,0.9,4.12,3.7,2.05,12.85,1.05,18.19,0.4,1.35,,,,,21.95,69.25,,96.75,,,,718.0,
2024-12-16 10:00:00,94.25,160.0,1.23,3.65,3.98,2.12,13.15,0.92,18.88,0.4,1.35,,,,,23.7,55.25,,120.5,,,,717.75,
2024-12-16 11:00:00,84.5,148.5,1.2,3.7,3.92,2.08,12.58,0.67,19.26,0.38,1.3,,,,,24.68,48.5,,143.5,,,,716.75,
2024-12-16 12:00:00,76.25,136.5,1.27,3.75,4.03,2.08,12.48,0.37,18.16,0.4,1.27,,,,,25.82,41.0,,156.75,,,,715.5,
2024-12-16 13:00:00,60.75,120.0,1.23,3.78,4.0,2.08,13.08,0.36,18.71,0.4,1.38,,,,,26.82,35.25,,145.5,,,,714.75,
2024-12-16 14:00:00,48.75,114.75,1.15,3.88,3.95,2.2,12.68,0.35,18.72,0.35,1.3,,,,,27.25,34.75,,129.0,,,,714.0,
2024-12-16 15:00:00,51.5,122.75,1.38,3.58,4.12,2.12,10.75,0.46,18.99,0.3,1.05,,,,,27.22,35.5,,147.5,,,,714.0,
2024-12-16 16:00:00,55.5,118.25,1.2,3.75,3.95,2.1,10.82,0.56,17.93,0.3,1.08,,,,,27.18,36.25,,184.75,,,,714.0,
2024-12-16 17:00:00,64.5,135.5,1.1,4.0,3.92,2.1,11.85,0.6,18.4,0.35,1.2,,,,,24.95,44.5,,183.0,,,,714.0,
2024-12-16 18:00:00,69.25,144.5,1.1,3.9,3.8,2.08,13.45,0.69,18.07,0.4,1.42,,,,,22.72,53.75,,107.25,,,,714.75,
2024-12-16 19:00:00,74.5,165.25,1.25,3.7,4.03,2.0,14.05,0.76,18.2,0.4,1.48,,,,,22.28,58.25,,160.0,,,,715.25,
2024-12-16 20:00:00,91.25,188.75,1.32,3.82,4.18,2.02,14.15,0.89,18.02,0.4,1.48,,,,,22.12,62.5,,122.25,,,,716.0,
2024-12-16 21:00:00,100.5,184.0,1.27,3.6,3.98,2.15,15.12,0.57,18.33,0.43,1.62,,,,,21.82,68.75,,153.25,,,,716.0,
2024-12-16 22:00:00,98.25,154.25,1.25,3.7,3.97,2.1,14.12,0.38,17.98,0.4,1.48,,,,,21.4,74.25,,57.5,,,,716.0,
2024-12-16 23:00:00,97.5,156.0,1.3,3.98,4.22,2.05,13.55,0.34,17.94,0.4,1.42,,,,,21.1,79.0,,70.25,,,,716.0,
2024-12-17 00:00:00,100.5,152.75,1.12,3.85,3.9,2.05,12.68,0.36,18.19,0.4,1.27,,,,,20.85,81.25,,68.5,,,,715.75,
2024-12-17 01:00:00,94.5,129.0,1.23,3.58,3.85,2.1,9.7,0.3,18.13,0.27,0.93,,,,,20.42,84.0,,132.5,,,,715.0,
2024-12-17 02:00:00,91.0,115.75,1.23,3.65,3.92,2.1,7.62,0.29,18.21,0.2,0.68,,,,,20.25,86.0,,263.0,,,,714.5,
2024-12-17 03:00:00,93.5,119.75,1.18,3.82,3.92,2.15,8.15,0.36,18.29,0.2,0.7,,,,,20.05,87.25,,219.0,,,,714.0,
2024-12-17 04:00:00,91.5,118.25,1.3,3.6,4.03,2.15,8.18,0.36,18.46,0.2,0.7,,,,,19.92,88.0,,237.5,,,,714.0,
2024-12-17 05:00:00,92.0,125.5,1.32,3.7,4.1,2.1,8.18,0.39,18.16,0.2,0.72,,,,,19.8,88.25,,214.75,,,,714.25,
2024-12-17 06:00:00,98.25,132.25,1.15,3.98,4.0,2.12,8.3,0.42,18.38,0.2,0.75,,,,,20.15,86.0,,224.0,,,,715.0,
2024-12-17 07:00:00,103.25,158.5,1.12,3.85,3.85,2.1,7.45,0.66,18.38,0.2,0.6,,,,,20.9,78.25,,178.25,,,,715.5,
2024-12-17 08:00:00,112.25,185.5,1.08,3.72,3.78,2.12,9.12,0.78,17.94,0.22,0.82,,,,,21.78,70.5,,174.5,,,,716.0,
2024-12-17 09:00:00,91.0,155.75,1.27,3.72,4.03,2.18,9.43,0.8,18.09,0.3,0.9,,,,,22.7,68.75,,143.5,,,,716.5,
2024-12-17 10:00:00,56.25,100.75,1.1,3.25,3.52,2.22,9.32,0.7,18.0,0.28,0.9,,,,,23.48,66.25,,168.75,,,,716.25,
2024-12-17 11:00:00,41.25,82.0,1.02,4.15,3.9,2.08,8.8,0.66,18.42,0.2,0.8,,,,,25.1,57.25,,150.75,,,,715.25,
2024-12-17 12:00:00,39.0,84.25,1.3,3.9,4.18,2.02,8.18,0.46,18.08,0.2,0.7,,,,,25.92,52.75,,189.75,,,,714.25,
2024-12-17 13:00:00,38.0,90.75,1.2,3.75,3.92,2.05,8.55,0.57,17.4,0.2,0.75,,,,,26.88,48.5,,170.75,,,,713.25,
2024-12-17 14:00:00,34.5,85.75,1.45,4.0,4.5,2.0,9.32,0.56,17.33,0.28,0.88,,,,,26.25,52.5,,206.75,,,,712.25,
2024-12-17 15:00:00,33.75,73.5,1.32,3.5,4.03,2.1,9.52,0.64,17.92,0.3,0.92,,,,,26.78,50.25,,154.5,,,,712.0,
2024-12-17 16:00:00,37.0,78.25,1.18,3.78,3.92,2.12,10.3,0.78,18.29,0.3,1.0,,,,,27.05,48.0,,162.75,,,,712.0,
2024-12-17 17:00:00,42.25,99.75,1.23,3.82,4.05,2.1,11.85,1.14,18.18,0.38,1.18,,,,,25.38,58.0,,94.5,,,,712.75,
2024-12-17 18:00:00,50.0,136.0,1.32,3.55,4.05,2.12,12.6,0.83,18.53,0.38,1.3,,,,,23.65,69.25,,75.25,,,,713.75,
2024-12-17 19:00:00,56.25,137.25,1.5,3.58,4.3,2.2,14.85,0.89,17.99,0.43,1.6,,,,,23.4,71.5,,197.75,,,,714.75,
2024-12-17 20:00:00,66.0,132.5,1.4,3.72,4.28,2.08,15.1,0.75,18.16,0.45,1.6,,,,,23.32,73.5,,193.0,,,,715.75,
2024-12-17 21:00:00,68.25,133.5,1.18,4.03,4.05,2.08,15.45,0.82,18.08,0.48,1.68,,,,,22.72,78.75,,146.5,,,,716.0,
2024-12-17 22:00:00,71.75,149.5,1.3,3.92,4.2,2.08,14.08,0.32,18.09,0.4,1.48,,,,,22.28,81.75,,207.75,,,,716.0,
2024-12-17 23:00:00,62.75,137.75,1.3,3.65,4.08,2.12,13.32,0.42,18.09,0.4,1.4,,,,,22.02,81.75,,79.25,,,,716.0,
2024-12-18 00:00:00,62.5,137.5,1.25,4.1,4.2,2.08,7.98,0.3,17.06,0.18,0.7,,,,,21.88,81.75,,126.0,,,,715.0,
2024-12-18 01:00:00,53.25,117.25,1.15,3.85,3.9,2.05,5.5,0.25,17.27,0.1,0.4,,,,,21.6,83.25,,75.25,,,,715.0,
2024-12-18 02:00:00,49.5,109.25,1.25,3.72,4.0,2.08,5.68,0.2,17.22,0.1,0.4,,,,,21.45,83.5,,165.0,,,,714.0,
2024-12-18 03:00:00,52.0,114.5,1.05,4.03,3.85,2.02,6.65,0.26,15.6,0.15,0.52,,,,,21.22,86.0,,171.0,,,,713.75,
2024-12-18 04:00:00,46.75,102.75,1.12,3.75,3.85,2.12,10.05,0.26,22.42,0.28,0.98,,,,,21.2,87.75,,166.0,,,,713.0,
2024-12-18 05:00:00,51.5,113.5,1.27,3.72,4.03,2.1,11.02,0.32,18.23,0.3,1.08,,,,,21.15,88.0,,138.5,,,,713.25,
2024-12-18 06:00:00,61.25,135.0,1.35,3.6,4.12,2.02,10.22,0.42,18.16,0.3,0.98,,,,,21.15,88.0,,141.5,,,,714.0,
2024-12-18 07:00:00,69.5,153.25,1.38,3.62,4.2,2.02,11.4,0.6,17.94,0.32,1.12,,,,,21.5,86.0,,122.25,,,,714.5,
2024-12-18 08:00:00,69.25,152.5,1.27,4.1,4.22,2.02,10.38,0.88,16.22,0.3,1.0,,,,,22.45,81.5,,119.75,,,,715.0,
2024-12-18 09:00:00,50.25,110.5,1.2,3.82,3.92,2.1,11.05,1.01,18.88,0.3,1.08,,,,,23.65,74.5,,111.75,,,,715.0,
2024-12-18 10:00:00,34.5,75.75,1.1,3.97,3.9,2.05,11.85,0.86,18.28,0.35,1.2,,,,,25.65,61.75,,135.75,,,,715.0,
2024-12-18 11:00:00,34.25,75.25,1.27,3.28,3.82,2.15,12.62,0.85,17.99,0.4,1.3,,,,,25.2,63.75,,108.0,,,,714.0,
2024-12-18 12:00:00,41.75,91.5,1.15,3.75,3.82,2.1,13.12,0.86,18.3,0.4,1.35,,,,,24.58,67.25,,105.5,,,,713.75,
2024-12-18 13:00:00,24.75,54.25,1.05,3.8,3.75,2.05,9.93,0.6,17.49,0.28,0.95,,,,,25.02,63.75,,141.5,,,,713.0,
2024-12-18 14:00:00,24.0,52.75,1.05,3.8,3.78,2.12,7.15,0.67,17.15,0.18,0.6,,,,,24.9,65.0,,123.25,,,,712.25,
2024-12-18 15:00:00,31.0,68.5,1.05,3.75,3.7,2.18,10.02,0.55,13.68,0.28,0.98,,,,,25.95,60.0,,139.75,,,,712.0,
2024-12-18 16:00:00,24.0,52.75,1.23,3.48,3.82,2.18,13.48,0.6,16.95,0.4,1.4,,,,,26.78,54.75,,137.0,,,,712.0,
2024-12-18 17:00:00,23.75,52.0,1.23,3.5,3.85,2.15,13.98,0.73,24.39,0.4,1.45,,,,,25.28,63.25,,169.0,,,,712.25,
2024-12-18 18:00:00,32.0,70.0,1.12,3.85,3.92,2.1,14.98,0.98,17.71,0.4,1.58,,,,,23.5,75.0,,213.25,,,,713.0,
2024-12-18 19:00:00,35.0,76.75,1.2,3.5,3.8,2.12,15.25,1.38,18.84,0.48,1.65,,,,,23.32,78.75,,175.75,,,,714.0,
2024-12-18 20:00:00,41.25,91.0,1.25,3.9,4.1,2.1,13.9,0.93,12.56,0.4,1.45,,,,,23.18,80.0,,133.0,,,,714.25,
2024-12-18 21:00:00,32.75,72.25,1.35,3.85,4.22,2.05,15.68,0.48,21.84,0.48,1.7,,,,,23.15,80.25,,129.5,,,,715.0,
2024-12-18 22:00:00,30.75,67.25,1.32,3.82,4.2,2.08,14.95,0.35,18.14,0.45,1.6,,,,,23.0,81.25,,180.25,,,,715.0,
2024-12-18 23:00:00,27.25,59.75,1.2,3.72,3.92,2.1,14.12,0.16,19.62,0.4,1.5,,,,,22.88,82.25,,121.25,,,,714.5,
2024-12-19 00:00:00,26.25,58.0,1.38,3.55,4.15,2.08,12.02,0.3,17.45,0.35,1.2,,,,,22.7,83.75,,90.25,,,,714.0,
2024-12-19 01:00:00,22.25,48.75,1.15,3.68,3.82,2.1,9.9,0.26,17.59,0.3,0.97,,,,,22.42,85.75,,97.0,,,,713.25,
2024-12-19 02:00:00,27.75,61.0,1.15,3.92,3.95,2.1,9.75,0.31,18.54,0.3,0.95,,,,,22.48,83.5,,84.25,,,,713.0,
2024-12-19 03:00:00,32.5,71.75,1.2,3.95,4.08,2.1,10.22,0.32,18.29,0.3,0.98,,,,,22.5,81.25,,88.75,,,,713.0,
2024-12-19 04:00:00,30.75,67.5,1.23,4.05,4.15,2.12,10.32,0.32,18.07,0.3,1.0,,,,,22.25,83.0,,142.25,,,,713.0,
2024-12-19 05:00:00,29.75,65.5,1.27,3.78,4.08,2.1,11.15,0.38,18.07,0.3,1.15,,,,,21.98,86.25,,126.0,,,,713.0,
2024-12-19 06:00:00,33.0,72.75,1.15,3.72,3.85,2.12,10.4,0.42,18.15,0.3,1.02,,,,,21.82,87.5,,164.75,,,,714.0,
2024-12-19 07:00:00,49.0,107.75,1.1,3.88,3.85,2.1,11.18,0.59,17.9,0.3,1.1,,,,,21.95,87.25,,119.0,,,,714.5,
2024-12-19 08:00:00,62.25,136.75,1.18,3.68,3.88,2.08,11.52,0.98,18.54,0.3,1.15,,,,,22.58,82.5,,135.5,,,,715.0,
2024-12-19 09:00:00,60.5,133.0,1.35,3.68,4.12,2.15,12.3,0.99,17.97,0.4,1.25,,,,,23.8,74.25,,121.0,,,,716.0,
2024-12-19 10:00:00,45.0,99.25,1.45,3.52,4.25,2.1,12.8,1.11,17.99,0.4,1.3,,,,,24.58,68.75,,118.0,,,,715.75,
2024-12-19 11:00:00,49.0,108.0,1.23,3.82,4.05,2.12,13.58,1.18,18.6,0.4,1.42,,,,,25.17,64.0,,137.25,,,,715.0,
2024-12-19 12:00:00,49.75,109.25,1.12,3.7,3.82,2.1,14.0,0.57,18.2,0.4,1.48,,,,,25.12,64.5,,116.25,,,,714.0,
2024-12-19 13:00:00,40.5,89.5,1.2,3.62,3.82,2.1,13.68,0.72,18.64,0.4,1.45,,,,,26.28,57.75,,123.0,,,,713.0,
2024-12-19 14:00:00,31.5,69.5,1.23,3.58,3.92,2.08,13.58,0.4,18.62,0.4,1.42,,,,,26.78,54.5,,152.75,,,,712.0,
2024-12-19 15:00:00,27.5,60.25,1.32,3.98,4.25,2.08,12.82,0.42,17.14,0.4,1.35,,,,,27.2,51.25,,169.5,,,,711.25,
2024-12-19 16:00:00,31.75,79.5,1.1,3.48,3.68,2.15,12.32,0.66,16.99,0.4,1.23,,,,,26.95,53.0,,192.25,,,,711.0,
2024-12-19 17:00:00,39.25,104.0,1.18,3.65,3.9,2.12,13.52,0.68,17.68,0.4,1.4,,,,,25.42,62.0,,221.75,,,,711.5,
2024-12-19 18:00:00,39.25,123.5,1.12,3.82,3.88,2.08,15.7,0.65,17.83,0.48,1.68,,,,,24.32,69.25,,245.25,,,,712.25,
2024-12-19 19:00:00,49.5,137.5,1.02,3.98,3.75,2.1,17.32,0.95,17.77,0.5,1.9,,,,,24.15,71.5,,204.25,,,,713.5,
2024-12-19 20:00:00,53.25,124.75,1.2,3.97,4.05,2.08,17.65,0.37,17.98,0.52,1.95,,,,,23.68,74.25,,144.75,,,,714.0,
2024-12-19 21:00:00,32.25,79.0,1.15,4.1,4.03,2.05,16.77,0.51,17.94,0.5,1.85,,,,,23.22,78.25,,123.5,,,,714.75,
2024-12-19 22:00:00,29.75,68.75,1.15,3.78,3.88,2.08,15.7,0.34,17.83,0.48,1.7,,,,,23.2,78.0,,232.75,,,,715.0,
2024-12-19 23:00:00,29.75,65.5,1.25,3.85,4.05,2.02,14.42,0.24,18.18,0.4,1.52,,,,,23.12,78.5,,137.75,,,,714.0,
2024-12-20 00:00:00,29.75,64.25,1.35,3.3,3.92,2.1,12.85,0.3,18.34,0.4,1.32,,,,,22.92,79.5,,188.0,,,,713.5,
2024-12-20 01:00:00,23.75,53.0,1.08,3.85,3.85,2.1,9.37,0.22,18.29,0.23,0.87,,,,,22.9,79.5,,234.0,,,,713.0,
2024-12-20 02:00:00,26.25,43.25,1.32,3.95,4.22,2.1,6.82,0.16,18.22,0.15,0.55,,,,,22.8,79.25,,223.0,,,,712.5,
2024-12-20 03:00:00,26.0,39.5,1.2,4.05,4.07,2.08,5.9,0.13,17.99,0.1,0.43,,,,,22.5,81.5,,235.25,,,,712.0,
2024-12-20 04:00:00,24.5,39.0,1.4,4.02,4.42,2.05,4.95,0.16,17.84,0.1,0.28,,,,,22.15,85.0,,250.75,,,,712.0,
2024-12-20 05:00:00,27.75,50.25,1.18,3.8,3.92,2.1,4.53,0.17,18.21,0.1,0.25,,,,,22.1,86.25,,269.0,,,,712.75,
2024-12-20 06:00:00,25.75,51.0,1.18,3.7,3.9,2.08,4.25,0.42,17.82,0.1,0.22,,,,,22.08,87.5,,268.25,,,,713.75,
2024-12-20 07:00:00,29.25,61.0,1.15,3.95,4.0,2.05,5.08,0.5,18.04,0.1,0.32,,,,,22.4,84.75,,195.25,,,,714.5,
2024-12-20 08:00:00,23.25,61.5,1.2,3.82,4.03,2.1,5.5,0.52,17.6,0.1,0.38,,,,,22.8,81.75,,221.25,,,,715.5,
2024-12-20 09:00:00,20.75,55.0,1.4,3.68,4.22,2.15,5.57,0.81,17.09,0.1,0.4,,,,,23.35,77.75,,209.5,,,,716.0,
2024-12-20 10:00:00,21.75,60.5,1.15,4.12,4.05,2.05,6.92,0.79,18.42,0.18,0.55,,,,,24.45,70.5,,176.75,,,,715.25,
2024-12-20 11:00:00,26.0,66.5,1.23,3.5,3.88,2.12,6.92,0.69,19.24,0.2,0.57,,,,,25.45,63.25,,161.75,,,,714.5,
2024-12-20 12:00:00,23.25,59.75,1.32,3.48,4.0,2.08,6.52,0.41,17.89,0.15,0.5,,,,,26.05,57.75,,178.75,,,,713.5,
2024-12-20 13:00:00,22.25,51.75,1.18,3.55,3.82,2.1,6.1,0.39,16.04,0.12,0.45,,,,,26.45,54.25,,156.75,,,,712.25,
2024-12-20 14:00:00,19.75,52.5,1.15,3.82,3.9,2.1,5.72,0.54,18.3,0.1,0.42,,,,,26.15,56.5,,149.75,,,,711.5,
2024-12-20 15:00:00,30.0,69.5,1.25,3.6,3.95,2.12,6.1,0.7,17.68,0.1,0.48,,,,,26.62,54.0,,141.25,,,,711.0,
2024-12-20 16:00:00,37.0,83.75,1.18,3.9,4.0,2.12,6.82,0.76,18.28,0.18,0.52,,,,,25.58,60.5,,89.25,,,,711.25,
2024-12-20 17:00:00,37.75,93.75,1.42,3.8,4.32,2.12,7.75,0.7,17.94,0.2,0.65,,,,,24.7,65.75,,144.5,,,,712.0,
2024-12-20 18:00:00,33.5,98.75,1.38,3.97,4.3,2.08,9.38,1.06,17.45,0.28,0.88,,,,,23.82,72.5,,222.75,,,,712.5,
2024-12-20 19:00:00,42.5,128.25,1.05,3.88,3.75,2.05,10.8,1.32,17.71,0.3,1.08,,,,,23.5,76.25,,251.5,,,,713.5,
2024-12-20 20:00:00,47.0,133.5,1.15,3.9,3.95,2.08,12.92,1.15,17.38,0.4,1.35,,,,,23.28,79.0,,101.25,,,,714.0,
2024-12-20 21:00:00,45.5,115.75,1.25,3.82,4.05,2.08,12.6,0.9,18.2,0.4,1.3,,,,,22.98,83.0,,79.25,,,,715.0,
2024-12-20 22:00:00,39.75,97.5,1.4,3.6,4.2,2.1,11.2,0.55,17.88,0.32,1.1,,,,,22.68,84.5,,54.5,,,,714.25,
2024-12-20 23:00:00,34.0,79.5,1.12,3.97,3.95,2.12,10.5,0.44,18.32,0.3,1.02,,,,,22.42,85.75,,161.0,,,,714.0,
2024-12-21 00:00:00,28.0,70.0,1.18,3.4,3.78,2.18,9.5,0.32,18.19,0.28,0.9,,,,,22.25,87.0,,248.5,,,,714.0,
2024-12-21 01:00:00,28.0,53.5,1.15,3.32,3.62,2.2,6.73,0.23,17.7,0.17,0.5,,,,,22.08,88.0,,169.5,,,,713.5,
2024-12-21 02:00:00,26.25,46.0,1.0,3.58,3.52,2.12,5.0,0.32,18.3,0.1,0.3,,,,,22.05,88.75,,174.75,,,,713.0,
2024-12-21 03:00:00,23.5,38.5,1.2,3.6,3.9,2.1,4.82,0.39,18.83,0.1,0.3,,,,,22.1,88.75,,192.5,,,,713.0,
2024-12-21 04:00:00,32.75,47.75,1.15,3.7,3.9,2.12,5.55,0.44,17.98,0.1,0.38,,,,,22.12,88.0,,252.0,,,,713.0,
2024-12-21 05:00:00,39.0,65.25,1.27,3.2,3.82,2.12,5.58,0.47,17.79,0.1,0.4,,,,,21.88,89.0,,262.5,,,,713.0,
2024-12-21 06:00:00,45.25,77.5,1.05,3.9,3.82,2.12,5.82,0.5,18.04,0.1,0.42,,,,,21.6,90.25,,259.0,,,,713.25,
2024-12-21 07:00:00,54.25,90.25,1.02,3.95,3.78,2.1,5.25,0.73,19.07,0.1,0.32,,,,,22.05,90.75,,267.75,,,,714.0,
2024-12-21 08:00:00,47.0,101.25,1.18,3.42,3.72,2.15,2.15,0.66,16.84,,,,,,,23.08,83.75,,179.5,,,,715.0,
2024-12-21 09:00:00,35.0,87.5,1.12,3.42,3.68,2.17,4.4,0.5,12.27,0.15,0.37,,,,,24.58,67.75,,167.0,,,,715.0,
2024-12-21 10:00:00,40.25,81.25,1.15,3.8,3.9,2.15,6.6,0.24,23.28,0.15,0.52,,,,,24.82,64.0,,230.75,,,,715.0,
2024-12-21 11:00:00,29.75,60.5,1.0,3.92,3.7,2.1,4.72,0.26,19.96,0.1,0.25,,,,,25.8,57.5,,176.5,,,,714.75,
2024-12-21 12:00:00,28.0,65.75,1.23,3.7,4.0,2.1,3.8,0.25,19.17,,0.2,,,,,26.72,49.5,,186.25,,,,713.75,
2024-12-21 13:00:00,18.5,58.25,1.23,4.05,4.18,2.08,3.85,0.33,18.14,0.1,0.18,,,,,26.85,45.75,,231.25,,,,712.5,
2024-12-21 14:00:00,25.25,54.0,1.25,4.03,4.18,2.08,3.7,0.28,18.08,0.1,0.2,,,,,27.08,43.0,,227.75,,,,712.0,
2024-12-21 15:00:00,23.75,49.0,1.27,3.8,4.1,2.08,2.55,0.26,17.52,,,,,,,26.7,44.0,,233.5,,,,712.0,
2024-12-21 16:00:00,24.25,55.25,1.1,4.08,3.95,2.12,1.72,0.26,17.89,,,,,,,26.45,44.75,,229.5,,,,712.0,
2024-12-21 17:00:00,20.25,69.5,1.23,3.52,3.9,2.08,2.68,0.52,17.4,,0.2,,,,,25.42,54.0,,158.0,,,,712.75,
2024-12-21 18:00:00,26.5,88.5,1.3,3.55,4.03,2.1,4.42,0.78,17.77,0.1,0.25,,,,,24.42,62.25,,255.75,,,,713.75,
2024-12-21 19:00:00,36.5,111.25,1.25,3.82,4.08,2.1,7.25,1.18,17.94,0.18,0.6,,,,,23.62,69.0,,272.0,,,,714.75,
2024-12-21 20:00:00,49.75,141.75,1.27,3.75,4.1,2.12,10.4,1.54,18.43,0.3,1.0,,,,,23.3,71.5,,217.0,,,,715.25,
2024-12-21 21:00:00,62.5,162.0,0.98,3.6,3.48,2.1,10.2,0.85,17.93,0.3,0.98,,,,,23.25,74.5,,91.25,,,,716.0,
2024-12-21 22:00:00,45.0,110.25,1.2,4.28,4.22,2.05,9.25,0.44,17.85,0.28,0.85,,,,,23.02,77.5,,185.25,,,,716.0,
2024-12-21 23:00:00,33.5,85.5,1.0,4.25,3.9,2.02,7.22,0.15,18.14,0.18,0.57,,,,,22.98,77.5,,196.25,,,,715.5,
2024-12-22 00:00:00,34.5,69.75,1.05,4.08,3.88,2.05,5.6,0.34,17.7,0.1,0.38,,,,,22.72,80.75,,184.75,,,,715.0,
2024-12-22 01:00:00,31.25,60.0,1.15,4.2,4.08,2.02,7.07,0.3,17.16,0.17,0.57,,,,,22.6,85.0,,167.75,,,,714.5,
2024-12-22 02:00:00,26.5,50.0,1.1,3.88,3.88,2.15,7.65,0.25,18.01,0.2,0.62,,,,,22.25,87.75,,335.0,,,,714.0,
2024-12-22 03:00:00,28.0,45.5,1.27,3.78,4.1,2.1,7.68,0.24,18.3,0.2,0.65,,,,,22.1,89.25,,278.25,,,,714.0,
2024-12-22 04:00:00,29.0,40.25,1.3,3.55,4.03,2.05,7.82,0.23,18.63,0.2,0.68,,,,,22.1,89.0,,201.75,,,,714.0,
2024-12-22 05:00:00,32.0,38.0,1.48,3.78,4.42,2.08,6.08,0.22,18.34,0.1,0.48,,,,,21.95,89.25,,210.0,,,,714.0,
2024-12-22 06:00:00,34.0,54.0,1.4,3.52,4.18,2.08,6.0,0.41,18.03,0.1,0.45,,,,,21.82,90.0,,215.0,,,,715.0,
2024-12-22 07:00:00,33.5,59.25,1.12,3.82,3.85,2.08,7.58,0.55,17.51,0.2,0.65,,,,,22.0,90.0,,215.5,,,,715.25,
2024-12-22 08:00:00,31.0,77.75,1.32,3.68,4.08,2.1,7.85,0.52,17.95,0.2,0.68,,,,,22.78,86.25,,201.5,,,,716.0,
2024-12-22 09:00:00,31.0,87.25,1.12,3.7,3.8,2.1,4.92,0.58,19.23,0.15,0.28,,,,,23.8,74.5,,191.25,,,,716.0,
2024-12-22 10:00:00,39.0,95.75,1.12,4.08,3.97,2.02,3.05,0.58,17.15,,0.1,,,,,24.95,63.0,,151.5,,,,716.0,
2024-12-22 11:00:00,36.5,110.0,1.15,3.62,3.8,2.05,2.38,0.41,17.84,,,,,,,24.85,64.75,,120.5,,,,715.5,
2024-12-22 12:00:00,38.0,108.0,0.8,3.35,3.12,2.12,1.85,0.52,16.95,,,,,,,25.48,60.0,,133.75,,,,714.75,
2024-12-22 13:00:00,38.5,100.0,1.18,4.05,4.07,2.05,5.72,0.39,14.82,0.15,0.38,,,,,26.52,52.25,,165.5,,,,713.5,
2024-12-22 14:00:00,40.75,95.0,1.35,3.75,4.18,2.1,7.42,0.31,19.52,0.2,0.6,,,,,26.75,48.25,,190.25,,,,712.5,
2024-12-22 15:00:00,43.25,103.25,1.3,3.58,4.05,2.08,7.38,0.26,24.74,0.2,0.6,,,,,25.92,49.75,,182.25,,,,712.0,
2024-12-22 16:00:00,44.75,137.0,1.18,3.62,3.82,2.1,7.3,0.37,17.0,0.2,0.6,,,,,25.72,52.25,,191.5,,,,712.0,
2024-12-22 17:00:00,46.75,178.75,1.3,3.8,4.15,2.12,4.17,0.5,17.19,0.1,0.35,,,,,24.6,59.5,,254.0,,,,712.75,
2024-12-22 18:00:00,46.25,133.5,1.15,3.82,3.9,2.1,1.4,0.6,16.91,,,,,,,24.3,62.0,,176.5,,,,713.25,
2024-12-22 19:00:00,47.75,103.25,1.15,3.65,3.88,2.1,2.48,0.46,17.89,,0.1,,,,,24.02,69.75,,178.0,,,,714.25,
2024-12-22 20:00:00,46.25,85.5,1.4,3.68,4.25,2.08,3.5,0.43,17.43,,0.12,,,,,23.68,73.0,,157.5,,,,715.0,
2024-12-22 21:00:00,36.5,73.0,1.25,3.68,3.98,2.1,5.62,0.37,15.3,0.12,0.4,,,,,23.4,75.5,,143.25,,,,715.25,
2024-12-22 22:00:00,40.5,65.5,1.05,3.8,3.72,2.02,7.43,0.29,17.42,0.2,0.6,,,,,23.15,77.5,,117.0,,,,715.0,
2024-12-22 23:00:00,37.5,59.25,1.3,3.65,4.03,2.08,6.98,0.22,20.27,0.2,0.55,,,,,22.88,79.25,,141.0,,,,715.0,
2024-12-23 00:00:00,33.0,54.0,1.05,3.78,3.75,2.15,6.55,0.37,21.37,0.15,0.5,,,,,22.68,81.25,,109.0,,,,715.0,
2024-12-23 01:00:00,,53.0,1.18,3.65,3.85,2.08,7.3,0.4,18.09,0.2,0.57,,,,,22.52,81.75,,147.25,,,,714.25,
2024-12-23 02:00:00,,52.0,1.32,3.85,4.15,2.05,5.3,0.39,17.48,0.1,0.38,,,,,22.32,84.0,,127.75,,,,714.0,
2024-12-23 03:00:00,,54.5,1.1,3.88,3.85,2.1,8.05,0.22,16.8,0.2,0.68,,,,,22.25,83.75,,180.25,,,,714.0,
2024-12-23 04:00:00,,47.5,1.23,3.48,3.85,2.12,8.82,0.24,18.24,0.2,0.8,,,,,22.08,84.0,,219.0,,,,714.0,
2024-12-23 05:00:00,,58.25,1.18,3.85,4.0,2.02,9.82,0.24,15.8,0.3,0.95,,,,,22.02,84.5,,204.25,,,,714.0,
2024-12-23 06:00:00,,63.25,1.2,3.92,4.08,2.0,11.52,0.33,19.74,0.32,1.2,,,,,22.08,85.0,,197.5,,,,715.0,
2024-12-23 07:00:00,,76.0,1.23,3.78,3.97,2.15,12.42,0.39,23.25,0.38,1.25,,,,,22.12,84.5,,197.75,,,,715.25,
2024-12-23 08:00:00,32.0,76.25,1.48,3.48,4.25,2.15,11.88,0.42,17.81,0.38,1.2,,,,,22.85,78.5,,200.0,,,,716.0,
2024-12-23 09:00:00,36.0,86.25,1.45,3.55,4.2,2.1,10.45,0.73,17.16,0.28,1.02,,,,,23.82,71.0,,188.0,,,,716.0,
2024-12-23 10:00:00,46.0,109.25,1.15,3.9,3.98,2.1,7.95,0.54,17.02,0.2,0.7,,,,,24.1,67.5,,209.0,,,,716.0,
2024-12-23 11:00:00,39.25,93.25,1.15,3.82,3.92,2.1,7.25,0.43,17.32,0.18,0.6,,,,,24.38,64.75,,216.5,,,,715.75,
2024-12-23 12:00:00,38.5,91.5,1.0,3.72,3.62,2.12,8.65,0.4,17.78,0.22,0.78,,,,,24.75,61.5,,201.0,,,,714.75,
2024-12-23 13:00:00,42.0,100.0,1.27,3.58,3.95,2.2,10.5,0.42,13.2,0.3,1.02,,,,,26.2,51.5,,183.5,,,,713.5,
2024-12-23 14:00:00,39.25,94.5,1.25,3.68,4.03,2.12,12.98,0.52,26.7,0.4,1.35,,,,,25.68,55.25,,203.25,,,,713.0,
2024-12-23 15:00:00,40.25,96.5,1.2,3.85,4.03,2.1,12.95,0.53,18.18,0.4,1.35,,,,,24.85,57.5,,263.25,,,,712.75,
2024-12-23 16:00:00,42.0,100.25,1.38,3.92,4.3,2.1,12.68,0.43,17.16,0.4,1.3,,,,,24.92,56.25,,241.25,,,,713.0,
2024-12-23 17:00:00,46.75,111.0,1.32,3.8,4.18,2.08,11.08,0.5,16.69,0.35,1.1,,,,,24.42,61.0,,191.75,,,,713.0,
2024-12-23 18:00:00,55.25,131.0,1.1,4.05,3.95,2.12,8.25,0.51,16.21,0.2,0.72,,,,,23.78,66.0,,209.75,,,,713.0,
2024-12-23 19:00:00,61.75,147.25,1.05,3.8,3.78,2.12,7.88,0.6,17.24,0.2,0.68,,,,,23.38,69.25,,215.75,,,,714.0,
2024-12-23 20:00:00,50.25,119.75,1.23,3.42,3.78,2.12,10.12,0.58,17.81,0.3,0.98,,,,,23.18,72.5,,223.75,,,,714.5,
2024-12-23 21:00:00,45.5,108.25,1.2,4.05,4.15,2.08,12.5,0.87,15.52,0.38,1.3,,,,,22.9,74.25,,176.25,,,,715.0,
2024-12-23 22:00:00,44.5,106.25,1.23,3.85,4.03,2.1,14.25,0.44,23.81,0.4,1.48,,,,,22.65,76.0,,214.75,,,,715.0,
2024-12-23 23:00:00,36.25,87.0,0.92,4.0,3.68,2.1,14.05,0.31,18.21,0.4,1.5,,,,,22.28,79.0,,202.75,,,,715.0,
2024-12-24 00:00:00,33.0,78.5,1.12,3.62,3.78,2.12,12.95,0.3,18.3,0.4,1.35,,,,,22.0,80.0,,136.75,,,,714.75,
2024-12-24 01:00:00,28.5,67.75,1.42,3.3,4.05,2.2,8.33,0.28,17.16,0.2,0.73,,,,,21.7,81.0,,146.5,,,,714.0,
2024-12-24 02:00:00,24.25,58.25,1.58,3.58,4.5,2.05,3.42,0.28,17.02,0.1,0.13,,,,,21.48,82.25,,54.0,,,,713.25,
2024-12-24 03:00:00,24.75,58.75,1.38,3.75,4.25,2.08,3.32,0.31,17.57,,0.13,,,,,21.22,84.25,,15.0,,,,713.0,
2024-12-24 04:00:00,24.0,57.5,1.2,4.12,4.2,2.02,5.1,0.33,18.4,0.1,0.35,,,,,20.95,86.5,,8.0,,,,713.25,
2024-12-24 05:00:00,25.0,58.5,1.23,3.97,4.1,2.08,4.92,0.33,21.22,0.1,0.3,,,,,20.78,88.0,,8.5,,,,714.0,
2024-12-24 06:00:00,29.0,68.5,0.85,4.1,3.52,2.1,7.4,0.29,18.7,0.18,0.62,,,,,20.78,88.5,,8.0,,,,714.25,
2024-12-24 07:00:00,35.5,84.25,1.02,3.65,3.65,2.15,8.12,0.56,18.08,0.2,0.7,,,,,21.15,89.5,,27.25,,,,715.0,
2024-12-24 08:00:00,47.0,111.25,1.32,3.65,4.12,2.15,9.75,0.53,18.33,0.28,0.88,,,,,22.38,75.75,,252.5,,,,716.0,
2024-12-24 09:00:00,48.75,115.0,1.38,3.65,4.15,2.12,7.95,0.6,18.19,0.2,0.68,,,,,23.6,59.5,,268.5,,,,716.0,
2024-12-24 10:00:00,44.25,104.25,1.23,3.88,4.05,2.08,1.2,0.48,17.92,,,,,,,25.1,49.25,,226.75,,,,716.0,
2024-12-24 11:00:00,43.0,101.5,1.35,3.65,4.15,2.12,2.98,0.38,18.41,,0.1,,,,,25.75,45.25,,213.75,,,,715.25,
2024-12-24 12:00:00,46.0,109.0,1.25,3.42,3.9,2.1,2.5,0.41,17.98,,0.1,,,,,26.3,43.25,,198.75,,,,714.25,
2024-12-24 13:00:00,45.0,106.5,1.0,3.68,3.62,2.08,4.9,0.41,17.88,0.13,0.37,,,,,26.4,44.0,,194.25,,,,713.0,
2024-12-24 14:00:00,44.5,105.25,1.2,3.4,3.72,2.08,7.9,0.66,18.01,0.2,0.7,,,,,26.35,46.0,,214.75,,,,712.0,
2024-12-24 15:00:00,50.5,120.5,1.27,3.48,3.9,2.2,7.65,0.49,17.92,0.18,0.62,,,,,25.88,48.0,,226.75,,,,712.0,
2024-12-24 16:00:00,46.75,111.25,1.23,4.03,4.08,2.1,6.05,0.74,17.61,0.12,0.42,,,,,25.52,49.75,,158.0,,,,712.25,
2024-12-24 17:00:00,50.25,136.25,1.42,3.88,4.38,2.1,8.35,0.92,18.05,0.22,0.75,,,,,24.72,54.5,,158.25,,,,713.0,
2024-12-24 18:00:00,55.25,189.0,1.48,3.58,4.3,2.12,9.38,0.94,17.88,0.28,0.88,,,,,24.22,58.25,,231.25,,,,713.75,
2024-12-24 19:00:00,58.5,151.25,1.35,3.75,4.18,2.08,7.18,1.0,16.98,0.15,0.6,,,,,23.78,62.0,,102.5,,,,714.5,
2024-12-24 20:00:00,58.0,135.75,1.4,3.62,4.22,2.12,7.4,0.7,16.65,0.2,0.62,,,,,23.28,69.25,,147.75,,,,715.25,
2024-12-24 21:00:00,57.5,121.5,1.23,3.52,3.88,2.1,8.73,0.43,17.52,0.2,0.8,,,,,22.95,75.5,,151.0,,,,716.0,
2024-12-24 22:00:00,43.0,85.75,1.3,3.68,4.1,2.08,10.15,0.28,13.7,0.3,0.98,,,,,22.65,79.75,,111.25,,,,716.0,
2024-12-24 23:00:00,31.25,66.25,1.05,3.9,3.75,2.05,12.92,0.26,23.88,0.38,1.32,,,,,22.42,83.0,,139.0,,,,715.25,
2024-12-25 00:00:00,28.75,44.75,1.23,3.8,3.98,2.1,9.7,0.29,17.59,0.3,0.92,,,,,22.08,85.25,,115.75,,,,715.0,
2024-12-25 01:00:00,19.25,40.5,1.23,3.52,3.92,2.22,11.5,0.3,18.51,0.33,1.13,,,,,21.88,87.0,,67.0,,,,714.5,
2024-12-25 02:00:00,22.25,39.25,1.18,4.18,4.12,2.08,10.62,0.36,17.69,0.3,1.03,,,,,21.52,88.75,,56.25,,,,714.0,
2024-12-25 03:00:00,28.0,40.75,1.3,3.6,4.05,2.1,6.8,0.31,17.12,0.18,0.52,,,,,21.22,90.0,,130.25,,,,714.0,
2024-12-25 04:00:00,25.0,43.0,1.5,3.6,4.35,2.1,7.38,0.26,17.74,0.18,0.6,,,,,21.2,90.25,,123.0,,,,714.0,
2024-12-25 05:00:00,28.0,37.0,1.2,4.12,4.15,2.02,8.62,0.29,16.02,0.25,0.8,,,,,21.15,91.0,,168.75,,,,714.5,
2024-12-25 06:00:00,33.0,44.25,1.27,3.95,4.15,2.08,10.6,0.34,15.19,0.28,1.05,,,,,21.48,91.0,,220.75,,,,715.0,
2024-12-25 07:00:00,48.25,67.5,1.3,3.8,4.12,2.05,12.9,0.36,17.88,0.4,1.3,,,,,21.58,90.5,,258.0,,,,715.75,
2024-12-25 08:00:00,48.0,73.0,1.35,3.28,3.92,2.12,12.1,0.35,23.72,0.38,1.2,,,,,22.08,86.75,,221.5,,,,716.75,
2024-12-25 09:00:00,45.25,81.25,1.25,3.8,4.08,2.05,11.82,0.42,20.04,0.35,1.2,,,,,23.0,76.25,,252.0,,,,717.0,
2024-12-25 10:00:00,45.0,92.75,1.2,3.8,3.98,2.1,11.98,0.44,18.57,0.38,1.2,,,,,24.02,65.75,,239.0,,,,717.0,
2024-12-25 11:00:00,41.75,80.75,1.2,3.9,3.98,2.18,12.45,0.4,18.41,0.38,1.27,,,,,24.33,63.75,,224.0,,,,716.5,
2024-12-25 12:00:00,38.0,80.0,1.08,3.88,3.8,2.15,10.22,0.48,18.94,0.3,0.98,,,,,25.42,56.5,,203.75,,,,715.5,
2024-12-25 13:00:00,28.75,68.75,1.15,4.05,4.03,2.1,9.85,0.38,17.06,0.3,0.92,,,,,24.95,57.5,,237.5,,,,714.75,
2024-12-25 14:00:00,31.0,63.0,1.1,3.92,3.9,2.1,7.48,0.39,16.98,0.18,0.62,,,,,24.52,60.0,,224.25,,,,714.0,
2024-12-25 15:00:00,37.25,67.5,1.25,3.7,3.97,2.15,5.22,0.48,16.96,0.1,0.35,,,,,24.4,61.75,,237.0,,,,714.0,
2024-12-25 16:00:00,29.75,70.75,1.3,3.9,4.2,2.12,6.75,0.44,17.46,0.15,0.55,,,,,24.18,63.75,,259.0,,,,714.0,
2024-12-25 17:00:00,31.75,68.25,1.27,3.38,3.92,2.18,9.38,0.61,13.64,0.25,0.85,,,,,23.95,66.25,,249.75,,,,714.75,
2024-12-25 18:00:00,31.25,71.5,1.12,3.5,3.75,2.12,12.65,0.66,25.52,0.38,1.3,,,,,23.9,67.75,,219.75,,,,715.0,
2024-12-25 19:00:00,34.5,73.5,1.25,3.97,4.18,2.1,13.2,0.86,17.52,0.4,1.4,,,,,23.65,70.25,,178.25,,,,716.0,
2024-12-25 20:00:00,37.0,78.75,1.3,3.88,4.15,2.08,13.55,0.92,18.15,0.4,1.4,,,,,23.18,74.5,,136.5,,,,717.0,
2024-12-25 21:00:00,21.25,60.25,1.35,3.7,4.15,2.08,11.55,0.85,17.42,0.35,1.15,,,,,22.78,78.5,,162.0,,,,717.0,
2024-12-25 22:00:00,18.0,46.75,1.55,3.4,4.32,2.08,7.8,0.6,16.82,0.2,0.68,,,,,22.48,82.25,,106.5,,,,717.75,
2024-12-25 23:00:00,14.0,30.25,1.25,3.98,4.1,2.1,9.3,0.51,17.52,0.25,0.85,,,,,22.22,84.5,,172.75,,,,717.0,
2024-12-26 00:00:00,12.25,27.5,1.4,4.08,4.4,2.05,7.5,0.24,16.97,0.2,0.62,,,,,22.28,85.0,,96.25,,,,716.5,
2024-12-26 01:00:00,14.5,23.5,1.23,4.18,4.22,2.08,10.77,0.2,15.58,0.3,1.07,,,,,22.5,83.5,,104.5,,,,716.0,
2024-12-26 02:00:00,9.75,15.75,1.2,3.85,3.98,2.18,12.72,0.25,16.75,0.4,1.3,,,,,22.45,82.0,,100.5,,,,715.75,
2024-12-26 03:00:00,9.0,15.0,1.4,3.62,4.25,2.12,11.08,0.23,24.8,0.3,1.1,,,,,22.3,83.5,,94.25,,,,715.0,
2024-12-26 04:00:00,,,1.35,4.05,4.38,2.02,11.02,0.23,19.38,0.3,1.08,,,,,22.22,84.0,,83.5,,,,715.25,
2024-12-26 05:00:00,10.0,13.0,1.38,3.7,4.2,2.08,9.5,0.29,17.52,0.25,0.9,,,,,22.2,84.25,,122.5,,,,716.0,
2024-12-26 06:00:00,11.5,17.25,1.42,3.88,4.32,2.1,7.88,0.41,16.54,0.2,0.68,,,,,22.2,85.0,,214.75,,,,717.0,
2024-12-26 07:00:00,17.5,34.25,1.2,4.22,4.2,2.05,6.55,0.51,17.4,0.12,0.52,,,,,22.45,84.0,,234.25,,,,717.75,
2024-12-26 08:00:00,21.75,45.5,1.18,3.35,3.7,2.1,7.38,0.66,16.69,0.15,0.62,,,,,22.85,82.25,,191.75,,,,718.75,
2024-12-26 09:00:00,20.0,42.5,1.3,3.65,4.1,2.08,11.28,1.0,15.6,0.35,1.12,,,,,23.68,76.75,,136.5,,,,719.0,
2024-12-26 10:00:00,16.0,46.25,1.23,3.85,4.03,2.05,13.25,0.94,17.88,0.4,1.38,,,,,24.25,71.75,,98.25,,,,719.0,
2024-12-26 11:00:00,12.75,44.75,1.3,3.58,3.98,2.05,13.3,0.97,22.16,0.4,1.38,,,,,24.5,70.25,,135.5,,,,718.25,
2024-12-26 12:00:00,13.0,44.25,1.25,3.7,4.02,2.08,9.6,0.41,18.93,0.28,0.9,,,,,23.7,80.5,,137.75,,,,717.75,
2024-12-26 13:00:00,16.25,33.0,1.32,3.6,4.08,2.1,9.7,0.44,17.5,0.3,0.92,,,,,23.38,83.0,,122.25,,,,716.75,
2024-12-26 14:00:00,16.5,30.25,1.23,3.6,3.92,2.08,10.2,0.36,17.84,0.3,1.0,,,,,24.6,72.75,,101.25,,,,715.5,
2024-12-26 15:00:00,15.75,49.0,1.12,4.0,4.0,2.05,12.25,0.47,15.07,0.35,1.25,,,,,24.35,72.5,,141.75,,,,715.0,
2024-12-26 16:00:00,18.5,48.25,1.2,3.7,3.95,2.08,14.92,0.69,17.55,0.43,1.58,,,,,23.65,78.5,,124.5,,,,715.0,
2024-12-26 17:00:00,21.5,44.75,1.32,3.65,4.08,2.08,13.92,0.55,18.15,0.4,1.45,,,,,23.0,86.5,,135.5,,,,716.0,
2024-12-26 18:00:00,27.0,43.75,1.25,3.9,4.1,2.1,13.6,0.57,18.04,0.4,1.45,,,,,23.0,86.0,,154.5,,,,716.0,
2024-12-26 19:00:00,29.75,49.0,1.12,3.85,3.9,2.08,13.35,0.54,22.6,0.4,1.4,,,,,22.8,86.25,,161.25,,,,717.25,
2024-12-26 20:00:00,29.25,39.5,1.4,3.52,4.1,2.1,10.07,0.62,19.73,0.3,0.95,,,,,22.35,89.75,,126.75,,,,718.0,
2024-12-26 21:00:00,29.5,37.5,1.48,3.75,4.4,2.1,8.65,0.33,17.31,0.2,0.8,,,,,22.2,90.0,,146.0,,,,718.0,
2024-12-26 22:00:00,25.5,36.0,1.25,3.85,4.08,2.08,9.95,0.25,17.7,0.28,0.95,,,,,22.2,89.25,,149.75,,,,718.0,
2024-12-26 23:00:00,18.5,35.75,1.18,3.75,3.9,2.02,11.08,0.14,16.48,0.3,1.08,,,,,22.28,86.75,,150.0,,,,718.0,
2024-12-27 00:00:00,20.75,35.0,1.1,3.72,3.78,2.08,12.88,0.3,17.64,0.4,1.35,,,,,22.3,85.0,,151.5,,,,718.0,
2024-12-27 01:00:00,21.75,34.75,1.35,3.35,3.95,2.15,9.43,0.26,17.79,0.23,0.9,,,,,22.25,84.25,,145.75,,,,717.5,
2024-12-27 02:00:00,20.5,33.75,1.12,3.85,3.9,2.05,8.22,0.24,18.96,0.2,0.75,,,,,22.12,85.75,,137.25,,,,717.0,
2024-12-27 03:00:00,27.5,31.5,1.23,3.58,3.9,2.05,6.92,0.25,21.78,0.18,0.55,,,,,22.02,85.75,,115.0,,,,716.25,
2024-12-27 04:00:00,25.0,27.0,1.3,3.92,4.2,2.08,4.2,0.26,18.49,0.1,0.2,,,,,21.88,86.25,,113.5,,,,716.0,
2024-12-27 05:00:00,22.75,29.25,1.15,3.88,3.9,2.1,3.15,0.28,19.52,,0.15,,,,,21.7,87.75,,177.25,,,,716.5,
2024-12-27 06:00:00,25.25,34.75,1.08,3.82,3.8,2.1,3.95,0.3,16.21,0.1,0.15,,,,,21.92,87.75,,154.0,,,,717.5,
2024-12-27 07:00:00,28.0,39.0,1.32,3.55,4.05,2.12,4.72,0.41,16.24,0.1,0.28,,,,,22.22,86.25,,167.25,,,,718.5,
2024-12-27 08:00:00,32.5,64.5,1.15,3.72,3.82,2.1,6.78,0.54,18.13,0.18,0.57,,,,,22.7,83.0,,182.0,,,,719.5,
2024-12-27 09:00:00,26.75,67.0,1.2,3.88,4.03,2.1,7.92,0.61,18.3,0.2,0.7,,,,,23.25,78.5,,162.5,,,,720.0,
2024-12-27 10:00:00,22.75,59.0,1.4,3.68,4.2,2.02,9.05,0.58,18.64,0.25,0.85,,,,,24.35,69.75,,137.0,,,,720.0,
2024-12-27 11:00:00,20.0,50.75,1.12,3.7,3.8,2.15,7.35,0.4,21.75,0.18,0.62,,,,,24.28,70.25,,131.75,,,,719.5,
2024-12-27 12:00:00,16.5,44.0,1.25,3.62,3.97,2.08,4.2,0.46,17.95,0.1,0.2,,,,,23.45,80.75,,123.25,,,,718.75,
2024-12-27 13:00:00,21.0,36.5,1.27,3.62,3.98,2.15,4.7,0.27,16.66,0.1,0.25,,,,,23.15,85.5,,174.5,,,,717.75,
2024-12-27 14:00:00,13.25,16.0,1.42,3.58,4.18,2.08,5.5,0.32,18.14,0.1,0.38,,,,,23.18,83.5,,132.5,,,,717.0,
2024-12-27 15:00:00,18.25,26.75,1.52,3.8,4.47,2.1,7.75,0.32,16.58,0.2,0.65,,,,,22.78,87.0,,134.0,,,,717.0,
2024-12-27 16:00:00,21.25,38.0,1.55,3.58,4.43,2.02,8.2,0.3,17.29,0.2,0.72,,,,,23.3,82.25,,128.25,,,,717.0,
2024-12-27 17:00:00,19.75,29.0,1.32,3.95,4.25,2.08,8.57,0.36,18.73,0.2,0.8,,,,,22.75,82.75,,123.0,,,,717.5,
2024-12-27 18:00:00,23.0,29.75,1.02,4.08,3.9,2.1,10.45,0.53,18.53,0.32,1.02,,,,,22.08,88.0,,148.5,,,,718.0,
2024-12-27 19:00:00,26.25,35.25,1.18,4.08,4.1,2.02,9.65,0.62,18.89,0.28,0.92,,,,,22.15,87.75,,144.5,,,,719.0,
2024-12-27 20:00:00,26.75,46.0,1.38,4.18,4.47,1.95,9.8,0.47,17.89,0.3,0.95,,,,,22.25,84.75,,173.75,,,,719.0,
2024-12-27 21:00:00,25.5,48.5,1.25,3.55,3.98,2.1,9.43,0.36,18.08,0.25,0.85,,,,,22.15,84.0,,130.0,,,,720.0,
2024-12-27 22:00:00,24.0,44.75,1.25,3.82,4.05,2.15,9.22,0.3,18.06,0.25,0.88,,,,,22.05,84.0,,121.25,,,,720.0,
2024-12-27 23:00:00,23.25,37.5,1.25,3.6,3.92,2.08,7.85,0.23,18.14,0.2,0.65,,,,,21.88,85.0,,144.5,,,,719.0,
2024-12-28 00:00:00,22.0,36.25,1.32,4.2,4.35,2.05,7.58,0.33,18.29,0.2,0.65,,,,,21.8,86.0,,160.75,,,,719.0,
2024-12-28 01:00:00,25.75,36.0,1.42,3.68,4.22,2.08,8.13,0.36,23.72,0.2,0.7,,,,,21.58,86.25,,149.75,,,,718.0,
2024-12-28 02:00:00,27.5,32.75,1.42,3.85,4.38,2.12,5.65,0.36,16.15,0.12,0.38,,,,,21.32,87.75,,150.5,,,,718.0,
2024-12-28 03:00:00,25.75,32.5,1.23,3.78,4.03,2.08,5.2,0.35,17.43,0.1,0.32,,,,,21.2,88.0,,124.5,,,,717.0,
2024-12-28 04:00:00,26.0,34.5,1.27,3.97,4.18,2.05,6.85,0.38,16.91,0.15,0.55,,,,,21.12,89.0,,158.5,,,,717.0,
2024-12-28 05:00:00,29.0,39.0,1.25,3.98,4.15,2.08,8.0,0.37,18.17,0.2,0.7,,,,,21.1,89.0,,138.25,,,,717.0,
2024-12-28 06:00:00,30.5,49.25,1.02,3.78,3.68,2.1,8.78,0.26,23.77,0.2,0.8,,,,,21.28,89.0,,125.0,,,,717.75,
2024-12-28 07:00:00,37.0,59.75,1.12,3.8,3.85,2.02,7.05,0.37,17.96,0.18,0.6,,,,,21.55,88.0,,130.0,,,,718.5,
2024-12-28 08:00:00,43.5,82.25,1.42,3.6,4.2,2.12,9.65,0.52,17.86,0.25,0.92,,,,,22.1,83.5,,122.25,,,,719.25,
2024-12-28 09:00:00,44.5,87.5,1.1,3.6,3.72,2.12,11.45,0.57,17.8,0.35,1.12,,,,,22.78,76.5,,141.5,,,,720.0,
2024-12-28 10:00:00,42.0,81.25,1.23,3.82,4.03,2.1,10.05,0.63,18.65,0.3,0.92,,,,,23.52,69.5,,142.0,,,,720.0,
2024-12-28 11:00:00,37.25,76.0,1.15,3.95,3.98,2.15,11.05,0.61,18.7,0.3,1.1,,,,,24.65,60.75,,117.75,,,,719.5,
2024-12-28 12:00:00,30.25,73.5,1.18,3.65,3.82,2.18,10.1,0.47,18.29,0.3,0.98,,,,,25.42,54.0,,140.0,,,,718.25,
2024-12-28 13:00:00,25.75,65.25,1.35,3.8,4.2,2.1,7.95,0.52,18.62,0.2,0.7,,,,,25.98,49.75,,128.25,,,,717.25,
2024-12-28 14:00:00,29.75,62.75,1.2,3.98,4.03,2.02,5.25,0.44,15.02,0.12,0.32,,,,,25.8,50.75,,137.25,,,,716.25,
2024-12-28 15:00:00,33.25,62.5,1.1,4.25,4.1,2.0,5.6,0.36,17.53,0.12,0.4,,,,,26.02,48.75,,170.0,,,,716.0,
2024-12-28 16:00:00,27.75,67.0,1.15,3.22,3.58,2.12,7.05,0.38,21.13,0.18,0.57,,,,,26.88,45.5,,164.75,,,,716.0,
2024-12-28 17:00:00,28.5,79.5,1.18,3.55,3.82,2.02,8.98,0.62,18.32,0.25,0.82,,,,,25.2,53.0,,165.75,,,,716.0,
2024-12-28 18:00:00,36.25,90.25,0.92,3.92,3.62,2.08,8.7,0.71,17.98,0.25,0.8,,,,,23.55,63.25,,122.0,,,,716.5,
2024-12-28 19:00:00,48.25,96.5,1.2,3.4,3.7,2.1,10.1,0.72,17.99,0.3,0.95,,,,,23.08,70.25,,147.25,,,,717.25,
2024-12-28 20:00:00,53.0,107.25,,,,,,0.43,17.56,,,,,,,,,,,,,,,
2024-12-28 21:00:00,47.0,91.75,,,,,,0.48,14.42,,,,,,,,,,,,,,,
2024-12-28 22:00:00,47.75,96.75,,,,,,0.43,14.8,,,,,,,,,,,,,,,
2024-12-28 23:00:00,47.75,90.75,,,,,,0.33,15.48,,,,,,,,,,,,,,,
2024-12-29 00:00:00,37.75,70.25,,,,,,0.29,17.96,,,,,,,,,,,,,,,
2024-12-29 01:00:00,28.75,53.25,,,,,,,19.17,,,,,,,,,,,,,,,
2024-12-29 02:00:00,30.75,46.75,,,,,,,,,,,,,,,,,,,,,,
2024-12-29 03:00:00,,,,,,,,,,,,,,,,,,,,,,,,
2024-12-29 04:00:00,,,,,,,,,,,,,,,,,,,,,,,,
2024-12-29 05:00:00,,,,,,,,,,,,,,,,,,,,,,,,
2024-12-29 06:00:00,,,,,,,,,,,,,,,,,,,,,,,,
2024-12-29 07:00:00,,,,,,,,,,,,,,,,,,,,,,,,
2024-12-29 08:00:00,,,,,,,,,,,,,,,,,,,,,,,,
2024-12-29 09:00:00,,,,,,,,,,,,,,,,,,,,,,,,
2024-12-29 10:00:00,,,,,,,,,,,,,,,,,,,,,,,,
2024-12-29 11:00:00,,,,,,,,,,,,,,,,,,,,,,,,
2024-12-29 12:00:00,,,,,,,,,,,,,,,,,,,,,,,,
2024-12-29 13:00:00,,,,,,,,,,,,,,,,,,,,,,,,
2024-12-29 14:00:00,,,,,,,,,,,,,,,,,,,,,,,,
2024-12-29 15:00:00,,,,,,,,,,,,,,,,,,,,,,,,
2024-12-29 16:00:00,,,,,,,,,,,,,,,,,,,,,,,,
2024-12-29 17:00:00,,,,,,,,,,,,,,,,,,,,,,,,
2024-12-29 18:00:00,,,,,,,,,,,,,,,,,,,,,,,,
2024-12-29 19:00:00,,,,,,,,,,,,,,,,,,,,,,,,
2024-12-29 20:00:00,,,,,,,,,,,,,,,,,,,,,,,,
2024-12-29 21:00:00,,,,,,,,,,,,,,,,,,,,,,,,
2024-12-29 22:00:00,,,,,,,,,,,,,,,,,,,,,,,,
2024-12-29 23:00:00,,,,,,,,,,,,,,,,,,,,,,,,
2024-12-30 00:00:00,,,,,,,,,,,,,,,,,,,,,,,,
2024-12-30 01:00:00,,,,,,,,,,,,,,,,,,,,,,,,
2024-12-30 02:00:00,,,,,,,,,,,,,,,,,,,,,,,,
2024-12-30 03:00:00,,,,,,,,,,,,,,,,,,,,,,,,
2024-12-30 04:00:00,,,,,,,,,,,,,,,,,,,,,,,,
2024-12-30 05:00:00,,,,,,,,,,,,,,,,,,,,,,,,
2024-12-30 06:00:00,,,,,,,,,,,,,,,,,,,,,,,,
2024-12-30 07:00:00,,,,,,,,,,,,,,,,,,,,,,,,
2024-12-30 08:00:00,,,,,,,,,,,,,,,,,,,,,,,,
2024-12-30 09:00:00,,,,,,,,,,,,,,,,,,,,,,,,
2024-12-30 10:00:00,,,,,,,,,,,,,,,,,,,,,,,,
2024-12-30 11:00:00,,,,,,,,,,,,,,,,,,,,,,,,
2024-12-30 12:00:00,,,,,,,,,,,,,,,,,,,,,,,,
2024-12-30 13:00:00,30.0,52.0,,,,,2.6,0.23,16.52,,,,,,,25.25,59.0,,94.0,,,,716.0,
2024-12-30 14:00:00,,,1.0,2.15,2.75,2.1,12.98,0.77,20.6,0.38,1.38,,,,,26.02,56.0,,135.0,,,,716.0,
2024-12-30 15:00:00,18.0,56.0,1.12,3.75,3.88,2.05,13.85,0.72,18.6,0.4,1.48,,,,,26.15,54.5,,154.5,,,,716.0,
2024-12-30 16:00:00,19.25,59.25,1.25,3.68,3.92,2.12,16.98,0.72,17.9,0.52,1.85,,,,,25.6,57.25,,118.5,,,,715.75,
2024-12-30 17:00:00,25.0,71.25,1.5,3.12,4.1,2.2,16.38,0.77,18.02,0.5,1.75,,,,,24.68,63.5,,133.25,,,,716.0,
2024-12-30 18:00:00,33.0,80.25,1.2,3.62,3.88,2.05,14.18,0.5,18.06,0.43,1.5,,,,,23.38,71.75,,167.0,,,,717.0,
2024-12-30 19:00:00,38.5,87.0,1.25,3.18,3.75,2.12,17.0,0.63,18.11,0.52,1.9,,,,,23.05,75.75,,145.25,,,,717.75,
2024-12-30 20:00:00,36.75,85.0,1.27,3.6,3.98,2.1,17.32,0.43,18.21,0.5,1.9,,,,,22.92,77.5,,150.25,,,,718.5,
2024-12-30 21:00:00,35.25,76.75,1.42,3.65,4.28,2.1,16.88,0.29,18.19,0.5,1.82,,,,,22.6,77.5,,141.0,,,,719.0,
2024-12-30 22:00:00,33.25,71.5,1.38,3.78,4.25,2.1,17.5,0.2,17.93,0.52,1.95,,,,,22.15,79.5,,119.5,,,,719.75,
2024-12-30 23:00:00,34.5,74.25,1.32,3.58,4.05,2.15,18.5,0.12,18.15,0.57,2.05,,,,,21.85,81.75,,177.25,,,,719.0,
2024-12-31 00:00:00,35.0,65.75,1.3,3.6,4.0,2.15,16.68,0.26,18.19,0.52,1.82,,,,,21.52,78.5,,162.0,,,,719.0,
2024-12-31 01:00:00,32.75,56.5,1.18,4.0,4.05,2.12,12.03,0.25,18.12,0.33,1.2,,,,,21.22,77.25,,143.75,,,,718.0,
2024-12-31 02:00:00,32.5,53.5,1.38,3.72,4.22,2.1,10.52,0.22,18.02,0.3,1.05,,,,,21.12,72.75,,183.0,,,,718.0,
2024-12-31 03:00:00,26.75,42.0,1.42,4.0,4.45,2.05,9.05,0.26,18.53,0.22,0.82,,,,,20.72,75.25,,205.75,,,,717.0,
2024-12-31 04:00:00,33.75,52.25,1.25,3.92,4.15,2.05,8.7,0.25,17.91,0.22,0.78,,,,,20.6,76.0,,166.5,,,,717.0,
2024-12-31 05:00:00,37.5,63.0,1.3,4.32,4.42,2.02,11.25,0.26,17.88,0.32,1.12,,,,,20.68,74.5,,103.0,,,,717.5,
2024-12-31 06:00:00,32.5,59.0,1.23,3.8,4.03,2.1,10.5,0.38,18.14,0.3,1.0,,,,,20.62,77.75,,125.25,,,,718.0,
2024-12-31 07:00:00,33.5,72.5,1.2,3.55,3.8,2.12,11.78,0.44,18.09,0.35,1.18,,,,,21.02,78.25,,154.25,,,,718.75,
2024-12-31 08:00:00,42.75,91.5,1.32,3.58,4.08,2.05,9.55,0.62,18.41,0.25,0.88,,,,,21.85,71.0,,114.25,,,,719.75,
2024-12-31 09:00:00,44.5,83.75,0.9,4.32,3.78,2.08,7.4,0.77,18.13,0.18,0.62,,,,,22.9,61.25,,129.25,,,,720.0,
2024-12-31 10:00:00,32.0,88.25,0.88,3.95,3.55,2.05,9.05,0.56,18.52,0.22,0.82,,,,,24.8,47.75,,146.75,,,,720.0,
2024-12-31 11:00:00,24.25,75.5,1.15,3.72,3.85,2.05,9.98,0.53,17.76,0.3,0.98,,,,,26.02,40.75,,121.5,,,,719.25,
2024-12-31 12:00:00,19.25,71.5,1.3,3.32,3.85,2.1,12.5,0.3,18.22,0.4,1.25,,,,,26.75,39.25,,136.5,,,,718.0,
2024-12-31 13:00:00,20.0,70.5,1.18,3.4,3.7,2.08,12.55,0.34,18.04,0.4,1.27,,,,,27.42,37.75,,138.25,,,,716.75,
2024-12-31 14:00:00,19.25,62.5,1.23,3.6,3.9,2.1,12.08,0.4,17.77,0.38,1.23,,,,,27.98,37.25,,130.75,,,,715.75,
2024-12-31 15:00:00,17.75,59.75,1.35,3.55,4.1,2.1,9.9,0.38,17.93,0.3,0.95,,,,,28.02,37.5,,140.25,,,,715.0,
2024-12-31 16:00:00,20.75,60.5,1.52,3.55,4.38,2.12,9.75,0.48,18.48,0.28,0.92,,,,,27.75,39.0,,150.25,,,,715.0,
2024-12-31 17:00:00,24.75,74.0,1.23,4.22,4.22,2.12,9.3,0.53,18.23,0.25,0.88,,,,,25.9,46.25,,128.0,,,,715.75,
2024-12-31 18:00:00,31.25,76.0,1.3,3.92,4.18,2.15,9.15,0.39,17.6,0.28,0.88,,,,,23.9,58.5,,153.0,,,,716.0,
2024-12-31 19:00:00,36.25,82.5,1.18,3.45,3.7,2.12,9.98,0.45,17.68,0.3,0.95,,,,,23.35,64.5,,146.25,,,,717.0,
2024-12-31 20:00:00,42.0,85.25,1.23,3.98,4.12,2.02,12.18,0.36,17.62,0.38,1.25,,,,,23.02,72.0,,151.0,,,,718.0,
2024-12-31 21:00:00,48.5,88.75,1.1,3.65,3.72,2.15,10.7,0.34,17.87,0.3,1.05,,,,,22.7,77.25,,120.0,,,,718.5,
2024-12-31 22:00:00,50.75,91.25,1.72,3.3,4.55,2.15,10.58,0.42,17.86,0.3,1.02,,,,,22.28,79.25,,179.0,,,,719.0,
2024-12-31 23:00:00,53.0,101.0,1.67,3.47,4.57,2.1,8.13,0.33,18.54,0.2,0.73,,,,,21.97,81.0,,98.67,,,,718.67,
