Timestamp,PM2.5 (µg/m³),PM10 (µg/m³),NO (µg/m³),NO2 (µg/m³),NOx (ppb),NH3 (µg/m³),SO2 (µg/m³),CO (mg/m³),Ozone (µg/m³),Benzene (µg/m³),Toluene (µg/m³),Xylene (µg/m³),O Xylene (µg/m³),Eth-Benzene (µg/m³),MP-Xylene (µg/m³),AT (°C),RH (%),WS (m/s),WD (deg),RF (mm),TOT-RF (mm),SR (W/mt2),BP (mmHg),VWS (m/s)
2024-01-01 00:00:00,34.31,58.6,4.79,19.92,24.7,17.13,13.76,0.45,38.8,0.0,2.78,,,,0.04,,80.8,,,,,9.89,935.24,
2024-01-01 01:00:00,28.18,60.81,5.67,20.04,25.7,18.01,12.46,0.44,38.75,0.0,2.78,,,,0.04,,85.48,,,,,9.89,945.0,
2024-01-01 02:00:00,35.78,61.07,3.82,16.5,20.32,16.16,12.9,0.44,38.84,0.0,2.78,,,,0.04,,93.68,,,,,9.89,961.9,
2024-01-01 03:00:00,27.78,60.64,3.67,16.92,20.59,16.01,11.64,0.54,38.78,0.0,2.78,,,,0.04,,99.05,,,,,9.89,973.12,
2024-01-01 04:00:00,24.45,57.3,3.69,17.27,20.97,16.03,16.05,0.73,38.84,0.0,2.78,,,,0.03,,99.4,,,,,9.89,974.04,
2024-01-01 05:00:00,31.63,57.39,4.84,16.82,21.65,17.18,14.82,0.76,38.82,0.0,2.78,,,,0.03,,99.38,,,,,9.89,974.12,
2024-01-01 06:00:00,39.18,61.44,4.81,20.4,25.21,17.15,12.65,0.79,38.63,0.0,2.78,,,,0.03,,99.4,,,,,9.89,974.4,
2024-01-01 07:00:00,43.44,67.49,4.2,18.32,22.54,16.54,12.71,0.86,38.93,0.0,2.78,,,,0.04,,98.78,,,,,11.11,973.18,
2024-01-01 08:00:00,47.5,73.53,4.73,18.0,22.74,17.07,12.58,0.89,38.57,0.11,2.78,,,,0.04,,83.95,,,,,170.88,942.66,
2024-01-01 09:00:00,37.8,77.39,5.48,18.67,24.15,17.82,10.85,0.86,39.03,0.1,2.78,,,,0.07,,65.18,,,,,337.83,903.89,
2024-01-01 10:00:00,29.12,84.29,5.15,18.8,23.94,17.49,12.6,0.85,38.98,0.48,2.78,,,,0.42,,57.38,,,,,457.15,887.84,
2024-01-01 11:00:00,22.24,88.3,5.55,22.2,27.76,17.89,13.41,0.78,39.18,0.49,2.78,,,,0.5,,51.38,,,,,503.32,875.41,
2024-01-01 12:00:00,26.37,89.3,4.87,18.21,23.06,17.21,12.62,0.72,38.88,1.18,2.78,,,,0.74,,42.42,,,,,516.9,857.07,
2024-01-01 13:00:00,20.72,87.12,6.74,23.27,30.0,19.08,12.02,0.76,39.22,0.88,2.78,,,,0.45,,37.58,,,,,404.54,847.02,
2024-01-01 14:00:00,22.5,85.18,7.06,22.58,29.65,19.4,11.89,0.94,38.78,1.02,2.78,,,,0.55,,34.98,,,,,323.46,841.54,
2024-01-01 15:00:00,27.59,82.42,6.35,23.11,29.44,18.69,11.87,0.95,38.78,1.84,2.78,,,,0.74,,33.98,,,,,209.27,839.37,
2024-01-01 16:00:00,22.64,75.9,5.12,18.19,23.27,17.46,11.62,0.96,39.0,1.18,2.78,,,,1.76,,35.85,,,,,55.33,843.15,
2024-01-01 17:00:00,43.1,77.54,5.38,20.23,25.5,17.72,10.8,1.1,38.77,1.58,2.78,,,,1.73,,39.48,,,,,10.58,850.44,
2024-01-01 18:00:00,27.5,84.18,5.61,19.87,25.42,17.95,10.34,1.06,39.16,1.17,2.78,,,,1.06,,47.75,,,,,9.89,867.05,
2024-01-01 19:00:00,43.21,89.2,4.7,18.07,22.73,17.04,10.82,1.01,38.96,0.85,2.78,,,,1.08,,52.02,,,,,9.89,875.76,
2024-01-01 20:00:00,43.96,91.86,4.36,17.49,21.82,16.7,11.65,0.7,38.91,0.7,2.78,,,,0.61,,55.55,,,,,9.89,883.04,
2024-01-01 21:00:00,47.61,88.0,4.29,18.72,22.98,16.63,10.45,0.49,38.96,0.6,2.78,,,,0.4,,64.45,,,,,9.89,901.28,
2024-01-01 22:00:00,33.07,82.26,4.16,17.36,21.45,16.49,14.35,0.44,39.02,0.45,2.78,,,,0.23,,71.08,,,,,9.89,914.96,
2024-01-01 23:00:00,14.14,76.37,4.2,17.2,21.37,16.54,11.49,0.4,38.96,0.34,2.78,,,,0.16,,75.62,,,,,9.89,924.37,
2024-01-02 00:00:00,39.45,71.23,3.94,18.96,22.81,16.27,11.96,0.42,39.12,0.26,2.78,,,,0.1,,81.3,,,,,9.89,936.08,
2024-01-02 01:00:00,30.0,63.08,4.22,17.3,21.51,16.56,15.56,0.41,38.89,0.18,2.78,,,,0.08,,92.05,,,,,9.89,958.3,
2024-01-02 02:00:00,32.3,59.83,4.95,19.55,24.51,17.3,15.32,0.39,38.91,0.15,2.78,,,,0.07,,93.9,,,,,9.89,962.22,
2024-01-02 03:00:00,32.71,60.77,5.63,19.2,24.83,17.97,15.07,0.45,39.04,0.0,2.78,,,,0.06,,94.98,,,,,9.89,964.54,
2024-01-02 04:00:00,35.1,63.37,4.93,18.99,23.92,17.27,13.2,0.64,39.17,0.0,2.78,,,,0.05,,95.32,,,,,9.89,965.4,
2024-01-02 05:00:00,38.26,64.92,4.76,19.19,23.94,17.1,14.58,0.57,38.93,0.0,2.78,,,,0.04,,95.68,,,,,9.89,966.13,
2024-01-02 06:00:00,24.24,63.87,4.52,19.66,24.18,16.86,13.48,0.6,39.29,0.0,2.78,,,,0.04,,94.92,,,,,9.89,964.79,
2024-01-02 07:00:00,36.31,63.4,4.43,17.0,21.44,16.77,15.78,0.63,38.71,0.0,2.78,,,,0.04,,93.65,,,,,9.9,962.25,
2024-01-02 08:00:00,46.26,73.2,5.32,20.53,25.85,17.66,17.22,0.72,38.94,0.0,2.78,,,,0.06,,89.45,,,,,57.82,953.58,
2024-01-02 09:00:00,40.3,84.11,4.69,18.08,22.78,17.03,11.74,0.66,38.79,0.1,2.78,,,,0.06,,79.73,,,,,93.78,933.6,
2024-01-02 10:00:00,42.58,89.44,5.35,21.7,27.05,17.69,9.28,0.65,40.34,0.51,2.78,,,,0.36,,74.0,,,,,155.01,921.71,
2024-01-02 11:00:00,23.47,95.79,5.52,19.06,24.56,17.86,10.15,0.66,45.32,0.44,2.78,,,,0.64,,65.3,,,,,377.62,903.74,
2024-01-02 12:00:00,32.66,99.48,5.94,21.06,26.98,18.28,14.95,0.86,45.35,1.32,2.75,,,,0.32,,48.82,,,,,486.22,870.34,
2024-01-02 13:00:00,47.04,98.27,7.01,24.74,31.72,19.34,16.18,1.13,45.69,1.38,2.68,,,,0.52,,41.65,,,,,456.59,855.56,
2024-01-02 14:00:00,88.42,104.03,5.84,21.26,29.06,18.68,15.21,1.09,45.43,1.37,2.68,,,,0.52,,37.27,,,,,372.94,846.4,
2024-01-02 15:00:00,44.72,102.0,7.14,25.32,32.46,19.48,10.71,1.17,45.55,1.38,2.67,,,,0.52,,33.92,,,,,249.24,839.42,
2024-01-02 16:00:00,29.65,100.22,6.23,18.1,24.3,18.57,10.71,1.1,45.4,1.37,2.67,,,,0.52,,37.17,,,,,106.46,846.02,
2024-01-02 17:00:00,62.72,107.58,4.27,17.86,22.05,16.62,9.46,1.15,45.54,1.38,2.68,,,,0.52,,43.7,,,,,15.1,859.11,
2024-01-02 18:00:00,33.13,117.54,4.38,17.91,22.12,16.72,11.16,1.18,45.4,1.37,2.69,,,,0.52,,48.65,,,,,9.89,869.14,
2024-01-02 19:00:00,45.66,117.48,3.12,14.73,17.58,12.37,11.72,0.81,45.4,1.37,2.65,,,,0.52,,56.85,,,,,9.89,885.62,
2024-01-02 20:00:00,36.18,109.27,4.53,17.63,22.08,4.53,10.44,0.9,45.18,1.36,2.66,,,,0.52,,62.12,,,,,9.89,896.65,
2024-01-02 21:00:00,32.59,97.33,5.03,19.54,24.57,5.03,12.23,0.75,45.4,1.37,2.65,,,,0.51,,67.95,,,,,9.89,908.59,
2024-01-02 22:00:00,19.94,90.44,4.8,16.85,21.65,4.8,11.2,0.65,45.5,1.38,2.65,,,,0.52,,72.55,,,,,9.89,918.18,
2024-01-02 23:00:00,14.84,84.92,4.92,19.23,24.14,4.92,10.8,0.57,45.32,1.37,2.69,,,,0.52,,79.88,,,,,9.89,933.34,
2024-01-03 00:00:00,23.44,75.86,4.28,15.12,19.4,4.28,12.06,0.6,45.19,1.36,2.69,,,,0.53,,90.08,,,,,9.89,954.4,
2024-01-03 01:00:00,31.24,68.84,4.88,19.15,24.03,4.88,10.95,0.6,45.16,1.36,2.68,,,,0.52,,92.9,,,,,9.89,960.28,
2024-01-03 02:00:00,22.01,63.89,4.97,19.84,24.81,4.97,14.51,0.6,45.36,1.37,2.64,,,,0.52,,93.8,,,,,9.89,962.24,
2024-01-03 03:00:00,7.89,66.42,5.0,19.77,24.76,5.0,12.3,0.6,45.5,1.38,2.64,,,,0.52,,93.48,,,,,9.89,961.75,
2024-01-03 04:00:00,30.24,67.74,5.66,21.04,26.7,5.66,11.56,0.65,45.44,1.37,2.66,,,,0.52,,94.05,,,,,9.89,963.02,
2024-01-03 05:00:00,18.92,63.57,4.66,18.72,23.27,4.67,12.13,0.7,45.26,1.36,2.7,,,,0.52,,94.72,,,,,9.89,964.44,
2024-01-03 06:00:00,15.22,66.55,3.97,18.05,21.92,3.97,10.72,0.7,45.26,1.37,2.64,,,,0.52,,94.98,,,,,9.89,965.05,
2024-01-03 07:00:00,25.29,73.08,4.35,19.97,24.32,4.35,10.02,0.7,45.34,1.37,2.68,,,,0.52,,94.58,,,,,9.9,964.3,
2024-01-03 08:00:00,42.37,74.45,5.05,19.33,24.38,5.05,9.45,0.82,45.22,1.36,2.65,,,,0.52,,88.25,,,,,49.73,951.41,
2024-01-03 09:00:00,41.95,81.5,5.01,18.88,23.9,5.01,11.5,0.75,45.44,1.37,2.68,,,,0.52,,74.68,,,,,142.37,923.47,
2024-01-03 10:00:00,29.5,89.09,5.2,19.49,24.7,5.2,13.68,0.7,45.35,1.37,2.66,,,,0.52,,68.1,,,,,232.93,909.8,
2024-01-03 11:00:00,21.58,95.26,5.5,21.22,26.72,5.5,14.0,0.72,44.97,1.35,2.68,,,,0.52,,65.8,,,,,257.42,904.96,
2024-01-03 12:00:00,23.76,97.27,6.14,22.71,28.85,6.14,11.58,0.75,45.3,1.37,2.69,,,,0.52,,58.88,,,,,257.05,890.54,
2024-01-03 13:00:00,13.56,95.22,5.21,20.86,26.06,5.21,12.24,0.75,42.85,0.82,2.75,,,,0.4,,52.68,,,,,174.09,877.91,
2024-01-03 14:00:00,37.42,93.6,5.6,20.38,25.93,5.6,13.56,0.7,40.98,1.18,2.78,,,,0.7,,48.68,,,,,118.57,869.77,
2024-01-03 15:00:00,17.4,86.77,3.97,18.5,22.38,3.97,10.86,0.7,41.61,1.06,2.78,,,,3.44,,45.6,,,,,63.94,863.53,
2024-01-03 16:00:00,29.94,87.1,5.32,19.71,25.03,5.32,10.16,0.7,41.1,1.19,2.78,,,,13.06,,45.75,,,,,51.58,863.84,
2024-01-03 17:00:00,17.31,96.14,5.27,20.02,25.3,5.27,12.34,0.88,41.4,1.67,2.78,,,,8.99,,47.78,,,,,12.24,867.88,
2024-01-03 18:00:00,34.71,101.7,4.94,19.33,24.28,4.94,13.01,0.95,42.4,1.21,2.78,,,,1.92,,52.6,,,,,9.89,877.64,
2024-01-03 19:00:00,38.26,102.93,5.54,21.29,26.82,5.55,14.22,0.8,41.58,0.94,2.78,,,,1.17,,54.48,,,,,9.89,881.34,
2024-01-03 20:00:00,19.05,99.9,4.47,18.86,23.35,4.48,11.46,0.78,41.4,0.69,2.78,,,,1.33,,59.02,,,,,9.89,890.58,
2024-01-03 21:00:00,18.93,95.55,4.82,18.96,23.78,4.82,11.91,0.8,41.7,0.61,2.78,,,,0.6,,63.88,,,,,9.89,900.6,
2024-01-03 22:00:00,23.34,92.27,5.56,21.44,27.0,5.56,11.7,0.72,41.69,0.48,2.78,,,,0.51,,74.8,,,,,9.89,922.94,
2024-01-03 23:00:00,34.06,87.97,4.74,19.39,24.13,4.74,11.98,0.72,41.63,0.3,2.78,,,,0.32,,81.65,,,,,9.89,937.0,
2024-01-04 00:00:00,14.36,76.82,4.99,18.55,23.54,4.99,11.67,0.7,41.4,0.24,2.78,,,,0.23,,91.7,,,,,9.89,957.8,
2024-01-04 01:00:00,34.83,71.43,4.85,18.38,23.23,4.85,10.51,0.8,40.82,0.1,2.78,,,,0.2,,95.52,,,,,9.89,965.75,
2024-01-04 02:00:00,21.81,77.14,5.12,20.76,25.88,5.12,11.14,0.75,41.56,0.0,2.78,,,,0.15,,95.9,,,,,9.89,966.72,
2024-01-04 03:00:00,24.23,76.82,5.58,19.82,25.4,5.58,15.44,0.72,41.41,0.0,2.78,,,,0.12,,95.72,,,,,9.89,966.38,
2024-01-04 04:00:00,29.8,72.6,4.98,19.29,24.27,4.98,13.19,0.65,41.56,0.0,2.78,,,,0.11,,96.4,,,,,9.89,967.82,
2024-01-04 05:00:00,30.43,69.49,4.17,19.16,23.32,4.17,11.4,0.65,41.32,0.0,2.78,,,,0.1,,96.95,,,,,9.89,968.99,
2024-01-04 06:00:00,16.7,68.63,4.14,18.67,22.81,4.14,13.47,0.7,41.5,0.0,2.78,,,,0.09,,96.58,,,,,9.89,968.35,
2024-01-04 07:00:00,14.2,74.3,4.88,19.15,24.02,4.88,14.95,0.7,41.71,0.0,2.78,,,,0.09,,95.7,,,,,10.58,966.62,
2024-01-04 08:00:00,39.9,79.48,4.45,17.42,21.87,4.45,12.65,0.72,41.63,0.0,2.78,,,,0.09,,91.48,,,,,54.2,957.9,
2024-01-04 09:00:00,29.78,81.22,4.16,18.72,22.87,4.16,12.16,0.7,40.58,0.29,2.78,,,,0.24,,81.5,,,,,129.53,937.5,
2024-01-04 10:00:00,24.29,88.74,4.67,19.83,24.5,4.67,11.85,0.75,41.74,0.65,2.78,,,,0.39,,69.35,,,,,158.35,912.35,
2024-01-04 11:00:00,19.93,95.85,5.26,22.09,27.36,5.26,10.48,0.8,37.76,1.15,2.54,,,,0.4,,67.28,,,,,94.28,907.93,
2024-01-04 12:00:00,32.81,101.72,5.08,20.02,25.11,5.08,11.98,1.06,35.9,1.28,2.49,,,,0.44,,65.28,,,,,88.86,903.64,
2024-01-04 13:00:00,24.08,102.64,4.6,18.73,23.32,4.6,14.94,1.0,36.31,1.31,2.47,,,,0.44,,61.0,,,,,78.23,894.85,
2024-01-04 14:00:00,30.35,102.07,5.76,21.64,27.39,5.75,12.84,0.98,35.25,1.25,2.49,,,,0.43,,56.95,,,,,45.23,886.6,
2024-01-04 15:00:00,25.62,106.23,5.53,20.22,25.73,5.53,8.12,0.96,35.96,1.29,2.51,,,,0.44,,63.02,,,,,13.38,898.93,
2024-01-04 16:00:00,16.65,102.86,5.66,20.41,26.08,4.66,8.96,1.07,35.81,1.28,2.48,,,,0.44,,62.2,,,,,15.32,897.98,
2024-01-04 17:00:00,36.83,100.21,5.28,19.14,24.43,5.28,11.34,1.2,35.63,1.27,2.46,,,,0.44,,60.42,,,,,9.89,893.67,
2024-01-04 18:00:00,46.59,105.6,3.85,17.18,21.02,3.85,12.96,1.02,35.66,1.28,2.49,,,,0.43,,58.22,,,,,9.89,889.07,
2024-01-04 19:00:00,41.27,105.44,5.5,19.48,25.0,5.5,10.34,1.1,36.07,1.29,2.47,,,,0.44,,61.55,,,,,9.89,895.94,
2024-01-04 20:00:00,43.6,103.0,3.72,15.93,19.66,3.72,12.64,1.14,36.16,1.3,2.48,,,,0.44,,66.58,,,,,9.89,906.12,
2024-01-04 21:00:00,36.48,100.78,4.56,16.4,20.94,4.56,11.86,1.08,35.75,1.28,2.45,,,,0.44,,75.22,,,,,9.89,923.82,
2024-01-04 22:00:00,21.45,93.64,3.98,15.11,19.09,3.98,13.54,1.04,36.01,1.29,2.49,,,,0.44,,81.32,,,,,9.89,936.38,
2024-01-04 23:00:00,32.24,85.24,3.97,18.19,22.08,3.97,15.78,1.0,36.25,1.3,2.46,,,,0.44,,85.85,,,,,9.89,945.78,
2024-01-05 00:00:00,31.17,78.82,5.31,18.96,24.28,5.31,14.44,0.92,35.95,1.29,2.49,,,,0.44,,93.18,,,,,9.89,960.83,
2024-01-05 01:00:00,22.51,73.32,4.67,18.55,23.21,4.67,12.33,0.94,35.94,1.29,2.48,,,,0.44,,95.6,,,,,9.89,965.9,
2024-01-05 02:00:00,33.24,69.29,4.58,19.08,23.65,4.58,12.97,0.92,36.35,1.31,2.46,,,,0.44,,93.98,,,,,9.89,962.62,
2024-01-05 03:00:00,27.99,65.6,6.08,22.03,28.11,6.08,11.92,0.92,35.66,1.27,2.46,,,,0.44,,93.88,,,,,9.89,962.55,
2024-01-05 04:00:00,23.1,61.55,4.78,18.0,22.78,4.79,12.68,0.88,36.2,1.3,2.49,,,,0.44,,95.38,,,,,9.89,965.73,
2024-01-05 05:00:00,23.51,58.08,4.77,18.3,23.07,4.78,9.96,0.87,36.31,1.3,2.48,,,,0.44,,96.72,,,,,9.89,968.54,
2024-01-05 06:00:00,19.68,50.74,4.35,17.96,22.32,4.35,12.58,0.9,35.76,1.28,2.5,,,,0.45,,96.4,,,,,9.89,968.07,
2024-01-05 07:00:00,16.94,51.46,4.62,20.01,24.63,4.62,11.32,0.96,36.11,1.3,2.47,,,,0.45,,97.3,,,,,12.37,969.94,
2024-01-05 08:00:00,34.8,56.19,4.84,19.33,24.17,4.84,10.32,1.01,35.7,1.28,2.46,,,,0.44,,93.5,,,,,117.85,962.28,
2024-01-05 09:00:00,25.29,57.74,5.91,21.7,27.61,5.91,13.8,0.94,35.85,1.28,2.48,,,,0.44,,75.62,,,,,323.52,925.39,
2024-01-05 10:00:00,28.46,62.64,4.7,18.32,23.02,4.7,13.18,0.92,38.5,0.12,1.7,,,,0.34,,63.42,,,,,440.83,900.11,
2024-01-05 11:00:00,6.78,77.09,5.49,22.41,27.9,5.49,12.94,0.94,38.33,0.09,1.65,,,,0.34,,59.12,,,,,505.71,891.04,
2024-01-05 12:00:00,5.19,87.63,7.12,22.86,29.97,7.12,12.22,1.02,38.74,0.11,1.63,,,,0.34,,56.18,,,,,425.94,884.73,
2024-01-05 13:00:00,15.83,81.26,7.58,23.68,31.26,7.58,10.69,1.08,38.09,0.08,1.64,,,,0.34,,57.53,,,,,99.26,887.18,
2024-01-05 14:00:00,6.63,79.23,5.03,19.22,24.17,5.03,13.26,1.27,38.09,0.08,1.63,,,,0.34,,62.18,,,,,75.84,896.56,
2024-01-05 15:00:00,29.72,80.46,5.42,20.3,25.69,5.42,13.02,1.27,38.32,0.09,1.65,,,,0.34,,61.82,,,,,126.15,895.78,
2024-01-05 16:00:00,10.87,76.43,4.44,16.96,21.4,4.44,11.62,1.23,38.46,0.09,1.62,,,,0.33,,63.98,,,,,53.86,900.16,
2024-01-05 17:00:00,31.92,75.21,5.28,21.17,26.45,5.28,12.3,1.2,38.43,0.09,1.64,,,,0.34,,68.72,,,,,12.93,909.78,
2024-01-05 18:00:00,18.74,79.02,3.97,16.18,20.1,3.97,10.07,1.14,38.25,0.08,1.61,,,,0.34,,74.9,,,,,9.89,922.49,
2024-01-05 19:00:00,39.36,80.76,4.94,17.52,22.46,4.94,14.19,1.1,38.76,0.11,1.6,,,,0.34,,80.2,,,,,9.89,933.51,
2024-01-05 20:00:00,21.82,81.9,6.04,21.45,27.52,6.04,14.78,1.06,38.16,0.08,1.64,,,,0.34,,83.8,,,,,9.89,941.06,
2024-01-05 21:00:00,30.34,82.01,5.47,20.3,25.28,5.47,12.81,1.06,38.18,0.08,1.66,,,,0.34,,83.3,,,,,9.89,940.21,
2024-01-05 22:00:00,28.44,82.17,5.36,18.98,24.34,5.36,11.95,1.0,38.34,0.09,1.64,,,,0.34,,89.35,,,,,9.89,952.66,
2024-01-05 23:00:00,21.06,73.38,4.72,20.07,24.78,4.72,14.26,0.96,38.92,0.12,1.63,,,,0.34,,91.88,,,,,9.89,957.93,
2024-01-06 00:00:00,20.81,67.24,4.81,19.11,23.94,4.81,17.17,0.97,38.66,0.1,1.64,,,,0.34,,92.82,,,,,9.89,960.04,
2024-01-06 01:00:00,26.18,64.06,5.01,20.14,25.14,5.01,14.91,0.94,38.38,0.09,1.65,,,,0.34,,93.25,,,,,9.89,961.02,
2024-01-06 02:00:00,22.28,61.57,4.81,20.39,25.21,4.81,13.13,0.92,38.34,0.09,1.62,,,,0.33,,92.0,,,,,9.89,958.58,
2024-01-06 03:00:00,10.48,57.86,5.64,19.99,25.62,5.64,16.52,0.92,38.57,0.1,1.61,,,,0.34,,92.28,,,,,9.89,959.28,
2024-01-06 04:00:00,22.17,50.16,4.5,18.53,23.02,4.5,12.43,0.96,38.7,0.1,1.65,,,,0.34,,95.88,,,,,9.89,966.71,
2024-01-06 05:00:00,18.54,46.31,5.32,20.41,24.19,4.87,11.65,1.0,38.63,0.1,1.63,,,,0.34,,98.65,,,,,9.89,972.49,
2024-01-06 06:00:00,18.72,48.2,4.55,18.52,23.06,4.55,13.47,1.02,38.25,0.08,1.63,,,,0.34,,99.4,,,,,9.89,974.14,
2024-01-06 07:00:00,22.36,54.71,5.0,20.16,25.15,5.0,12.29,1.05,38.18,0.08,1.64,,,,0.33,,98.12,,,,,13.02,971.58,
2024-01-06 08:00:00,15.25,61.24,4.14,18.23,22.37,4.14,14.48,1.11,38.6,0.1,1.66,,,,0.34,,90.15,,,,,140.56,955.23,
2024-01-06 09:00:00,34.08,60.24,5.07,19.26,24.32,5.07,14.63,1.05,38.34,0.09,1.65,,,,0.34,,75.6,,,,,300.79,925.28,
2024-01-06 10:00:00,9.38,58.62,4.51,20.73,25.21,4.5,14.0,1.07,40.44,0.59,1.48,,,,0.31,,68.9,,,,,429.67,911.19,
2024-01-06 11:00:00,1.5,62.84,6.21,21.9,28.12,6.2,10.32,1.04,41.74,0.9,1.38,,,,0.28,,61.08,,,,,504.88,894.91,
2024-01-06 12:00:00,,69.84,7.61,24.86,32.47,7.61,13.58,1.07,41.78,0.9,1.38,,,,0.28,,54.4,,,,,496.02,881.23,
2024-01-06 13:00:00,7.2,70.86,7.83,24.1,31.91,7.82,14.81,1.3,41.58,0.9,1.23,,,,3.51,,51.08,,,,,376.24,874.1,
2024-01-06 14:00:00,10.38,68.9,5.66,23.39,28.95,5.65,16.04,1.36,41.48,0.88,1.04,,,,1.28,,46.38,,,,,329.64,864.57,
2024-01-06 15:00:00,23.02,68.32,4.81,18.26,23.06,4.81,12.31,1.38,41.41,1.97,1.14,,,,0.5,,47.18,,,,,87.76,866.17,
2024-01-06 16:00:00,25.9,69.5,4.45,18.88,23.25,4.44,12.17,1.33,41.52,2.35,1.14,,,,0.08,,52.62,,,,,29.8,876.94,
2024-01-06 17:00:00,16.28,72.46,5.24,19.08,24.24,5.24,13.72,1.49,41.71,1.06,1.23,,,,0.06,,59.5,,,,,9.89,890.67,
2024-01-06 18:00:00,33.2,72.88,4.02,17.14,21.07,4.02,14.88,1.4,41.73,0.72,1.24,,,,0.06,,65.65,,,,,9.89,903.16,
2024-01-06 19:00:00,15.69,71.5,3.12,15.34,18.35,3.12,13.17,1.25,42.1,0.56,1.09,,,,0.04,,70.8,,,,,9.89,913.81,
2024-01-06 20:00:00,25.24,74.99,4.11,17.19,21.26,4.11,11.4,0.98,41.1,0.48,1.06,,,,,,78.68,,,,,9.89,930.1,
2024-01-06 21:00:00,21.56,72.7,3.71,17.5,21.12,3.71,11.02,0.82,41.57,0.34,0.93,,,,,,83.5,,,,,9.89,940.2,
2024-01-06 22:00:00,22.51,64.71,4.81,17.17,21.98,4.81,11.0,0.81,41.84,0.26,1.01,,,,,,88.78,,,,,9.89,951.15,
2024-01-06 23:00:00,8.25,56.95,4.93,18.01,22.94,4.93,7.74,0.72,41.72,0.2,0.73,,,,,,92.45,,,,,9.89,958.79,
2024-01-07 00:00:00,13.78,52.78,3.71,18.26,21.97,3.71,10.26,0.69,41.48,0.13,0.56,,,,,,93.95,,,,,9.89,962.11,
2024-01-07 01:00:00,25.36,52.03,3.9,16.57,20.46,3.9,13.22,0.68,41.26,0.1,0.45,,,,,,94.25,,,,,9.89,962.84,
2024-01-07 02:00:00,19.0,48.14,4.22,18.89,23.1,4.23,11.64,0.68,41.52,0.1,0.4,,,,,,95.55,,,,,9.89,965.77,
2024-01-07 03:00:00,29.78,43.06,4.16,17.37,21.36,4.15,15.09,0.71,41.68,0.07,0.36,,,,,,96.08,,,,,9.89,966.96,
2024-01-07 04:00:00,26.83,38.6,4.21,18.5,22.7,4.21,13.78,0.9,41.66,0.06,0.4,,,,,,97.0,,,,,9.89,969.34,
2024-01-07 05:00:00,15.5,34.85,4.76,18.58,23.33,4.76,12.47,0.89,42.06,0.01,0.36,,,,,,98.08,,,,,9.89,971.78,
2024-01-07 06:00:00,32.55,40.94,4.7,18.67,23.36,4.7,8.43,0.92,41.54,0.04,0.48,,,,,,97.88,,,,,9.89,971.64,
2024-01-07 07:00:00,10.22,45.06,4.38,17.97,22.36,4.38,10.69,0.94,42.04,0.18,0.6,,,,,,96.75,,,,,17.47,969.58,
2024-01-07 08:00:00,17.64,48.85,4.53,20.73,25.26,4.53,11.79,0.96,41.71,0.0,0.75,,,,,,88.2,,,,,115.15,952.06,
2024-01-07 09:00:00,25.8,52.19,4.9,19.72,24.62,4.9,16.04,0.95,41.76,0.0,0.58,,,,,,66.18,,,,,336.5,906.96,
2024-01-07 10:00:00,20.91,49.02,4.94,18.45,23.38,4.94,12.19,0.93,41.6,0.13,0.63,,,,,,57.02,,,,,452.48,888.24,
2024-01-07 11:00:00,15.72,50.36,5.03,18.91,23.94,5.03,12.88,0.92,42.16,0.24,0.69,,,,,,52.82,,,,,510.74,879.16,
2024-01-07 12:00:00,7.85,53.62,5.3,19.84,25.15,5.3,11.84,0.97,41.65,0.4,0.68,,,,,,40.88,,,,,446.65,854.69,
2024-01-07 13:00:00,5.28,52.18,4.99,18.88,23.86,4.99,10.98,0.97,41.13,0.36,0.72,,,,,,34.65,,,,,494.88,841.8,
2024-01-07 14:00:00,5.22,52.36,6.19,22.29,28.48,6.19,9.56,1.01,41.72,0.22,0.68,,,,,,34.35,,,,,353.3,840.9,
2024-01-07 15:00:00,4.46,54.3,7.36,23.21,30.57,7.36,10.06,1.15,41.59,0.2,0.58,,,,,,35.75,,,,,196.02,843.6,
2024-01-07 16:00:00,,52.01,4.8,19.15,23.92,4.79,12.35,1.2,42.13,0.18,0.59,,,,,,44.08,,,,,23.67,860.37,
2024-01-07 17:00:00,8.91,45.56,3.96,17.54,21.48,3.97,11.65,1.17,41.42,0.16,0.65,,,,,,50.62,,,,,9.89,873.55,
2024-01-07 18:00:00,15.96,46.34,5.04,19.15,24.2,5.04,11.76,1.04,41.25,0.14,0.74,,,,,,62.68,,,,,9.89,897.9,
2024-01-07 19:00:00,17.02,50.9,4.96,18.65,23.61,4.96,11.54,0.99,41.1,0.1,0.73,,,,,,67.28,,,,,9.89,907.43,
2024-01-07 20:00:00,15.46,50.78,3.63,16.57,20.16,3.63,12.89,1.0,42.0,0.05,0.69,,,,,,73.28,,,,,9.89,919.79,
2024-01-07 21:00:00,20.53,51.62,4.71,18.02,22.76,4.72,12.42,0.98,41.65,0.0,0.6,,,,,,77.65,,,,,9.89,928.92,
2024-01-07 22:00:00,26.58,48.52,4.86,18.54,23.41,4.86,11.2,0.99,41.37,0.0,0.72,,,,,,86.1,,,,,9.89,946.53,
2024-01-07 23:00:00,19.68,45.78,4.08,18.5,22.58,4.08,11.53,0.94,41.4,0.0,0.65,,,,,,86.92,,,,,9.89,948.34,
2024-01-08 00:00:00,13.57,48.82,4.23,18.42,22.64,4.23,10.32,0.94,41.47,0.0,0.57,,,,,,94.35,,,,,9.89,963.82,
2024-01-08 01:00:00,30.02,49.06,5.59,21.29,26.88,5.59,13.32,0.96,41.65,0.0,0.6,,,,,,97.28,,,,,9.89,969.97,
2024-01-08 02:00:00,27.95,50.22,5.13,19.01,24.14,5.13,16.07,0.91,41.22,0.0,0.5,,,,,,98.62,,,,,9.89,972.6,
2024-01-08 03:00:00,16.42,51.48,5.22,20.18,25.4,5.22,14.7,0.88,41.31,0.0,0.46,,,,,,98.22,,,,,9.89,971.66,
2024-01-08 04:00:00,8.45,48.1,4.06,16.79,20.83,4.06,12.9,0.92,41.71,0.0,0.44,,,,,,98.28,,,,,9.89,972.28,
2024-01-08 05:00:00,25.44,48.84,4.81,18.85,23.62,4.81,10.25,0.92,41.88,0.0,0.5,,,,,,98.55,,,,,9.89,973.82,
2024-01-08 06:00:00,9.55,46.48,5.16,20.08,25.24,5.16,9.4,0.95,41.78,0.0,0.6,,,,,,98.55,,,,,9.89,973.92,
2024-01-08 07:00:00,25.18,39.54,5.66,20.76,26.42,5.66,10.11,0.98,41.67,0.0,0.7,,,,,,95.28,,,,,15.43,966.2,
2024-01-08 08:00:00,11.85,43.72,5.6,21.02,26.63,5.61,13.09,1.05,41.61,0.0,0.79,,,,,,91.88,,,,,27.93,958.81,
2024-01-08 09:00:00,5.76,47.41,5.8,19.04,24.84,5.8,15.64,1.0,41.16,0.32,1.1,,,,0.03,,88.7,,,,,45.4,952.11,
2024-01-08 10:00:00,9.44,47.45,4.39,19.08,23.47,4.39,17.45,1.01,41.69,0.59,1.12,,,,0.1,,83.0,,,,,38.24,940.41,
2024-01-08 11:00:00,15.46,59.98,6.16,22.68,28.86,6.17,14.06,1.12,41.52,0.64,1.09,,,,0.15,,79.6,,,,,43.36,933.43,
2024-01-08 12:00:00,40.2,62.86,4.86,19.26,24.11,4.85,17.49,1.16,41.3,0.84,1.92,,,,0.31,,87.68,,,,,23.71,949.84,
2024-01-08 13:00:00,29.4,52.8,4.62,19.79,24.42,4.62,15.48,1.09,41.78,0.58,1.87,,,,0.26,,99.38,,,,,184.18,973.82,
2024-01-08 14:00:00,14.54,52.17,3.97,17.01,21.18,4.28,13.36,1.05,41.67,0.42,1.63,,,,0.36,,99.27,,,,,121.95,973.71,
2024-01-08 15:00:00,31.72,54.3,4.3,17.98,22.28,4.3,11.9,0.98,42.04,0.39,1.35,,,,0.28,,96.1,,,,,90.14,968.21,
2024-01-08 16:00:00,30.96,49.07,3.57,16.99,20.56,3.57,12.9,0.93,42.32,0.39,1.1,,,,0.34,,96.68,,,,,15.77,969.56,
2024-01-08 17:00:00,35.62,46.44,5.43,20.41,25.84,5.43,13.26,0.98,42.46,0.71,1.28,,,,0.23,,99.08,,,,,9.89,974.68,
2024-01-08 18:00:00,16.09,38.33,4.97,19.03,24.0,4.97,13.09,1.03,41.43,0.36,1.28,,,,0.14,,97.8,,,,,9.89,971.83,
2024-01-08 19:00:00,11.86,38.29,5.29,20.1,25.38,5.29,12.9,0.98,41.88,0.47,1.14,,,,,,98.28,,,,,9.89,972.54,
2024-01-08 20:00:00,10.74,40.75,4.93,19.23,24.16,4.93,10.86,1.09,41.5,0.32,1.04,,,,,,99.43,,,,,9.89,975.03,
2024-01-08 21:00:00,13.42,39.68,5.06,20.55,25.62,5.06,12.2,1.08,40.12,0.21,0.92,,,,,,99.5,,,,,9.89,975.28,
2024-01-08 22:00:00,16.27,36.91,4.24,18.73,22.97,4.24,13.81,1.05,41.89,0.18,0.85,,,,,,99.5,,,,,9.89,975.48,
2024-01-08 23:00:00,31.11,36.59,4.36,17.87,22.24,4.36,11.24,0.99,28.94,0.12,0.56,,,,,,99.5,,,,,9.89,976.17,
2024-01-09 00:00:00,26.86,38.18,4.9,19.13,24.02,4.9,12.15,0.97,18.65,0.02,0.47,,,,,,99.5,,,,,9.89,976.3,
2024-01-09 01:00:00,22.07,39.7,4.76,19.41,24.17,4.76,12.86,0.97,18.78,0.0,0.4,,,,,,99.5,,,,,9.89,976.29,
2024-01-09 02:00:00,12.6,41.74,5.1,20.42,25.53,5.1,10.89,0.96,18.39,0.02,0.38,,,,,,99.5,,,,,9.89,976.28,
2024-01-09 03:00:00,27.65,42.79,5.26,20.22,25.48,5.26,12.82,0.94,18.81,0.0,0.31,,,,,,99.5,,,,,9.89,976.26,
2024-01-09 04:00:00,26.58,46.78,4.62,19.21,23.82,4.62,14.45,0.92,18.6,0.0,0.32,,,,,,99.5,,,,,9.89,976.26,
2024-01-09 05:00:00,20.21,48.08,5.48,20.26,25.73,5.48,12.79,0.96,18.79,0.0,0.5,,,,,,99.5,,,,,9.89,976.17,
2024-01-09 06:00:00,12.07,50.69,4.93,19.14,24.08,4.93,12.56,1.0,18.55,0.0,0.62,,,,,,99.5,,,,,9.89,975.97,
2024-01-09 07:00:00,19.63,60.49,4.6,19.05,23.65,4.6,13.27,1.06,18.07,0.08,0.82,,,,,,99.5,,,,,10.12,975.72,
2024-01-09 08:00:00,17.5,66.31,5.07,19.52,24.59,5.07,10.99,1.25,18.85,0.33,2.1,,,,,,97.12,,,,,56.41,970.82,
2024-01-09 09:00:00,27.63,68.63,5.06,18.69,23.75,5.06,11.77,1.08,18.89,0.33,1.36,,,,0.54,,91.78,,,,,94.78,960.02,
2024-01-09 10:00:00,41.76,73.95,4.89,18.25,23.14,4.89,12.19,0.98,26.93,0.36,1.02,,,,0.22,,71.7,,,,,235.12,918.86,
2024-01-09 11:00:00,17.56,83.13,5.32,21.02,26.34,5.32,10.32,0.75,38.82,0.64,0.89,,,,0.38,,54.58,,,,,382.52,883.1,
2024-01-09 12:00:00,10.32,89.6,5.91,21.3,27.2,5.91,9.9,0.71,38.6,0.93,0.88,,,,0.25,,50.4,,,,,174.56,874.2,
2024-01-09 13:00:00,11.86,88.57,4.29,17.93,22.2,4.29,13.08,0.74,37.8,0.66,0.92,,,,0.08,,52.15,,,,,156.32,877.55,
2024-01-09 14:00:00,24.25,86.53,5.77,22.02,27.79,5.77,14.48,0.92,38.74,0.96,1.6,,,,0.12,,48.82,,,,,165.33,870.68,
2024-01-09 15:00:00,,,6.07,22.44,28.52,6.06,11.32,0.97,38.87,1.13,2.9,,,,0.14,,53.32,,,,,106.18,879.67,
2024-01-09 16:00:00,,,4.34,18.1,22.42,4.33,10.06,0.86,38.44,0.63,2.4,,,,0.09,,53.52,,,,,56.4,880.12,
2024-01-09 17:00:00,35.84,84.8,5.08,20.0,25.08,5.08,11.67,0.83,38.65,0.54,2.1,,,,0.06,,51.97,,,,,14.36,877.01,
2024-01-09 18:00:00,38.22,83.74,5.15,19.56,24.72,5.14,15.37,0.79,33.99,0.39,1.62,,,,0.04,,53.62,,,,,9.89,880.48,
2024-01-09 19:00:00,32.4,84.37,5.16,20.16,25.32,5.16,9.18,0.8,16.82,0.34,2.03,,,,,,59.88,,,,,9.89,893.28,
2024-01-09 20:00:00,24.99,84.39,5.4,20.82,26.22,5.4,10.32,0.85,17.46,0.38,2.36,,,,,,63.25,,,,,9.89,900.32,
2024-01-09 21:00:00,35.64,97.74,4.7,20.7,25.4,4.7,15.28,0.78,16.94,0.26,1.3,,,,,,68.05,,,,,9.89,910.23,
2024-01-09 22:00:00,33.21,110.76,4.84,19.21,24.05,4.84,14.26,0.68,16.96,0.18,1.0,,,,,,70.03,,,,,9.89,914.38,
2024-01-09 23:00:00,35.81,100.34,4.08,20.14,24.21,4.08,10.6,0.68,16.83,0.09,0.74,,,,,,74.45,,,,,9.89,923.63,
2024-01-10 00:00:00,29.08,86.53,4.28,19.0,23.28,4.28,10.1,0.69,16.98,0.03,0.55,,,,,,84.15,,,,,9.89,943.76,
2024-01-10 01:00:00,29.65,83.81,4.28,18.71,22.99,4.28,12.3,0.75,16.99,0.0,0.51,,,,,,77.75,,,,,9.89,930.66,
2024-01-10 02:00:00,26.23,76.52,4.58,17.93,22.51,4.58,11.98,0.7,17.22,0.0,0.65,,,,,,72.4,,,,,9.89,919.98,
2024-01-10 03:00:00,27.9,66.04,5.15,20.08,25.23,5.15,13.35,0.66,16.75,0.0,0.62,,,,,,72.47,,,,,9.89,920.5,
2024-01-10 04:00:00,25.33,63.79,5.19,19.52,24.7,5.19,13.37,0.64,17.28,0.0,0.62,,,,,,77.6,,,,,9.89,930.98,
2024-01-10 05:00:00,23.58,64.74,5.75,21.95,27.71,5.76,10.86,0.65,16.98,0.0,0.64,,,,,,79.55,,,,,9.89,934.62,
2024-01-10 06:00:00,18.13,68.85,5.14,19.18,24.32,5.14,10.46,0.71,17.62,0.0,0.68,,,,,,84.02,,,,,9.89,943.55,
2024-01-10 07:00:00,11.64,70.63,4.97,19.84,24.81,4.97,12.21,0.74,17.08,0.0,0.79,,,,,,83.5,,,,,10.69,942.36,
2024-01-10 08:00:00,35.31,74.13,5.11,19.94,25.04,5.11,13.76,0.72,25.96,0.0,0.93,,,,,,68.97,,,,,191.2,912.43,
2024-01-10 09:00:00,27.6,74.63,5.66,21.44,27.09,5.66,12.2,0.65,42.18,0.05,0.9,,,,,,52.7,,,,,314.16,879.1,
2024-01-10 10:00:00,13.18,75.67,5.35,19.96,25.32,5.36,12.02,0.59,43.92,0.23,0.83,,,,,,45.1,,,,,313.52,863.53,
2024-01-10 11:00:00,10.32,83.89,5.32,20.88,26.2,5.32,13.12,0.6,43.1,0.24,0.76,,,,,,41.08,,,,,340.58,855.16,
2024-01-10 12:00:00,14.18,87.08,4.81,18.3,23.11,4.81,10.86,0.68,42.04,0.54,0.77,,,,0.03,,38.88,,,,,245.13,850.42,
2024-01-10 13:00:00,14.06,88.14,5.01,18.77,23.78,5.01,12.45,0.69,42.9,0.29,0.76,,,,,,36.3,,,,,184.25,845.11,
2024-01-10 14:00:00,37.28,91.85,5.09,19.34,24.43,5.09,15.42,0.7,42.73,0.34,0.76,,,,0.03,,38.92,,,,,114.34,850.3,
2024-01-10 15:00:00,34.08,89.59,4.66,18.54,23.19,4.66,14.01,0.72,42.69,0.64,0.8,,,,0.06,,39.35,,,,,93.67,850.96,
2024-01-10 16:00:00,14.8,90.32,5.28,18.8,24.0,5.28,9.42,0.72,42.99,0.6,0.89,,,,0.08,,43.32,,,,,34.89,859.04,
2024-01-10 17:00:00,22.03,90.31,5.22,20.19,25.34,5.22,9.86,0.86,42.89,0.63,1.26,,,,0.07,,47.75,,,,,9.89,867.86,
2024-01-10 18:00:00,57.35,90.22,4.04,17.01,21.05,4.03,12.57,0.83,42.17,0.41,1.15,,,,0.02,,52.9,,,,,9.89,878.25,
2024-01-10 19:00:00,37.06,95.12,4.18,19.02,23.21,4.18,11.38,0.74,42.67,0.35,1.31,,,,,,60.18,,,,,9.89,892.96,
2024-01-10 20:00:00,40.16,94.23,5.01,18.44,23.44,5.0,11.26,0.8,42.77,1.34,1.52,,,,,,63.75,,,,,9.89,900.31,
2024-01-10 21:00:00,35.36,94.96,3.92,17.12,21.04,3.92,14.74,0.75,42.8,0.39,1.12,,,,,,66.1,,,,,9.89,905.29,
2024-01-10 22:00:00,33.6,94.52,4.56,19.13,23.71,4.56,13.48,0.76,43.0,0.22,0.93,,,,,,70.88,,,,,9.89,915.08,
2024-01-10 23:00:00,30.52,90.11,4.6,17.63,22.22,4.6,13.94,0.69,43.39,0.18,0.76,,,,,,76.45,,,,,9.89,926.53,
2024-01-11 00:00:00,34.91,87.21,4.9,18.59,23.48,4.9,13.17,0.68,42.72,0.15,0.65,,,,,,84.55,,,,,9.89,943.22,
2024-01-11 01:00:00,28.84,86.7,5.15,20.04,25.19,5.14,14.16,0.59,42.67,0.13,0.57,,,,,,92.6,,,,,9.89,959.83,
2024-01-11 02:00:00,37.07,82.69,4.11,18.37,22.47,4.11,14.06,0.7,42.58,0.12,0.6,,,,,,97.45,,,,,9.89,969.82,
2024-01-11 03:00:00,24.5,78.36,5.09,19.56,24.64,5.09,12.38,0.64,43.9,0.14,0.64,,,,,,99.4,,,,,9.89,974.03,
2024-01-11 04:00:00,27.02,74.63,4.93,18.78,23.71,4.93,11.54,0.6,42.88,0.05,0.45,,,,,,98.65,,,,,9.89,972.53,
2024-01-11 05:00:00,37.81,72.21,4.57,18.73,23.3,4.57,11.32,0.62,43.55,0.04,0.44,,,,,,99.15,,,,,9.89,973.74,
2024-01-11 06:00:00,31.22,74.94,4.14,18.18,22.32,4.14,11.38,0.69,42.84,0.1,0.81,,,,,,97.78,,,,,9.89,970.92,
2024-01-11 07:00:00,35.53,80.5,4.0,18.33,22.34,4.0,11.07,0.7,42.56,0.0,1.0,,,,,,91.2,,,,,12.17,957.64,
2024-01-11 08:00:00,38.67,86.69,5.27,20.24,25.52,5.27,9.57,0.74,42.81,0.04,1.03,,,,,,74.03,,,,,210.12,922.51,
2024-01-11 09:00:00,23.73,91.47,5.25,19.21,24.46,5.25,13.2,0.7,42.12,0.31,1.11,,,,,,51.72,,,,,399.25,876.89,
2024-01-11 10:00:00,33.78,93.78,5.07,18.81,23.9,5.07,15.17,0.64,40.39,0.32,0.92,,,,,,44.28,,,,,491.72,861.63,
2024-01-11 11:00:00,25.06,94.1,5.76,22.05,27.79,5.76,14.04,0.64,36.41,0.41,0.87,,,,0.03,,38.95,,,,,577.12,850.48,
2024-01-11 12:00:00,15.86,42.78,5.68,21.26,26.96,5.68,16.19,0.74,34.88,0.68,0.84,,,,0.48,,34.93,,,,,574.73,841.78,
2024-01-11 13:00:00,33.95,69.2,6.71,23.48,30.12,6.7,13.45,0.83,37.36,0.57,0.97,,,,0.52,,32.55,,,,,544.03,837.0,
2024-01-11 14:00:00,51.16,112.21,8.04,22.48,30.49,8.04,12.8,1.0,37.4,0.87,1.38,,,,0.42,,31.45,,,,,447.95,834.62,
2024-01-11 15:00:00,53.47,117.99,5.29,19.64,24.92,5.3,15.84,1.02,36.71,1.36,1.89,,,,0.18,,29.72,,,,,311.68,831.05,
2024-01-11 16:00:00,53.64,118.42,6.19,22.6,28.8,6.19,12.67,1.05,37.16,1.0,1.32,,,,0.87,,34.83,,,,,157.72,841.23,
2024-01-11 17:00:00,54.49,120.56,3.51,14.86,18.2,3.51,13.34,1.24,36.79,1.61,1.96,,,,1.01,,40.25,,,,,15.65,852.2,
2024-01-11 18:00:00,57.87,128.99,4.61,18.37,22.86,4.61,10.82,1.21,36.41,1.1,1.92,,,,0.84,,43.98,,,,,9.89,859.75,
2024-01-11 19:00:00,58.18,129.76,3.34,15.11,18.43,3.34,11.35,1.07,37.43,0.75,1.9,,,,0.44,,49.75,,,,,9.89,871.34,
2024-01-11 20:00:00,55.89,124.04,3.06,17.03,20.02,3.06,12.62,0.8,36.55,0.8,1.63,,,,0.39,,57.12,,,,,9.89,886.26,
2024-01-11 21:00:00,54.02,119.37,4.71,17.17,21.79,4.71,12.82,0.74,36.52,0.46,1.33,,,,,,66.6,,,,,9.89,905.71,
2024-01-11 22:00:00,52.81,116.34,4.0,16.36,20.34,4.0,11.84,0.54,36.72,0.36,1.17,,,,,,71.85,,,,,9.89,916.56,
2024-01-11 23:00:00,51.36,112.72,4.09,18.38,22.42,4.1,10.17,0.42,36.88,0.27,0.84,,,,,,76.7,,,,,9.89,926.59,
2024-01-12 00:00:00,47.55,103.2,5.71,19.31,25.02,5.71,11.43,0.39,37.41,0.22,0.78,,,,,,82.58,,,,,9.89,938.64,
2024-01-12 01:00:00,44.78,96.26,3.59,15.42,18.96,3.58,13.63,0.35,38.05,0.19,0.77,,,,,,88.98,,,,,9.89,952.06,
2024-01-12 02:00:00,43.96,94.23,4.35,18.85,23.18,4.36,8.53,0.33,36.39,0.15,0.72,,,,,,84.92,,,,,9.89,943.97,
2024-01-12 03:00:00,41.94,89.16,4.76,18.92,23.66,4.76,14.96,0.43,36.86,0.11,0.59,,,,,,76.75,,,,,9.89,927.3,
2024-01-12 04:00:00,40.26,84.97,3.42,16.76,19.99,3.42,15.92,0.72,36.38,0.11,0.52,,,,,,76.08,,,,,9.89,926.56,
2024-01-12 05:00:00,39.17,82.26,5.18,18.12,23.3,5.18,14.53,0.71,36.26,0.09,0.55,,,,,,73.92,,,,,9.89,922.46,
2024-01-12 06:00:00,39.0,81.82,4.2,17.82,22.04,4.2,13.65,0.78,36.42,0.01,0.58,,,,,,74.62,,,,,9.89,924.13,
2024-01-12 07:00:00,40.66,85.98,4.89,18.92,23.81,4.89,10.69,0.86,37.98,0.0,0.82,,,,,,76.08,,,,,9.91,927.39,
2024-01-12 08:00:00,46.63,100.9,4.24,18.2,22.44,4.24,9.13,0.94,37.26,0.0,1.29,,,,,,67.7,,,,,179.31,910.31,
2024-01-12 09:00:00,50.79,111.3,5.0,18.26,23.26,5.0,12.0,0.82,36.62,0.29,1.1,,,,0.23,,53.62,,,,,379.16,881.65,
2024-01-12 10:00:00,50.15,109.7,5.34,19.81,25.16,5.34,12.27,0.76,35.73,0.36,1.04,,,,0.66,,43.15,,,,,505.55,859.93,
2024-01-12 11:00:00,52.37,115.24,5.84,21.19,27.03,5.84,14.19,0.72,37.4,0.62,0.92,,,,0.44,,37.75,,,,,577.69,848.49,
2024-01-12 12:00:00,24.15,44.79,6.2,22.91,29.11,18.98,14.03,0.7,37.78,0.55,0.85,,,,0.9,,36.42,,,,,602.71,845.53,
2024-01-12 13:00:00,62.88,141.53,5.68,21.5,27.13,20.68,13.34,0.71,36.44,0.55,0.88,,,,0.69,,34.33,,,,,539.33,841.05,
2024-01-12 14:00:00,67.46,152.96,5.01,20.87,25.88,20.01,13.93,0.76,37.15,0.51,0.82,,,,0.75,,33.2,,,,,445.2,838.6,
2024-01-12 15:00:00,63.76,143.72,6.24,21.45,27.7,21.25,13.56,0.84,36.16,0.6,1.01,,,,0.44,,32.95,,,,,305.43,838.0,
2024-01-12 16:00:00,62.21,139.85,5.17,19.53,24.72,20.18,12.96,0.96,36.42,0.63,0.76,,,,0.78,,36.1,,,,,152.0,844.37,
2024-01-12 17:00:00,60.58,135.76,4.28,17.69,21.98,19.28,10.96,1.05,37.47,0.86,0.98,,,,0.76,,39.4,,,,,27.14,850.87,
2024-01-12 18:00:00,59.96,134.24,3.78,17.04,20.77,18.78,13.34,1.0,36.73,0.94,1.15,,,,0.54,,47.35,,,,,9.89,867.16,
2024-01-12 19:00:00,60.5,135.59,3.96,17.11,21.04,18.95,11.11,0.86,37.08,0.52,1.28,,,,0.44,,52.62,,,,,9.89,877.99,
2024-01-12 20:00:00,60.57,135.74,4.65,19.64,24.28,19.64,9.28,0.81,37.64,0.41,1.29,,,,,,61.8,,,,,9.89,896.64,
2024-01-12 21:00:00,59.48,133.02,4.72,18.79,23.52,19.72,7.6,0.82,37.22,0.31,1.2,,,,,,67.75,,,,,9.89,909.11,
2024-01-12 22:00:00,58.99,131.8,4.47,18.29,22.76,19.47,13.86,0.74,36.71,0.24,1.04,,,,,,76.28,,,,,9.89,926.77,
2024-01-12 23:00:00,60.44,135.42,5.02,19.25,24.26,20.02,14.42,0.74,38.02,0.19,0.86,,,,,,85.58,,,,,9.89,946.02,
2024-01-13 00:00:00,58.73,131.16,4.68,20.76,25.44,19.68,9.39,0.75,36.95,0.15,0.74,,,,,,93.25,,,,,9.89,962.1,
2024-01-13 01:00:00,57.7,128.56,4.3,18.71,23.0,19.3,11.24,0.73,36.8,0.12,0.68,,,,,,96.95,,,,,9.89,969.88,
2024-01-13 02:00:00,56.83,126.38,4.64,18.06,22.7,19.64,11.64,0.71,36.65,0.11,0.63,,,,,,97.9,,,,,9.89,972.02,
2024-01-13 03:00:00,55.86,123.96,5.36,18.62,23.98,20.36,11.19,0.68,36.52,0.09,0.57,,,,,,98.62,,,,,9.89,973.7,
2024-01-13 04:00:00,53.6,118.31,4.65,19.08,23.73,19.65,14.12,0.73,36.28,0.03,0.45,,,,,,98.72,,,,,9.89,974.12,
2024-01-13 05:00:00,53.08,117.03,5.02,19.56,24.58,20.02,13.74,0.8,36.43,0.0,0.58,,,,,,98.8,,,,,9.89,974.47,
2024-01-13 06:00:00,52.56,115.71,4.54,19.06,23.6,19.54,10.33,0.91,37.66,0.19,1.06,,,,,,99.45,,,,,9.89,975.72,
2024-01-13 07:00:00,50.46,110.47,4.25,16.79,21.03,19.24,12.77,0.94,36.98,0.06,1.27,,,,,,98.8,,,,,18.24,974.53,
2024-01-13 08:00:00,59.43,132.9,5.06,19.51,24.44,19.91,14.54,1.03,36.43,0.0,1.67,,,,,,89.6,,,,,127.34,955.62,
2024-01-13 09:00:00,64.54,145.68,4.47,18.42,22.9,19.47,12.72,0.96,36.95,0.19,1.36,,,,,,72.47,,,,,281.45,920.34,
2024-01-13 10:00:00,63.04,141.9,5.29,20.67,25.97,20.29,11.6,0.82,37.18,0.4,1.24,,,,,,67.1,,,,,375.58,908.95,
2024-01-13 11:00:00,63.46,142.98,5.33,19.59,24.92,20.33,13.59,0.73,36.34,0.3,1.06,,,,0.51,,58.85,,,,,522.69,891.68,
2024-01-13 12:00:00,60.6,135.83,5.83,20.31,26.28,20.82,16.29,0.69,37.09,0.69,1.09,,,,0.86,,47.83,,,,,552.91,869.0,
2024-01-13 13:00:00,58.48,130.5,6.22,20.78,27.0,21.22,12.27,0.67,37.68,0.69,1.1,,,,0.58,,45.2,,,,,456.9,863.34,
2024-01-13 14:00:00,59.86,133.96,6.56,23.04,29.59,21.56,10.07,0.7,36.74,1.51,1.52,,,,0.54,,39.67,,,,,383.88,851.99,
2024-01-13 15:00:00,57.05,126.94,5.83,21.48,27.31,20.83,14.21,0.75,37.22,1.25,1.34,,,,0.82,,39.05,,,,,259.27,850.51,
2024-01-13 16:00:00,59.31,132.6,4.74,19.02,23.76,19.74,14.48,0.76,37.01,1.29,1.19,,,,0.89,,40.83,,,,,124.8,853.96,
2024-01-13 17:00:00,62.69,141.04,4.44,18.48,22.91,19.44,12.07,1.01,36.57,1.68,1.62,,,,0.76,,46.53,,,,,20.62,865.44,
2024-01-13 18:00:00,63.94,144.18,4.47,18.05,22.51,19.47,13.52,0.94,37.76,1.22,1.81,,,,1.07,,51.92,,,,,9.89,876.37,
2024-01-13 19:00:00,65.12,147.11,3.77,16.94,20.7,18.76,16.46,0.83,37.48,0.7,1.52,,,,0.66,,54.5,,,,,9.89,881.66,
2024-01-13 20:00:00,68.01,154.35,4.44,19.48,23.93,19.45,13.8,0.88,37.37,0.6,1.47,,,,0.5,,58.02,,,,,9.89,888.98,
2024-01-13 21:00:00,68.19,154.8,4.11,16.96,21.03,19.11,13.87,0.8,35.74,0.51,1.19,,,,,,64.22,,,,,9.89,901.74,
2024-01-13 22:00:00,60.43,135.4,4.68,19.32,23.99,19.67,11.92,0.84,37.48,0.4,1.13,,,,,,71.53,,,,,9.89,916.83,
2024-01-13 23:00:00,60.42,135.39,4.14,18.48,22.62,19.14,12.46,0.81,36.14,0.31,1.04,,,,,,77.18,,,,,9.89,928.72,
2024-01-14 00:00:00,59.0,131.82,4.88,18.37,23.25,19.88,13.8,0.77,37.1,0.25,0.88,,,,,,80.42,,,,,9.89,935.6,
2024-01-14 01:00:00,59.14,132.18,5.14,19.95,25.08,20.14,11.6,0.72,36.3,0.2,0.84,,,,,,84.18,,,,,9.89,943.51,
2024-01-14 02:00:00,60.41,135.35,5.13,19.25,24.39,20.14,9.18,0.7,36.24,0.15,0.78,,,,,,89.8,,,,,9.89,955.23,
2024-01-14 03:00:00,58.25,129.94,5.81,21.78,27.59,20.81,11.65,0.7,37.49,0.12,0.75,,,,,,95.22,,,,,9.89,966.46,
2024-01-14 04:00:00,56.75,126.18,4.61,20.27,24.88,19.61,10.89,0.72,36.83,0.11,0.75,,,,,,98.32,,,,,9.89,972.99,
2024-01-14 05:00:00,57.52,128.11,4.92,18.16,23.08,19.92,13.56,0.81,36.5,0.0,1.54,,,,,,99.35,,,,,9.89,975.31,
2024-01-14 06:00:00,60.17,134.74,5.03,18.59,23.63,20.03,10.56,0.88,36.94,0.0,2.37,,,,,,99.48,,,,,9.89,975.66,
2024-01-14 07:00:00,68.51,155.6,5.09,19.72,24.81,20.09,11.44,0.94,37.81,0.0,3.0,,,,,,97.78,,,,,13.84,972.32,
2024-01-14 08:00:00,76.87,176.51,4.65,18.5,23.15,19.65,13.94,0.92,37.36,0.0,2.68,,,,,,78.92,,,,,139.23,933.44,
2024-01-14 09:00:00,72.68,166.03,4.31,18.86,23.16,19.31,12.88,0.82,37.56,0.0,1.79,,,,,,58.55,,,,,331.47,891.44,
2024-01-14 10:00:00,70.07,159.5,5.22,20.34,25.57,20.22,15.8,0.72,35.93,0.06,1.19,,,,,,48.08,,,,,470.52,869.84,
2024-01-14 11:00:00,60.12,134.61,5.73,19.77,25.51,20.72,14.01,0.64,38.2,0.09,0.92,,,,,,41.12,,,,,551.55,855.44,
2024-01-14 12:00:00,57.06,126.97,6.12,21.95,28.08,21.12,11.3,0.72,36.57,0.14,0.83,,,,,,37.45,,,,,564.68,847.61,
2024-01-14 13:00:00,57.61,128.35,7.02,23.85,30.88,22.02,12.3,0.72,36.53,0.23,0.9,,,,,,32.28,,,,,529.37,836.77,
2024-01-14 14:00:00,55.04,121.92,6.04,22.79,28.82,21.05,10.74,0.81,37.82,0.3,0.92,,,,,,30.45,,,,,431.41,832.86,
2024-01-14 15:00:00,53.43,117.9,6.12,22.72,28.8,21.12,15.06,0.92,36.43,0.25,0.79,,,,,,31.0,,,,,289.61,833.85,
2024-01-14 16:00:00,55.11,122.11,5.05,18.05,23.1,20.05,13.93,0.92,36.64,0.18,0.72,,,,,,33.12,,,,,137.9,838.16,
2024-01-14 17:00:00,55.55,123.19,4.95,20.4,25.36,19.95,12.01,0.93,35.92,0.14,0.72,,,,,,38.58,,,,,22.49,849.14,
2024-01-14 18:00:00,53.34,117.67,4.37,18.39,22.76,19.37,13.09,0.94,36.58,0.14,0.72,,,,,,44.8,,,,,9.89,861.79,
2024-01-14 19:00:00,53.73,118.65,3.47,15.81,19.27,18.47,11.82,0.91,37.07,0.16,0.88,,,,,,48.52,,,,,9.89,869.47,
2024-01-14 20:00:00,55.54,123.17,4.86,19.84,24.67,19.86,10.02,0.67,36.72,0.07,0.92,,,,,,51.98,,,,,9.89,876.64,
2024-01-14 21:00:00,58.12,129.63,4.0,16.66,20.66,19.0,13.97,0.6,35.37,0.0,0.78,,,,,,55.82,,,,,9.89,884.46,
2024-01-14 22:00:00,58.48,130.52,4.32,18.95,23.28,19.32,14.32,0.6,36.9,0.0,1.14,,,,,,66.97,,,,,9.89,907.36,
2024-01-14 23:00:00,61.37,137.74,4.73,19.27,24.0,19.73,10.9,0.55,37.19,0.0,1.02,,,,,,75.85,,,,,9.89,925.59,
2024-01-15 00:00:00,60.3,135.07,4.57,18.66,23.23,19.57,15.13,0.56,37.53,0.0,0.97,,,,,,80.75,,,,,9.89,935.89,
2024-01-15 01:00:00,60.69,136.05,4.81,19.79,24.61,19.81,15.96,0.55,36.19,0.0,0.89,,,,,,84.18,,,,,9.89,943.12,
2024-01-15 02:00:00,59.34,132.65,4.54,18.81,23.35,19.54,15.55,0.55,37.22,0.0,0.78,,,,,,88.58,,,,,9.89,952.4,
2024-01-15 03:00:00,62.56,140.72,3.88,17.02,20.9,18.88,11.53,0.59,36.52,0.0,0.76,,,,,,92.15,,,,,9.89,960.03,
2024-01-15 04:00:00,55.42,122.88,5.09,19.24,24.33,20.08,12.41,0.74,37.33,0.0,0.8,,,,,,92.92,,,,,9.89,962.14,
2024-01-15 05:00:00,58.12,129.6,4.01,18.43,22.44,19.01,12.47,0.84,36.72,0.0,0.91,,,,,,93.82,,,,,9.89,963.93,
2024-01-15 06:00:00,62.36,140.22,4.72,18.51,23.24,19.72,13.54,0.88,36.99,0.0,1.27,,,,,,93.0,,,,,9.89,962.41,
2024-01-15 07:00:00,61.46,137.97,4.86,19.56,24.41,19.86,14.51,0.92,36.46,0.0,1.54,,,,,,88.25,,,,,13.86,952.73,
2024-01-15 08:00:00,61.56,138.21,4.82,19.41,24.23,19.82,12.41,0.91,37.51,0.0,1.5,,,,,,72.85,,,,,125.88,920.93,
2024-01-15 09:00:00,66.29,150.04,4.49,19.17,23.66,19.49,11.53,0.86,36.81,0.0,1.23,,,,,,62.08,,,,,299.24,898.76,
2024-01-15 10:00:00,67.54,153.17,5.72,21.68,27.4,20.72,10.43,0.76,37.51,0.0,1.24,,,,,,52.42,,,,,447.33,878.69,
2024-01-15 11:00:00,64.71,146.1,4.69,18.74,23.44,19.69,9.92,0.67,37.06,0.0,0.96,,,,,,43.3,,,,,546.91,859.82,
2024-01-15 12:00:00,59.2,132.31,6.35,23.18,29.53,21.35,11.64,0.7,36.34,0.0,0.93,,,,,,37.62,,,,,585.34,848.0,
2024-01-15 13:00:00,59.5,133.06,5.44,22.39,27.82,20.44,12.98,0.7,37.36,0.0,0.84,,,,,,34.52,,,,,540.67,841.29,
2024-01-15 14:00:00,61.3,137.55,5.22,19.52,24.73,20.22,13.05,0.74,36.44,0.03,0.68,,,,,,28.8,,,,,441.51,829.54,
2024-01-15 15:00:00,56.52,125.63,6.07,21.64,27.68,21.06,15.53,0.83,36.46,0.01,0.74,,,,,,25.58,,,,,310.47,822.82,
2024-01-15 16:00:00,53.41,117.85,5.91,20.92,26.83,20.9,13.23,0.88,36.32,0.02,0.59,,,,,,28.6,,,,,151.73,828.92,
2024-01-15 17:00:00,51.23,112.4,4.39,17.29,21.68,19.39,12.63,0.89,37.02,0.09,0.57,,,,,,31.42,,,,,26.6,834.63,
2024-01-15 18:00:00,49.64,108.42,4.49,16.34,20.66,19.48,11.32,0.96,37.66,0.11,0.79,,,,,,35.78,,,,,9.89,843.52,
2024-01-15 19:00:00,50.3,110.07,3.43,16.46,19.8,18.43,7.81,1.03,37.16,0.3,1.49,,,,,,41.28,,,,,9.89,854.79,
2024-01-15 20:00:00,57.05,126.95,4.08,17.69,21.77,19.1,10.52,0.8,36.28,0.12,1.56,,,,,,49.58,,,,,9.89,871.64,
2024-01-15 21:00:00,62.82,141.36,3.81,17.19,21.0,18.81,13.88,0.68,36.82,0.0,0.85,,,,,,59.6,,,,,9.89,892.1,
2024-01-15 22:00:00,59.94,134.16,3.91,18.65,22.56,18.91,12.92,0.62,37.06,0.0,0.82,,,,,,66.75,,,,,9.89,906.9,
2024-01-15 23:00:00,60.26,134.97,4.0,17.02,20.92,19.0,13.43,0.6,36.92,0.0,0.88,,,,,,74.8,,,,,9.89,923.56,
2024-01-16 00:00:00,58.88,131.54,4.69,18.72,23.4,19.69,13.3,0.57,37.15,0.0,0.79,,,,,,83.82,,,,,9.89,942.28,
2024-01-16 01:00:00,58.4,130.32,4.49,19.4,23.88,19.49,11.95,0.57,36.88,0.0,0.69,,,,,,92.32,,,,,9.89,959.93,
2024-01-16 02:00:00,59.02,131.88,4.22,17.98,22.19,19.22,11.75,0.56,36.94,0.0,0.66,,,,,,96.12,,,,,9.89,967.96,
2024-01-16 03:00:00,56.62,125.87,5.02,19.96,24.97,20.02,10.67,0.56,35.77,0.0,0.61,,,,,,95.22,,,,,9.89,966.36,
2024-01-16 04:00:00,55.55,123.19,4.41,17.4,21.81,19.41,10.16,0.67,36.79,0.0,0.58,,,,,,96.38,,,,,9.89,968.94,
2024-01-16 05:00:00,55.43,122.9,4.6,17.99,22.59,19.6,10.86,0.68,36.53,0.0,0.62,,,,,,98.42,,,,,9.89,973.33,
2024-01-16 06:00:00,56.78,126.27,4.42,19.76,24.18,19.42,9.5,0.75,36.14,0.0,0.67,,,,,,97.98,,,,,9.89,972.5,
2024-01-16 07:00:00,56.81,126.35,4.85,19.47,24.32,19.85,11.18,0.79,36.4,0.0,0.8,,,,,,94.52,,,,,14.72,965.58,
2024-01-16 08:00:00,58.72,131.12,4.53,17.74,22.28,19.53,12.9,0.82,36.89,0.0,1.04,,,,,,78.92,,,,,119.78,933.57,
2024-01-16 09:00:00,60.07,134.5,4.73,18.54,23.26,19.73,13.25,0.82,37.39,0.12,0.97,,,,,,62.82,,,,,300.13,900.42,
2024-01-16 10:00:00,59.76,133.72,5.27,18.55,23.81,20.27,11.08,0.73,35.87,0.22,0.95,,,,0.3,,54.22,,,,,451.52,882.47,
2024-01-16 11:00:00,59.7,133.6,5.28,21.85,27.13,20.28,10.4,0.68,35.89,0.26,0.82,,,,,,47.58,,,,,532.3,868.62,
2024-01-16 12:00:00,59.58,133.27,5.0,20.76,25.78,20.0,11.45,0.65,35.91,0.54,0.98,,,,0.43,,40.6,,,,,540.65,854.21,
2024-01-16 13:00:00,64.68,146.03,5.88,21.43,27.32,20.88,15.59,0.64,36.82,0.45,1.02,,,,0.57,,36.48,,,,,483.42,845.56,
2024-01-16 14:00:00,64.1,144.56,6.31,20.5,26.8,21.31,13.68,0.68,37.35,0.54,1.07,,,,0.44,,33.17,,,,,420.44,838.54,
2024-01-16 15:00:00,62.68,141.02,5.02,19.62,24.63,20.02,9.57,0.75,36.83,0.44,1.04,,,,0.39,,30.45,,,,,266.99,832.86,
2024-01-16 16:00:00,61.78,138.77,6.72,22.59,29.31,21.72,11.82,0.86,37.25,0.48,0.92,,,,0.56,,29.1,,,,,125.67,830.0,
2024-01-16 17:00:00,60.14,134.68,5.63,19.22,24.83,20.63,12.14,1.08,36.62,1.18,1.47,,,,1.39,,34.25,,,,,22.52,840.48,
2024-01-16 18:00:00,66.02,149.36,3.45,17.65,21.1,18.45,13.07,0.97,36.76,0.94,1.95,,,,2.17,,39.02,,,,,9.89,850.22,
2024-01-16 19:00:00,81.39,187.8,3.81,17.76,21.56,18.81,12.08,1.01,37.76,0.88,1.92,,,,2.38,,42.2,,,,,9.89,856.78,
2024-01-16 20:00:00,89.79,208.8,4.81,18.45,23.24,19.81,12.57,1.11,36.86,1.74,3.25,,,,2.57,,45.72,,,,,9.89,864.01,
2024-01-16 21:00:00,87.93,204.14,4.84,19.6,24.43,19.84,12.6,0.8,36.53,0.53,1.72,,,,0.88,,56.6,,,,,9.89,886.15,
2024-01-16 22:00:00,83.68,193.54,5.29,19.84,25.13,20.29,13.8,0.74,36.8,0.36,1.21,,,,0.62,,66.22,,,,,9.89,905.96,
2024-01-16 23:00:00,71.18,162.28,4.7,18.94,23.63,19.7,12.08,0.68,36.94,0.26,0.94,,,,0.45,,71.58,,,,,9.89,917.09,
2024-01-17 00:00:00,61.88,139.0,5.32,19.13,24.45,20.32,11.18,0.62,36.68,0.2,0.81,,,,,,76.03,,,,,9.89,926.39,
2024-01-17 01:00:00,56.89,126.52,4.36,17.34,21.7,19.36,13.61,0.61,38.08,0.15,0.7,,,,,,81.5,,,,,9.89,937.72,
2024-01-17 02:00:00,52.33,115.16,4.63,19.72,24.34,19.63,13.47,0.64,36.69,0.1,0.6,,,,,,91.0,,,,,9.89,957.44,
2024-01-17 03:00:00,52.9,116.58,4.9,18.44,23.34,19.9,13.46,0.64,37.16,0.04,0.49,,,,,,94.95,,,,,9.89,965.8,
2024-01-17 04:00:00,48.84,106.41,5.08,19.92,25.0,20.08,14.94,0.69,37.8,0.06,0.51,,,,,,95.28,,,,,9.89,966.58,
2024-01-17 05:00:00,47.55,103.2,4.31,18.57,22.88,19.31,15.13,0.74,36.51,0.01,0.45,,,,,,96.58,,,,,9.89,969.48,
2024-01-17 06:00:00,48.15,104.69,5.04,20.36,25.4,20.04,13.64,0.82,36.98,0.0,0.83,,,,,,99.38,,,,,9.89,975.09,
2024-01-17 07:00:00,48.41,105.34,5.52,20.8,26.32,20.52,12.2,0.84,36.87,0.0,1.18,,,,,,98.95,,,,,14.99,973.97,
2024-01-17 08:00:00,56.36,125.23,5.29,20.0,25.3,20.29,11.22,0.87,37.39,0.0,1.48,,,,,,92.3,,,,,100.74,960.05,
2024-01-17 09:00:00,60.21,134.86,5.21,18.86,24.07,20.21,11.88,0.78,36.94,0.02,1.44,,,,0.34,,77.25,,,,,270.47,928.94,
2024-01-17 10:00:00,42.39,90.54,5.32,20.56,25.88,20.32,11.9,0.74,37.7,0.14,1.16,,,,0.16,,66.65,,,,,400.75,907.24,
2024-01-17 11:00:00,39.05,81.94,6.34,21.53,27.85,21.34,10.68,0.71,37.08,0.06,0.93,,,,0.19,,58.45,,,,,424.92,890.18,
2024-01-17 12:00:00,65.15,147.18,5.86,22.68,28.53,20.86,11.75,0.8,36.64,0.18,1.06,,,,0.51,,47.28,,,,,560.93,867.2,
2024-01-17 13:00:00,64.9,146.56,6.81,23.7,30.48,21.8,13.95,0.92,36.62,0.22,1.07,,,,0.17,,38.42,,,,,506.45,848.97,
2024-01-17 14:00:00,63.34,142.67,6.71,22.34,29.04,21.72,13.32,1.02,36.39,0.26,1.09,,,,0.21,,35.52,,,,,413.18,842.84,
2024-01-17 15:00:00,62.32,140.1,6.89,21.4,28.31,21.89,12.6,1.02,37.17,0.26,1.01,,,,0.31,,35.45,,,,,259.9,842.52,
2024-01-17 16:00:00,62.85,141.44,5.42,20.72,26.12,20.43,13.54,1.04,36.03,0.24,1.08,,,,0.58,,36.78,,,,,133.15,845.16,
2024-01-17 17:00:00,65.19,147.3,4.82,18.87,23.7,19.82,10.45,1.11,37.12,0.94,1.8,,,,0.9,,39.72,,,,,26.73,851.12,
2024-01-17 18:00:00,67.04,151.91,2.34,11.87,13.92,17.34,8.99,1.23,36.34,1.1,1.95,,,,1.47,,45.05,,,,,9.89,862.18,
2024-01-17 19:00:00,73.02,166.88,4.35,18.53,22.88,19.35,12.28,1.24,37.44,1.19,2.56,,,,1.62,,44.05,,,,,9.89,860.28,
2024-01-17 20:00:00,78.77,181.24,3.09,15.66,18.67,18.09,11.14,0.82,37.38,0.79,2.07,,,,0.87,,42.62,,,,,9.89,857.47,
2024-01-17 21:00:00,77.06,176.99,4.18,18.64,22.82,19.18,11.95,0.63,37.06,0.43,1.61,,,,0.23,,43.82,,,,,9.89,860.15,
2024-01-17 22:00:00,72.0,164.33,4.42,17.93,22.33,19.42,12.51,0.54,37.08,0.41,1.58,,,,0.38,,48.65,,,,,9.89,870.06,
2024-01-17 23:00:00,67.52,153.12,5.09,18.58,23.62,20.09,13.9,0.44,37.62,0.27,1.22,,,,0.11,,55.9,,,,,9.89,884.91,
2024-01-18 00:00:00,63.28,142.51,3.89,18.16,21.96,18.89,12.72,0.39,37.05,0.22,0.95,,,,0.11,,64.32,,,,,9.89,902.33,
2024-01-18 01:00:00,58.58,130.77,4.96,18.65,23.6,19.95,13.77,0.34,36.39,0.1,0.68,,,,0.11,,71.3,,,,,9.89,916.92,
2024-01-18 02:00:00,54.63,120.88,4.61,18.44,23.06,19.61,12.34,0.34,36.16,0.02,0.48,,,,0.11,,79.78,,,,,9.89,934.68,
2024-01-18 03:00:00,37.83,78.89,4.9,18.7,23.59,19.9,12.65,0.4,37.05,0.0,0.57,,,,0.11,,93.55,,,,,9.89,963.22,
2024-01-18 04:00:00,18.94,31.67,5.11,20.23,25.33,20.11,11.94,0.64,36.26,0.0,0.7,,,,0.11,,98.78,,,,,9.89,973.84,
2024-01-18 05:00:00,18.94,31.67,5.14,20.13,25.26,20.13,11.86,0.68,37.91,0.0,0.76,,,,0.11,,99.05,,,,,9.89,974.89,
2024-01-18 06:00:00,18.94,31.67,4.3,16.9,21.21,19.31,11.8,0.78,36.99,0.0,0.98,,,,0.11,,99.02,,,,,9.89,975.09,
2024-01-18 07:00:00,18.94,31.67,4.62,19.72,24.34,19.62,13.31,0.88,37.36,0.0,1.44,,,,0.11,,98.38,,,,,13.75,973.9,
2024-01-18 08:00:00,18.94,31.67,4.85,19.14,23.99,20.53,12.9,0.86,35.9,0.0,0.75,,,,0.11,,87.17,,,,,118.86,952.28,
2024-01-18 09:00:00,18.94,31.67,4.92,19.79,24.7,19.92,16.24,0.73,37.67,0.0,0.37,,,,0.11,,69.95,,,,,291.08,915.2,
2024-01-18 10:00:00,18.94,31.67,4.71,19.61,24.32,19.71,13.24,0.7,37.47,0.0,1.12,,,,0.11,,59.28,,,,,429.26,892.76,
2024-01-18 11:00:00,18.94,31.67,4.97,19.24,24.21,19.97,12.84,0.63,36.8,0.0,0.91,,,,0.11,,50.35,,,,,527.13,874.34,
2024-01-18 12:00:00,18.94,31.67,5.92,22.35,28.28,20.92,10.74,0.65,37.24,0.0,0.74,,,,0.53,,41.9,,,,,570.22,856.95,
2024-01-18 13:00:00,18.94,31.67,5.3,20.09,25.4,20.3,12.27,0.66,36.86,0.0,0.68,,,,0.93,,35.52,,,,,505.27,843.68,
2024-01-18 14:00:00,18.94,31.67,6.13,20.7,26.83,21.13,12.96,0.7,37.49,0.34,0.78,,,,0.5,,31.6,,,,,425.85,835.44,
2024-01-18 15:00:00,18.94,31.67,6.36,22.52,28.88,21.36,14.44,0.78,37.53,0.22,0.66,,,,0.47,,30.1,,,,,281.05,832.27,
2024-01-18 16:00:00,18.94,31.67,5.34,19.23,24.55,20.34,13.62,0.94,35.54,0.79,0.88,,,,0.74,,30.05,,,,,149.57,832.04,
2024-01-18 17:00:00,18.94,31.67,6.22,22.22,28.42,21.22,10.64,1.02,36.99,1.23,1.43,,,,0.97,,32.62,,,,,25.86,837.19,
2024-01-18 18:00:00,18.94,31.67,5.25,18.53,23.79,20.25,8.86,1.11,37.02,1.18,1.48,,,,1.9,,39.17,,,,,9.89,850.56,
2024-01-18 19:00:00,18.94,31.67,4.62,19.09,23.7,19.62,10.2,1.16,36.44,2.2,2.86,,,,2.8,,42.3,,,,,9.89,857.1,
2024-01-18 20:00:00,18.94,31.67,3.94,16.74,20.66,18.94,14.54,1.33,36.46,1.61,3.73,,,,2.46,,46.55,,,,,9.89,865.95,
2024-01-18 21:00:00,18.94,31.67,5.12,19.07,24.21,20.13,15.02,1.0,36.66,0.75,2.7,,,,0.87,,45.95,,,,,9.89,864.73,
2024-01-18 22:00:00,18.94,31.67,5.63,20.79,26.4,20.63,12.96,0.81,37.05,0.58,2.17,,,,0.61,,52.95,,,,,9.89,879.04,
2024-01-18 23:00:00,18.94,31.67,5.03,18.48,23.5,20.02,11.51,0.67,36.26,0.38,1.2,,,,0.28,,64.32,,,,,9.89,902.33,
2024-01-19 00:00:00,18.94,31.67,4.99,19.26,24.24,19.99,12.63,0.64,37.33,0.29,0.91,,,,0.11,,70.05,,,,,9.89,914.16,
2024-01-19 01:00:00,18.94,31.67,5.04,18.47,23.52,20.05,11.02,0.65,37.66,0.24,0.81,,,,0.11,,77.35,,,,,9.89,929.44,
2024-01-19 02:00:00,18.94,31.67,4.6,18.39,22.99,19.6,12.38,0.61,36.77,0.21,0.7,,,,0.11,,81.88,,,,,9.89,938.97,
2024-01-19 03:00:00,18.94,31.67,5.05,17.72,22.77,20.05,12.17,0.61,37.79,0.18,0.62,,,,0.11,,88.12,,,,,9.89,951.91,
2024-01-19 04:00:00,18.94,31.67,4.4,18.58,22.98,19.4,12.28,0.69,36.82,0.18,0.65,,,,0.11,,91.68,,,,,9.89,959.4,
2024-01-19 05:00:00,18.94,31.67,4.12,17.77,21.89,19.12,14.18,0.71,35.88,0.13,0.65,,,,0.11,,94.92,,,,,9.89,966.34,
2024-01-19 06:00:00,18.94,31.67,4.06,18.16,22.23,19.06,13.35,0.75,36.55,0.0,0.71,,,,0.11,,98.35,,,,,9.89,973.44,
2024-01-19 07:00:00,18.94,31.67,4.94,17.77,22.71,19.94,13.22,0.8,36.54,0.0,1.07,,,,0.11,,99.43,,,,,13.96,975.86,
2024-01-19 08:00:00,18.94,31.67,3.69,17.35,21.04,18.69,13.74,0.92,37.73,0.0,1.59,,,,0.11,,97.4,,,,,115.15,971.73,
2024-01-19 09:00:00,18.94,31.67,4.22,18.42,22.62,19.22,12.82,0.86,37.07,0.09,1.33,,,,0.5,,80.42,,,,,307.25,936.4,
2024-01-19 10:00:00,18.94,31.67,5.36,19.82,25.18,20.36,13.98,0.84,36.69,0.22,1.34,,,,0.19,,65.2,,,,,446.54,904.63,
2024-01-19 11:00:00,18.94,31.67,4.87,19.01,23.88,19.87,14.77,0.79,36.78,0.32,1.32,,,,0.4,,52.38,,,,,525.95,878.2,
2024-01-19 12:00:00,18.94,31.67,5.04,18.45,23.5,20.04,12.73,0.74,36.95,0.33,1.24,,,,0.26,,40.4,,,,,494.62,853.64,
2024-01-19 13:00:00,18.94,31.67,5.58,20.42,25.99,20.58,12.62,0.74,36.76,0.36,1.22,,,,0.11,,34.9,,,,,493.71,842.24,
2024-01-19 14:00:00,18.94,31.67,6.58,23.28,29.88,21.58,12.03,0.8,38.05,0.32,1.09,,,,0.4,,33.22,,,,,389.51,838.6,
2024-01-19 15:00:00,18.94,31.67,5.1,20.05,25.14,20.1,13.1,0.95,37.28,0.87,1.24,,,,1.3,,32.05,,,,,230.48,835.98,
2024-01-19 16:00:00,18.94,31.67,5.17,20.1,25.12,20.17,12.59,0.96,36.64,0.75,1.08,,,,1.07,,34.55,,,,,89.49,841.04,
2024-01-19 17:00:00,18.94,31.67,4.42,16.8,21.2,19.42,12.7,1.25,37.3,2.24,1.92,,,,1.76,,38.3,,,,,20.41,848.66,
2024-01-19 18:00:00,18.94,31.67,3.8,18.82,22.62,18.8,11.83,1.25,37.66,3.76,2.08,,,,1.98,,44.68,,,,,9.89,861.58,
2024-01-19 19:00:00,18.94,31.67,4.0,17.75,21.76,19.0,11.89,1.12,36.56,1.93,2.38,,,,2.12,,49.5,,,,,9.89,871.36,
2024-01-19 20:00:00,18.94,31.67,4.43,18.38,22.81,19.43,12.76,0.8,36.8,1.28,1.71,,,,1.05,,57.82,,,,,9.89,888.33,
2024-01-19 21:00:00,18.94,31.67,2.94,15.4,18.33,17.94,14.19,0.69,37.11,0.8,1.09,,,,0.74,,69.03,,,,,9.89,911.33,
2024-01-19 22:00:00,18.94,31.67,4.65,18.91,23.57,19.65,14.26,0.62,35.4,0.51,0.92,,,,0.4,,74.05,,,,,9.89,921.98,
2024-01-19 23:00:00,18.94,31.67,3.63,17.79,21.42,18.63,15.61,0.56,36.67,0.53,0.74,,,,0.11,,82.85,,,,,9.89,940.26,
2024-01-20 00:00:00,18.94,31.67,4.71,17.66,22.37,19.71,14.54,0.56,37.52,0.44,0.67,,,,0.11,,92.65,,,,,9.89,960.61,
2024-01-20 01:00:00,18.94,31.67,4.88,19.15,24.04,19.88,12.5,0.55,35.97,0.31,0.56,,,,0.11,,95.48,,,,,9.89,966.64,
2024-01-20 02:00:00,18.94,31.67,4.06,17.18,21.25,19.06,15.55,0.55,37.3,0.25,0.57,,,,0.11,,93.02,,,,,9.89,961.79,
2024-01-20 03:00:00,18.94,31.67,4.81,19.86,24.69,19.82,14.09,0.55,37.9,0.21,0.5,,,,0.11,,85.75,,,,,9.89,947.02,
2024-01-20 04:00:00,18.94,31.67,4.4,19.42,23.84,19.4,9.68,0.64,37.18,0.19,0.45,,,,0.11,,85.42,,,,,9.89,946.46,
2024-01-20 05:00:00,18.94,31.67,4.45,18.92,23.37,19.45,10.06,0.65,37.53,0.16,0.52,,,,0.11,,93.35,,,,,9.89,962.96,
2024-01-20 06:00:00,18.94,31.67,4.2,17.78,21.97,19.2,11.31,0.84,36.41,0.16,0.68,,,,0.11,,96.48,,,,,9.89,969.49,
2024-01-20 07:00:00,18.94,31.67,5.03,19.34,24.37,20.03,12.33,0.79,37.08,0.04,0.81,,,,0.11,,80.58,,,,,13.16,936.89,
2024-01-20 08:00:00,18.94,31.67,5.32,18.6,23.93,20.32,12.33,0.92,37.57,0.02,0.99,,,,0.11,,60.05,,,,,113.18,894.54,
2024-01-20 09:00:00,18.94,31.67,5.32,20.04,25.37,20.32,11.54,0.83,36.82,0.21,1.1,,,,0.26,,44.28,,,,,300.42,862.3,
2024-01-20 10:00:00,18.94,31.67,5.52,20.68,26.21,20.52,14.37,0.7,36.48,0.53,0.93,,,,0.79,,41.2,,,,,440.9,855.62,
2024-01-20 11:00:00,18.94,31.67,5.49,20.59,25.16,13.48,13.75,0.72,37.16,0.54,0.96,,,,0.59,,41.0,,,,,533.86,854.9,
2024-01-20 12:00:00,18.94,31.67,5.46,18.87,24.34,16.64,12.35,0.77,36.69,0.0,0.0,,,,0.11,,38.62,,,,,551.59,849.92,
2024-01-20 13:00:00,18.94,31.67,6.24,23.85,30.09,21.24,11.88,0.8,36.83,0.34,0.77,,,,0.31,,36.22,,,,,511.63,844.77,
2024-01-20 14:00:00,18.94,31.67,6.76,23.06,29.82,21.76,13.52,0.97,36.82,0.72,0.97,,,,0.11,,35.28,,,,,347.72,842.72,
2024-01-20 15:00:00,18.94,31.67,5.96,21.51,27.46,20.96,10.54,0.98,37.48,1.1,0.8,,,,0.4,,34.28,,,,,230.6,840.49,
2024-01-20 16:00:00,18.94,31.67,3.59,17.79,21.36,18.59,7.25,0.98,37.96,0.64,0.76,,,,0.22,,34.78,,,,,107.66,841.41,
2024-01-20 17:00:00,18.94,31.67,3.69,17.26,20.91,18.69,12.56,1.14,37.02,0.97,1.32,,,,0.68,,38.2,,,,,23.59,848.41,
2024-01-20 18:00:00,18.94,31.67,4.1,19.08,23.22,19.1,17.66,1.32,36.97,2.3,2.02,,,,1.63,,46.12,,,,,9.89,864.5,
2024-01-20 19:00:00,18.94,31.67,3.16,15.95,19.04,18.16,17.12,1.23,37.44,1.66,2.86,,,,2.1,,50.18,,,,,9.89,872.78,
2024-01-20 20:00:00,18.94,31.67,4.56,19.22,23.78,19.57,12.82,0.74,37.43,0.84,1.77,,,,0.73,,55.85,,,,,9.89,884.28,
2024-01-20 21:00:00,18.94,31.67,4.2,18.01,22.19,19.2,18.05,0.57,36.4,0.76,1.37,,,,0.36,,59.7,,,,,9.89,892.38,
2024-01-20 22:00:00,18.94,31.67,5.04,19.98,25.03,20.04,13.3,0.5,37.68,0.58,1.18,,,,0.11,,62.52,,,,,9.89,898.16,
2024-01-20 23:00:00,18.94,31.67,4.21,18.18,22.41,19.22,10.4,0.48,37.14,0.41,0.98,,,,0.11,,73.78,,,,,9.89,921.56,
2024-01-21 00:00:00,18.94,31.67,3.64,17.2,20.82,18.63,13.21,0.41,37.3,0.26,0.7,,,,0.11,,80.75,,,,,9.89,935.92,
2024-01-21 01:00:00,18.94,31.67,4.9,20.04,24.94,19.9,12.51,0.38,36.69,0.18,0.57,,,,0.11,,86.0,,,,,9.89,947.3,
2024-01-21 02:00:00,18.94,31.67,4.4,18.98,23.38,19.4,11.19,0.41,35.75,0.15,0.58,,,,0.11,,91.35,,,,,9.89,958.22,
2024-01-21 03:00:00,18.94,31.67,5.86,21.3,27.17,20.86,11.48,0.53,37.14,0.16,0.61,,,,0.11,,93.82,,,,,9.89,963.42,
2024-01-21 04:00:00,18.94,31.67,5.68,19.36,24.96,20.68,11.61,0.7,36.72,0.14,0.55,,,,0.11,,98.0,,,,,9.89,971.48,
2024-01-21 05:00:00,18.94,31.67,4.91,19.81,24.72,19.91,12.72,0.67,37.46,0.1,0.55,,,,0.11,,98.48,,,,,9.89,972.43,
2024-01-21 06:00:00,18.94,31.67,5.06,20.86,25.92,20.06,9.82,0.72,36.86,0.06,0.57,,,,0.11,,93.28,,,,,9.89,961.73,
2024-01-21 07:00:00,18.94,31.67,4.54,18.18,22.72,19.55,9.7,0.76,36.49,0.0,0.74,,,,0.11,,81.62,,,,,15.38,937.82,
2024-01-21 08:00:00,18.94,31.67,4.76,19.62,24.38,19.76,9.88,0.77,36.94,0.0,1.14,,,,0.11,,80.88,,,,,111.0,936.14,
2024-01-21 09:00:00,18.94,31.67,5.04,19.96,25.0,20.04,12.26,0.75,36.75,0.0,1.16,,,,0.11,,66.4,,,,,304.44,906.47,
2024-01-21 10:00:00,18.94,31.67,4.55,19.48,24.03,19.55,10.29,0.74,36.8,0.0,0.9,,,,0.11,,52.2,,,,,459.2,877.56,
2024-01-21 11:00:00,18.94,31.67,6.05,20.05,26.1,21.04,12.52,1.81,36.83,0.0,0.78,,,,0.11,,43.78,,,,,548.28,860.21,
2024-01-21 12:00:00,18.94,31.67,5.72,21.8,27.54,20.72,8.2,4.22,37.99,0.21,0.85,,,,0.26,,36.3,,,,,573.11,844.84,
2024-01-21 13:00:00,18.94,31.67,6.48,21.92,28.38,21.48,10.65,4.19,36.52,0.22,0.8,,,,0.11,,32.67,,,,,524.42,837.27,
2024-01-21 14:00:00,18.94,31.67,7.12,24.71,31.85,22.12,14.52,4.5,36.42,0.24,0.8,,,,0.11,,30.55,,,,,430.1,832.67,
2024-01-21 15:00:00,18.94,31.67,5.62,21.08,26.7,20.62,13.3,4.41,37.22,0.15,0.67,,,,0.11,,28.3,,,,,289.24,828.0,
2024-01-21 16:00:00,18.94,31.67,6.26,20.82,27.06,21.26,11.07,4.56,36.95,0.26,0.68,,,,0.11,,29.32,,,,,140.79,830.06,
2024-01-21 17:00:00,18.94,31.67,5.6,19.91,25.51,20.6,12.0,4.56,36.79,0.34,0.78,,,,0.11,,33.05,,,,,25.61,837.66,
2024-01-21 18:00:00,18.94,31.67,4.25,17.5,21.7,19.25,11.98,4.65,37.64,0.31,1.14,,,,0.29,,39.72,,,,,9.89,851.17,
2024-01-21 19:00:00,18.94,31.67,4.32,15.26,19.57,19.32,10.33,3.66,36.9,0.4,1.72,,,,0.6,,41.35,,,,,9.89,854.51,
2024-01-21 20:00:00,18.94,31.67,4.56,19.68,24.17,19.56,7.98,1.02,36.45,0.48,2.23,,,,0.42,,42.35,,,,,9.89,856.5,
2024-01-21 21:00:00,18.94,31.67,3.63,16.28,19.91,18.63,8.06,0.76,37.23,0.27,1.73,,,,0.11,,52.88,,,,,9.89,877.74,
2024-01-21 22:00:00,18.94,31.67,4.52,17.65,22.13,19.52,11.32,0.72,37.34,0.09,0.96,,,,0.11,,63.7,,,,,9.89,899.71,
2024-01-21 23:00:00,18.94,31.67,4.32,17.13,21.38,19.32,8.84,0.53,36.62,0.0,0.9,,,,0.11,,71.97,,,,,9.89,916.67,
2024-01-22 00:00:00,18.94,31.67,4.44,16.5,20.92,19.44,12.51,0.44,35.94,0.0,0.66,,,,0.11,,79.42,,,,,9.89,932.02,
2024-01-22 01:00:00,18.94,31.67,4.28,19.29,23.58,19.29,11.36,0.38,36.3,0.0,0.79,,,,0.11,,83.7,,,,,9.89,941.39,
2024-01-22 02:00:00,18.94,31.67,3.6,15.41,18.95,18.6,7.29,0.33,36.68,0.0,0.7,,,,0.11,,88.35,,,,,9.89,950.93,
2024-01-22 03:00:00,18.94,31.67,4.31,18.51,22.82,19.32,11.76,0.38,34.95,0.0,0.61,,,,0.11,,91.22,,,,,9.89,957.41,
2024-01-22 04:00:00,18.94,31.67,4.51,17.81,22.33,19.52,11.82,0.63,36.46,0.0,0.61,,,,0.11,,89.58,,,,,9.89,954.36,
2024-01-22 05:00:00,18.94,31.67,4.56,19.04,23.61,19.56,10.16,0.69,37.02,0.0,0.85,,,,0.11,,86.65,,,,,9.89,948.65,
2024-01-22 06:00:00,18.94,31.67,3.76,17.68,21.43,18.75,9.49,0.76,36.44,0.0,1.42,,,,0.11,,80.55,,,,,9.89,936.17,
2024-01-22 07:00:00,18.94,31.67,4.96,18.52,23.48,19.96,10.26,0.84,36.89,0.0,1.93,,,,0.11,,67.97,,,,,12.82,910.38,
2024-01-22 08:00:00,18.94,31.67,4.83,19.28,24.12,19.83,13.26,0.87,36.08,0.0,2.34,,,,0.11,,60.68,,,,,109.07,895.43,
2024-01-22 09:00:00,18.94,31.67,5.25,20.2,25.45,20.25,10.47,0.79,36.36,0.01,1.68,,,,0.24,,50.3,,,,,313.53,874.17,
2024-01-22 10:00:00,18.94,31.67,4.78,20.89,25.67,19.78,14.77,0.72,36.83,0.38,1.42,,,,0.69,,45.5,,,,,464.22,864.13,
2024-01-22 11:00:00,18.94,31.67,5.31,21.1,26.42,20.31,14.5,0.7,36.62,0.22,0.68,,,,0.2,,40.48,,,,,531.48,853.78,
2024-01-22 12:00:00,18.94,31.67,6.71,21.12,27.83,21.71,15.2,0.76,37.32,0.86,1.38,,,,0.57,,36.3,,,,,564.92,844.99,
2024-01-22 13:00:00,18.94,31.67,6.25,21.42,27.67,21.26,17.12,0.8,36.36,0.4,0.96,,,,0.11,,33.55,,,,,518.19,839.19,
2024-01-22 14:00:00,18.94,31.67,6.39,21.58,27.93,21.39,16.95,0.96,36.87,2.13,1.03,,,,0.66,,30.6,,,,,419.53,832.99,
2024-01-22 15:00:00,18.94,31.67,4.67,18.12,22.63,19.68,14.58,0.97,36.4,2.04,1.05,,,,0.98,,29.82,,,,,287.95,831.29,
2024-01-22 16:00:00,18.94,31.67,5.14,18.1,23.23,20.14,12.54,0.98,36.16,0.98,0.88,,,,0.59,,30.65,,,,,140.83,832.98,
2024-01-22 17:00:00,18.94,31.67,4.17,16.14,20.31,19.17,13.28,1.16,37.06,4.56,1.62,,,,1.54,,34.08,,,,,26.65,839.94,
2024-01-22 18:00:00,18.94,31.67,3.65,16.62,20.27,18.65,10.4,1.19,37.13,2.14,1.58,,,,1.33,,38.9,,,,,9.89,849.7,
2024-01-22 19:00:00,18.94,31.67,5.15,17.65,22.77,20.14,10.54,1.05,36.55,1.44,1.81,,,,0.97,,38.75,,,,,9.89,849.45,
2024-01-22 20:00:00,18.94,31.67,4.42,18.03,22.42,19.42,11.46,0.83,36.53,1.3,1.58,,,,0.4,,42.5,,,,,9.89,857.16,
2024-01-22 21:00:00,18.94,31.67,4.1,16.23,20.34,19.1,13.42,0.57,35.94,1.05,1.27,,,,0.42,,58.08,,,,,9.89,888.91,
2024-01-22 22:00:00,18.94,31.67,4.02,17.56,21.57,19.02,16.52,0.48,37.24,0.64,0.92,,,,0.11,,64.7,,,,,9.89,902.61,
2024-01-22 23:00:00,18.94,31.67,5.45,20.86,26.3,20.45,13.93,0.44,36.74,0.38,0.75,,,,0.11,,68.72,,,,,9.89,910.96,
2024-01-23 00:00:00,18.94,31.67,4.88,19.09,23.98,19.89,9.69,0.4,35.78,0.39,0.71,,,,0.11,,67.9,,,,,9.89,909.57,
2024-01-23 01:00:00,18.94,31.67,5.03,18.01,23.05,19.73,7.37,0.38,37.22,0.31,0.61,,,,0.11,,69.05,,,,,9.89,912.08,
2024-01-23 02:00:00,18.94,31.67,5.4,20.48,25.9,16.45,11.96,0.38,37.61,0.03,0.08,,,,0.11,,65.55,,,,,9.89,904.96,
2024-01-23 03:00:00,18.94,31.67,4.84,18.4,23.23,19.84,15.22,0.43,36.44,0.2,0.48,,,,0.11,,66.92,,,,,9.89,907.91,
2024-01-23 04:00:00,18.94,31.67,4.71,18.7,23.42,19.72,13.63,0.67,37.66,0.22,0.71,,,,0.11,,73.42,,,,,9.89,921.26,
2024-01-23 05:00:00,18.94,31.67,3.78,17.66,21.44,18.78,11.42,0.69,36.05,0.18,0.79,,,,0.11,,80.78,,,,,9.89,936.52,
2024-01-23 06:00:00,18.94,31.67,4.28,18.77,23.06,19.28,10.43,0.71,37.49,0.19,0.95,,,,0.11,,80.18,,,,,9.89,935.45,
2024-01-23 07:00:00,18.94,31.67,5.07,20.43,25.5,20.07,10.44,0.8,37.5,0.07,1.85,,,,0.11,,72.38,,,,,11.45,919.43,
2024-01-23 08:00:00,18.94,31.67,4.52,20.54,25.05,19.52,11.67,0.84,36.54,0.08,1.49,,,,0.11,,48.85,,,,,114.78,871.24,
2024-01-23 09:00:00,18.94,31.67,4.44,18.82,23.27,19.44,20.66,0.78,36.4,0.14,1.05,,,,0.11,,37.48,,,,,346.42,848.19,
2024-01-23 10:00:00,18.94,31.67,4.94,19.73,24.67,19.94,15.83,0.76,37.49,0.3,0.98,,,,0.11,,33.8,,,,,472.71,840.38,
2024-01-23 11:00:00,24.9,46.58,5.06,19.83,24.89,20.06,11.15,0.72,37.08,0.38,0.99,,,,0.24,,32.45,,,,,547.5,837.32,
2024-01-23 12:00:00,51.86,113.99,6.92,21.61,28.54,21.92,14.41,0.84,37.56,0.83,1.09,,,,0.91,,32.17,,,,,553.6,836.46,
2024-01-23 13:00:00,55.42,122.89,6.42,21.97,28.38,21.42,16.62,0.85,37.46,0.4,1.13,,,,0.66,,30.52,,,,,512.15,832.93,
2024-01-23 14:00:00,53.81,118.86,5.88,19.92,25.8,20.88,16.92,1.06,35.62,1.28,1.13,,,,0.83,,28.02,,,,,415.47,827.66,
2024-01-23 15:00:00,53.57,118.24,4.82,18.87,23.61,19.82,9.72,1.08,37.05,1.34,1.2,,,,0.86,,27.6,,,,,293.95,826.78,
2024-01-23 16:00:00,53.19,117.3,6.03,20.71,26.74,21.03,7.6,1.04,36.56,0.64,1.03,,,,0.67,,27.85,,,,,146.9,827.24,
2024-01-23 17:00:00,52.77,116.26,4.8,16.62,21.42,19.8,8.61,1.23,37.1,1.3,1.74,,,,1.2,,31.22,,,,,30.24,834.16,
2024-01-23 18:00:00,56.5,125.57,3.48,16.18,19.57,18.48,10.48,1.21,36.12,1.75,1.62,,,,2.15,,36.38,,,,,9.89,844.67,
2024-01-23 19:00:00,59.01,131.84,4.69,18.71,23.42,19.7,8.41,1.11,36.77,0.89,1.75,,,,1.32,,40.22,,,,,9.89,852.44,
2024-01-23 20:00:00,59.46,132.97,3.38,15.46,18.74,18.38,11.38,0.7,35.86,0.66,1.37,,,,0.93,,52.55,,,,,9.89,877.58,
2024-01-23 21:00:00,57.52,128.13,3.55,17.81,21.36,18.55,13.14,0.64,37.67,0.46,1.3,,,,0.45,,56.02,,,,,9.89,884.77,
2024-01-23 22:00:00,22.19,39.7,4.37,18.05,23.36,18.22,11.42,0.59,37.68,0.01,0.04,,,,0.11,,65.27,,,,,9.89,900.67,
2024-01-23 23:00:00,54.21,119.85,3.75,17.94,21.69,18.75,14.18,0.53,37.71,0.23,0.93,,,,0.11,,72.38,,,,,9.89,918.5,
2024-01-24 00:00:00,51.1,112.08,4.17,17.15,21.33,19.17,11.54,0.48,36.91,0.17,0.78,,,,0.11,,75.97,,,,,9.89,926.22,
2024-01-24 01:00:00,40.54,85.66,4.47,17.55,22.01,19.47,11.41,0.5,37.38,0.13,0.66,,,,0.11,,78.28,,,,,9.89,931.13,
2024-01-24 02:00:00,42.47,90.49,4.2,17.69,21.89,19.2,11.02,0.48,37.29,0.11,0.62,,,,0.11,,78.82,,,,,9.89,932.39,
2024-01-24 03:00:00,37.68,78.52,4.8,18.38,23.19,19.8,13.49,0.52,36.98,0.01,0.6,,,,0.11,,81.8,,,,,9.89,938.57,
2024-01-24 04:00:00,35.98,74.28,4.53,17.36,21.89,19.54,16.2,0.63,36.36,0.0,0.63,,,,0.11,,84.35,,,,,9.89,944.11,
2024-01-24 05:00:00,35.17,72.24,4.64,19.08,23.72,19.64,10.05,0.61,37.56,0.0,0.64,,,,0.11,,86.35,,,,,9.89,948.41,
2024-01-24 06:00:00,39.04,81.92,4.37,18.56,22.94,19.37,10.9,0.81,36.51,0.0,1.3,,,,0.11,,90.75,,,,,9.89,957.51,
2024-01-24 07:00:00,46.54,100.67,4.9,19.63,24.53,19.9,10.74,0.8,37.0,0.0,1.52,,,,0.11,,91.3,,,,,13.56,958.78,
2024-01-24 08:00:00,46.24,99.91,4.14,17.25,21.93,15.19,10.36,0.83,37.0,0.0,1.51,,,,0.11,,86.5,,,,,101.6,946.57,
2024-01-24 09:00:00,18.94,31.67,4.91,18.5,23.4,13.79,10.75,0.7,37.34,0.0,0.0,,,,0.11,,72.22,,,,,275.35,919.7,
2024-01-24 10:00:00,18.94,31.67,5.3,21.12,26.41,20.3,14.79,0.61,38.83,0.0,0.75,,,,0.11,,67.25,,,,,368.94,908.75,
2024-01-24 11:00:00,18.94,31.67,6.04,22.07,28.22,21.04,16.03,0.62,40.84,0.0,0.28,,,,0.11,,63.67,,,,,411.46,901.0,
2024-01-24 12:00:00,18.94,31.67,6.26,22.63,28.89,21.26,14.1,0.72,40.43,0.0,0.52,,,,0.53,,55.08,,,,,578.5,883.32,
2024-01-24 13:00:00,14.73,25.5,4.56,18.78,23.35,19.57,10.14,0.65,40.66,0.0,0.58,,,,0.79,,42.82,,,,,555.44,858.16,
2024-01-24 14:00:00,8.94,16.31,6.15,20.12,28.53,21.66,9.81,0.77,40.66,0.04,0.27,,,,0.33,,35.47,,,,,426.28,843.6,
2024-01-24 15:00:00,30.27,69.63,6.92,23.46,30.38,21.92,13.17,0.82,40.88,0.26,0.78,,,,1.1,,33.38,,,,,317.6,838.65,
2024-01-24 16:00:00,42.86,101.11,5.12,18.7,23.82,20.12,14.21,0.78,41.68,0.47,0.9,,,,1.08,,34.62,,,,,157.08,841.08,
2024-01-24 17:00:00,19.78,43.58,4.94,18.5,23.44,19.94,12.45,0.84,41.8,0.36,0.81,,,,0.95,,36.28,,,,,31.18,844.32,
2024-01-24 18:00:00,32.89,76.2,4.49,16.13,20.6,19.48,9.3,0.96,41.11,0.37,1.16,,,,0.89,,38.58,,,,,9.89,849.15,
2024-01-24 19:00:00,52.98,126.4,4.01,16.98,20.93,19.01,13.86,0.98,41.08,0.64,1.93,,,,0.94,,41.3,,,,,9.89,854.77,
2024-01-24 20:00:00,60.0,143.95,4.28,17.45,21.73,19.28,15.99,0.8,40.92,0.44,1.88,,,,0.7,,48.48,,,,,9.89,869.42,
2024-01-24 21:00:00,59.32,142.24,4.47,19.02,23.5,19.48,15.79,0.63,41.36,0.4,1.61,,,,0.44,,49.62,,,,,9.89,871.92,
2024-01-24 22:00:00,57.64,138.05,4.24,17.96,22.2,19.24,13.91,0.47,40.26,0.28,1.37,,,,0.11,,59.08,,,,,9.89,891.16,
2024-01-24 23:00:00,53.28,127.16,4.53,20.09,24.63,19.53,14.44,0.38,40.9,0.21,0.92,,,,0.11,,68.28,,,,,9.89,910.25,
2024-01-25 00:00:00,48.7,115.7,4.04,18.3,22.34,19.04,13.86,0.37,40.45,0.18,0.72,,,,0.11,,72.28,,,,,9.89,918.62,
2024-01-25 01:00:00,42.07,99.2,4.88,20.29,25.18,19.88,12.62,0.35,40.91,0.16,0.56,,,,0.11,,75.42,,,,,9.89,925.28,
2024-01-25 02:00:00,39.2,91.96,4.61,20.56,25.17,19.61,12.85,0.34,40.91,0.16,0.54,,,,0.11,,77.68,,,,,9.89,930.12,
2024-01-25 03:00:00,36.61,85.59,4.68,18.45,23.12,19.68,13.02,0.41,40.58,0.12,0.48,,,,0.11,,79.6,,,,,9.89,934.21,
2024-01-25 04:00:00,34.54,80.36,5.07,18.34,23.42,20.08,13.64,0.65,41.62,0.14,0.54,,,,0.11,,80.03,,,,,9.89,935.21,
2024-01-25 05:00:00,30.78,71.04,4.14,18.14,22.27,19.13,13.42,0.7,41.88,0.15,0.62,,,,0.11,,81.08,,,,,9.89,937.55,
2024-01-25 06:00:00,30.18,69.18,5.33,20.31,25.64,20.33,13.68,0.79,40.76,0.06,0.89,,,,0.11,,80.68,,,,,9.89,936.81,
2024-01-25 07:00:00,33.93,78.66,4.65,18.91,23.56,19.65,13.66,0.81,42.16,0.0,1.6,,,,0.11,,79.15,,,,,12.45,933.6,
2024-01-25 08:00:00,37.83,88.06,5.5,20.38,25.88,20.5,14.4,0.85,41.93,0.0,1.54,,,,0.11,,74.05,,,,,95.19,923.04,
2024-01-25 09:00:00,43.32,102.41,4.97,19.41,24.38,19.97,16.28,0.75,41.46,0.0,1.27,,,,0.11,,64.4,,,,,296.72,903.06,
2024-01-25 10:00:00,39.04,91.59,5.47,21.06,26.53,20.47,13.58,0.64,41.08,0.0,0.89,,,,0.6,,57.08,,,,,397.88,887.88,
2024-01-25 11:00:00,38.83,91.04,5.62,21.49,27.11,20.62,12.99,0.63,41.96,0.0,0.76,,,,0.29,,51.88,,,,,457.03,876.88,
2024-01-25 12:00:00,39.36,92.35,5.0,20.01,25.01,20.0,16.95,0.75,41.06,0.13,0.69,,,,0.45,,42.7,,,,,518.38,858.07,
2024-01-25 13:00:00,37.45,87.58,6.08,22.26,28.34,21.08,12.6,0.78,41.44,0.24,0.76,,,,0.41,,38.05,,,,,438.88,848.46,
2024-01-25 14:00:00,35.32,82.27,6.26,21.37,27.62,21.26,12.77,0.8,41.54,0.29,0.82,,,,0.54,,35.1,,,,,340.88,842.36,
2024-01-25 15:00:00,37.24,87.06,5.3,22.12,27.43,20.3,13.72,0.85,40.86,0.47,0.96,,,,0.7,,33.62,,,,,169.26,839.27,
2024-01-25 16:00:00,35.47,82.64,5.24,20.08,25.25,20.24,13.38,0.96,41.67,1.8,0.8,,,,1.05,,31.12,,,,,137.52,834.18,
2024-01-25 17:00:00,26.21,59.47,5.4,19.05,24.45,18.23,9.98,1.09,41.23,1.84,0.56,,,,1.07,,32.73,,,,,30.21,837.41,
2024-01-25 18:00:00,12.07,24.14,5.08,18.46,23.55,20.08,12.71,1.24,40.63,1.24,1.11,,,,0.77,,38.48,,,,,9.89,849.0,
2024-01-25 19:00:00,55.78,133.42,5.92,18.58,24.62,20.91,11.77,1.26,40.73,1.46,1.88,,,,1.21,,40.75,,,,,9.89,853.52,
2024-01-25 20:00:00,54.09,129.19,3.66,18.11,21.78,18.66,12.94,0.85,40.67,0.96,1.67,,,,0.55,,46.0,,,,,9.89,864.09,
2024-01-25 21:00:00,52.82,126.02,4.26,18.43,22.69,19.26,14.45,0.72,40.72,0.82,1.01,,,,0.11,,57.32,,,,,9.89,886.96,
2024-01-25 22:00:00,48.28,114.68,4.81,18.92,23.74,19.82,12.55,0.52,42.2,0.62,0.83,,,,0.11,,64.0,,,,,9.89,900.81,
2024-01-25 23:00:00,38.24,89.56,4.63,19.26,23.89,19.63,13.02,0.44,41.28,0.5,0.68,,,,0.11,,68.38,,,,,9.89,909.83,
2024-01-26 00:00:00,33.44,77.56,4.6,19.81,24.42,19.61,13.06,0.4,40.86,0.37,0.54,,,,0.11,,75.3,,,,,9.89,924.14,
2024-01-26 01:00:00,29.11,66.75,3.97,16.65,20.56,18.97,14.73,0.39,41.34,0.31,0.49,,,,0.11,,81.5,,,,,9.89,937.29,
2024-01-26 02:00:00,27.9,63.7,4.14,17.34,21.46,19.14,12.8,0.33,41.19,0.24,0.46,,,,0.11,,89.15,,,,,9.89,953.32,
2024-01-26 03:00:00,24.36,54.85,4.59,18.07,22.66,19.58,12.31,0.42,42.3,0.2,0.44,,,,0.11,,94.02,,,,,9.89,963.31,
2024-01-26 04:00:00,25.7,58.2,4.37,18.45,22.82,19.37,16.1,0.71,41.09,0.18,0.46,,,,0.11,,97.05,,,,,9.89,969.79,
2024-01-26 05:00:00,25.65,58.08,5.01,19.37,24.37,20.01,14.11,0.73,40.69,0.15,0.46,,,,0.11,,98.15,,,,,9.89,972.33,
2024-01-26 06:00:00,22.8,50.95,4.66,17.91,22.54,19.65,11.88,0.77,41.37,0.15,0.72,,,,0.11,,99.28,,,,,9.89,974.82,
2024-01-26 07:00:00,20.47,45.14,4.62,18.86,23.49,19.62,12.16,0.78,40.95,0.13,0.68,,,,0.11,,95.0,,,,,11.35,966.18,
2024-01-26 08:00:00,27.08,61.67,4.75,19.25,24.0,19.75,12.79,0.83,41.75,0.17,0.72,,,,0.11,,80.8,,,,,104.06,937.02,
2024-01-26 09:00:00,24.47,55.14,5.52,20.2,25.72,20.52,11.52,0.78,41.25,0.18,0.81,,,,0.11,,54.12,,,,,367.52,882.19,
2024-01-26 10:00:00,25.29,57.19,4.37,18.09,22.46,19.37,11.13,0.74,40.93,0.16,0.7,,,,0.11,,39.7,,,,,511.55,852.71,
2024-01-26 11:00:00,29.62,68.0,4.93,20.98,25.91,19.93,12.24,0.66,41.01,0.57,0.6,,,,0.11,,32.92,,,,,599.84,838.67,
2024-01-26 12:00:00,31.31,72.23,5.52,20.16,25.68,20.52,13.46,0.63,40.85,0.38,0.55,,,,0.11,,28.05,,,,,622.99,828.41,
2024-01-26 13:00:00,28.31,64.73,4.93,18.78,23.71,19.93,13.74,0.7,41.52,1.43,0.54,,,,0.11,,26.58,,,,,571.62,825.19,
2024-01-26 14:00:00,26.86,61.1,5.86,23.11,28.98,20.86,13.5,0.86,40.95,0.67,0.5,,,,0.11,,25.0,,,,,467.94,821.87,
2024-01-26 15:00:00,26.05,59.09,4.97,18.5,23.46,19.97,12.75,0.94,40.56,0.48,0.53,,,,0.11,,24.05,,,,,332.18,819.77,
2024-01-26 16:00:00,26.42,60.03,5.23,20.16,25.38,20.23,11.21,0.93,40.94,0.45,0.48,,,,0.11,,26.08,,,,,176.88,823.85,
2024-01-26 17:00:00,25.98,58.92,5.32,18.85,24.15,20.33,11.76,0.96,40.88,0.39,0.48,,,,0.11,,30.05,,,,,40.72,831.94,
2024-01-26 18:00:00,24.83,56.04,4.25,19.69,23.92,19.24,13.2,1.04,39.92,0.31,0.69,,,,0.11,,36.35,,,,,9.89,844.9,
2024-01-26 19:00:00,25.12,56.78,3.65,15.97,19.45,18.64,11.24,0.94,41.79,0.26,0.89,,,,0.11,,42.35,,,,,9.89,857.08,
2024-01-26 20:00:00,23.61,52.97,3.57,17.25,20.81,18.57,12.93,0.75,40.92,0.24,0.87,,,,0.11,,47.22,,,,,9.89,867.18,
2024-01-26 21:00:00,26.8,60.96,4.26,17.3,21.54,19.26,12.28,0.75,40.62,0.2,0.82,,,,0.11,,52.22,,,,,9.89,877.47,
2024-01-26 22:00:00,26.76,60.85,5.26,19.49,24.75,20.26,10.22,0.6,41.21,0.18,0.84,,,,0.11,,58.22,,,,,9.89,889.63,
2024-01-26 23:00:00,24.55,55.34,5.12,19.5,24.62,20.12,13.46,0.46,42.0,0.16,0.8,,,,0.11,,71.72,,,,,9.89,916.9,
2024-01-27 00:00:00,24.9,56.2,5.14,19.12,24.26,20.14,12.66,0.43,41.58,0.1,0.56,,,,0.11,,87.38,,,,,9.89,949.17,
2024-01-27 01:00:00,24.1,54.2,4.81,18.52,23.33,19.81,12.42,0.4,41.31,0.09,0.55,,,,0.11,,91.22,,,,,9.89,957.51,
2024-01-27 02:00:00,25.88,58.64,5.4,19.77,25.16,20.4,15.44,0.43,42.62,0.05,0.44,,,,0.11,,90.0,,,,,9.89,954.94,
2024-01-27 03:00:00,25.75,58.33,4.63,18.53,23.16,19.63,10.32,0.48,41.86,0.06,0.36,,,,0.11,,91.9,,,,,9.89,959.05,
2024-01-27 04:00:00,20.92,46.26,4.94,19.61,24.55,19.94,9.06,0.67,41.81,0.05,0.34,,,,0.11,,94.2,,,,,9.89,964.11,
2024-01-27 05:00:00,19.64,43.04,4.26,18.54,22.8,19.26,11.87,0.7,41.85,0.0,0.29,,,,0.11,,94.8,,,,,9.89,965.4,
2024-01-27 06:00:00,18.03,39.03,4.55,18.28,22.83,19.55,11.45,0.72,42.06,0.0,0.58,,,,0.11,,94.9,,,,,9.89,965.94,
2024-01-27 07:00:00,19.69,43.19,5.34,20.06,25.39,20.33,12.53,0.77,41.95,0.0,0.7,,,,0.11,,95.35,,,,,13.1,966.99,
2024-01-27 08:00:00,22.8,50.95,4.03,18.26,22.29,19.03,14.79,0.87,42.28,0.02,1.04,,,,0.11,,78.5,,,,,102.62,932.43,
2024-01-27 09:00:00,29.78,68.41,4.31,18.14,22.45,19.3,12.78,0.74,41.23,0.45,0.88,,,,0.14,,53.08,,,,,374.47,880.14,
2024-01-27 10:00:00,31.06,71.59,4.66,18.23,22.9,19.66,13.02,0.71,41.09,0.71,0.88,,,,0.33,,40.98,,,,,474.0,855.4,
2024-01-27 11:00:00,34.26,79.61,4.46,19.01,23.45,19.45,12.37,0.68,42.58,1.0,0.89,,,,0.38,,33.98,,,,,572.72,840.76,
2024-01-27 12:00:00,34.39,79.94,5.03,18.96,23.99,20.03,12.85,0.7,41.4,1.68,0.84,,,,0.21,,31.58,,,,,534.53,835.59,
2024-01-27 13:00:00,33.74,78.34,5.65,20.95,26.6,20.65,13.08,0.82,41.03,0.96,0.82,,,,0.11,,30.38,,,,,562.27,832.95,
2024-01-27 14:00:00,31.94,73.83,6.51,22.16,28.66,21.51,12.18,0.94,42.87,2.38,0.96,,,,0.23,,29.35,,,,,465.69,830.72,
2024-01-27 15:00:00,31.4,72.47,6.5,23.86,30.36,21.5,14.18,0.98,40.53,2.32,0.95,,,,0.44,,30.45,,,,,325.75,832.82,
2024-01-27 16:00:00,31.46,72.61,4.74,19.87,24.61,19.74,14.88,1.04,41.04,1.96,0.95,,,,1.28,,31.48,,,,,176.32,834.86,
2024-01-27 17:00:00,35.68,83.16,5.03,20.49,24.42,20.02,11.82,1.19,41.52,2.1,1.18,,,,1.29,,34.83,,,,,36.59,841.6,
2024-01-27 18:00:00,36.42,84.99,5.29,20.05,25.34,20.29,10.64,1.11,42.04,1.62,1.31,,,,0.95,,39.67,,,,,9.89,851.5,
2024-01-27 19:00:00,39.42,92.51,4.94,19.42,24.38,19.94,11.92,1.0,40.97,1.06,1.54,,,,0.79,,45.45,,,,,9.89,863.35,
2024-01-27 20:00:00,41.28,97.15,4.99,19.52,24.51,19.99,13.35,0.78,40.78,0.84,1.59,,,,0.39,,46.7,,,,,9.89,866.12,
2024-01-27 21:00:00,39.92,93.76,4.89,19.17,24.06,19.89,10.48,0.68,41.22,0.66,1.28,,,,0.11,,54.45,,,,,9.89,881.76,
2024-01-27 22:00:00,36.46,85.12,4.27,17.51,21.78,19.27,11.05,0.46,42.06,0.62,0.92,,,,0.11,,63.3,,,,,9.89,899.56,
2024-01-27 23:00:00,33.15,76.83,4.0,17.45,21.46,19.0,15.38,0.41,40.99,0.52,0.81,,,,0.11,,71.03,,,,,9.89,915.37,
2024-01-28 00:00:00,31.58,72.91,5.45,19.94,25.38,20.45,13.92,0.38,40.52,0.45,0.81,,,,0.11,,77.35,,,,,9.89,928.4,
2024-01-28 01:00:00,27.43,62.53,4.38,18.68,23.04,19.38,10.05,0.35,40.51,0.35,0.74,,,,0.11,,87.8,,,,,9.89,950.13,
2024-01-28 02:00:00,24.62,55.51,4.75,18.48,23.24,19.75,13.68,0.35,40.92,0.33,0.64,,,,0.11,,92.5,,,,,9.89,960.07,
2024-01-28 03:00:00,22.87,51.14,4.32,17.57,21.9,19.32,14.22,0.44,42.07,0.27,0.54,,,,0.11,,92.85,,,,,9.89,960.98,
2024-01-28 04:00:00,21.68,48.18,4.52,19.58,24.1,19.52,12.93,0.62,41.13,0.22,0.46,,,,0.11,,94.92,,,,,9.89,965.37,
2024-01-28 05:00:00,20.93,46.27,5.42,19.19,24.6,20.42,11.73,0.64,42.22,0.18,0.49,,,,0.11,,97.18,,,,,9.89,970.08,
2024-01-28 06:00:00,19.08,41.67,4.09,17.68,21.77,19.09,12.8,0.66,42.38,0.16,0.64,,,,0.11,,98.05,,,,,9.89,972.04,
2024-01-28 07:00:00,19.14,41.8,4.7,17.33,22.04,19.7,13.09,0.7,40.83,0.31,0.64,,,,0.11,,96.92,,,,,14.28,969.95,
2024-01-28 08:00:00,22.18,49.4,4.71,17.45,22.15,19.71,12.04,0.7,41.9,0.34,0.7,,,,0.11,,85.52,,,,,99.68,946.56,
2024-01-28 09:00:00,23.68,53.15,5.42,20.07,25.48,20.42,14.82,0.66,41.12,0.27,0.68,,,,0.11,,64.53,,,,,307.86,903.22,
2024-01-28 10:00:00,23.1,51.7,5.68,20.46,26.12,20.68,13.08,0.61,40.78,0.26,0.63,,,,0.11,,53.9,,,,,391.73,881.34,
2024-01-28 11:00:00,23.19,51.93,6.2,22.01,28.22,21.2,10.04,0.63,41.42,0.21,0.62,,,,0.11,,46.98,,,,,485.73,866.96,
2024-01-28 12:00:00,25.11,56.74,6.01,21.22,27.16,20.99,12.31,0.7,41.93,0.35,0.57,,,,0.23,,41.38,,,,,521.12,855.31,
2024-01-28 13:00:00,23.11,51.74,6.36,22.22,28.58,21.35,12.2,0.76,40.94,0.4,0.55,,,,0.11,,38.98,,,,,368.7,850.27,
2024-01-28 14:00:00,25.12,56.75,6.48,21.94,28.42,21.47,12.21,0.98,41.74,0.24,0.57,,,,0.11,,35.62,,,,,444.8,843.22,
2024-01-28 15:00:00,24.1,54.2,6.8,24.97,31.79,21.8,14.18,0.98,41.64,0.16,0.52,,,,0.11,,35.17,,,,,271.5,842.08,
2024-01-28 16:00:00,25.25,57.08,5.6,20.74,26.31,20.6,13.49,1.0,40.61,0.15,0.54,,,,0.11,,36.2,,,,,100.87,844.07,
2024-01-28 17:00:00,24.89,56.19,4.84,18.46,23.29,19.83,11.96,1.0,40.98,0.11,0.52,,,,0.11,,37.9,,,,,42.9,847.37,
2024-01-28 18:00:00,22.14,49.3,3.94,16.59,20.49,18.94,11.6,1.02,41.4,0.12,0.65,,,,0.11,,43.47,,,,,9.89,858.76,
2024-01-28 19:00:00,25.92,58.75,2.53,11.86,13.94,17.53,8.79,0.96,42.76,0.04,0.74,,,,0.11,,48.45,,,,,9.89,869.02,
2024-01-28 20:00:00,26.06,59.11,6.0,20.39,26.34,21.0,12.5,0.78,42.19,0.12,1.07,,,,0.11,,51.5,,,,,9.89,875.13,
2024-01-28 21:00:00,28.62,65.51,5.27,19.73,25.0,20.27,14.59,0.72,40.73,0.0,0.69,,,,0.11,,55.2,,,,,9.89,882.38,
2024-01-28 22:00:00,26.84,61.04,4.09,17.23,21.3,19.09,8.78,0.69,41.42,0.0,0.56,,,,0.11,,62.52,,,,,9.89,897.32,
2024-01-28 23:00:00,25.04,56.56,3.0,14.3,17.04,18.0,10.31,0.69,40.91,0.0,0.52,,,,0.11,,75.1,,,,,9.89,923.14,
2024-01-29 00:00:00,24.1,54.22,5.34,20.3,25.63,20.34,11.24,0.65,41.7,0.0,0.6,,,,0.11,,88.6,,,,,9.89,951.2,
2024-01-29 01:00:00,25.9,58.72,4.43,17.91,22.35,19.43,12.04,0.51,41.17,0.0,0.61,,,,0.11,,91.75,,,,,9.89,957.57,
2024-01-29 02:00:00,21.5,47.72,4.95,18.88,23.82,19.94,14.13,0.45,41.2,0.0,0.58,,,,0.11,,91.15,,,,,9.89,956.38,
2024-01-29 03:00:00,24.12,54.25,4.51,18.31,22.77,19.51,14.83,0.46,40.83,0.0,0.55,,,,0.11,,91.92,,,,,9.89,958.23,
2024-01-29 04:00:00,21.38,47.41,4.58,18.49,23.07,19.58,12.74,0.56,41.49,0.0,0.54,,,,0.11,,92.78,,,,,9.89,960.13,
2024-01-29 05:00:00,20.53,45.28,4.92,19.96,24.88,19.92,10.72,0.54,41.09,0.0,0.52,,,,0.11,,93.2,,,,,9.89,960.98,
2024-01-29 06:00:00,19.32,42.25,4.79,19.76,24.54,19.78,10.6,0.57,41.41,0.0,0.64,,,,0.11,,91.98,,,,,9.89,958.57,
2024-01-29 07:00:00,19.06,41.61,4.22,17.65,21.8,19.21,10.8,0.62,42.31,0.0,0.92,,,,0.11,,91.9,,,,,12.02,958.96,
2024-01-29 08:00:00,24.35,54.83,4.68,18.26,22.93,19.67,9.52,0.66,41.37,0.0,1.09,,,,0.11,,77.75,,,,,88.54,930.24,
2024-01-29 09:00:00,28.43,65.05,5.27,20.62,25.88,20.27,14.02,0.65,42.56,0.2,1.0,,,,0.36,,56.95,,,,,368.35,887.49,
2024-01-29 10:00:00,30.64,70.58,5.79,20.53,26.32,20.79,13.98,0.62,41.15,0.55,1.05,,,,0.22,,44.68,,,,,504.97,862.32,
2024-01-29 11:00:00,10.2,19.46,11.92,34.06,45.97,26.92,12.76,0.67,37.7,1.88,0.99,,,,0.29,,38.52,,,,,603.12,849.05,
2024-01-29 12:00:00,27.97,63.88,12.06,32.03,44.05,27.06,16.04,0.79,38.7,3.7,1.1,,,,0.43,,31.72,,,,,620.97,834.74,
2024-01-29 13:00:00,29.84,68.54,11.91,32.78,44.61,26.91,18.2,0.79,37.73,2.21,1.14,,,,0.31,,27.9,,,,,585.42,826.7,
2024-01-29 14:00:00,30.57,70.4,6.99,19.6,26.3,21.99,14.75,0.66,38.3,3.12,1.46,,,,0.84,,24.32,,,,,478.64,819.41,
2024-01-29 15:00:00,29.39,67.6,5.46,16.6,21.51,24.09,14.95,0.64,37.7,4.43,1.32,,,,0.43,,23.48,,,,,341.12,817.68,
2024-01-29 16:00:00,8.94,16.31,0.19,3.16,2.02,68.27,7.26,0.73,38.23,1.05,0.46,,,,0.62,,26.38,,,,,172.78,823.66,
2024-01-29 17:00:00,32.82,75.99,,,,,13.26,0.73,38.0,3.03,1.42,,,,0.91,,28.98,,,,,34.56,828.95,
2024-01-29 18:00:00,38.78,90.91,,,,,15.43,0.92,38.0,,,,,,,,34.42,,,,,9.89,839.68,
2024-01-29 19:00:00,42.21,99.48,,,,,11.84,1.0,38.2,,,,,,,,39.6,,,,,9.89,849.88,
2024-01-29 20:00:00,42.93,101.3,,,,,11.6,0.81,39.01,,,,,,,,46.65,,,,,9.89,863.74,
2024-01-29 21:00:00,43.04,101.57,,,,,11.67,0.72,38.1,,,,,,,,50.48,,,,,9.89,871.36,
2024-01-29 22:00:00,41.23,97.03,,,,,11.98,0.65,36.84,,,,,,,,53.68,,,,,9.89,877.64,
2024-01-29 23:00:00,38.12,89.26,,,,,11.42,0.62,40.12,,,,,,,,60.98,,,,,9.89,892.2,
2024-01-30 00:00:00,33.76,78.36,,,,,13.6,0.54,39.08,,,,,,,,65.3,,,,,9.89,900.8,
2024-01-30 01:00:00,30.78,70.91,,,,,11.67,0.52,38.08,,,,,,,,75.55,,,,,9.89,921.48,
2024-01-30 02:00:00,30.65,70.59,,,,,11.43,0.48,38.64,,,,,,,,82.45,,,,,9.89,935.56,
2024-01-30 03:00:00,30.1,69.21,,,,,11.12,0.5,38.34,,,,,,,,86.65,,,,,9.89,944.11,
2024-01-30 04:00:00,27.51,62.73,,,,,12.85,0.62,38.58,0.0,0.0,,,,0.11,,88.15,,,,,9.89,947.27,
2024-01-30 05:00:00,26.1,59.2,,,,,11.69,0.6,38.01,,,,,,,,87.0,,,,,9.89,944.98,
2024-01-30 06:00:00,26.05,59.08,,,,,12.18,0.63,37.51,,,,,,,,87.3,,,,,9.89,945.71,
2024-01-30 07:00:00,27.35,62.34,,,,,13.4,0.66,38.06,,,,,,,,85.28,,,,,12.14,941.68,
2024-01-30 08:00:00,27.67,63.14,,,,,15.32,0.74,38.94,,,,,,,,73.72,,,,,85.3,918.37,
2024-01-30 09:00:00,33.76,78.36,,,,,13.71,0.74,38.65,,,,,,,,60.82,,,,,348.92,892.36,
2024-01-30 10:00:00,27.92,63.62,,,,,12.17,0.72,37.75,0.88,1.36,,,,0.4,,49.75,,,,,492.91,869.98,
2024-01-30 11:00:00,8.94,16.31,6.81,9.53,15.63,21.83,9.99,0.62,38.35,0.9,1.36,,,,0.4,,43.3,,,,,561.63,857.38,
2024-01-30 12:00:00,8.94,16.31,13.27,20.61,33.87,28.27,10.73,0.56,37.96,0.89,1.38,,,,0.4,,32.95,,,,,537.48,840.04,
2024-01-30 13:00:00,13.22,24.37,4.4,4.84,3.89,16.94,6.34,0.47,38.96,0.93,1.37,,,,0.4,,28.47,,,,,528.71,828.93,
2024-01-30 14:00:00,27.06,53.61,3.69,1.69,3.94,18.69,8.92,0.42,37.45,0.88,1.37,,,,0.4,,26.78,,,,,413.33,826.96,
2024-01-30 15:00:00,40.23,86.55,8.97,10.8,19.67,23.97,11.86,0.65,37.9,1.44,1.89,,,,0.16,,26.25,,,,,256.52,825.61,
2024-01-30 16:00:00,44.24,96.57,8.65,10.11,18.67,23.65,11.89,0.48,37.45,1.21,2.44,,,,0.17,,26.4,,,,,147.6,825.56,
2024-01-30 17:00:00,46.46,102.12,8.38,9.02,17.36,23.38,13.98,0.6,37.84,3.92,2.63,,,,0.13,,30.28,,,,,31.02,833.47,
2024-01-30 18:00:00,51.84,115.57,7.54,7.37,14.82,22.55,11.73,0.77,38.62,3.58,2.66,,,,0.11,,34.35,,,,,9.89,841.74,
2024-01-30 19:00:00,62.52,142.25,7.71,6.97,14.51,22.72,11.73,1.22,38.2,2.48,3.41,,,,0.11,,36.67,,,,,9.89,846.44,
2024-01-30 20:00:00,79.34,184.32,7.05,7.29,14.01,22.05,10.75,1.66,38.55,2.54,6.24,,,,0.11,,36.5,,,,,9.89,845.98,
2024-01-30 21:00:00,88.75,207.85,8.13,7.48,15.4,23.13,10.74,1.6,37.8,2.28,3.91,,,,0.11,,38.48,,,,,9.89,850.0,
2024-01-30 22:00:00,86.27,201.65,7.96,7.98,15.88,22.96,12.46,1.34,38.76,1.28,4.18,,,,0.14,,44.85,,,,,9.89,862.79,
2024-01-30 23:00:00,79.27,184.15,7.65,8.8,16.36,22.65,12.4,0.87,38.04,0.82,2.38,,,,0.13,,57.08,,,,,9.89,887.57,
2024-01-31 00:00:00,63.86,145.62,7.04,7.56,14.49,22.04,12.31,0.75,38.41,0.55,1.47,,,,0.14,,60.0,,,,,9.89,893.39,
2024-01-31 01:00:00,51.98,115.92,7.52,6.98,14.3,22.52,12.2,0.74,37.79,0.47,1.37,,,,0.15,,69.08,,,,,9.89,911.92,
2024-01-31 02:00:00,47.1,103.72,7.98,9.23,17.12,22.98,12.34,0.73,38.4,0.44,1.24,,,,0.14,,89.3,,,,,9.89,953.4,
2024-01-31 03:00:00,43.62,95.02,7.86,9.66,17.33,22.86,11.13,0.67,38.32,0.35,1.06,,,,0.14,,96.22,,,,,9.89,967.6,
2024-01-31 04:00:00,40.75,87.83,8.62,9.75,18.32,23.62,12.76,0.63,38.02,0.31,0.92,,,,0.13,,98.6,,,,,9.89,972.39,
2024-01-31 05:00:00,37.59,79.94,8.46,9.03,17.37,23.46,11.67,0.62,36.92,0.24,0.76,,,,0.12,,99.28,,,,,9.89,973.83,
2024-01-31 06:00:00,38.2,81.46,7.75,8.46,16.14,22.75,12.75,0.64,37.83,0.16,0.84,,,,0.12,,99.4,,,,,9.89,974.1,
2024-01-31 07:00:00,41.27,89.14,7.35,9.44,16.78,22.35,11.38,0.72,38.32,0.06,0.98,,,,0.13,,99.32,,,,,11.45,973.93,
2024-01-31 08:00:00,41.69,90.2,7.79,6.97,14.61,22.78,10.89,0.78,37.78,0.0,1.16,,,,0.14,,92.55,,,,,62.86,959.93,
2024-01-31 09:00:00,43.36,94.38,7.01,6.15,12.93,22.01,11.38,0.76,37.98,0.0,1.08,,,,0.14,,74.25,,,,,311.38,922.44,
2024-01-31 10:00:00,45.08,98.66,7.54,8.54,15.82,22.54,10.58,0.73,38.56,0.0,0.94,,,,0.12,,63.52,,,,,471.82,900.55,
2024-01-31 11:00:00,44.74,97.81,7.78,7.88,15.58,22.78,9.62,0.7,38.28,0.0,1.03,,,,0.12,,52.48,,,,,561.94,878.05,
2024-01-31 12:00:00,44.15,96.35,7.46,7.03,14.05,22.45,10.52,0.71,38.09,0.0,0.75,,,,0.12,,40.52,,,,,539.49,853.92,
2024-01-31 13:00:00,42.29,91.71,6.76,6.44,13.18,21.76,11.46,0.69,38.39,0.04,0.8,,,,0.13,,34.52,,,,,525.78,841.8,
2024-01-31 14:00:00,42.12,91.26,7.4,8.06,15.36,22.4,13.26,0.66,38.3,0.2,0.69,,,,0.14,,28.42,,,,,459.97,829.4,
2024-01-31 15:00:00,41.55,89.84,8.17,8.59,16.75,23.17,11.42,0.64,37.48,0.12,0.65,,,,0.13,,25.15,,,,,317.81,822.8,
2024-01-31 16:00:00,37.81,80.5,7.26,7.82,15.07,22.26,11.85,0.64,38.66,0.19,0.66,,,,0.12,,23.72,,,,,184.16,819.79,
2024-01-31 17:00:00,37.57,79.89,7.81,8.86,16.58,22.81,12.25,0.7,39.14,0.82,0.76,,,,0.11,,27.42,,,,,42.51,827.34,
2024-01-31 18:00:00,39.05,83.59,7.76,10.3,18.05,22.76,12.05,0.86,38.06,0.34,1.3,,,,0.14,,34.67,,,,,9.89,842.16,
2024-01-31 19:00:00,48.02,106.02,8.74,8.87,17.57,23.74,12.26,1.09,38.42,1.2,2.39,,,,0.14,,37.67,,,,,9.89,848.23,
2024-01-31 20:00:00,64.42,147.04,8.27,8.67,16.79,23.27,11.68,1.4,38.0,0.74,3.57,,,,0.2,,39.1,,,,,9.89,851.07,
2024-01-31 21:00:00,74.67,172.64,7.76,7.51,15.22,22.76,13.64,1.64,38.07,3.76,4.34,,,,0.14,,42.62,,,,,9.89,858.19,
2024-01-31 22:00:00,74.59,172.45,5.9,4.83,10.25,20.9,11.09,1.25,37.94,2.44,3.69,,,,0.12,,51.8,,,,,9.89,877.42,
2024-01-31 23:00:00,65.16,148.89,4.5,1.97,5.88,19.5,11.44,0.97,38.53,0.64,2.01,,,,0.17,,66.22,,,,,9.9,908.77,
2024-02-01 00:00:00,54.19,121.46,6.95,5.51,12.46,21.95,14.24,0.86,38.41,,,,,,,,73.5,,,,,9.9,924.68,
2024-02-01 01:00:00,44.34,96.84,6.72,6.17,12.89,21.72,14.56,0.81,38.04,,,,,,,,80.82,,,,,9.9,940.44,
2024-02-01 02:00:00,36.37,76.9,7.26,8.14,15.4,22.26,23.03,0.81,37.54,,,,,,,,91.02,,,,,9.91,961.23,
2024-02-01 03:00:00,31.82,65.51,8.2,9.94,18.14,23.2,17.55,0.78,38.99,,,,,,,,92.42,,,,,9.9,963.0,
2024-02-01 04:00:00,32.55,67.34,8.46,10.42,18.88,23.46,12.17,0.62,37.5,0.21,0.98,,,,0.12,,94.12,,,,,9.89,965.49,
2024-02-01 05:00:00,35.1,73.73,8.83,10.15,18.94,23.83,11.71,0.48,38.48,0.14,0.98,,,,0.12,,92.12,,,,,9.89,959.96,
2024-02-01 06:00:00,32.92,68.26,8.92,10.65,19.57,23.92,12.76,0.42,37.66,0.03,1.02,,,,0.11,,93.98,,,,,9.89,962.96,
2024-02-01 07:00:00,32.43,67.05,7.3,7.16,14.21,22.3,11.62,0.46,39.32,0.0,1.17,,,,0.11,,86.8,,,,,10.66,947.84,
2024-02-01 08:00:00,35.09,73.69,7.81,7.63,15.34,22.81,13.35,0.55,38.16,0.0,1.38,,,,0.12,,77.28,,,,,57.65,928.06,
2024-02-01 09:00:00,36.94,78.3,9.05,11.28,20.33,24.05,11.62,0.54,38.38,0.0,1.28,,,,0.12,,68.4,,,,,343.4,909.7,
2024-02-01 10:00:00,38.15,81.35,8.74,11.33,20.01,23.74,13.64,0.64,38.8,0.01,1.06,,,,0.11,,52.02,,,,,493.49,876.37,
2024-02-01 11:00:00,35.52,74.76,5.52,5.72,11.02,20.52,11.5,0.68,37.35,0.1,0.72,,,,0.13,,38.85,,,,,589.1,849.86,
2024-02-01 12:00:00,33.58,69.9,4.91,2.77,7.02,19.9,11.53,0.54,38.9,0.13,0.72,,,,0.12,,33.52,,,,,608.19,839.88,
2024-02-01 13:00:00,34.34,71.81,6.77,7.04,13.74,21.77,17.47,0.34,38.26,0.23,0.7,,,,0.14,,29.88,,,,,575.44,832.72,
2024-02-01 14:00:00,33.57,69.89,7.05,7.86,14.91,22.05,16.9,0.3,38.01,0.2,0.67,,,,0.14,,27.98,,,,,474.94,828.88,
2024-02-01 15:00:00,32.82,68.0,7.62,10.44,18.07,22.62,12.8,0.26,38.91,0.29,0.66,,,,0.14,,26.58,,,,,341.56,826.09,
2024-02-01 16:00:00,32.65,67.59,7.03,6.86,13.84,22.03,9.94,0.27,38.34,0.67,0.79,,,,0.17,,25.18,,,,,189.03,823.24,
2024-02-01 17:00:00,32.89,68.2,7.52,7.66,15.16,22.52,11.16,0.42,38.62,1.56,1.23,,,,0.12,,24.25,,,,,51.54,821.53,
2024-02-01 18:00:00,33.1,68.73,7.66,7.4,15.05,22.66,13.83,0.42,38.73,0.55,1.05,,,,0.13,,28.82,,,,,9.89,831.0,
2024-02-01 19:00:00,37.7,80.21,7.63,8.53,16.16,22.63,15.33,0.68,38.67,3.12,2.91,,,,0.11,,35.05,,,,,9.89,843.5,
2024-02-01 20:00:00,49.82,110.52,8.18,9.38,17.56,23.18,11.57,1.06,38.17,5.32,2.2,,,,0.11,,42.25,,,,,9.89,858.2,
2024-02-01 21:00:00,55.33,124.3,7.74,7.1,14.84,22.74,14.8,1.27,37.27,5.82,2.53,,,,0.11,,43.45,,,,,9.89,860.6,
2024-02-01 22:00:00,58.46,132.14,7.07,7.66,14.73,22.07,13.02,1.28,37.52,1.55,3.8,,,,0.16,,51.88,,,,,9.89,877.63,
2024-02-01 23:00:00,58.99,133.46,7.36,7.22,14.58,22.36,11.8,0.78,37.13,1.11,1.24,,,,0.13,,68.85,,,,,9.89,912.24,
2024-02-02 00:00:00,52.18,116.43,7.52,7.79,15.32,22.52,10.95,0.76,38.3,0.97,1.04,,,,0.13,,75.8,,,,,9.89,926.44,
2024-02-02 01:00:00,46.32,101.76,7.47,8.68,16.15,22.47,11.81,0.71,37.99,0.86,0.98,,,,0.13,,81.0,,,,,9.89,937.24,
2024-02-02 02:00:00,41.36,89.37,7.15,7.52,14.67,22.15,15.2,0.67,38.04,0.6,0.86,,,,0.13,,89.12,,,,,9.89,953.97,
2024-02-02 03:00:00,37.28,79.18,6.79,5.4,12.2,21.79,15.01,0.72,37.86,0.44,1.16,,,,0.13,,85.68,,,,,9.89,946.78,
2024-02-02 04:00:00,36.22,76.52,7.22,7.4,14.6,22.22,14.9,0.76,38.43,0.44,2.46,,,,0.13,,89.18,,,,,9.89,953.89,
2024-02-02 05:00:00,39.21,84.0,7.36,6.48,13.73,22.36,14.21,0.74,37.9,0.36,2.0,,,,0.12,,86.48,,,,,9.89,948.47,
2024-02-02 06:00:00,40.02,86.02,6.52,7.36,13.88,21.52,11.44,0.74,38.62,0.09,3.62,,,,0.13,,83.7,,,,,9.89,942.75,
2024-02-02 07:00:00,44.2,96.48,7.65,7.2,14.86,22.65,12.84,0.82,37.78,0.0,3.16,,,,0.14,,83.98,,,,,10.61,943.27,
2024-02-02 08:00:00,48.73,107.79,7.92,8.57,16.46,22.92,8.1,0.79,38.67,0.1,1.86,,,,0.13,,78.58,,,,,52.28,932.21,
2024-02-02 09:00:00,46.37,101.9,7.25,6.34,13.59,22.25,8.7,0.76,38.21,0.26,1.71,,,,0.14,,66.4,,,,,306.16,907.11,
2024-02-02 10:00:00,43.09,93.7,7.11,6.56,13.66,22.11,11.3,0.72,36.1,0.4,1.53,,,,0.14,,56.05,,,,,431.24,885.96,
2024-02-02 11:00:00,43.1,93.71,7.64,7.97,15.61,22.64,13.16,0.74,36.27,0.19,1.19,,,,0.12,,45.45,,,,,554.09,864.87,
2024-02-02 12:00:00,41.64,90.08,7.64,6.76,14.4,22.64,13.96,0.87,35.81,0.11,2.58,,,,0.13,,39.17,,,,,409.53,852.16,
2024-02-02 13:00:00,37.89,80.69,7.17,7.78,14.94,22.17,13.68,0.68,35.65,0.06,2.04,,,,0.13,,35.83,,,,,496.77,845.07,
2024-02-02 14:00:00,35.45,74.6,7.58,7.5,15.08,22.58,12.68,0.68,35.03,0.0,1.69,,,,0.15,,33.52,,,,,417.14,840.21,
2024-02-02 15:00:00,35.6,74.96,7.28,7.07,14.34,22.28,14.77,0.59,35.2,0.06,0.96,,,,0.14,,31.08,,,,,333.41,835.12,
2024-02-02 16:00:00,35.97,75.89,7.54,8.29,15.83,22.54,12.18,0.56,34.03,0.03,0.76,,,,0.12,,31.28,,,,,161.54,835.54,
2024-02-02 17:00:00,35.67,75.15,7.5,7.34,14.84,22.5,12.46,0.71,35.23,0.32,1.25,,,,0.15,,33.45,,,,,27.71,840.02,
2024-02-02 18:00:00,39.05,83.6,7.1,7.26,14.36,22.1,8.02,0.72,35.77,6.03,1.67,,,,0.12,,38.22,,,,,9.89,849.92,
2024-02-02 19:00:00,47.08,103.67,6.74,6.12,12.86,21.74,11.8,1.0,35.1,5.6,2.51,,,,0.11,,44.72,,,,,9.89,863.26,
2024-02-02 20:00:00,57.12,128.79,6.62,6.65,13.12,21.63,10.23,1.16,35.94,2.59,3.44,,,,0.15,,48.85,,,,,9.89,871.75,
2024-02-02 21:00:00,64.0,145.97,7.99,9.7,17.69,22.99,10.54,1.07,35.36,1.4,2.36,,,,0.16,,55.1,,,,,9.89,884.32,
2024-02-02 22:00:00,63.25,144.1,8.04,7.34,15.38,23.03,12.81,0.95,35.87,1.06,2.32,,,,0.17,,62.52,,,,,9.89,899.54,
2024-02-02 23:00:00,56.18,126.42,7.23,8.41,15.64,22.23,8.54,0.74,35.53,0.94,1.19,,,,0.14,,72.78,,,,,9.89,920.56,
2024-02-03 00:00:00,49.62,110.0,7.42,8.71,16.13,22.42,12.14,0.68,36.06,0.75,0.9,,,,0.14,,78.9,,,,,9.89,933.1,
2024-02-03 01:00:00,45.48,99.66,7.48,7.86,15.34,22.48,17.07,0.62,36.7,0.54,0.74,,,,0.13,,85.92,,,,,9.89,947.68,
2024-02-03 02:00:00,39.54,84.83,7.91,8.57,16.48,22.91,17.36,0.66,34.92,0.48,0.72,,,,0.13,,96.95,,,,,9.89,970.45,
2024-02-03 03:00:00,35.84,75.57,7.44,7.65,15.09,22.44,12.16,0.6,35.59,0.37,0.63,,,,0.12,,97.9,,,,,9.89,972.37,
2024-02-03 04:00:00,36.28,76.69,7.26,7.12,14.38,22.26,9.86,0.6,34.98,0.31,0.58,,,,0.12,,98.62,,,,,9.89,973.85,
2024-02-03 05:00:00,34.08,71.16,6.91,7.07,13.98,21.91,10.23,0.62,35.2,0.27,0.58,,,,0.12,,98.92,,,,,9.89,974.43,
2024-02-03 06:00:00,33.23,69.04,7.81,7.52,15.32,22.81,13.0,0.66,35.48,0.22,0.7,,,,0.12,,99.4,,,,,9.89,975.41,
2024-02-03 07:00:00,33.88,70.67,6.96,6.85,13.73,21.96,12.0,0.69,34.37,0.2,0.92,,,,0.12,,99.12,,,,,12.81,974.82,
2024-02-03 08:00:00,35.36,74.36,7.37,6.44,13.8,22.37,16.92,0.81,36.04,0.37,1.49,,,,0.15,,93.42,,,,,58.29,963.03,
2024-02-03 09:00:00,36.3,76.72,6.85,6.44,13.3,21.85,16.47,0.72,34.78,0.24,1.15,,,,0.14,,77.28,,,,,243.47,929.68,
2024-02-03 10:00:00,36.7,77.72,8.07,8.98,17.04,23.07,14.25,0.68,35.06,0.5,0.96,,,,0.12,,65.7,,,,,315.88,905.9,
2024-02-03 11:00:00,38.95,83.34,7.18,8.04,15.22,22.18,13.86,0.66,35.8,0.47,0.86,,,,0.13,,55.12,,,,,495.68,884.17,
2024-02-03 12:00:00,39.17,83.9,6.98,6.93,13.92,21.98,13.84,0.86,35.56,0.5,0.96,,,,0.14,,47.5,,,,,519.43,868.47,
2024-02-03 13:00:00,39.64,85.06,7.21,7.22,14.43,22.21,12.44,1.1,35.12,0.5,2.2,,,,0.16,,42.45,,,,,418.46,858.22,
2024-02-03 14:00:00,42.02,91.01,7.93,8.82,16.75,22.93,13.82,1.12,35.5,0.99,2.6,,,,0.12,,39.35,,,,,406.63,851.81,
2024-02-03 15:00:00,43.73,95.3,7.82,8.04,15.86,22.82,11.58,1.07,35.72,1.16,2.48,,,,0.13,,38.55,,,,,170.08,850.18,
2024-02-03 16:00:00,44.32,96.76,7.16,7.59,14.74,22.17,9.98,1.04,35.89,1.21,3.1,,,,0.14,,39.58,,,,,109.86,852.16,
2024-02-03 17:00:00,46.18,101.43,7.14,5.75,12.74,22.14,10.15,0.99,35.22,1.12,2.7,,,,0.12,,41.75,,,,,29.51,856.73,
2024-02-03 18:00:00,49.45,109.59,7.28,7.51,14.78,22.28,13.88,0.9,35.32,0.88,2.2,,,,0.14,,44.6,,,,,9.89,862.72,
2024-02-03 19:00:00,49.96,110.87,6.72,6.31,13.02,21.72,13.04,0.93,34.98,1.07,2.39,,,,0.14,,45.32,,,,,9.89,864.43,
2024-02-03 20:00:00,48.39,106.94,6.94,6.47,13.17,21.94,14.36,0.84,35.62,0.69,2.32,,,,0.18,,48.18,,,,,9.89,870.36,
2024-02-03 21:00:00,47.68,105.18,7.01,7.4,14.4,22.0,10.15,0.74,35.06,0.38,1.46,,,,0.14,,56.3,,,,,9.89,886.76,
2024-02-03 22:00:00,45.81,100.5,6.98,6.39,13.37,21.98,14.13,0.69,35.17,0.3,1.2,,,,0.13,,62.58,,,,,9.89,899.45,
2024-02-03 23:00:00,45.49,99.68,7.37,7.01,14.38,22.37,11.72,0.68,35.86,0.24,0.97,,,,0.12,,68.25,,,,,9.89,911.09,
2024-02-04 00:00:00,42.41,92.0,7.6,7.96,15.57,22.6,8.25,0.7,36.33,0.18,0.9,,,,0.12,,74.15,,,,,9.89,923.13,
2024-02-04 01:00:00,39.34,84.31,7.32,9.07,16.4,22.32,12.04,0.67,35.2,0.16,0.9,,,,0.13,,77.0,,,,,9.89,929.06,
2024-02-04 02:00:00,38.2,81.46,7.04,8.09,15.14,22.04,11.64,0.65,36.63,0.15,0.83,,,,0.13,,78.78,,,,,9.89,932.6,
2024-02-04 03:00:00,37.82,80.51,7.24,6.56,13.79,22.24,10.39,0.65,35.74,0.13,0.79,,,,0.12,,85.45,,,,,9.89,946.36,
2024-02-04 04:00:00,37.82,80.52,6.99,6.98,13.97,21.99,10.99,0.67,36.01,0.13,0.72,,,,0.12,,92.78,,,,,9.89,961.48,
2024-02-04 05:00:00,35.59,74.94,7.34,7.6,14.8,22.34,15.13,0.64,35.14,0.13,0.75,,,,0.12,,95.85,,,,,9.89,967.72,
2024-02-04 06:00:00,36.05,76.1,7.52,8.07,15.58,22.52,12.8,0.63,35.21,0.12,0.8,,,,0.13,,98.2,,,,,9.89,972.62,
2024-02-04 07:00:00,36.28,76.66,7.26,7.08,14.22,22.26,11.99,0.67,35.11,0.06,0.71,,,,0.14,,96.1,,,,,11.05,968.29,
2024-02-04 08:00:00,34.99,73.44,7.82,7.63,15.46,22.83,13.46,0.7,35.43,0.11,0.88,,,,0.13,,82.3,,,,,39.53,939.85,
2024-02-04 09:00:00,38.06,81.11,7.58,7.63,15.2,22.58,12.7,0.68,35.16,0.01,1.3,,,,0.13,,55.02,,,,,329.01,883.85,
2024-02-04 10:00:00,38.7,82.72,7.42,7.84,15.26,22.42,13.11,0.67,34.17,0.34,0.93,,,,0.13,,42.95,,,,,480.44,859.43,
2024-02-04 11:00:00,39.06,83.62,6.84,6.73,13.57,21.84,11.0,0.65,35.34,0.45,0.8,,,,0.12,,35.17,,,,,577.58,843.56,
2024-02-04 12:00:00,40.91,88.24,8.08,9.18,17.26,23.08,11.01,0.6,34.48,0.77,0.76,,,,0.14,,28.42,,,,,611.83,829.71,
2024-02-04 13:00:00,39.08,83.65,8.27,9.09,17.36,23.27,11.13,0.57,33.93,0.57,0.71,,,,0.14,,25.18,,,,,567.06,822.87,
2024-02-04 14:00:00,37.78,80.43,8.36,8.85,17.2,23.36,12.9,0.58,36.36,0.37,0.7,,,,0.15,,22.85,,,,,467.36,818.08,
2024-02-04 15:00:00,39.09,83.69,7.73,9.4,17.12,22.73,9.07,0.6,35.8,0.26,0.62,,,,0.12,,22.62,,,,,334.62,817.58,
2024-02-04 16:00:00,39.56,84.87,7.75,7.98,15.74,22.75,10.98,0.58,35.79,0.21,0.55,,,,0.12,,24.22,,,,,182.86,820.77,
2024-02-04 17:00:00,38.26,81.62,6.77,6.53,13.3,21.77,7.86,0.59,35.9,0.2,0.56,,,,0.12,,26.32,,,,,46.32,825.2,
2024-02-04 18:00:00,37.16,78.88,7.0,6.68,13.68,22.0,12.72,0.66,36.02,0.2,0.69,,,,0.12,,30.72,,,,,9.89,834.3,
2024-02-04 19:00:00,38.59,82.45,7.09,6.19,13.28,22.09,14.41,0.78,34.61,0.21,1.2,,,,0.13,,33.25,,,,,9.89,839.67,
2024-02-04 20:00:00,40.28,86.67,7.2,6.68,13.86,22.21,11.33,0.76,34.82,0.12,1.14,,,,0.13,,36.17,,,,,9.89,845.87,
2024-02-04 21:00:00,39.62,85.02,7.64,7.68,15.32,22.64,9.5,0.76,35.82,0.09,0.94,,,,0.14,,41.95,,,,,9.89,857.45,
2024-02-04 22:00:00,39.6,84.97,7.36,7.51,14.86,22.36,12.34,0.74,35.3,0.14,0.76,,,,0.13,,47.25,,,,,9.89,868.17,
2024-02-04 23:00:00,36.4,76.97,6.64,6.67,13.32,21.64,13.64,0.72,35.2,0.13,0.68,,,,0.13,,54.15,,,,,9.89,882.14,
2024-02-05 00:00:00,34.97,73.41,7.48,7.24,14.72,22.48,12.25,0.7,35.78,0.12,0.6,,,,0.13,,60.6,,,,,9.89,895.26,
2024-02-05 01:00:00,35.04,73.58,7.93,8.68,16.61,22.93,11.82,0.72,35.02,0.08,0.48,,,,0.12,,67.9,,,,,9.89,910.18,
2024-02-05 02:00:00,32.36,66.86,6.8,7.0,13.8,21.8,11.99,0.71,35.16,0.07,0.46,,,,0.12,,72.08,,,,,9.89,918.72,
2024-02-05 03:00:00,32.47,67.16,7.6,8.09,15.68,22.6,10.28,0.66,35.66,0.01,0.35,,,,0.12,,77.05,,,,,9.89,928.95,
2024-02-05 04:00:00,32.22,66.53,7.54,7.98,15.52,22.54,9.44,0.66,35.39,0.0,0.34,,,,0.12,,82.88,,,,,9.89,941.01,
2024-02-05 05:00:00,32.33,66.8,7.6,6.92,14.52,22.6,11.67,0.67,34.79,0.0,0.41,,,,0.12,,92.45,,,,,9.89,960.62,
2024-02-05 06:00:00,31.91,65.75,7.45,7.77,15.22,22.45,14.17,0.76,35.01,0.0,0.87,,,,0.14,,94.72,,,,,9.89,965.38,
2024-02-05 07:00:00,34.76,72.88,6.97,7.98,14.94,21.97,14.85,0.78,35.6,0.0,1.26,,,,0.13,,88.82,,,,,9.89,953.22,
2024-02-05 08:00:00,38.21,81.48,7.31,7.44,14.75,22.31,12.3,0.89,33.93,0.0,1.54,,,,0.16,,63.98,,,,,14.13,902.12,
2024-02-05 09:00:00,41.97,90.89,7.2,7.64,14.85,22.2,11.23,0.83,35.5,0.22,1.32,,,,0.17,,44.72,,,,,365.24,862.82,
2024-02-05 10:00:00,44.62,97.52,7.78,7.82,15.6,22.78,10.47,0.72,35.21,0.86,1.34,,,,0.17,,34.02,,,,,521.76,841.14,
2024-02-05 11:00:00,43.72,95.26,8.12,7.74,15.83,23.12,13.3,0.78,34.55,3.42,1.77,,,,0.22,,28.6,,,,,604.73,830.55,
2024-02-05 12:00:00,41.13,88.8,7.22,7.12,14.33,22.22,13.24,0.66,34.31,1.46,0.52,,,,0.22,,24.58,,,,,625.23,822.52,
2024-02-05 13:00:00,40.24,86.58,7.27,8.07,15.33,22.26,13.14,0.57,36.0,0.09,0.52,,,,0.29,,20.65,,,,,590.48,814.18,
2024-02-05 14:00:00,36.73,77.8,6.92,6.97,13.88,21.92,14.0,0.53,35.73,0.05,0.52,,,,0.26,,18.92,,,,,484.69,810.67,
2024-02-05 15:00:00,31.6,64.98,7.7,7.03,14.73,22.7,14.27,0.55,35.71,0.18,0.52,,,,0.26,,19.58,,,,,339.98,812.25,
2024-02-05 16:00:00,34.9,73.22,11.9,15.96,27.81,26.91,11.16,0.46,35.28,0.0,0.52,,,,0.13,,19.5,,,,,192.18,811.43,
2024-02-05 17:00:00,44.57,97.4,6.35,7.75,13.3,21.34,11.58,0.42,35.7,0.12,0.52,,,,0.2,,23.0,,,,,47.34,818.31,
2024-02-05 18:00:00,48.18,106.43,6.81,6.38,13.18,21.81,11.42,0.43,35.24,0.48,1.89,,,,0.17,,27.78,,,,,9.89,828.42,
2024-02-05 19:00:00,44.64,97.58,7.33,8.19,15.52,22.33,10.22,0.58,34.69,1.12,2.55,,,,0.14,,28.2,,,,,9.89,829.98,
2024-02-05 20:00:00,43.99,95.96,1.81,22.27,24.02,16.81,7.62,0.74,35.41,0.88,2.42,,,,0.15,,30.35,,,,,9.9,834.67,
2024-02-05 21:00:00,43.01,93.5,2.4,22.05,24.45,17.4,11.43,0.61,35.68,0.78,2.41,,,,0.13,,42.08,,,,,9.9,858.77,
2024-02-05 22:00:00,42.09,91.2,1.33,19.83,21.16,16.33,10.89,0.74,36.05,,,,,,,,52.05,,,,,9.89,879.7,
2024-02-05 23:00:00,41.04,88.57,2.16,21.39,23.52,17.16,12.54,0.66,35.95,0.69,2.39,,,,0.12,,57.82,,,,,9.9,891.46,
2024-02-06 00:00:00,39.63,85.05,2.81,23.93,26.74,17.81,13.04,0.58,35.95,0.68,2.38,,,,0.12,,62.05,,,,,9.89,899.38,
2024-02-06 01:00:00,39.5,84.72,3.22,23.15,26.36,18.21,14.92,0.49,34.21,0.67,2.38,,,,0.12,,66.32,,,,,9.89,907.32,
2024-02-06 02:00:00,38.34,81.82,2.34,20.25,22.5,17.34,16.82,0.44,36.04,0.66,2.38,,,,0.12,,68.15,,,,,9.89,910.52,
2024-02-06 03:00:00,37.81,80.51,2.37,20.98,23.18,17.37,14.61,0.51,34.58,0.65,2.38,,,,0.12,,71.68,,,,,9.89,917.62,
2024-02-06 04:00:00,36.75,77.85,2.98,23.14,26.12,17.98,11.8,0.61,35.94,0.66,2.38,,,,0.12,,81.3,,,,,9.89,937.29,
2024-02-06 05:00:00,35.71,75.25,2.55,21.91,24.46,17.54,12.29,0.66,35.33,0.64,2.38,,,,0.12,,91.45,,,,,9.89,958.09,
2024-02-06 06:00:00,36.7,77.73,2.38,21.0,23.37,17.38,12.96,0.67,35.42,0.64,2.39,,,,0.15,,97.08,,,,,9.89,969.41,
2024-02-06 07:00:00,37.91,80.74,2.08,21.1,23.11,17.08,12.65,0.8,35.09,0.9,2.42,,,,0.16,,97.8,,,,,9.89,971.21,
2024-02-06 08:00:00,44.9,98.21,2.0,20.13,22.04,17.0,14.74,1.02,36.13,0.65,2.5,,,,0.18,,67.2,,,,,10.28,908.41,
2024-02-06 09:00:00,51.75,115.33,2.3,21.58,23.81,17.3,14.0,0.74,35.14,0.97,2.49,,,,0.22,,37.22,,,,,373.65,847.44,
2024-02-06 10:00:00,51.03,113.54,1.61,19.18,20.74,16.61,10.94,0.65,35.42,3.0,2.46,,,,0.17,,30.58,,,,,528.19,834.26,
2024-02-06 11:00:00,51.6,114.98,2.92,22.91,25.84,17.92,11.35,0.64,35.86,3.36,2.46,,,,0.23,,29.72,,,,,602.01,832.35,
2024-02-06 12:00:00,52.04,116.08,3.37,24.1,27.46,18.37,9.48,0.65,35.28,2.42,2.45,,,,0.2,,25.75,,,,,617.63,824.0,
2024-02-06 13:00:00,50.91,113.24,3.56,23.77,27.3,18.56,14.15,0.63,35.89,2.4,2.51,,,,0.3,,21.65,,,,,580.5,815.49,
2024-02-06 14:00:00,49.69,110.18,2.97,22.59,25.53,17.97,17.67,0.7,35.9,3.8,2.53,,,,0.31,,20.08,,,,,481.23,812.09,
2024-02-06 15:00:00,48.37,106.89,3.2,20.4,23.6,18.21,14.54,0.69,35.06,4.06,2.51,,,,0.26,,19.05,,,,,345.5,809.84,
2024-02-06 16:00:00,47.59,104.94,1.27,17.87,18.93,16.27,15.88,0.84,35.06,4.08,2.51,,,,0.22,,19.8,,,,,193.41,811.32,
2024-02-06 17:00:00,47.28,104.16,2.03,21.86,23.74,17.02,12.78,1.06,35.54,3.41,2.56,,,,0.17,,21.08,,,,,52.4,813.92,
2024-02-06 18:00:00,48.07,100.69,3.74,22.84,26.52,15.0,12.23,0.97,35.08,3.75,2.56,,,,0.12,,24.73,,,,,9.89,823.13,
2024-02-06 19:00:00,12.29,78.31,198.52,20.75,27.31,21.22,12.66,1.08,34.33,1.42,2.5,,,,0.03,,35.18,,,,,9.89,836.8,
2024-02-06 20:00:00,12.29,74.25,4.65,15.04,19.6,17.94,12.19,1.03,57.61,1.1,2.56,,,,0.05,,40.18,,,,,9.89,853.49,
2024-02-06 21:00:00,35.5,73.6,4.31,16.2,20.51,11.32,13.16,0.88,58.78,0.92,2.53,,,,0.03,,49.47,,,,,9.89,872.41,
2024-02-06 22:00:00,43.8,74.4,3.68,13.21,16.01,10.51,19.24,0.92,61.34,,,,,,,,58.94,,,,,9.89,892.35,
2024-02-06 23:00:00,,70.13,3.52,14.42,17.92,10.52,15.81,0.92,47.25,,,,,,,,65.69,,,,,9.89,906.98,
2024-02-07 00:00:00,,63.19,4.53,16.08,20.62,11.53,13.73,0.95,44.95,,,,,,,,70.85,,,,,9.9,918.17,
2024-02-07 01:00:00,,63.15,4.27,14.61,18.88,11.28,13.34,0.95,43.84,,,,,,,,74.5,,,,,9.9,926.14,
2024-02-07 02:00:00,,57.67,5.18,18.42,23.0,11.99,12.59,0.94,42.85,,,,,,,,72.78,,,,,9.89,923.53,
2024-02-07 03:00:00,,55.97,5.69,19.2,24.9,12.69,16.84,0.82,110.8,,,,,,,,72.46,,,,,9.89,921.16,
2024-02-07 04:00:00,,62.83,5.81,18.38,24.19,12.81,14.87,0.63,124.99,,,,,,,,70.44,,,,,9.89,916.0,
2024-02-07 05:00:00,,68.92,5.89,19.4,25.28,12.89,14.22,0.58,72.09,,,,,,,,75.42,,,,,9.89,925.5,
2024-02-07 06:00:00,,74.42,7.48,22.14,29.62,14.48,12.26,0.71,8.98,,,,,,,,91.15,,,,,9.89,957.06,
2024-02-07 07:00:00,,84.19,7.26,22.08,29.33,14.26,11.47,0.61,12.71,,,,,,,,78.69,,,,,9.89,931.31,
2024-02-07 08:00:00,,96.97,6.53,19.21,25.74,13.53,11.12,0.7,24.25,,,,,,,,51.34,,,,,9.93,875.52,
2024-02-07 09:00:00,,105.61,6.66,20.24,26.88,13.66,13.82,0.6,34.12,,,,,,,,35.1,,,,,358.66,842.43,
2024-02-07 10:00:00,,103.33,3.38,12.39,15.53,10.38,10.53,0.57,35.08,,,,,,,,27.22,,,,,523.55,826.43,
2024-02-07 11:00:00,,98.8,3.04,13.62,16.59,10.04,17.65,0.51,50.09,,,,,,,,21.97,,,,,607.55,815.9,
2024-02-07 12:00:00,16.29,91.39,5.31,18.99,24.3,12.31,15.27,0.8,35.87,0.0,0.0,,,,,,17.89,,,,,629.45,807.42,
2024-02-07 13:00:00,42.14,86.73,4.69,15.71,20.35,11.69,13.96,0.64,58.45,14.58,2.67,,,,,,15.9,,,,,595.39,803.65,
2024-02-07 14:00:00,28.48,76.46,3.72,15.02,18.73,10.71,12.92,0.72,66.17,16.39,3.36,,,,0.08,,15.62,,,,,491.63,803.42,
2024-02-07 15:00:00,34.36,70.4,6.89,19.8,26.68,13.89,13.75,0.67,64.54,0.04,3.18,,,,0.36,,14.24,,,,,356.67,800.46,
2024-02-07 16:00:00,43.24,65.84,5.12,16.84,21.96,12.12,11.53,0.66,53.06,0.0,2.9,,,,,,16.09,,,,,196.18,804.16,
2024-02-07 17:00:00,35.61,67.29,4.64,18.11,22.76,11.64,13.16,0.77,58.29,0.0,2.87,,,,,,17.24,,,,,54.6,806.52,
2024-02-07 18:00:00,22.45,70.04,2.8,10.58,13.28,9.82,11.95,0.94,36.06,0.0,2.82,,,,8.46,,20.57,,,,,9.89,813.6,
2024-02-07 19:00:00,21.29,74.2,4.09,16.64,20.73,11.09,12.18,0.9,24.37,0.0,2.88,,,,7.49,,22.33,,,,,9.89,817.26,
2024-02-07 20:00:00,51.46,84.69,4.09,16.3,20.39,11.09,14.6,0.94,27.16,0.0,2.79,,,,7.23,,27.26,,,,,9.89,827.36,
2024-02-07 21:00:00,30.63,108.68,4.58,17.84,22.42,11.58,10.44,0.84,42.98,0.0,2.77,,,,7.1,,31.72,,,,,9.89,836.62,
2024-02-07 22:00:00,20.7,104.6,4.85,17.74,22.58,11.85,12.91,0.76,61.46,0.0,2.77,,,,6.84,,36.84,,,,,9.89,847.2,
2024-02-07 23:00:00,37.82,84.98,4.12,15.82,19.94,11.12,12.59,0.73,70.92,0.0,2.78,,,,6.57,,43.4,,,,,9.89,860.69,
2024-02-08 00:00:00,37.54,75.23,3.8,15.17,18.97,10.8,13.44,0.71,82.44,0.0,2.75,,,,6.34,,51.28,,,,,9.89,876.68,
2024-02-08 01:00:00,13.39,66.12,4.63,17.27,21.9,11.63,12.32,0.72,81.6,0.0,2.82,,,,5.76,,56.3,,,,,9.89,886.89,
2024-02-08 02:00:00,17.12,63.69,4.94,17.28,22.22,11.94,12.1,0.68,82.77,0.0,2.79,,,,5.56,,59.06,,,,,9.89,892.4,
2024-02-08 03:00:00,28.24,61.22,4.33,16.2,20.52,11.33,12.19,0.68,102.3,0.0,2.81,,,,5.66,,64.61,,,,,9.89,903.76,
2024-02-08 04:00:00,26.7,59.79,5.19,19.06,24.25,12.19,13.2,0.69,85.87,0.0,2.67,,,,4.98,,71.37,,,,,9.89,917.78,
2024-02-08 05:00:00,33.42,58.87,5.27,17.26,22.52,12.27,13.32,0.75,81.36,0.0,2.62,,,,4.78,,71.12,,,,,9.89,917.18,
2024-02-08 06:00:00,19.58,60.24,4.46,15.61,20.06,11.46,17.4,0.79,46.54,0.0,2.64,,,,4.92,,70.14,,,,,9.89,915.2,
2024-02-08 07:00:00,22.44,73.82,4.39,16.36,20.76,11.39,13.56,0.88,28.66,0.0,2.55,,,,4.57,,61.91,,,,,10.88,898.35,
2024-02-08 08:00:00,20.94,89.15,4.28,16.35,20.63,11.28,10.82,1.26,17.52,0.0,2.63,,,,4.43,,47.08,,,,,23.98,868.11,
2024-02-08 09:00:00,7.45,99.67,4.99,17.37,22.36,11.98,11.89,0.92,41.16,0.0,2.75,,,,4.84,,30.92,,,,,336.77,834.97,
2024-02-08 10:00:00,19.66,101.4,5.86,18.44,24.29,12.86,12.67,0.79,61.58,0.0,2.9,,,,6.5,,22.03,,,,,510.44,816.56,
2024-02-08 11:00:00,28.28,99.15,4.76,18.05,22.81,11.76,8.62,0.69,60.22,0.0,2.82,,,,7.67,,19.48,,,,,609.02,811.14,
2024-02-08 12:00:00,11.62,95.62,6.25,20.2,26.44,13.25,11.82,0.88,65.91,0.25,3.05,,,,7.78,,16.52,,,,,536.66,805.01,
2024-02-08 13:00:00,25.9,84.05,4.76,18.3,23.06,11.76,14.1,1.02,73.09,0.44,2.77,,,,0.85,,14.49,,,,,518.1,801.16,
2024-02-08 14:00:00,37.88,76.18,6.14,19.17,25.31,13.14,11.2,1.02,70.02,0.36,2.74,,,,0.39,,12.9,,,,,428.22,797.82,
2024-02-08 15:00:00,34.53,60.52,5.32,17.8,23.12,12.32,14.02,0.95,62.16,0.34,2.75,,,,0.4,,11.9,,,,,328.03,795.64,
2024-02-08 16:00:00,86.48,116.82,4.58,16.25,20.84,11.58,12.97,0.96,71.86,0.42,2.81,,,,0.44,,12.6,,,,,154.79,797.05,
2024-02-08 17:00:00,80.8,133.88,3.62,14.03,17.66,10.62,12.18,1.11,52.78,0.42,2.98,,,,0.39,,15.39,,,,,36.92,802.87,
2024-02-08 18:00:00,89.46,141.95,4.61,17.34,21.95,11.61,14.08,1.23,32.26,0.58,3.02,,,,0.39,,19.58,,,,,9.89,811.74,
2024-02-08 19:00:00,,,4.52,15.43,19.96,11.52,13.73,1.23,23.71,0.49,2.92,,,,0.39,,22.54,,,,,9.89,818.19,
2024-02-08 20:00:00,73.25,153.03,4.38,16.34,20.72,11.38,8.87,0.87,45.31,0.66,3.29,,,,0.39,,28.4,,,,,9.89,830.46,
2024-02-08 21:00:00,110.25,154.51,4.28,14.78,19.06,11.28,7.44,0.76,60.35,,,,,,,,32.83,,,,,9.89,839.74,
2024-02-08 22:00:00,89.9,153.54,4.42,16.63,21.05,11.42,12.41,0.72,52.91,,,,,,,,36.8,,,,,9.89,847.88,
2024-02-08 23:00:00,44.22,151.43,4.76,17.03,21.78,11.76,7.11,0.64,54.54,,,,,,,,41.55,,,,,9.89,857.66,
2024-02-09 00:00:00,26.23,149.16,5.11,17.98,23.09,12.11,7.94,0.5,57.57,0.52,3.38,,,,0.39,,45.15,,,,,9.89,864.36,
2024-02-09 01:00:00,31.69,145.3,6.38,20.6,26.97,13.38,9.68,0.45,57.36,0.48,3.23,,,,0.39,,49.24,,,,,9.89,871.93,
2024-02-09 02:00:00,22.07,141.31,4.81,15.71,20.52,11.81,9.4,0.31,47.66,0.37,3.06,,,,0.39,,55.91,,,,,9.89,885.13,
2024-02-09 03:00:00,29.75,136.41,4.88,16.63,20.62,11.64,9.99,0.36,49.05,0.4,3.09,,,,0.39,,59.36,,,,,9.89,892.08,
2024-02-09 04:00:00,56.74,129.34,4.93,18.52,23.46,11.93,11.42,0.67,46.12,0.44,3.09,,,,0.39,,65.03,,,,,9.89,903.46,
2024-02-09 05:00:00,26.7,128.5,5.33,19.17,24.5,12.33,12.61,0.67,38.52,0.38,2.95,,,,0.39,,66.88,,,,,9.89,907.38,
2024-02-09 06:00:00,60.38,130.61,4.09,15.8,19.87,11.09,13.5,0.8,26.76,0.39,2.97,,,,0.39,,69.43,,,,,9.89,912.39,
2024-02-09 07:00:00,85.61,132.76,4.16,15.66,19.81,11.16,8.7,0.84,26.54,0.38,2.96,,,,0.39,,63.14,,,,,9.89,899.52,
2024-02-09 08:00:00,64.54,141.95,5.26,18.39,23.65,12.26,8.51,0.8,37.34,0.31,2.85,,,,0.39,,48.76,,,,,12.06,870.29,
2024-02-09 09:00:00,63.15,149.45,5.16,16.46,21.62,12.16,14.12,0.8,53.15,0.28,2.8,,,,0.39,,34.42,,,,,328.2,841.21,
2024-02-09 10:00:00,61.07,148.61,5.26,17.04,22.29,12.25,13.48,0.73,79.26,0.28,2.78,,,,0.39,,28.19,,,,,515.64,828.48,
2024-02-09 11:00:00,42.04,146.95,4.07,16.3,20.37,11.08,14.68,0.69,88.0,0.29,2.75,,,,0.39,,23.5,,,,,603.44,818.94,
2024-02-09 12:00:00,29.17,147.76,5.62,18.5,24.12,12.62,16.38,0.72,79.34,0.3,2.75,,,,0.39,,19.97,,,,,626.36,811.78,
2024-02-09 13:00:00,40.97,148.45,5.81,19.47,25.28,12.81,12.84,0.72,83.3,0.36,2.7,,,,0.4,,18.16,,,,,581.5,808.04,
2024-02-09 14:00:00,23.32,148.06,5.58,18.77,24.35,12.58,9.3,0.72,77.54,0.36,2.74,,,,0.41,,16.67,,,,,478.04,804.97,
2024-02-09 15:00:00,25.56,142.41,3.98,15.88,19.79,10.98,10.38,0.8,67.78,0.32,2.72,,,,0.41,,14.05,,,,,352.34,799.61,
2024-02-09 16:00:00,8.55,137.96,4.91,18.46,23.38,11.91,13.21,0.97,66.75,0.23,2.7,,,,0.41,,14.64,,,,,205.26,800.83,
2024-02-09 17:00:00,56.98,141.36,5.34,18.62,23.97,12.34,11.04,0.92,62.59,0.31,2.78,,,,0.4,,17.31,,,,,57.35,806.31,
2024-02-09 18:00:00,83.84,144.2,3.57,14.81,18.34,10.57,13.64,0.95,50.0,0.32,2.84,,,,0.39,,20.65,,,,,9.89,813.29,
2024-02-09 19:00:00,61.81,147.22,5.3,17.42,22.72,12.3,11.46,0.98,28.56,0.37,2.82,,,,0.39,,25.45,,,,,9.89,823.21,
2024-02-09 20:00:00,89.77,152.72,6.29,20.72,27.01,13.29,8.27,0.86,48.44,0.45,2.82,,,,0.39,,35.72,,,,,9.89,844.0,
2024-02-09 21:00:00,86.9,157.97,4.93,15.92,20.84,11.93,13.47,0.78,61.28,0.38,2.72,,,,0.39,,48.92,,,,,9.89,870.68,
2024-02-09 22:00:00,53.02,157.35,5.31,18.28,23.59,12.31,14.58,0.77,51.66,0.31,2.69,,,,0.39,,57.9,,,,,9.89,888.8,
2024-02-09 23:00:00,50.62,148.85,4.64,16.04,20.6,11.64,12.78,0.73,61.5,0.28,2.67,,,,0.39,,68.55,,,,,9.89,910.48,
2024-02-10 00:00:00,55.63,141.24,4.97,19.32,24.28,11.96,11.33,0.72,85.32,0.25,2.64,,,,0.39,,84.78,,,,,9.89,943.74,
2024-02-10 01:00:00,70.93,137.32,4.89,18.96,23.83,11.89,10.43,0.74,78.96,0.21,2.62,,,,0.39,,90.01,,,,,9.89,954.47,
2024-02-10 02:00:00,47.93,129.55,5.25,17.92,23.17,12.25,13.18,0.73,73.68,0.18,2.62,,,,0.39,,90.23,,,,,9.89,954.94,
2024-02-10 03:00:00,34.87,127.7,5.15,18.29,23.44,12.15,13.98,0.68,67.11,0.16,2.59,,,,0.39,,88.94,,,,,9.89,952.3,
2024-02-10 04:00:00,39.71,127.22,4.62,15.56,20.15,11.62,11.62,0.62,63.03,0.16,2.59,,,,0.39,,89.67,,,,,9.89,953.79,
2024-02-10 05:00:00,68.67,122.18,4.44,16.06,20.5,11.43,11.01,0.62,61.14,0.14,2.58,,,,0.39,,92.66,,,,,9.89,959.96,
2024-02-10 06:00:00,36.65,120.88,5.12,17.51,22.62,12.12,12.12,0.58,64.84,0.14,2.56,,,,0.39,,95.19,,,,,9.89,965.17,
2024-02-10 07:00:00,68.06,123.9,4.14,14.87,19.0,11.14,13.15,0.62,51.21,0.13,2.55,,,,0.39,,93.97,,,,,9.92,962.66,
2024-02-10 08:00:00,81.29,129.88,5.73,19.03,24.75,12.73,10.68,0.65,49.14,0.11,2.54,,,,0.39,,83.15,,,,,22.96,940.46,
2024-02-10 09:00:00,41.52,134.07,5.96,17.23,23.18,12.96,10.94,0.66,58.53,0.12,2.54,,,,0.39,,65.21,,,,,314.82,903.66,
2024-02-10 10:00:00,38.05,135.99,4.46,14.95,19.38,11.46,12.17,0.66,74.56,0.2,2.54,,,,0.39,,53.42,,,,,508.6,879.62,
2024-02-10 11:00:00,50.43,135.96,3.52,14.28,17.76,10.52,10.15,0.7,86.96,0.16,2.51,,,,0.39,,41.58,,,,,596.96,855.7,
2024-02-10 12:00:00,58.43,138.91,4.4,15.6,20.0,11.4,8.55,0.79,85.2,0.11,2.51,,,,0.39,,32.85,,,,,615.88,837.97,
2024-02-10 13:00:00,49.26,141.93,5.17,17.43,22.6,12.17,12.08,0.78,83.07,0.13,2.52,,,,0.39,,27.13,,,,,576.56,826.25,
2024-02-10 14:00:00,38.7,142.08,5.82,20.18,26.0,12.82,14.78,0.84,80.34,0.2,2.54,,,,0.4,,23.0,,,,,481.27,817.79,
2024-02-10 15:00:00,39.53,143.98,5.57,17.48,23.04,12.57,13.17,0.86,72.43,0.23,2.6,,,,0.42,,24.12,,,,,335.36,820.13,
2024-02-10 16:00:00,33.63,147.01,4.86,16.85,21.72,11.86,14.44,0.86,75.41,0.23,2.62,,,,0.4,,26.92,,,,,167.71,825.84,
2024-02-10 17:00:00,46.69,145.26,4.8,17.4,22.2,11.79,13.99,0.93,63.2,0.28,2.65,,,,0.39,,30.04,,,,,43.9,832.24,
2024-02-10 18:00:00,70.53,148.95,3.78,15.74,19.52,10.78,14.33,0.88,62.35,0.22,2.6,,,,0.39,,34.4,,,,,9.89,841.27,
2024-02-10 19:00:00,83.22,154.81,5.44,17.49,22.94,12.44,12.97,0.83,60.16,0.21,2.58,,,,0.39,,39.65,,,,,9.89,851.84,
2024-02-10 20:00:00,63.72,150.0,5.47,18.65,24.12,12.48,11.74,0.82,54.2,0.18,2.55,,,,0.39,,47.07,,,,,9.89,866.8,
2024-02-10 21:00:00,75.14,150.44,4.24,17.14,21.38,11.24,14.04,0.66,62.53,0.15,2.53,,,,0.39,,53.72,,,,,9.89,880.16,
2024-02-10 22:00:00,80.77,151.43,4.95,18.3,23.24,11.95,13.57,0.76,62.15,0.12,2.52,,,,0.39,,57.89,,,,,9.89,888.59,
2024-02-10 23:00:00,47.42,146.14,4.17,14.35,18.49,11.17,10.52,0.69,72.91,0.11,2.51,,,,0.39,,63.99,,,,,9.89,900.99,
2024-02-11 00:00:00,80.99,147.07,5.36,18.75,24.11,12.36,12.9,0.69,76.53,0.1,2.5,,,,0.39,,75.19,,,,,9.89,923.95,
2024-02-11 01:00:00,71.28,147.26,5.51,17.97,23.48,12.51,14.23,0.66,71.4,0.09,2.49,,,,0.39,,85.89,,,,,9.89,945.91,
2024-02-11 02:00:00,73.34,145.52,5.1,17.75,22.84,12.1,15.08,0.62,67.24,0.1,2.48,,,,0.39,,92.24,,,,,9.89,958.99,
2024-02-11 03:00:00,66.52,142.2,4.96,18.18,23.14,11.96,10.58,0.64,59.92,0.08,2.48,,,,0.39,,94.42,,,,,9.89,963.42,
2024-02-11 04:00:00,39.3,136.15,4.35,16.07,20.41,11.35,13.36,0.7,57.86,0.08,2.48,,,,0.39,,96.32,,,,,9.89,967.42,
2024-02-11 05:00:00,69.82,132.29,5.2,18.29,23.48,12.2,13.62,0.68,54.98,0.09,2.48,,,,0.39,,94.68,,,,,9.89,964.05,
2024-02-11 06:00:00,53.59,132.74,4.84,17.43,22.28,11.84,12.93,0.74,46.92,0.09,2.48,,,,0.39,,95.28,,,,,9.89,965.33,
2024-02-11 07:00:00,52.77,130.93,5.1,17.9,22.73,12.1,12.88,0.75,44.66,0.07,2.48,,,,0.39,,95.37,,,,,10.28,965.47,
2024-02-11 08:00:00,68.78,126.98,4.36,18.86,23.22,11.36,12.89,0.76,48.66,0.08,2.48,,,,0.39,,86.14,,,,,26.13,946.57,
2024-02-11 09:00:00,52.36,127.33,4.48,16.82,21.3,11.48,11.31,0.74,51.68,0.08,2.48,,,,0.39,,66.85,,,,,306.3,906.97,
2024-02-11 10:00:00,67.92,126.25,4.36,16.1,20.38,11.35,13.22,0.84,69.94,0.03,1.22,,,,0.29,,48.43,,,,,524.79,869.49,
2024-02-11 11:00:00,39.46,132.75,4.47,17.7,22.14,11.47,13.4,0.86,78.58,0.06,1.64,,,,0.39,,37.52,,,,,608.34,847.33,
2024-02-11 12:00:00,49.96,140.5,4.72,16.12,20.84,11.72,12.74,,79.69,0.06,2.12,,,,0.34,,31.01,,,,,624.86,834.16,
2024-02-11 13:00:00,40.5,137.21,4.76,16.8,21.56,11.76,15.28,,80.13,0.08,2.44,,,,0.39,,29.01,,,,,585.55,830.04,
2024-02-11 14:00:00,29.49,137.46,4.12,14.94,19.07,11.13,15.84,,79.09,0.06,2.43,,,,0.39,,25.74,,,,,480.41,823.4,
2024-02-11 15:00:00,38.48,136.6,5.5,18.82,24.32,12.5,12.91,,76.82,0.08,2.43,,,,0.39,,24.74,,,,,346.5,821.36,
2024-02-11 16:00:00,25.58,135.35,5.64,18.43,24.08,12.64,13.37,,74.68,0.06,2.43,,,,0.39,,23.55,,,,,198.51,818.94,
2024-02-11 17:00:00,24.07,130.04,4.5,16.48,20.98,11.5,13.42,,75.15,0.06,2.43,,,,0.39,,27.91,,,,,46.88,827.9,
2024-02-11 18:00:00,44.46,122.16,6.15,18.53,24.68,11.9,11.18,,76.64,0.04,1.84,,,,0.39,,34.08,,,,,9.89,840.5,
2024-02-11 19:00:00,71.27,121.45,5.01,16.91,21.92,12.02,12.24,0.6,60.24,0.06,2.1,,,,0.34,,37.74,,,,,9.89,847.84,
2024-02-11 20:00:00,75.72,129.95,5.36,16.26,21.62,12.36,10.96,0.67,48.62,0.05,2.45,,,,0.39,,44.37,,,,,9.89,861.23,
2024-02-11 21:00:00,56.58,131.26,5.54,17.83,23.36,12.54,9.82,0.66,57.41,0.06,2.45,,,,0.39,,53.45,,,,,9.89,879.56,
2024-02-11 22:00:00,59.51,134.53,5.14,17.94,23.09,12.14,10.93,0.64,64.53,0.07,2.45,,,,0.39,,60.41,,,,,9.89,893.68,
2024-02-11 23:00:00,67.18,135.11,5.47,17.86,23.34,12.47,15.47,0.63,85.54,0.06,2.45,,,,0.39,,67.18,,,,,9.89,907.46,
2024-02-12 00:00:00,84.84,132.34,4.86,15.51,20.37,11.86,15.67,0.59,97.73,0.06,2.46,,,,0.39,,73.11,,,,,9.89,919.62,
2024-02-12 01:00:00,42.07,137.92,6.04,19.2,25.24,13.04,12.32,0.58,92.46,0.05,2.46,,,,0.39,,81.26,,,,,9.89,936.4,
2024-02-12 02:00:00,58.0,139.49,4.39,16.32,20.69,11.4,10.73,0.6,71.59,0.05,2.44,,,,0.39,,94.14,,,,,9.89,962.76,
2024-02-12 03:00:00,55.9,134.08,5.6,16.88,22.47,12.6,10.24,0.62,64.28,0.04,2.43,,,,0.39,,98.51,,,,,9.89,971.72,
2024-02-12 04:00:00,81.21,130.31,4.22,15.43,19.64,11.22,12.41,0.79,45.07,0.04,2.43,,,,0.39,,99.44,,,,,9.89,973.63,
2024-02-12 05:00:00,63.08,135.55,4.96,16.92,21.88,11.96,11.49,0.75,38.15,0.06,2.44,,,,0.39,,98.42,,,,,9.89,971.53,
2024-02-12 06:00:00,71.47,137.91,5.01,17.66,22.65,12.01,10.23,0.84,23.81,0.05,2.44,,,,0.39,,95.23,,,,,9.89,965.0,
2024-02-12 07:00:00,88.22,149.54,5.03,18.03,23.06,12.02,11.17,0.9,19.37,0.06,2.46,,,,0.39,,84.89,,,,,9.89,943.93,
2024-02-12 08:00:00,110.2,186.84,4.76,16.16,20.92,11.76,11.38,0.98,28.44,0.1,2.5,,,,0.39,,50.43,,,,,9.89,873.78,
2024-02-12 09:00:00,91.61,205.6,5.55,17.33,22.88,12.55,8.6,0.88,43.22,0.1,2.51,,,,0.4,,28.21,,,,,329.12,828.54,
2024-02-12 10:00:00,55.04,197.8,3.45,14.75,18.08,10.44,15.44,0.78,59.14,0.08,2.5,,,,0.39,,16.13,,,,,549.46,803.9,
2024-02-12 11:00:00,43.5,110.82,4.14,16.52,20.63,11.14,12.32,0.76,59.52,0.11,2.52,,,,0.39,,12.59,,,,,629.33,796.74,
2024-02-12 12:00:00,55.07,99.44,5.59,18.42,24.02,12.6,12.64,0.75,73.71,0.1,2.51,,,,0.39,,12.49,,,,,631.99,796.43,
2024-02-12 13:00:00,16.98,99.06,4.97,18.51,23.48,11.98,12.32,0.72,77.64,0.11,2.5,,,,0.39,,13.35,,,,,595.25,798.12,
2024-02-12 14:00:00,37.31,89.6,5.27,18.94,24.2,12.26,11.32,0.71,73.38,0.15,2.51,,,,0.39,,14.23,,,,,492.4,799.86,
2024-02-12 15:00:00,33.91,82.54,4.82,17.35,22.11,11.82,12.89,0.78,71.59,0.21,2.52,,,,0.39,,15.07,,,,,345.53,801.58,
2024-02-12 16:00:00,29.35,76.8,4.98,16.07,21.02,11.98,13.94,0.89,69.58,0.22,2.53,,,,0.39,,17.2,,,,,193.67,805.93,
2024-02-12 17:00:00,65.07,75.14,4.21,17.35,21.56,11.21,12.94,1.02,61.89,0.19,2.6,,,,0.39,,20.96,,,,,50.9,813.62,
2024-02-12 18:00:00,35.85,74.78,4.88,15.16,20.02,11.88,14.18,0.94,54.91,0.16,2.62,,,,0.39,,25.48,,,,,9.89,822.91,
2024-02-12 19:00:00,61.32,74.29,3.9,15.34,19.23,10.9,15.19,0.81,54.32,0.18,2.63,,,,0.39,,30.45,,,,,9.89,833.2,
2024-02-12 20:00:00,,,4.05,15.7,19.75,11.05,12.27,0.77,61.5,0.16,2.58,,,,0.39,,38.78,,,,,9.89,850.34,
2024-02-12 21:00:00,63.8,67.96,4.01,15.47,19.48,11.01,17.39,0.7,76.59,0.12,2.55,,,,0.39,,51.55,,,,,9.89,876.47,
2024-02-12 22:00:00,,,4.68,17.4,22.08,11.68,15.71,0.68,80.0,0.1,2.53,,,,0.39,,58.97,,,,,9.89,891.83,
2024-02-12 23:00:00,,,4.46,16.95,21.42,11.46,15.48,0.69,98.91,0.1,2.5,,,,0.39,,66.89,,,,,9.89,908.35,
2024-02-13 00:00:00,51.75,61.67,5.18,18.12,23.3,12.18,12.64,0.72,96.72,0.09,2.48,,,,0.39,,71.96,,,,,9.89,919.06,
2024-02-13 01:00:00,55.27,61.98,4.22,15.96,20.18,11.22,8.96,0.8,97.86,0.09,2.47,,,,0.39,,76.24,,,,,9.89,928.08,
2024-02-13 02:00:00,23.52,51.28,4.84,16.76,21.6,11.84,9.83,0.8,93.65,0.08,2.46,,,,0.39,,84.02,,,,,9.89,944.4,
2024-02-13 03:00:00,37.51,49.51,4.24,16.2,20.43,11.24,12.18,0.77,84.44,0.07,2.45,,,,0.39,,94.16,,,,,9.89,965.64,
2024-02-13 04:00:00,,,4.2,16.2,20.4,11.2,12.93,0.71,77.69,0.07,2.44,,,,0.39,,95.71,,,,,9.89,969.1,
2024-02-13 05:00:00,14.06,45.06,5.22,17.06,22.28,12.22,12.57,0.71,70.62,0.05,2.43,,,,0.39,,96.7,,,,,9.89,971.08,
2024-02-13 06:00:00,30.19,42.9,5.2,18.22,23.42,12.2,14.34,0.69,59.44,0.05,2.42,,,,0.39,,97.62,,,,,9.89,972.94,
2024-02-13 07:00:00,,,4.78,15.93,20.72,11.78,10.98,0.76,49.04,0.05,2.42,,,,0.39,,95.46,,,,,9.9,968.42,
2024-02-13 08:00:00,28.08,46.46,4.72,18.0,22.72,11.71,12.04,0.8,45.5,0.05,2.44,,,,0.39,,82.04,,,,,11.96,940.66,
2024-02-13 09:00:00,35.6,48.33,4.12,15.92,20.04,11.12,11.71,0.79,56.78,0.06,2.46,,,,0.39,,63.79,,,,,324.07,902.86,
2024-02-13 10:00:00,46.2,50.93,5.23,18.98,24.21,12.23,12.85,0.72,63.5,0.06,2.46,,,,0.39,,51.38,,,,,519.31,877.08,
2024-02-13 11:00:00,25.74,52.76,5.28,17.81,23.08,12.27,13.08,0.64,74.08,0.05,2.45,,,,0.39,,42.44,,,,,596.48,858.53,
2024-02-13 12:00:00,12.47,58.04,5.24,18.66,23.91,12.25,12.8,0.58,75.25,0.09,2.5,,,,0.39,,35.28,,,,,614.26,843.6,
2024-02-13 13:00:00,27.54,57.37,4.98,17.49,22.48,11.98,11.14,0.51,76.34,0.11,2.48,,,,0.39,,31.81,,,,,572.35,836.26,
2024-02-13 14:00:00,6.33,55.53,5.6,18.39,23.99,12.6,13.46,0.52,72.81,0.16,2.5,,,,0.39,,28.94,,,,,478.52,830.22,
2024-02-13 15:00:00,1.3,55.82,5.43,17.8,23.23,12.43,12.82,0.56,70.83,0.18,2.5,,,,0.39,,28.88,,,,,340.06,829.98,
2024-02-13 16:00:00,0.6,50.45,5.97,19.15,25.12,12.97,11.1,0.56,66.17,0.22,2.51,,,,0.39,,29.41,,,,,189.16,830.98,
2024-02-13 17:00:00,45.54,54.44,4.56,17.48,22.04,11.56,12.94,0.76,44.45,0.13,2.57,,,,0.39,,31.65,,,,,49.9,835.55,
2024-02-13 18:00:00,61.68,64.42,4.36,14.12,18.43,11.36,12.46,0.84,36.92,0.22,2.59,,,,0.39,,35.38,,,,,9.89,843.2,
2024-02-13 19:00:00,62.45,64.2,4.86,16.84,21.71,11.86,11.7,0.79,34.09,0.2,2.58,,,,0.39,,40.3,,,,,9.89,853.36,
2024-02-13 20:00:00,53.18,63.21,4.97,17.48,22.46,11.96,12.62,0.78,38.98,0.16,2.58,,,,0.39,,45.02,,,,,9.89,863.05,
2024-02-13 21:00:00,59.95,65.27,4.29,16.56,20.85,11.28,12.82,0.71,50.37,0.14,2.55,,,,0.39,,54.46,,,,,9.89,882.4,
2024-02-13 22:00:00,47.01,58.93,5.06,17.13,22.19,12.06,14.66,0.71,52.94,0.13,2.52,,,,0.39,,61.08,,,,,9.89,896.15,
2024-02-13 23:00:00,54.14,59.0,4.17,16.43,20.6,11.18,13.7,0.7,62.98,0.14,2.5,,,,0.39,,71.67,,,,,9.89,918.07,
2024-02-14 00:00:00,,,4.29,16.82,21.11,11.28,10.76,0.75,72.45,0.12,2.48,,,,0.39,,84.04,,,,,9.89,943.76,
2024-02-14 01:00:00,29.18,50.9,4.36,16.2,20.56,11.36,10.84,0.76,70.77,0.1,2.47,,,,0.39,,92.88,,,,,9.89,962.21,
2024-02-14 02:00:00,46.64,49.44,4.54,16.93,21.48,11.54,13.02,0.74,62.61,0.08,2.46,,,,0.39,,95.11,,,,,9.89,967.0,
2024-02-14 03:00:00,,,4.65,17.24,21.9,11.66,13.61,0.72,50.1,0.08,2.45,,,,0.39,,96.32,,,,,9.89,969.66,
2024-02-14 04:00:00,,,4.91,17.75,22.66,11.91,11.81,0.69,47.02,0.07,2.46,,,,0.39,,96.6,,,,,9.89,970.44,
2024-02-14 05:00:00,44.56,45.53,4.75,17.31,22.06,11.75,10.12,0.71,42.34,0.07,2.46,,,,0.39,,99.23,,,,,9.89,976.07,
2024-02-14 06:00:00,33.47,40.2,4.41,16.32,20.73,11.41,10.54,0.69,38.08,0.06,2.45,,,,0.39,,99.46,,,,,9.89,976.76,
2024-02-14 07:00:00,40.3,41.22,4.84,17.68,22.52,11.84,9.19,0.76,27.96,0.06,2.46,,,,0.39,,98.3,,,,,9.89,974.27,
2024-02-14 08:00:00,,,4.3,16.04,20.34,11.3,10.2,0.88,35.04,0.06,2.47,,,,0.39,,85.05,,,,,12.99,946.87,
2024-02-14 09:00:00,26.99,59.58,4.68,17.31,21.99,11.68,14.85,0.89,38.97,0.06,2.47,,,,0.39,,67.52,,,,,302.76,910.51,
2024-02-14 10:00:00,50.16,63.04,4.8,17.4,22.2,11.81,14.94,0.79,54.6,0.12,2.5,,,,0.39,,53.03,,,,,520.39,880.38,
2024-02-14 11:00:00,22.48,57.09,5.61,18.56,24.18,12.61,14.64,0.72,75.0,0.12,2.5,,,,0.39,,42.35,,,,,603.92,858.19,
2024-02-14 12:00:00,14.92,50.4,5.51,18.41,23.88,12.42,13.3,0.62,75.12,0.19,2.5,,,,0.39,,35.34,,,,,596.52,843.62,
2024-02-14 13:00:00,1.98,48.55,5.16,17.21,22.37,12.16,10.87,0.58,65.84,0.06,2.52,,,,0.39,,31.13,,,,,576.1,834.75,
2024-02-14 14:00:00,7.87,49.42,6.51,19.34,25.85,13.51,14.47,0.6,67.44,0.25,2.52,,,,0.39,,30.12,,,,,451.04,832.53,
2024-02-14 15:00:00,26.07,51.27,5.14,17.85,22.94,12.14,14.56,0.59,69.8,0.21,2.54,,,,0.39,,28.98,,,,,325.72,830.06,
2024-02-14 16:00:00,11.59,48.92,5.54,18.53,24.08,12.54,13.44,0.62,69.54,0.22,2.52,,,,0.39,,30.03,,,,,180.11,832.16,
2024-02-14 17:00:00,44.63,52.11,4.96,17.59,22.54,11.96,10.12,0.75,64.35,0.2,2.55,,,,0.39,,32.94,,,,,38.99,838.05,
2024-02-14 18:00:00,45.66,54.87,3.7,13.96,17.64,10.7,13.72,0.72,58.67,0.23,2.56,,,,0.39,,36.96,,,,,9.89,846.33,
2024-02-14 19:00:00,56.95,59.84,4.41,16.56,20.98,11.41,11.56,0.75,65.98,0.21,2.55,,,,0.39,,41.72,,,,,9.89,856.18,
2024-02-14 20:00:00,,,5.01,17.54,22.55,12.01,12.38,0.8,56.1,0.18,2.53,,,,0.39,,49.18,,,,,9.89,871.47,
2024-02-14 21:00:00,,,4.14,14.85,18.99,11.14,11.6,0.72,63.61,0.24,2.51,,,,0.39,,54.25,,,,,9.89,881.96,
2024-02-14 22:00:00,,,4.37,16.75,21.12,11.37,15.08,0.67,72.65,0.17,2.49,,,,0.39,,56.7,,,,,9.89,887.17,
2024-02-14 23:00:00,57.49,60.63,4.97,17.32,22.29,11.97,12.49,0.71,85.14,0.13,2.46,,,,0.39,,62.36,,,,,9.89,898.94,
2024-02-15 00:00:00,51.7,58.72,4.3,16.96,21.27,11.3,10.14,0.74,85.79,0.1,2.45,,,,0.39,,67.84,,,,,9.89,910.35,
2024-02-15 01:00:00,60.3,62.35,4.54,16.38,20.92,11.55,13.39,0.74,84.22,0.09,2.44,,,,0.39,,73.98,,,,,9.89,923.19,
2024-02-15 02:00:00,36.65,52.21,4.87,17.87,22.74,11.87,13.3,0.74,72.91,0.08,2.44,,,,0.39,,79.45,,,,,9.89,934.62,
2024-02-15 03:00:00,46.85,52.32,4.72,17.27,22.0,11.72,11.66,0.7,63.9,0.07,2.44,,,,0.39,,84.7,,,,,9.89,945.67,
2024-02-15 04:00:00,25.91,46.87,5.04,17.74,22.78,12.04,11.1,0.63,60.52,0.06,2.45,,,,0.39,,88.28,,,,,9.89,953.29,
2024-02-15 05:00:00,39.42,47.21,4.87,16.94,21.8,11.87,10.22,0.66,52.09,0.07,2.45,,,,0.39,,90.39,,,,,9.89,957.81,
2024-02-15 06:00:00,29.62,47.55,5.26,16.71,21.98,12.26,12.1,0.68,37.36,0.06,2.44,,,,0.39,,94.44,,,,,9.89,966.25,
2024-02-15 07:00:00,46.88,55.4,4.97,17.22,22.2,11.98,12.25,0.8,29.69,0.08,2.46,,,,0.39,,90.03,,,,,9.89,957.06,
2024-02-15 08:00:00,,,5.18,18.37,23.56,12.18,13.12,0.92,35.69,0.09,2.51,,,,0.39,,57.55,,,,,10.4,890.01,
2024-02-15 09:00:00,50.84,71.79,5.11,17.32,22.42,12.1,13.98,0.76,56.46,0.07,2.47,,,,0.39,,39.67,,,,,315.2,853.31,
2024-02-15 10:00:00,40.17,67.62,4.7,15.8,20.51,11.7,13.98,0.7,72.34,0.13,2.49,,,,0.39,,30.93,,,,,542.29,835.12,
2024-02-15 11:00:00,22.4,65.28,4.87,17.42,22.28,11.87,13.1,0.65,72.63,0.14,2.48,,,,0.39,,26.08,,,,,614.42,824.88,
2024-02-15 12:00:00,10.74,63.12,5.29,18.58,23.88,12.29,11.94,0.64,78.69,0.12,2.48,,,,0.39,,22.07,,,,,615.33,816.46,
2024-02-15 13:00:00,20.14,60.3,6.1,18.44,24.54,13.1,12.32,0.6,80.14,0.09,2.46,,,,0.39,,19.12,,,,,576.85,810.23,
2024-02-15 14:00:00,4.44,57.36,5.83,18.65,24.48,12.83,15.01,0.58,68.66,0.18,2.5,,,,0.39,,17.6,,,,,474.9,807.02,
2024-02-15 15:00:00,20.62,53.14,6.1,19.53,25.62,13.1,12.78,0.64,71.8,0.22,2.5,,,,0.39,,18.37,,,,,293.72,808.48,
2024-02-15 16:00:00,17.89,56.61,4.9,17.08,21.98,11.9,12.97,0.68,67.54,0.19,2.51,,,,0.39,,20.11,,,,,181.36,812.01,
2024-02-15 17:00:00,18.87,59.68,4.69,16.55,21.21,11.69,12.71,0.74,60.56,0.15,2.54,,,,0.39,,22.69,,,,,18.69,817.28,
2024-02-15 18:00:00,41.4,58.16,4.42,15.71,20.12,11.42,14.32,0.76,48.33,0.16,2.56,,,,0.39,,26.0,,,,,9.89,824.1,
2024-02-15 19:00:00,54.63,66.16,4.78,17.22,21.99,11.77,12.61,0.75,48.71,0.2,2.54,,,,0.39,,30.39,,,,,9.89,833.24,
2024-02-15 20:00:00,,,4.68,17.31,21.98,11.68,10.84,0.73,60.85,0.15,2.52,,,,0.39,,43.56,,,,,9.89,860.19,
2024-02-15 21:00:00,38.93,70.23,4.65,17.44,22.09,11.65,13.52,0.63,76.82,0.12,2.51,,,,0.39,,51.61,,,,,9.89,876.72,
2024-02-15 22:00:00,55.5,70.92,5.04,19.31,24.36,12.04,13.98,0.65,89.78,0.12,2.48,,,,0.39,,58.62,,,,,9.89,891.19,
2024-02-15 23:00:00,50.93,62.85,4.52,17.34,21.86,11.52,13.22,0.68,95.07,0.08,2.46,,,,0.39,,65.01,,,,,9.89,904.46,
2024-02-16 00:00:00,62.73,65.29,4.74,17.36,22.1,11.74,12.04,0.72,90.72,0.08,2.45,,,,0.39,,69.09,,,,,9.89,913.03,
2024-02-16 01:00:00,62.76,65.57,4.9,16.18,21.08,11.9,13.78,0.74,89.8,0.06,2.44,,,,0.39,,75.64,,,,,9.89,926.7,
2024-02-16 02:00:00,,,4.6,17.22,21.82,11.6,11.1,0.74,72.78,0.05,2.43,,,,0.39,,80.95,,,,,9.89,937.78,
2024-02-16 03:00:00,52.77,54.86,5.23,16.5,21.73,12.23,10.54,0.69,55.11,0.04,2.42,,,,0.39,,85.31,,,,,9.89,946.91,
2024-02-16 04:00:00,40.62,52.12,4.79,17.58,22.38,11.79,11.26,0.61,59.81,0.05,2.42,,,,0.39,,60.95,,,,,9.89,896.9,
2024-02-16 05:00:00,23.77,46.67,4.61,16.93,21.54,11.6,9.68,0.67,54.56,0.04,2.42,,,,0.39,,58.1,,,,,9.89,891.18,
2024-02-16 06:00:00,35.17,43.15,4.8,17.62,22.42,11.8,11.79,0.63,44.13,0.04,2.42,,,,0.39,,57.45,,,,,9.89,889.69,
2024-02-16 07:00:00,44.81,47.83,4.83,18.04,22.86,11.83,12.83,0.73,42.65,0.04,2.42,,,,0.39,,58.84,,,,,9.89,892.44,
2024-02-16 08:00:00,,,4.45,16.11,20.56,11.45,13.5,0.78,51.13,0.04,2.43,,,,0.39,,63.71,,,,,10.34,902.45,
2024-02-16 09:00:00,58.58,59.39,4.6,17.88,22.48,11.6,12.19,0.73,58.31,0.05,2.44,,,,0.39,,60.36,,,,,287.39,895.53,
2024-02-16 10:00:00,40.81,62.32,4.82,19.14,23.96,11.82,12.08,0.7,61.13,0.04,2.43,,,,0.39,,51.26,,,,,519.82,876.72,
2024-02-16 11:00:00,16.72,61.81,5.64,17.3,22.94,12.64,13.08,0.68,60.62,0.08,2.44,,,,0.39,,43.81,,,,,604.33,861.19,
2024-02-16 12:00:00,32.03,59.56,5.0,18.08,23.08,12.0,10.77,0.56,67.91,0.09,2.44,,,,0.39,,40.62,,,,,609.14,854.37,
2024-02-16 13:00:00,20.19,62.4,5.58,18.63,24.22,12.58,11.66,0.52,70.88,0.09,2.44,,,,0.39,,36.14,,,,,572.65,845.03,
2024-02-16 14:00:00,9.72,66.13,6.61,20.15,26.76,13.61,14.3,0.53,68.7,0.1,2.44,,,,0.39,,33.66,,,,,477.32,839.81,
2024-02-16 15:00:00,8.74,66.24,5.68,19.49,25.15,12.68,14.78,0.56,64.94,0.13,2.46,,,,0.39,,32.32,,,,,336.97,836.94,
2024-02-16 16:00:00,1.47,68.06,4.63,15.55,20.18,11.63,15.43,0.57,65.6,0.14,2.46,,,,0.39,,33.81,,,,,180.22,839.89,
2024-02-16 17:00:00,36.79,69.84,4.42,18.14,22.56,11.42,15.66,0.64,60.82,0.17,2.48,,,,0.39,,38.42,,,,,40.24,849.22,
2024-02-16 18:00:00,47.88,67.48,4.13,16.58,20.72,11.13,14.23,0.64,55.88,0.13,2.48,,,,0.39,,42.17,,,,,9.89,856.91,
2024-02-16 19:00:00,42.83,63.82,3.78,15.31,19.09,10.78,11.98,0.64,42.69,0.12,2.47,,,,0.39,,47.14,,,,,9.89,867.18,
2024-02-16 20:00:00,60.01,65.01,3.59,15.62,19.22,10.6,13.87,0.77,46.93,0.12,2.45,,,,0.39,,51.08,,,,,9.89,875.36,
2024-02-16 21:00:00,49.2,61.39,3.99,14.01,17.99,10.98,13.24,0.74,60.38,0.09,2.45,,,,0.39,,56.65,,,,,9.89,886.86,
2024-02-16 22:00:00,43.38,55.53,4.59,17.3,21.89,11.59,10.42,0.69,80.54,0.06,2.44,,,,0.39,,64.92,,,,,9.89,903.94,
2024-02-16 23:00:00,48.87,54.42,4.05,14.7,18.74,11.05,11.44,0.68,81.55,0.06,2.43,,,,0.39,,64.86,,,,,9.89,904.01,
2024-02-17 00:00:00,42.18,47.43,5.2,18.48,23.68,12.19,10.17,0.84,70.17,0.05,2.42,,,,0.39,,64.37,,,,,9.89,903.18,
2024-02-17 01:00:00,,,4.9,16.93,21.83,11.9,8.01,1.0,46.73,0.06,2.41,,,,0.39,,66.47,,,,,9.89,907.65,
2024-02-17 02:00:00,,,3.9,15.4,19.31,10.9,14.61,0.79,53.8,0.06,2.41,,,,0.39,,69.82,,,,,9.89,914.72,
2024-02-17 03:00:00,28.72,75.0,4.04,16.99,21.04,11.04,16.11,0.72,55.69,0.04,2.41,,,,0.39,,71.73,,,,,9.89,918.82,
2024-02-17 04:00:00,31.06,66.9,4.87,18.75,23.63,11.87,14.52,0.62,56.29,0.05,2.41,,,,0.39,,62.77,,,,,9.89,900.47,
2024-02-17 05:00:00,46.08,60.76,5.32,18.34,23.66,12.32,12.84,0.66,58.68,0.04,2.41,,,,0.39,,50.18,,,,,9.89,874.78,
2024-02-17 06:00:00,19.4,43.07,5.52,19.04,24.56,12.52,10.13,0.74,47.4,0.04,2.41,,,,0.39,,46.76,,,,,9.89,867.81,
2024-02-17 07:00:00,32.96,50.02,5.28,17.79,23.07,12.28,11.11,0.77,45.68,0.04,2.42,,,,0.39,,41.47,,,,,9.89,856.93,
2024-02-17 08:00:00,38.97,52.51,5.5,18.4,23.9,12.5,10.37,0.78,56.42,0.04,2.42,,,,0.39,,33.73,,,,,9.91,841.08,
2024-02-17 09:00:00,49.11,56.57,5.04,17.23,22.27,12.04,11.56,0.78,61.39,0.03,2.42,,,,0.39,,27.08,,,,,284.8,827.34,
2024-02-17 10:00:00,53.42,62.14,4.99,19.46,24.45,11.99,9.85,0.75,69.75,0.05,2.45,,,,0.39,,25.18,,,,,526.87,823.25,
2024-02-17 11:00:00,18.3,64.62,5.78,18.37,24.16,12.78,13.13,0.7,76.84,0.12,2.46,,,,0.4,,24.46,,,,,609.02,821.53,
2024-02-17 12:00:00,1.74,61.3,5.64,19.8,25.45,12.64,14.08,0.53,82.43,0.12,2.45,,,,0.39,,21.75,,,,,623.52,815.76,
2024-02-17 13:00:00,21.97,56.04,5.32,18.11,23.44,12.32,12.92,0.47,81.62,0.08,2.49,,,,0.4,,19.43,,,,,586.76,810.82,
2024-02-17 14:00:00,10.9,54.36,5.65,17.61,23.46,12.65,14.12,0.53,89.82,0.13,2.49,,,,0.4,,19.29,,,,,493.32,810.37,
2024-02-17 15:00:00,27.68,54.32,6.13,20.42,26.54,13.12,10.78,0.54,76.22,0.15,2.49,,,,0.4,,19.08,,,,,342.23,809.88,
2024-02-17 16:00:00,11.58,54.12,5.81,18.2,24.01,12.81,11.78,0.6,77.26,0.18,2.52,,,,0.39,,19.85,,,,,189.03,811.39,
2024-02-17 17:00:00,49.02,64.99,3.72,14.26,17.98,10.72,14.07,0.88,53.65,0.2,2.58,,,,0.39,,23.71,,,,,42.56,819.29,
2024-02-17 18:00:00,68.2,75.97,4.08,16.06,20.1,11.09,12.65,0.86,48.47,0.2,2.55,,,,0.39,,28.38,,,,,9.89,828.89,
2024-02-17 19:00:00,70.39,75.44,4.23,14.7,18.94,11.23,12.93,0.74,42.28,0.08,2.54,,,,0.39,,30.8,,,,,9.89,833.88,
2024-02-17 20:00:00,64.88,71.44,4.32,14.5,18.82,11.32,12.84,0.73,56.35,0.18,2.53,,,,0.39,,40.04,,,,,9.89,852.86,
2024-02-17 21:00:00,63.6,71.08,4.41,15.81,20.22,11.41,12.63,0.66,71.57,0.17,2.5,,,,0.39,,45.75,,,,,9.89,864.64,
2024-02-17 22:00:00,49.99,74.98,3.65,14.8,18.45,10.65,10.44,0.61,78.97,0.17,2.47,,,,0.39,,50.07,,,,,9.89,873.59,
2024-02-17 23:00:00,54.0,72.16,4.39,15.77,20.16,11.39,13.11,0.54,85.23,0.12,2.46,,,,0.39,,54.63,,,,,9.89,883.02,
2024-02-18 00:00:00,50.2,65.47,4.64,16.49,21.12,11.64,13.57,0.57,90.68,0.1,2.44,,,,0.39,,59.28,,,,,9.89,892.64,
2024-02-18 01:00:00,51.69,62.84,4.45,17.31,21.76,11.45,15.07,0.64,87.02,0.08,2.44,,,,0.39,,62.78,,,,,9.89,899.95,
2024-02-18 02:00:00,41.9,52.19,4.72,16.47,21.18,11.72,13.77,0.63,84.2,0.07,2.43,,,,0.39,,64.23,,,,,9.89,903.07,
2024-02-18 03:00:00,40.33,48.78,4.37,17.28,21.66,11.37,10.42,0.68,67.19,0.06,2.43,,,,0.39,,66.28,,,,,9.89,907.49,
2024-02-18 04:00:00,35.14,50.8,5.08,17.98,23.07,12.08,13.45,0.72,63.64,0.06,2.42,,,,0.39,,68.61,,,,,9.89,912.38,
2024-02-18 05:00:00,46.78,54.94,4.88,18.38,23.26,11.88,12.7,0.72,61.12,0.06,2.43,,,,0.39,,63.65,,,,,9.89,902.21,
2024-02-18 06:00:00,53.44,53.61,4.31,16.4,20.7,11.31,10.58,0.73,50.68,0.06,2.44,,,,0.39,,61.55,,,,,9.89,898.02,
2024-02-18 07:00:00,80.01,95.64,4.5,16.57,21.07,11.5,15.41,0.76,48.36,0.07,2.44,,,,0.39,,58.36,,,,,9.89,891.46,
2024-02-18 08:00:00,56.38,87.98,5.0,18.27,23.26,12.0,14.89,0.82,58.98,0.06,2.43,,,,0.39,,46.85,,,,,16.5,867.87,
2024-02-18 09:00:00,22.55,78.76,4.46,18.3,22.76,11.46,13.15,0.76,78.73,0.04,2.42,,,,0.39,,44.99,,,,,256.85,863.97,
2024-02-18 10:00:00,58.84,76.42,5.14,18.19,23.33,12.14,12.78,0.7,100.22,0.05,2.42,,,,0.39,,40.91,,,,,507.26,855.4,
2024-02-18 11:00:00,27.58,71.86,6.24,21.23,27.46,13.24,13.32,0.69,106.98,0.04,2.41,,,,0.39,,33.97,,,,,581.42,840.95,
2024-02-18 12:00:00,11.02,65.83,5.61,19.23,24.84,12.61,14.76,0.58,118.53,0.04,2.41,,,,0.39,,27.54,,,,,594.99,827.58,
2024-02-18 13:00:00,8.22,59.38,6.34,20.24,26.58,13.34,14.36,0.56,98.7,0.04,2.41,,,,0.39,,20.59,,,,,553.35,813.18,
2024-02-18 14:00:00,17.34,60.36,5.41,20.12,25.52,12.41,12.14,0.56,101.46,0.04,2.41,,,,0.39,,20.17,,,,,454.97,812.19,
2024-02-18 15:00:00,11.44,57.22,5.56,18.69,24.24,12.57,12.53,0.59,103.56,0.04,2.41,,,,0.39,,19.41,,,,,316.07,810.52,
2024-02-18 16:00:00,5.62,50.88,4.34,14.65,18.95,11.33,13.93,0.74,99.79,0.05,2.42,,,,0.39,,19.64,,,,,150.76,811.0,
2024-02-18 17:00:00,22.15,43.23,4.82,17.42,22.24,11.83,14.29,0.79,86.95,0.05,2.42,,,,0.39,,21.54,,,,,25.12,814.87,
2024-02-18 18:00:00,35.38,41.67,4.11,16.19,20.3,11.11,10.69,0.82,75.98,0.05,2.42,,,,0.39,,24.12,,,,,9.89,820.24,
2024-02-18 19:00:00,43.27,45.51,3.93,13.28,17.2,10.94,10.12,0.87,44.0,0.06,2.46,,,,0.39,,27.74,,,,,9.89,827.67,
2024-02-18 20:00:00,,,3.29,15.05,18.32,10.28,11.78,0.73,60.11,0.06,2.46,,,,0.39,,34.48,,,,,9.89,841.54,
2024-02-18 21:00:00,,,3.94,15.14,19.08,10.94,11.69,0.61,61.36,0.04,2.43,,,,0.39,,45.84,,,,,9.89,864.77,
2024-02-18 22:00:00,49.9,53.82,4.34,16.18,20.53,11.34,10.23,0.6,70.03,0.04,2.42,,,,0.39,,52.92,,,,,9.89,879.3,
2024-02-18 23:00:00,50.16,50.8,4.27,15.87,20.14,11.26,9.67,0.59,81.02,0.04,2.42,,,,0.39,,57.8,,,,,9.89,889.36,
2024-02-19 00:00:00,9.7,43.44,4.82,20.18,25.0,11.82,8.51,0.59,83.77,0.04,2.41,,,,0.39,,64.54,,,,,9.89,903.3,
2024-02-19 01:00:00,28.82,36.67,5.03,17.79,22.82,12.03,10.33,0.61,77.0,0.03,2.41,,,,0.39,,65.36,,,,,9.89,905.14,
2024-02-19 02:00:00,33.06,40.92,4.39,16.64,21.04,11.39,10.28,0.65,73.43,0.03,2.41,,,,0.39,,57.69,,,,,9.89,889.58,
2024-02-19 03:00:00,37.21,38.44,4.44,16.32,20.76,11.44,10.97,0.64,70.41,0.02,2.4,,,,0.39,,55.47,,,,,9.89,885.17,
2024-02-19 04:00:00,22.96,30.02,4.68,17.69,22.36,11.68,12.17,0.61,68.44,0.02,2.4,,,,0.39,,61.38,,,,,9.89,897.44,
2024-02-19 05:00:00,18.81,30.31,4.44,16.79,21.24,11.44,11.25,0.67,52.78,0.03,2.4,,,,0.39,,63.69,,,,,9.89,902.37,
2024-02-19 06:00:00,,,4.3,16.74,21.04,11.3,12.53,0.63,51.94,0.03,2.4,,,,0.39,,57.41,,,,,9.89,889.48,
2024-02-19 07:00:00,16.18,38.66,4.39,15.84,20.23,11.4,12.32,0.71,45.55,0.04,2.41,,,,0.39,,51.03,,,,,9.89,876.49,
2024-02-19 08:00:00,42.05,42.27,4.31,16.23,20.54,11.31,10.83,0.78,50.28,0.04,2.42,,,,0.39,,39.86,,,,,20.11,853.64,
2024-02-19 09:00:00,41.9,52.22,5.38,18.07,23.44,12.37,7.97,0.71,59.58,0.04,2.42,,,,0.39,,31.17,,,,,242.08,835.68,
2024-02-19 10:00:00,42.4,56.47,4.87,18.61,24.22,12.08,9.84,0.63,68.54,0.03,2.42,,,,0.39,,20.56,,,,,493.67,813.74,
2024-02-19 11:00:00,14.14,57.44,6.1,19.21,25.32,13.1,12.56,0.6,67.11,0.08,2.42,,,,0.39,,15.99,,,,,595.36,804.16,
2024-02-19 12:00:00,17.15,55.69,6.02,19.62,25.64,13.01,15.32,0.67,83.22,0.16,2.55,,,,0.39,,17.01,,,,,607.91,805.98,
2024-02-19 13:00:00,22.96,53.24,5.06,17.78,22.84,12.06,13.26,0.68,85.26,0.11,2.52,,,,0.39,,16.48,,,,,569.36,804.7,
2024-02-19 14:00:00,12.9,47.78,4.82,19.61,24.42,11.82,13.17,0.75,95.38,0.1,2.49,,,,0.39,,15.76,,,,,473.74,803.1,
2024-02-19 15:00:00,0.3,46.64,5.0,18.38,23.39,12.0,12.0,0.78,100.29,0.1,2.47,,,,0.39,,15.15,,,,,326.89,801.84,
2024-02-19 16:00:00,15.71,50.25,5.64,19.6,25.25,12.64,11.54,0.94,107.78,0.15,2.49,,,,0.39,,15.37,,,,,171.43,802.25,
2024-02-19 17:00:00,33.89,52.9,3.86,16.24,20.09,10.86,11.88,1.04,77.09,0.06,2.54,,,,0.39,,16.66,,,,,36.79,804.94,
2024-02-19 18:00:00,48.0,59.06,4.35,17.67,22.02,11.35,12.58,1.22,42.44,0.17,2.56,,,,0.39,,20.48,,,,,9.89,812.8,
2024-02-19 19:00:00,,,4.29,14.77,17.09,10.86,12.72,1.21,11.39,0.14,2.61,,,,0.39,,26.47,,,,,9.89,824.75,
2024-02-19 20:00:00,94.71,103.43,4.02,16.35,20.37,11.02,12.74,0.79,37.8,0.17,2.58,,,,0.39,,38.39,,,,,9.89,849.48,
2024-02-19 21:00:00,58.11,99.27,3.65,14.27,17.9,10.65,14.39,0.65,50.5,0.16,2.51,,,,0.39,,49.6,,,,,9.89,872.4,
2024-02-19 22:00:00,55.01,83.23,4.6,17.01,21.62,11.6,13.95,0.6,51.9,0.11,2.48,,,,0.39,,58.76,,,,,9.89,891.15,
2024-02-19 23:00:00,38.14,68.13,4.62,15.91,20.53,11.62,13.66,0.59,56.52,0.09,2.46,,,,0.39,,62.85,,,,,9.89,899.67,
2024-02-20 00:00:00,38.68,56.06,4.28,17.34,21.61,11.28,14.55,0.53,57.4,0.07,2.44,,,,0.39,,65.64,,,,,9.89,905.51,
2024-02-20 01:00:00,47.99,49.83,4.38,15.66,20.04,11.38,14.42,0.6,56.69,0.07,2.42,,,,0.39,,69.32,,,,,9.89,913.22,
2024-02-20 02:00:00,32.72,52.23,4.56,16.97,21.54,11.57,12.54,0.65,53.44,0.07,2.42,,,,0.39,,75.86,,,,,9.89,926.84,
2024-02-20 03:00:00,38.47,46.44,4.94,17.75,22.7,11.94,14.13,0.67,45.9,0.06,2.41,,,,0.39,,80.5,,,,,9.89,936.5,
2024-02-20 04:00:00,,,4.23,15.7,19.93,11.23,10.45,0.57,47.12,0.06,2.4,,,,0.39,,79.35,,,,,9.89,934.24,
2024-02-20 05:00:00,34.91,40.9,5.01,17.35,22.36,12.01,10.87,0.66,48.32,0.06,2.4,,,,0.39,,71.28,,,,,9.89,917.71,
2024-02-20 06:00:00,22.11,38.97,4.94,18.08,23.02,11.94,12.3,0.71,44.12,0.04,2.4,,,,0.39,,65.01,,,,,9.89,904.87,
2024-02-20 07:00:00,,,4.68,16.61,21.28,11.68,12.62,0.79,36.07,0.04,2.41,,,,0.39,,60.96,,,,,9.89,896.56,
2024-02-20 08:00:00,53.28,64.56,4.88,18.24,23.12,11.88,12.71,0.88,36.7,0.05,2.43,,,,0.39,,56.0,,,,,19.74,886.35,
2024-02-20 09:00:00,23.66,67.0,4.5,16.91,21.4,11.5,12.41,0.73,64.42,0.05,2.42,,,,0.39,,49.31,,,,,222.17,872.61,
2024-02-20 10:00:00,43.74,69.16,4.87,17.8,22.67,11.87,9.82,0.72,88.93,0.05,2.44,,,,0.39,,30.75,,,,,492.36,834.51,
2024-02-20 11:00:00,46.49,64.18,5.24,19.27,24.51,12.24,11.95,0.61,99.09,0.08,2.44,,,,0.39,,24.82,,,,,578.52,822.14,
2024-02-20 12:00:00,25.31,62.08,5.43,18.38,23.81,12.43,14.2,0.65,99.22,0.08,2.46,,,,0.39,,22.29,,,,,585.61,816.78,
2024-02-20 13:00:00,5.3,59.7,6.01,19.86,25.86,13.0,13.18,0.68,109.72,0.07,2.45,,,,0.39,,19.82,,,,,544.81,811.51,
2024-02-20 14:00:00,22.8,60.63,5.01,17.76,22.78,12.02,11.65,0.69,119.6,0.09,2.45,,,,0.39,,19.34,,,,,449.56,810.38,
2024-02-20 15:00:00,34.8,59.03,4.99,16.09,21.07,11.98,13.26,0.72,110.88,0.09,2.46,,,,0.39,,18.02,,,,,314.04,807.64,
2024-02-20 16:00:00,51.47,62.03,4.83,16.9,20.68,11.83,11.76,0.87,118.0,0.04,2.47,,,,0.39,,18.8,,,,,165.39,809.22,
2024-02-20 17:00:00,30.24,63.14,4.73,18.44,23.17,11.73,14.73,1.02,98.41,0.16,2.52,,,,0.39,,20.58,,,,,30.12,812.85,
2024-02-20 18:00:00,49.66,60.54,4.57,16.32,20.81,11.58,14.84,1.08,70.48,0.2,2.58,,,,0.39,,24.29,,,,,9.89,820.51,
2024-02-20 19:00:00,78.25,85.94,3.62,15.24,18.84,10.62,10.79,1.3,28.23,0.08,2.62,,,,0.39,,26.96,,,,,9.89,826.09,
2024-02-20 20:00:00,,,4.5,17.3,21.79,11.5,12.28,1.37,14.99,0.04,2.67,,,,0.39,,28.4,,,,,9.89,829.1,
2024-02-20 21:00:00,117.87,118.24,3.68,14.08,17.76,10.68,14.17,0.84,54.3,0.0,2.62,,,,0.39,,40.12,,,,,9.89,853.03,
2024-02-20 22:00:00,57.1,107.52,4.44,16.78,21.23,11.44,12.17,0.7,74.04,0.0,2.52,,,,0.39,,52.04,,,,,9.89,877.36,
2024-02-20 23:00:00,57.32,89.65,4.26,16.72,20.98,11.26,12.28,0.59,82.34,0.0,2.48,,,,0.39,,56.57,,,,,9.89,886.7,
2024-02-21 00:00:00,53.14,77.74,3.7,14.49,18.19,10.7,8.72,0.57,78.65,0.0,2.45,,,,0.39,,59.32,,,,,9.89,892.41,
2024-02-21 01:00:00,46.0,69.55,4.51,16.77,21.26,11.51,10.85,0.58,80.56,0.0,2.44,,,,0.39,,64.32,,,,,9.89,902.79,
2024-02-21 02:00:00,49.56,64.5,4.06,14.52,18.57,11.06,12.51,0.64,78.88,0.06,2.42,,,,0.39,,65.82,,,,,9.89,905.98,
2024-02-21 03:00:00,42.55,60.59,5.03,16.66,21.69,12.04,14.86,0.68,67.72,0.02,2.42,,,,0.39,,66.43,,,,,9.89,907.34,
2024-02-21 04:00:00,53.34,59.98,4.4,15.22,19.63,11.4,14.99,0.6,55.01,0.0,2.4,,,,0.39,,66.55,,,,,9.89,907.62,
2024-02-21 05:00:00,59.51,61.59,4.84,18.83,23.66,11.84,11.57,0.57,51.2,0.04,2.39,,,,0.39,,69.89,,,,,9.89,914.51,
2024-02-21 06:00:00,45.13,53.5,4.91,16.85,21.75,11.91,12.39,0.63,45.16,0.02,2.38,,,,0.39,,75.26,,,,,9.89,925.63,
2024-02-21 07:00:00,52.23,56.4,4.91,17.66,22.58,11.91,10.92,0.65,41.98,0.02,2.38,,,,0.39,,77.7,,,,,12.04,930.69,
2024-02-21 08:00:00,55.63,58.96,4.38,17.03,21.4,11.38,12.08,0.68,48.5,0.01,2.38,,,,0.39,,72.89,,,,,43.28,920.76,
2024-02-21 09:00:00,51.5,64.36,4.34,16.76,21.1,11.34,12.44,0.34,57.44,0.02,2.39,,,,0.39,,64.9,,,,,205.65,904.25,
2024-02-21 10:00:00,57.15,68.66,4.64,16.3,20.94,11.64,13.94,0.09,55.85,0.02,2.39,,,,0.39,,57.05,,,,,445.55,887.96,
2024-02-21 11:00:00,35.92,60.96,5.89,19.88,25.78,12.89,13.61,0.18,82.07,0.0,2.39,,,,0.39,,48.54,,,,,531.86,870.49,
2024-02-21 12:00:00,20.3,66.4,5.2,18.02,23.21,12.2,13.0,1.13,90.35,0.0,2.39,,,,0.39,,40.67,,,,,565.29,854.2,
2024-02-21 13:00:00,23.99,70.42,5.34,19.67,24.3,12.4,13.03,1.16,89.81,0.0,2.4,,,,0.39,,33.16,,,,,553.68,838.72,
2024-02-21 14:00:00,37.34,58.46,8.21,24.4,32.61,18.91,12.91,1.21,86.2,0.0,0.81,,,,0.18,,29.52,,,,,332.43,830.18,
2024-02-21 15:00:00,23.55,39.94,5.78,19.26,24.89,16.08,11.41,1.54,85.98,0.02,0.48,,,,0.16,,26.06,,,,,308.99,823.93,
2024-02-21 16:00:00,8.62,22.39,7.31,18.98,26.29,14.31,,1.58,69.97,0.0,0.0,,,,,,25.81,,,,,141.11,823.36,
2024-02-21 17:00:00,,,4.23,16.3,20.51,11.24,12.81,1.7,52.55,0.0,2.1,,,,0.33,,26.86,,,,,50.76,825.56,
2024-02-21 18:00:00,,,4.3,15.16,19.43,11.3,12.28,1.81,53.15,0.09,2.46,,,,0.39,,31.31,,,,,9.89,834.69,
2024-02-21 19:00:00,,,4.99,17.96,22.95,11.99,12.67,1.48,55.62,0.12,2.48,,,,0.39,,32.09,,,,,9.89,836.4,
2024-02-21 20:00:00,,,3.48,14.7,18.18,10.48,12.04,0.71,43.91,0.05,2.45,,,,0.39,,33.36,,,,,9.89,839.14,
2024-02-21 21:00:00,,,4.56,16.1,20.64,11.56,11.34,0.67,56.07,0.15,2.47,,,,0.39,,33.48,,,,,9.89,839.5,
2024-02-21 22:00:00,,,4.34,16.03,20.37,11.34,13.24,0.5,64.33,0.13,2.46,,,,0.39,,36.58,,,,,9.89,845.84,
2024-02-21 23:00:00,,,4.05,14.93,18.98,11.06,13.76,0.36,69.12,0.14,2.46,,,,0.39,,48.39,,,,,9.89,869.84,
2024-02-22 00:00:00,47.6,49.28,4.46,16.6,21.06,11.46,10.4,0.26,85.26,0.1,2.44,,,,0.39,,50.38,,,,,9.89,873.96,
2024-02-22 01:00:00,,,4.63,15.86,20.48,11.63,10.24,0.22,84.94,0.09,2.42,,,,0.39,,54.1,,,,,9.89,881.6,
2024-02-22 02:00:00,,,4.87,18.0,22.87,11.87,9.4,0.19,73.04,0.08,2.42,,,,0.39,,58.02,,,,,9.89,889.73,
2024-02-22 03:00:00,32.04,37.34,4.49,16.01,20.49,11.49,14.02,0.32,58.27,0.08,2.41,,,,0.39,,68.0,,,,,9.89,910.27,
2024-02-22 04:00:00,,,3.93,16.42,20.34,10.93,14.66,0.7,45.43,0.05,2.39,,,,0.39,,91.88,,,,,9.89,959.53,
2024-02-22 05:00:00,26.37,36.14,4.09,15.92,20.01,11.09,12.74,0.7,40.98,0.03,2.38,,,,0.39,,99.43,,,,,9.89,975.18,
2024-02-22 06:00:00,31.53,37.23,4.17,15.12,19.29,11.17,13.39,0.75,38.58,0.03,2.39,,,,0.39,,99.46,,,,,9.89,975.35,
2024-02-22 07:00:00,,,4.32,17.17,21.48,11.32,8.46,0.79,41.72,0.02,2.39,,,,0.39,,98.9,,,,,10.45,974.31,
2024-02-22 08:00:00,,,4.7,16.75,21.45,11.7,10.35,0.91,49.46,0.03,2.4,,,,0.39,,78.78,,,,,29.98,932.91,
2024-02-22 09:00:00,,,4.7,17.38,22.08,11.7,13.14,0.83,62.74,0.03,2.4,,,,0.39,,52.59,,,,,208.18,879.26,
2024-02-22 10:00:00,13.86,34.15,4.28,16.29,20.58,11.28,12.04,0.76,74.44,0.04,2.4,,,,0.39,,39.2,,,,,473.2,851.79,
2024-02-22 11:00:00,22.79,33.9,5.45,18.82,24.26,12.45,11.54,0.64,80.68,0.03,2.41,,,,0.39,,30.18,,,,,559.39,833.06,
2024-02-22 12:00:00,13.58,33.51,5.24,18.46,23.66,12.24,10.33,0.67,86.22,0.08,2.43,,,,0.39,,26.13,,,,,578.17,824.5,
2024-02-22 13:00:00,26.26,33.38,6.46,20.26,26.72,13.46,10.3,0.72,86.25,0.06,2.45,,,,0.4,,23.08,,,,,542.65,818.07,
2024-02-22 14:00:00,5.53,38.02,7.98,24.4,32.38,12.48,11.36,0.85,91.16,0.08,1.63,,,,0.4,,21.62,,,,,461.3,814.29,
2024-02-22 15:00:00,6.34,46.0,5.26,17.85,23.1,12.26,11.59,1.0,90.09,0.06,1.68,,,,0.36,,19.52,,,,,319.97,810.63,
2024-02-22 16:00:00,4.47,45.37,5.53,19.13,24.66,12.52,12.68,1.02,79.61,0.12,2.45,,,,0.4,,18.87,,,,,178.36,809.24,
2024-02-22 17:00:00,20.53,44.41,5.99,19.28,25.26,12.99,11.88,1.03,65.11,0.05,2.47,,,,0.39,,20.93,,,,,33.34,813.48,
2024-02-22 18:00:00,39.53,55.18,4.04,14.9,18.91,11.04,12.59,1.21,36.76,0.12,2.53,,,,0.39,,25.0,,,,,9.89,821.85,
2024-02-22 19:00:00,,,3.96,14.32,18.24,10.95,12.93,1.25,16.14,0.12,2.55,,,,0.39,,28.24,,,,,9.89,828.59,
2024-02-22 20:00:00,,,5.24,18.34,23.59,12.24,13.51,1.04,13.35,0.2,2.62,,,,0.39,,29.17,,,,,9.89,830.62,
2024-02-22 21:00:00,,,3.92,14.63,18.56,10.93,14.55,0.88,17.68,0.16,2.53,,,,0.39,,31.94,,,,,9.89,836.39,
2024-02-22 22:00:00,112.58,127.27,4.46,14.46,18.91,11.46,13.32,0.95,10.46,0.15,2.56,,,,0.39,,33.35,,,,,9.89,839.4,
2024-02-22 23:00:00,117.88,126.88,4.82,16.69,21.51,11.82,12.79,0.95,9.91,0.17,2.56,,,,0.39,,35.84,,,,,9.89,844.58,
2024-02-23 00:00:00,63.88,119.57,4.86,16.7,21.56,11.86,12.89,0.58,26.04,0.19,2.56,,,,0.39,,41.31,,,,,9.89,855.75,
2024-02-23 01:00:00,87.4,106.14,4.94,17.44,22.38,11.94,13.18,0.37,39.97,0.11,2.46,,,,0.39,,48.78,,,,,9.89,871.12,
2024-02-23 02:00:00,40.15,80.31,5.12,19.19,24.31,12.12,11.71,0.39,40.88,0.08,2.43,,,,0.39,,53.06,,,,,9.89,879.89,
2024-02-23 03:00:00,39.5,59.85,4.82,18.13,22.96,11.82,9.65,0.46,39.38,0.04,2.42,,,,0.39,,57.15,,,,,9.89,888.34,
2024-02-23 04:00:00,37.42,48.78,4.72,16.52,21.24,11.72,14.98,0.72,45.35,0.08,2.42,,,,0.39,,59.48,,,,,9.89,893.19,
2024-02-23 05:00:00,34.34,48.33,4.44,15.75,20.19,11.44,15.33,0.77,36.45,0.01,2.41,,,,0.39,,60.51,,,,,9.89,895.44,
2024-02-23 06:00:00,22.22,45.11,5.3,18.4,23.7,12.3,14.1,0.83,27.38,0.03,2.4,,,,0.39,,64.23,,,,,9.89,903.19,
2024-02-23 07:00:00,,,5.17,18.36,23.53,12.17,11.09,0.83,21.92,0.06,2.41,,,,0.39,,55.71,,,,,9.89,885.87,
2024-02-23 08:00:00,24.24,43.3,5.42,19.32,24.74,12.42,10.72,0.82,29.9,0.05,2.41,,,,0.39,,40.9,,,,,13.06,855.62,
2024-02-23 09:00:00,33.85,43.12,5.14,17.95,23.09,12.14,13.02,0.81,41.41,0.02,2.42,,,,0.39,,36.16,,,,,206.9,845.86,
2024-02-23 10:00:00,13.05,43.02,4.34,17.66,22.0,11.34,14.64,0.71,55.02,0.07,2.4,,,,0.39,,29.9,,,,,513.04,832.78,
2024-02-23 11:00:00,,,,,,,,,,,,,,,,,,,,,,,,
2024-02-23 12:00:00,52.38,,6.3,19.23,,13.3,15.42,0.74,81.74,0.02,2.42,,,,0.39,,23.88,,,,,594.16,819.8,
2024-02-23 13:00:00,20.84,42.53,6.95,21.1,31.68,13.95,15.3,0.77,83.17,0.01,2.42,,,,0.39,,22.02,,,,,562.32,815.9,
2024-02-23 14:00:00,30.22,35.74,8.17,18.59,26.77,15.17,13.01,0.52,67.85,0.03,2.4,,,,0.39,,20.7,,,,,458.16,813.03,
2024-02-23 15:00:00,17.8,39.13,8.25,21.9,30.12,15.25,11.18,0.64,76.34,0.04,2.41,,,,0.39,,20.0,,,,,339.89,811.5,
2024-02-23 16:00:00,,44.72,5.07,19.09,24.08,12.07,12.38,0.64,82.15,0.06,2.42,,,,0.39,,19.57,,,,,190.02,810.63,
2024-02-23 17:00:00,30.58,44.78,4.97,16.8,21.67,11.98,11.56,0.74,66.35,0.0,2.48,,,,0.39,,20.12,,,,,38.27,811.76,
2024-02-23 18:00:00,,,3.92,15.5,19.24,10.93,12.21,0.86,50.35,0.16,2.54,,,,0.39,,25.58,,,,,9.89,822.91,
2024-02-23 19:00:00,50.44,59.91,4.18,12.72,16.79,11.18,12.25,0.76,52.22,0.16,2.5,,,,0.39,,29.64,,,,,9.89,831.25,
2024-02-23 20:00:00,,,2.97,14.6,17.51,9.97,11.56,0.72,45.06,0.13,2.47,,,,0.39,,33.14,,,,,9.89,838.61,
2024-02-23 21:00:00,,,3.71,15.88,19.41,10.71,12.01,0.76,30.61,0.1,2.45,,,,0.39,,33.64,,,,,9.89,839.8,
2024-02-23 22:00:00,,,3.49,15.72,19.09,10.49,13.31,0.85,20.84,0.14,2.52,,,,0.39,,40.54,,,,,9.89,853.94,
2024-02-23 23:00:00,79.05,88.91,3.86,15.1,18.96,10.86,11.58,0.5,50.19,0.09,2.48,,,,0.39,,57.66,,,,,9.89,888.66,
2024-02-24 00:00:00,63.4,86.22,4.84,17.93,22.65,11.84,12.87,0.39,62.95,0.11,2.44,,,,0.39,,62.78,,,,,9.89,899.11,
2024-02-24 01:00:00,59.87,73.91,3.76,15.5,19.26,10.76,11.71,0.36,59.04,0.1,2.43,,,,0.39,,62.72,,,,,9.89,899.06,
2024-02-24 02:00:00,39.16,62.52,3.96,17.43,21.39,10.96,10.6,0.35,47.58,0.1,2.42,,,,0.39,,48.84,,,,,9.89,871.02,
2024-02-24 03:00:00,35.2,55.68,4.5,17.93,22.43,11.5,12.0,0.4,44.2,0.07,2.41,,,,0.39,,51.54,,,,,9.89,876.55,
2024-02-24 04:00:00,51.78,53.64,5.01,18.89,23.9,12.01,12.5,0.74,40.58,0.05,2.4,,,,0.39,,53.98,,,,,9.89,881.74,
2024-02-24 05:00:00,34.08,52.95,3.69,16.97,20.6,10.68,11.78,0.74,41.03,0.04,2.39,,,,0.39,,56.5,,,,,9.89,886.98,
2024-02-24 06:00:00,49.77,57.34,4.04,17.38,21.42,11.04,9.68,0.83,30.06,0.04,2.4,,,,0.39,,58.02,,,,,9.89,890.19,
2024-02-24 07:00:00,,,4.56,17.71,22.27,11.56,11.89,0.82,29.75,0.05,2.4,,,,0.39,,56.27,,,,,10.07,886.8,
2024-02-24 08:00:00,45.89,62.18,5.62,19.2,24.82,12.62,12.31,0.86,47.7,0.03,2.41,,,,0.39,,52.48,,,,,26.96,879.02,
2024-02-24 09:00:00,35.95,60.39,5.02,17.15,22.16,12.02,11.62,0.84,67.66,0.03,2.4,,,,0.39,,46.55,,,,,189.78,866.86,
2024-02-24 10:00:00,26.0,62.74,5.16,19.0,24.16,12.16,11.79,0.76,81.04,0.04,2.4,,,,0.39,,41.5,,,,,472.13,856.37,
2024-02-24 11:00:00,40.43,68.43,5.66,19.6,25.25,12.66,11.34,0.64,67.38,0.04,2.4,,,,0.39,,37.4,,,,,552.83,847.7,
2024-02-24 12:00:00,39.38,70.72,5.87,18.08,23.93,12.87,12.3,0.68,83.75,0.01,2.39,,,,0.39,,35.88,,,,,562.5,844.36,
2024-02-24 13:00:00,32.86,72.16,5.32,20.64,25.96,12.32,15.14,0.72,88.95,0.03,2.39,,,,0.39,,35.21,,,,,451.3,842.88,
2024-02-24 14:00:00,14.67,71.82,5.74,18.77,24.51,12.74,13.64,0.76,83.61,0.02,2.4,,,,0.39,,34.46,,,,,307.22,841.21,
2024-02-24 15:00:00,29.58,72.27,6.68,18.66,25.34,13.68,12.98,0.91,97.98,0.02,2.41,,,,0.39,,34.48,,,,,179.96,841.13,
2024-02-24 16:00:00,41.46,73.72,3.76,15.73,19.49,10.76,12.22,0.93,105.25,0.01,2.41,,,,0.39,,37.71,,,,,68.35,847.62,
2024-02-24 17:00:00,52.81,77.17,5.54,18.3,23.84,12.53,12.08,1.08,83.24,0.11,2.46,,,,0.39,,41.4,,,,,18.8,855.07,
2024-02-24 18:00:00,79.42,80.35,5.64,18.54,24.15,12.64,13.34,1.12,64.3,0.14,2.56,,,,0.39,,46.23,,,,,9.89,864.89,
2024-02-24 19:00:00,59.74,83.19,3.93,13.92,17.82,10.94,12.77,0.98,69.38,0.14,2.47,,,,0.39,,48.93,,,,,9.89,870.44,
2024-02-24 20:00:00,69.19,86.5,4.12,17.65,21.76,11.13,11.44,0.73,56.71,0.1,2.46,,,,0.39,,53.06,,,,,9.89,878.91,
2024-02-24 21:00:00,87.91,90.64,4.81,19.4,24.12,11.81,11.34,0.61,54.55,0.09,2.45,,,,0.39,,60.85,,,,,9.89,894.76,
2024-02-24 22:00:00,23.48,74.35,3.21,13.22,16.31,10.21,10.15,0.5,67.6,0.08,2.43,,,,0.39,,65.93,,,,,9.89,905.26,
2024-02-24 23:00:00,39.9,70.76,4.84,18.06,22.9,11.84,11.21,0.48,60.8,0.07,2.41,,,,0.39,,75.08,,,,,9.89,924.11,
2024-02-25 00:00:00,,,5.4,19.15,24.52,12.41,13.76,0.47,52.98,0.05,2.4,,,,0.39,,84.11,,,,,9.89,942.86,
2024-02-25 01:00:00,31.82,54.66,4.66,17.95,22.6,11.66,12.32,0.39,62.14,0.04,2.4,,,,0.39,,64.38,,,,,9.89,902.62,
2024-02-25 02:00:00,39.0,44.73,4.05,15.73,19.77,11.05,14.15,0.33,70.59,0.02,2.39,,,,0.39,,53.06,,,,,9.89,879.68,
2024-02-25 03:00:00,19.21,48.13,4.27,14.42,18.68,11.26,13.25,0.38,72.46,0.02,2.39,,,,0.39,,48.33,,,,,9.89,870.18,
2024-02-25 04:00:00,26.68,42.62,4.51,14.99,19.48,11.51,11.8,0.62,66.73,0.02,2.39,,,,0.39,,51.55,,,,,9.89,876.81,
2024-02-25 05:00:00,35.31,39.47,4.71,16.51,21.22,11.71,11.62,0.71,69.5,0.02,2.39,,,,0.39,,49.73,,,,,9.89,873.19,
2024-02-25 06:00:00,,,5.1,18.69,23.79,12.1,10.83,0.77,61.17,0.02,2.39,,,,0.39,,51.63,,,,,9.89,877.11,
2024-02-25 07:00:00,,,5.44,19.71,25.14,12.44,12.33,0.76,55.68,0.02,2.39,,,,0.39,,53.66,,,,,15.23,881.26,
2024-02-25 08:00:00,31.99,47.54,4.58,18.06,22.64,11.58,13.27,0.82,59.8,0.02,2.39,,,,0.39,,53.14,,,,,63.43,880.19,
2024-02-25 09:00:00,37.52,52.31,6.36,21.16,27.52,13.36,13.25,0.8,73.49,0.02,2.39,,,,0.39,,50.88,,,,,189.51,875.51,
2024-02-25 10:00:00,35.66,56.53,4.55,14.74,19.3,11.55,14.04,0.78,96.5,0.03,2.39,,,,0.39,,42.44,,,,,414.11,858.16,
2024-02-25 11:00:00,46.48,59.3,5.27,17.72,22.98,12.26,12.93,0.67,93.25,0.02,2.39,,,,0.39,,43.18,,,,,515.37,859.42,
2024-02-25 12:00:00,49.94,60.38,7.13,21.54,28.67,14.13,13.15,0.69,107.79,0.02,2.39,,,,0.39,,41.74,,,,,542.23,856.3,
2024-02-25 13:00:00,34.3,63.53,6.14,21.33,27.45,13.14,14.6,0.72,111.67,0.02,2.39,,,,0.39,,39.86,,,,,424.96,852.27,
2024-02-25 14:00:00,20.3,65.52,6.7,22.1,28.8,13.7,11.88,0.75,103.22,0.02,2.39,,,,0.39,,38.04,,,,,421.91,848.42,
2024-02-25 15:00:00,33.85,63.14,5.12,18.4,23.5,12.12,9.94,0.92,100.62,0.02,2.39,,,,0.39,,36.26,,,,,309.5,844.69,
2024-02-25 16:00:00,18.16,58.53,5.48,18.36,23.82,12.48,12.08,0.99,94.86,0.02,2.39,,,,0.39,,35.53,,,,,157.52,843.16,
2024-02-25 17:00:00,29.48,58.27,5.0,19.73,24.65,12.0,12.64,1.02,84.81,0.02,2.4,,,,0.39,,37.56,,,,,35.78,847.25,
2024-02-25 18:00:00,49.4,59.27,3.7,14.84,18.46,10.7,14.15,1.04,75.72,0.03,2.4,,,,0.39,,41.82,,,,,9.89,855.9,
2024-02-25 19:00:00,,,4.79,17.27,22.03,11.79,11.92,0.93,68.66,0.03,2.42,,,,0.39,,43.86,,,,,9.89,860.18,
2024-02-25 20:00:00,55.69,55.86,5.63,18.28,23.9,12.63,11.72,0.54,68.41,0.03,2.41,,,,0.39,,48.53,,,,,9.89,869.78,
2024-02-25 21:00:00,,,4.67,15.89,20.56,11.67,12.0,0.45,64.36,0.03,2.41,,,,0.39,,56.4,,,,,9.89,885.83,
2024-02-25 22:00:00,55.96,57.78,5.1,15.68,20.77,12.1,13.36,0.39,62.23,0.02,2.41,,,,0.39,,64.27,,,,,9.89,902.03,
2024-02-25 23:00:00,31.74,52.77,5.52,18.02,23.52,12.52,11.84,0.34,63.7,0.02,2.4,,,,0.39,,69.21,,,,,9.89,912.3,
2024-02-26 00:00:00,41.77,54.68,4.73,17.55,22.28,11.73,12.17,0.31,60.13,0.02,2.4,,,,0.39,,73.62,,,,,9.89,921.54,
2024-02-26 01:00:00,41.26,47.49,4.96,19.12,24.04,11.96,12.26,0.29,52.81,0.02,2.4,,,,0.39,,81.51,,,,,9.89,937.95,
2024-02-26 02:00:00,13.23,48.04,4.84,17.65,22.48,11.84,8.74,0.32,43.58,0.02,2.39,,,,0.39,,91.36,,,,,9.89,958.5,
2024-02-26 03:00:00,32.72,47.53,4.69,16.87,21.57,11.69,12.9,0.37,42.86,0.02,2.39,,,,0.39,,92.4,,,,,9.89,960.89,
2024-02-26 04:00:00,,,4.84,17.51,22.36,11.84,12.62,0.66,42.53,0.02,2.39,,,,0.39,,89.91,,,,,9.89,955.96,
2024-02-26 05:00:00,25.62,30.34,4.24,14.95,19.2,11.24,14.44,0.69,35.74,0.01,2.39,,,,0.39,,90.38,,,,,9.89,957.12,
2024-02-26 06:00:00,21.22,28.2,5.28,19.03,24.31,12.28,13.76,0.72,30.8,0.01,2.39,,,,0.39,,94.23,,,,,9.89,965.28,
2024-02-26 07:00:00,25.26,29.72,4.55,16.11,20.65,11.55,14.18,0.74,28.68,0.01,2.39,,,,0.39,,87.72,,,,,9.98,951.92,
2024-02-26 08:00:00,,,5.63,18.46,24.1,12.63,14.17,0.74,29.92,0.01,2.4,,,,0.39,,72.41,,,,,16.28,920.29,
2024-02-26 09:00:00,,,5.46,19.04,24.5,12.46,13.95,0.75,24.38,0.03,2.41,,,,0.39,,64.89,,,,,195.78,904.6,
2024-02-26 10:00:00,19.4,40.49,4.49,15.88,20.37,11.49,10.96,0.71,32.12,0.08,2.48,,,,0.39,,56.16,,,,,526.47,886.41,
2024-02-26 11:00:00,15.05,47.66,5.17,19.06,24.24,12.17,12.08,0.62,43.68,0.38,2.04,,,,0.35,,46.75,,,,,611.2,866.53,
2024-02-26 12:00:00,25.57,53.27,5.36,18.79,24.14,12.36,12.76,0.57,47.49,0.89,1.35,,,,0.28,,40.01,,,,,626.63,852.91,
2024-02-26 13:00:00,28.16,58.66,5.65,17.73,23.37,12.65,11.05,0.6,34.04,0.89,1.37,,,,0.28,,38.48,,,,,564.79,849.54,
2024-02-26 14:00:00,30.17,62.86,5.45,16.62,22.03,12.46,10.41,0.63,54.31,0.9,1.38,,,,0.28,,35.12,,,,,482.1,842.56,
2024-02-26 15:00:00,29.58,61.64,5.95,20.3,26.21,12.95,10.17,0.72,54.72,0.88,1.36,,,,0.28,,34.28,,,,,282.59,840.74,
2024-02-26 16:00:00,29.01,60.43,4.09,17.45,21.4,11.09,11.7,0.87,47.61,0.87,1.4,,,,0.29,,35.68,,,,,162.5,878.18,
2024-02-26 17:00:00,28.61,59.6,5.28,16.95,22.23,12.28,12.62,0.92,42.08,0.89,1.37,,,,0.28,,37.21,,,,,36.48,946.6,
2024-02-26 18:00:00,27.61,57.52,4.22,18.58,22.75,11.23,9.78,0.95,35.48,0.89,1.37,,,,0.28,,40.92,,,,,9.89,954.19,
2024-02-26 19:00:00,26.06,54.28,4.63,18.25,22.84,11.63,9.89,0.84,32.66,0.9,1.35,,,,0.29,,46.67,,,,,9.89,965.9,
2024-02-26 20:00:00,26.2,54.58,4.24,17.32,21.53,11.24,12.5,0.66,39.66,0.88,1.36,,,,0.28,,49.96,,,,,9.89,972.73,
2024-02-26 21:00:00,27.31,56.9,5.0,16.82,21.77,12.0,15.18,0.58,39.8,0.9,1.39,,,,0.28,,52.2,,,,,9.89,977.5,
2024-02-26 22:00:00,25.06,52.21,4.18,17.44,21.58,11.18,11.79,0.55,39.72,0.89,1.38,,,,0.28,,58.82,,,,,9.89,991.08,
2024-02-26 23:00:00,24.28,50.6,4.36,16.13,20.49,11.36,11.91,0.54,45.06,0.9,1.37,,,,0.28,,73.19,,,,,9.89,1020.63,
2024-02-27 00:00:00,22.47,46.82,3.94,16.93,20.86,10.94,11.78,0.51,51.08,0.89,1.39,,,,0.29,,84.4,,,,,9.89,1043.83,
2024-02-27 01:00:00,19.07,39.73,3.4,15.37,18.74,10.4,12.48,0.48,45.9,0.9,1.38,,,,0.28,,92.01,,,,,9.89,1059.7,
2024-02-27 02:00:00,19.23,40.06,5.16,18.78,23.94,12.16,12.06,0.54,40.28,0.88,1.37,,,,0.28,,92.52,,,,,9.89,1060.95,
2024-02-27 03:00:00,17.1,35.63,4.45,17.72,22.17,11.45,11.82,0.56,36.98,0.88,1.38,,,,0.28,,91.92,,,,,9.89,1059.92,
2024-02-27 04:00:00,16.67,34.74,4.67,17.55,22.15,11.67,12.58,0.59,36.36,0.9,1.36,,,,0.28,,91.32,,,,,9.89,1058.85,
2024-02-27 05:00:00,17.05,35.52,4.5,16.52,21.03,11.5,13.38,0.58,34.53,0.88,1.38,,,,0.28,,91.38,,,,,9.89,1059.09,
2024-02-27 06:00:00,16.32,33.99,5.16,16.23,21.39,12.16,12.87,0.63,29.26,0.89,1.37,,,,0.29,,91.65,,,,,9.89,1059.73,
2024-02-27 07:00:00,17.6,36.65,4.7,17.43,22.13,11.7,11.39,0.67,26.97,0.88,1.39,,,,0.29,,89.96,,,,,9.89,1056.28,
2024-02-27 08:00:00,24.5,51.05,3.52,15.84,19.37,10.52,10.69,0.81,23.71,0.9,1.36,,,,0.28,,77.57,,,,,50.65,1030.68,
2024-02-27 09:00:00,27.0,56.25,5.1,18.19,23.29,12.1,12.42,0.66,37.83,0.88,1.36,,,,0.29,,66.77,,,,,190.4,1008.28,
2024-02-27 10:00:00,26.01,54.19,5.17,18.8,23.96,12.17,14.22,0.68,51.61,0.9,1.38,,,,0.29,,55.68,,,,,498.24,985.32,
2024-02-27 11:00:00,27.4,57.09,6.58,20.75,27.32,13.58,15.99,0.57,67.09,0.9,1.37,,,,0.28,,48.36,,,,,566.96,900.19,
2024-02-27 12:00:00,28.28,58.92,6.97,22.31,29.28,13.97,12.3,0.63,71.45,0.89,1.34,,,,0.29,,40.58,,,,,608.52,862.92,
2024-02-27 13:00:00,27.08,56.42,7.28,21.13,28.39,14.28,9.86,0.66,72.42,0.9,1.39,,,,0.28,,35.44,,,,,574.3,851.5,
2024-02-27 14:00:00,25.52,53.18,5.45,18.06,23.5,12.45,13.82,0.72,67.43,0.89,1.36,,,,0.29,,32.46,,,,,485.68,844.83,
2024-02-27 15:00:00,26.25,54.7,5.59,19.88,25.44,12.59,12.42,0.91,69.22,0.89,1.35,,,,0.28,,31.16,,,,,342.03,841.86,
2024-02-27 16:00:00,26.76,55.76,5.53,20.72,26.25,12.53,12.48,0.96,58.81,0.89,1.38,,,,0.28,,31.66,,,,,176.64,842.96,
2024-02-27 17:00:00,27.17,56.62,3.48,13.8,17.18,10.48,11.73,1.18,55.96,0.9,1.38,,,,0.28,,33.81,,,,,30.37,847.57,
2024-02-27 18:00:00,29.42,61.3,4.44,15.82,20.2,11.44,11.66,1.26,45.18,0.9,1.36,,,,0.28,,38.62,,,,,9.89,858.04,
2024-02-27 19:00:00,32.72,68.18,3.94,15.94,19.66,10.93,12.78,1.11,41.34,0.91,1.42,,,,0.28,,44.91,,,,,9.89,871.73,
2024-02-27 20:00:00,35.54,74.05,3.23,15.64,18.82,10.23,12.96,0.69,47.16,0.87,1.38,,,,0.28,,50.02,,,,,9.89,882.91,
2024-02-27 21:00:00,35.16,73.26,3.9,15.92,19.79,10.9,12.69,0.47,58.2,0.88,1.38,,,,0.29,,54.71,,,,,9.89,893.22,
2024-02-27 22:00:00,30.35,63.23,5.18,20.19,25.37,12.18,14.15,0.4,63.09,0.9,1.38,,,,0.28,,60.16,,,,,9.89,905.25,
2024-02-27 23:00:00,26.78,55.8,4.92,19.42,24.35,11.92,15.32,0.36,65.44,0.88,1.38,,,,0.28,,65.76,,,,,9.89,917.66,
2024-02-28 00:00:00,25.0,52.09,4.62,19.58,24.2,11.62,12.88,0.32,62.2,0.89,1.38,,,,0.27,,72.76,,,,,9.89,933.16,
2024-02-28 01:00:00,22.99,47.89,4.43,16.7,21.13,11.43,11.62,0.31,54.01,0.9,1.37,,,,0.28,,77.62,,,,,9.89,944.03,
2024-02-28 02:00:00,20.05,41.77,4.09,16.38,20.34,11.09,11.36,0.32,49.38,0.87,1.36,,,,0.28,,84.36,,,,,9.89,958.98,
2024-02-28 03:00:00,18.11,37.72,4.12,17.74,21.86,11.12,12.7,0.44,42.96,0.89,1.38,,,,0.28,,92.34,,,,,9.89,976.72,
2024-02-28 04:00:00,18.17,37.85,3.49,16.71,20.15,10.49,14.45,0.64,38.06,0.9,1.4,,,,0.28,,94.48,,,,,9.89,981.65,
2024-02-28 05:00:00,19.03,39.64,5.4,17.16,22.55,12.4,13.78,0.71,30.3,0.9,1.36,,,,0.28,,97.59,,,,,9.89,988.67,
2024-02-28 06:00:00,18.11,37.72,4.81,16.43,21.24,11.81,12.92,0.72,22.28,0.89,1.38,,,,0.28,,99.38,,,,,9.89,992.76,
2024-02-28 07:00:00,18.11,37.74,5.43,17.0,22.44,12.43,9.94,0.78,19.3,0.88,1.38,,,,0.28,,98.11,,,,,9.89,989.89,
2024-02-28 08:00:00,20.28,42.25,4.76,15.28,20.05,11.76,10.8,0.86,30.2,0.88,1.34,,,,0.28,,80.7,,,,,14.29,951.65,
2024-02-28 09:00:00,23.46,48.89,4.35,17.91,22.26,11.35,10.68,0.83,46.64,0.88,1.39,,,,0.28,,59.9,,,,,161.49,905.88,
2024-02-28 10:00:00,25.24,52.6,4.74,18.21,22.95,11.74,13.88,0.75,63.96,0.81,1.41,,,,0.22,,37.46,,,,,559.18,856.65,
2024-02-28 11:00:00,24.25,50.53,6.5,22.18,28.68,13.5,14.4,0.59,59.45,0.78,1.5,,,,0.16,,23.62,,,,,632.0,826.1,
2024-02-28 12:00:00,23.8,49.58,6.56,18.8,25.37,13.56,14.8,0.7,59.05,0.76,1.47,,,,0.16,,22.4,,,,,633.19,823.17,
2024-02-28 13:00:00,26.18,54.54,5.94,20.23,26.18,12.95,11.41,0.74,57.57,0.77,1.45,,,,0.16,,17.45,,,,,583.98,812.24,
2024-02-28 14:00:00,27.78,57.86,7.28,22.08,29.35,14.28,15.1,0.92,58.22,0.78,1.49,,,,0.16,,16.08,,,,,498.51,809.16,
2024-02-28 15:00:00,27.38,57.04,6.26,20.92,27.14,13.26,14.05,0.93,59.64,0.75,1.48,,,,0.16,,14.73,,,,,361.84,806.15,
2024-02-28 16:00:00,26.62,55.45,6.29,17.63,23.88,13.29,12.34,0.96,56.18,0.76,1.5,,,,0.16,,15.75,,,,,192.54,808.36,
2024-02-28 17:00:00,28.07,58.48,5.13,17.61,22.49,12.13,13.1,1.12,46.82,0.77,1.48,,,,0.16,,19.44,,,,,30.33,816.4,
2024-02-28 18:00:00,31.14,64.87,4.08,13.93,17.97,11.08,14.1,1.15,36.32,0.76,1.49,,,,0.16,,21.74,,,,,9.89,821.46,
2024-02-28 19:00:00,30.37,63.27,4.71,14.38,19.01,11.71,10.75,1.03,36.04,0.75,1.51,,,,0.16,,26.34,,,,,9.89,831.55,
2024-02-28 20:00:00,29.36,61.16,3.5,15.86,19.23,10.5,12.22,0.78,47.14,0.76,1.46,,,,0.16,,38.35,,,,,9.89,857.72,
2024-02-28 21:00:00,30.88,64.33,4.2,14.82,19.02,11.2,11.45,0.63,54.94,0.77,1.46,,,,0.16,,45.44,,,,,9.89,873.23,
2024-02-28 22:00:00,31.66,65.96,5.0,18.03,23.01,12.0,11.7,0.43,61.76,0.75,1.48,,,,0.16,,49.24,,,,,9.89,881.61,
2024-02-28 23:00:00,28.89,60.18,4.72,15.97,20.52,11.72,12.22,0.36,72.96,0.76,1.5,,,,0.16,,54.18,,,,,9.89,892.43,
2024-02-29 00:00:00,24.83,51.74,4.62,15.87,20.39,11.62,12.27,0.34,73.72,0.76,1.46,,,,0.16,,57.39,,,,,9.89,899.56,
2024-02-29 01:00:00,24.09,50.18,4.74,20.1,24.83,11.74,9.72,0.29,62.22,0.76,1.49,,,,0.16,,58.64,,,,,9.89,902.44,
2024-02-29 02:00:00,21.94,45.72,3.59,16.42,20.02,10.6,13.11,0.26,55.49,0.75,1.5,,,,0.16,,58.31,,,,,9.89,901.86,
2024-02-29 03:00:00,19.73,41.09,4.2,17.1,21.27,11.2,14.5,0.36,57.26,0.77,1.46,,,,0.16,,58.67,,,,,9.89,902.78,
2024-02-29 04:00:00,18.72,39.0,4.97,15.91,20.88,11.97,14.2,0.66,53.84,0.78,1.45,,,,0.16,,59.65,,,,,9.89,905.12,
2024-02-29 05:00:00,19.79,41.22,3.14,13.28,16.4,10.15,12.89,0.69,37.83,0.76,1.46,,,,0.16,,64.1,,,,,9.89,914.91,
2024-02-29 06:00:00,19.7,41.05,4.55,16.11,20.66,11.55,13.28,0.76,26.48,0.75,1.48,,,,0.16,,64.44,,,,,9.89,915.81,
2024-02-29 07:00:00,21.5,44.8,5.0,18.25,23.25,12.0,12.07,0.81,29.26,0.77,1.46,,,,0.16,,51.17,,,,,9.89,886.95,
2024-02-29 08:00:00,24.68,51.42,5.12,18.79,23.9,12.12,14.0,0.81,55.7,0.76,1.49,,,,0.17,,43.3,,,,,9.89,869.84,
2024-02-29 09:00:00,24.68,51.4,4.36,15.34,19.7,11.36,12.63,0.79,62.56,0.76,1.45,,,,0.16,,30.0,,,,,150.07,840.78,
2024-02-29 10:00:00,24.97,52.02,4.29,17.6,21.89,11.29,12.5,0.72,70.44,0.74,1.47,,,,0.16,,21.41,,,,,579.56,821.73,
2024-02-29 11:00:00,24.23,50.49,4.73,18.17,22.91,11.73,13.09,0.67,72.77,0.77,1.46,,,,0.16,,16.04,,,,,647.26,809.82,
2024-02-29 12:00:00,22.04,45.92,7.17,23.01,32.5,19.08,13.89,0.66,62.53,0.77,1.49,,,,0.16,,12.86,,,,,658.18,802.7,
2024-02-29 13:00:00,24.68,51.42,5.92,18.39,24.3,12.92,13.08,0.72,67.67,0.76,1.48,,,,0.16,,10.76,,,,,607.99,797.92,
2024-02-29 14:00:00,27.3,56.89,5.91,21.2,26.9,12.91,14.08,0.91,64.24,0.74,1.5,,,,0.16,,10.32,,,,,513.06,796.75,
2024-02-29 15:00:00,26.3,54.8,6.92,21.25,28.08,13.92,12.44,0.97,59.47,0.76,1.46,,,,0.16,,11.28,,,,,368.5,798.72,
2024-02-29 16:00:00,25.96,54.1,4.92,19.68,24.55,11.92,12.3,1.02,57.54,0.73,1.45,,,,0.16,,12.45,,,,,195.58,801.21,
2024-02-29 17:00:00,27.65,57.6,4.47,18.58,22.98,11.47,13.12,1.12,52.94,0.76,1.51,,,,0.16,,14.08,,,,,23.86,804.78,
2024-02-29 18:00:00,30.21,62.95,3.51,14.34,17.76,10.51,11.41,1.23,39.08,0.74,1.48,,,,0.16,,17.82,,,,,9.89,812.98,
2024-02-29 19:00:00,33.33,69.44,3.23,15.08,18.07,10.23,13.69,1.02,44.15,0.75,1.46,,,,0.16,,25.8,,,,,9.89,830.42,
2024-02-29 20:00:00,33.56,69.91,2.22,12.33,14.32,9.22,12.82,0.64,50.42,0.75,1.49,,,,0.16,,33.64,,,,,9.89,847.57,
2024-02-29 21:00:00,29.43,61.32,2.92,13.22,16.02,9.93,12.57,0.5,53.06,0.77,1.47,,,,0.16,,42.46,,,,,9.89,866.88,
2024-02-29 22:00:00,29.36,61.18,4.83,18.34,23.14,11.83,11.3,0.32,61.87,0.78,1.49,,,,0.16,,45.47,,,,,9.89,873.51,
2024-02-29 23:00:00,28.18,58.71,4.53,16.84,21.32,11.53,11.92,0.27,56.54,0.76,1.49,,,,0.16,,46.85,,,,,9.89,876.66,
2024-03-01 00:00:00,25.3,52.71,4.84,17.19,22.02,11.85,12.91,0.24,60.0,0.76,1.46,,,,0.16,,50.13,,,,,9.89,883.89,
2024-03-01 01:00:00,24.8,51.67,4.04,15.18,19.21,11.04,11.3,0.19,59.88,0.78,1.5,,,,0.16,,57.34,,,,,9.89,899.67,
2024-03-01 02:00:00,22.46,46.8,4.24,19.76,24.0,11.24,11.17,0.18,55.66,0.76,1.48,,,,0.16,,63.58,,,,,9.89,913.4,
2024-03-01 03:00:00,18.93,39.45,3.64,14.39,18.03,10.64,12.78,0.35,55.26,0.74,1.46,,,,0.16,,68.51,,,,,9.89,924.35,
2024-03-01 04:00:00,16.09,33.51,3.8,15.95,19.74,10.8,12.3,0.67,51.37,0.75,1.49,,,,0.16,,69.88,,,,,9.89,927.48,
2024-03-01 05:00:00,16.96,35.34,4.55,17.37,21.91,11.55,12.56,0.69,48.84,0.76,1.46,,,,0.16,,70.34,,,,,9.89,928.62,
2024-03-01 06:00:00,17.86,37.2,5.46,18.55,24.0,12.46,10.9,0.75,31.75,0.77,1.5,,,,0.16,,74.08,,,,,9.89,936.94,
2024-03-01 07:00:00,22.22,46.28,5.28,16.71,22.0,12.28,11.66,0.84,29.63,0.76,1.5,,,,0.16,,72.9,,,,,9.89,934.46,
2024-03-01 08:00:00,26.1,54.38,3.66,15.78,19.43,10.66,12.65,0.74,44.64,0.77,1.48,,,,0.16,,56.82,,,,,11.6,899.14,
2024-03-01 09:00:00,26.12,54.42,5.09,18.18,23.27,12.09,13.26,0.75,56.21,0.75,1.47,,,,0.16,,45.16,,,,,134.0,873.66,
2024-03-01 10:00:00,26.17,54.52,4.12,16.22,20.33,11.12,12.37,0.69,64.68,0.76,1.46,,,,0.16,,35.81,,,,,545.12,853.09,
2024-03-01 11:00:00,24.1,50.21,5.44,17.1,22.54,12.44,11.83,0.62,71.43,0.74,1.5,,,,0.17,,29.09,,,,,622.08,838.18,
2024-03-01 12:00:00,24.28,50.57,6.55,21.42,27.97,13.55,13.13,0.66,70.94,0.76,1.5,,,,0.16,,24.28,,,,,634.96,827.52,
2024-03-01 13:00:00,25.93,54.03,5.88,18.31,24.2,12.88,13.83,0.74,72.42,0.76,1.5,,,,0.16,,20.71,,,,,576.82,819.54,
2024-03-01 14:00:00,23.96,49.92,6.33,20.81,27.14,13.32,14.99,0.84,72.23,0.78,1.48,,,,0.16,,20.57,,,,,493.29,819.0,
2024-03-01 15:00:00,24.91,51.9,5.64,20.52,25.9,12.63,15.22,1.02,70.55,0.78,1.48,,,,0.16,,16.73,,,,,352.14,810.58,
2024-03-01 16:00:00,23.95,49.9,5.14,15.94,21.02,12.14,14.21,1.04,63.04,0.75,1.49,,,,0.16,,15.92,,,,,195.69,808.77,
2024-03-01 17:00:00,24.58,51.22,5.41,16.76,22.09,12.41,13.31,1.23,46.94,0.76,1.5,,,,0.16,,17.24,,,,,21.74,811.67,
2024-03-01 18:00:00,28.56,59.51,4.23,16.42,20.4,11.23,8.82,1.24,34.28,0.76,1.5,,,,0.15,,20.34,,,,,9.89,818.42,
2024-03-01 19:00:00,29.43,61.31,2.65,11.0,13.53,9.65,8.92,0.96,43.65,0.78,1.5,,,,0.16,,25.59,,,,,9.89,829.96,
2024-03-01 20:00:00,29.68,61.83,4.0,18.89,22.84,11.0,12.93,0.69,50.71,0.77,1.48,,,,0.16,,33.78,,,,,9.89,847.88,
2024-03-01 21:00:00,31.01,64.61,4.31,15.57,19.88,11.31,13.2,0.49,58.74,0.75,1.47,,,,0.16,,40.06,,,,,9.89,861.64,
2024-03-01 22:00:00,30.96,64.49,2.79,14.19,16.97,9.79,12.67,0.37,60.54,0.77,1.48,,,,0.16,,44.87,,,,,9.89,872.19,
2024-03-01 23:00:00,27.64,57.6,4.12,16.98,21.07,11.12,13.21,0.33,64.17,0.78,1.49,,,,0.16,,48.85,,,,,9.89,880.91,
2024-03-02 00:00:00,25.04,52.16,4.23,15.03,19.26,11.23,12.36,0.36,61.46,0.76,1.45,,,,0.16,,52.65,,,,,9.89,889.24,
2024-03-02 01:00:00,24.3,50.62,3.82,15.36,19.18,10.82,12.84,0.29,63.13,0.76,1.47,,,,0.16,,54.52,,,,,9.89,893.4,
2024-03-02 02:00:00,24.1,50.21,4.9,17.35,22.25,11.9,11.88,0.23,61.7,0.77,1.47,,,,0.16,,56.1,,,,,9.89,896.96,
2024-03-02 03:00:00,20.37,42.44,4.59,16.28,20.87,11.59,11.07,0.34,56.02,0.76,1.45,,,,0.16,,58.94,,,,,9.89,903.24,
2024-03-02 04:00:00,17.85,37.2,4.26,16.19,20.45,11.26,11.85,0.69,47.62,0.76,1.47,,,,0.16,,61.7,,,,,9.89,909.36,
2024-03-02 05:00:00,20.59,42.9,4.84,18.12,22.96,11.84,12.73,0.78,36.2,0.76,1.46,,,,0.16,,63.44,,,,,9.89,913.28,
2024-03-02 06:00:00,23.1,48.14,3.98,15.51,18.64,10.96,13.63,0.84,30.24,0.76,1.53,,,,0.16,,63.3,,,,,9.89,913.06,
2024-03-02 07:00:00,23.85,49.69,3.68,14.97,18.64,10.68,13.37,0.84,36.58,0.75,1.47,,,,0.16,,59.83,,,,,12.32,905.5,
2024-03-02 08:00:00,24.71,51.48,5.48,18.55,24.03,12.48,13.86,0.93,42.61,0.77,1.48,,,,0.16,,48.52,,,,,28.75,880.89,
2024-03-02 09:00:00,24.91,51.9,6.2,19.9,26.1,13.2,13.09,0.85,47.08,0.76,1.46,,,,0.16,,33.94,,,,,137.06,849.04,
2024-03-02 10:00:00,27.15,56.56,6.48,18.83,25.32,13.48,13.75,0.79,58.67,0.75,1.49,,,,0.16,,26.89,,,,,488.92,833.47,
2024-03-02 11:00:00,32.42,67.55,4.77,17.64,22.38,11.77,14.72,0.67,65.24,0.75,1.5,,,,0.16,,23.31,,,,,579.62,825.47,
2024-03-02 12:00:00,32.27,67.22,6.15,18.52,24.67,13.16,14.08,0.68,74.35,0.76,1.48,,,,0.16,,20.76,,,,,490.99,819.78,
2024-03-02 13:00:00,32.44,67.58,4.66,18.02,22.68,11.66,15.55,0.72,78.16,0.75,1.47,,,,0.16,,19.84,,,,,390.36,817.69,
2024-03-02 14:00:00,32.83,68.39,5.78,20.73,26.47,12.78,14.85,0.76,73.24,0.76,1.46,,,,0.15,,17.66,,,,,457.06,812.79,
2024-03-02 15:00:00,32.68,68.09,6.45,19.78,26.24,13.46,12.02,0.91,73.44,0.76,1.46,,,,0.16,,16.77,,,,,301.46,810.75,
2024-03-02 16:00:00,32.86,68.46,6.11,20.03,26.13,13.11,12.81,1.01,65.58,0.76,1.46,,,,0.16,,16.95,,,,,218.38,811.08,
2024-03-02 17:00:00,33.02,68.78,5.36,17.37,22.6,12.36,12.84,1.07,78.92,0.76,1.47,,,,0.16,,20.42,,,,,38.64,818.55,
2024-03-02 18:00:00,32.43,67.56,3.43,13.79,16.96,10.43,15.5,1.09,62.3,0.76,1.5,,,,0.16,,24.22,,,,,9.89,826.85,
2024-03-02 19:00:00,32.47,67.64,3.19,13.24,16.18,10.2,13.74,0.96,40.24,0.76,1.46,,,,0.16,,25.08,,,,,9.89,828.86,
2024-03-02 20:00:00,33.5,69.8,2.89,14.84,17.5,9.88,12.92,0.72,32.15,0.75,1.46,,,,0.16,,26.04,,,,,9.89,831.06,
2024-03-02 21:00:00,34.69,72.27,3.85,14.63,18.48,10.85,11.6,0.56,25.72,0.76,1.5,,,,0.16,,27.54,,,,,9.89,834.46,
2024-03-02 22:00:00,35.28,73.49,5.06,16.93,21.9,12.06,12.92,0.49,33.88,0.75,1.51,,,,0.16,,32.15,,,,,9.89,844.62,
2024-03-02 23:00:00,33.63,70.07,4.57,15.64,20.14,11.58,13.13,0.4,55.02,0.75,1.46,,,,0.16,,41.65,,,,,9.89,865.32,
2024-03-03 00:00:00,32.59,67.89,4.48,16.45,20.94,11.48,13.71,0.36,64.16,0.75,1.46,,,,0.16,,44.14,,,,,9.89,870.85,
2024-03-03 01:00:00,32.89,68.52,4.3,18.32,22.62,11.3,12.58,0.3,75.39,0.76,1.48,,,,0.16,,48.11,,,,,9.89,879.53,
2024-03-03 02:00:00,32.63,67.98,5.06,17.4,22.46,12.07,12.18,0.25,75.47,0.77,1.51,,,,0.16,,51.56,,,,,9.89,887.12,
2024-03-03 03:00:00,33.74,70.3,4.7,16.91,21.62,11.7,10.48,0.37,67.62,0.75,1.47,,,,0.16,,55.54,,,,,9.89,895.83,
2024-03-03 04:00:00,36.05,75.1,5.01,17.98,23.0,12.01,13.41,0.72,33.11,0.76,1.48,,,,0.16,,54.94,,,,,9.89,894.72,
2024-03-03 05:00:00,35.16,73.26,4.84,16.63,21.47,11.84,13.62,0.76,24.66,0.76,1.48,,,,0.16,,55.55,,,,,9.89,896.22,
2024-03-03 06:00:00,34.42,71.72,4.97,16.57,21.54,11.98,11.7,0.93,14.79,0.77,1.48,,,,0.16,,57.82,,,,,9.89,901.22,
2024-03-03 07:00:00,42.94,89.46,5.23,19.02,24.26,12.23,11.43,0.95,18.13,0.75,1.45,,,,0.16,,64.56,,,,,9.89,915.96,
2024-03-03 08:00:00,53.02,110.47,5.43,18.32,23.76,12.43,12.9,0.92,54.56,0.77,1.5,,,,0.16,,61.23,,,,,26.09,908.53,
2024-03-03 09:00:00,57.07,118.9,4.12,15.88,19.99,11.11,11.38,0.87,91.24,0.76,1.45,,,,0.16,,50.14,,,,,121.75,884.31,
2024-03-03 10:00:00,54.45,113.44,5.69,18.44,24.14,12.69,10.57,0.74,110.65,0.78,1.5,,,,0.16,,40.26,,,,,481.51,862.62,
2024-03-03 11:00:00,46.68,97.25,5.14,17.73,22.86,12.14,13.7,0.7,133.3,0.77,1.51,,,,0.16,,33.67,,,,,558.23,848.13,
2024-03-03 12:00:00,,,,,,,,,,,,,,,,,,,,,,,,
2024-03-03 13:00:00,,,,,,,,,,,,,,,,,,,,,,,,
2024-03-03 14:00:00,,,,,,,,,,,,,,,,,,,,,,,,
2024-03-03 15:00:00,,,,,,,,,,,,,,,,,,,,,,,,
2024-03-03 16:00:00,,,,,,,,,,,,,,,,,,,,,,,,
2024-03-03 17:00:00,,,,,,,,,,,,,,,,,,,,,,,,
2024-03-03 18:00:00,,,,,,,,,,,,,,,,,,,,,,,,
2024-03-03 19:00:00,,,,,,,,,,,,,,,,,,,,,,,,
2024-03-03 20:00:00,,,,,,,,,,,,,,,,,,,,,,,,
2024-03-03 21:00:00,,,,,,,,,,,,,,,,,,,,,,,,
2024-03-03 22:00:00,,,,,,,,,,,,,,,,,,,,,,,,
2024-03-03 23:00:00,,,,,,,,,,,,,,,,,,,,,,,,
2024-03-04 00:00:00,,,,,,,,,,,,,,,,,,,,,,,,
2024-03-04 01:00:00,,,,,,,,,,,,,,,,,,,,,,,,
2024-03-04 02:00:00,,,,,,,,,,,,,,,,,,,,,,,,
2024-03-04 03:00:00,,,,,,,,,,,,,,,,,,,,,,,,
2024-03-04 04:00:00,,,,,,,,,,,,,,,,,,,,,,,,
2024-03-04 05:00:00,,,,,,,,,,,,,,,,,,,,,,,,
2024-03-04 06:00:00,,,,,,,,,,,,,,,,,,,,,,,,
2024-03-04 07:00:00,,,,,,,,,,,,,,,,,,,,,,,,
2024-03-04 08:00:00,,,,,,,,,,,,,,,,,,,,,,,,
2024-03-04 09:00:00,,,,,,,,,,,,,,,,,,,,,,,,
2024-03-04 10:00:00,,,,,,,,,,,,,,,,,,,,,,,,
2024-03-04 11:00:00,,,,,,,,,,,,,,,,,,,,,,,,
2024-03-04 12:00:00,32.08,66.83,7.46,23.69,31.15,14.46,14.84,0.74,115.72,0.8,1.62,,,,0.26,,26.89,,,,,589.98,832.82,
2024-03-04 13:00:00,33.03,68.82,6.71,21.46,28.17,13.71,12.65,0.85,155.13,0.83,1.74,,,,0.36,,25.44,,,,,539.62,829.52,
2024-03-04 14:00:00,33.26,69.29,7.8,25.39,33.19,14.8,11.87,1.04,159.88,0.84,1.72,,,,0.36,,23.1,,,,,420.82,824.33,
2024-03-04 15:00:00,34.91,72.73,6.31,19.77,26.08,13.31,11.68,1.08,156.32,0.82,1.72,,,,0.36,,21.2,,,,,287.92,820.14,
2024-03-04 16:00:00,36.09,75.19,5.72,18.16,23.86,12.72,12.15,1.09,145.53,0.84,1.74,,,,0.36,,21.01,,,,,137.98,819.68,
2024-03-04 17:00:00,35.67,74.32,5.81,19.4,25.16,12.81,11.5,1.21,102.44,0.84,1.73,,,,0.36,,22.64,,,,,18.85,823.22,
2024-03-04 18:00:00,38.8,80.83,4.86,16.0,20.81,11.87,12.9,1.27,74.0,0.84,1.72,,,,0.36,,25.81,,,,,9.89,830.24,
2024-03-04 19:00:00,43.46,90.54,4.23,16.24,20.42,11.23,13.59,1.35,48.38,0.84,1.72,,,,0.37,,27.68,,,,,9.89,834.38,
2024-03-04 20:00:00,52.64,109.67,2.72,12.9,15.31,9.72,11.34,0.91,55.27,0.83,1.74,,,,0.36,,31.96,,,,,9.89,843.69,
2024-03-04 21:00:00,52.06,108.45,4.84,15.33,20.13,11.84,13.52,0.73,67.72,0.82,1.74,,,,0.36,,37.08,,,,,9.89,854.96,
2024-03-04 22:00:00,43.99,91.65,3.55,14.24,17.74,10.56,13.91,0.62,58.86,0.83,1.72,,,,0.36,,43.65,,,,,9.89,869.29,
2024-03-04 23:00:00,37.92,78.99,3.77,15.1,18.74,10.77,15.0,0.36,60.29,0.83,1.73,,,,0.36,,48.79,,,,,9.89,880.5,
2024-03-05 00:00:00,34.29,71.44,3.12,11.22,14.3,10.12,11.5,0.22,57.27,0.83,1.72,,,,0.36,,52.78,,,,,9.89,889.19,
2024-03-05 01:00:00,32.49,67.69,4.2,17.93,22.12,11.2,10.62,0.21,57.66,0.81,1.75,,,,0.36,,56.72,,,,,9.89,897.84,
2024-03-05 02:00:00,29.3,61.04,4.42,16.7,21.12,11.42,11.88,0.21,54.78,0.82,1.73,,,,0.36,,59.65,,,,,9.89,904.25,
2024-03-05 03:00:00,26.76,55.75,4.84,16.09,20.93,11.84,14.05,0.28,57.44,0.84,1.76,,,,0.35,,61.8,,,,,9.89,909.06,
2024-03-05 04:00:00,25.24,52.58,5.5,20.4,25.9,12.5,13.71,0.64,55.02,0.85,1.73,,,,0.36,,62.44,,,,,9.89,910.52,
2024-03-05 05:00:00,25.46,53.03,5.23,16.83,22.06,12.23,12.03,0.65,53.7,0.83,1.72,,,,0.36,,62.21,,,,,9.89,910.14,
2024-03-05 06:00:00,24.96,52.0,3.96,15.63,19.59,10.96,11.34,0.7,38.71,0.84,1.74,,,,0.35,,61.46,,,,,9.89,908.55,
2024-03-05 07:00:00,29.89,62.27,4.16,15.66,19.82,11.16,13.0,0.75,55.2,0.84,1.74,,,,0.36,,57.78,,,,,9.92,900.63,
2024-03-05 08:00:00,35.98,74.95,5.32,19.31,24.62,12.32,12.68,0.79,66.53,0.84,1.74,,,,0.36,,55.98,,,,,22.77,896.72,
2024-03-05 09:00:00,40.13,83.6,6.03,19.34,25.36,13.04,10.11,0.74,87.9,0.83,1.74,,,,0.36,,44.65,,,,,96.1,872.08,
2024-03-05 10:00:00,42.15,87.81,4.71,18.9,23.61,11.71,12.5,0.68,114.29,0.83,1.72,,,,0.36,,31.83,,,,,508.58,844.04,
2024-03-05 11:00:00,40.81,85.01,5.64,19.17,24.81,12.64,13.38,0.67,137.15,0.83,1.74,,,,0.36,,22.17,,,,,588.61,822.82,
2024-03-05 12:00:00,38.35,79.89,6.84,22.11,28.94,13.84,13.44,0.7,113.36,0.84,1.74,,,,0.36,,18.04,,,,,611.09,813.63,
2024-03-05 13:00:00,39.36,82.0,9.28,28.96,38.22,16.28,12.0,0.87,102.72,0.91,2.13,,,,0.41,,17.77,,,,,575.58,812.88,
2024-03-05 14:00:00,,,,,,,,,,,,,,,,,,,,,,,,
2024-03-05 15:00:00,,,,,,,,,,,,,,,,,,,,,,,,
2024-03-05 16:00:00,,,,,,,,,,,,,,,,,,,,,,,,
2024-03-05 17:00:00,,,,,,,,,,,,,,,,,,,,,,,,
2024-03-05 18:00:00,,,,,,,,,,,,,,,,,,,,,,,,
2024-03-05 19:00:00,,,,,,,,,,,,,,,,,,,,,,,,
2024-03-05 20:00:00,,,,,,,,,,,,,,,,,,,,,,,,
2024-03-05 21:00:00,,,,,,,,,,,,,,,,,,,,,,,,
2024-03-05 22:00:00,,,,,,,,,,,,,,,,,,,,,,,,
2024-03-05 23:00:00,,,,,,,,,,,,,,,,,,,,,,,,
2024-03-06 00:00:00,,,,,,,,,,,,,,,,,,,,,,,,
2024-03-06 01:00:00,,,,,,,,,,,,,,,,,,,,,,,,
2024-03-06 02:00:00,,,,,,,,,,,,,,,,,,,,,,,,
2024-03-06 03:00:00,,,,,,,,,,,,,,,,,,,,,,,,
2024-03-06 04:00:00,,,,,,,,,,,,,,,,,,,,,,,,
2024-03-06 05:00:00,,,,,,,,,,,,,,,,,,,,,,,,
2024-03-06 06:00:00,,,,,,,,,,,,,,,,,,,,,,,,
2024-03-06 07:00:00,,,,,,,,,,,,,,,,,,,,,,,,
2024-03-06 08:00:00,,,,,,,,,,,,,,,,,,,,,,,,
2024-03-06 09:00:00,,,,,,,,,,,,,,,,,,,,,,,,
2024-03-06 10:00:00,,,,,,,,,,,,,,,,,,,,,,,,
2024-03-06 11:00:00,,,,,,,,,,,,,,,,,,,,,,,,
2024-03-06 12:00:00,27.48,57.26,5.84,17.92,23.73,12.84,11.53,0.69,131.38,0.94,2.26,,,,0.44,,26.41,,,,,491.36,832.61,
2024-03-06 13:00:00,31.45,65.52,6.12,21.2,27.29,13.12,11.48,0.78,128.04,0.93,2.28,,,,0.44,,24.51,,,,,429.83,827.6,
2024-03-06 14:00:00,38.3,79.8,6.2,20.62,26.82,13.2,12.33,0.95,118.2,0.94,2.32,,,,0.43,,22.13,,,,,375.37,822.3,
2024-03-06 15:00:00,27.84,58.06,10.98,31.03,42.01,15.41,,1.01,102.94,0.93,2.29,,,,0.42,,22.3,,,,,141.71,822.69,
2024-03-06 16:00:00,22.21,46.27,2.61,13.44,15.75,9.61,9.57,1.04,,0.93,2.29,,,,0.43,,22.26,,,,,87.38,822.49,
2024-03-06 17:00:00,20.62,42.96,6.12,21.23,27.26,13.12,11.34,1.24,34.73,0.94,2.27,,,,0.42,,23.39,,,,,13.56,824.93,
2024-03-06 18:00:00,22.44,46.75,22.29,56.31,78.59,29.29,,1.38,1.06,1.0,2.32,,,,0.44,,,,,,,9.89,830.29,
2024-03-06 19:00:00,30.54,63.62,3.11,12.48,14.89,10.11,9.07,1.25,15.69,0.94,2.26,,,,0.43,,26.71,,,,,9.89,832.2,
2024-03-06 20:00:00,38.05,79.27,3.52,11.96,15.26,8.73,8.0,0.75,51.86,0.96,2.28,,,,0.43,,28.69,,,,,9.89,836.52,
2024-03-06 21:00:00,34.49,71.85,4.04,14.11,17.96,11.04,12.62,0.71,53.49,0.94,2.29,,,,0.43,,31.1,,,,,9.89,841.88,
2024-03-06 22:00:00,30.18,62.89,5.17,18.44,23.6,12.17,13.94,0.65,65.0,0.96,2.28,,,,0.43,,34.69,,,,,9.89,849.84,
2024-03-06 23:00:00,27.93,58.18,4.98,18.96,22.84,11.98,12.67,0.59,71.75,0.93,2.27,,,,0.44,,37.16,,,,,9.89,855.31,
2024-03-07 00:00:00,25.2,52.5,4.5,17.74,22.24,11.5,11.92,0.5,62.38,0.94,2.29,,,,0.43,,39.38,,,,,9.89,860.24,
2024-03-07 01:00:00,22.82,47.55,4.69,17.01,21.67,11.69,12.22,0.33,75.36,0.94,2.27,,,,0.42,,42.2,,,,,9.89,866.43,
2024-03-07 02:00:00,21.44,44.66,5.12,16.2,21.22,12.12,11.91,0.3,66.85,0.94,2.29,,,,0.43,,44.68,,,,,9.89,871.88,
2024-03-07 03:00:00,21.26,44.29,4.78,16.86,21.64,11.77,11.23,0.4,59.17,0.94,2.27,,,,0.43,,46.7,,,,,9.89,876.31,
2024-03-07 04:00:00,19.94,41.54,4.6,17.24,21.81,11.6,13.84,0.62,62.14,0.95,2.29,,,,0.43,,48.44,,,,,9.89,880.16,
2024-03-07 05:00:00,18.13,37.77,4.96,16.23,21.17,11.96,18.06,0.51,63.48,0.94,2.28,,,,0.42,,49.71,,,,,9.89,882.97,
2024-03-07 06:00:00,18.18,37.88,5.41,18.33,23.74,12.42,19.5,0.64,47.9,0.94,2.28,,,,0.42,,55.81,,,,,9.89,896.25,
2024-03-07 07:00:00,18.67,38.9,4.83,17.96,22.79,11.82,11.98,0.64,54.2,0.94,2.31,,,,0.42,,60.12,,,,,10.3,905.72,
2024-03-07 08:00:00,19.4,40.43,5.33,17.35,22.68,12.33,12.86,0.67,64.48,0.94,2.28,,,,0.44,,60.14,,,,,26.7,905.73,
2024-03-07 09:00:00,18.93,39.44,5.98,19.09,25.08,11.45,14.83,0.55,86.62,0.92,2.26,,,,0.43,,53.34,,,,,79.42,890.21,
2024-03-07 10:00:00,18.1,37.72,4.78,18.11,22.89,11.78,13.62,0.63,83.7,0.94,2.28,,,,0.42,,33.23,,,,,510.85,847.06,
2024-03-07 11:00:00,18.66,38.89,6.14,22.09,28.23,13.14,13.34,0.61,94.4,0.95,2.3,,,,0.43,,24.99,,,,,590.33,828.87,
2024-03-07 12:00:00,16.65,34.7,6.95,22.39,29.32,13.95,8.88,0.68,115.94,0.95,2.31,,,,0.42,,21.9,,,,,597.17,821.97,
2024-03-07 13:00:00,16.2,33.76,6.46,22.01,28.43,13.46,10.56,0.79,137.62,0.85,1.98,,,,0.4,,20.06,,,,,534.72,817.82,
2024-03-07 14:00:00,18.44,38.42,7.43,23.51,30.92,13.7,15.05,0.89,165.94,0.71,1.59,,,,0.36,,19.77,,,,,428.72,817.04,
2024-03-07 15:00:00,25.94,54.06,5.67,18.56,24.15,12.67,15.56,0.9,164.0,0.72,1.6,,,,0.36,,18.84,,,,,289.49,814.98,
2024-03-07 16:00:00,31.84,66.33,4.16,17.18,21.22,11.16,13.45,0.94,153.84,0.71,1.56,,,,0.36,,18.96,,,,,142.11,815.18,
2024-03-07 17:00:00,35.15,73.22,5.26,15.22,20.32,12.25,10.68,1.07,111.32,0.71,1.59,,,,0.36,,20.66,,,,,22.32,818.91,
2024-03-07 18:00:00,37.8,78.74,3.02,13.06,15.72,10.02,12.18,1.23,78.86,0.72,1.6,,,,0.36,,22.3,,,,,9.89,822.52,
2024-03-07 19:00:00,39.51,82.32,2.61,12.7,15.14,9.6,11.62,1.29,50.18,0.7,1.58,,,,0.35,,24.54,,,,,9.89,827.48,
2024-03-07 20:00:00,48.44,100.91,3.51,14.06,17.4,10.52,11.48,1.1,31.16,0.72,1.59,,,,0.35,,25.83,,,,,9.89,830.35,
2024-03-07 21:00:00,53.94,112.36,3.83,13.54,17.17,10.83,13.0,0.77,70.97,0.71,1.58,,,,0.36,,29.64,,,,,9.89,838.69,
2024-03-07 22:00:00,51.56,107.42,3.76,14.24,17.77,10.76,15.18,0.75,73.32,0.7,1.59,,,,0.36,,34.08,,,,,9.89,848.4,
2024-03-07 23:00:00,48.18,100.36,3.96,15.65,19.37,10.96,12.26,0.66,78.72,0.71,1.57,,,,0.36,,38.19,,,,,9.89,857.44,
2024-03-08 00:00:00,46.2,96.24,5.53,16.19,21.72,12.53,13.28,0.45,81.58,0.71,1.59,,,,0.35,,40.3,,,,,9.89,862.11,
2024-03-08 01:00:00,42.98,89.54,4.46,17.51,21.8,11.46,13.9,0.33,76.18,0.71,1.58,,,,0.36,,41.05,,,,,9.89,863.84,
2024-03-08 02:00:00,38.43,80.06,3.84,16.68,20.52,10.84,12.27,0.3,75.06,0.7,1.59,,,,0.36,,42.56,,,,,9.89,867.2,
2024-03-08 03:00:00,35.46,73.87,2.8,13.76,16.56,9.8,12.38,0.35,72.31,0.71,1.57,,,,0.36,,44.14,,,,,9.89,870.69,
2024-03-08 04:00:00,34.03,70.9,4.12,18.07,22.04,11.12,12.94,0.61,67.17,0.72,1.58,,,,0.36,,44.52,,,,,9.89,871.6,
2024-03-08 05:00:00,31.14,64.87,4.44,17.1,21.54,11.44,13.32,0.62,65.76,0.7,1.6,,,,0.36,,45.5,,,,,9.89,873.76,
2024-03-08 06:00:00,31.17,64.94,5.9,20.63,26.53,12.9,13.82,0.61,55.63,0.71,1.62,,,,0.36,,47.52,,,,,9.89,878.22,
2024-03-08 07:00:00,32.16,66.99,4.39,16.73,21.12,11.39,15.21,0.6,49.18,0.7,1.56,,,,0.36,,49.07,,,,,10.01,881.62,
2024-03-08 08:00:00,31.54,65.72,4.81,15.72,20.54,11.82,13.22,0.62,53.39,0.71,1.58,,,,0.36,,49.28,,,,,23.21,882.1,
2024-03-08 09:00:00,32.17,67.02,6.18,19.2,25.39,13.18,16.4,0.58,70.97,0.71,1.56,,,,0.36,,44.41,,,,,67.05,871.48,
2024-03-08 10:00:00,31.58,65.79,5.79,19.34,25.13,12.79,15.46,0.56,77.9,0.71,1.6,,,,0.37,,38.59,,,,,494.7,858.64,
2024-03-08 11:00:00,31.51,65.66,5.52,18.36,23.88,12.52,8.94,0.6,89.13,0.71,1.57,,,,0.36,,31.53,,,,,572.35,843.11,
2024-03-08 12:00:00,33.4,69.58,6.36,20.29,26.65,13.35,10.87,0.7,106.44,0.71,1.57,,,,0.36,,26.04,,,,,566.56,830.96,
2024-03-08 13:00:00,31.72,66.08,6.03,21.07,27.03,13.04,11.52,0.88,113.53,0.71,1.58,,,,0.36,,21.9,,,,,482.24,821.79,
2024-03-08 14:00:00,32.62,67.97,6.24,21.09,27.32,13.24,12.92,1.02,108.88,0.71,1.55,,,,0.36,,20.48,,,,,314.93,818.63,
2024-03-08 15:00:00,33.36,69.5,5.68,20.45,26.1,12.68,11.15,1.04,111.59,0.72,1.57,,,,0.36,,19.44,,,,,251.29,816.28,
2024-03-08 16:00:00,33.44,69.67,6.31,20.24,26.53,13.31,11.64,1.11,120.14,0.72,1.6,,,,0.36,,20.75,,,,,97.58,819.12,
2024-03-08 17:00:00,33.22,69.21,5.47,18.83,24.24,12.47,12.87,1.34,105.94,0.7,1.58,,,,0.36,,22.04,,,,,20.08,821.9,
2024-03-08 18:00:00,35.17,73.29,4.4,17.56,21.9,11.4,12.34,1.4,60.57,0.71,1.58,,,,0.36,,24.92,,,,,9.89,828.21,
2024-03-08 19:00:00,39.76,82.84,5.28,17.77,22.64,12.2,10.33,1.36,48.58,0.71,1.59,,,,0.37,,27.39,,,,,9.89,833.68,
2024-03-08 20:00:00,49.17,102.44,3.59,13.61,17.05,10.59,10.1,1.1,31.89,0.72,1.55,,,,0.36,,28.11,,,,,9.89,835.26,
2024-03-08 21:00:00,51.99,108.32,2.89,12.81,15.6,9.9,9.64,0.77,64.4,0.71,1.57,,,,0.37,,30.14,,,,,9.89,839.74,
2024-03-08 22:00:00,49.24,102.58,5.38,18.22,23.51,12.38,10.91,0.66,63.8,0.71,1.58,,,,0.36,,34.87,,,,,9.89,850.11,
2024-03-08 23:00:00,42.39,88.32,5.42,19.89,25.31,12.42,10.62,0.64,62.28,0.71,1.59,,,,0.36,,39.24,,,,,9.89,859.64,
2024-03-09 00:00:00,34.7,72.31,4.82,19.02,23.77,11.82,11.19,0.48,60.56,0.71,1.59,,,,0.36,,39.82,,,,,9.89,860.99,
2024-03-09 01:00:00,30.6,63.76,4.03,15.32,19.34,11.03,10.7,0.36,68.76,0.72,1.59,,,,0.37,,39.11,,,,,9.89,859.54,
2024-03-09 02:00:00,29.04,60.49,4.92,18.92,23.74,11.92,10.52,0.32,64.48,0.72,1.57,,,,0.36,,40.54,,,,,9.89,862.72,
2024-03-09 03:00:00,26.8,55.83,4.87,18.9,23.77,11.87,10.18,0.4,58.65,0.71,1.59,,,,0.36,,43.45,,,,,9.89,869.08,
2024-03-09 04:00:00,26.38,54.96,5.19,18.73,23.92,12.19,12.11,0.67,62.45,0.71,1.58,,,,0.35,,53.12,,,,,9.89,890.11,
2024-03-09 05:00:00,26.44,55.08,4.2,14.95,19.14,11.2,10.56,0.65,57.98,0.7,1.58,,,,0.36,,58.28,,,,,9.89,901.31,
2024-03-09 06:00:00,25.94,54.02,3.73,14.64,18.36,10.73,9.9,0.67,50.31,0.72,1.58,,,,0.37,,58.84,,,,,9.89,902.58,
2024-03-09 07:00:00,28.14,58.62,4.92,17.47,22.36,11.92,12.0,0.68,46.15,0.7,1.58,,,,0.37,,59.1,,,,,11.02,903.2,
2024-03-09 08:00:00,32.53,67.76,4.74,16.03,20.78,11.74,13.85,0.69,45.97,0.71,1.6,,,,0.36,,54.26,,,,,30.4,892.67,
2024-03-09 09:00:00,33.01,68.76,5.51,20.39,25.88,12.51,14.26,0.63,47.02,0.7,1.57,,,,0.36,,45.98,,,,,64.65,874.69,
2024-03-09 10:00:00,30.48,63.49,6.11,18.6,24.7,13.11,11.44,0.62,55.2,0.7,1.58,,,,0.36,,35.68,,,,,489.46,852.16,
2024-03-09 11:00:00,28.47,59.3,6.54,19.73,26.22,13.54,11.69,0.6,74.68,0.71,1.58,,,,0.36,,28.78,,,,,569.51,836.98,
2024-03-09 12:00:00,27.31,56.9,7.16,21.77,28.87,14.16,11.17,0.64,91.35,0.72,1.57,,,,0.36,,25.83,,,,,583.55,830.43,
2024-03-09 13:00:00,28.8,60.01,7.1,23.74,30.83,14.1,10.79,0.82,99.95,0.71,1.58,,,,0.36,,24.48,,,,,536.45,827.34,
2024-03-09 14:00:00,30.22,62.96,6.31,21.54,27.68,13.31,12.2,0.91,100.78,0.71,1.58,,,,0.36,,23.16,,,,,262.1,824.4,
2024-03-09 15:00:00,30.86,64.31,5.86,21.09,26.81,12.88,12.92,0.97,110.22,0.71,1.58,,,,0.36,,23.77,,,,,120.98,825.64,
2024-03-09 16:00:00,29.9,62.29,5.07,17.36,22.32,12.07,13.35,0.97,115.14,0.72,1.57,,,,0.36,,23.2,,,,,92.83,824.4,
2024-03-09 17:00:00,31.38,65.38,5.0,15.92,20.66,12.0,9.69,1.16,78.63,0.71,1.54,,,,0.36,,24.08,,,,,20.06,826.32,
2024-03-09 18:00:00,34.18,71.21,4.8,16.43,21.1,11.8,10.32,1.2,69.66,0.7,1.57,,,,0.36,,26.25,,,,,9.89,831.06,
2024-03-09 19:00:00,39.71,82.72,4.52,18.26,22.43,11.52,11.14,1.14,39.34,0.71,1.57,,,,0.37,,27.57,,,,,9.89,833.97,
2024-03-09 20:00:00,45.14,94.03,2.62,10.5,12.63,9.62,12.66,0.85,52.3,0.71,1.6,,,,0.36,,29.04,,,,,9.89,837.19,
2024-03-09 21:00:00,49.6,103.34,3.47,12.64,15.98,10.47,14.07,0.72,70.24,0.7,1.56,,,,0.36,,37.76,,,,,9.89,856.2,
2024-03-09 22:00:00,48.76,101.58,3.93,15.41,21.24,10.93,14.9,0.67,77.47,0.72,1.57,,,,0.37,,44.3,,,,,9.89,870.44,
2024-03-09 23:00:00,39.6,82.49,4.46,16.39,20.84,11.46,13.66,0.62,74.9,0.71,1.56,,,,0.36,,51.87,,,,,9.89,886.89,
2024-03-10 00:00:00,34.83,72.55,3.5,17.92,21.41,10.5,11.26,0.5,78.82,0.72,1.59,,,,0.36,,56.98,,,,,9.89,898.04,
2024-03-10 01:00:00,32.04,66.76,4.91,16.47,21.34,11.91,11.82,0.39,74.67,0.71,1.57,,,,0.35,,64.3,,,,,9.89,913.92,
2024-03-10 02:00:00,31.13,64.86,4.26,15.02,19.27,11.26,14.26,0.53,67.6,0.71,1.59,,,,0.36,,65.91,,,,,9.89,917.58,
2024-03-10 03:00:00,30.96,64.5,4.47,16.79,21.11,11.47,15.44,0.43,58.86,0.71,1.58,,,,0.37,,64.7,,,,,9.89,914.91,
2024-03-10 04:00:00,29.34,61.13,5.18,17.73,22.91,12.18,15.46,0.64,55.2,0.7,1.59,,,,0.36,,63.98,,,,,9.89,913.37,
2024-03-10 05:00:00,26.76,55.75,4.66,18.15,22.75,11.66,11.97,0.63,49.82,0.72,1.6,,,,0.36,,70.94,,,,,9.89,928.57,
2024-03-10 06:00:00,25.64,53.42,4.85,16.71,21.56,11.85,10.34,0.64,43.55,0.71,1.58,,,,0.36,,74.41,,,,,9.89,936.22,
2024-03-10 07:00:00,30.14,62.79,4.73,16.36,21.06,11.73,9.62,0.67,35.9,0.71,1.58,,,,0.36,,78.15,,,,,15.75,944.44,
2024-03-10 08:00:00,33.68,70.18,4.05,17.9,21.96,11.05,11.7,0.65,31.18,0.71,1.56,,,,0.35,,74.24,,,,,53.67,935.9,
2024-03-10 09:00:00,32.98,68.71,4.14,16.13,20.21,11.14,13.94,0.63,32.77,0.72,1.58,,,,0.37,,66.08,,,,,97.36,917.96,
2024-03-10 10:00:00,33.04,68.83,5.37,20.28,25.62,12.37,14.02,0.61,47.68,0.71,1.58,,,,0.35,,52.71,,,,,443.58,888.83,
2024-03-10 11:00:00,27.59,57.49,6.18,18.6,24.79,13.18,12.29,0.6,50.36,0.72,1.59,,,,0.36,,40.42,,,,,514.22,862.04,
2024-03-10 12:00:00,24.87,51.83,5.76,18.62,24.39,12.76,9.24,0.72,79.32,0.71,1.58,,,,0.36,,34.91,,,,,531.16,849.99,
2024-03-10 13:00:00,26.09,54.34,7.34,21.44,28.77,14.34,12.87,0.85,89.94,0.71,1.6,,,,0.37,,27.72,,,,,498.62,834.29,
2024-03-10 14:00:00,25.53,53.18,7.14,20.9,27.7,14.14,14.81,0.9,95.42,0.71,1.6,,,,0.37,,26.18,,,,,377.52,830.85,
2024-03-10 15:00:00,24.65,51.36,6.76,20.16,26.86,13.76,14.04,0.94,101.31,0.71,1.57,,,,0.36,,27.42,,,,,293.84,833.44,
2024-03-10 16:00:00,22.94,47.78,4.91,19.7,24.48,11.91,10.26,1.0,91.72,0.7,1.6,,,,0.36,,28.35,,,,,70.38,835.47,
2024-03-10 17:00:00,24.65,51.36,4.15,14.84,18.64,11.14,9.73,1.04,92.3,0.72,1.59,,,,0.36,,29.8,,,,,19.92,838.56,
2024-03-10 18:00:00,27.87,58.07,3.72,13.55,17.01,10.72,10.52,1.06,78.96,0.7,1.58,,,,0.36,,34.1,,,,,9.89,847.88,
2024-03-10 19:00:00,28.28,58.92,2.12,11.02,12.91,9.12,9.8,0.95,71.37,0.72,1.58,,,,0.37,,34.63,,,,,9.89,849.15,
2024-03-10 20:00:00,29.54,61.54,4.74,16.09,20.66,11.74,13.14,0.71,58.66,0.7,1.59,,,,0.36,,37.25,,,,,9.89,854.91,
2024-03-10 21:00:00,32.01,66.69,3.73,14.52,18.2,10.73,11.87,0.65,66.04,0.71,1.59,,,,0.36,,38.51,,,,,9.89,857.78,
2024-03-10 22:00:00,35.46,73.89,4.02,15.88,19.89,11.02,10.82,0.6,76.79,0.7,1.58,,,,0.37,,44.13,,,,,9.89,870.04,
2024-03-10 23:00:00,38.18,79.55,4.25,16.92,21.16,11.25,12.13,0.52,78.18,0.71,1.57,,,,0.37,,47.6,,,,,9.89,877.67,
2024-03-11 00:00:00,37.66,78.46,4.9,17.05,21.94,11.9,15.71,0.37,69.48,0.71,1.6,,,,0.35,,50.1,,,,,9.89,883.17,
2024-03-11 01:00:00,35.85,74.7,5.6,17.84,23.44,12.6,14.42,0.31,70.06,0.71,1.58,,,,0.35,,51.34,,,,,9.89,885.95,
2024-03-11 02:00:00,33.43,69.63,4.69,16.06,20.74,11.69,12.58,0.3,61.07,0.71,1.58,,,,0.36,,52.9,,,,,9.89,889.37,
2024-03-11 03:00:00,30.91,64.39,4.58,16.52,21.05,11.58,16.58,0.37,57.96,0.7,1.58,,,,0.36,,55.07,,,,,9.89,894.16,
2024-03-11 04:00:00,31.07,64.72,4.68,18.38,22.95,11.68,13.99,0.6,54.91,0.71,1.59,,,,0.36,,57.65,,,,,9.89,899.84,
2024-03-11 05:00:00,29.83,62.14,4.28,15.84,20.11,11.28,14.24,0.61,42.16,0.71,1.57,,,,0.36,,62.04,,,,,9.89,909.52,
2024-03-11 06:00:00,27.88,58.07,4.45,16.84,21.3,11.45,13.67,0.62,29.25,0.71,1.58,,,,0.36,,64.29,,,,,9.89,914.54,
2024-03-11 07:00:00,27.78,57.87,4.15,16.68,20.79,11.15,9.74,0.67,28.01,0.71,1.56,,,,0.36,,62.97,,,,,15.35,911.73,
2024-03-11 08:00:00,26.69,55.61,5.1,17.77,22.87,12.09,12.98,0.71,39.11,0.71,1.58,,,,0.36,,55.4,,,,,54.74,895.25,
2024-03-11 09:00:00,29.54,61.55,6.08,16.96,23.04,13.08,11.79,0.67,68.98,0.7,1.59,,,,0.37,,46.62,,,,,77.66,876.14,
2024-03-11 10:00:00,34.3,71.47,4.28,16.13,20.41,11.28,11.67,0.66,93.43,0.7,1.61,,,,0.36,,39.13,,,,,450.09,859.71,
2024-03-11 11:00:00,35.23,73.4,6.98,20.87,27.88,13.98,13.11,0.66,105.06,0.71,1.58,,,,0.36,,31.29,,,,,535.26,842.47,
2024-03-11 12:00:00,34.85,72.6,6.81,21.74,28.54,13.81,12.6,0.71,107.7,0.7,1.57,,,,0.36,,25.51,,,,,554.82,829.7,
2024-03-11 13:00:00,37.55,78.22,5.76,19.2,24.95,12.76,13.67,0.87,110.25,0.71,1.59,,,,0.36,,22.44,,,,,506.24,822.9,
2024-03-11 14:00:00,38.69,80.6,6.97,24.44,31.41,14.2,13.63,0.96,100.24,0.71,1.58,,,,0.36,,21.94,,,,,423.66,821.66,
2024-03-11 15:00:00,36.77,76.61,8.91,25.14,38.19,14.8,14.29,0.98,96.66,0.71,1.56,,,,0.36,,22.18,,,,,288.49,822.19,
2024-03-11 16:00:00,28.3,58.98,6.55,16.85,19.78,16.43,11.6,1.06,93.67,0.71,1.57,,,,0.36,,23.06,,,,,147.95,823.91,
2024-03-11 17:00:00,18.87,39.32,4.66,15.36,19.62,11.67,11.24,1.19,71.75,0.71,1.59,,,,0.36,,25.1,,,,,20.02,828.39,
2024-03-11 18:00:00,20.27,42.22,4.61,15.43,19.82,11.61,14.45,1.23,58.34,0.71,1.59,,,,0.36,,26.04,,,,,9.89,830.48,
2024-03-11 19:00:00,24.82,51.71,3.62,16.4,19.82,10.62,12.12,1.1,55.22,0.71,1.59,,,,0.36,,28.83,,,,,9.89,836.65,
2024-03-11 20:00:00,26.58,55.37,3.88,15.04,18.68,10.88,12.33,0.73,59.0,0.71,1.57,,,,0.36,,37.82,,,,,9.89,856.14,
2024-03-11 21:00:00,25.46,53.04,2.53,12.7,15.1,9.53,13.35,0.66,61.51,0.71,1.57,,,,0.37,,43.3,,,,,9.89,868.16,
2024-03-11 22:00:00,24.96,52.0,3.99,13.2,17.15,10.99,13.27,0.59,69.42,0.7,1.57,,,,0.35,,49.2,,,,,9.89,881.01,
2024-03-11 23:00:00,25.65,53.45,4.81,13.25,17.77,11.81,12.29,0.56,67.93,0.71,1.58,,,,0.36,,53.1,,,,,9.89,889.5,
2024-03-12 00:00:00,22.14,46.12,4.33,16.58,20.87,11.33,14.58,0.52,73.38,0.7,1.56,,,,0.36,,53.66,,,,,9.89,890.81,
2024-03-12 01:00:00,19.92,41.49,4.9,17.67,22.56,11.92,15.32,0.36,68.08,0.71,1.58,,,,0.36,,56.0,,,,,9.89,895.97,
2024-03-12 02:00:00,18.36,38.26,5.43,17.03,22.37,12.44,14.19,0.27,65.1,0.71,1.59,,,,0.35,,59.29,,,,,9.89,903.22,
2024-03-12 03:00:00,17.82,37.13,4.43,17.28,21.71,11.43,11.87,0.34,66.92,0.72,1.58,,,,0.36,,58.66,,,,,9.89,901.98,
2024-03-12 04:00:00,18.08,37.66,3.84,16.61,20.46,10.84,11.24,0.64,66.6,0.72,1.57,,,,0.36,,58.88,,,,,9.89,902.52,
2024-03-12 05:00:00,18.76,39.08,4.84,17.4,22.24,11.84,11.72,0.64,57.51,0.71,1.57,,,,0.36,,63.12,,,,,9.89,911.88,
2024-03-12 06:00:00,21.06,43.87,5.44,18.53,23.97,12.44,10.59,0.66,43.18,0.7,1.56,,,,0.36,,67.92,,,,,9.89,922.46,
2024-03-12 07:00:00,22.13,46.1,4.93,18.02,22.63,11.93,12.66,0.69,39.19,0.72,1.59,,,,0.36,,68.45,,,,,9.89,923.65,
2024-03-12 08:00:00,20.63,42.96,5.28,18.54,23.94,10.1,15.54,0.69,45.0,0.73,1.61,,,,0.36,,61.22,,,,,33.22,909.97,
2024-03-12 09:00:00,21.6,45.0,6.04,19.32,25.36,13.04,10.2,0.63,,0.71,1.56,,,,0.36,,49.44,,,,,77.24,882.15,
2024-03-12 10:00:00,23.06,48.02,4.96,17.63,22.6,11.96,11.46,0.65,,0.71,1.58,,,,0.36,,39.31,,,,,440.1,860.06,
2024-03-12 11:00:00,20.9,43.53,4.84,16.19,21.03,11.84,9.81,0.66,,0.7,1.6,,,,0.37,,31.57,,,,,548.7,843.04,
2024-03-12 12:00:00,22.93,47.77,6.4,19.55,25.94,13.4,10.22,0.74,,0.89,1.92,,,,0.42,,25.94,,,,,566.94,830.64,
2024-03-12 13:00:00,21.95,45.74,5.76,16.51,22.26,12.76,11.3,0.84,,0.88,1.94,,,,0.42,,23.58,,,,,521.57,825.38,
2024-03-12 14:00:00,25.25,52.6,8.42,25.92,34.34,15.43,10.73,0.88,,0.88,1.92,,,,0.42,,22.8,,,,,431.23,823.56,
2024-03-12 15:00:00,31.66,65.96,6.83,20.28,27.05,13.83,13.7,0.92,,0.89,1.94,,,,0.42,,23.26,,,,,253.51,824.49,
2024-03-12 16:00:00,33.64,70.07,5.93,17.53,23.44,12.93,15.52,0.97,,0.91,1.94,,,,0.42,,23.62,,,,,149.18,825.18,
2024-03-12 17:00:00,36.44,75.92,5.57,16.86,22.17,12.57,12.73,1.08,,0.9,1.97,,,,0.42,,24.86,,,,,24.7,827.9,
2024-03-12 18:00:00,38.68,80.58,4.85,15.53,20.06,11.85,12.04,1.19,,0.89,1.93,,,,0.42,,27.86,,,,,9.89,834.44,
2024-03-12 19:00:00,41.65,86.78,2.8,13.94,16.45,9.8,11.4,1.16,,0.89,1.95,,,,0.42,,29.53,,,,,9.89,838.15,
2024-03-12 20:00:00,46.56,96.99,2.02,10.9,12.67,9.02,10.99,0.84,,0.89,1.98,,,,0.42,,29.7,,,,,9.89,838.56,
2024-03-12 21:00:00,48.18,100.39,4.32,15.27,19.51,11.32,10.14,0.6,,0.88,1.97,,,,0.42,,35.18,,,,,9.89,850.56,
2024-03-12 22:00:00,46.4,96.67,4.76,16.95,21.59,11.76,12.31,0.55,,0.9,1.94,,,,0.42,,40.88,,,,,9.89,863.02,
2024-03-12 23:00:00,42.91,89.4,4.28,15.33,19.61,11.28,12.24,0.47,,0.88,1.97,,,,0.42,,44.18,,,,,9.89,870.28,
2024-03-13 00:00:00,40.01,83.35,4.35,16.94,21.28,11.35,13.0,0.37,,0.88,1.94,,,,0.41,,45.94,,,,,9.89,874.18,
2024-03-13 01:00:00,38.34,79.88,3.99,17.6,21.56,10.98,14.53,0.26,,0.9,1.96,,,,0.43,,46.78,,,,,9.89,876.06,
2024-03-13 02:00:00,35.31,73.56,3.94,15.05,18.99,10.94,16.0,0.2,,0.89,1.94,,,,0.42,,49.32,,,,,9.89,881.65,
2024-03-13 03:00:00,35.6,74.15,4.15,15.58,19.67,11.15,15.34,0.31,,0.88,1.92,,,,0.42,,50.73,,,,,9.89,884.76,
2024-03-13 04:00:00,36.21,75.43,4.23,16.97,21.19,11.23,15.99,0.62,,0.88,1.94,,,,0.42,,53.47,,,,,9.89,890.75,
2024-03-13 05:00:00,33.47,69.72,4.99,18.63,23.62,11.99,11.53,0.63,,0.89,1.96,,,,0.41,,54.69,,,,,9.89,893.47,
2024-03-13 06:00:00,29.79,62.07,5.29,16.93,22.22,11.85,6.45,0.64,,0.9,1.95,,,,0.42,,60.78,,,,,9.89,906.76,
2024-03-13 07:00:00,34.24,71.32,6.34,22.13,28.46,13.34,9.54,0.62,,0.88,1.93,,,,0.42,,75.92,,,,,12.14,939.91,
2024-03-13 08:00:00,40.1,83.55,4.41,15.5,19.9,11.41,11.07,0.68,,0.88,1.94,,,,0.41,,69.84,,,,,37.22,926.57,
2024-03-13 09:00:00,37.04,77.18,5.22,17.88,23.09,12.22,12.84,0.65,,0.9,1.96,,,,0.42,,55.9,,,,,72.51,896.13,
2024-03-13 10:00:00,31.28,65.2,5.15,17.8,22.93,10.56,12.02,0.6,,0.89,1.92,,,,0.42,,42.42,,,,,439.6,866.75,
2024-03-13 11:00:00,29.59,61.64,6.24,17.9,24.09,13.24,12.07,0.6,,0.89,1.94,,,,0.42,,34.38,,,,,551.6,849.07,
2024-03-13 12:00:00,34.6,72.07,5.72,18.97,24.51,12.72,15.54,0.83,,0.88,1.93,,,,0.42,,30.08,,,,,565.84,839.59,
2024-03-13 13:00:00,35.79,74.57,6.64,20.54,27.17,13.64,14.64,0.94,,0.9,1.95,,,,0.41,,27.44,,,,,406.3,833.75,
2024-03-13 14:00:00,36.01,75.01,5.43,18.87,24.28,12.43,12.38,0.98,,0.88,1.94,,,,0.42,,26.23,,,,,381.21,831.0,
2024-03-13 15:00:00,36.93,76.95,5.9,18.82,24.69,12.9,15.07,1.03,,0.88,1.96,,,,0.42,,25.14,,,,,220.45,828.56,
2024-03-13 16:00:00,38.78,80.78,8.16,22.22,30.28,15.16,15.64,1.07,,0.89,1.94,,,,0.42,,24.33,,,,,145.5,826.71,
2024-03-13 17:00:00,38.13,79.43,5.56,17.38,22.75,12.56,13.01,1.25,,0.9,1.93,,,,0.42,,26.97,,,,,11.48,832.48,
2024-03-13 18:00:00,38.8,80.82,3.96,16.41,20.29,10.96,9.0,1.19,,0.88,1.92,,,,0.41,,29.32,,,,,9.89,837.64,
2024-03-13 19:00:00,43.31,90.23,3.65,15.12,18.6,10.65,9.31,1.26,,0.89,1.93,,,,0.41,,31.16,,,,,9.89,841.71,
2024-03-13 20:00:00,52.27,108.89,5.07,17.19,22.14,12.07,13.31,1.3,,0.89,1.94,,,,0.42,,32.49,,,,,9.89,844.62,
2024-03-13 21:00:00,67.0,139.58,4.12,15.56,19.67,11.12,12.76,0.92,,0.89,1.94,,,,0.42,,31.06,,,,,9.89,841.56,
2024-03-13 22:00:00,67.67,140.97,4.48,15.08,19.52,11.49,7.29,0.69,,0.89,1.94,,,,0.42,,37.8,,,,,9.89,856.26,
2024-03-13 23:00:00,56.51,117.72,5.02,18.51,23.53,12.02,10.82,0.63,,0.89,1.96,,,,0.42,,41.06,,,,,9.89,863.4,
2024-03-14 00:00:00,48.75,101.56,3.68,15.64,19.23,10.68,14.48,0.57,,0.89,1.93,,,,0.42,,41.0,,,,,9.89,863.38,
2024-03-14 01:00:00,41.16,85.75,4.72,17.09,21.74,11.72,12.22,0.39,,0.9,1.93,,,,0.42,,55.78,,,,,9.89,895.42,
2024-03-14 02:00:00,40.2,83.76,4.63,15.81,20.44,11.63,12.26,0.3,,0.89,1.92,,,,0.43,,74.58,,,,,9.89,936.3,
2024-03-14 03:00:00,35.95,74.89,5.49,17.46,21.84,12.49,12.09,0.4,,0.89,1.92,,,,0.42,,90.27,,,,,9.89,970.64,
2024-03-14 04:00:00,30.65,63.84,4.04,17.1,21.12,11.04,11.8,0.64,,0.88,1.94,,,,0.42,,97.2,,,,,9.89,985.88,
2024-03-14 05:00:00,27.68,57.67,5.24,18.97,24.2,12.24,11.14,0.61,,0.89,1.93,,,,0.42,,99.4,,,,,9.89,990.8,
2024-03-14 06:00:00,26.3,54.8,4.9,19.24,24.13,11.9,10.94,0.62,,0.89,1.94,,,,0.42,,99.44,,,,,9.89,990.94,
2024-03-14 07:00:00,26.65,55.52,5.09,20.48,25.56,12.09,10.84,0.62,,0.9,1.93,,,,0.43,,99.32,,,,,16.09,990.81,
2024-03-14 08:00:00,27.34,56.96,5.21,18.74,23.95,12.21,11.05,0.66,,0.89,1.95,,,,0.42,,93.34,,,,,55.25,977.73,
2024-03-14 09:00:00,28.4,59.18,5.18,19.78,24.96,12.18,13.09,0.6,,0.88,1.92,,,,0.43,,68.44,,,,,95.78,923.17,
2024-03-14 10:00:00,30.38,63.28,5.3,17.61,22.9,12.3,13.6,0.59,,0.9,1.94,,,,0.42,,51.94,,,,,392.54,887.23,
2024-03-14 11:00:00,31.49,65.6,5.81,19.99,25.8,12.81,11.11,0.59,,0.89,1.94,,,,0.42,,44.18,,,,,505.73,870.22,
2024-03-14 12:00:00,31.1,64.78,7.69,24.55,32.23,13.13,11.98,0.75,,0.89,1.92,,,,0.42,,39.63,,,,,361.12,861.26,
2024-03-14 13:00:00,33.59,69.98,5.85,18.65,24.46,12.85,12.42,0.92,,0.9,1.93,,,,0.42,,37.1,,,,,443.96,854.47,
2024-03-14 14:00:00,36.56,76.18,7.44,23.4,30.8,14.44,12.8,0.92,,1.02,2.1,,,,0.44,,34.17,,,,,229.94,848.12,
2024-03-14 15:00:00,37.18,77.46,5.64,19.05,24.64,12.64,11.96,1.0,,1.16,2.32,,,,0.47,,32.92,,,,,204.76,845.3,
2024-03-14 16:00:00,37.68,78.5,6.28,19.91,26.17,13.28,14.5,1.01,,1.16,2.36,,,,0.47,,30.97,,,,,119.16,841.09,
2024-03-14 17:00:00,37.67,78.47,6.75,19.87,26.54,13.75,11.13,1.04,,1.16,2.32,,,,0.46,,32.13,,,,,16.95,843.57,
2024-03-14 18:00:00,38.35,79.9,4.56,15.77,20.06,11.56,10.01,1.1,,1.14,2.33,,,,0.47,,34.55,,,,,9.89,848.77,
2024-03-14 19:00:00,44.52,92.75,4.5,14.12,18.32,11.5,11.84,1.11,,1.16,2.34,,,,0.47,,36.73,,,,,9.89,853.5,
2024-03-14 20:00:00,50.77,105.78,3.86,14.93,18.74,10.86,10.95,0.88,,1.15,2.35,,,,0.48,,39.99,,,,,9.89,860.7,
2024-03-14 21:00:00,53.46,111.37,4.35,14.46,18.7,11.35,10.18,0.74,,1.19,2.33,,,,0.47,,40.66,,,,,9.89,862.27,
2024-03-14 22:00:00,54.52,113.58,3.31,13.93,17.09,10.31,12.49,0.62,,1.16,2.34,,,,0.48,,34.92,,,,,9.89,849.89,
2024-03-14 23:00:00,50.79,105.81,3.94,18.54,22.43,10.94,10.63,0.54,,1.17,2.34,,,,0.47,,38.75,,,,,9.89,858.24,
2024-03-15 00:00:00,41.34,86.12,4.78,19.0,23.56,11.78,9.29,0.53,,1.15,2.35,,,,0.47,,39.79,,,,,9.89,860.55,
2024-03-15 01:00:00,38.25,79.69,4.18,15.49,19.66,11.18,11.51,0.49,,1.16,2.33,,,,0.47,,48.75,,,,,9.89,880.0,
2024-03-15 02:00:00,39.88,83.09,4.89,18.2,22.9,11.89,15.74,0.42,,1.18,2.34,,,,0.47,,71.66,,,,,9.89,929.71,
2024-03-15 03:00:00,36.53,76.1,4.5,16.87,21.37,11.5,14.14,0.4,,1.17,2.34,,,,0.47,,89.81,,,,,9.89,969.4,
2024-03-15 04:00:00,33.91,70.64,4.08,18.3,22.36,11.08,11.51,0.62,,1.16,2.33,,,,0.48,,95.01,,,,,9.89,980.82,
2024-03-15 05:00:00,31.51,65.65,4.76,17.36,22.1,11.76,11.16,0.6,,1.18,2.34,,,,0.48,,98.91,,,,,9.89,989.5,
2024-03-15 06:00:00,29.26,60.96,5.08,17.76,22.84,12.08,9.72,0.57,,1.16,2.34,,,,0.47,,99.38,,,,,9.89,990.62,
2024-03-15 07:00:00,30.92,64.41,5.56,18.3,23.86,12.56,9.1,0.63,,1.15,2.33,,,,0.48,,96.75,,,,,17.81,984.89,
2024-03-15 08:00:00,31.03,64.65,4.63,15.59,20.22,11.63,13.33,0.6,,1.16,2.32,,,,0.48,,78.67,,,,,57.04,945.47,
2024-03-15 09:00:00,29.82,62.12,4.45,15.41,19.78,11.45,13.55,0.56,,1.16,2.34,,,,0.48,,59.95,,,,,98.7,904.67,
2024-03-15 10:00:00,29.94,62.37,5.05,19.51,24.56,12.05,12.86,0.52,,1.17,2.37,,,,0.48,,46.48,,,,,392.8,875.37,
2024-03-15 11:00:00,28.01,58.34,5.81,18.46,24.26,12.81,14.46,0.56,,1.14,2.32,,,,0.46,,37.68,,,,,437.8,856.06,
2024-03-15 12:00:00,27.54,57.37,6.57,18.58,25.11,13.57,12.73,0.78,,1.16,2.31,,,,0.46,,33.55,,,,,354.25,846.94,
2024-03-15 13:00:00,30.92,64.43,6.17,21.74,27.88,13.17,14.06,0.83,,1.16,2.36,,,,0.47,,30.84,,,,,451.98,840.92,
2024-03-15 14:00:00,31.24,65.08,7.7,25.06,32.67,14.7,13.84,0.85,,1.17,2.35,,,,0.47,,29.71,,,,,366.32,838.36,
2024-03-15 15:00:00,33.49,69.78,5.04,19.6,24.56,12.04,13.02,0.93,,1.15,2.32,,,,0.47,,31.18,,,,,168.13,841.43,
2024-03-15 16:00:00,36.62,76.28,4.66,14.42,18.79,11.66,12.42,0.96,,1.17,2.35,,,,0.48,,31.16,,,,,114.89,841.29,
2024-03-15 17:00:00,39.04,81.34,5.65,18.94,24.53,12.65,13.4,1.08,,1.16,2.33,,,,0.47,,29.3,,,,,17.4,837.3,
2024-03-15 18:00:00,45.28,94.32,4.88,17.81,22.54,11.88,11.3,1.1,,1.17,2.34,,,,0.47,,28.28,,,,,9.89,835.14,
2024-03-15 19:00:00,39.15,81.57,5.31,16.69,21.79,11.92,9.99,0.87,65.24,1.16,2.33,,,,0.46,,30.48,,,,,9.89,838.89,
2024-03-15 20:00:00,28.65,59.7,2.62,13.16,15.1,9.64,10.28,0.64,57.55,1.15,2.35,,,,0.48,,31.74,,,,,9.89,842.71,
2024-03-15 21:00:00,25.93,54.02,3.76,14.93,18.53,10.76,14.16,0.61,61.84,1.16,2.35,,,,0.48,,34.56,,,,,9.89,848.9,
2024-03-15 22:00:00,25.26,52.62,4.45,17.68,22.1,11.45,13.2,0.56,68.92,1.15,2.33,,,,0.47,,40.86,,,,,9.89,862.61,
2024-03-15 23:00:00,24.69,51.43,3.78,14.94,18.69,10.78,9.69,0.48,59.12,1.16,2.34,,,,0.47,,45.28,,,,,9.89,872.25,
2024-03-16 00:00:00,23.85,49.7,3.66,15.49,19.06,10.66,9.61,0.66,67.37,1.15,2.31,,,,0.47,,48.4,,,,,9.89,879.11,
2024-03-16 01:00:00,23.66,49.3,4.72,14.57,19.29,11.72,13.9,0.63,68.65,1.16,2.33,,,,0.47,,50.15,,,,,9.89,882.94,
2024-03-16 02:00:00,23.83,49.65,3.12,12.71,15.63,10.12,12.06,0.59,68.5,1.17,2.32,,,,0.46,,52.6,,,,,9.89,888.27,
2024-03-16 03:00:00,22.04,45.9,4.74,15.24,19.96,11.74,11.38,0.6,67.04,1.15,2.34,,,,0.47,,55.27,,,,,9.89,894.08,
2024-03-16 04:00:00,17.06,35.53,4.77,18.86,23.63,11.77,11.18,0.74,66.68,1.16,2.38,,,,0.47,,61.1,,,,,9.89,906.8,
2024-03-16 05:00:00,16.22,33.78,5.0,17.21,22.22,12.0,12.15,0.54,53.93,1.15,2.34,,,,0.47,,71.8,,,,,9.89,930.16,
2024-03-16 06:00:00,19.27,40.15,4.92,19.8,24.72,11.92,13.92,0.53,40.48,1.16,2.31,,,,0.47,,76.65,,,,,9.89,940.85,
2024-03-16 07:00:00,20.74,43.2,4.81,14.68,19.44,11.8,12.86,0.5,42.49,1.16,2.36,,,,0.46,,73.01,,,,,14.5,933.01,
2024-03-16 08:00:00,22.0,45.83,5.01,17.12,22.13,12.01,12.22,0.41,50.38,1.16,2.36,,,,0.48,,72.18,,,,,46.16,931.17,
2024-03-16 09:00:00,21.53,44.86,4.89,18.11,23.0,11.89,13.15,0.33,63.2,1.17,2.35,,,,0.47,,66.56,,,,,87.3,918.87,
2024-03-16 10:00:00,26.24,54.66,4.7,16.21,20.89,11.7,14.85,0.5,75.79,1.15,2.32,,,,0.47,,54.97,,,,,386.13,893.9,
2024-03-16 11:00:00,32.08,66.83,5.28,17.78,23.06,12.29,5.44,0.94,63.45,1.17,2.36,,,,0.47,,39.47,,,,,523.03,861.19,
2024-03-16 12:00:00,31.67,65.97,4.34,11.18,15.45,11.34,2.84,0.96,53.6,1.18,2.26,,,,0.49,,34.57,,,,,545.82,850.42,
2024-03-16 13:00:00,29.8,62.07,4.34,10.23,14.52,11.34,0.85,0.44,85.33,1.19,2.43,,,,0.5,,32.92,,,,,407.19,846.66,
2024-03-16 14:00:00,28.82,60.04,5.14,10.66,15.68,12.14,4.93,0.3,96.34,1.16,2.32,,,,0.47,,31.16,,,,,340.67,842.78,
2024-03-16 15:00:00,30.17,62.86,5.16,10.94,16.01,12.16,5.88,0.39,99.38,1.16,2.33,,,,0.47,,28.18,,,,,157.87,836.2,
2024-03-16 16:00:00,35.21,73.34,5.15,11.76,16.91,12.16,3.72,0.26,84.31,1.16,2.34,,,,0.47,,26.65,,,,,49.58,832.43,
2024-03-16 17:00:00,39.32,81.92,5.11,10.95,16.04,12.11,4.35,0.38,73.94,1.17,2.33,,,,0.48,,29.4,,,,,13.78,838.17,
2024-03-16 18:00:00,39.92,83.18,3.91,7.18,12.32,11.54,4.31,0.43,61.04,1.16,2.35,,,,0.46,,28.81,,,,,9.89,836.79,
2024-03-16 19:00:00,40.89,85.2,2.91,6.92,9.72,9.91,4.55,0.46,54.3,1.16,2.31,,,,0.47,,31.71,,,,,9.89,843.05,
2024-03-16 20:00:00,39.62,82.53,4.5,10.46,14.84,11.5,6.65,0.6,42.99,1.17,2.36,,,,0.48,,34.73,,,,,9.89,849.57,
2024-03-16 21:00:00,38.01,79.18,5.48,10.02,15.49,12.49,4.77,0.58,40.73,1.14,2.34,,,,0.46,,35.88,,,,,9.89,852.12,
2024-03-16 22:00:00,37.8,78.76,4.3,9.09,13.35,11.3,3.14,0.53,38.47,1.17,2.34,,,,0.47,,41.02,,,,,9.89,863.27,
2024-03-16 23:00:00,36.04,75.08,4.89,11.38,16.17,11.89,3.84,0.45,41.99,1.15,2.33,,,,0.46,,45.67,,,,,9.89,873.38,
2024-03-17 00:00:00,32.14,66.96,4.59,10.51,15.1,11.59,5.97,0.41,45.82,1.17,2.37,,,,0.47,,48.29,,,,,9.89,879.11,
2024-03-17 01:00:00,29.0,60.42,4.94,11.4,16.33,11.94,5.92,0.39,47.62,1.16,2.33,,,,0.46,,50.62,,,,,9.89,884.17,
2024-03-17 02:00:00,26.23,54.64,5.07,10.81,15.83,12.07,5.47,0.37,54.13,1.15,2.34,,,,0.47,,52.83,,,,,9.89,888.95,
2024-03-17 03:00:00,26.24,54.67,4.21,7.74,11.93,11.21,4.34,0.41,52.0,1.14,2.32,,,,0.47,,55.64,,,,,9.89,895.04,
2024-03-17 04:00:00,25.26,52.63,3.7,8.63,12.28,10.7,4.67,0.52,44.43,1.15,2.34,,,,0.48,,57.31,,,,,9.89,898.71,
2024-03-17 05:00:00,23.65,49.28,3.81,7.88,11.67,10.81,5.17,0.52,46.49,1.15,2.32,,,,0.47,,59.76,,,,,9.89,904.08,
2024-03-17 06:00:00,26.51,55.24,3.86,10.03,13.89,10.86,5.11,0.52,34.53,1.17,2.35,,,,0.46,,68.12,,,,,9.89,922.34,
2024-03-17 07:00:00,29.32,61.1,4.57,10.38,14.95,11.57,5.46,0.52,27.19,1.16,2.33,,,,0.47,,73.04,,,,,11.94,933.2,
2024-03-17 08:00:00,31.2,65.0,4.62,11.52,16.13,11.62,6.67,0.52,34.23,1.16,2.34,,,,0.46,,67.06,,,,,38.33,920.14,
2024-03-17 09:00:00,33.47,69.72,4.15,11.29,15.44,11.15,5.23,0.52,43.1,1.17,2.33,,,,0.47,,58.17,,,,,81.68,900.78,
2024-03-17 10:00:00,31.79,66.23,4.8,12.29,17.08,11.8,4.82,0.51,49.29,1.16,2.34,,,,0.47,,43.64,,,,,415.84,869.18,
2024-03-17 11:00:00,29.19,60.82,5.88,13.35,19.23,12.87,5.24,0.48,64.39,1.15,2.33,,,,0.47,,31.12,,,,,560.26,841.84,
2024-03-17 12:00:00,29.99,62.47,7.06,17.35,24.41,14.07,5.06,0.62,41.39,1.17,2.35,,,,0.47,,27.09,,,,,580.19,832.92,
2024-03-17 13:00:00,27.65,57.6,6.76,14.98,21.63,13.76,2.28,0.75,49.28,1.16,2.36,,,,0.46,,25.01,,,,,528.83,828.3,
2024-03-17 14:00:00,25.72,53.57,7.21,17.18,24.21,14.21,4.35,0.78,55.95,1.16,2.34,,,,0.47,,20.1,,,,,442.12,817.57,
2024-03-17 15:00:00,27.97,58.26,7.06,16.6,23.56,14.06,5.45,0.8,53.38,1.16,2.34,,,,0.48,,20.82,,,,,308.1,819.06,
2024-03-17 16:00:00,29.92,62.34,6.14,9.28,15.07,13.14,5.29,0.8,71.42,1.17,2.38,,,,0.48,,22.43,,,,,151.66,822.5,
2024-03-17 17:00:00,28.06,58.47,3.7,11.62,15.22,10.7,2.92,0.82,75.36,1.15,2.31,,,,0.46,,27.41,,,,,20.19,833.25,
2024-03-17 18:00:00,28.51,59.4,4.8,10.04,14.52,11.8,4.06,0.8,72.64,1.15,2.34,,,,0.47,,28.84,,,,,9.89,836.42,
2024-03-17 19:00:00,32.07,66.82,3.56,5.32,8.43,10.55,3.52,0.63,58.05,1.14,2.34,,,,0.47,,28.96,,,,,9.89,836.77,
2024-03-17 20:00:00,32.92,68.58,4.09,6.42,10.25,11.09,3.32,0.53,43.32,1.17,2.34,,,,0.47,,31.16,,,,,9.89,841.66,
2024-03-17 21:00:00,33.06,68.87,5.34,10.06,15.39,12.34,2.44,0.51,50.21,1.16,2.35,,,,0.48,,37.93,,,,,9.89,856.39,
2024-03-17 22:00:00,31.35,65.31,4.16,9.75,13.88,11.16,3.78,0.52,46.42,1.16,2.35,,,,0.48,,44.27,,,,,9.89,870.21,
2024-03-17 23:00:00,31.11,64.82,2.74,9.09,11.74,9.74,3.99,0.62,40.52,1.16,2.34,,,,0.48,,47.58,,,,,9.89,877.44,
2024-03-18 00:00:00,30.16,62.85,4.63,11.49,16.02,11.63,4.18,0.57,38.13,1.15,2.33,,,,0.47,,49.94,,,,,9.89,882.64,
2024-03-18 01:00:00,30.26,63.06,3.84,9.12,12.83,10.84,4.91,0.45,57.69,1.16,2.36,,,,0.47,,51.83,,,,,9.89,886.79,
2024-03-18 02:00:00,31.26,65.12,4.44,8.04,12.43,11.44,4.27,0.43,58.51,1.17,2.33,,,,0.46,,52.08,,,,,9.89,887.38,
2024-03-18 03:00:00,29.79,62.05,4.4,9.64,14.04,11.4,4.08,0.41,60.73,1.16,2.33,,,,0.47,,54.22,,,,,9.89,892.14,
2024-03-18 04:00:00,28.7,59.8,5.42,13.18,18.6,12.42,5.26,0.48,57.98,1.17,2.34,,,,0.47,,55.36,,,,,9.89,894.61,
2024-03-18 05:00:00,26.79,55.81,5.29,12.58,17.82,12.29,5.35,0.47,49.54,1.16,2.36,,,,0.47,,57.36,,,,,9.89,899.04,
2024-03-18 06:00:00,27.78,57.88,4.45,10.66,15.1,11.45,4.88,0.57,41.76,1.17,2.34,,,,0.47,,59.76,,,,,9.89,904.3,
2024-03-18 07:00:00,30.54,63.63,4.76,11.02,15.76,11.76,6.28,0.6,40.58,1.15,2.36,,,,0.47,,63.4,,,,,11.8,912.28,
2024-03-18 08:00:00,32.81,68.37,4.3,8.35,12.6,11.29,4.51,0.61,45.72,1.16,2.3,,,,0.48,,66.73,,,,,34.42,919.53,
2024-03-18 09:00:00,36.32,75.66,5.56,11.98,17.53,12.55,4.01,0.62,52.79,1.16,2.35,,,,0.47,,58.77,,,,,66.3,902.2,
2024-03-18 10:00:00,35.97,74.93,5.48,11.12,16.57,12.48,4.55,0.61,61.58,1.16,2.33,,,,0.47,,43.74,,,,,416.95,869.54,
2024-03-18 11:00:00,32.94,68.63,6.7,15.5,22.2,13.7,5.84,0.6,64.17,1.17,2.35,,,,0.46,,33.04,,,,,557.73,846.1,
2024-03-18 12:00:00,32.17,67.03,6.28,12.39,18.63,13.28,3.49,0.62,77.31,1.16,2.36,,,,0.47,,30.9,,,,,554.86,841.21,
2024-03-18 13:00:00,34.85,72.6,6.82,14.32,21.06,13.82,5.55,0.71,98.62,1.15,2.36,,,,0.47,,27.83,,,,,509.94,834.4,
2024-03-18 14:00:00,36.0,75.0,6.62,14.64,20.99,13.62,5.85,0.74,112.5,1.16,2.34,,,,0.47,,26.42,,,,,360.46,831.23,
2024-03-18 15:00:00,38.72,80.66,5.63,12.35,17.88,12.63,4.84,0.76,109.71,1.16,2.35,,,,0.46,,25.97,,,,,191.63,830.17,
2024-03-18 16:00:00,40.98,85.36,5.38,11.87,17.17,12.38,5.85,0.79,88.61,1.15,2.33,,,,0.47,,23.81,,,,,121.08,825.48,
2024-03-18 17:00:00,43.11,89.8,4.04,9.98,13.58,11.04,5.67,0.8,82.64,1.15,2.34,,,,0.47,,25.26,,,,,19.56,828.56,
2024-03-18 18:00:00,43.18,89.96,3.96,11.35,15.16,10.96,6.76,0.8,67.88,1.15,2.35,,,,0.47,,26.23,,,,,9.89,830.69,
2024-03-18 19:00:00,42.49,88.52,3.94,7.47,11.17,10.94,5.06,0.76,53.82,1.15,2.36,,,,0.46,,28.36,,,,,9.89,835.39,
2024-03-18 20:00:00,43.1,89.8,3.72,8.92,12.48,10.52,3.48,0.59,40.61,1.17,2.34,,,,0.48,,30.22,,,,,9.89,839.55,
2024-03-18 21:00:00,41.58,86.63,2.14,6.05,7.93,9.13,3.95,0.55,30.22,1.17,2.36,,,,0.48,,29.46,,,,,9.89,838.0,
2024-03-18 22:00:00,39.57,82.43,4.68,10.5,15.1,11.68,5.49,0.52,55.19,1.16,2.34,,,,0.47,,34.25,,,,,9.89,848.5,
2024-03-18 23:00:00,37.53,78.2,3.7,8.5,12.1,10.7,5.28,0.38,51.95,1.16,2.33,,,,0.46,,35.6,,,,,9.89,851.52,
2024-03-19 00:00:00,34.28,71.43,5.22,10.64,15.8,12.21,5.51,0.34,55.08,1.16,2.36,,,,0.48,,39.01,,,,,9.89,859.0,
2024-03-19 01:00:00,33.0,68.75,3.96,9.7,13.6,10.96,4.15,0.32,47.73,1.15,2.32,,,,0.47,,41.48,,,,,9.89,864.44,
2024-03-19 02:00:00,33.19,69.15,4.36,8.65,12.96,11.36,2.8,0.37,47.12,1.16,2.34,,,,0.47,,43.81,,,,,9.89,869.57,
2024-03-19 03:00:00,31.27,65.16,4.16,8.75,12.91,11.16,4.12,0.36,53.99,1.18,2.37,,,,0.48,,46.02,,,,,9.89,874.44,
2024-03-19 04:00:00,28.48,59.33,5.44,12.86,18.29,12.44,5.89,0.5,48.53,1.14,2.34,,,,0.47,,47.62,,,,,9.89,878.01,
2024-03-19 05:00:00,27.89,58.1,4.37,9.51,13.88,11.37,5.46,0.48,45.02,1.15,2.33,,,,0.46,,49.13,,,,,9.89,881.32,
2024-03-19 06:00:00,28.86,60.13,4.23,9.38,13.61,11.23,6.22,0.38,48.44,1.16,2.34,,,,0.46,,50.56,,,,,9.89,884.52,
2024-03-19 07:00:00,29.52,61.5,5.56,12.2,17.74,12.56,7.06,0.38,48.21,1.16,2.32,,,,0.48,,54.81,,,,,12.14,893.78,
2024-03-19 08:00:00,31.86,66.39,4.92,10.24,15.17,11.92,6.07,0.39,52.02,1.16,2.34,,,,0.47,,62.16,,,,,36.13,909.71,
2024-03-19 09:00:00,32.46,67.62,5.06,10.68,15.75,12.07,5.18,0.38,63.17,1.15,2.35,,,,0.47,,44.67,,,,,67.95,871.78,
2024-03-19 10:00:00,32.24,67.17,4.56,11.28,15.84,11.56,4.68,0.37,80.15,1.15,2.35,,,,0.47,,31.74,,,,,424.53,843.55,
2024-03-19 11:00:00,32.16,67.0,5.34,12.73,18.07,12.34,5.8,0.42,77.91,0.87,1.9,,,,0.4,,28.12,,,,,554.82,835.45,
2024-03-19 12:00:00,31.36,65.34,5.66,13.25,19.69,12.94,4.96,0.64,103.51,0.72,1.69,,,,0.37,,25.35,,,,,567.26,829.25,
2024-03-19 13:00:00,34.43,71.75,5.78,12.35,17.76,12.79,8.0,0.65,117.54,0.74,1.68,,,,0.37,,23.26,,,,,509.8,824.57,
2024-03-19 14:00:00,38.3,79.79,6.43,14.79,21.08,13.44,6.74,0.67,94.66,0.73,1.68,,,,0.37,,22.56,,,,,408.83,822.87,
2024-03-19 15:00:00,40.78,84.96,5.42,12.64,17.88,12.42,7.65,0.7,123.32,0.72,1.68,,,,0.37,,19.78,,,,,278.64,816.79,
2024-03-19 16:00:00,42.08,87.66,5.38,11.66,16.74,12.38,7.86,0.72,105.89,0.73,1.69,,,,0.37,,18.99,,,,,136.83,815.06,
2024-03-19 17:00:00,42.84,89.25,4.4,8.8,12.95,11.4,6.58,0.84,94.79,0.73,1.68,,,,0.37,,20.12,,,,,18.2,817.49,
2024-03-19 18:00:00,45.19,94.15,4.77,11.78,16.39,11.77,4.55,0.84,54.78,0.73,1.67,,,,0.37,,22.7,,,,,9.89,823.14,
2024-03-19 19:00:00,47.44,98.82,3.07,6.24,9.12,10.07,2.28,0.76,48.73,0.74,1.65,,,,0.37,,23.94,,,,,9.89,825.83,
2024-03-19 20:00:00,48.52,101.08,4.11,7.87,11.56,11.11,5.85,0.61,46.18,0.72,1.68,,,,0.36,,25.85,,,,,9.89,830.06,
2024-03-19 21:00:00,51.44,107.18,4.85,10.72,15.33,11.85,4.46,0.58,46.94,0.73,1.69,,,,0.37,,32.7,,,,,9.89,844.99,
2024-03-19 22:00:00,51.39,107.06,4.31,9.66,13.67,11.32,3.82,0.54,56.32,0.73,1.7,,,,0.37,,37.58,,,,,9.89,855.68,
2024-03-19 23:00:00,44.82,93.38,4.74,10.89,15.53,11.74,4.54,0.51,55.29,0.73,1.67,,,,0.37,,40.86,,,,,9.89,862.89,
2024-03-20 00:00:00,37.74,78.63,3.8,9.26,13.06,10.8,4.47,0.48,63.35,0.73,1.67,,,,0.37,,44.87,,,,,9.89,871.68,
2024-03-20 01:00:00,33.53,69.85,4.03,9.78,13.7,11.03,6.42,0.49,59.57,0.72,1.67,,,,0.37,,46.21,,,,,9.89,874.64,
2024-03-20 02:00:00,30.36,63.25,4.83,10.78,15.61,11.84,5.06,0.5,59.06,0.73,1.66,,,,0.37,,49.25,,,,,9.89,881.31,
2024-03-20 03:00:00,29.54,61.54,3.74,8.91,12.58,10.74,6.42,0.47,61.28,0.74,1.67,,,,0.36,,52.48,,,,,9.89,888.4,
2024-03-20 04:00:00,28.16,58.68,3.31,9.65,12.94,10.3,5.69,0.51,54.16,0.73,1.69,,,,0.37,,56.1,,,,,9.89,896.3,
2024-03-20 05:00:00,28.94,60.3,4.55,12.72,17.27,11.55,4.86,0.48,50.67,0.73,1.69,,,,0.37,,58.19,,,,,9.89,900.92,
2024-03-20 06:00:00,29.54,61.54,3.99,8.02,11.91,10.99,4.91,0.52,35.48,0.73,1.68,,,,0.38,,59.43,,,,,9.89,903.7,
2024-03-20 07:00:00,31.66,65.96,4.67,11.94,16.58,11.67,5.95,0.52,25.41,0.71,1.68,,,,0.36,,59.56,,,,,11.36,904.02,
2024-03-20 08:00:00,35.13,73.18,3.89,8.84,12.72,10.89,5.24,0.54,29.91,0.73,1.66,,,,0.37,,60.08,,,,,32.29,905.12,
2024-03-20 09:00:00,42.52,88.59,4.78,8.93,13.69,11.78,4.26,0.45,36.83,0.74,1.69,,,,0.38,,53.12,,,,,62.38,889.98,
2024-03-20 10:00:00,44.59,92.9,5.44,11.84,17.28,12.44,4.7,0.41,55.44,0.74,1.7,,,,0.37,,41.54,,,,,434.37,864.8,
2024-03-20 11:00:00,43.39,90.39,4.54,9.69,14.07,11.54,3.59,0.49,68.48,0.72,1.68,,,,0.36,,31.26,,,,,557.49,842.29,
2024-03-20 12:00:00,40.73,84.86,5.46,13.55,18.98,12.46,2.86,0.66,87.2,0.73,1.65,,,,0.37,,24.43,,,,,577.54,827.25,
2024-03-20 13:00:00,40.42,84.2,6.94,12.99,19.63,13.96,3.61,0.69,101.53,0.73,1.68,,,,0.36,,24.78,,,,,506.6,827.86,
2024-03-20 14:00:00,40.64,84.66,8.39,18.16,26.51,15.38,5.73,0.72,130.7,0.73,1.66,,,,0.36,,22.92,,,,,381.24,823.71,
2024-03-20 15:00:00,42.69,88.94,6.44,18.88,25.81,13.68,7.03,0.8,124.51,0.82,1.82,,,,0.4,,21.8,,,,,230.65,821.18,
2024-03-20 16:00:00,43.39,90.4,4.88,13.31,18.16,11.88,6.51,0.88,114.02,0.87,1.93,,,,0.42,,21.26,,,,,125.91,819.97,
2024-03-20 17:00:00,43.41,90.44,4.45,8.68,12.7,11.45,6.93,0.9,88.13,0.86,1.88,,,,0.42,,23.32,,,,,15.93,824.41,
2024-03-20 18:00:00,45.67,95.15,4.05,10.24,13.88,11.04,4.82,0.93,63.44,0.86,1.89,,,,0.42,,24.98,,,,,9.89,828.02,
2024-03-20 19:00:00,48.54,101.12,4.8,13.16,17.83,11.8,3.58,0.84,42.73,0.85,1.88,,,,0.42,,27.22,,,,,9.89,832.95,
2024-03-20 20:00:00,49.25,102.61,3.19,8.08,11.13,10.19,4.18,0.6,39.46,0.86,1.89,,,,0.42,,29.63,,,,,9.89,838.26,
2024-03-20 21:00:00,49.58,103.29,4.62,10.38,14.94,11.62,4.75,0.57,44.29,0.88,1.88,,,,0.43,,39.13,,,,,9.89,858.92,
2024-03-20 22:00:00,48.66,101.39,3.96,11.33,15.23,10.96,3.03,0.53,53.74,0.86,1.91,,,,0.42,,46.84,,,,,9.89,875.74,
2024-03-20 23:00:00,44.8,93.34,5.08,9.43,14.49,12.08,3.82,0.5,54.13,0.86,1.9,,,,0.42,,51.96,,,,,9.89,886.84,
2024-03-21 00:00:00,39.91,83.15,3.25,8.01,11.24,10.25,6.71,0.47,49.32,0.86,1.89,,,,0.42,,59.68,,,,,9.89,903.68,
2024-03-21 01:00:00,34.96,72.82,4.86,12.12,16.98,11.86,5.43,0.39,46.76,0.86,1.88,,,,0.42,,70.63,,,,,9.89,927.56,
2024-03-21 02:00:00,30.92,64.42,4.61,10.76,15.31,11.61,3.42,0.34,42.03,0.86,1.9,,,,0.42,,76.96,,,,,9.89,941.47,
2024-03-21 03:00:00,26.0,54.17,4.62,12.55,17.16,11.62,4.74,0.38,42.62,0.86,1.91,,,,0.42,,78.91,,,,,9.89,945.9,
2024-03-21 04:00:00,23.45,48.85,3.58,8.02,11.55,10.58,3.51,0.54,38.78,0.87,1.87,,,,0.42,,76.79,,,,,9.89,941.42,
2024-03-21 05:00:00,22.38,46.63,3.19,9.04,12.2,10.19,3.14,0.51,38.17,0.86,1.92,,,,0.43,,75.03,,,,,9.89,937.72,
2024-03-21 06:00:00,19.94,41.54,4.71,10.96,15.67,11.71,3.82,0.45,36.2,0.86,1.88,,,,0.43,,72.22,,,,,9.89,931.71,
2024-03-21 07:00:00,18.92,39.42,4.26,9.88,14.14,11.26,4.12,0.51,34.76,0.86,1.9,,,,0.42,,68.29,,,,,12.76,923.22,
2024-03-21 08:00:00,22.52,46.9,4.59,10.61,15.2,11.59,3.97,0.52,33.76,0.86,1.9,,,,0.42,,63.54,,,,,31.66,912.92,
2024-03-21 09:00:00,23.93,49.85,5.37,11.44,16.81,12.37,4.73,0.53,38.22,0.87,1.9,,,,0.42,,53.14,,,,,54.34,890.27,
2024-03-21 10:00:00,24.61,51.26,5.21,13.76,18.97,12.2,5.28,0.52,45.25,0.86,1.88,,,,0.42,,43.44,,,,,469.57,869.13,
2024-03-21 11:00:00,24.78,51.63,4.46,11.01,15.46,11.46,4.93,0.52,43.05,0.86,1.9,,,,0.42,,35.95,,,,,587.35,852.6,
2024-03-21 12:00:00,23.62,49.22,6.6,15.38,21.98,13.6,4.18,0.58,46.36,0.86,1.89,,,,0.42,,31.41,,,,,596.93,842.52,
2024-03-21 13:00:00,25.59,53.3,5.92,14.67,20.54,12.92,3.42,0.66,58.06,0.87,1.9,,,,0.42,,31.59,,,,,522.81,842.71,
2024-03-21 14:00:00,25.82,53.8,6.85,17.55,24.4,13.85,5.31,0.7,51.36,0.86,1.88,,,,0.42,,31.84,,,,,384.5,843.06,
2024-03-21 15:00:00,25.07,52.23,5.03,12.75,17.68,12.03,4.46,0.72,53.06,0.86,1.9,,,,0.42,,31.41,,,,,278.39,842.0,
2024-03-21 16:00:00,26.84,55.92,6.19,15.42,21.31,13.19,5.68,0.74,59.95,0.87,1.88,,,,0.42,,30.7,,,,,154.44,840.42,
2024-03-21 17:00:00,26.0,54.16,5.42,12.21,17.1,12.42,4.31,0.76,60.41,0.84,1.9,,,,0.42,,33.15,,,,,19.14,845.72,
2024-03-21 18:00:00,27.99,58.31,5.33,13.23,18.4,13.13,4.96,0.75,39.51,0.86,1.9,,,,0.42,,35.88,,,,,9.89,851.7,
2024-03-21 19:00:00,31.63,65.9,5.16,10.56,15.48,12.16,5.8,0.72,38.78,0.87,1.91,,,,0.42,,40.87,,,,,9.89,862.52,
2024-03-21 20:00:00,34.52,71.92,2.75,7.27,9.87,9.75,2.38,0.58,29.77,0.87,1.89,,,,0.42,,41.66,,,,,9.89,864.28,
2024-03-21 21:00:00,36.47,75.98,3.65,7.81,11.2,10.65,4.32,0.58,41.94,0.86,1.9,,,,0.42,,45.52,,,,,9.89,872.64,
2024-03-21 22:00:00,34.93,72.78,3.5,8.98,12.34,10.5,3.2,0.56,53.18,0.87,1.9,,,,0.42,,63.07,,,,,9.89,910.56,
2024-03-21 23:00:00,32.55,67.82,4.1,6.72,10.59,11.1,3.72,0.52,51.98,0.87,1.9,,,,0.42,,69.76,,,,,9.89,925.19,
2024-03-22 00:00:00,29.34,61.12,3.64,11.1,14.7,10.64,4.36,0.52,50.4,0.88,1.88,,,,0.42,,73.38,,,,,9.89,933.22,
2024-03-22 01:00:00,25.95,54.07,3.82,9.49,13.26,10.82,3.57,0.48,48.17,0.86,1.88,,,,0.42,,78.5,,,,,9.89,944.55,
2024-03-22 02:00:00,24.82,51.72,4.21,9.63,13.82,11.21,4.78,0.46,43.66,0.86,1.9,,,,0.42,,86.09,,,,,9.89,961.28,
2024-03-22 03:00:00,22.64,47.17,5.77,12.53,18.29,12.77,6.11,0.41,35.41,0.86,1.9,,,,0.42,,91.53,,,,,9.89,973.41,
2024-03-22 04:00:00,19.86,41.35,4.21,8.58,12.77,11.21,6.26,0.5,34.99,0.86,1.9,,,,0.42,,90.76,,,,,9.89,971.92,
2024-03-22 05:00:00,21.13,44.03,4.75,10.58,15.33,11.75,5.72,0.48,30.02,0.86,1.88,,,,0.42,,92.4,,,,,9.89,975.64,
2024-03-22 06:00:00,19.5,40.62,4.1,8.31,12.38,11.1,4.14,0.47,23.74,0.87,1.88,,,,0.42,,94.58,,,,,9.89,980.52,
2024-03-22 07:00:00,18.66,38.88,4.01,9.04,13.03,11.01,4.89,0.47,21.57,0.86,1.88,,,,0.42,,92.7,,,,,19.16,976.4,
2024-03-22 08:00:00,20.59,42.9,5.19,12.46,17.64,12.19,5.8,0.47,27.93,0.86,1.87,,,,0.42,,84.81,,,,,56.65,959.16,
2024-03-22 09:00:00,22.48,46.84,4.72,10.55,15.26,11.72,3.71,0.43,38.45,0.86,1.89,,,,0.43,,67.94,,,,,108.22,922.12,
2024-03-22 10:00:00,27.76,57.82,4.74,10.09,14.81,11.74,6.04,0.53,57.65,0.87,1.9,,,,0.41,,56.67,,,,,307.21,897.46,
2024-03-22 11:00:00,31.6,65.82,5.57,12.04,17.6,12.57,7.48,0.56,87.46,0.86,1.89,,,,0.43,,45.46,,,,,335.77,873.04,
2024-03-22 12:00:00,29.18,60.8,6.44,12.99,19.36,13.44,4.04,0.62,89.56,0.87,1.91,,,,0.43,,34.17,,,,,482.08,848.46,
2024-03-22 13:00:00,28.21,58.78,6.96,14.57,24.09,13.96,4.56,0.67,69.0,0.86,1.9,,,,0.42,,30.5,,,,,447.58,840.34,
2024-03-22 14:00:00,,,,,,,,,,,,,,,,,,,,,,,,
2024-03-22 15:00:00,,,,,,,,,,,,,,,,,,,,,,,,
2024-03-22 16:00:00,,,,,,,,,,,,,,,,,,,,,,,,
2024-03-22 17:00:00,,,,,,,,,,,,,,,,,,,,,,,,
2024-03-22 18:00:00,,,,,,,,,,,,,,,,,,,,,,,,
2024-03-22 19:00:00,,,,,,,,,,,,,,,,,,,,,,,,
2024-03-22 20:00:00,,,,,,,,,,,,,,,,,,,,,,,,
2024-03-22 21:00:00,,,,,,,,,,,,,,,,,,,,,,,,
2024-03-22 22:00:00,,,,,,,,,,,,,,,,,,,,,,,,
2024-03-22 23:00:00,,,,,,,,,,,,,,,,,,,,,,,,
2024-03-23 00:00:00,,,,,,,,,,,,,,,,,,,,,,,,
2024-03-23 01:00:00,,,,,,,,,,,,,,,,,,,,,,,,
2024-03-23 02:00:00,,,,,,,,,,,,,,,,,,,,,,,,
2024-03-23 03:00:00,,,,,,,,,,,,,,,,,,,,,,,,
2024-03-23 04:00:00,,,,,,,,,,,,,,,,,,,,,,,,
2024-03-23 05:00:00,,,,,,,,,,,,,,,,,,,,,,,,
2024-03-23 06:00:00,,,,,,,,,,,,,,,,,,,,,,,,
2024-03-23 07:00:00,,,,,,,,,,,,,,,,,,,,,,,,
2024-03-23 08:00:00,,,,,,,,,,,,,,,,,,,,,,,,
2024-03-23 09:00:00,,,,,,,,,,,,,,,,,,,,,,,,
2024-03-23 10:00:00,,,,,,,,,,,,,,,,,,,,,,,,
2024-03-23 11:00:00,,,,,,,,,,,,,,,,,,,,,,,,
2024-03-23 12:00:00,,,,,,,,,,,,,,,,,,,,,,,,
2024-03-23 13:00:00,,,,,,,,,,,,,,,,,,,,,,,,
2024-03-23 14:00:00,,,,,,,,,,,,,,,,,,,,,,,,
2024-03-23 15:00:00,,,,,,,,,,,,,,,,,,,,,,,,
2024-03-23 16:00:00,,,,,,,,,,,,,,,,,,,,,,,,
2024-03-23 17:00:00,,,,,,,,,,,,,,,,,,,,,,,,
2024-03-23 18:00:00,,,,,,,,,,,,,,,,,,,,,,,,
2024-03-23 19:00:00,,,,,,,,,,,,,,,,,,,,,,,,
2024-03-23 20:00:00,,,,,,,,,,,,,,,,,,,,,,,,
2024-03-23 21:00:00,,,,,,,,,,,,,,,,,,,,,,,,
2024-03-23 22:00:00,,,,,,,,,,,,,,,,,,,,,,,,
2024-03-23 23:00:00,,,,,,,,,,,,,,,,,,,,,,,,
2024-03-24 00:00:00,,,,,,,,,,,,,,,,,,,,,,,,
2024-03-24 01:00:00,,,,,,,,,,,,,,,,,,,,,,,,
2024-03-24 02:00:00,,,,,,,,,,,,,,,,,,,,,,,,
2024-03-24 03:00:00,,,,,,,,,,,,,,,,,,,,,,,,
2024-03-24 04:00:00,,,,,,,,,,,,,,,,,,,,,,,,
2024-03-24 05:00:00,,,,,,,,,,,,,,,,,,,,,,,,
2024-03-24 06:00:00,,,,,,,,,,,,,,,,,,,,,,,,
2024-03-24 07:00:00,,,,,,,,,,,,,,,,,,,,,,,,
2024-03-24 08:00:00,,,,,,,,,,,,,,,,,,,,,,,,
2024-03-24 09:00:00,,,,,,,,,,,,,,,,,,,,,,,,
2024-03-24 10:00:00,,,,,,,,,,,,,,,,,,,,,,,,
2024-03-24 11:00:00,,,,,,,,,,,,,,,,,,,,,,,,
2024-03-24 12:00:00,,,,,,,,,,,,,,,,,,,,,,,,
2024-03-24 13:00:00,,,,,,,,,,,,,,,,,,,,,,,,
2024-03-24 14:00:00,,,,,,,,,,,,,,,,,,,,,,,,
2024-03-24 15:00:00,,,,,,,,,,,,,,,,,,,,,,,,
2024-03-24 16:00:00,,,,,,,,,,,,,,,,,,,,,,,,
2024-03-24 17:00:00,,,,,,,,,,,,,,,,,,,,,,,,
2024-03-24 18:00:00,,,,,,,,,,,,,,,,,,,,,,,,
2024-03-24 19:00:00,,,,,,,,,,,,,,,,,,,,,,,,
2024-03-24 20:00:00,,,,,,,,,,,,,,,,,,,,,,,,
2024-03-24 21:00:00,,,,,,,,,,,,,,,,,,,,,,,,
2024-03-24 22:00:00,,,,,,,,,,,,,,,,,,,,,,,,
2024-03-24 23:00:00,,,,,,,,,,,,,,,,,,,,,,,,
2024-03-25 00:00:00,,,,,,,,,,,,,,,,,,,,,,,,
2024-03-25 01:00:00,,,,,,,,,,,,,,,,,,,,,,,,
2024-03-25 02:00:00,,,,,,,,,,,,,,,,,,,,,,,,
2024-03-25 03:00:00,,,,,,,,,,,,,,,,,,,,,,,,
2024-03-25 04:00:00,,,,,,,,,,,,,,,,,,,,,,,,
2024-03-25 05:00:00,,,,,,,,,,,,,,,,,,,,,,,,
2024-03-25 06:00:00,,,,,,,,,,,,,,,,,,,,,,,,
2024-03-25 07:00:00,,,,,,,,,,,,,,,,,,,,,,,,
2024-03-25 08:00:00,,,,,,,,,,,,,,,,,,,,,,,,
2024-03-25 09:00:00,,,,,,,,,,,,,,,,,,,,,,,,
2024-03-25 10:00:00,27.77,57.85,9.2,20.38,29.58,18.79,3.28,0.43,86.62,0.87,1.9,,,,0.44,,17.41,,,,,522.23,812.24,
2024-03-25 11:00:00,26.85,55.94,7.6,16.8,24.39,14.6,2.39,0.54,77.62,0.87,1.89,,,,0.42,,18.13,,,,,549.15,813.66,
2024-03-25 12:00:00,27.78,57.88,7.75,16.16,23.78,14.75,,0.59,67.12,0.86,1.89,,,,0.42,,17.71,,,,,569.3,812.51,
2024-03-25 13:00:00,30.69,63.94,9.65,20.91,30.51,16.65,,0.61,71.2,0.86,1.91,,,,0.42,,17.56,,,,,521.66,811.98,
2024-03-25 14:00:00,30.95,64.48,7.62,16.84,24.42,14.62,5.92,0.64,76.86,0.87,1.89,,,,0.42,,16.95,,,,,421.46,810.6,
2024-03-25 15:00:00,32.86,68.45,5.94,12.76,18.45,12.94,5.98,0.66,67.66,0.86,1.88,,,,0.42,,16.39,,,,,277.23,809.3,
2024-03-25 16:00:00,35.41,73.76,4.66,11.28,15.58,11.66,6.1,0.61,66.73,0.86,1.89,,,,0.42,,16.58,,,,,144.86,809.7,
2024-03-25 17:00:00,34.04,70.92,5.55,13.15,18.59,12.55,6.13,0.6,64.32,0.81,1.84,,,,0.42,,18.68,,,,,15.0,814.24,
2024-03-25 18:00:00,32.99,68.73,4.31,12.37,16.5,11.3,3.48,0.64,65.86,0.69,1.69,,,,0.38,,21.76,,,,,9.89,820.94,
2024-03-25 19:00:00,32.97,68.7,4.14,8.97,12.65,11.14,3.1,0.67,70.13,0.69,1.66,,,,0.38,,25.54,,,,,9.89,829.24,
2024-03-25 20:00:00,33.45,69.69,4.08,9.43,13.26,11.08,2.79,0.52,59.32,0.7,1.68,,,,0.38,,33.44,,,,,9.89,846.4,
2024-03-25 21:00:00,34.09,71.03,4.3,6.88,10.92,11.3,4.38,0.5,50.8,0.69,1.66,,,,0.38,,41.5,,,,,9.89,863.91,
2024-03-25 22:00:00,33.36,69.51,3.97,10.41,14.17,10.98,4.33,0.5,53.78,0.7,1.69,,,,0.38,,45.85,,,,,9.89,873.48,
2024-03-25 23:00:00,29.73,61.94,4.07,7.83,11.79,11.07,4.99,0.46,55.7,0.7,1.67,,,,0.38,,49.96,,,,,9.89,882.45,
2024-03-26 00:00:00,26.97,56.19,2.96,9.66,12.5,9.96,4.67,0.44,56.44,0.69,1.66,,,,0.38,,52.86,,,,,9.89,888.85,
2024-03-26 01:00:00,24.44,50.92,3.75,10.34,14.08,10.75,5.06,0.42,60.39,0.69,1.67,,,,0.38,,55.33,,,,,9.89,894.25,
2024-03-26 02:00:00,21.2,44.17,4.88,10.62,15.5,11.88,5.5,0.37,58.79,0.69,1.66,,,,0.38,,57.27,,,,,9.89,898.53,
2024-03-26 03:00:00,20.88,43.5,4.5,10.7,15.2,11.5,5.3,0.37,64.78,0.69,1.66,,,,0.39,,53.12,,,,,9.89,889.71,
2024-03-26 04:00:00,19.35,40.3,4.72,10.43,15.02,11.72,4.51,0.52,67.86,0.69,1.67,,,,0.38,,46.61,,,,,9.89,875.72,
2024-03-26 05:00:00,19.08,39.74,3.9,9.67,13.48,10.9,5.56,0.46,38.82,0.7,1.67,,,,0.38,,59.57,,,,,9.89,903.86,
2024-03-26 06:00:00,21.25,44.26,5.33,9.93,15.26,12.33,6.2,0.4,43.86,0.68,1.67,,,,0.38,,60.09,,,,,9.89,905.08,
2024-03-26 07:00:00,23.12,48.18,4.53,9.09,13.62,11.53,4.41,0.38,49.5,0.69,1.68,,,,0.38,,56.21,,,,,10.17,896.72,
2024-03-26 08:00:00,25.44,53.0,5.34,11.82,17.16,12.34,4.45,0.44,67.94,0.69,1.68,,,,0.38,,46.07,,,,,24.61,874.8,
2024-03-26 09:00:00,25.98,54.13,4.44,11.67,16.12,11.45,4.18,0.51,91.12,0.68,1.69,,,,0.37,,34.65,,,,,56.67,850.04,
2024-03-26 10:00:00,27.66,57.62,5.68,14.58,20.26,12.68,3.56,0.51,100.22,0.69,1.65,,,,0.37,,24.6,,,,,477.57,827.98,
2024-03-26 11:00:00,29.63,61.72,5.49,11.36,16.79,12.49,3.39,0.53,90.18,0.69,1.68,,,,0.38,,17.95,,,,,558.58,813.3,
2024-03-26 12:00:00,29.58,61.63,7.65,14.6,22.2,14.65,4.96,0.63,91.01,0.69,1.67,,,,0.38,,16.1,,,,,583.49,809.16,
2024-03-26 13:00:00,28.72,59.82,7.56,16.31,23.77,14.56,6.99,0.65,84.08,0.69,1.68,,,,0.39,,14.77,,,,,535.01,806.08,
2024-03-26 14:00:00,30.58,63.7,8.3,16.58,24.6,15.3,6.91,0.7,71.99,0.69,1.67,,,,0.38,,14.31,,,,,445.43,804.91,
2024-03-26 15:00:00,32.83,68.39,8.22,19.16,27.17,15.24,7.48,0.72,70.44,0.7,1.67,,,,0.38,,14.76,,,,,312.4,805.78,
2024-03-26 16:00:00,34.92,72.76,7.67,15.74,23.2,14.66,4.7,0.74,65.56,0.68,1.66,,,,0.38,,15.12,,,,,152.75,806.53,
2024-03-26 17:00:00,36.72,76.52,3.34,6.97,9.78,10.34,3.33,0.74,62.44,0.69,1.66,,,,0.38,,17.4,,,,,13.94,811.48,
2024-03-26 18:00:00,37.06,77.21,3.87,8.98,12.42,10.87,3.7,0.76,65.68,0.68,1.69,,,,0.38,,20.76,,,,,9.89,818.8,
2024-03-26 19:00:00,36.28,75.6,3.42,9.16,12.1,10.42,2.06,0.68,62.5,0.68,1.66,,,,0.38,,25.63,,,,,9.89,829.42,
2024-03-26 20:00:00,36.98,77.04,2.79,6.69,9.0,9.79,2.66,0.55,59.85,0.68,1.65,,,,0.38,,29.9,,,,,9.89,838.78,
2024-03-26 21:00:00,36.29,75.6,4.81,9.49,13.96,11.81,2.85,0.53,55.63,0.68,1.67,,,,0.38,,33.9,,,,,9.89,847.57,
2024-03-26 22:00:00,32.98,68.71,3.4,8.74,11.81,10.4,2.83,0.5,48.46,0.7,1.68,,,,0.38,,36.56,,,,,9.89,853.42,
2024-03-26 23:00:00,29.0,60.43,4.28,10.05,14.06,11.28,3.42,0.46,57.57,0.69,1.66,,,,0.38,,41.76,,,,,9.89,864.79,
2024-03-27 00:00:00,26.4,54.99,3.4,9.2,12.5,10.4,5.1,0.44,51.84,0.69,1.69,,,,0.38,,47.32,,,,,9.89,876.9,
2024-03-27 01:00:00,25.25,52.6,4.0,9.2,13.2,11.0,4.06,0.42,47.59,0.68,1.67,,,,0.38,,52.88,,,,,9.89,888.98,
2024-03-27 02:00:00,23.73,49.44,3.9,7.66,11.56,10.9,6.58,0.39,39.87,0.68,1.68,,,,0.38,,58.44,,,,,9.89,901.15,
2024-03-27 03:00:00,22.44,46.75,4.81,11.79,16.56,11.81,6.56,0.41,38.61,0.69,1.67,,,,0.38,,60.99,,,,,9.89,906.8,
2024-03-27 04:00:00,20.24,42.17,4.66,12.51,17.18,11.67,3.02,0.5,37.85,0.7,1.68,,,,0.38,,62.52,,,,,9.89,910.25,
2024-03-27 05:00:00,17.36,36.16,3.66,11.46,15.11,10.65,4.24,0.49,28.5,0.69,1.67,,,,0.38,,64.06,,,,,9.89,913.68,
2024-03-27 06:00:00,18.73,39.02,4.6,10.26,14.84,11.6,5.22,0.5,21.96,0.69,1.66,,,,0.38,,64.14,,,,,9.89,913.9,
2024-03-27 07:00:00,20.58,42.88,5.15,13.57,18.72,12.15,5.44,0.51,24.47,0.7,1.67,,,,0.38,,61.85,,,,,9.89,908.94,
2024-03-27 08:00:00,24.94,51.98,6.0,13.3,19.3,13.0,5.22,0.53,38.35,0.68,1.67,,,,0.38,,54.97,,,,,18.49,894.01,
2024-03-27 09:00:00,29.06,60.55,4.13,10.72,14.78,11.13,5.04,0.55,71.97,0.68,1.68,,,,0.38,,47.41,,,,,50.7,877.65,
2024-03-27 10:00:00,28.29,58.94,5.26,14.91,20.16,12.26,5.01,0.55,95.35,0.69,1.69,,,,0.38,,34.45,,,,,526.22,849.4,
2024-03-27 11:00:00,27.44,57.18,9.31,20.24,29.36,16.31,4.76,0.5,97.01,0.74,1.52,,,,0.39,,26.08,,,,,606.57,831.42,
2024-03-27 12:00:00,27.98,58.29,2.89,6.81,9.12,9.89,5.34,0.31,85.93,0.76,1.46,,,,0.4,,20.07,,,,,625.71,818.86,
2024-03-27 13:00:00,28.65,59.68,5.12,13.54,18.66,12.12,3.8,0.3,86.18,0.76,1.48,,,,0.38,,15.89,,,,,580.26,809.74,
2024-03-27 14:00:00,26.93,56.1,5.63,10.6,16.16,12.62,4.62,0.32,74.34,0.76,1.48,,,,0.4,,13.63,,,,,485.34,804.61,
2024-03-27 15:00:00,24.96,52.0,5.46,12.0,17.32,12.47,5.4,0.25,77.49,0.76,1.46,,,,0.4,,13.7,,,,,347.64,804.69,
2024-03-27 16:00:00,24.52,51.08,5.76,14.36,20.02,12.76,6.19,0.28,77.41,0.76,1.45,,,,0.38,,16.36,,,,,172.11,810.48,
2024-03-27 17:00:00,26.79,55.81,2.78,8.31,10.77,9.78,4.26,0.21,78.44,0.76,1.46,,,,0.38,,21.84,,,,,11.57,822.32,
2024-03-27 18:00:00,29.62,61.7,5.16,11.91,17.05,12.16,4.12,0.12,54.78,0.75,1.48,,,,0.4,,26.4,,,,,9.89,831.94,
2024-03-27 19:00:00,29.55,61.56,5.77,13.9,19.51,12.78,5.47,0.24,45.94,0.76,1.46,,,,0.39,,28.84,,,,,9.89,837.12,
2024-03-27 20:00:00,29.73,61.93,3.6,7.94,11.46,10.6,4.34,0.64,34.47,0.76,1.46,,,,0.39,,28.2,,,,,9.89,835.67,
2024-03-27 21:00:00,30.3,63.11,4.84,10.68,15.49,11.85,3.73,0.68,31.94,0.76,1.47,,,,0.4,,33.36,,,,,9.89,846.86,
2024-03-27 22:00:00,31.2,64.99,4.19,8.57,12.72,11.19,4.3,0.64,44.3,0.75,1.46,,,,0.4,,44.86,,,,,9.89,871.71,
2024-03-27 23:00:00,30.58,63.69,4.72,10.62,15.34,11.72,4.35,0.6,52.15,0.77,1.49,,,,0.39,,52.02,,,,,9.89,887.16,
2024-03-28 00:00:00,29.01,60.44,4.64,12.06,16.55,11.64,6.32,0.58,58.09,0.77,1.48,,,,0.38,,57.73,,,,,9.89,899.5,
2024-03-28 01:00:00,30.11,62.74,3.64,10.78,14.4,10.64,4.83,0.56,55.63,0.76,1.46,,,,0.39,,65.65,,,,,9.89,916.73,
2024-03-28 02:00:00,30.31,63.14,3.46,11.49,14.91,10.46,5.02,0.54,51.4,0.75,1.47,,,,0.39,,71.2,,,,,9.89,928.93,
2024-03-28 03:00:00,30.21,62.93,4.05,8.33,12.34,11.05,5.21,0.52,41.56,0.76,1.46,,,,0.39,,78.96,,,,,9.89,945.94,
2024-03-28 04:00:00,28.6,59.56,4.82,14.38,19.19,11.82,6.66,0.53,38.58,0.76,1.46,,,,0.39,,81.09,,,,,9.89,950.63,
2024-03-28 05:00:00,25.57,53.26,5.4,11.89,17.28,12.4,6.26,0.53,33.99,0.76,1.47,,,,0.4,,81.1,,,,,9.89,950.64,
2024-03-28 06:00:00,25.55,53.23,4.32,9.61,13.93,11.32,4.44,0.52,24.2,0.76,1.51,,,,0.38,,80.29,,,,,9.89,948.94,
2024-03-28 07:00:00,26.33,54.85,4.24,10.36,14.59,11.24,6.12,0.55,25.49,0.76,1.46,,,,0.4,,75.51,,,,,10.18,938.54,
2024-03-28 08:00:00,30.98,64.55,4.86,11.12,15.68,11.86,5.24,0.55,29.8,0.77,1.48,,,,0.4,,69.51,,,,,19.94,925.46,
2024-03-28 09:00:00,33.56,69.93,6.23,14.5,20.74,13.23,4.69,0.52,49.49,0.76,1.46,,,,0.4,,61.25,,,,,68.45,907.36,
2024-03-28 10:00:00,30.05,62.62,8.16,18.73,26.74,15.16,3.92,0.56,71.77,0.67,1.41,,,,0.33,,52.75,,,,,484.47,888.96,
2024-03-28 11:00:00,28.93,60.26,6.78,14.81,21.57,13.78,3.61,0.78,102.25,0.6,1.36,,,,0.27,,37.1,,,,,567.35,872.78,
2024-03-28 12:00:00,28.96,60.32,5.1,12.95,17.82,12.1,4.39,0.97,47.82,0.59,1.32,,,,0.28,,25.89,,,,,610.17,901.06,
2024-03-28 13:00:00,27.68,57.68,3.41,6.88,10.1,10.41,5.92,0.86,24.58,0.58,1.35,,,,0.28,,22.11,,,,,562.18,892.9,
2024-03-28 14:00:00,24.34,50.7,8.0,18.65,26.52,15.0,5.25,1.07,24.32,0.59,1.32,,,,0.28,,18.9,,,,,475.26,885.61,
2024-03-28 15:00:00,21.7,45.22,10.8,24.48,35.04,17.8,4.3,0.99,26.95,0.6,1.33,,,,0.28,,16.27,,,,,336.6,879.56,
2024-03-28 16:00:00,22.52,46.92,0.88,4.18,4.61,7.88,4.67,0.6,15.48,0.6,1.34,,,,0.28,,15.05,,,,,167.24,877.22,
2024-03-28 17:00:00,23.26,48.45,,,,,4.78,0.38,18.78,0.59,1.31,,,,0.28,,16.26,,,,,11.21,879.73,
2024-03-28 18:00:00,25.04,52.17,,,,,5.22,0.55,20.95,0.6,1.34,,,,0.28,,18.07,,,,,9.89,883.55,
2024-03-28 19:00:00,28.87,60.15,,,,,4.45,0.6,16.18,0.59,1.3,,,,0.28,,19.33,,,,,9.89,886.25,
2024-03-28 20:00:00,31.68,66.0,,,,,2.98,0.6,14.04,0.58,1.36,,,,0.28,,23.63,,,,,9.89,895.53,
2024-03-28 21:00:00,33.54,69.87,,,,,3.86,0.59,11.44,0.59,1.35,,,,0.28,,32.67,,,,,9.89,915.11,
2024-03-28 22:00:00,34.0,70.84,,,,,5.13,0.56,10.61,0.59,1.34,,,,0.27,,37.76,,,,,9.89,926.14,
2024-03-28 23:00:00,30.69,63.94,,,,,4.3,0.56,10.34,0.58,1.33,,,,0.28,,42.13,,,,,9.89,935.63,
2024-03-29 00:00:00,25.77,53.68,,,,,2.92,0.53,9.66,0.59,1.36,,,,0.28,,44.44,,,,,9.89,940.66,
2024-03-29 01:00:00,23.4,48.76,,,,,5.41,0.48,9.18,0.59,1.34,,,,0.28,,47.21,,,,,9.89,946.7,
2024-03-29 02:00:00,23.43,48.8,,,,,6.79,0.42,8.83,0.6,1.34,,,,0.28,,51.23,,,,,9.89,955.45,
2024-03-29 03:00:00,23.24,48.41,,,,,6.04,0.41,7.85,0.6,1.34,,,,0.28,,50.92,,,,,9.89,954.83,
2024-03-29 04:00:00,24.03,50.06,,,,,4.79,0.53,7.9,0.59,1.35,,,,0.29,,51.84,,,,,9.89,956.85,
2024-03-29 05:00:00,26.33,54.86,,,,,5.87,0.52,8.05,0.59,1.35,,,,0.28,,54.44,,,,,9.89,962.5,
2024-03-29 06:00:00,26.92,56.09,,,,,4.7,0.52,8.47,0.59,1.36,,,,0.28,,69.95,,,,,9.89,996.3,
2024-03-29 07:00:00,25.89,53.94,,,,,3.98,0.52,7.55,0.6,1.32,,,,0.27,,78.6,,,,,9.99,1015.2,
2024-03-29 08:00:00,25.35,52.81,,,,,3.84,0.54,7.98,0.59,1.34,,,,0.28,,73.45,,,,,22.52,1003.9,
2024-03-29 09:00:00,27.64,57.59,,,,,5.92,0.54,7.44,0.59,1.34,,,,0.28,,62.21,,,,,71.86,979.34,
2024-03-29 10:00:00,27.44,57.16,,,,,5.02,0.53,7.86,0.59,1.35,,,,0.29,,43.8,,,,,503.93,939.5,
2024-03-29 11:00:00,24.52,51.08,,,,,3.64,0.6,8.39,0.6,1.34,,,,0.27,,31.38,,,,,562.77,913.05,
2024-03-29 12:00:00,24.88,51.84,,,,,52.22,0.9,9.32,0.59,1.33,,,,0.29,,25.05,,,,,562.68,899.15,
2024-03-29 13:00:00,24.66,51.37,3.99,27.54,30.77,11.0,32.46,0.88,16.66,0.59,1.36,,,,0.28,,20.6,,,,,518.59,889.48,
2024-03-29 14:00:00,25.15,52.4,24.42,21.47,44.21,31.42,14.81,0.84,20.93,0.59,1.36,,,,0.28,,18.87,,,,,409.49,885.81,
2024-03-29 15:00:00,24.6,51.24,5.38,27.48,32.86,12.38,7.98,0.84,30.45,,,,,,,,18.93,,,,,278.25,885.97,
2024-03-29 16:00:00,23.51,48.98,5.11,27.47,32.58,12.11,7.76,0.85,34.63,0.6,1.35,,,,0.28,,21.1,,,,,131.04,890.9,
2024-03-29 17:00:00,25.95,54.06,5.41,27.61,33.0,12.4,10.5,0.84,34.53,0.6,1.35,,,,0.28,,23.1,,,,,17.2,895.18,
2024-03-29 18:00:00,28.26,58.89,6.82,28.82,35.63,13.81,9.9,0.75,23.87,0.6,1.34,,,,0.27,,25.1,,,,,9.89,899.23,
2024-03-29 19:00:00,31.35,65.32,7.56,31.23,38.79,14.57,9.4,0.76,16.9,0.58,1.34,,,,0.28,,27.68,,,,,9.89,904.64,
2024-03-29 20:00:00,33.62,70.03,6.52,30.42,36.94,13.52,10.14,0.78,16.34,0.59,1.36,,,,0.28,,28.33,,,,,9.89,905.94,
2024-03-29 21:00:00,35.19,73.31,6.42,30.86,37.29,13.42,9.71,0.78,16.55,0.59,1.35,,,,0.29,,29.34,,,,,9.89,908.1,
2024-03-29 22:00:00,34.28,71.42,5.62,28.32,33.92,12.62,9.54,0.74,14.37,0.59,1.33,,,,0.28,,32.92,,,,,9.89,915.8,
2024-03-29 23:00:00,31.83,66.31,7.06,32.15,39.19,14.06,9.23,0.71,17.99,0.59,1.35,,,,0.28,,35.01,,,,,9.89,920.3,
2024-03-30 00:00:00,30.4,63.33,6.78,31.4,38.17,13.78,8.94,0.7,17.26,0.59,1.34,,,,0.27,,38.26,,,,,9.89,927.32,
2024-03-30 01:00:00,30.0,62.49,6.42,27.47,33.86,13.42,10.93,0.68,14.61,0.58,1.34,,,,0.28,,40.45,,,,,9.89,932.07,
2024-03-30 02:00:00,29.14,60.7,6.94,31.15,38.1,13.94,11.08,0.64,17.07,0.6,1.35,,,,0.28,,43.01,,,,,9.89,937.66,
2024-03-30 03:00:00,25.48,53.08,5.87,28.99,34.85,12.86,11.06,0.61,20.97,0.59,1.35,,,,0.28,,45.56,,,,,9.89,943.22,
2024-03-30 04:00:00,25.27,52.65,7.14,31.56,38.7,14.14,11.3,0.59,20.27,0.59,1.34,,,,0.28,,50.43,,,,,9.89,953.76,
2024-03-30 05:00:00,25.94,54.06,6.0,27.88,33.89,13.0,9.8,0.58,13.87,0.59,1.34,,,,0.28,,61.35,,,,,9.89,977.48,
2024-03-30 06:00:00,25.88,53.92,6.4,28.38,34.78,13.4,8.26,0.6,11.4,0.59,1.33,,,,0.28,,70.5,,,,,9.89,997.37,
2024-03-30 07:00:00,28.85,60.1,6.24,27.02,33.26,13.23,9.03,0.6,11.02,0.59,1.34,,,,0.28,,68.81,,,,,9.91,993.7,
2024-03-30 08:00:00,29.85,62.18,5.91,28.53,34.44,12.91,9.08,0.62,12.57,0.59,1.34,,,,0.29,,69.03,,,,,21.89,994.21,
2024-03-30 09:00:00,31.76,66.17,6.7,31.02,37.73,13.7,9.46,0.62,15.78,0.59,1.32,,,,0.28,,58.38,,,,,69.39,971.05,
2024-03-30 10:00:00,33.24,69.25,7.5,31.84,41.88,12.95,10.74,0.63,19.64,0.59,1.31,,,,0.28,,43.9,,,,,479.96,937.49,
2024-03-30 11:00:00,,,6.72,33.17,39.89,13.72,9.6,0.68,30.25,0.58,1.33,,,,0.28,,37.61,,,,,549.64,925.74,
2024-03-30 12:00:00,,,8.44,35.13,43.56,15.44,11.13,0.69,33.34,0.7,1.45,,,,0.32,,29.21,,,,,562.64,907.44,
2024-03-30 13:00:00,,,10.24,38.69,48.92,17.23,11.94,0.73,28.01,0.73,1.48,,,,0.34,,22.13,,,,,541.44,891.98,
2024-03-30 14:00:00,,,9.16,34.77,43.92,16.16,11.49,0.78,23.07,0.73,1.51,,,,0.34,,15.5,,,,,461.01,877.49,
2024-03-30 15:00:00,,,11.3,42.05,53.36,18.3,10.4,0.78,21.09,0.73,1.5,,,,0.35,,13.74,,,,,332.1,873.57,
2024-03-30 16:00:00,,,10.51,39.54,50.05,17.51,11.23,0.75,18.45,0.73,1.48,,,,0.34,,12.64,,,,,157.41,871.15,
2024-03-30 17:00:00,,,5.74,28.45,34.04,12.74,10.7,0.77,20.5,0.72,1.49,,,,0.34,,12.32,,,,,11.68,870.46,
2024-03-30 18:00:00,,,3.13,22.21,24.81,10.13,8.94,0.78,19.36,0.73,1.47,,,,0.34,,14.36,,,,,9.89,874.92,
2024-03-30 19:00:00,,,5.42,24.83,30.16,12.42,9.23,0.77,17.35,0.73,1.5,,,,0.34,,18.79,,,,,9.89,884.6,
2024-03-30 20:00:00,,,3.4,19.63,22.7,10.4,9.51,0.65,17.42,0.74,1.5,,,,0.34,,26.42,,,,,9.89,901.2,
2024-03-30 21:00:00,,,6.68,32.52,39.13,13.68,8.99,0.62,20.57,0.73,1.48,,,,0.34,,31.6,,,,,9.89,912.54,
2024-03-30 22:00:00,,,4.8,25.11,29.8,11.81,7.46,0.6,22.9,0.74,1.48,,,,0.34,,35.17,,,,,9.89,920.4,
2024-03-30 23:00:00,,,6.25,30.07,36.32,13.26,9.43,0.58,22.8,0.72,1.48,,,,0.35,,37.03,,,,,9.89,924.51,
2024-03-31 00:00:00,,,5.88,25.31,31.16,12.87,9.33,0.58,25.94,0.74,1.48,,,,0.34,,37.86,,,,,9.89,926.34,
2024-03-31 01:00:00,,,5.77,30.07,35.83,12.77,8.76,0.56,29.91,0.73,1.49,,,,0.34,,39.58,,,,,9.89,930.2,
2024-03-31 02:00:00,,,4.86,26.05,30.91,11.86,9.56,0.55,31.37,0.73,1.49,,,,0.34,,41.09,,,,,9.89,933.52,
2024-03-31 03:00:00,,,5.89,30.32,36.2,12.89,10.0,0.56,24.64,0.72,1.48,,,,0.34,,43.24,,,,,9.89,938.27,
2024-03-31 04:00:00,,,5.74,27.4,33.14,12.74,11.02,0.65,23.31,0.72,1.48,,,,0.34,,46.07,,,,,9.89,944.44,
2024-03-31 05:00:00,,,5.83,30.1,35.94,12.83,11.61,0.57,14.59,0.72,1.49,,,,0.34,,56.78,,,,,9.89,967.72,
2024-03-31 06:00:00,,,6.48,29.28,35.76,13.48,9.64,0.5,10.28,0.73,1.46,,,,0.34,,83.94,,,,,9.89,1027.09,
2024-03-31 07:00:00,,,4.38,28.2,32.57,11.38,9.72,1.38,11.85,0.73,1.49,,,,0.34,,84.24,,,,,11.55,1027.74,
2024-03-31 08:00:00,,,5.79,29.47,35.26,12.79,10.24,1.62,9.8,0.73,1.48,,,,0.34,,73.74,,,,,16.99,1004.76,
2024-03-31 09:00:00,,,6.95,31.08,38.04,13.95,9.98,0.98,8.94,0.73,1.48,,,,0.34,,56.34,,,,,76.51,966.77,
2024-03-31 10:00:00,,,5.96,30.5,36.45,12.96,7.54,0.66,12.62,0.74,1.47,,,,0.32,,44.85,,,,,531.07,941.87,
2024-03-31 11:00:00,,,7.68,32.69,40.36,14.68,8.73,0.61,23.71,0.73,1.46,,,,0.34,,35.39,,,,,603.29,921.16,
2024-03-31 12:00:00,,,7.38,31.24,38.62,14.38,9.12,0.8,30.62,0.72,1.46,,,,0.34,,27.85,,,,,628.24,904.59,
2024-03-31 13:00:00,,,8.64,35.29,43.94,15.64,11.32,0.78,44.42,0.72,1.49,,,,0.34,,23.82,,,,,563.32,895.7,
2024-03-31 14:00:00,,,11.54,43.47,55.02,18.55,9.37,0.8,39.13,0.74,1.48,,,,0.34,,18.99,,,,,480.02,885.1,
2024-03-31 15:00:00,,,7.53,32.97,40.42,14.5,9.8,0.82,34.22,0.73,1.48,,,,0.35,,17.94,,,,,337.04,882.73,
2024-03-31 16:00:00,,,7.78,32.11,39.86,14.78,9.64,0.84,34.57,0.73,1.47,,,,0.34,,16.31,,,,,163.5,879.12,
2024-03-31 17:00:00,,,5.34,27.88,33.1,12.33,7.86,0.86,31.55,0.72,1.5,,,,0.35,,17.81,,,,,11.3,882.36,
2024-03-31 18:00:00,,,7.24,30.4,37.61,15.71,8.43,0.88,25.07,0.73,1.47,,,,0.35,,19.34,,,,,9.89,885.66,
2024-03-31 19:00:00,,,4.1,24.98,28.66,11.09,8.73,0.82,20.52,0.73,1.48,,,,0.33,,18.39,,,,,9.89,883.7,
2024-03-31 20:00:00,,,6.57,28.03,34.58,13.56,5.86,0.69,17.59,0.72,1.48,,,,0.33,,18.99,,,,,9.89,885.08,
2024-03-31 21:00:00,,,6.27,30.48,36.65,13.28,6.14,0.7,12.73,0.72,1.5,,,,0.34,,21.84,,,,,9.89,891.33,
2024-03-31 22:00:00,,,4.18,25.5,29.64,11.17,7.68,0.71,13.97,0.74,1.49,,,,0.33,,26.02,,,,,9.89,900.48,
2024-03-31 23:00:00,,,5.13,26.26,31.37,12.13,9.55,0.69,23.08,0.72,1.49,,,,0.34,,34.02,,,,,9.89,917.93,
2024-04-01 00:00:00,,,5.87,27.36,33.24,12.86,8.85,0.66,20.9,0.73,1.48,,,,0.34,,39.26,,,,,9.89,929.29,
2024-04-01 01:00:00,,,5.73,27.57,33.22,12.73,7.99,0.62,20.82,0.73,1.46,,,,0.34,,54.16,,,,,9.89,961.5,
2024-04-01 02:00:00,,,5.79,29.86,35.65,12.79,7.8,0.59,18.07,0.73,1.5,,,,0.35,,65.84,,,,,9.89,986.85,
2024-04-01 03:00:00,,,4.25,25.74,29.92,11.25,8.59,0.58,14.02,0.73,1.46,,,,0.33,,71.0,,,,,9.89,998.18,
2024-04-01 04:00:00,,,5.73,28.76,34.48,12.73,9.42,0.61,10.39,0.72,1.46,,,,0.34,,69.09,,,,,9.89,994.09,
2024-04-01 05:00:00,,,6.14,28.52,34.67,13.14,10.12,0.56,12.06,0.72,1.49,,,,0.35,,69.51,,,,,9.89,995.13,
2024-04-01 06:00:00,,,6.29,29.74,36.02,13.29,10.62,0.51,9.55,0.74,1.49,,,,0.33,,79.41,,,,,9.89,1017.07,
2024-04-01 07:00:00,,,7.13,32.39,39.52,14.14,8.21,0.48,8.76,0.72,1.48,,,,0.35,,92.24,,,,,10.95,1045.02,
2024-04-01 08:00:00,,,6.13,30.74,36.87,16.28,,0.53,9.59,0.73,1.5,,,,0.35,,84.35,,,,,39.99,1027.59,
2024-04-01 09:00:00,,,6.04,26.23,32.26,13.03,9.47,0.57,10.73,0.74,1.5,,,,0.34,,73.04,,,,,110.65,1002.82,
2024-04-01 10:00:00,,,6.26,29.62,35.89,13.26,10.67,0.57,15.34,0.73,1.46,,,,0.34,,60.5,,,,,526.9,975.41,
2024-04-01 11:00:00,,,6.37,30.1,36.46,13.37,11.47,0.5,24.09,0.73,1.49,,,,0.34,,45.68,,,,,577.33,943.24,
2024-04-01 12:00:00,,,8.67,32.9,41.56,15.67,10.75,0.68,33.7,0.73,1.49,,,,0.34,,36.37,,,,,601.86,922.87,
2024-04-01 13:00:00,,,7.92,34.83,42.75,14.92,9.52,0.73,43.27,0.72,1.46,,,,0.34,,30.44,,,,,518.47,909.9,
2024-04-01 14:00:00,,,9.88,36.71,46.6,16.88,8.84,0.74,31.6,0.74,1.51,,,,0.34,,25.17,,,,,453.73,898.32,
2024-04-01 15:00:00,,,9.71,37.74,49.11,17.27,9.93,0.81,49.33,0.72,1.51,,,,0.34,,21.19,,,,,289.08,890.82,
2024-04-01 16:00:00,,,11.28,40.51,51.75,18.28,11.1,0.81,50.24,0.73,1.48,,,,0.34,,17.51,,,,,132.3,881.61,
2024-04-01 17:00:00,,,5.48,28.0,33.04,12.48,10.36,0.74,53.44,0.74,1.46,,,,0.35,,18.94,,,,,11.92,884.74,
2024-04-01 18:00:00,,,4.6,23.79,28.07,11.6,9.61,0.76,36.97,0.74,1.48,,,,0.34,,21.16,,,,,9.89,889.59,
2024-04-01 19:00:00,,,4.96,25.88,30.6,11.96,9.25,0.76,13.43,0.73,1.49,,,,0.33,,23.18,,,,,9.89,894.08,
2024-04-01 20:00:00,,,4.73,27.32,31.82,11.72,8.43,0.72,11.13,0.74,1.48,,,,0.33,,25.68,,,,,9.89,899.57,
2024-04-01 21:00:00,,,5.54,26.94,32.44,12.54,11.12,0.74,9.9,0.74,1.47,,,,0.34,,29.55,,,,,9.89,907.9,
2024-04-01 22:00:00,,,6.62,29.66,36.27,13.62,10.44,0.75,19.34,0.73,1.47,,,,0.33,,34.85,,,,,9.89,919.47,
2024-04-01 23:00:00,,,4.31,22.1,26.14,11.32,7.96,0.68,20.17,0.73,1.48,,,,0.35,,46.14,,,,,9.89,943.86,
2024-04-02 00:00:00,,,4.57,26.17,30.71,11.57,9.34,0.65,22.08,0.72,1.49,,,,0.34,,51.34,,,,,9.89,955.16,
2024-04-02 01:00:00,,,6.28,28.92,35.2,13.28,9.43,0.58,30.2,0.74,1.46,,,,0.33,,56.53,,,,,9.89,966.4,
2024-04-02 02:00:00,,,6.76,29.81,36.57,13.76,9.03,0.55,25.38,0.73,1.48,,,,0.34,,64.84,,,,,9.89,984.48,
2024-04-02 03:00:00,,,4.77,27.08,31.8,11.78,8.54,0.55,19.8,0.73,1.48,,,,0.34,,65.08,,,,,9.89,985.11,
2024-04-02 04:00:00,,,6.3,30.16,36.46,13.3,8.16,0.68,15.62,0.74,1.48,,,,0.34,,70.61,,,,,9.89,997.16,
2024-04-02 05:00:00,,,7.1,31.98,39.05,14.1,8.43,0.68,11.08,0.74,1.5,,,,0.33,,84.48,,,,,9.89,1027.48,
2024-04-02 06:00:00,,,5.47,28.08,33.55,12.47,10.7,0.66,9.52,0.72,1.5,,,,0.34,,97.27,,,,,9.89,1055.51,
2024-04-02 07:00:00,,,6.51,28.81,35.32,13.51,10.79,0.67,9.18,0.72,1.5,,,,0.33,,99.29,,,,,13.19,1059.94,
2024-04-02 08:00:00,,,6.23,29.14,35.37,13.23,9.68,0.67,10.57,0.73,1.46,,,,0.33,,90.98,,,,,46.8,1041.78,
2024-04-02 09:00:00,,,7.73,35.88,43.61,14.73,9.46,0.61,15.42,0.72,1.48,,,,0.34,,74.49,,,,,127.5,1005.68,
2024-04-02 10:00:00,,,6.75,32.73,39.48,13.75,8.32,0.55,19.18,0.73,1.47,,,,0.33,,58.86,,,,,515.9,971.66,
2024-04-02 11:00:00,,,7.61,31.83,39.44,14.6,9.0,0.57,38.92,0.72,1.5,,,,0.34,,38.16,,,,,583.72,926.82,
2024-04-02 12:00:00,,,10.03,36.15,46.18,17.03,8.93,0.7,55.38,0.74,1.48,,,,0.34,,29.02,,,,,559.77,906.87,
2024-04-02 13:00:00,,,8.89,36.46,45.35,15.89,8.92,0.82,48.21,0.74,1.48,,,,0.34,,22.44,,,,,546.07,892.48,
2024-04-02 14:00:00,,,10.34,39.29,49.63,17.34,11.54,0.78,38.12,0.74,1.45,,,,0.34,,16.89,,,,,460.2,880.3,
2024-04-02 15:00:00,,,10.15,39.48,49.53,17.15,11.78,0.86,33.52,0.73,1.48,,,,0.34,,15.68,,,,,333.82,877.56,
2024-04-02 16:00:00,,,7.74,33.18,40.82,14.74,9.66,0.8,34.3,0.78,1.59,,,,0.38,,15.67,,,,,159.48,877.56,
2024-04-02 17:00:00,,,8.66,32.82,41.31,15.65,8.38,0.95,20.38,0.86,1.78,,,,0.42,,17.83,,,,,12.2,882.22,
2024-04-02 18:00:00,,,3.58,23.91,27.18,10.57,9.73,0.97,25.34,0.86,1.77,,,,0.42,,21.08,,,,,9.89,889.27,
2024-04-02 19:00:00,,,5.48,24.48,29.5,12.48,9.15,0.92,22.02,0.86,1.79,,,,0.42,,19.27,,,,,9.89,885.47,
2024-04-02 20:00:00,,,6.76,30.56,37.16,13.76,8.38,0.72,25.88,0.86,1.79,,,,0.42,,19.01,,,,,9.89,885.0,
2024-04-02 21:00:00,,,4.46,25.23,29.12,11.46,8.43,0.73,23.59,0.86,1.78,,,,0.43,,23.25,,,,,9.89,894.31,
2024-04-02 22:00:00,,,5.38,29.44,34.75,12.38,8.11,0.78,25.1,0.86,1.78,,,,0.42,,33.16,,,,,9.89,915.83,
2024-04-02 23:00:00,,,6.27,28.11,34.52,13.33,8.39,0.72,22.28,0.87,1.76,,,,0.42,,40.04,,,,,9.89,930.0,
2024-04-03 00:00:00,,,6.28,28.44,34.72,13.28,8.96,0.69,25.79,0.86,1.77,,,,0.42,,42.76,,,,,9.89,936.65,
2024-04-03 01:00:00,,,6.59,28.41,34.99,13.59,8.07,0.65,16.64,0.85,1.78,,,,0.42,,49.29,,,,,9.89,950.82,
2024-04-03 02:00:00,,,6.34,26.55,32.79,13.35,8.76,0.62,26.36,0.86,1.78,,,,0.41,,54.49,,,,,9.89,962.11,
2024-04-03 03:00:00,,,5.81,28.74,34.56,12.8,9.73,0.57,18.76,0.86,1.77,,,,0.42,,60.1,,,,,9.89,974.38,
2024-04-03 04:00:00,,,5.28,27.4,32.68,12.28,8.64,0.69,10.0,0.86,1.78,,,,0.43,,89.22,,,,,9.89,1037.82,
2024-04-03 05:00:00,,,6.84,29.78,36.62,13.84,9.28,0.61,8.59,0.86,1.77,,,,0.43,,99.44,,,,,9.89,1060.17,
2024-04-03 06:00:00,,,5.99,27.64,33.62,12.99,10.5,0.65,8.52,0.86,1.78,,,,0.42,,99.3,,,,,9.89,1060.07,
2024-04-03 07:00:00,,,6.92,29.53,36.45,13.92,11.42,0.7,8.35,0.86,1.79,,,,0.42,,98.81,,,,,14.1,1058.84,
2024-04-03 08:00:00,,,6.1,28.28,34.38,13.1,9.79,0.67,10.27,0.87,1.79,,,,0.42,,92.21,,,,,56.58,1044.71,
2024-04-03 09:00:00,,,7.27,30.8,38.07,14.27,8.84,0.66,13.59,0.86,1.79,,,,0.43,,70.33,,,,,121.48,996.66,
2024-04-03 10:00:00,,,7.55,31.07,38.62,14.55,8.07,0.67,16.34,0.86,1.78,,,,0.42,,52.12,,,,,520.56,957.17,
2024-04-03 11:00:00,,,8.17,33.66,41.84,15.17,7.26,0.62,25.46,0.86,1.77,,,,0.42,,42.09,,,,,581.67,935.28,
2024-04-03 12:00:00,,,7.75,33.28,41.03,14.75,7.84,0.55,31.13,0.86,1.79,,,,0.42,,33.42,,,,,582.3,916.36,
2024-04-03 13:00:00,,,7.98,37.36,45.34,14.98,9.35,0.69,50.68,0.86,1.78,,,,0.42,,24.26,,,,,525.52,896.44,
2024-04-03 14:00:00,,,10.82,37.17,47.99,17.82,10.34,0.74,39.26,0.86,1.77,,,,0.42,,21.63,,,,,428.2,890.59,
2024-04-03 15:00:00,,,7.59,35.63,43.2,14.59,10.98,0.79,37.5,0.87,1.76,,,,0.42,,21.24,,,,,261.29,889.63,
2024-04-03 16:00:00,,,6.84,29.78,36.44,13.84,11.36,0.73,36.85,0.86,1.8,,,,0.42,,21.26,,,,,139.84,889.63,
2024-04-03 17:00:00,,,6.38,29.83,36.08,13.38,11.92,0.74,26.4,0.86,1.78,,,,0.42,,21.57,,,,,13.78,890.3,
2024-04-03 18:00:00,,,5.54,27.21,32.54,12.53,9.66,0.77,23.07,0.86,1.8,,,,0.43,,23.96,,,,,9.89,895.49,
2024-04-03 19:00:00,,,4.48,26.7,30.98,11.49,9.23,0.68,21.97,0.86,1.79,,,,0.42,,25.99,,,,,9.89,899.95,
2024-04-03 20:00:00,,,4.59,23.44,27.8,11.58,9.62,0.78,24.16,0.86,1.78,,,,0.41,,23.81,,,,,9.89,895.34,
2024-04-03 21:00:00,,,4.31,24.27,28.36,11.31,8.73,0.84,27.24,0.86,1.8,,,,0.42,,24.37,,,,,9.89,896.67,
2024-04-03 22:00:00,,,4.54,25.81,30.11,11.56,10.24,0.82,28.35,0.86,1.79,,,,0.43,,30.63,,,,,9.89,910.3,
2024-04-03 23:00:00,,,5.92,27.1,32.83,12.92,8.17,0.86,27.49,0.86,1.77,,,,0.42,,35.83,,,,,9.89,921.61,
2024-04-04 00:00:00,,,5.68,29.56,35.16,12.68,8.12,0.88,24.14,0.87,1.78,,,,0.42,,40.12,,,,,9.89,930.94,
2024-04-04 01:00:00,,,6.4,28.82,35.2,13.4,9.94,0.86,13.46,0.86,1.79,,,,0.42,,44.04,,,,,9.89,939.5,
2024-04-04 02:00:00,,,6.2,29.11,35.3,13.2,10.04,0.82,25.9,0.87,1.78,,,,0.42,,48.4,,,,,9.89,949.02,
2024-04-04 03:00:00,,,6.39,30.93,37.33,13.39,9.03,0.72,25.75,0.85,1.77,,,,0.42,,49.3,,,,,9.89,951.03,
2024-04-04 04:00:00,,,6.98,29.66,36.64,13.98,9.46,0.61,21.84,0.86,1.79,,,,0.42,,52.97,,,,,9.89,959.01,
2024-04-04 05:00:00,,,5.75,26.26,32.0,12.75,9.84,0.6,19.42,0.86,1.77,,,,0.42,,59.96,,,,,9.89,974.22,
2024-04-04 06:00:00,,,7.13,30.04,37.17,14.13,10.32,0.59,17.83,0.86,1.78,,,,0.42,,68.14,,,,,9.89,992.06,
2024-04-04 07:00:00,,,7.27,31.27,38.54,14.27,11.92,0.61,10.84,0.86,1.78,,,,0.42,,85.64,,,,,17.08,1030.23,
2024-04-04 08:00:00,,,6.88,31.28,38.16,13.89,10.1,0.62,10.49,0.85,1.8,,,,0.42,,88.45,,,,,42.06,1036.32,
2024-04-04 09:00:00,,,6.27,31.62,37.87,13.28,9.36,0.61,18.54,0.86,1.77,,,,0.42,,70.91,,,,,123.02,997.95,
2024-04-04 10:00:00,,,6.83,30.18,37.02,13.83,10.82,0.62,24.06,0.86,1.79,,,,0.42,,51.92,,,,,529.52,956.68,
2024-04-04 11:00:00,,,7.91,34.0,41.91,14.91,11.34,0.62,36.55,0.86,1.78,,,,0.42,,39.65,,,,,584.84,929.9,
2024-04-04 12:00:00,,,10.14,38.48,48.61,17.25,11.75,0.65,36.97,0.87,1.77,,,,0.42,,28.28,,,,,617.52,905.1,
2024-04-04 13:00:00,,,11.24,38.87,50.11,18.23,11.9,0.69,38.73,0.86,1.77,,,,0.42,,18.9,,,,,574.24,884.7,
2024-04-04 14:00:00,,,9.8,38.88,48.57,16.8,10.64,0.73,37.1,0.86,1.78,,,,0.42,,15.94,,,,,481.51,878.14,
2024-04-04 15:00:00,,,9.78,38.01,47.75,16.78,9.92,0.69,34.21,0.86,1.8,,,,0.42,,16.43,,,,,344.02,879.11,
2024-04-04 16:00:00,,,9.52,34.38,43.79,16.52,12.29,0.65,33.75,0.87,1.79,,,,0.41,,15.52,,,,,145.78,877.11,
2024-04-04 17:00:00,,,6.31,28.57,34.76,13.31,12.1,0.7,33.9,0.87,1.82,,,,0.42,,18.97,,,,,10.75,884.54,
2024-04-04 18:00:00,,,4.87,24.05,28.39,11.87,10.62,0.72,33.2,0.86,1.76,,,,0.42,,21.4,,,,,9.89,889.81,
2024-04-04 19:00:00,,,5.13,24.67,29.2,12.13,9.21,0.67,26.92,0.86,1.77,,,,0.42,,21.64,,,,,9.89,890.44,
2024-04-04 20:00:00,,,6.15,27.73,33.88,13.15,10.4,0.63,16.3,0.86,1.78,,,,0.44,,21.07,,,,,9.89,889.37,
2024-04-04 21:00:00,,,5.43,25.61,30.98,12.42,8.69,0.75,21.29,0.86,1.78,,,,0.42,,25.43,,,,,9.89,898.93,
2024-04-04 22:00:00,,,6.38,28.33,34.71,13.38,8.0,0.74,28.03,0.86,1.79,,,,0.42,,33.5,,,,,9.89,916.47,
2024-04-04 23:00:00,,,5.23,26.08,31.25,12.24,9.21,0.72,26.48,0.86,1.78,,,,0.42,,38.71,,,,,9.89,927.83,
2024-04-05 00:00:00,,,5.0,28.32,33.32,12.0,9.26,0.66,25.77,0.86,1.79,,,,0.42,,40.92,,,,,9.89,932.67,
2024-04-05 01:00:00,,,6.03,31.49,37.52,13.04,9.63,0.67,30.52,0.86,1.77,,,,0.41,,42.99,,,,,9.89,937.24,
2024-04-05 02:00:00,,,7.1,31.34,38.42,14.1,9.5,0.63,28.44,0.87,1.78,,,,0.42,,41.91,,,,,9.89,935.02,
2024-04-05 03:00:00,,,7.52,30.99,38.52,14.53,8.64,0.62,30.42,0.85,1.76,,,,0.42,,44.9,,,,,9.89,941.57,
2024-04-05 04:00:00,,,6.97,30.82,37.79,13.97,8.2,0.61,27.65,0.87,1.77,,,,0.41,,53.55,,,,,9.89,960.29,
2024-04-05 05:00:00,,,5.0,28.37,33.34,12.0,7.21,0.6,20.08,0.87,1.8,,,,0.42,,66.19,,,,,9.89,987.74,
2024-04-05 06:00:00,,,5.02,27.71,32.73,12.02,11.02,0.6,17.84,0.88,1.78,,,,0.41,,82.46,,,,,9.89,1023.29,
2024-04-05 07:00:00,,,6.11,28.27,34.38,13.11,10.45,0.59,18.67,0.86,1.76,,,,0.41,,79.35,,,,,9.95,1016.57,
2024-04-05 08:00:00,,,5.28,29.0,34.26,12.28,9.34,0.62,24.11,0.86,1.78,,,,0.42,,70.63,,,,,27.56,997.51,
2024-04-05 09:00:00,,,6.86,29.66,36.52,13.86,11.82,0.61,26.05,0.86,1.76,,,,0.42,,59.18,,,,,126.65,972.61,
2024-04-05 10:00:00,,,6.39,29.39,35.76,13.39,11.43,0.6,31.03,0.88,1.78,,,,0.42,,40.04,,,,,469.18,931.15,
2024-04-05 11:00:00,,,7.07,29.41,36.48,14.08,11.1,0.62,57.98,0.86,1.77,,,,0.41,,31.3,,,,,481.09,912.03,
2024-04-05 12:00:00,,,9.7,36.74,46.43,16.68,11.43,0.66,48.14,0.86,1.77,,,,0.42,,19.52,,,,,542.17,886.33,
2024-04-05 13:00:00,,,11.33,40.89,52.22,18.34,15.11,0.69,47.42,0.76,1.68,,,,0.37,,16.06,,,,,444.02,878.67,
2024-04-05 14:00:00,4.14,8.63,9.91,39.56,49.48,16.9,12.5,0.72,43.38,0.73,1.62,,,,0.34,,13.39,,,,,368.18,872.82,
2024-04-05 15:00:00,12.86,26.79,11.07,36.97,48.04,18.07,9.06,0.64,37.81,0.73,1.61,,,,0.36,,11.93,,,,,313.42,869.54,
2024-04-05 16:00:00,21.23,44.24,8.09,30.11,38.17,15.1,8.48,0.49,36.58,0.73,1.62,,,,0.36,,12.04,,,,,146.66,869.68,
2024-04-05 17:00:00,23.38,48.72,7.98,33.38,41.19,14.97,10.42,0.56,35.8,0.74,1.62,,,,0.34,,12.44,,,,,23.91,870.55,
2024-04-05 18:00:00,23.56,49.1,4.61,24.89,29.22,11.61,10.07,0.6,40.58,0.74,1.62,,,,0.36,,12.68,,,,,9.89,871.13,
2024-04-05 19:00:00,27.5,57.3,3.92,21.45,24.88,10.9,9.31,0.61,28.06,0.74,1.64,,,,0.36,,18.23,,,,,9.89,883.12,
2024-04-05 20:00:00,30.06,62.64,2.67,17.57,19.61,9.67,9.47,0.71,22.8,0.74,1.6,,,,0.35,,22.8,,,,,9.89,893.08,
2024-04-05 21:00:00,30.64,63.83,4.36,26.14,30.28,11.36,8.62,0.74,28.3,0.73,1.62,,,,0.35,,24.11,,,,,9.89,896.08,
2024-04-05 22:00:00,30.63,63.82,5.12,28.53,33.51,12.12,9.55,0.91,28.2,0.74,1.62,,,,0.34,,27.73,,,,,9.89,903.99,
2024-04-05 23:00:00,30.69,63.94,5.07,26.1,31.12,12.07,8.6,0.92,33.58,0.74,1.62,,,,0.36,,31.78,,,,,9.89,912.82,
2024-04-06 00:00:00,27.8,57.93,4.7,28.0,32.51,11.7,6.64,0.91,35.6,0.72,1.61,,,,0.35,,34.02,,,,,9.89,917.72,
2024-04-06 01:00:00,25.45,53.03,6.18,30.63,36.8,13.18,7.74,0.9,32.09,0.74,1.64,,,,0.35,,36.75,,,,,9.89,923.75,
2024-04-06 02:00:00,22.32,46.49,5.22,28.87,34.0,12.22,9.11,0.87,31.46,0.72,1.62,,,,0.36,,38.01,,,,,9.89,926.56,
2024-04-06 03:00:00,20.9,43.53,6.38,27.88,34.27,13.38,9.83,0.82,28.02,0.72,1.64,,,,0.36,,40.98,,,,,9.89,933.04,
2024-04-06 04:00:00,20.0,41.68,6.54,29.55,36.09,13.55,9.2,0.71,28.56,0.74,1.64,,,,0.34,,45.14,,,,,9.89,942.09,
2024-04-06 05:00:00,21.64,45.06,5.98,28.41,34.39,12.98,9.39,0.68,32.23,0.73,1.64,,,,0.35,,48.71,,,,,9.89,949.89,
2024-04-06 06:00:00,24.8,51.66,6.26,30.85,37.11,13.26,10.06,0.68,23.34,0.74,1.62,,,,0.35,,76.69,,,,,9.89,1010.76,
2024-04-06 07:00:00,28.16,58.67,6.08,29.41,35.48,13.07,9.55,0.67,25.98,0.73,1.61,,,,0.35,,76.83,,,,,9.9,1011.02,
2024-04-06 08:00:00,31.23,65.07,5.83,28.69,34.52,12.83,11.64,0.68,36.43,0.74,1.62,,,,0.34,,63.07,,,,,19.34,981.02,
2024-04-06 09:00:00,33.67,70.14,9.02,35.05,44.06,16.02,10.21,0.69,59.96,0.72,1.62,,,,0.35,,49.25,,,,,126.06,951.12,
2024-04-06 10:00:00,32.21,67.1,7.04,31.96,39.0,14.04,8.21,0.7,74.98,0.74,1.62,,,,0.34,,38.74,,,,,495.4,928.25,
2024-04-06 11:00:00,31.07,64.73,6.75,30.16,36.89,13.75,8.16,0.7,101.42,0.72,1.62,,,,0.35,,29.58,,,,,443.55,908.24,
2024-04-06 12:00:00,29.5,61.46,8.16,34.83,42.99,15.16,10.91,0.7,58.76,0.74,1.61,,,,0.36,,17.34,,,,,562.21,881.51,
2024-04-06 13:00:00,29.33,61.1,15.35,46.89,62.24,21.36,12.34,0.73,50.54,0.74,1.6,,,,0.34,,15.76,,,,,341.87,876.48,
2024-04-06 14:00:00,,,12.03,42.4,54.43,19.02,10.47,0.7,34.11,0.72,1.62,,,,0.35,,13.61,,,,,370.33,873.12,
2024-04-06 15:00:00,,,8.37,34.97,43.04,15.38,11.33,0.68,38.78,0.73,1.61,,,,0.35,,15.46,,,,,296.48,876.98,
2024-04-06 16:00:00,,,8.35,34.62,42.77,15.36,9.76,0.7,31.7,0.72,1.62,,,,0.34,,16.86,,,,,130.94,879.95,
2024-04-06 17:00:00,,,6.2,27.71,33.83,13.21,10.17,0.72,38.07,0.73,1.63,,,,0.35,,18.71,,,,,12.96,883.94,
2024-04-06 18:00:00,,,4.95,25.87,30.38,11.95,8.49,0.68,31.62,0.73,1.6,,,,0.35,,21.27,,,,,9.89,889.52,
2024-04-06 19:00:00,,,4.1,24.05,27.83,11.1,6.42,0.76,28.58,0.73,1.62,,,,0.35,,18.6,,,,,9.89,883.93,
2024-04-06 20:00:00,,,4.86,26.11,30.77,11.86,8.71,0.96,27.02,0.73,1.64,,,,0.34,,19.41,,,,,9.89,885.81,
2024-04-06 21:00:00,,,5.52,27.88,33.03,12.52,8.62,1.0,27.48,0.72,1.62,,,,0.36,,25.28,,,,,9.89,898.58,
2024-04-06 22:00:00,,,3.79,21.58,25.16,10.79,9.74,1.04,24.44,0.72,1.6,,,,0.35,,29.73,,,,,9.89,908.3,
2024-04-06 23:00:00,,,6.36,27.89,34.08,13.36,8.87,0.98,27.4,0.72,1.62,,,,0.35,,32.03,,,,,9.89,913.38,
2024-04-07 00:00:00,,,5.91,28.08,33.96,12.91,9.55,0.98,25.06,0.73,1.6,,,,0.35,,32.11,,,,,9.89,913.62,
2024-04-07 01:00:00,,,5.92,29.26,35.17,12.92,10.19,0.94,29.2,0.73,1.62,,,,0.34,,33.01,,,,,9.89,915.64,
2024-04-07 02:00:00,,,6.02,29.34,35.36,13.02,10.58,0.91,26.96,0.73,1.62,,,,0.34,,35.47,,,,,9.89,921.04,
2024-04-07 03:00:00,,,4.76,27.41,32.17,11.76,9.86,0.81,19.29,0.74,1.62,,,,0.34,,41.84,,,,,9.89,934.88,
2024-04-07 04:00:00,,,6.31,28.76,35.07,13.32,11.31,0.59,17.41,0.72,1.62,,,,0.36,,80.71,,,,,9.89,1019.28,
2024-04-07 05:00:00,,,6.71,30.68,37.29,13.71,9.43,0.57,12.84,0.73,1.61,,,,0.35,,99.13,,,,,9.89,1059.57,
2024-04-07 06:00:00,,,5.78,28.48,34.26,12.77,8.73,0.55,12.98,0.74,1.61,,,,0.35,,99.44,,,,,9.89,1060.29,
2024-04-07 07:00:00,,,6.57,28.1,34.67,13.57,9.49,0.57,13.08,0.73,1.64,,,,0.35,,99.08,,,,,10.48,1059.52,
2024-04-07 08:00:00,,,6.64,28.96,35.6,13.64,10.34,0.56,15.63,0.73,1.61,,,,0.35,,88.44,,,,,23.08,1036.3,
2024-04-07 09:00:00,,,6.72,29.52,36.24,13.72,9.94,0.57,20.66,0.74,1.62,,,,0.35,,66.47,,,,,138.9,988.34,
2024-04-07 10:00:00,,,6.65,28.33,34.98,13.65,9.36,0.57,20.6,0.73,1.65,,,,0.36,,47.58,,,,,515.16,947.38,
2024-04-07 11:00:00,,,6.56,29.52,36.08,13.56,8.95,0.59,32.24,0.73,1.59,,,,0.36,,35.28,,,,,509.77,920.62,
2024-04-07 12:00:00,,,7.82,33.97,41.78,14.82,8.57,0.68,30.3,0.72,1.63,,,,0.35,,25.87,,,,,596.11,900.03,
2024-04-07 13:00:00,,,8.7,34.95,43.66,15.7,9.56,0.72,33.86,0.74,1.64,,,,0.36,,18.4,,,,,537.86,883.74,
2024-04-07 14:00:00,,,7.05,27.81,34.72,14.05,11.01,0.76,45.12,0.73,1.62,,,,0.34,,12.71,,,,,456.71,871.32,
2024-04-07 15:00:00,,,10.31,35.87,46.02,17.31,10.05,0.77,36.18,0.72,1.64,,,,0.35,,11.39,,,,,324.08,868.34,
2024-04-07 16:00:00,,,8.24,34.79,43.0,15.24,11.66,0.68,34.28,0.74,1.61,,,,0.36,,11.14,,,,,134.18,867.8,
2024-04-07 17:00:00,,,4.92,25.43,29.84,11.93,10.47,0.68,51.05,0.73,1.64,,,,0.34,,12.01,,,,,12.94,869.66,
2024-04-07 18:00:00,,,4.56,24.2,28.58,11.57,7.66,0.68,49.82,0.74,1.62,,,,0.34,,13.87,,,,,9.89,873.69,
2024-04-07 19:00:00,,,4.52,25.4,31.95,11.91,9.37,0.68,30.29,0.73,1.6,,,,0.35,,15.7,,,,,9.89,877.71,
2024-04-07 20:00:00,,,5.82,27.38,33.08,12.8,8.21,0.7,27.39,0.73,1.61,,,,0.35,,17.19,,,,,9.89,881.03,
2024-04-07 21:00:00,,,5.67,26.3,31.77,12.67,8.45,0.73,27.88,0.74,1.61,,,,0.35,,20.78,,,,,9.89,888.91,
2024-04-07 22:00:00,,,5.56,29.05,34.61,12.57,10.02,0.68,19.24,0.73,1.62,,,,0.34,,24.54,,,,,9.89,897.12,
2024-04-07 23:00:00,,,,,,,,,,,,,,,,,,,,,,,,
2024-04-08 00:00:00,,,,,,,,,,,,,,,,,,,,,,,,
2024-04-08 01:00:00,,,,,,,,,,,,,,,,,,,,,,,,
2024-04-08 02:00:00,,,,,,,,,,,,,,,,,,,,,,,,
2024-04-08 03:00:00,,,,,,,,,,,,,,,,,,,,,,,,
2024-04-08 04:00:00,,,,,,,,,,,,,,,,,,,,,,,,
2024-04-08 05:00:00,,,,,,,,,,,,,,,,,,,,,,,,
2024-04-08 06:00:00,,,,,,,,,,,,,,,,,,,,,,,,
2024-04-08 07:00:00,,,,,,,,,,,,,,,,,,,,,,,,
2024-04-08 08:00:00,,,,,,,,,,,,,,,,,,,,,,,,
2024-04-08 09:00:00,,,,,,,,,,,,,,,,,,,,,,,,
2024-04-08 10:00:00,,,,,,,,,,,,,,,,,,,,,,,,
2024-04-08 11:00:00,,,,,,,,,,,,,,,,,,,,,,,,
2024-04-08 12:00:00,,,,,,,,,,,,,,,,,,,,,,,,
2024-04-08 13:00:00,,,,,,,,,,,,,,,,,,,,,,,,
2024-04-08 14:00:00,,,,,,,,,,,,,,,,,,,,,,,,
2024-04-08 15:00:00,,,,,,,,,,,,,,,,,,,,,,,,
2024-04-08 16:00:00,,,,,,,,,,,,,,,,,,,,,,,,
2024-04-08 17:00:00,,,,,,,,,,,,,,,,,,,,,,,,
2024-04-08 18:00:00,,,,,,,,,,,,,,,,,,,,,,,,
2024-04-08 19:00:00,,,,,,,,,,,,,,,,,,,,,,,,
2024-04-08 20:00:00,,,,,,,,,,,,,,,,,,,,,,,,
2024-04-08 21:00:00,,,,,,,,,,,,,,,,,,,,,,,,
2024-04-08 22:00:00,,,,,,,,,,,,,,,,,,,,,,,,
2024-04-08 23:00:00,,,,,,,,,,,,,,,,,,,,,,,,
2024-04-09 00:00:00,,,,,,,,,,,,,,,,,,,,,,,,
2024-04-09 01:00:00,,,,,,,,,,,,,,,,,,,,,,,,
2024-04-09 02:00:00,,,,,,,,,,,,,,,,,,,,,,,,
2024-04-09 03:00:00,,,,,,,,,,,,,,,,,,,,,,,,
2024-04-09 04:00:00,,,,,,,,,,,,,,,,,,,,,,,,
2024-04-09 05:00:00,,,,,,,,,,,,,,,,,,,,,,,,
2024-04-09 06:00:00,,,,,,,,,,,,,,,,,,,,,,,,
2024-04-09 07:00:00,,,,,,,,,,,,,,,,,,,,,,,,
2024-04-09 08:00:00,,,6.52,30.18,36.7,13.52,,0.56,17.64,0.72,1.61,,,,0.35,,53.08,,,,,12.88,959.55,
2024-04-09 09:00:00,,,6.52,31.05,37.56,13.52,12.69,0.6,22.64,0.72,1.61,,,,0.35,,50.26,,,,,150.09,953.48,
2024-04-09 10:00:00,,,6.78,29.82,36.59,13.78,10.01,0.6,31.34,0.72,1.64,,,,0.35,,37.66,,,,,525.66,926.06,
2024-04-09 11:00:00,,,7.69,33.35,41.04,14.69,8.42,0.64,34.54,0.74,1.62,,,,0.35,,30.36,,,,,531.42,910.04,
2024-04-09 12:00:00,,,9.3,38.53,47.83,16.29,10.5,0.65,63.05,0.72,1.62,,,,0.36,,28.26,,,,,592.81,905.3,
2024-04-09 13:00:00,,,10.18,37.01,47.19,17.18,8.62,0.66,51.15,0.73,1.62,,,,0.35,,24.66,,,,,534.96,897.31,
2024-04-09 14:00:00,,,10.34,40.17,50.51,17.34,9.56,0.68,51.75,0.73,1.62,,,,0.34,,21.96,,,,,456.02,891.34,
2024-04-09 15:00:00,,,8.35,31.25,39.59,15.34,11.82,0.74,46.92,0.74,1.61,,,,0.35,,22.0,,,,,319.76,891.31,
2024-04-09 16:00:00,,,8.02,32.93,40.95,15.03,10.76,0.69,48.44,0.73,1.61,,,,0.35,,23.7,,,,,134.93,894.86,
2024-04-09 17:00:00,,,5.68,29.23,34.8,12.68,9.25,0.68,61.53,0.73,1.62,,,,0.36,,23.28,,,,,11.92,893.96,
2024-04-09 18:00:00,,,7.14,32.18,39.2,14.13,10.12,0.7,58.54,0.74,1.62,,,,0.35,,25.69,,,,,9.89,899.21,
2024-04-09 19:00:00,,,5.0,24.96,29.8,12.0,7.02,0.68,44.91,0.72,1.6,,,,0.36,,32.41,,,,,9.89,913.81,
2024-04-09 20:00:00,,,6.0,28.12,34.08,13.0,7.1,0.6,36.05,0.73,1.6,,,,0.35,,38.43,,,,,9.89,926.92,
2024-04-09 21:00:00,,,5.12,27.04,32.11,12.12,8.75,0.6,37.86,0.73,1.61,,,,0.35,,42.38,,,,,9.89,935.6,
2024-04-09 22:00:00,,,5.56,28.34,33.86,12.56,8.28,0.58,35.76,0.72,1.63,,,,0.34,,46.73,,,,,9.89,945.12,
2024-04-09 23:00:00,,,3.91,22.6,26.44,10.91,9.86,0.57,38.6,0.74,1.61,,,,0.34,,51.93,,,,,9.89,956.42,
2024-04-10 00:00:00,,,4.72,26.04,30.64,11.72,10.09,0.54,39.1,0.72,1.62,,,,0.34,,55.92,,,,,9.89,965.11,
2024-04-10 01:00:00,,,4.96,26.99,31.95,11.96,9.97,0.53,35.37,0.74,1.64,,,,0.35,,60.99,,,,,9.89,976.18,
2024-04-10 02:00:00,,,4.79,27.33,31.89,11.79,11.14,0.52,25.3,0.73,1.63,,,,0.34,,68.36,,,,,9.89,992.32,
2024-04-10 03:00:00,,,4.4,23.88,28.28,11.4,10.66,0.54,21.19,0.72,1.62,,,,0.35,,78.0,,,,,9.89,1013.46,
2024-04-10 04:00:00,,,6.13,28.4,34.52,13.13,8.71,0.64,24.98,0.74,1.62,,,,0.35,,81.36,,,,,9.89,1020.91,
2024-04-10 05:00:00,,,7.28,31.58,38.86,14.28,9.73,0.64,18.06,0.73,1.62,,,,0.36,,84.34,,,,,9.89,1027.53,
2024-04-10 06:00:00,,,5.73,28.79,34.52,12.73,9.29,0.62,17.35,0.73,1.62,,,,0.35,,81.51,,,,,9.89,1021.46,
2024-04-10 07:00:00,,,4.26,28.48,32.68,11.26,9.31,0.57,21.74,0.72,1.63,,,,0.34,,74.6,,,,,9.89,1006.45,
2024-04-10 08:00:00,,,6.5,31.48,37.98,13.5,9.22,0.57,36.14,0.72,1.63,,,,0.35,,60.1,,,,,13.74,974.93,
2024-04-10 09:00:00,,,6.72,29.4,36.11,13.72,7.64,0.56,43.48,0.72,1.63,,,,0.35,,43.82,,,,,160.44,939.66,
2024-04-10 10:00:00,,,7.89,35.11,43.0,14.89,10.09,0.58,47.5,0.72,1.65,,,,0.36,,33.1,,,,,545.0,916.28,
2024-04-10 11:00:00,27.39,57.06,8.89,37.13,45.96,15.89,10.92,0.61,55.34,0.72,1.63,,,,0.34,,26.23,,,,,386.35,901.22,
2024-04-10 12:00:00,27.13,56.52,7.41,32.76,39.72,14.41,10.26,0.58,56.28,0.73,1.61,,,,0.36,,22.02,,,,,613.52,892.38,
2024-04-10 13:00:00,27.17,56.61,7.34,31.37,38.52,14.34,9.55,0.42,44.04,0.72,1.62,,,,0.35,,18.25,,,,,552.58,883.82,
2024-04-10 14:00:00,23.37,48.7,8.85,34.01,45.36,16.48,10.08,0.6,47.01,0.74,1.61,,,,0.35,,17.17,,,,,463.14,881.38,
2024-04-10 15:00:00,21.5,44.78,8.46,33.16,41.62,15.46,10.23,0.71,43.62,0.73,1.63,,,,0.36,,17.6,,,,,326.39,882.01,
2024-04-10 16:00:00,22.53,46.93,7.73,34.46,42.18,14.73,10.19,0.72,45.72,0.72,1.63,,,,0.35,,17.76,,,,,140.44,882.29,
2024-04-10 17:00:00,22.62,47.12,5.96,25.92,31.75,12.97,9.45,0.75,48.34,0.73,1.6,,,,0.35,,18.51,,,,,11.4,883.84,
2024-04-10 18:00:00,20.97,43.7,4.71,25.3,29.58,11.71,9.8,0.76,46.54,0.73,1.61,,,,0.35,,24.02,,,,,9.89,895.74,
2024-04-10 19:00:00,22.1,46.05,3.8,22.8,26.42,10.8,10.06,0.72,37.34,0.72,1.61,,,,0.34,,31.8,,,,,9.89,912.59,
2024-04-10 20:00:00,25.55,53.23,6.96,30.07,37.02,13.97,9.21,0.64,25.04,0.73,1.62,,,,0.35,,35.88,,,,,9.89,921.53,
2024-04-10 21:00:00,25.35,52.8,7.0,31.0,37.98,14.0,9.59,0.63,31.58,0.73,1.62,,,,0.35,,42.16,,,,,9.89,935.22,
2024-04-10 22:00:00,22.76,47.42,5.97,27.24,33.21,12.97,9.99,0.61,21.36,0.73,1.64,,,,0.34,,46.06,,,,,9.89,943.73,
2024-04-10 23:00:00,20.84,43.42,4.88,26.8,31.69,11.88,9.34,0.58,14.16,0.73,1.62,,,,0.35,,55.22,,,,,9.89,963.54,
2024-04-11 00:00:00,21.87,45.56,5.84,31.01,36.84,12.84,10.57,0.47,22.37,0.72,1.62,,,,0.34,,63.11,,,,,9.89,980.7,
2024-04-11 01:00:00,21.12,44.01,5.42,28.53,33.94,12.42,8.74,0.54,24.43,0.73,1.62,,,,0.36,,69.12,,,,,9.89,993.86,
2024-04-11 02:00:00,20.64,43.01,6.58,32.87,41.09,13.9,9.76,0.53,25.9,0.73,1.64,,,,0.35,,72.88,,,,,9.89,1002.14,
2024-04-11 03:00:00,21.44,44.67,6.03,29.27,35.3,13.03,10.22,0.56,24.32,0.73,1.6,,,,0.35,,74.5,,,,,9.89,1005.77,
2024-04-11 04:00:00,21.06,43.88,6.26,29.61,35.87,13.26,9.11,0.64,22.94,0.73,1.61,,,,0.35,,74.66,,,,,9.89,1006.15,
2024-04-11 05:00:00,17.66,36.8,6.54,31.27,37.81,13.54,9.24,0.62,23.21,0.73,1.64,,,,0.35,,73.56,,,,,9.89,1003.92,
2024-04-11 06:00:00,18.28,38.08,6.58,33.21,39.78,13.58,9.54,0.59,18.2,0.74,1.62,,,,0.35,,72.41,,,,,9.89,1001.58,
2024-04-11 07:00:00,18.89,39.35,5.77,26.97,32.52,12.77,9.4,0.55,18.34,0.73,1.62,,,,0.36,,66.94,,,,,9.89,989.7,
2024-04-11 08:00:00,19.4,40.42,6.4,28.51,34.92,13.4,8.73,0.55,20.67,0.72,1.62,,,,0.35,,59.9,,,,,15.43,974.55,
2024-04-11 09:00:00,22.36,46.59,6.24,30.04,36.28,13.24,9.79,0.55,21.38,0.73,1.62,,,,0.36,,45.95,,,,,170.8,944.24,
2024-04-11 10:00:00,21.61,45.02,6.37,30.49,36.86,13.38,10.18,0.54,22.9,0.73,1.62,,,,0.35,,34.5,,,,,571.02,919.26,
2024-04-11 11:00:00,19.98,41.62,7.58,30.87,38.44,14.57,9.43,0.58,34.56,0.74,1.6,,,,0.35,,28.42,,,,,443.61,905.91,
2024-04-11 12:00:00,19.92,41.52,9.0,34.69,43.69,15.97,11.03,0.65,36.76,0.73,1.62,,,,0.36,,25.15,,,,,628.84,898.61,
2024-04-11 13:00:00,20.79,43.32,8.28,34.37,42.65,15.28,9.36,0.67,42.72,0.73,1.62,,,,0.35,,23.2,,,,,527.48,894.2,
2024-04-11 14:00:00,19.66,40.97,10.58,38.6,49.18,17.58,11.24,0.71,33.02,0.74,1.62,,,,0.35,,20.43,,,,,479.38,888.04,
2024-04-11 15:00:00,19.04,39.66,8.9,38.02,46.91,15.9,10.82,0.72,37.94,0.73,1.63,,,,0.36,,19.41,,,,,340.85,885.72,
2024-04-11 16:00:00,19.89,41.44,8.41,33.54,41.83,15.41,11.29,0.75,41.38,0.66,1.58,,,,0.32,,21.56,,,,,151.58,890.33,
2024-04-11 17:00:00,18.39,38.32,4.75,26.11,30.64,11.75,10.3,0.78,35.22,0.67,1.57,,,,0.3,,23.05,,,,,10.48,893.5,
2024-04-11 18:00:00,18.24,38.01,5.12,25.26,30.0,12.12,9.14,0.8,36.12,0.67,1.58,,,,0.31,,24.8,,,,,9.89,897.26,
2024-04-11 19:00:00,20.1,41.88,5.14,25.99,30.91,12.14,8.81,0.75,26.64,0.66,1.59,,,,0.31,,27.26,,,,,9.89,902.61,
2024-04-11 20:00:00,21.19,44.14,5.06,27.2,32.05,12.06,10.14,0.68,19.99,0.68,1.59,,,,0.31,,33.62,,,,,9.89,916.43,
2024-04-11 21:00:00,22.58,47.04,4.47,28.09,32.5,11.47,9.25,0.64,23.3,0.66,1.55,,,,0.32,,43.5,,,,,9.89,937.86,
2024-04-11 22:00:00,25.7,53.55,5.0,26.7,31.56,12.0,8.68,0.61,22.26,0.68,1.57,,,,0.31,,49.27,,,,,9.89,950.4,
2024-04-11 23:00:00,24.62,51.3,6.05,29.58,35.62,13.06,11.03,0.6,24.08,0.67,1.56,,,,0.31,,53.72,,,,,9.89,960.12,
2024-04-12 00:00:00,21.96,45.75,6.66,31.37,38.02,13.66,11.0,0.56,21.0,0.66,1.58,,,,0.32,,65.83,,,,,9.89,986.36,
2024-04-12 01:00:00,21.71,45.24,6.12,30.55,36.67,13.12,9.74,0.55,16.72,0.67,1.58,,,,0.31,,77.2,,,,,9.89,1011.21,
2024-04-12 02:00:00,19.58,40.78,4.9,25.8,30.7,11.89,7.33,0.52,16.83,0.66,1.58,,,,0.31,,80.05,,,,,9.89,1017.58,
2024-04-12 03:00:00,16.97,35.34,5.4,27.36,32.75,12.4,7.88,0.53,14.18,0.66,1.55,,,,0.31,,79.23,,,,,9.89,1015.91,
2024-04-12 04:00:00,14.24,29.67,8.26,32.64,40.9,15.25,9.05,0.57,15.16,0.67,1.56,,,,0.31,,77.94,,,,,9.89,1013.21,
2024-04-12 05:00:00,14.34,29.86,5.46,26.86,32.33,12.46,9.53,0.57,16.95,0.67,1.58,,,,0.31,,76.83,,,,,9.89,1010.96,
2024-04-12 06:00:00,12.93,26.94,6.03,30.67,36.69,13.03,9.73,0.57,16.83,0.68,1.56,,,,0.32,,77.14,,,,,9.89,1011.69,
2024-04-12 07:00:00,12.55,26.16,6.38,31.6,37.96,13.38,10.62,0.54,15.0,0.67,1.56,,,,0.31,,75.41,,,,,13.02,1008.03,
2024-04-12 08:00:00,14.82,30.88,6.82,31.47,38.29,13.82,10.84,0.52,11.86,0.67,1.57,,,,0.31,,71.61,,,,,48.07,999.71,
2024-04-12 09:00:00,14.76,30.75,6.91,32.91,39.83,13.91,9.83,0.5,12.98,0.68,1.58,,,,0.31,,63.76,,,,,90.83,982.52,
2024-04-12 10:00:00,14.4,30.01,6.18,31.03,37.22,13.18,8.74,0.53,18.38,0.67,1.57,,,,0.31,,55.98,,,,,317.26,965.52,
2024-04-12 11:00:00,16.35,34.06,6.48,30.53,36.98,13.48,9.52,0.57,24.71,0.66,1.58,,,,0.31,,46.86,,,,,356.55,945.68,
2024-04-12 12:00:00,16.76,34.9,7.68,30.21,37.89,14.68,9.55,0.64,22.43,0.67,1.58,,,,0.31,,42.12,,,,,490.8,935.23,
2024-04-12 13:00:00,16.86,35.12,9.91,35.98,45.89,16.91,10.81,0.66,27.98,0.68,1.6,,,,0.31,,36.84,,,,,400.17,923.71,
2024-04-12 14:00:00,19.92,41.5,7.9,33.37,41.27,14.9,8.0,0.68,37.04,0.66,1.57,,,,0.32,,33.58,,,,,353.26,916.52,
2024-04-12 15:00:00,20.46,42.62,8.43,35.97,44.35,15.42,9.14,0.7,30.38,0.68,1.56,,,,0.32,,31.3,,,,,297.76,911.44,
2024-04-12 16:00:00,18.03,37.56,6.73,32.13,38.86,13.73,11.39,0.72,14.41,0.66,1.58,,,,0.31,,30.34,,,,,116.54,909.26,
2024-04-12 17:00:00,19.96,41.59,6.87,31.86,38.63,13.88,11.5,0.77,14.28,0.67,1.58,,,,0.31,,30.13,,,,,14.74,908.82,
2024-04-12 18:00:00,21.92,45.66,5.0,26.58,31.5,12.01,10.12,0.78,22.68,0.67,1.57,,,,0.31,,32.14,,,,,9.89,913.18,
2024-04-12 19:00:00,20.42,42.54,5.79,28.62,34.23,12.78,8.86,0.76,33.35,0.68,1.58,,,,0.3,,35.31,,,,,9.89,920.08,
2024-04-12 20:00:00,21.99,45.82,5.54,26.01,31.25,12.58,10.28,0.64,22.88,0.67,1.56,,,,0.3,,41.29,,,,,9.89,933.08,
2024-04-12 21:00:00,23.19,48.33,3.31,23.99,27.11,10.31,10.31,0.62,23.56,0.66,1.57,,,,0.31,,45.99,,,,,9.89,943.34,
2024-04-12 22:00:00,21.83,45.48,5.68,27.12,32.72,12.68,9.65,0.56,15.93,0.66,1.58,,,,0.3,,58.21,,,,,9.89,969.8,
2024-04-12 23:00:00,20.7,43.13,5.15,29.31,34.33,12.15,9.82,0.51,13.3,0.66,1.58,,,,0.31,,72.98,,,,,9.89,1001.88,
2024-04-13 00:00:00,16.52,34.42,6.02,30.5,36.52,13.02,9.16,0.48,10.7,0.68,1.56,,,,0.3,,76.78,,,,,9.89,1010.29,
2024-04-13 01:00:00,13.98,29.13,6.53,29.03,35.55,13.53,9.37,0.45,10.44,0.68,1.58,,,,0.3,,77.92,,,,,9.89,1012.95,
2024-04-13 02:00:00,14.66,30.54,6.58,30.22,36.77,13.58,9.78,0.47,13.08,0.66,1.56,,,,0.32,,77.28,,,,,9.89,1011.73,
2024-04-13 03:00:00,13.92,29.01,5.12,27.34,32.45,12.12,10.14,0.48,11.02,0.66,1.57,,,,0.32,,77.64,,,,,9.89,1012.67,
2024-04-13 04:00:00,12.55,26.14,5.93,30.52,36.46,12.94,10.03,0.6,13.4,0.66,1.56,,,,0.31,,78.9,,,,,9.89,1015.54,
2024-04-13 05:00:00,10.14,21.12,4.96,28.39,33.34,11.96,9.87,0.58,10.88,0.67,1.56,,,,0.32,,82.8,,,,,9.89,1024.17,
2024-04-13 06:00:00,9.55,19.9,5.36,27.36,32.72,12.37,8.79,0.51,10.44,0.67,1.56,,,,0.3,,84.76,,,,,9.89,1028.57,
2024-04-13 07:00:00,13.79,28.74,4.28,27.42,31.7,11.28,8.62,0.5,9.66,0.67,1.58,,,,0.31,,75.2,,,,,9.89,1007.77,
2024-04-13 08:00:00,14.51,30.23,5.75,29.51,35.26,12.74,8.36,0.5,12.04,0.67,1.58,,,,0.3,,68.28,,,,,21.36,992.64,
2024-04-13 09:00:00,14.71,30.64,5.9,27.3,33.2,12.9,9.82,0.53,14.17,0.66,1.58,,,,0.32,,61.14,,,,,138.43,977.03,
2024-04-13 10:00:00,16.45,34.28,7.36,28.94,36.3,14.37,10.24,0.53,18.84,0.68,1.57,,,,0.31,,51.94,,,,,423.98,956.96,
2024-04-13 11:00:00,19.04,39.67,6.4,31.34,37.73,13.4,10.27,0.6,34.0,0.68,1.56,,,,0.32,,44.48,,,,,391.33,940.66,
2024-04-13 12:00:00,22.88,47.66,8.46,34.79,43.25,15.46,10.52,0.61,32.94,0.66,1.58,,,,0.31,,35.76,,,,,607.46,921.59,
2024-04-13 13:00:00,24.29,50.6,6.44,31.06,37.49,13.44,11.24,0.63,35.4,0.66,1.57,,,,0.31,,30.98,,,,,438.58,911.1,
2024-04-13 14:00:00,24.74,51.54,8.53,35.21,43.74,15.53,9.72,0.66,41.39,0.68,1.58,,,,0.3,,27.74,,,,,350.74,903.95,
2024-04-13 15:00:00,22.51,46.89,8.6,33.86,42.45,15.6,11.21,0.7,28.61,0.67,1.58,,,,0.3,,23.95,,,,,312.4,895.61,
2024-04-13 16:00:00,24.0,50.0,8.24,34.6,42.84,15.24,10.88,0.72,29.36,0.66,1.58,,,,0.31,,28.1,,,,,129.24,904.48,
2024-04-13 17:00:00,24.96,51.99,5.74,29.23,34.81,12.74,9.53,0.74,30.6,0.67,1.55,,,,0.3,,30.35,,,,,16.51,909.32,
2024-04-13 18:00:00,26.27,54.72,6.34,26.61,32.86,13.33,9.27,0.75,29.32,0.67,1.58,,,,0.32,,34.74,,,,,9.89,918.82,
2024-04-13 19:00:00,27.08,56.42,5.19,28.74,33.26,12.39,9.22,0.71,30.51,0.68,1.58,,,,0.3,,38.16,,,,,9.89,926.44,
2024-04-13 20:00:00,25.6,53.34,6.36,31.62,37.93,13.38,8.82,0.66,22.96,0.67,1.58,,,,0.3,,40.86,,,,,9.89,932.29,
2024-04-13 21:00:00,24.78,51.62,5.01,26.41,31.38,12.01,8.88,0.62,25.86,0.68,1.56,,,,0.31,,45.63,,,,,9.89,942.68,
2024-04-13 22:00:00,24.56,51.16,6.9,30.67,37.43,13.91,10.52,0.62,25.2,0.67,1.58,,,,0.32,,49.59,,,,,9.89,951.33,
2024-04-13 23:00:00,20.14,41.95,5.32,29.39,34.59,12.32,9.76,0.59,28.38,0.67,1.55,,,,0.3,,53.06,,,,,9.89,958.85,
2024-04-14 00:00:00,19.12,39.83,6.48,29.24,35.73,13.48,8.1,0.56,26.49,0.66,1.56,,,,0.3,,54.31,,,,,9.89,961.66,
2024-04-14 01:00:00,19.66,40.96,7.2,30.64,37.84,14.19,9.89,0.55,29.39,0.66,1.57,,,,0.31,,56.23,,,,,9.89,965.92,
2024-04-14 02:00:00,16.23,33.8,6.48,29.35,35.82,13.48,9.07,0.55,25.85,0.68,1.54,,,,0.31,,58.84,,,,,9.89,971.67,
2024-04-14 03:00:00,15.03,31.31,6.1,30.1,36.18,13.1,9.08,0.55,34.41,0.68,1.58,,,,0.31,,59.27,,,,,9.89,972.68,
2024-04-14 04:00:00,15.7,32.72,5.94,28.65,34.59,12.94,9.66,0.62,31.51,0.68,1.58,,,,0.3,,61.86,,,,,9.89,978.5,
2024-04-14 05:00:00,14.37,29.94,6.74,29.38,36.12,13.74,9.23,0.56,23.08,0.66,1.56,,,,0.31,,63.34,,,,,9.89,981.7,
2024-04-14 06:00:00,16.66,34.69,6.9,29.24,36.14,13.9,9.72,0.5,29.7,0.67,1.57,,,,0.3,,61.58,,,,,9.89,978.05,
2024-04-14 07:00:00,17.9,37.28,6.64,29.22,35.85,13.64,9.02,0.51,34.82,0.68,1.58,,,,0.31,,57.68,,,,,9.89,969.59,
2024-04-14 08:00:00,16.37,34.1,6.63,31.9,38.54,13.63,8.91,0.5,38.17,0.67,1.58,,,,0.3,,49.51,,,,,12.2,951.96,
2024-04-14 09:00:00,15.4,32.08,6.15,29.75,35.9,13.15,10.75,0.5,46.23,0.66,1.55,,,,0.32,,42.12,,,,,179.33,935.96,
2024-04-14 10:00:00,16.64,34.67,6.73,29.17,35.9,13.72,9.84,0.51,42.87,0.67,1.56,,,,0.31,,35.02,,,,,519.43,920.39,
2024-04-14 11:00:00,16.63,34.65,7.92,33.93,41.85,14.92,11.12,0.57,50.12,0.67,1.56,,,,0.3,,30.39,,,,,437.34,910.15,
2024-04-14 12:00:00,20.34,42.39,8.59,35.13,43.72,15.6,11.36,0.66,51.31,0.67,1.56,,,,0.3,,26.6,,,,,577.16,901.69,
2024-04-14 13:00:00,18.24,37.99,9.8,35.29,45.08,16.8,10.03,0.69,51.52,0.68,1.57,,,,0.31,,22.57,,,,,421.26,892.82,
2024-04-14 14:00:00,15.77,32.85,8.76,36.43,45.17,15.75,10.06,0.71,48.12,0.66,1.56,,,,0.32,,21.34,,,,,434.98,889.96,
2024-04-14 15:00:00,15.21,31.68,8.57,36.88,45.46,15.58,9.47,0.71,38.49,0.66,1.58,,,,0.31,,21.42,,,,,310.82,890.0,
2024-04-14 16:00:00,15.23,31.72,7.39,30.5,37.85,14.39,8.52,0.72,47.7,0.66,1.57,,,,0.31,,21.95,,,,,126.06,891.14,
2024-04-14 17:00:00,15.5,32.28,6.12,27.24,33.11,13.12,9.09,0.74,48.61,0.67,1.55,,,,0.32,,22.52,,,,,12.96,892.31,
2024-04-14 18:00:00,15.07,31.4,5.78,27.96,33.69,12.78,8.83,0.75,53.06,0.67,1.58,,,,0.31,,23.82,,,,,9.89,895.18,
2024-04-14 19:00:00,16.5,34.36,4.16,22.34,26.42,11.16,8.16,0.71,51.83,0.66,1.58,,,,0.3,,28.06,,,,,9.89,904.44,
2024-04-14 20:00:00,18.94,39.46,6.47,30.09,36.55,13.47,7.67,0.64,51.86,0.68,1.58,,,,0.3,,35.2,,,,,9.89,919.96,
2024-04-14 21:00:00,21.2,44.17,6.58,29.08,35.63,13.58,8.71,0.64,43.53,0.68,1.56,,,,0.31,,40.5,,,,,9.89,931.54,
2024-04-14 22:00:00,23.24,48.43,6.6,30.08,36.66,13.6,8.82,0.6,40.13,0.68,1.56,,,,0.31,,45.42,,,,,9.89,942.28,
2024-04-14 23:00:00,22.14,46.13,5.82,25.18,31.0,12.82,8.98,0.59,31.85,0.67,1.56,,,,0.3,,51.06,,,,,9.89,954.52,
2024-04-15 00:00:00,21.74,45.28,6.64,29.68,36.3,13.64,9.3,0.47,31.85,0.66,1.56,,,,0.31,,54.78,,,,,9.89,962.66,
2024-04-15 01:00:00,19.27,40.16,5.07,29.57,34.53,12.06,10.09,0.47,41.19,0.66,1.56,,,,0.31,,55.91,,,,,9.89,965.24,
2024-04-15 02:00:00,19.14,39.88,7.88,35.44,43.32,14.88,9.57,0.51,40.5,0.67,1.56,,,,0.3,,54.05,,,,,9.89,961.34,
2024-04-15 03:00:00,19.05,39.69,5.46,27.08,32.4,12.47,12.04,0.53,37.98,0.68,1.57,,,,0.31,,56.06,,,,,9.89,965.8,
2024-04-15 04:00:00,17.29,36.01,5.64,28.02,33.64,12.63,10.31,0.61,29.78,0.66,1.58,,,,0.3,,57.08,,,,,9.89,968.12,
2024-04-15 05:00:00,13.47,28.06,7.21,30.37,37.58,14.21,9.0,0.55,22.25,0.66,1.58,,,,0.32,,58.16,,,,,9.89,970.57,
2024-04-15 06:00:00,13.48,28.08,5.68,29.02,34.7,12.68,8.74,0.49,19.74,0.66,1.6,,,,0.31,,58.87,,,,,9.89,972.25,
2024-04-15 07:00:00,13.98,29.13,5.9,28.12,34.02,12.9,9.57,0.49,20.06,0.68,1.58,,,,0.31,,55.35,,,,,9.89,964.7,
2024-04-15 08:00:00,14.62,30.48,5.31,28.19,33.5,12.31,9.91,0.5,18.82,0.67,1.57,,,,0.31,,44.43,,,,,10.26,941.09,
2024-04-15 09:00:00,14.18,29.56,6.0,27.97,33.96,13.0,11.33,0.39,32.08,0.68,1.56,,,,0.31,,35.94,,,,,175.15,922.62,
2024-04-15 10:00:00,17.11,35.65,10.53,39.96,50.48,17.53,9.53,0.4,44.75,0.68,1.58,,,,0.32,,29.3,,,,,569.54,908.48,
2024-04-15 11:00:00,15.22,31.7,5.24,27.42,32.66,12.24,9.7,0.66,50.09,0.66,1.58,,,,0.32,,25.54,,,,,432.54,899.76,
2024-04-15 12:00:00,15.41,32.1,5.86,29.85,35.67,12.86,8.95,0.57,56.5,0.67,1.58,,,,0.31,,23.08,,,,,609.65,889.36,
2024-04-15 13:00:00,17.77,37.01,7.21,31.41,38.56,14.21,9.29,0.47,44.9,0.67,1.56,,,,0.32,,21.48,,,,,520.74,883.11,
2024-04-15 14:00:00,19.11,39.8,10.72,39.7,50.42,17.72,10.32,0.54,45.28,0.67,1.57,,,,0.31,,19.0,,,,,463.15,874.07,
2024-04-15 15:00:00,19.51,40.64,9.33,36.36,45.69,16.33,10.4,0.6,44.75,0.67,1.57,,,,0.32,,19.16,,,,,328.29,874.22,
2024-04-15 16:00:00,20.12,41.9,8.18,31.36,39.43,15.18,10.08,0.75,43.95,0.66,1.57,,,,0.32,,20.89,,,,,114.22,879.84,
2024-04-15 17:00:00,26.1,54.36,7.02,29.58,36.45,14.03,8.83,0.72,46.04,0.67,1.59,,,,0.31,,22.12,,,,,11.34,883.92,
2024-04-15 18:00:00,28.35,59.06,6.04,27.32,33.16,13.04,9.07,0.74,47.49,0.67,1.58,,,,0.31,,22.29,,,,,9.89,884.48,
2024-04-15 19:00:00,27.75,57.81,4.75,24.79,29.4,11.76,8.21,0.68,26.49,0.68,1.58,,,,0.32,,33.35,,,,,9.89,921.82,
2024-04-15 20:00:00,26.71,55.64,6.45,29.55,35.52,13.26,8.11,0.68,26.53,0.67,1.55,,,,0.3,,37.81,,,,,9.89,937.34,
2024-04-15 21:00:00,24.3,50.62,5.92,30.9,36.71,12.92,8.14,0.66,28.77,0.66,1.57,,,,0.3,,40.85,,,,,9.89,947.4,
2024-04-15 22:00:00,21.8,45.43,5.76,30.04,35.81,12.76,8.87,0.62,33.12,0.66,1.56,,,,0.3,,44.94,,,,,9.89,961.37,
2024-04-15 23:00:00,21.52,44.82,5.11,28.16,33.15,12.11,9.6,0.6,26.4,0.67,1.59,,,,0.31,,51.79,,,,,9.89,984.59,
2024-04-16 00:00:00,21.77,45.36,4.7,24.68,29.38,11.7,8.41,0.57,27.68,0.66,1.56,,,,0.31,,59.2,,,,,9.89,1009.68,
2024-04-16 01:00:00,19.8,41.25,6.21,27.74,33.95,13.21,9.07,0.56,25.59,0.67,1.58,,,,0.31,,63.44,,,,,9.89,1024.24,
2024-04-16 02:00:00,15.68,32.67,5.95,30.46,36.42,12.95,9.83,0.54,31.62,0.67,1.58,,,,0.3,,55.56,,,,,9.89,997.8,
2024-04-16 03:00:00,13.76,28.66,5.78,29.18,34.96,12.78,9.17,0.55,35.68,0.67,1.56,,,,0.3,,54.45,,,,,9.89,994.28,
2024-04-16 04:00:00,11.26,23.47,6.06,29.97,36.03,13.06,8.74,0.63,40.2,0.68,1.56,,,,0.3,,48.43,,,,,9.89,974.13,
2024-04-16 05:00:00,11.68,24.35,5.54,29.21,34.68,12.55,9.23,0.6,30.86,0.66,1.56,,,,0.31,,52.68,,,,,9.89,988.76,
2024-04-16 06:00:00,16.92,35.25,5.78,28.78,34.56,12.78,9.88,0.54,16.32,0.68,1.56,,,,0.3,,58.87,,,,,9.89,1009.84,
2024-04-16 07:00:00,23.98,49.94,6.79,28.05,34.84,13.8,8.88,0.54,34.4,0.68,1.59,,,,0.31,,46.5,,,,,9.89,968.02,
2024-04-16 08:00:00,24.31,50.64,6.64,31.54,38.17,13.65,8.86,0.54,29.61,0.68,1.58,,,,0.31,,36.68,,,,,11.08,934.72,
2024-04-16 09:00:00,22.63,47.14,7.21,31.7,38.9,14.2,9.21,0.57,36.45,0.68,1.6,,,,0.3,,32.33,,,,,177.73,919.86,
2024-04-16 10:00:00,22.09,46.01,8.68,34.44,43.11,15.68,9.18,0.68,60.64,0.67,1.55,,,,0.3,,22.52,,,,,489.44,886.34,
2024-04-16 11:00:00,22.11,46.06,8.56,34.45,42.95,15.56,9.3,0.64,83.42,0.66,1.58,,,,0.3,,18.26,,,,,388.37,872.16,
2024-04-16 12:00:00,19.31,40.22,6.96,31.5,38.45,13.95,7.29,0.64,73.61,0.66,1.58,,,,0.31,,14.99,,,,,600.57,855.78,
2024-04-16 13:00:00,17.77,37.01,6.54,28.86,35.39,13.54,9.12,0.7,71.76,0.67,1.58,,,,0.31,,15.04,,,,,464.08,901.87,
2024-04-16 14:00:00,19.02,41.03,7.44,34.62,42.06,14.44,9.74,0.62,73.08,0.67,1.58,,,,0.31,,14.52,,,,,449.81,901.64,
2024-04-16 15:00:00,32.75,69.64,8.48,34.68,43.16,15.48,0.75,0.58,,0.67,1.58,,,,0.3,,14.53,,,,,320.69,901.5,
2024-04-16 16:00:00,39.64,83.99,8.08,32.55,40.6,15.08,0.4,0.73,,0.66,1.61,,,,0.31,,15.7,,,,,128.42,901.49,
2024-04-16 17:00:00,44.62,94.38,32.51,87.21,119.18,39.51,2.03,0.64,62.45,6.16,22.44,,,,8.95,,16.51,,,,,11.84,901.62,
2024-04-16 18:00:00,43.04,91.08,,,,,,,,0.0,0.0,,,,,,20.43,,,,,9.89,901.85,
2024-04-16 19:00:00,42.16,89.25,,,,,,,,1.9,40.26,,,,6.77,,22.06,,,,,9.89,901.97,
2024-04-16 20:00:00,50.74,107.12,,,,,,,,2.57,60.33,,,,7.77,,23.9,,,,,9.89,902.16,
2024-04-16 21:00:00,50.74,107.13,,,,,,,,2.42,80.06,,,,8.17,,27.11,,,,,9.89,902.28,
2024-04-16 22:00:00,47.62,100.64,,,,,,,,2.22,85.8,,,,7.43,,34.2,,,,,9.89,902.32,
2024-04-16 23:00:00,45.6,96.41,,,,,,,,2.04,99.24,,,,7.38,,38.54,,,,,9.89,902.25,
2024-04-17 00:00:00,47.35,100.06,,,,,,,,1.79,97.33,,,,6.49,,40.0,,,,,9.89,902.11,
2024-04-17 01:00:00,44.82,94.8,,,,,,,,1.58,90.85,,,,5.68,,41.98,,,,,9.89,902.03,
2024-04-17 02:00:00,42.5,89.96,,,,,,,,1.46,78.94,,,,4.73,,43.74,,,,,9.89,901.92,
2024-04-17 03:00:00,39.64,84.02,,,,,,,,1.1,73.84,,,,4.25,,45.55,,,,,9.89,901.86,
2024-04-17 04:00:00,39.28,83.26,,,,,,,,0.96,69.73,,,,3.81,,52.6,,,,,9.89,901.9,
2024-04-17 05:00:00,38.41,81.44,,,,,,,,0.92,67.62,,,,3.8,,64.67,,,,,9.89,901.98,
2024-04-17 06:00:00,39.58,83.87,,,,,,,,1.22,60.88,,,,3.7,,76.44,,,,,9.89,902.12,
2024-04-17 07:00:00,39.22,83.12,,,,,,,,1.63,51.68,,,,3.12,,85.28,,,,,16.96,902.31,
2024-04-17 08:00:00,39.25,83.19,,,,,,,,1.78,46.7,,,,2.62,,76.56,,,,,38.69,902.5,
2024-04-17 09:00:00,40.74,86.3,,,,,,,,1.93,42.7,,,,2.44,,61.94,,,,,184.25,902.56,
2024-04-17 10:00:00,41.12,87.1,,,,,,,,1.57,39.95,,,,2.46,,52.3,,,,,260.1,902.5,
2024-04-17 11:00:00,40.63,86.07,7.63,33.77,41.4,14.63,8.06,0.6,14.24,1.5,47.59,,,,3.91,,45.85,,,,,203.34,902.39,
2024-04-17 12:00:00,44.0,93.08,9.66,41.5,39.48,16.66,8.12,0.58,38.02,1.53,65.28,,,,39.71,,39.87,,,,,276.1,902.12,
2024-04-17 13:00:00,40.5,85.8,10.28,3.06,10.18,17.27,7.01,0.62,39.06,2.83,57.97,,,,44.86,,33.31,,,,,311.23,901.82,
2024-04-17 14:00:00,37.47,79.49,8.11,2.37,7.45,15.11,9.09,0.63,31.31,2.85,75.97,,,,19.32,,28.86,,,,,343.48,901.66,
2024-04-17 15:00:00,41.63,88.16,10.48,3.18,12.38,17.48,8.7,0.62,27.16,3.49,117.86,,,,36.26,,27.1,,,,,230.83,901.53,
2024-04-17 16:00:00,42.92,90.83,10.29,2.86,11.4,17.28,5.64,0.67,57.61,2.51,84.22,,,,90.4,,28.16,,,,,56.1,901.45,
2024-04-17 17:00:00,46.06,97.39,8.95,1.61,7.01,15.96,3.24,0.78,43.32,4.75,126.44,,,,50.76,,29.36,,,,,15.84,901.46,
2024-04-17 18:00:00,52.25,110.28,10.32,1.72,9.59,17.32,7.34,0.76,42.69,3.25,74.81,,,,42.35,,29.54,,,,,9.89,901.6,
2024-04-17 19:00:00,52.33,110.44,9.21,1.19,7.12,16.21,9.5,0.84,24.12,14.63,66.83,,,,44.79,,30.5,,,,,9.89,901.81,
2024-04-17 20:00:00,55.86,117.8,10.09,1.51,10.48,17.09,7.0,0.92,18.14,4.85,45.3,,,,24.54,,32.34,,,,,9.89,901.96,
2024-04-17 21:00:00,56.72,119.58,10.58,1.94,11.31,17.58,7.32,0.9,14.48,4.69,40.13,,,,17.38,,33.06,,,,,9.89,902.11,
2024-04-17 22:00:00,55.8,117.67,10.73,2.4,12.21,17.73,7.98,0.8,22.22,1.84,26.9,,,,11.39,,30.39,,,,,9.9,902.16,
2024-04-17 23:00:00,50.03,105.65,10.91,2.81,12.59,17.91,8.39,0.79,16.86,1.66,25.53,,,,10.05,,32.25,,,,,9.89,902.14,
2024-04-18 00:00:00,52.82,111.46,9.73,2.11,10.24,16.73,7.33,0.74,14.81,2.27,56.33,,,,27.69,,50.85,,,,,9.89,902.14,
2024-04-18 01:00:00,72.87,153.24,10.27,1.26,10.4,17.27,7.72,0.66,13.41,1.78,39.37,,,,18.75,,67.47,,,,,9.89,902.01,
2024-04-18 02:00:00,81.66,171.56,10.38,1.11,10.72,17.38,7.32,0.64,13.34,1.48,32.54,,,,16.2,,74.64,,,,,9.89,901.87,
2024-04-18 03:00:00,63.79,134.32,11.59,4.63,15.46,18.59,9.24,0.62,10.84,1.19,29.9,,,,12.64,,80.77,,,,,9.89,901.79,
2024-04-18 04:00:00,39.18,83.03,14.3,9.56,23.73,21.3,8.42,0.65,11.09,1.27,33.91,,,,13.44,,88.35,,,,,9.89,901.81,
2024-04-18 05:00:00,26.16,55.92,12.01,8.33,20.02,19.02,5.91,0.63,12.02,1.16,35.01,,,,12.95,,94.29,,,,,9.89,901.86,
2024-04-18 06:00:00,20.46,44.06,13.24,10.4,23.16,20.24,7.72,0.72,10.48,1.38,38.87,,,,12.64,,96.3,,,,,9.89,902.0,
2024-04-18 07:00:00,17.87,38.65,10.89,5.75,13.5,17.88,10.49,0.88,10.6,1.68,48.81,,,,17.81,,92.01,,,,,11.43,902.17,
2024-04-18 08:00:00,16.65,36.1,13.24,9.24,21.33,20.25,10.2,0.92,10.81,1.56,62.14,,,,19.53,,75.03,,,,,36.39,902.3,
2024-04-18 09:00:00,16.05,34.85,15.99,13.68,28.81,22.98,8.36,0.98,10.69,1.5,64.62,,,,16.24,,59.96,,,,,204.09,902.37,
2024-04-18 10:00:00,15.96,34.66,15.32,15.37,29.85,22.32,7.75,0.99,12.46,1.69,87.38,,,,20.77,,47.16,,,,,456.48,902.29,
2024-04-18 11:00:00,18.74,40.46,20.41,23.19,43.07,27.39,9.95,0.91,14.28,1.63,97.18,,,,21.18,,37.6,,,,,382.87,902.14,
2024-04-18 12:00:00,27.82,59.38,126.27,30.73,53.7,133.27,13.9,0.76,20.9,,,,,,,,34.7,,,,,321.48,901.92,
2024-04-18 13:00:00,35.54,75.45,336.88,,,343.88,13.96,0.83,27.27,0.0,0.0,,,,,,32.58,,,,,205.06,901.63,
2024-04-18 14:00:00,39.38,83.46,381.08,,,388.08,10.54,0.88,43.75,,,,,,,,27.94,,,,,238.69,901.33,
2024-04-18 15:00:00,45.6,96.41,,,,,7.94,0.84,30.23,,,,,,,,21.97,,,,,265.85,901.12,
2024-04-18 16:00:00,48.05,101.53,,,,,9.2,0.83,14.87,,,,,,,,19.86,,,,,106.39,900.99,
2024-04-18 17:00:00,50.82,107.29,,,,,10.36,0.94,10.57,,,,,,,,21.17,,,,,11.46,901.01,
2024-04-18 18:00:00,52.26,110.28,,,,,9.88,1.0,9.96,,,,,,,,25.84,,,,,9.89,901.16,
2024-04-18 19:00:00,51.98,109.7,,,,,8.09,0.96,10.42,,,,,,,,29.24,,,,,9.89,901.52,
2024-04-18 20:00:00,52.3,110.38,,,,,8.84,0.81,10.06,,,,,,,,32.3,,,,,9.89,901.73,
2024-04-18 21:00:00,52.28,110.35,,,,,7.93,0.78,10.44,,,,,,,,37.38,,,,,9.89,901.88,
2024-04-18 22:00:00,56.17,118.44,,,,,3.75,0.73,14.92,,,,,,,,43.38,,,,,9.89,901.99,
2024-04-18 23:00:00,55.42,116.88,,,,,5.64,0.67,18.03,,,,,,,,55.43,,,,,9.89,901.95,
2024-04-19 00:00:00,52.8,111.43,,,,,6.68,0.67,16.81,,,,,,,,60.98,,,,,9.89,901.88,
2024-04-19 01:00:00,46.54,98.38,,,,,7.89,0.65,14.66,,,,,,,,66.24,,,,,9.89,901.77,
2024-04-19 02:00:00,40.05,84.85,,,,,7.02,0.61,11.48,,,,,,,,71.14,,,,,9.89,901.68,
2024-04-19 03:00:00,38.04,80.67,,,,,7.05,0.62,11.96,,,,,,,,78.96,,,,,9.89,901.57,
2024-04-19 04:00:00,37.18,78.88,,,,,7.78,0.69,11.52,,,,,,,,92.69,,,,,9.89,901.55,
2024-04-19 05:00:00,35.02,74.38,,,,,6.9,0.68,10.08,,,,,,,,94.18,,,,,9.89,901.58,
2024-04-19 06:00:00,32.66,69.47,,,,,6.52,0.66,9.41,,,,,,,,98.74,,,,,9.89,901.72,
2024-04-19 07:00:00,34.34,72.97,,,,,7.16,0.65,8.84,,,,,,,,99.32,,,,,18.96,901.95,
2024-04-19 08:00:00,36.14,76.72,,,,,8.38,0.67,9.59,,,,,,,,94.1,,,,,42.21,902.07,
2024-04-19 09:00:00,36.3,77.04,,,,,7.11,0.69,11.27,,,,,,,,77.81,,,,,210.0,902.08,
2024-04-19 10:00:00,39.75,84.23,,,,,6.65,0.7,12.86,,,,,,,,59.67,,,,,456.11,902.01,
2024-04-19 11:00:00,42.84,90.67,193.39,443.3,0.0,103.7,4.15,0.72,21.71,,,,,,,,45.05,,,,,393.02,901.82,
2024-04-19 12:00:00,42.83,90.65,1.42,8.58,9.13,8.42,4.04,0.68,24.79,0.44,27.63,,,,12.47,,37.73,,,,,389.27,901.57,
2024-04-19 13:00:00,40.2,85.18,1.44,4.06,3.24,8.44,8.88,0.54,93.74,1.41,47.95,,,,8.48,,35.36,,,,,225.13,901.27,
2024-04-19 14:00:00,39.1,82.88,9.7,19.87,23.6,16.7,9.52,0.62,108.7,1.58,43.54,,,,18.66,,34.09,,,,,246.32,901.0,
2024-04-19 15:00:00,41.46,87.78,14.46,33.03,41.5,21.48,9.7,0.63,104.16,0.84,18.09,,,,8.18,,30.74,,,,,250.32,900.8,
2024-04-19 16:00:00,,,,,,,,,,,,,,,,,,,,,,,,
2024-04-19 17:00:00,,,,,,,,,,,,,,,,,,,,,,,,
2024-04-19 18:00:00,,,,,,,,,,,,,,,,,,,,,,,,
2024-04-19 19:00:00,,,,,,,,,,,,,,,,,,,,,,,,
2024-04-19 20:00:00,,,,,,,,,,,,,,,,,,,,,,,,
2024-04-19 21:00:00,,,,,,,,,,,,,,,,,,,,,,,,
2024-04-19 22:00:00,,,,,,,,,,,,,,,,,,,,,,,,
2024-04-19 23:00:00,,,,,,,,,,,,,,,,,,,,,,,,
2024-04-20 00:00:00,,,,,,,,,,,,,,,,,,,,,,,,
2024-04-20 01:00:00,,,,,,,,,,,,,,,,,,,,,,,,
2024-04-20 02:00:00,,,,,,,,,,,,,,,,,,,,,,,,
2024-04-20 03:00:00,,,,,,,,,,,,,,,,,,,,,,,,
2024-04-20 04:00:00,,,,,,,,,,,,,,,,,,,,,,,,
2024-04-20 05:00:00,,,,,,,,,,,,,,,,,,,,,,,,
2024-04-20 06:00:00,,,,,,,,,,,,,,,,,,,,,,,,
2024-04-20 07:00:00,,,,,,,,,,,,,,,,,,,,,,,,
2024-04-20 08:00:00,,,,,,,,,,,,,,,,,,,,,,,,
2024-04-20 09:00:00,,,,,,,,,,,,,,,,,,,,,,,,
2024-04-20 10:00:00,,,,,,,,,,,,,,,,,,,,,,,,
2024-04-20 11:00:00,,,,,,,,,,,,,,,,,,,,,,,,
2024-04-20 12:00:00,,,,,,,,,,,,,,,,,,,,,,,,
2024-04-20 13:00:00,,,,,,,,,,,,,,,,,,,,,,,,
2024-04-20 14:00:00,,,,,,,,,,,,,,,,,,,,,,,,
2024-04-20 15:00:00,,,,,,,,,,,,,,,,,,,,,,,,
2024-04-20 16:00:00,,,,,,,,,,,,,,,,,,,,,,,,
2024-04-20 17:00:00,,,,,,,,,,,,,,,,,,,,,,,,
2024-04-20 18:00:00,,,,,,,,,,,,,,,,,,,,,,,,
2024-04-20 19:00:00,,,,,,,,,,,,,,,,,,,,,,,,
2024-04-20 20:00:00,,,,,,,,,,,,,,,,,,,,,,,,
2024-04-20 21:00:00,,,,,,,,,,,,,,,,,,,,,,,,
2024-04-20 22:00:00,,,,,,,,,,,,,,,,,,,,,,,,
2024-04-20 23:00:00,,,,,,,,,,,,,,,,,,,,,,,,
2024-04-21 00:00:00,,,,,,,,,,,,,,,,,,,,,,,,
2024-04-21 01:00:00,,,,,,,,,,,,,,,,,,,,,,,,
2024-04-21 02:00:00,,,,,,,,,,,,,,,,,,,,,,,,
2024-04-21 03:00:00,,,,,,,,,,,,,,,,,,,,,,,,
2024-04-21 04:00:00,,,,,,,,,,,,,,,,,,,,,,,,
2024-04-21 05:00:00,,,,,,,,,,,,,,,,,,,,,,,,
2024-04-21 06:00:00,,,,,,,,,,,,,,,,,,,,,,,,
2024-04-21 07:00:00,,,,,,,,,,,,,,,,,,,,,,,,
2024-04-21 08:00:00,,,,,,,,,,,,,,,,,,,,,,,,
2024-04-21 09:00:00,,,,,,,,,,,,,,,,,,,,,,,,
2024-04-21 10:00:00,33.19,70.57,8.92,23.66,26.75,2.21,,0.72,74.47,0.0,1.58,,,,0.33,,,,,,,499.89,901.94,
2024-04-21 11:00:00,60.81,128.11,8.32,21.59,23.93,15.32,10.52,0.74,84.03,0.0,1.56,,,,0.31,,38.32,,,,,399.19,901.84,
2024-04-21 12:00:00,113.94,238.79,10.75,24.72,29.56,15.96,10.47,0.75,89.05,0.0,1.58,,,,0.31,,28.02,,,,,484.49,901.62,
2024-04-21 13:00:00,33.58,71.38,11.2,25.11,30.3,18.2,10.38,0.78,89.25,0.0,1.57,,,,0.31,,26.26,,,,,340.4,901.35,
2024-04-21 14:00:00,21.96,47.17,11.42,27.26,32.66,18.44,10.39,0.77,81.22,0.0,1.58,,,,0.31,,22.93,,,,,394.49,901.12,
2024-04-21 15:00:00,31.64,67.34,9.66,22.66,26.31,16.67,9.64,0.71,80.29,0.0,1.58,,,,0.31,,20.94,,,,,252.18,901.01,
2024-04-21 16:00:00,33.89,72.03,10.42,23.25,27.69,17.41,8.87,0.74,76.03,0.0,1.59,,,,0.31,,20.64,,,,,102.68,900.98,
2024-04-21 17:00:00,41.07,86.98,9.09,19.89,23.12,16.09,9.23,0.76,77.76,0.0,1.56,,,,0.3,,22.79,,,,,16.59,901.07,
2024-04-21 18:00:00,36.82,78.12,7.68,18.49,20.23,14.67,8.74,0.79,71.25,0.0,1.57,,,,0.31,,24.26,,,,,9.89,901.28,
2024-04-21 19:00:00,32.25,68.61,4.28,12.07,11.01,11.28,8.88,0.78,57.84,0.0,1.56,,,,0.31,,29.93,,,,,9.89,901.52,
2024-04-21 20:00:00,45.74,96.71,5.65,13.76,14.48,12.64,7.72,0.75,50.03,0.0,1.56,,,,0.3,,31.25,,,,,9.89,901.66,
2024-04-21 21:00:00,41.28,87.43,4.45,12.6,11.63,11.45,9.94,0.79,43.95,0.0,1.58,,,,0.32,,32.8,,,,,9.89,901.75,
2024-04-21 22:00:00,37.72,80.01,4.65,12.66,11.76,11.65,8.97,0.78,43.68,0.0,1.58,,,,0.31,,39.65,,,,,9.89,901.85,
2024-04-21 23:00:00,41.35,87.57,5.24,12.57,12.1,12.24,7.65,0.75,42.27,0.0,1.56,,,,0.32,,41.42,,,,,9.89,901.87,
2024-04-22 00:00:00,37.34,79.22,5.41,14.45,14.46,12.41,7.27,0.72,47.5,0.0,1.57,,,,0.3,,42.46,,,,,9.89,901.82,
2024-04-22 01:00:00,34.9,74.13,7.16,18.7,20.07,14.16,7.1,0.71,44.16,0.0,1.58,,,,0.31,,44.4,,,,,9.89,901.75,
2024-04-22 02:00:00,34.45,73.18,6.22,16.1,16.78,13.22,7.66,0.69,48.66,0.0,1.58,,,,0.31,,44.55,,,,,9.89,901.66,
2024-04-22 03:00:00,28.19,60.16,8.15,17.46,19.58,15.15,8.58,0.7,34.85,0.0,1.56,,,,0.31,,59.47,,,,,9.89,901.67,
2024-04-22 04:00:00,37.37,79.28,6.64,18.73,19.38,13.64,5.88,0.68,27.39,0.0,1.56,,,,0.31,,84.1,,,,,9.89,901.76,
2024-04-22 05:00:00,36.54,77.56,6.42,15.14,15.9,13.4,6.32,0.68,32.88,0.0,1.55,,,,0.3,,95.76,,,,,9.89,901.82,
2024-04-22 06:00:00,37.31,79.15,8.69,19.23,21.92,15.68,8.21,0.69,29.54,0.0,1.58,,,,0.31,,97.98,,,,,9.89,901.9,
2024-04-22 07:00:00,35.98,76.37,7.34,17.94,19.28,14.34,9.31,0.7,29.87,0.0,1.56,,,,0.3,,94.39,,,,,10.17,902.06,
2024-04-22 08:00:00,39.78,84.29,7.29,19.51,20.8,14.28,8.52,0.7,41.3,0.0,1.56,,,,0.31,,81.23,,,,,23.96,902.24,
2024-04-22 09:00:00,33.45,71.12,9.03,20.8,23.83,16.03,8.26,0.68,48.02,0.0,1.56,,,,0.31,,65.51,,,,,238.21,902.3,
2024-04-22 10:00:00,33.94,72.12,4.89,12.38,12.09,11.89,7.95,0.67,53.22,0.0,1.56,,,,0.32,,52.9,,,,,463.16,902.28,
2024-04-22 11:00:00,33.01,70.17,14.56,32.94,41.49,21.54,12.99,0.62,76.39,0.55,1.56,,,,0.31,,38.57,,,,,360.96,902.14,
2024-04-22 12:00:00,39.64,84.01,7.16,16.02,17.95,14.16,9.96,0.77,60.66,0.74,1.59,,,,0.31,,30.64,,,,,506.8,901.92,
2024-04-22 13:00:00,33.18,70.56,6.6,16.51,18.64,13.6,8.4,0.71,57.19,0.71,1.56,,,,0.32,,25.08,,,,,354.1,901.7,
2024-04-22 14:00:00,31.25,66.52,11.06,24.43,29.54,18.06,8.64,0.81,23.06,0.72,1.55,,,,0.31,,22.98,,,,,363.93,901.44,
2024-04-22 15:00:00,34.09,72.45,10.81,26.46,31.28,17.81,8.7,0.85,,0.72,1.55,,,,0.31,,21.03,,,,,286.9,901.24,
2024-04-22 16:00:00,32.75,69.65,10.84,25.0,30.26,17.84,5.95,1.0,,0.72,1.58,,,,0.3,,18.22,,,,,89.7,901.18,
2024-04-22 17:00:00,37.81,80.2,4.91,11.09,11.81,11.91,7.38,0.94,,0.73,1.57,,,,0.31,,16.52,,,,,11.61,901.22,
2024-04-22 18:00:00,38.89,82.44,5.97,14.96,15.28,12.97,9.25,0.94,,0.72,1.56,,,,0.31,,18.96,,,,,9.89,901.37,
2024-04-22 19:00:00,41.84,88.59,5.49,15.57,14.6,12.46,8.88,1.04,,0.74,1.58,,,,0.31,,22.29,,,,,9.89,901.54,
2024-04-22 20:00:00,48.95,103.41,6.2,17.57,18.24,13.19,7.92,0.93,,0.72,1.54,,,,0.31,,22.88,,,,,9.89,901.75,
2024-04-22 21:00:00,48.62,102.72,5.86,13.54,13.45,12.86,9.61,0.85,,0.74,1.56,,,,0.3,,26.98,,,,,9.89,901.98,
2024-04-22 22:00:00,44.03,93.14,6.54,15.99,16.73,13.55,8.42,0.8,,0.73,1.58,,,,0.31,,35.71,,,,,9.89,902.16,
2024-04-22 23:00:00,47.18,99.72,5.82,12.0,11.94,12.82,8.32,0.72,,0.74,1.57,,,,0.31,,52.23,,,,,9.89,902.12,
2024-04-23 00:00:00,45.25,95.68,6.06,13.93,13.98,13.06,8.86,0.7,,0.72,1.57,,,,0.31,,56.6,,,,,9.89,901.92,
2024-04-23 01:00:00,44.75,94.66,7.32,17.44,18.75,14.32,7.39,0.67,,0.73,1.58,,,,0.3,,57.0,,,,,9.89,901.75,
2024-04-23 02:00:00,42.91,90.82,7.76,19.1,20.87,14.76,7.67,0.64,,0.73,1.56,,,,0.31,,62.82,,,,,9.89,901.63,
2024-04-23 03:00:00,36.72,77.92,6.54,14.43,15.32,13.54,7.94,0.66,,0.73,1.56,,,,0.31,,68.17,,,,,9.89,901.57,
2024-04-23 04:00:00,37.94,80.46,7.63,14.34,15.96,14.63,8.85,0.72,,0.72,1.56,,,,0.3,,69.57,,,,,9.89,901.54,
2024-04-23 05:00:00,35.22,74.79,5.94,15.78,15.94,12.94,7.86,0.72,,0.74,1.56,,,,0.3,,69.21,,,,,9.89,901.6,
2024-04-23 06:00:00,33.99,72.24,6.04,17.31,17.35,13.04,8.65,0.72,,0.73,1.56,,,,0.31,,69.58,,,,,9.89,901.69,
2024-04-23 07:00:00,34.95,74.23,7.58,18.39,19.97,14.58,8.15,0.74,,0.75,1.56,,,,0.31,,71.15,,,,,9.89,901.82,
2024-04-23 08:00:00,36.52,77.5,7.93,17.88,19.81,14.93,9.25,0.76,,0.74,1.56,,,,0.31,,66.13,,,,,15.55,901.97,
2024-04-23 09:00:00,37.63,79.81,6.32,14.24,14.57,13.32,9.25,0.7,,0.74,1.57,,,,0.31,,53.95,,,,,258.02,902.05,
2024-04-23 10:00:00,36.2,76.84,8.69,18.0,21.48,15.48,8.16,0.71,,0.74,1.6,,,,0.31,,39.95,,,,,472.89,902.0,
2024-04-23 11:00:00,37.06,78.63,8.05,20.42,22.53,15.05,9.67,0.73,,0.74,1.59,,,,0.31,,28.7,,,,,395.4,901.86,
2024-04-23 12:00:00,39.98,84.71,10.44,24.61,29.05,17.44,9.97,0.74,,0.72,1.54,,,,0.31,,21.67,,,,,578.7,901.66,
2024-04-23 13:00:00,39.85,84.44,9.72,22.08,25.9,16.71,9.72,0.77,,0.74,1.58,,,,0.3,,18.41,,,,,455.02,901.4,
2024-04-23 14:00:00,34.5,73.3,11.9,27.4,33.3,18.91,9.21,0.78,,0.74,1.57,,,,0.31,,16.11,,,,,444.27,901.16,
2024-04-23 15:00:00,33.37,70.94,12.44,28.6,35.02,19.44,9.54,0.72,,0.72,1.56,,,,0.31,,15.79,,,,,311.92,901.0,
2024-04-23 16:00:00,37.37,79.28,7.88,17.46,19.46,14.87,9.67,0.75,,0.72,1.58,,,,0.31,,12.01,,,,,138.74,900.96,
2024-04-23 17:00:00,34.64,73.59,6.73,15.94,16.9,13.73,8.05,0.77,0.99,0.71,1.56,,,,0.32,,13.51,,,,,10.93,901.01,
2024-04-23 18:00:00,37.2,78.92,5.98,16.86,17.44,12.98,8.18,0.76,0.68,0.74,1.57,,,,0.3,,14.03,,,,,9.89,901.13,
2024-04-23 19:00:00,39.36,83.43,3.35,10.61,9.79,10.35,7.29,0.7,2.56,0.73,1.56,,,,0.32,,16.04,,,,,9.89,901.38,
2024-04-23 20:00:00,40.04,84.83,4.01,11.22,9.98,11.01,7.36,0.69,2.52,0.74,1.54,,,,0.3,,20.36,,,,,9.89,901.58,
2024-04-23 21:00:00,39.83,84.38,4.07,12.02,10.88,11.07,8.71,0.75,3.68,0.73,1.56,,,,0.31,,21.58,,,,,9.89,901.69,
2024-04-23 22:00:00,41.5,87.87,5.75,13.34,13.72,12.75,9.29,0.72,4.2,0.74,1.56,,,,0.32,,25.6,,,,,9.89,901.76,
2024-04-23 23:00:00,42.18,89.29,5.12,14.0,13.47,12.12,9.76,0.7,5.09,0.73,1.56,,,,0.31,,30.45,,,,,9.89,901.72,
2024-04-24 00:00:00,42.88,90.75,5.25,13.53,13.39,12.25,9.51,0.7,4.76,0.72,1.57,,,,0.32,,37.06,,,,,9.89,901.58,
2024-04-24 01:00:00,43.44,91.92,4.4,10.45,9.3,11.4,8.43,0.67,4.54,0.73,1.56,,,,0.31,,43.81,,,,,9.89,901.43,
2024-04-24 02:00:00,41.5,87.87,6.06,12.59,12.87,13.06,8.34,0.64,4.38,0.74,1.58,,,,0.3,,48.0,,,,,9.89,901.35,
2024-04-24 03:00:00,38.65,81.93,5.74,13.64,13.65,12.74,7.91,0.62,4.76,0.73,1.58,,,,0.31,,44.16,,,,,9.89,901.3,
2024-04-24 04:00:00,37.91,80.4,7.88,17.57,19.63,14.88,8.18,0.66,5.56,0.73,1.58,,,,0.31,,35.17,,,,,9.89,901.35,
2024-04-24 05:00:00,32.8,69.76,7.25,19.6,21.02,14.25,7.99,0.66,6.57,0.72,1.58,,,,0.3,,38.12,,,,,9.89,901.51,
2024-04-24 06:00:00,32.86,69.88,7.52,19.36,20.88,14.53,8.26,0.67,5.92,0.73,1.57,,,,0.3,,58.57,,,,,9.89,901.7,
2024-04-24 07:00:00,34.42,73.12,7.36,17.66,19.01,14.35,9.46,0.69,5.12,0.74,1.58,,,,0.3,,66.22,,,,,9.89,901.91,
2024-04-24 08:00:00,37.53,79.62,6.08,16.63,16.72,13.08,9.33,0.69,4.7,0.74,1.55,,,,0.3,,63.54,,,,,13.16,902.07,
2024-04-24 09:00:00,36.32,77.09,7.37,17.81,19.18,14.37,8.2,0.7,5.44,0.73,1.58,,,,0.31,,48.16,,,,,260.96,902.1,
2024-04-24 10:00:00,35.61,75.62,7.06,16.61,17.73,14.06,8.55,0.73,7.73,0.72,1.58,,,,0.31,,34.99,,,,,528.77,902.04,
2024-04-24 11:00:00,34.2,72.68,13.4,30.91,38.4,20.4,8.75,0.69,10.38,0.74,1.56,,,,0.31,,24.91,,,,,413.07,901.87,
2024-04-24 12:00:00,34.04,72.33,6.74,19.23,20.19,13.74,7.74,0.72,18.03,0.73,1.58,,,,0.32,,19.19,,,,,558.87,901.67,
2024-04-24 13:00:00,41.96,88.84,5.98,15.08,16.25,12.98,8.52,0.73,19.76,0.73,1.57,,,,0.32,,16.44,,,,,419.69,901.42,
2024-04-24 14:00:00,37.72,80.01,9.38,21.36,24.82,16.38,10.88,0.72,15.24,0.73,1.55,,,,0.31,,15.59,,,,,395.78,901.24,
2024-04-24 15:00:00,37.11,78.75,11.09,25.17,30.25,18.09,9.33,0.84,15.22,0.74,1.57,,,,0.3,,14.88,,,,,287.56,901.1,
2024-04-24 16:00:00,40.01,84.78,10.37,21.65,26.02,17.35,9.87,0.89,11.66,0.74,1.56,,,,0.31,,16.09,,,,,112.64,901.09,
2024-04-24 17:00:00,40.73,86.27,9.84,21.82,26.04,16.84,9.45,0.93,11.91,0.72,1.56,,,,0.31,,17.04,,,,,25.1,901.14,
2024-04-24 18:00:00,41.25,87.33,6.71,12.92,13.74,13.7,8.86,0.95,11.09,0.73,1.59,,,,0.31,,17.73,,,,,9.89,901.24,
2024-04-24 19:00:00,43.97,93.02,7.8,17.88,19.81,14.8,8.81,0.92,10.21,0.73,1.57,,,,0.31,,17.7,,,,,9.89,901.39,
2024-04-24 20:00:00,44.22,93.56,6.66,18.93,19.83,13.66,9.55,0.79,9.7,0.72,1.56,,,,0.31,,19.63,,,,,9.89,901.65,
2024-04-24 21:00:00,42.98,90.97,5.25,13.42,13.28,12.25,9.04,0.76,9.83,0.73,1.56,,,,0.31,,24.18,,,,,9.89,901.87,
2024-04-24 22:00:00,44.24,93.58,6.91,17.56,18.6,13.91,8.89,0.74,10.35,0.71,1.57,,,,0.31,,27.36,,,,,9.89,901.98,
2024-04-24 23:00:00,45.88,97.0,6.59,16.87,17.79,13.6,9.45,0.71,11.22,0.74,1.57,,,,0.3,,30.23,,,,,9.89,901.93,
2024-04-25 00:00:00,42.96,90.92,6.74,15.64,16.53,13.74,7.83,0.68,13.58,0.73,1.58,,,,0.32,,34.42,,,,,9.89,901.77,
2024-04-25 01:00:00,40.61,86.03,6.41,14.43,15.2,13.41,7.48,0.67,15.37,0.73,1.56,,,,0.31,,36.68,,,,,9.89,901.61,
2024-04-25 02:00:00,40.6,86.0,5.54,14.54,14.2,12.54,7.65,0.65,15.88,0.72,1.57,,,,0.31,,38.91,,,,,9.89,901.46,
2024-04-25 03:00:00,42.18,89.28,6.53,15.27,15.9,13.53,7.51,0.67,15.39,0.72,1.58,,,,0.31,,40.98,,,,,9.89,901.41,
2024-04-25 04:00:00,44.22,93.54,7.14,15.51,16.68,14.14,8.2,0.69,14.12,0.72,1.57,,,,0.31,,44.46,,,,,9.89,901.45,
2024-04-25 05:00:00,41.64,88.16,8.91,20.34,23.25,15.92,9.18,0.68,10.86,0.7,1.59,,,,0.32,,59.22,,,,,9.89,901.56,
2024-04-25 06:00:00,42.38,89.72,7.75,17.39,19.1,14.75,8.69,0.73,7.32,0.74,1.56,,,,0.31,,67.8,,,,,9.89,901.68,
2024-04-25 07:00:00,44.62,94.38,6.83,14.78,15.66,13.84,8.29,0.68,7.79,0.73,1.56,,,,0.31,,67.1,,,,,9.89,901.84,
2024-04-25 08:00:00,45.0,95.18,7.41,16.46,17.87,14.4,8.89,0.7,11.16,0.73,1.58,,,,0.31,,52.36,,,,,13.47,902.01,
2024-04-25 09:00:00,46.42,98.14,7.13,20.12,21.24,14.14,9.2,0.7,20.94,0.75,1.57,,,,0.31,,40.16,,,,,255.33,902.06,
2024-04-25 10:00:00,43.14,91.29,8.6,17.3,19.9,15.6,9.37,0.7,28.96,0.73,1.56,,,,0.31,,27.72,,,,,517.89,901.95,
2024-04-25 11:00:00,40.24,85.26,13.8,31.7,39.58,20.81,9.38,0.63,34.69,0.74,1.58,,,,0.32,,21.78,,,,,398.7,901.83,
2024-04-25 12:00:00,40.48,85.75,5.29,11.56,11.4,12.29,8.65,0.89,33.79,0.73,1.57,,,,0.31,,19.27,,,,,313.36,901.66,
2024-04-25 13:00:00,37.97,80.52,4.42,13.71,12.42,11.42,8.5,0.9,35.69,0.74,1.57,,,,0.3,,17.34,,,,,391.16,901.45,
2024-04-25 14:00:00,34.75,73.81,6.44,14.76,15.98,13.44,9.94,1.08,29.31,0.72,1.55,,,,0.31,,16.42,,,,,360.3,901.24,
2024-04-25 15:00:00,30.83,65.65,10.48,23.77,28.31,17.48,10.06,1.04,24.52,0.74,1.57,,,,0.3,,15.41,,,,,241.34,901.12,
2024-04-25 16:00:00,29.16,62.18,9.81,22.51,26.37,16.81,9.88,1.05,24.58,0.74,1.56,,,,0.32,,17.79,,,,,85.88,901.06,
2024-04-25 17:00:00,33.98,72.21,7.72,17.62,19.37,14.72,8.76,1.09,20.62,0.73,1.54,,,,0.3,,21.24,,,,,20.65,901.12,
2024-04-25 18:00:00,35.38,75.12,5.78,13.95,14.24,12.78,7.74,1.06,18.7,0.73,1.58,,,,0.31,,25.88,,,,,9.88,901.34,
2024-04-25 19:00:00,36.89,78.28,5.56,10.94,10.94,12.56,8.53,1.0,15.97,0.72,1.59,,,,0.31,,27.97,,,,,9.89,901.51,
2024-04-25 20:00:00,39.8,84.34,5.93,15.2,15.2,12.93,9.12,0.8,16.71,0.74,1.56,,,,0.3,,33.43,,,,,9.89,901.75,
2024-04-25 21:00:00,39.62,83.96,5.06,11.8,11.82,12.06,7.58,0.78,14.82,0.74,1.56,,,,0.31,,38.38,,,,,9.89,901.85,
2024-04-25 22:00:00,39.7,84.12,6.87,16.36,17.34,13.86,7.71,0.74,14.3,0.72,1.6,,,,0.31,,45.16,,,,,9.89,901.86,
2024-04-25 23:00:00,41.64,88.18,5.2,12.74,12.26,12.2,7.28,0.71,18.36,0.77,1.54,,,,0.31,,50.53,,,,,9.89,901.8,
2024-04-26 00:00:00,38.92,82.51,6.64,17.75,18.41,13.64,7.51,0.68,19.02,0.74,1.58,,,,0.31,,54.44,,,,,9.89,901.65,
2024-04-26 01:00:00,41.5,87.88,6.55,15.96,16.76,13.56,7.47,0.66,18.29,0.74,1.57,,,,0.32,,57.26,,,,,9.89,901.52,
2024-04-26 02:00:00,40.53,85.87,6.46,17.5,18.27,13.46,8.58,0.64,13.51,0.73,1.57,,,,0.31,,65.52,,,,,9.89,901.42,
2024-04-26 03:00:00,40.49,85.78,7.84,18.17,20.01,14.84,8.2,0.65,9.95,0.74,1.58,,,,0.31,,71.23,,,,,9.89,901.4,
2024-04-26 04:00:00,38.44,81.5,6.4,15.78,16.52,13.4,7.94,0.69,13.02,0.72,1.56,,,,0.31,,67.19,,,,,9.89,901.45,
2024-04-26 05:00:00,35.04,74.42,7.24,17.54,18.78,14.25,8.28,0.69,14.02,0.73,1.56,,,,0.31,,66.76,,,,,9.89,901.6,
2024-04-26 06:00:00,38.25,81.1,6.76,18.02,18.86,13.76,9.69,0.69,13.83,0.74,1.58,,,,0.32,,71.55,,,,,9.89,901.69,
2024-04-26 07:00:00,38.55,81.73,5.43,14.44,14.29,12.43,8.54,0.7,13.36,0.73,1.6,,,,0.32,,69.55,,,,,9.89,901.83,
2024-04-26 08:00:00,36.03,76.49,6.38,15.0,15.47,13.38,8.39,0.69,16.27,0.75,1.57,,,,0.31,,65.1,,,,,20.53,902.02,
2024-04-26 09:00:00,38.3,81.21,6.96,17.84,18.8,13.96,8.53,0.7,25.41,0.73,1.57,,,,0.31,,51.39,,,,,258.77,902.05,
2024-04-26 10:00:00,35.6,75.59,9.28,22.76,26.04,16.28,9.16,0.72,35.56,0.73,1.57,,,,0.31,,34.33,,,,,497.4,901.94,
2024-04-26 11:00:00,32.2,68.5,10.34,23.66,28.02,17.34,8.34,0.72,23.89,0.74,1.56,,,,0.3,,24.0,,,,,419.68,901.84,
2024-04-26 12:00:00,32.75,69.65,10.61,24.93,29.54,17.6,9.04,0.74,20.77,0.72,1.56,,,,0.31,,21.35,,,,,542.61,901.65,
2024-04-26 13:00:00,33.36,70.94,10.98,23.85,28.83,17.96,10.08,0.78,21.14,0.72,1.57,,,,0.31,,19.7,,,,,370.99,901.41,
2024-04-26 14:00:00,31.0,65.99,11.52,27.92,33.5,18.51,9.32,0.79,23.73,0.72,1.56,,,,0.31,,18.73,,,,,336.52,901.23,
2024-04-26 15:00:00,29.74,63.36,11.06,26.76,31.84,18.06,8.84,0.72,22.25,0.72,1.58,,,,0.32,,17.91,,,,,253.66,901.09,
2024-04-26 16:00:00,32.58,69.3,5.5,13.44,13.85,12.51,9.25,0.73,18.69,0.71,1.56,,,,0.32,,22.04,,,,,113.41,901.04,
2024-04-26 17:00:00,31.2,66.44,7.7,15.62,17.55,14.7,8.36,0.74,25.94,0.7,1.58,,,,0.31,,23.4,,,,,16.45,901.08,
2024-04-26 18:00:00,33.47,71.15,5.42,11.26,11.57,12.41,7.99,0.74,23.33,0.74,1.6,,,,0.3,,23.02,,,,,9.89,901.24,
2024-04-26 19:00:00,34.14,72.56,6.88,14.9,15.85,13.89,7.89,0.73,22.58,0.72,1.58,,,,0.32,,24.43,,,,,9.89,901.48,
2024-04-26 20:00:00,36.03,76.48,6.28,13.41,13.85,13.26,8.13,0.74,21.24,0.71,1.56,,,,0.32,,26.14,,,,,9.89,901.69,
2024-04-26 21:00:00,35.74,75.89,5.83,14.5,14.8,12.83,8.35,0.76,22.3,0.73,1.58,,,,0.32,,29.29,,,,,9.89,901.83,
2024-04-26 22:00:00,33.86,71.97,7.07,16.8,18.38,14.07,9.04,0.78,25.02,0.73,1.58,,,,0.31,,32.14,,,,,9.89,901.88,
2024-04-26 23:00:00,70.75,148.82,7.61,20.12,22.04,12.0,9.5,0.77,23.96,0.73,1.56,,,,0.32,,31.29,,,,,9.89,901.8,
2024-04-27 00:00:00,131.94,276.29,4.38,11.59,10.47,11.38,8.74,0.75,23.91,0.73,1.56,,,,0.31,,33.87,,,,,9.89,901.64,
2024-04-27 01:00:00,29.26,62.36,5.37,15.44,15.24,12.37,8.0,0.74,23.2,0.75,1.58,,,,0.31,,37.63,,,,,9.89,901.5,
2024-04-27 02:00:00,33.69,71.61,6.93,15.92,17.42,13.93,7.69,0.76,24.15,0.72,1.6,,,,0.3,,46.63,,,,,9.89,901.4,
2024-04-27 03:00:00,20.8,44.75,6.84,16.67,18.41,13.84,7.13,0.76,25.1,0.74,1.56,,,,0.31,,53.46,,,,,9.89,901.38,
2024-04-27 04:00:00,19.21,41.44,7.38,17.44,19.24,10.02,6.87,0.76,27.21,0.73,1.56,,,,0.31,,47.75,,,,,9.89,901.4,
2024-04-27 05:00:00,25.1,53.71,6.47,16.02,16.6,13.47,7.36,0.76,27.06,0.74,1.54,,,,0.31,,46.61,,,,,9.89,901.54,
2024-04-27 06:00:00,21.11,45.4,6.87,18.54,19.4,13.87,8.44,0.76,26.11,0.72,1.58,,,,0.31,,48.3,,,,,9.89,901.69,
2024-04-27 07:00:00,22.7,48.7,7.11,16.58,17.71,14.11,7.82,0.76,21.62,0.72,1.57,,,,0.31,,60.43,,,,,9.89,901.86,
2024-04-27 08:00:00,34.09,72.45,7.15,17.96,19.13,14.15,8.0,0.76,25.92,0.72,1.57,,,,0.31,,57.32,,,,,11.62,902.04,
2024-04-27 09:00:00,22.82,48.98,12.72,28.28,35.12,18.65,8.62,0.72,40.43,0.74,1.57,,,,0.31,,41.78,,,,,303.17,902.04,
2024-04-27 10:00:00,19.04,41.08,6.72,18.87,19.8,13.73,8.86,0.69,44.32,0.74,1.57,,,,0.31,,23.59,,,,,562.51,902.01,
2024-04-27 11:00:00,17.99,38.9,10.22,23.68,27.91,17.23,8.77,0.7,42.16,0.74,1.57,,,,0.31,,19.36,,,,,411.2,901.96,
2024-04-27 12:00:00,17.98,38.86,10.51,24.7,29.26,17.51,9.29,0.7,30.22,0.73,1.57,,,,0.31,,16.15,,,,,587.38,901.78,
2024-04-27 13:00:00,18.19,39.31,13.46,31.88,39.26,20.45,10.04,0.7,28.4,0.74,1.57,,,,0.31,,15.03,,,,,414.61,901.56,
2024-04-27 14:00:00,18.11,39.15,12.08,28.88,34.94,19.08,9.1,0.67,25.76,0.74,1.57,,,,0.31,,13.23,,,,,439.75,901.32,
2024-04-27 15:00:00,18.69,40.36,16.28,39.2,49.75,22.6,9.69,0.72,28.22,0.73,1.56,,,,0.31,,12.49,,,,,313.22,901.19,
2024-04-27 16:00:00,19.63,42.31,6.62,19.55,20.33,13.62,9.28,0.77,28.3,0.73,1.56,,,,0.31,,12.24,,,,,134.75,901.1,
2024-04-27 17:00:00,26.96,57.58,3.79,10.44,9.31,10.79,8.77,0.84,30.67,0.74,1.57,,,,0.31,,16.2,,,,,17.91,901.13,
2024-04-27 18:00:00,32.08,68.26,6.68,15.5,17.15,13.68,7.9,0.81,28.75,0.7,1.59,,,,0.31,,21.28,,,,,9.89,901.27,
2024-04-27 19:00:00,33.04,70.24,6.76,14.32,16.04,13.74,8.2,0.79,25.25,0.74,1.58,,,,0.31,,23.08,,,,,9.89,901.52,
2024-04-27 20:00:00,41.34,87.54,4.22,11.94,10.88,11.21,7.17,0.74,29.58,0.72,1.58,,,,0.32,,25.58,,,,,9.89,901.73,
2024-04-27 21:00:00,38.86,82.38,6.66,16.67,17.59,13.65,6.49,0.71,30.72,0.73,1.6,,,,0.31,,28.31,,,,,9.89,901.91,
2024-04-27 22:00:00,43.69,92.44,6.42,16.08,16.91,13.44,7.4,0.68,28.46,0.73,1.58,,,,0.32,,31.3,,,,,9.89,902.04,
2024-04-27 23:00:00,49.05,103.6,4.99,13.94,13.46,11.99,7.08,0.65,27.86,0.74,1.57,,,,0.31,,34.42,,,,,9.89,901.96,
2024-04-28 00:00:00,38.33,81.26,6.27,15.14,15.54,13.27,7.38,0.65,26.54,0.74,1.57,,,,0.31,,36.41,,,,,9.89,901.81,
2024-04-28 01:00:00,37.33,79.2,5.66,15.77,15.61,12.66,7.8,0.53,21.78,0.74,1.55,,,,0.31,,37.57,,,,,9.89,901.72,
2024-04-28 02:00:00,39.52,83.76,5.85,14.36,14.65,12.85,8.66,0.55,22.87,0.74,1.58,,,,0.3,,41.15,,,,,9.89,901.62,
2024-04-28 03:00:00,35.5,75.37,6.16,13.75,13.96,13.16,7.55,0.6,21.88,0.73,1.57,,,,0.31,,46.3,,,,,9.89,901.56,
2024-04-28 04:00:00,32.28,68.65,6.67,17.48,18.38,13.67,7.84,0.66,24.0,0.75,1.56,,,,0.31,,46.92,,,,,9.89,901.55,
2024-04-28 05:00:00,36.3,77.04,6.17,14.14,14.39,13.17,8.46,0.58,21.45,0.72,1.56,,,,0.31,,49.49,,,,,9.89,901.65,
2024-04-28 06:00:00,36.54,77.54,6.76,17.45,18.21,13.76,8.36,0.62,26.08,0.73,1.58,,,,0.31,,48.72,,,,,9.89,901.8,
2024-04-28 07:00:00,38.92,82.5,5.97,14.13,14.12,12.97,8.19,0.7,27.01,0.74,1.57,,,,0.31,,46.3,,,,,9.89,901.92,
2024-04-28 08:00:00,43.38,91.8,6.48,15.3,15.78,13.48,8.96,0.63,32.76,0.74,1.57,,,,0.31,,43.1,,,,,12.2,902.03,
2024-04-28 09:00:00,38.47,81.56,8.15,20.18,22.44,15.16,8.51,0.66,49.06,0.73,1.58,,,,0.31,,32.06,,,,,281.09,902.08,
2024-04-28 10:00:00,34.37,73.03,7.52,18.04,19.56,14.52,7.99,0.68,54.32,0.72,1.58,,,,0.31,,24.58,,,,,517.82,901.99,
2024-04-28 11:00:00,31.47,66.97,10.78,26.69,31.46,17.77,9.78,0.7,54.0,0.72,1.59,,,,0.32,,17.21,,,,,442.63,901.91,
2024-04-28 12:00:00,27.5,58.71,11.26,25.81,31.12,18.24,10.35,0.71,48.2,0.73,1.59,,,,0.31,,13.66,,,,,578.86,901.73,
2024-04-28 13:00:00,25.92,55.42,9.66,23.41,27.06,16.66,9.92,0.75,43.06,0.72,1.56,,,,0.31,,12.76,,,,,422.84,901.48,
2024-04-28 14:00:00,28.65,61.1,10.4,24.64,29.03,17.41,9.06,0.7,38.5,0.73,1.57,,,,0.31,,12.19,,,,,435.88,901.26,
2024-04-28 15:00:00,33.03,70.24,10.03,23.86,27.88,17.03,8.8,0.72,37.98,0.74,1.56,,,,0.31,,12.88,,,,,305.92,901.1,
2024-04-28 16:00:00,31.75,67.56,10.47,23.45,27.88,17.46,8.58,0.76,38.46,0.72,1.56,,,,0.3,,13.33,,,,,130.68,901.01,
2024-04-28 17:00:00,28.12,60.01,9.91,20.48,24.32,16.88,7.86,0.76,38.08,0.73,1.6,,,,0.3,,13.15,,,,,18.89,901.1,
2024-04-28 18:00:00,27.88,59.5,7.3,17.32,18.87,14.31,8.7,0.79,36.53,0.72,1.57,,,,0.31,,14.28,,,,,9.89,901.3,
2024-04-28 19:00:00,29.41,62.69,6.12,15.75,16.47,13.12,8.85,0.77,29.66,0.72,1.57,,,,0.31,,17.84,,,,,9.89,901.61,
2024-04-28 20:00:00,31.79,67.64,5.35,14.17,13.93,12.35,7.76,0.72,24.99,0.72,1.56,,,,0.31,,27.71,,,,,9.89,901.88,
2024-04-28 21:00:00,34.25,72.78,4.53,10.1,9.46,11.53,7.57,0.69,24.65,0.74,1.56,,,,0.31,,35.01,,,,,9.89,902.1,
2024-04-28 22:00:00,35.66,75.72,5.53,16.0,15.77,12.53,8.24,0.69,18.69,0.73,1.56,,,,0.31,,38.53,,,,,9.89,902.21,
2024-04-28 23:00:00,34.42,73.14,7.62,16.76,18.42,14.62,8.46,0.73,19.91,0.73,1.56,,,,0.31,,38.56,,,,,9.89,902.21,
2024-04-29 00:00:00,35.3,74.96,6.81,15.65,16.85,13.81,7.61,0.7,20.14,0.73,1.57,,,,0.3,,40.17,,,,,9.89,902.06,
2024-04-29 01:00:00,35.2,74.76,6.31,15.51,15.88,13.31,8.39,0.69,17.9,0.73,1.57,,,,0.3,,43.5,,,,,9.89,901.94,
2024-04-29 02:00:00,34.38,73.04,6.78,17.77,18.56,13.78,8.08,0.68,17.91,0.73,1.58,,,,0.31,,46.02,,,,,9.89,901.86,
2024-04-29 03:00:00,37.02,78.55,6.96,16.74,17.79,13.97,7.9,0.68,15.35,0.72,1.57,,,,0.31,,48.72,,,,,9.89,901.85,
2024-04-29 04:00:00,36.88,78.25,7.62,18.44,20.12,14.61,8.68,0.68,17.26,0.73,1.57,,,,0.3,,60.95,,,,,9.89,901.96,
2024-04-29 05:00:00,32.44,69.0,6.19,14.1,14.31,13.2,8.66,0.67,10.65,0.74,1.56,,,,0.3,,82.83,,,,,9.89,902.06,
2024-04-29 06:00:00,37.3,79.12,8.14,18.47,20.66,15.14,8.34,0.68,10.22,0.74,1.58,,,,0.3,,80.56,,,,,9.89,902.17,
2024-04-29 07:00:00,40.01,84.78,7.07,16.16,17.26,14.07,8.98,0.67,10.4,0.74,1.56,,,,0.32,,78.56,,,,,9.89,902.38,
2024-04-29 08:00:00,36.62,77.72,8.01,18.62,20.62,15.0,8.78,0.66,10.21,0.72,1.57,,,,0.3,,68.26,,,,,13.58,902.54,
2024-04-29 09:00:00,32.8,69.76,8.3,19.75,22.05,15.29,8.45,0.66,12.9,0.74,1.58,,,,0.3,,57.61,,,,,288.43,902.58,
2024-04-29 10:00:00,28.59,60.98,8.29,20.48,22.76,15.29,9.12,0.65,18.68,0.72,1.58,,,,0.31,,43.61,,,,,536.43,902.5,
2024-04-29 11:00:00,28.02,59.78,10.68,24.46,29.17,17.68,9.24,0.67,29.4,0.72,1.56,,,,0.32,,33.2,,,,,432.24,902.4,
2024-04-29 12:00:00,28.39,60.56,7.17,17.2,18.81,14.17,7.62,0.52,49.74,0.75,1.58,,,,0.32,,27.17,,,,,537.77,902.18,
2024-04-29 13:00:00,27.59,58.9,5.83,15.56,15.54,12.83,7.52,0.63,71.03,0.74,1.58,,,,0.31,,24.5,,,,,363.67,901.89,
2024-04-29 14:00:00,26.74,57.14,4.92,14.16,13.32,11.92,8.73,0.61,68.59,0.72,1.58,,,,0.31,,19.17,,,,,414.37,901.64,
2024-04-29 15:00:00,26.87,57.41,8.75,19.94,22.7,15.75,9.14,0.71,61.42,0.72,1.57,,,,0.3,,17.4,,,,,283.01,901.46,
2024-04-29 16:00:00,27.16,58.01,11.81,26.14,31.76,18.82,9.09,0.67,53.67,0.73,1.57,,,,0.31,,16.25,,,,,160.31,901.33,
2024-04-29 17:00:00,26.03,55.66,9.14,20.65,23.8,16.14,8.53,0.8,43.9,0.74,1.56,,,,0.3,,16.47,,,,,20.14,901.34,
2024-04-29 18:00:00,29.11,62.07,9.12,20.41,23.68,16.12,8.97,0.8,33.53,0.73,1.57,,,,0.31,,18.52,,,,,9.89,901.49,
2024-04-29 19:00:00,27.44,58.6,4.37,8.59,8.06,11.37,8.63,0.84,20.66,0.73,1.55,,,,0.3,,21.32,,,,,9.89,901.68,
2024-04-29 20:00:00,29.64,63.18,5.07,13.81,13.46,12.06,8.22,0.96,10.73,0.76,1.54,,,,0.32,,24.56,,,,,9.89,901.86,
2024-04-29 21:00:00,32.67,69.47,7.03,14.25,15.28,13.61,8.2,0.92,11.54,0.74,1.57,,,,0.3,,24.94,,,,,9.89,902.02,
2024-04-29 22:00:00,34.54,73.39,5.32,13.07,12.85,12.32,8.18,0.78,20.07,0.75,1.56,,,,0.31,,26.74,,,,,9.89,902.18,
2024-04-29 23:00:00,33.78,71.79,6.81,14.84,15.84,13.81,8.38,0.74,21.46,0.72,1.6,,,,0.3,,32.64,,,,,9.89,902.13,
2024-04-30 00:00:00,30.94,65.89,5.06,13.24,12.6,12.06,8.18,0.69,23.4,0.73,1.58,,,,0.31,,37.38,,,,,9.89,901.96,
2024-04-30 01:00:00,33.42,71.05,6.49,15.99,16.66,13.49,8.24,0.67,21.92,0.72,1.57,,,,0.32,,40.16,,,,,9.89,901.84,
2024-04-30 02:00:00,30.37,64.69,6.76,17.63,18.46,13.76,8.28,0.64,22.95,0.73,1.58,,,,0.31,,39.11,,,,,9.89,901.73,
2024-04-30 03:00:00,29.23,62.32,7.44,16.25,17.68,14.44,7.76,0.66,21.99,0.72,1.57,,,,0.32,,40.64,,,,,9.89,901.68,
2024-04-30 04:00:00,29.09,62.02,5.5,14.7,14.2,12.5,7.84,0.74,20.17,0.74,1.57,,,,0.32,,49.96,,,,,9.89,901.64,
2024-04-30 05:00:00,31.97,68.03,5.74,13.36,13.2,12.74,7.78,0.73,17.07,0.74,1.55,,,,0.32,,66.52,,,,,9.89,901.74,
2024-04-30 06:00:00,31.34,66.71,6.26,15.99,16.88,13.26,7.83,0.74,13.46,0.73,1.58,,,,0.32,,70.0,,,,,9.89,901.85,
2024-04-30 07:00:00,31.15,66.33,7.42,17.07,18.55,14.42,7.92,0.73,13.48,0.74,1.58,,,,0.3,,64.62,,,,,9.89,902.04,
2024-04-30 08:00:00,29.53,62.95,7.0,18.18,19.24,14.0,7.74,0.75,14.22,0.74,1.58,,,,0.31,,58.94,,,,,11.36,902.2,
2024-04-30 09:00:00,29.22,62.3,6.05,16.11,16.16,13.05,7.64,0.74,18.11,0.74,1.58,,,,0.31,,53.57,,,,,298.12,902.22,
2024-04-30 10:00:00,32.56,69.26,7.94,20.63,22.58,14.94,7.96,0.74,24.86,0.73,1.58,,,,0.3,,44.84,,,,,530.86,902.11,
2024-04-30 11:00:00,29.9,63.72,9.4,23.34,26.89,16.4,8.23,0.74,32.33,0.74,1.57,,,,0.3,,37.03,,,,,435.81,901.99,
2024-04-30 12:00:00,31.18,66.38,11.02,26.44,31.48,18.0,8.43,0.75,50.76,0.72,1.6,,,,0.3,,28.29,,,,,544.93,901.78,
2024-04-30 13:00:00,28.14,60.05,11.08,23.12,28.22,18.09,8.39,0.79,65.24,0.74,1.56,,,,0.32,,24.66,,,,,360.74,901.44,
2024-04-30 14:00:00,28.94,61.72,10.89,25.36,30.34,17.9,8.19,0.82,54.33,0.73,1.58,,,,0.32,,19.95,,,,,404.53,901.15,
2024-04-30 15:00:00,27.28,58.26,10.75,22.24,27.02,17.75,8.08,0.76,44.94,0.74,1.56,,,,0.31,,18.7,,,,,276.78,900.97,
2024-04-30 16:00:00,24.84,53.18,9.25,21.51,24.86,16.25,7.97,0.79,42.87,0.7,1.58,,,,0.31,,18.29,,,,,131.83,900.92,
2024-04-30 17:00:00,26.67,56.98,7.46,19.3,21.08,14.46,7.91,0.93,33.0,0.72,1.57,,,,0.32,,19.06,,,,,20.2,900.98,
2024-04-30 18:00:00,30.52,65.0,5.98,15.22,16.04,12.98,8.4,0.86,35.21,0.73,1.58,,,,0.3,,22.85,,,,,9.89,901.11,
2024-04-30 19:00:00,33.79,71.82,6.52,13.25,14.52,13.52,8.4,0.83,25.06,0.75,1.57,,,,0.32,,25.02,,,,,9.89,901.32,
2024-04-30 20:00:00,31.91,67.9,5.71,13.91,14.03,12.71,8.4,0.76,22.48,0.72,1.56,,,,0.32,,24.22,,,,,9.89,901.54,
2024-04-30 21:00:00,34.24,72.77,4.07,9.76,8.98,11.07,8.4,0.72,19.19,0.72,1.58,,,,0.31,,31.88,,,,,9.89,901.66,
2024-04-30 22:00:00,34.71,73.74,5.69,14.65,14.58,12.69,8.4,0.72,18.68,0.73,1.58,,,,0.31,,36.66,,,,,9.89,901.8,
2024-04-30 23:00:00,33.75,71.74,4.62,15.24,14.36,11.62,8.4,0.74,13.32,0.75,1.58,,,,0.3,,55.0,,,,,9.89,901.85,
2024-05-01 00:00:00,41.62,88.13,5.75,15.0,14.84,12.74,8.4,0.71,10.46,0.74,1.6,,,,0.32,,72.06,,,,,9.89,901.76,
2024-05-01 01:00:00,41.7,88.3,7.06,15.83,16.89,14.06,8.4,0.69,10.66,0.72,1.6,,,,0.32,,77.4,,,,,9.89,901.57,
2024-05-01 02:00:00,41.23,87.32,5.97,12.95,13.02,12.96,8.4,0.68,10.51,0.72,1.58,,,,0.32,,81.21,,,,,9.89,901.42,
2024-05-01 03:00:00,37.85,80.27,5.44,14.98,14.89,12.45,8.4,0.67,9.96,0.74,1.56,,,,0.31,,90.38,,,,,9.89,901.33,
2024-05-01 04:00:00,35.24,74.83,7.12,19.46,20.57,14.12,8.4,0.7,9.18,0.73,1.58,,,,0.31,,97.56,,,,,9.89,901.32,
2024-05-01 05:00:00,35.18,74.72,6.7,16.28,17.02,13.71,8.4,0.69,8.78,0.74,1.57,,,,0.31,,99.38,,,,,9.89,901.41,
2024-05-01 06:00:00,35.91,76.24,4.78,13.54,12.89,11.78,8.4,0.68,9.5,0.72,1.57,,,,0.3,,99.17,,,,,9.89,901.53,
2024-05-01 07:00:00,35.99,76.41,6.48,16.06,16.76,13.48,8.4,0.68,10.44,0.74,1.61,,,,0.32,,96.28,,,,,21.44,901.7,
2024-05-01 08:00:00,36.46,77.38,7.96,18.11,20.07,14.96,8.4,0.68,11.15,0.74,1.58,,,,0.31,,86.77,,,,,31.54,901.81,
2024-05-01 09:00:00,33.2,70.59,5.44,14.96,14.52,12.44,8.4,0.66,14.35,0.74,1.57,,,,0.31,,67.51,,,,,287.48,901.79,
2024-05-01 10:00:00,29.66,63.23,7.82,18.04,19.86,14.82,8.4,0.68,15.47,0.72,1.58,,,,0.31,,55.15,,,,,475.66,901.68,
2024-05-01 11:00:00,27.17,58.02,9.74,22.68,26.46,16.74,8.4,0.68,21.45,0.72,1.57,,,,0.31,,45.73,,,,,424.12,901.51,
2024-05-01 12:00:00,24.32,52.08,11.32,27.61,32.93,18.32,8.4,0.72,28.36,0.73,1.59,,,,0.31,,38.86,,,,,459.31,901.29,
2024-05-01 13:00:00,22.23,47.72,10.52,26.46,30.97,17.52,8.4,0.74,38.53,0.74,1.56,,,,0.31,,31.33,,,,,337.9,901.05,
2024-05-01 14:00:00,20.83,44.8,11.0,26.06,31.05,18.0,8.4,0.72,43.36,0.74,1.56,,,,0.3,,26.17,,,,,342.85,900.84,
2024-05-01 15:00:00,20.88,44.92,9.54,20.02,23.58,16.54,8.4,0.7,49.17,0.71,1.55,,,,0.31,,23.27,,,,,203.5,900.64,
2024-05-01 16:00:00,20.0,43.09,8.51,20.16,22.62,15.51,2.94,0.71,55.84,0.75,1.57,,,,0.3,,20.52,,,,,128.39,900.58,
2024-05-01 17:00:00,20.6,44.34,8.6,16.52,19.27,15.6,0.21,0.74,45.3,0.72,1.58,,,,0.32,,23.1,,,,,18.14,900.66,
2024-05-01 18:00:00,20.68,44.51,6.22,15.99,16.78,13.21,3.14,0.74,33.44,0.72,1.55,,,,0.31,,27.02,,,,,9.89,900.79,
2024-05-01 19:00:00,21.02,45.2,6.26,10.42,10.98,13.26,2.2,0.79,24.76,0.72,1.58,,,,0.31,,30.1,,,,,9.89,900.96,
2024-05-01 20:00:00,25.84,55.25,3.94,11.67,10.48,10.92,3.82,0.87,19.16,0.72,1.58,,,,0.3,,31.14,,,,,9.89,901.16,
2024-05-01 21:00:00,39.34,83.39,5.03,11.8,11.32,12.03,2.31,0.81,16.9,0.72,1.61,,,,0.31,,31.87,,,,,9.89,901.29,
2024-05-01 22:00:00,33.91,72.06,5.84,12.5,12.75,12.84,3.34,0.74,14.15,0.73,1.56,,,,0.32,,42.42,,,,,9.89,901.38,
2024-05-01 23:00:00,35.79,75.98,4.69,13.07,12.51,11.69,1.16,0.75,11.04,0.75,1.56,,,,0.32,,63.15,,,,,9.89,901.43,
2024-05-02 00:00:00,50.27,106.14,6.31,16.26,17.05,13.31,5.53,0.73,10.86,0.74,1.58,,,,0.31,,68.4,,,,,9.89,901.33,
2024-05-02 01:00:00,41.09,87.03,7.94,17.82,19.9,14.94,4.28,0.71,10.4,0.72,1.56,,,,0.31,,74.71,,,,,9.89,901.2,
2024-05-02 02:00:00,40.6,86.0,6.01,15.06,15.32,13.01,4.79,0.69,9.72,0.74,1.58,,,,0.31,,86.86,,,,,9.89,901.15,
2024-05-02 03:00:00,36.95,78.4,5.99,15.54,15.53,12.99,1.98,0.68,9.3,0.73,1.57,,,,0.31,,93.2,,,,,9.89,901.12,
2024-05-02 04:00:00,38.8,82.26,6.75,16.84,17.6,13.75,1.46,0.7,9.77,0.74,1.57,,,,0.32,,96.19,,,,,9.9,901.2,
2024-05-02 05:00:00,37.54,79.63,6.7,17.11,18.22,13.7,9.82,0.68,10.3,0.72,1.57,,,,0.32,,97.41,,,,,9.9,901.32,
2024-05-02 06:00:00,32.4,68.91,5.98,13.27,13.54,12.97,7.89,0.68,10.17,0.72,1.56,,,,0.31,,97.55,,,,,9.9,901.53,
2024-05-02 07:00:00,34.85,74.02,6.01,15.37,15.56,13.01,7.11,0.68,10.87,0.72,1.56,,,,0.3,,94.02,,,,,17.34,901.7,
2024-05-02 08:00:00,37.69,79.94,8.64,19.93,22.59,15.65,8.3,0.71,12.49,0.72,1.56,,,,0.31,,82.18,,,,,44.47,901.8,
2024-05-02 09:00:00,35.56,75.51,7.44,17.43,18.86,14.43,8.2,0.7,15.28,0.73,1.56,,,,0.31,,68.13,,,,,248.75,901.81,
2024-05-02 10:00:00,38.25,81.1,8.31,19.76,22.14,15.32,9.82,0.7,24.37,0.74,1.58,,,,0.31,,49.6,,,,,443.74,901.76,
2024-05-02 11:00:00,32.64,69.43,17.16,40.45,51.61,24.15,10.31,0.7,37.66,0.74,1.56,,,,0.31,,37.85,,,,,379.3,901.61,
2024-05-02 12:00:00,29.96,63.83,5.42,13.46,14.12,12.42,7.48,0.56,48.97,0.74,1.58,,,,0.32,,31.63,,,,,453.06,901.36,
2024-05-02 13:00:00,33.45,71.11,5.17,13.68,13.9,12.17,6.39,0.62,55.84,0.7,1.56,,,,0.31,,28.44,,,,,309.53,901.12,
2024-05-02 14:00:00,33.52,71.25,7.43,18.08,19.92,14.43,7.1,0.7,52.23,0.73,1.57,,,,0.31,,26.2,,,,,350.9,900.85,
2024-05-02 15:00:00,30.02,63.95,10.6,25.48,30.05,17.6,10.02,0.82,46.98,0.74,1.58,,,,0.31,,23.9,,,,,240.27,900.65,
2024-05-02 16:00:00,26.5,56.62,11.78,30.34,36.06,18.78,12.18,0.85,46.76,0.74,1.56,,,,0.32,,22.51,,,,,132.02,900.61,
2024-05-02 17:00:00,23.69,50.78,10.28,24.3,28.55,17.28,11.18,0.83,38.69,0.74,1.56,,,,0.31,,24.82,,,,,24.72,900.8,
2024-05-02 18:00:00,23.29,49.94,8.79,20.76,23.6,15.79,8.83,0.8,36.39,0.75,1.58,,,,0.31,,29.05,,,,,9.89,901.06,
2024-05-02 19:00:00,32.68,69.5,3.34,7.36,6.94,10.34,7.4,0.85,16.14,0.73,1.58,,,,0.31,,52.8,,,,,9.89,901.47,
2024-05-02 20:00:00,47.77,100.95,5.85,15.18,15.81,12.84,6.86,0.83,24.19,0.73,1.58,,,,0.3,,49.47,,,,,9.89,901.58,
2024-05-02 21:00:00,40.15,85.07,7.95,19.15,21.26,14.94,8.56,0.88,22.59,0.74,1.58,,,,0.32,,46.29,,,,,9.89,901.68,
2024-05-02 22:00:00,39.48,83.67,7.09,15.61,16.73,14.09,8.82,0.86,27.22,0.72,1.56,,,,0.3,,45.62,,,,,9.89,901.7,
2024-05-02 23:00:00,35.71,75.83,7.25,17.57,18.9,14.24,8.08,0.81,28.7,0.73,1.58,,,,0.31,,45.33,,,,,9.89,901.61,
2024-05-03 00:00:00,32.78,69.7,6.85,16.03,17.07,13.85,8.59,0.81,21.1,0.74,1.54,,,,0.31,,50.66,,,,,9.89,901.5,
2024-05-03 01:00:00,35.36,75.09,6.6,15.16,15.75,13.61,8.83,0.76,27.62,0.74,1.57,,,,0.31,,50.27,,,,,9.9,901.29,
2024-05-03 02:00:00,36.8,78.08,6.8,16.68,17.49,13.8,7.3,0.76,20.92,0.73,1.55,,,,0.31,,53.9,,,,,9.89,901.16,
2024-05-03 03:00:00,35.7,75.81,6.87,16.52,17.64,13.88,8.25,0.73,19.61,0.74,1.58,,,,0.31,,57.14,,,,,9.89,901.14,
2024-05-03 04:00:00,35.54,75.46,6.77,19.01,19.96,13.77,8.46,0.73,16.05,0.71,1.57,,,,0.31,,72.06,,,,,9.9,901.23,
2024-05-03 05:00:00,41.24,87.36,7.73,19.08,20.82,14.73,7.9,0.73,11.24,0.72,1.57,,,,0.31,,90.05,,,,,9.9,901.36,
2024-05-03 06:00:00,49.44,104.43,8.13,19.02,21.17,15.13,7.82,0.71,9.94,0.73,1.58,,,,0.32,,98.12,,,,,9.9,901.57,
2024-05-03 07:00:00,40.61,86.02,6.7,14.93,15.66,13.7,7.75,0.69,9.28,0.73,1.57,,,,0.3,,96.12,,,,,22.94,901.78,
2024-05-03 08:00:00,39.55,83.81,6.75,17.25,17.98,13.75,6.35,0.67,9.96,0.74,1.58,,,,0.31,,92.26,,,,,52.22,901.97,
2024-05-03 09:00:00,36.98,78.47,7.36,17.16,18.53,14.36,7.34,0.66,11.89,0.74,1.58,,,,0.32,,76.73,,,,,249.2,902.05,
2024-05-03 10:00:00,43.01,91.02,8.4,20.45,22.86,15.4,7.62,0.67,16.87,0.75,1.57,,,,0.31,,61.02,,,,,419.86,902.02,
2024-05-03 11:00:00,32.98,70.13,8.23,22.14,24.45,15.22,9.33,0.71,20.61,0.74,1.56,,,,0.31,,49.59,,,,,359.46,901.84,
2024-05-03 12:00:00,27.7,59.13,9.7,24.57,28.38,16.71,10.66,0.74,26.58,0.74,1.59,,,,0.32,,45.5,,,,,276.26,901.58,
2024-05-03 13:00:00,25.4,54.33,8.82,20.46,23.43,15.81,9.94,0.76,30.76,0.72,1.57,,,,0.31,,38.66,,,,,182.96,901.2,
2024-05-03 14:00:00,24.19,51.82,7.78,17.88,19.86,13.74,9.08,0.7,22.23,0.72,1.6,,,,0.32,,46.33,,,,,9.91,901.18,
2024-05-03 15:00:00,21.14,45.45,2.46,7.09,6.19,9.44,8.19,0.66,16.21,0.75,1.56,,,,0.31,,90.56,,,,,9.59,901.18,
2024-05-03 16:00:00,22.26,47.79,4.06,11.78,11.29,11.08,7.96,0.71,15.96,0.74,1.56,,,,0.31,,75.69,,,,,9.59,901.1,
2024-05-03 17:00:00,25.01,53.54,4.8,13.61,12.64,11.82,5.53,0.76,20.33,0.73,1.56,,,,0.31,,70.46,,,,,9.59,901.24,
2024-05-03 18:00:00,28.01,59.76,7.45,16.99,18.48,14.46,5.19,0.72,16.17,0.73,1.58,,,,0.32,,75.46,,,,,9.59,901.4,
2024-05-03 19:00:00,31.86,67.79,6.55,16.75,17.3,13.55,7.74,0.73,21.33,0.72,1.56,,,,0.32,,74.54,,,,,9.59,901.59,
2024-05-03 20:00:00,,,6.78,15.5,16.3,10.89,9.07,0.89,12.18,0.73,1.57,,,,0.3,,73.66,,,,,9.68,901.76,
2024-05-03 21:00:00,32.63,69.4,6.92,16.2,17.48,13.92,9.34,0.75,16.58,0.74,1.59,,,,0.32,,84.33,,,,,9.9,902.03,
2024-05-03 22:00:00,35.25,74.85,7.6,18.9,20.51,14.6,8.91,0.72,18.78,0.74,1.58,,,,0.32,,86.76,,,,,9.9,902.12,
2024-05-03 23:00:00,37.94,80.46,9.44,21.7,25.14,15.93,7.1,0.71,21.15,0.73,1.56,,,,0.31,,78.16,,,,,9.89,901.95,
2024-05-04 00:00:00,37.8,80.16,7.76,17.1,18.94,14.76,8.56,0.68,24.2,0.72,1.56,,,,0.31,,78.12,,,,,9.9,901.81,
2024-05-04 01:00:00,33.07,70.33,7.03,19.46,20.67,14.03,8.27,0.67,25.29,0.72,1.57,,,,0.3,,75.51,,,,,9.9,901.64,
2024-05-04 02:00:00,27.71,59.15,7.15,16.39,17.54,14.15,7.51,0.67,22.6,0.73,1.54,,,,0.31,,79.58,,,,,9.9,901.51,
2024-05-04 03:00:00,26.05,55.69,5.79,15.81,15.6,12.79,10.04,0.68,21.68,0.73,1.57,,,,0.3,,83.22,,,,,9.9,901.52,
2024-05-04 04:00:00,27.12,57.92,7.7,20.41,22.12,14.7,8.7,0.72,22.74,0.75,1.58,,,,0.31,,86.74,,,,,9.9,901.61,
2024-05-04 05:00:00,30.49,64.94,6.52,16.3,16.82,13.52,8.77,0.68,18.67,0.73,1.57,,,,0.31,,94.64,,,,,9.9,901.78,
2024-05-04 06:00:00,33.71,71.66,6.76,18.38,19.18,13.76,10.34,0.65,14.81,0.75,1.58,,,,0.3,,97.89,,,,,9.9,901.97,
2024-05-04 07:00:00,33.33,70.85,7.74,19.69,21.43,14.74,8.91,0.64,16.48,0.72,1.56,,,,0.31,,91.03,,,,,12.98,902.19,
2024-05-04 08:00:00,34.39,73.08,6.28,18.22,18.51,13.28,8.95,0.62,16.22,0.74,1.58,,,,0.31,,81.24,,,,,36.21,902.32,
2024-05-04 09:00:00,35.15,74.66,8.48,19.34,21.94,15.02,8.2,0.64,18.77,0.73,1.58,,,,0.31,,63.72,,,,,340.48,902.31,
2024-05-04 10:00:00,29.97,63.85,8.39,21.08,23.49,12.97,10.14,0.71,31.63,0.73,1.58,,,,0.31,,52.4,,,,,548.8,902.18,
2024-05-04 11:00:00,26.98,57.62,20.31,46.68,61.08,19.06,,0.67,36.2,0.75,1.56,,,,0.31,,40.48,,,,,522.14,901.96,
2024-05-04 12:00:00,24.41,52.27,8.85,19.81,22.99,14.72,11.21,0.52,40.75,0.72,1.56,,,,0.32,,33.12,,,,,560.05,901.78,
2024-05-04 13:00:00,22.56,48.43,2.26,5.11,4.39,9.26,10.38,0.5,32.14,0.71,1.58,,,,0.3,,25.99,,,,,278.3,901.56,
2024-05-04 14:00:00,22.46,48.22,7.1,18.45,25.66,14.09,8.95,0.57,42.04,0.71,1.58,,,,0.32,,23.45,,,,,262.83,901.26,
2024-05-04 15:00:00,35.35,75.07,11.02,25.18,30.31,17.77,8.73,0.65,25.81,0.74,1.6,,,,0.3,,20.6,,,,,266.55,900.98,
2024-05-04 16:00:00,53.76,113.42,7.76,18.25,20.13,14.76,8.56,0.71,17.69,0.74,1.57,,,,0.3,,19.06,,,,,183.36,900.83,
2024-05-04 17:00:00,45.92,97.09,7.76,18.04,19.88,14.76,8.12,0.85,34.66,0.73,1.56,,,,0.31,,18.55,,,,,27.34,901.06,
2024-05-04 18:00:00,35.74,75.88,7.42,16.77,18.35,14.42,8.61,0.78,23.82,0.73,1.57,,,,0.31,,18.56,,,,,9.59,901.2,
2024-05-04 19:00:00,30.16,64.26,5.69,14.78,14.64,12.7,7.04,0.88,7.99,0.73,1.58,,,,0.31,,22.07,,,,,9.59,901.44,
2024-05-04 20:00:00,28.66,61.13,6.33,16.16,16.57,13.33,7.64,0.94,8.3,0.73,1.53,,,,0.31,,27.39,,,,,9.59,901.62,
2024-05-04 21:00:00,26.24,56.1,6.3,13.61,14.18,13.3,7.4,0.87,11.38,0.71,1.57,,,,0.31,,48.55,,,,,9.59,901.78,
2024-05-04 22:00:00,27.49,58.7,7.48,16.96,18.45,14.47,7.51,0.76,18.74,0.75,1.6,,,,0.3,,55.92,,,,,9.59,901.76,
2024-05-04 23:00:00,24.82,53.14,7.25,14.86,15.45,14.25,7.7,0.72,18.33,0.73,1.57,,,,0.31,,63.38,,,,,9.59,901.67,
2024-05-05 00:00:00,23.84,51.09,6.81,17.64,18.66,13.81,7.41,0.68,17.54,0.73,1.57,,,,0.32,,71.83,,,,,9.59,901.52,
2024-05-05 01:00:00,22.89,49.11,7.65,18.06,19.7,14.65,7.8,0.63,12.81,0.74,1.56,,,,0.32,,93.19,,,,,9.59,901.34,
2024-05-05 02:00:00,22.02,47.31,8.14,20.78,22.92,15.14,8.4,0.64,13.7,0.73,1.58,,,,0.3,,96.45,,,,,9.59,901.25,
2024-05-05 03:00:00,20.73,44.61,7.12,16.83,17.94,14.12,9.78,0.64,16.59,0.73,1.58,,,,0.31,,98.08,,,,,9.59,901.18,
2024-05-05 04:00:00,19.81,42.7,6.25,15.81,16.37,13.25,9.4,0.71,18.03,0.72,1.56,,,,0.31,,98.5,,,,,9.59,901.24,
2024-05-05 05:00:00,19.03,41.07,7.56,18.88,20.44,14.56,8.95,0.68,17.03,0.75,1.58,,,,0.31,,99.38,,,,,9.59,901.38,
2024-05-05 06:00:00,19.92,42.92,6.52,17.83,18.4,13.52,8.2,0.59,16.02,0.71,1.56,,,,0.3,,97.92,,,,,9.59,901.53,
2024-05-05 07:00:00,20.19,43.49,6.88,17.11,17.99,13.88,8.35,0.58,17.34,0.73,1.56,,,,0.32,,94.86,,,,,10.32,901.72,
2024-05-05 08:00:00,19.83,42.74,8.12,18.5,20.63,15.12,8.76,0.56,20.14,0.73,1.58,,,,0.31,,82.14,,,,,28.77,901.84,
2024-05-05 09:00:00,19.56,42.18,7.48,17.73,19.2,14.48,8.72,0.55,26.42,0.72,1.57,,,,0.31,,60.5,,,,,347.09,901.84,
2024-05-05 10:00:00,18.76,40.5,7.65,18.31,19.96,14.65,9.21,0.57,30.13,0.73,1.56,,,,0.3,,45.01,,,,,539.59,901.74,
2024-05-05 11:00:00,19.37,41.78,8.62,18.78,21.4,15.62,8.99,0.66,34.52,0.74,1.56,,,,0.31,,35.35,,,,,377.07,901.6,
2024-05-05 12:00:00,19.76,42.59,7.37,16.66,18.11,14.37,9.39,0.71,40.26,0.71,1.54,,,,0.31,,28.04,,,,,554.81,901.39,
2024-05-05 13:00:00,19.99,43.07,7.98,19.49,21.52,14.98,9.46,0.75,42.95,0.71,1.56,,,,0.31,,23.01,,,,,355.26,901.18,
2024-05-05 14:00:00,19.48,42.02,7.37,18.74,20.13,14.38,9.23,0.78,40.82,0.72,1.57,,,,0.3,,17.71,,,,,470.08,900.98,
2024-05-05 15:00:00,19.25,41.52,10.26,23.58,27.85,17.27,9.93,0.81,48.7,0.75,1.55,,,,0.31,,15.74,,,,,346.04,900.84,
2024-05-05 16:00:00,18.62,40.22,8.71,21.02,23.7,15.71,9.62,0.81,49.0,0.73,1.56,,,,0.31,,16.23,,,,,195.54,900.81,
2024-05-05 17:00:00,18.09,39.1,8.87,20.48,23.5,15.87,9.8,0.8,49.27,0.74,1.56,,,,0.32,,17.2,,,,,26.77,900.83,
2024-05-05 18:00:00,18.17,39.26,6.22,17.06,17.51,13.22,8.44,0.77,35.17,0.74,1.58,,,,0.31,,18.93,,,,,9.59,900.98,
2024-05-05 19:00:00,18.38,39.71,4.9,12.54,12.06,11.9,7.12,0.78,19.18,0.72,1.57,,,,0.31,,21.74,,,,,9.59,901.16,
2024-05-05 20:00:00,18.16,39.27,5.64,11.52,11.72,12.64,7.88,0.76,21.58,0.72,1.58,,,,0.31,,22.52,,,,,9.59,901.32,
2024-05-05 21:00:00,19.49,42.03,6.76,16.62,17.55,13.76,9.02,0.76,25.35,0.73,1.58,,,,0.31,,23.36,,,,,9.59,901.53,
2024-05-05 22:00:00,24.45,52.36,6.84,16.14,16.98,13.84,7.64,0.73,28.5,0.74,1.57,,,,0.32,,29.0,,,,,9.59,901.64,
2024-05-05 23:00:00,26.22,56.03,6.2,13.92,14.45,13.2,5.99,0.69,20.34,0.74,1.58,,,,0.31,,35.81,,,,,9.59,901.55,
2024-05-06 00:00:00,27.57,58.85,5.88,14.97,15.11,12.88,6.46,0.65,14.96,0.72,1.58,,,,0.32,,43.3,,,,,9.59,901.46,
2024-05-06 01:00:00,27.98,59.72,6.75,16.74,17.73,13.75,8.55,0.61,15.48,0.73,1.56,,,,0.32,,54.98,,,,,9.59,901.34,
2024-05-06 02:00:00,30.04,64.02,6.41,16.88,17.28,13.41,8.62,0.59,18.47,0.74,1.57,,,,0.32,,64.05,,,,,9.59,901.3,
2024-05-06 03:00:00,29.6,63.1,6.88,18.16,19.06,13.88,8.96,0.6,15.07,0.73,1.57,,,,0.31,,71.63,,,,,9.59,901.24,
2024-05-06 04:00:00,29.0,61.84,7.58,18.31,19.9,14.58,9.83,0.7,18.52,0.74,1.59,,,,0.31,,84.31,,,,,9.59,901.4,
2024-05-06 05:00:00,30.61,65.2,6.97,20.19,21.16,13.97,11.12,0.7,18.68,0.74,1.57,,,,0.3,,91.57,,,,,9.59,901.55,
2024-05-06 06:00:00,29.6,63.08,7.42,19.34,20.76,14.42,9.47,0.64,16.9,0.74,1.56,,,,0.3,,93.23,,,,,9.59,901.65,
2024-05-06 07:00:00,29.27,62.4,7.25,18.41,19.66,14.25,9.78,0.6,14.15,0.74,1.56,,,,0.31,,93.58,,,,,12.67,901.79,
2024-05-06 08:00:00,28.87,61.57,7.48,18.26,19.74,14.48,9.22,0.6,18.35,0.74,1.56,,,,0.3,,88.97,,,,,35.01,901.94,
2024-05-06 09:00:00,28.66,61.14,7.18,16.31,17.51,14.18,8.4,0.57,23.92,0.72,1.58,,,,0.31,,70.72,,,,,328.45,902.01,
2024-05-06 10:00:00,29.16,62.16,7.32,18.89,20.21,14.32,8.45,0.58,31.44,0.74,1.56,,,,0.3,,59.81,,,,,507.17,901.92,
2024-05-06 11:00:00,31.65,67.36,13.37,28.64,36.02,20.37,7.14,0.63,36.09,0.72,1.56,,,,0.31,,49.14,,,,,328.64,901.77,
2024-05-06 12:00:00,34.2,72.68,5.85,17.58,17.52,12.85,8.73,0.81,35.52,0.75,1.58,,,,0.31,,43.66,,,,,511.67,901.58,
2024-05-06 13:00:00,32.78,69.7,5.23,14.06,13.72,12.23,8.9,0.81,40.69,0.72,1.56,,,,0.31,,38.5,,,,,292.82,901.35,
2024-05-06 14:00:00,35.85,76.1,7.08,18.47,19.82,14.08,7.84,0.79,54.8,0.75,1.58,,,,0.3,,36.3,,,,,354.36,901.11,
2024-05-06 15:00:00,31.71,67.48,10.78,27.74,32.55,15.25,7.3,0.87,48.21,0.73,1.58,,,,0.3,,35.21,,,,,88.25,900.96,
2024-05-06 16:00:00,,,7.19,18.74,19.93,14.19,13.42,0.98,46.32,0.73,1.57,,,,0.31,,35.48,,,,,30.45,900.95,
2024-05-06 17:00:00,,,6.56,15.89,16.53,13.56,8.79,1.06,43.06,0.74,1.58,,,,0.32,,38.17,,,,,9.9,901.02,
2024-05-06 18:00:00,,,7.01,17.86,19.03,13.65,5.23,0.99,34.96,0.73,1.58,,,,0.3,,47.28,,,,,9.9,901.27,
2024-05-06 19:00:00,,,4.95,11.14,10.38,11.96,7.87,0.9,31.82,0.74,1.56,,,,0.31,,46.93,,,,,9.89,901.38,
2024-05-06 20:00:00,,,6.46,16.84,17.48,13.46,8.26,0.76,35.04,0.74,1.57,,,,0.3,,52.4,,,,,9.89,901.38,
2024-05-06 21:00:00,25.24,54.02,7.12,14.75,16.1,14.12,7.2,0.86,22.03,0.73,1.57,,,,0.31,,56.15,,,,,9.9,901.66,
2024-05-06 22:00:00,24.43,52.32,5.06,14.93,14.19,12.06,10.37,0.77,30.4,0.73,1.59,,,,0.31,,71.74,,,,,9.9,902.18,
2024-05-06 23:00:00,25.52,54.6,6.7,15.33,16.05,13.7,9.01,0.74,36.82,0.73,1.58,,,,0.3,,94.28,,,,,9.9,902.16,
2024-05-07 00:00:00,26.47,56.57,5.63,14.85,14.88,12.63,8.01,0.68,46.76,0.71,1.57,,,,0.31,,90.16,,,,,9.9,901.93,
2024-05-07 01:00:00,25.25,54.03,6.91,16.17,17.09,13.91,8.06,0.64,42.88,0.72,1.58,,,,0.31,,86.72,,,,,9.9,901.85,
2024-05-07 02:00:00,24.74,52.95,7.44,16.7,18.16,14.44,8.14,0.63,30.44,0.74,1.58,,,,0.3,,82.0,,,,,9.9,901.88,
2024-05-07 03:00:00,22.42,48.12,6.86,17.4,18.26,13.86,9.04,0.58,25.18,0.75,1.57,,,,0.3,,72.06,,,,,9.9,901.82,
2024-05-07 04:00:00,20.84,44.84,5.66,15.21,14.89,12.66,9.66,0.69,43.88,0.72,1.56,,,,0.31,,71.73,,,,,9.9,901.83,
2024-05-07 05:00:00,20.02,43.14,7.58,17.3,18.88,14.58,10.04,0.68,42.95,0.74,1.56,,,,0.31,,77.54,,,,,9.9,901.91,
2024-05-07 06:00:00,20.27,43.65,6.33,15.64,15.96,13.32,9.74,0.68,34.88,0.72,1.56,,,,0.3,,83.75,,,,,10.42,901.92,
2024-05-07 07:00:00,24.28,52.0,7.18,17.47,18.66,14.18,9.33,0.68,33.81,0.72,1.56,,,,0.32,,82.08,,,,,25.66,901.92,
2024-05-07 08:00:00,25.02,53.54,6.08,16.62,16.7,13.09,8.66,0.68,41.26,0.75,1.57,,,,0.31,,70.56,,,,,41.57,902.09,
2024-05-07 09:00:00,24.99,53.48,7.6,17.82,19.42,14.6,9.25,0.66,41.6,0.72,1.59,,,,0.32,,59.32,,,,,468.48,902.28,
2024-05-07 10:00:00,29.29,62.44,9.18,19.58,22.76,16.18,9.28,0.64,46.42,0.73,1.57,,,,0.31,,52.92,,,,,672.18,902.27,
2024-05-07 11:00:00,27.16,58.01,8.51,20.96,23.49,13.32,8.23,0.7,47.31,0.72,1.57,,,,0.32,,49.67,,,,,408.02,902.24,
2024-05-07 12:00:00,25.5,54.54,7.4,17.95,19.35,14.4,9.16,0.85,60.48,0.74,1.57,,,,0.3,,44.25,,,,,610.23,902.02,
2024-05-07 13:00:00,23.29,49.94,8.05,17.74,19.84,15.05,9.46,0.86,63.1,0.74,1.56,,,,0.32,,40.06,,,,,315.04,901.82,
2024-05-07 14:00:00,21.21,45.61,8.29,18.9,21.24,15.28,9.02,0.88,60.65,0.72,1.58,,,,0.31,,35.72,,,,,445.67,901.64,
2024-05-07 15:00:00,20.1,43.28,7.83,17.7,19.55,14.82,8.8,0.91,62.98,0.73,1.56,,,,0.3,,32.51,,,,,326.49,901.44,
2024-05-07 16:00:00,21.42,46.04,7.88,19.39,21.27,14.88,8.77,0.9,68.29,0.72,1.58,,,,0.32,,32.04,,,,,177.58,901.28,
2024-05-07 17:00:00,22.93,49.18,6.17,15.27,15.79,13.16,9.46,0.95,57.02,0.73,1.56,,,,0.31,,34.09,,,,,23.92,901.39,
2024-05-07 18:00:00,21.78,46.79,4.88,12.58,11.99,11.88,9.38,0.96,42.49,0.73,1.58,,,,0.3,,35.39,,,,,9.9,901.56,
2024-05-07 19:00:00,23.26,49.88,7.44,15.36,16.8,14.44,8.16,0.9,33.67,0.73,1.57,,,,0.31,,37.33,,,,,9.89,901.79,
2024-05-07 20:00:00,26.42,56.46,6.2,13.13,13.7,13.2,8.52,0.76,33.48,0.73,1.58,,,,0.31,,38.96,,,,,9.9,901.89,
2024-05-07 21:00:00,26.47,56.56,6.85,18.97,20.16,13.85,7.86,0.82,24.72,0.74,1.55,,,,0.31,,41.18,,,,,9.89,901.96,
2024-05-07 22:00:00,27.25,58.19,6.92,16.23,17.14,13.92,7.7,0.75,27.01,0.74,1.56,,,,0.31,,55.36,,,,,9.89,902.12,
2024-05-07 23:00:00,30.96,65.92,7.1,17.05,18.42,14.1,8.65,0.66,30.41,0.72,1.56,,,,0.31,,72.93,,,,,9.89,902.21,
2024-05-08 00:00:00,31.89,67.86,7.29,19.33,20.62,14.29,8.43,0.65,27.07,0.73,1.56,,,,0.3,,79.38,,,,,9.9,902.12,
2024-05-08 01:00:00,35.48,75.34,6.26,14.44,14.7,13.26,9.84,0.64,25.36,0.72,1.56,,,,0.31,,83.84,,,,,9.9,902.01,
2024-05-08 02:00:00,32.96,70.1,6.69,18.1,18.79,13.69,9.29,0.63,23.78,0.73,1.58,,,,0.31,,90.28,,,,,9.9,901.95,
2024-05-08 03:00:00,29.5,62.89,6.79,15.52,16.95,13.79,9.46,0.66,21.08,0.73,1.57,,,,0.31,,94.59,,,,,9.9,901.91,
2024-05-08 04:00:00,26.14,55.87,7.37,18.38,19.75,14.38,8.87,0.7,19.37,0.74,1.56,,,,0.3,,96.13,,,,,9.9,901.99,
2024-05-08 05:00:00,24.49,52.44,6.6,16.16,16.79,13.6,9.46,0.7,17.51,0.73,1.56,,,,0.3,,97.14,,,,,9.9,902.1,
2024-05-08 06:00:00,23.84,51.07,7.34,17.02,18.4,14.35,8.33,0.66,29.32,0.71,1.58,,,,0.32,,83.93,,,,,9.9,902.29,
2024-05-08 07:00:00,23.06,49.46,7.41,18.7,20.12,10.98,7.89,0.6,37.14,0.72,1.55,,,,0.3,,74.63,,,,,31.08,902.38,
2024-05-08 08:00:00,21.98,47.21,6.99,18.32,19.3,13.99,8.48,0.68,40.48,0.74,1.57,,,,0.31,,62.85,,,,,82.62,902.51,
2024-05-08 09:00:00,21.88,47.0,6.44,18.63,19.07,13.44,8.79,0.72,44.97,0.74,1.59,,,,0.31,,56.44,,,,,313.51,902.51,
2024-05-08 10:00:00,21.98,47.2,8.18,19.79,21.96,15.18,8.6,0.74,45.95,0.73,1.55,,,,0.32,,56.55,,,,,435.92,902.32,
2024-05-08 11:00:00,21.6,46.43,11.89,26.82,32.7,18.89,8.45,0.68,52.83,0.72,1.56,,,,0.31,,53.28,,,,,358.41,902.14,
2024-05-08 12:00:00,23.32,50.02,5.53,11.98,12.0,12.53,10.35,0.81,43.63,0.73,1.58,,,,0.3,,47.48,,,,,550.36,901.86,
2024-05-08 13:00:00,32.07,68.24,7.38,17.2,18.7,14.38,9.85,0.8,45.6,0.72,1.55,,,,0.31,,41.93,,,,,257.89,901.58,
2024-05-08 14:00:00,29.48,62.84,6.74,17.94,18.68,13.74,10.15,0.74,44.63,0.73,1.56,,,,0.3,,40.29,,,,,378.36,901.34,
2024-05-08 15:00:00,26.99,57.65,5.94,15.92,15.85,12.94,9.41,0.77,43.91,0.73,1.58,,,,0.32,,39.28,,,,,213.94,901.19,
2024-05-08 16:00:00,30.88,65.74,6.51,13.92,14.43,13.5,7.5,0.79,27.28,0.72,1.58,,,,0.31,,47.74,,,,,22.05,901.08,
2024-05-08 17:00:00,34.2,72.69,5.24,16.14,15.58,10.57,8.09,0.84,21.56,0.74,1.57,,,,0.31,,69.52,,,,,9.9,901.3,
2024-05-08 18:00:00,37.1,78.72,6.65,15.28,15.93,13.65,7.76,0.83,18.32,0.75,1.54,,,,0.31,,85.75,,,,,9.9,901.42,
2024-05-08 19:00:00,43.26,91.54,6.58,14.85,15.43,13.58,6.87,0.83,12.32,0.73,1.56,,,,0.32,,79.88,,,,,9.9,901.6,
2024-05-08 20:00:00,44.89,94.93,6.08,14.83,14.99,13.08,8.75,0.76,14.47,0.74,1.58,,,,0.31,,71.83,,,,,9.9,901.72,
2024-05-08 21:00:00,37.93,80.44,7.4,16.3,17.7,14.4,7.87,0.85,10.8,0.73,1.58,,,,0.32,,66.87,,,,,9.9,901.93,
2024-05-08 22:00:00,32.14,68.38,6.96,18.26,19.22,13.96,8.12,0.78,12.2,0.74,1.56,,,,0.31,,58.14,,,,,9.9,901.96,
2024-05-08 23:00:00,27.8,59.33,6.67,16.57,17.24,13.67,9.28,0.79,11.5,0.72,1.58,,,,0.31,,63.92,,,,,9.9,901.82,
2024-05-09 00:00:00,29.58,63.04,7.07,17.5,18.56,14.07,10.1,0.77,11.04,0.72,1.57,,,,0.31,,66.87,,,,,9.9,901.74,
2024-05-09 01:00:00,39.56,83.82,8.0,19.2,21.2,15.0,8.89,0.69,11.8,0.73,1.55,,,,0.31,,82.03,,,,,9.9,901.68,
2024-05-09 02:00:00,37.82,80.22,6.5,13.6,14.1,13.5,8.82,0.69,12.4,0.71,1.58,,,,0.31,,82.46,,,,,9.9,901.52,
2024-05-09 03:00:00,31.12,66.27,6.82,17.38,18.2,13.82,9.52,0.69,12.58,0.74,1.58,,,,0.32,,75.54,,,,,9.9,901.46,
2024-05-09 04:00:00,26.53,56.7,8.16,19.86,22.03,15.16,10.0,0.67,13.94,0.74,1.57,,,,0.32,,79.6,,,,,9.9,901.53,
2024-05-09 05:00:00,23.98,51.39,7.0,17.68,18.69,14.0,6.92,0.68,13.31,0.73,1.6,,,,0.31,,90.73,,,,,9.91,901.64,
2024-05-09 06:00:00,23.17,49.69,8.26,19.89,22.15,15.26,8.47,0.69,62.35,0.73,1.58,,,,0.31,,84.82,,,,,9.94,901.78,
2024-05-09 07:00:00,20.83,44.81,10.52,25.16,29.68,17.52,10.13,0.67,137.11,0.73,1.57,,,,0.31,,71.1,,,,,23.89,901.93,
2024-05-09 08:00:00,19.19,41.39,10.35,25.4,29.73,17.35,10.78,0.63,61.16,0.72,1.56,,,,0.32,,63.67,,,,,47.75,902.07,
2024-05-09 09:00:00,18.04,39.0,11.45,27.88,33.38,18.45,10.28,0.6,27.36,0.74,1.54,,,,0.31,,59.32,,,,,408.67,902.14,
2024-05-09 10:00:00,17.24,37.35,11.12,24.52,29.6,18.13,10.59,0.67,35.4,0.74,1.6,,,,0.3,,53.47,,,,,265.77,902.04,
2024-05-09 11:00:00,16.72,36.26,2.98,9.16,9.14,9.97,8.28,0.79,49.12,0.72,1.57,,,,0.3,,50.95,,,,,263.62,901.94,
2024-05-09 12:00:00,16.37,35.54,5.08,14.0,13.45,12.09,8.12,0.76,64.5,0.73,1.57,,,,0.31,,45.84,,,,,362.8,901.76,
2024-05-09 13:00:00,16.13,35.03,5.26,13.58,14.52,12.25,10.0,0.56,72.39,0.73,1.55,,,,0.31,,37.76,,,,,237.76,901.5,
2024-05-09 14:00:00,16.2,35.17,6.18,16.01,16.68,13.18,8.75,0.63,72.03,0.72,1.56,,,,0.3,,32.16,,,,,390.02,901.26,
2024-05-09 15:00:00,16.93,36.7,7.48,19.79,21.26,14.48,7.32,1.01,67.6,0.73,1.56,,,,0.31,,30.54,,,,,320.46,901.09,
2024-05-09 16:00:00,17.68,38.26,7.1,16.58,17.77,14.1,8.27,0.92,70.24,0.74,1.59,,,,0.32,,32.0,,,,,116.35,900.96,
2024-05-09 17:00:00,18.4,39.76,7.32,16.16,17.51,14.32,8.44,1.04,43.15,0.74,1.57,,,,0.31,,42.84,,,,,18.55,901.01,
2024-05-09 18:00:00,19.03,41.08,7.33,18.63,19.96,14.33,7.72,0.85,40.83,0.73,1.56,,,,0.3,,43.13,,,,,9.9,901.18,
2024-05-09 19:00:00,21.47,46.15,5.88,13.97,14.85,12.88,9.36,0.81,22.74,0.73,1.55,,,,0.31,,84.69,,,,,9.89,901.63,
2024-05-09 20:00:00,23.31,49.99,3.65,10.52,8.73,10.65,9.47,0.73,,0.74,1.56,,,,0.31,,99.62,,,,,9.9,901.88,
2024-05-09 21:00:00,22.35,47.98,6.55,15.12,15.72,10.61,8.65,0.7,,0.73,1.56,,,,0.31,,99.52,,,,,9.9,902.02,
2024-05-09 22:00:00,21.45,46.1,7.9,16.49,18.42,14.05,8.62,0.66,,0.73,1.56,,,,0.31,,99.58,,,,,9.9,902.08,
2024-05-09 23:00:00,26.0,55.57,7.78,16.84,18.64,14.78,9.07,0.61,,0.73,1.6,,,,0.32,,99.59,,,,,9.9,902.08,
2024-05-10 00:00:00,37.66,79.89,6.63,18.19,18.82,13.64,9.75,0.58,,0.72,1.55,,,,0.31,,99.63,,,,,9.9,901.92,
2024-05-10 01:00:00,33.73,71.69,7.36,18.68,20.05,14.36,8.52,0.56,,0.75,1.58,,,,0.31,,99.64,,,,,9.9,901.91,
2024-05-10 02:00:00,30.46,64.89,7.14,16.61,17.76,14.14,8.53,0.51,,0.72,1.59,,,,0.31,,99.65,,,,,9.9,901.74,
2024-05-10 03:00:00,30.63,65.23,6.52,16.03,16.56,13.52,9.24,0.53,,0.73,1.56,,,,0.32,,99.54,,,,,9.9,901.67,
2024-05-10 04:00:00,27.32,58.34,6.34,16.14,16.48,13.34,8.84,0.69,,0.72,1.56,,,,0.31,,99.46,,,,,9.9,901.71,
2024-05-10 05:00:00,25.62,54.79,5.7,15.98,15.67,12.7,9.12,0.68,,0.73,1.55,,,,0.3,,99.54,,,,,9.9,901.8,
2024-05-10 06:00:00,23.56,50.5,6.15,17.02,17.17,13.15,9.61,0.69,,0.72,1.6,,,,0.31,,99.55,,,,,9.9,902.03,
2024-05-10 07:00:00,22.14,47.55,6.34,17.24,17.58,13.34,10.59,0.7,,0.72,1.58,,,,0.3,,99.49,,,,,29.32,902.23,
2024-05-10 08:00:00,22.15,47.56,6.31,16.48,16.79,13.31,9.49,0.73,,0.76,1.58,,,,0.31,,99.34,,,,,84.12,902.44,
2024-05-10 09:00:00,21.24,45.68,6.62,18.31,18.93,13.62,7.68,0.71,,0.74,1.58,,,,0.31,,94.13,,,,,165.45,902.49,
2024-05-10 10:00:00,21.82,46.88,6.68,17.1,17.79,13.68,8.58,0.7,,0.72,1.57,,,,0.31,,81.04,,,,,422.82,902.48,
2024-05-10 11:00:00,25.22,53.96,7.33,17.84,19.19,14.34,10.11,0.68,,0.73,1.57,,,,0.32,,72.12,,,,,555.79,902.26,
2024-05-10 12:00:00,22.33,47.94,7.5,19.75,21.25,14.5,11.38,0.69,,0.72,1.58,,,,0.31,,62.38,,,,,647.53,902.03,
2024-05-10 13:00:00,20.5,44.12,7.02,16.68,17.7,14.02,11.85,0.73,,0.75,1.59,,,,0.31,,51.29,,,,,270.88,901.76,
2024-05-10 14:00:00,20.08,43.25,8.25,18.6,20.85,15.25,11.82,0.76,,0.73,1.57,,,,0.32,,46.32,,,,,375.82,901.47,
2024-05-10 15:00:00,20.24,43.59,7.59,18.24,19.84,14.6,10.17,0.82,,0.73,1.56,,,,0.32,,42.11,,,,,297.19,901.25,
2024-05-10 16:00:00,21.07,45.32,6.05,15.7,15.74,13.05,10.15,0.9,,0.75,1.55,,,,0.31,,65.63,,,,,34.66,901.32,
2024-05-10 17:00:00,24.25,51.94,6.76,17.1,17.87,13.76,9.65,1.02,,0.72,1.57,,,,0.31,,70.66,,,,,20.75,901.3,
2024-05-10 18:00:00,23.95,51.31,6.77,17.01,17.82,13.77,9.38,1.0,,0.73,1.56,,,,0.31,,61.8,,,,,9.9,901.42,
2024-05-10 19:00:00,29.0,61.84,6.24,16.01,16.25,13.24,8.45,0.98,,0.74,1.55,,,,0.31,,59.36,,,,,9.9,901.62,
2024-05-10 20:00:00,31.49,67.01,7.26,19.16,20.42,14.26,9.44,0.81,,0.73,1.57,,,,0.31,,57.9,,,,,9.9,901.87,
2024-05-10 21:00:00,29.54,62.95,6.37,14.06,14.47,13.37,9.71,0.73,,0.72,1.55,,,,0.32,,58.89,,,,,9.9,902.09,
2024-05-10 22:00:00,31.08,66.16,7.62,15.09,16.71,14.62,10.04,0.71,,0.74,1.56,,,,0.31,,63.02,,,,,9.9,902.25,
2024-05-10 23:00:00,27.09,57.85,7.01,16.6,17.61,14.01,9.05,0.69,,0.74,1.57,,,,0.31,,91.06,,,,,9.9,902.52,
2024-05-11 00:00:00,27.37,58.44,5.62,14.58,14.2,12.62,8.16,0.62,,0.72,1.57,,,,0.32,,99.69,,,,,9.9,902.38,
2024-05-11 01:00:00,30.85,65.69,6.48,18.57,19.05,13.48,8.16,0.6,,0.74,1.56,,,,0.31,,99.61,,,,,9.91,902.03,
2024-05-11 02:00:00,28.6,61.0,7.3,18.8,20.1,14.3,7.99,0.63,,0.74,1.58,,,,0.3,,99.64,,,,,9.91,902.0,
2024-05-11 03:00:00,26.65,56.94,6.31,17.1,17.4,13.3,8.68,0.65,,0.73,1.57,,,,0.32,,99.59,,,,,9.9,901.86,
2024-05-11 04:00:00,27.37,58.45,8.08,17.73,19.81,15.08,8.84,0.68,,0.74,1.56,,,,0.3,,99.51,,,,,9.91,901.83,
2024-05-11 05:00:00,25.58,54.72,7.67,18.32,19.99,14.67,7.4,0.68,,0.73,1.59,,,,0.31,,99.51,,,,,9.91,901.97,
2024-05-11 06:00:00,27.07,57.82,6.66,15.71,16.37,13.66,8.54,0.7,,0.76,1.57,,,,0.31,,99.58,,,,,18.46,902.18,
2024-05-11 07:00:00,29.65,63.19,7.14,17.48,18.62,14.14,8.39,0.69,,0.73,1.58,,,,0.3,,99.05,,,,,80.11,902.34,
2024-05-11 08:00:00,26.48,56.58,5.77,16.72,16.49,12.77,8.76,0.71,,0.74,1.57,,,,0.31,,84.18,,,,,98.44,902.44,
2024-05-11 09:00:00,25.1,53.72,6.54,16.76,17.3,13.54,9.69,0.7,,0.74,1.56,,,,0.32,,77.9,,,,,412.37,902.48,
2024-05-11 10:00:00,26.96,57.6,8.15,20.98,23.13,15.15,9.32,0.66,,0.73,1.58,,,,0.31,,70.24,,,,,558.88,902.44,
2024-05-11 11:00:00,23.58,50.54,7.58,19.85,21.43,14.58,8.59,0.66,,0.74,1.57,,,,0.31,,64.11,,,,,385.9,902.34,
2024-05-11 12:00:00,21.46,46.11,7.36,19.02,20.38,14.36,9.15,0.67,,0.73,1.54,,,,0.31,,56.36,,,,,311.3,902.14,
2024-05-11 13:00:00,20.42,43.96,6.63,15.32,15.98,13.64,9.98,0.67,,0.72,1.58,,,,0.3,,48.8,,,,,254.47,901.89,
2024-05-11 14:00:00,20.6,44.33,7.52,18.99,20.51,14.52,10.45,0.65,,0.74,1.58,,,,0.32,,43.63,,,,,470.84,901.7,
2024-05-11 15:00:00,22.68,48.68,7.38,17.74,19.14,14.38,9.68,0.69,,0.72,1.58,,,,0.3,,40.94,,,,,277.51,901.54,
2024-05-11 16:00:00,24.08,51.59,7.33,18.31,19.9,14.34,9.02,0.7,,0.74,1.56,,,,0.3,,40.92,,,,,175.12,901.47,
2024-05-11 17:00:00,23.62,50.64,7.94,19.46,21.4,14.94,9.89,0.84,,0.71,1.56,,,,0.31,,46.89,,,,,24.68,901.49,
2024-05-11 18:00:00,24.57,52.61,5.92,19.27,19.19,12.92,8.44,0.82,,0.72,1.58,,,,0.32,,56.06,,,,,9.9,901.66,
2024-05-11 19:00:00,30.66,65.29,8.29,18.09,20.38,15.29,8.31,0.88,,0.72,1.58,,,,0.31,,57.5,,,,,9.9,901.88,
2024-05-11 20:00:00,34.61,73.52,7.62,17.64,19.26,14.63,8.24,0.8,,0.74,1.58,,,,0.32,,60.15,,,,,9.9,902.13,
2024-05-11 21:00:00,31.65,67.36,7.36,18.07,19.44,14.36,9.2,0.75,,0.74,1.58,,,,0.31,,64.99,,,,,9.9,902.28,
2024-05-11 22:00:00,31.74,67.56,7.05,18.41,19.45,14.05,8.94,0.73,,0.72,1.56,,,,0.31,,69.18,,,,,9.9,902.38,
2024-05-11 23:00:00,30.43,64.82,6.85,18.5,19.34,13.85,8.57,0.72,,0.72,1.58,,,,0.31,,74.34,,,,,9.9,902.4,
2024-05-12 00:00:00,34.03,72.32,6.54,17.0,17.53,13.54,8.49,0.68,,0.72,1.6,,,,0.31,,85.05,,,,,9.9,902.22,
2024-05-12 01:00:00,37.5,79.56,7.59,17.73,19.31,14.59,8.01,0.66,,0.72,1.56,,,,0.32,,87.82,,,,,9.9,902.1,
2024-05-12 02:00:00,33.87,71.97,7.66,19.78,21.44,14.66,7.71,0.64,,0.72,1.58,,,,0.31,,86.53,,,,,9.9,902.03,
2024-05-12 03:00:00,30.31,64.57,7.17,17.1,18.27,14.17,9.4,0.65,,0.72,1.57,,,,0.32,,87.93,,,,,9.9,901.89,
2024-05-12 04:00:00,26.58,56.79,6.66,17.14,17.8,13.66,9.37,0.72,,0.72,1.57,,,,0.32,,97.61,,,,,9.9,901.92,
2024-05-12 05:00:00,24.89,53.28,7.77,21.74,23.52,14.77,8.18,0.73,,0.71,1.58,,,,0.31,,98.89,,,,,9.9,902.07,
2024-05-12 06:00:00,23.88,51.17,6.87,16.09,17.01,13.87,8.79,0.75,,0.74,1.58,,,,0.31,,99.43,,,,,10.27,902.22,
2024-05-12 07:00:00,26.26,56.12,6.92,18.89,19.82,13.93,7.57,0.75,,0.74,1.54,,,,0.3,,99.16,,,,,26.98,902.43,
2024-05-12 08:00:00,32.63,69.4,7.2,17.48,18.69,14.21,7.11,0.76,,0.72,1.56,,,,0.3,,92.38,,,,,67.45,902.54,
2024-05-12 09:00:00,28.9,61.64,6.74,18.03,18.78,13.74,9.29,0.74,,0.73,1.56,,,,0.31,,74.88,,,,,241.32,902.56,
2024-05-12 10:00:00,26.3,56.22,7.11,18.01,19.12,14.1,9.34,0.74,,0.75,1.55,,,,0.31,,67.3,,,,,281.77,902.49,
2024-05-12 11:00:00,25.19,53.9,6.89,15.82,16.78,13.89,8.84,0.71,,0.74,1.57,,,,0.31,,60.32,,,,,265.64,902.38,
2024-05-12 12:00:00,23.45,50.27,7.0,16.3,17.29,14.0,9.67,0.72,,0.73,1.56,,,,0.32,,54.08,,,,,238.29,902.19,
2024-05-12 13:00:00,22.4,48.09,7.77,19.65,21.42,14.77,9.81,0.74,,0.73,1.58,,,,0.3,,46.98,,,,,191.0,901.85,
2024-05-12 14:00:00,21.02,45.2,8.16,19.97,22.12,15.16,8.31,0.75,,0.74,1.57,,,,0.31,,39.23,,,,,344.12,901.54,
2024-05-12 15:00:00,19.55,42.14,7.18,15.97,17.15,14.18,8.9,0.79,,0.72,1.56,,,,0.32,,39.49,,,,,174.64,901.28,
2024-05-12 16:00:00,19.28,41.6,7.47,15.88,17.46,14.47,8.69,0.9,,0.73,1.57,,,,0.31,,47.82,,,,,38.9,901.26,
2024-05-12 17:00:00,19.9,42.87,7.73,18.67,20.4,14.73,8.63,0.9,,0.73,1.58,,,,0.3,,55.93,,,,,10.56,901.38,
2024-05-12 18:00:00,20.68,44.5,6.16,14.13,14.3,13.17,9.2,0.87,,0.74,1.56,,,,0.31,,54.55,,,,,9.9,901.68,
2024-05-12 19:00:00,20.3,43.72,6.79,16.7,17.6,13.8,9.86,0.8,,0.74,1.57,,,,0.32,,63.72,,,,,9.89,901.84,
2024-05-12 20:00:00,20.86,44.88,5.51,14.03,13.58,12.5,9.4,0.75,,0.72,1.58,,,,0.31,,70.51,,,,,9.9,902.0,
2024-05-12 21:00:00,24.74,52.97,6.87,18.64,19.51,13.87,8.61,0.74,,0.73,1.57,,,,0.32,,72.79,,,,,9.9,902.14,
2024-05-12 22:00:00,24.84,53.18,6.65,16.0,16.65,13.65,7.96,0.78,,0.74,1.57,,,,0.3,,70.95,,,,,9.9,902.16,
2024-05-12 23:00:00,25.44,54.42,6.76,17.84,18.59,13.76,8.25,0.72,,0.75,1.58,,,,0.31,,70.0,,,,,9.9,902.14,
2024-05-13 00:00:00,30.87,65.74,6.7,15.42,16.12,13.7,8.07,0.68,,0.74,1.56,,,,0.31,,79.47,,,,,9.9,902.08,
2024-05-13 01:00:00,30.49,64.95,6.25,15.87,16.12,13.25,8.24,0.65,,0.74,1.57,,,,0.31,,94.66,,,,,9.9,901.92,
2024-05-13 02:00:00,27.4,58.52,6.76,17.99,18.75,13.76,8.17,0.64,,0.72,1.57,,,,0.3,,98.95,,,,,9.9,901.81,
2024-05-13 03:00:00,24.12,51.68,7.3,17.84,19.16,14.3,8.97,0.66,,0.72,1.56,,,,0.31,,99.22,,,,,9.9,901.73,
2024-05-13 04:00:00,24.23,51.9,6.97,15.36,16.32,13.97,8.83,0.71,,0.72,1.55,,,,0.32,,99.48,,,,,9.9,901.94,
2024-05-13 05:00:00,27.37,58.45,7.04,15.75,16.8,14.04,8.64,0.75,,0.71,1.58,,,,0.3,,99.48,,,,,9.9,902.03,
2024-05-13 06:00:00,28.53,60.85,6.64,16.1,17.36,13.89,7.01,0.77,,0.74,1.58,,,,0.31,,99.46,,,,,11.87,902.2,
2024-05-13 07:00:00,31.28,66.58,8.28,19.65,21.92,15.27,8.55,0.76,,0.75,1.58,,,,0.3,,98.25,,,,,64.24,902.33,
2024-05-13 08:00:00,27.5,58.7,6.76,18.14,18.9,13.76,8.64,0.78,,0.74,1.59,,,,0.32,,94.45,,,,,126.29,902.4,
2024-05-13 09:00:00,27.7,59.13,7.22,19.55,20.77,14.22,8.18,0.76,,0.74,1.56,,,,0.3,,80.9,,,,,332.43,902.44,
2024-05-13 10:00:00,33.29,70.77,7.86,18.94,20.8,14.85,8.37,0.76,,0.75,1.57,,,,0.3,,70.34,,,,,240.06,902.34,
2024-05-13 11:00:00,28.85,61.52,7.22,19.68,20.94,14.23,9.96,0.82,,0.74,1.55,,,,0.31,,67.1,,,,,263.79,902.23,
2024-05-13 12:00:00,29.21,62.28,6.97,17.42,18.39,13.97,10.76,0.78,,0.72,1.56,,,,0.31,,62.99,,,,,273.02,902.0,
2024-05-13 13:00:00,34.95,74.23,10.02,25.4,29.48,17.01,9.52,0.71,,0.74,1.6,,,,0.32,,58.05,,,,,204.9,901.67,
2024-05-13 14:00:00,29.04,61.91,8.57,20.19,22.76,15.57,7.38,0.7,,0.75,1.56,,,,0.31,,59.35,,,,,134.5,901.44,
2024-05-13 15:00:00,25.87,55.31,6.36,14.94,15.5,13.35,8.26,0.62,,0.72,1.56,,,,0.31,,56.36,,,,,165.59,901.31,
2024-05-13 16:00:00,24.3,52.03,4.14,11.73,10.54,11.14,9.82,0.66,,0.72,1.58,,,,0.31,,53.14,,,,,145.74,901.22,
2024-05-13 17:00:00,23.31,49.98,6.81,16.16,16.98,13.81,9.12,0.74,,0.72,1.58,,,,0.31,,51.58,,,,,32.04,901.29,
2024-05-13 18:00:00,23.46,50.29,7.17,16.73,17.9,14.17,9.15,0.71,,0.73,1.56,,,,0.32,,54.28,,,,,9.9,901.44,
2024-05-13 19:00:00,23.32,50.0,5.75,15.3,15.1,12.75,9.69,0.73,,0.75,1.56,,,,0.32,,57.39,,,,,9.9,901.56,
2024-05-13 20:00:00,23.39,50.15,5.65,17.18,16.83,12.66,9.66,0.78,,0.74,1.57,,,,0.31,,58.66,,,,,9.9,901.74,
2024-05-13 21:00:00,22.67,48.64,7.3,17.29,18.58,14.3,11.4,0.75,,0.72,1.58,,,,0.31,,66.59,,,,,9.9,901.95,
2024-05-13 22:00:00,22.48,48.25,7.1,17.21,18.31,14.1,10.72,0.7,,0.74,1.58,,,,0.32,,84.67,,,,,9.9,902.04,
2024-05-13 23:00:00,22.18,47.63,7.19,17.23,18.42,14.19,9.18,0.66,,0.74,1.56,,,,0.32,,99.39,,,,,9.9,902.0,
2024-05-14 00:00:00,22.05,47.35,6.15,15.03,15.18,13.15,10.36,0.66,,0.72,1.58,,,,0.31,,99.54,,,,,9.9,902.01,
2024-05-14 01:00:00,20.58,44.3,7.72,20.14,21.86,14.72,9.92,0.65,,0.74,1.56,,,,0.31,,99.55,,,,,9.9,901.92,
2024-05-14 02:00:00,20.38,43.88,7.12,17.98,19.09,14.12,8.36,0.68,,0.72,1.54,,,,0.31,,99.53,,,,,9.9,901.79,
2024-05-14 03:00:00,19.6,42.25,7.93,17.05,18.98,14.93,8.63,0.62,,0.74,1.58,,,,0.3,,99.56,,,,,9.9,901.75,
2024-05-14 04:00:00,19.56,42.17,6.7,16.76,17.46,13.7,9.93,0.87,,0.74,1.57,,,,0.3,,99.56,,,,,9.9,901.78,
2024-05-14 05:00:00,19.89,42.87,6.6,16.73,17.32,13.59,9.24,0.89,,0.73,1.57,,,,0.3,,99.61,,,,,9.9,901.84,
2024-05-14 06:00:00,19.19,41.4,6.56,17.12,17.68,13.55,8.91,0.88,,0.74,1.56,,,,0.31,,99.63,,,,,22.2,901.82,
2024-05-14 07:00:00,18.96,40.93,6.94,17.1,18.04,13.93,8.34,0.9,,0.73,1.56,,,,0.31,,99.57,,,,,55.22,901.97,
2024-05-14 08:00:00,20.66,44.45,6.82,17.19,18.02,13.82,7.87,0.99,,0.73,1.57,,,,0.31,,99.48,,,,,107.83,902.2,
2024-05-14 09:00:00,22.58,48.47,6.64,17.7,18.33,13.64,8.87,1.0,,0.73,1.58,,,,0.3,,96.32,,,,,190.3,902.34,
2024-05-14 10:00:00,22.19,47.65,5.93,14.28,14.21,12.93,8.75,1.0,,0.72,1.58,,,,0.3,,79.68,,,,,371.16,902.32,
2024-05-14 11:00:00,23.57,50.53,9.29,24.62,27.91,16.29,8.78,1.0,,0.73,1.57,,,,0.3,,73.6,,,,,259.81,902.19,
2024-05-14 12:00:00,29.4,62.66,5.86,14.58,14.47,12.86,9.29,0.8,,0.72,1.55,,,,0.32,,63.91,,,,,307.81,901.98,
2024-05-14 13:00:00,26.06,55.7,3.3,17.97,18.52,10.3,12.54,0.82,,0.71,1.57,,,,0.31,,45.6,,,,,253.76,901.72,
2024-05-14 14:00:00,24.5,52.46,7.65,20.52,22.88,14.65,14.3,0.96,,0.73,1.56,,,,0.32,,44.1,,,,,455.78,901.54,
2024-05-14 15:00:00,15.36,33.42,7.66,21.31,23.67,14.65,11.52,1.69,,0.73,1.56,,,,0.3,,41.19,,,,,377.23,901.35,
2024-05-14 16:00:00,22.2,47.67,7.21,17.48,19.4,14.21,12.37,1.68,,0.72,1.57,,,,0.32,,43.24,,,,,158.66,901.23,
2024-05-14 17:00:00,21.2,45.57,6.34,17.13,18.23,13.34,12.65,1.78,,0.74,1.56,,,,0.31,,44.1,,,,,22.16,901.36,
2024-05-14 18:00:00,20.58,44.3,6.58,18.45,19.82,13.58,11.35,5.66,,0.72,1.58,,,,0.32,,47.78,,,,,9.9,901.55,
2024-05-14 19:00:00,19.51,42.06,7.33,18.99,21.02,14.33,11.66,5.05,,0.72,1.58,,,,0.32,,61.62,,,,,9.9,901.73,
2024-05-14 20:00:00,18.5,39.96,5.56,17.64,17.89,12.54,11.87,1.85,,0.73,1.57,,,,0.32,,61.36,,,,,9.9,901.95,
2024-05-14 21:00:00,18.69,40.34,6.4,15.57,16.67,13.4,12.36,1.79,,0.72,1.6,,,,0.31,,67.83,,,,,9.9,902.16,
2024-05-14 22:00:00,18.42,39.8,5.92,13.94,14.56,12.92,12.09,1.65,,0.73,1.58,,,,0.31,,71.08,,,,,9.9,902.18,
2024-05-14 23:00:00,19.24,41.5,5.62,16.88,17.21,12.62,12.4,1.66,,0.73,1.57,,,,0.31,,71.42,,,,,9.9,902.16,
2024-05-15 00:00:00,19.42,41.88,6.39,16.84,17.93,13.39,11.78,1.63,,0.72,1.58,,,,0.3,,74.94,,,,,9.9,902.08,
2024-05-15 01:00:00,18.99,40.97,6.64,18.26,19.61,13.64,11.68,1.66,,0.72,1.59,,,,0.3,,79.39,,,,,9.9,901.96,
2024-05-15 02:00:00,19.45,41.94,6.57,17.52,18.79,13.58,13.22,1.7,,0.72,1.58,,,,0.32,,84.99,,,,,9.9,901.9,
2024-05-15 03:00:00,19.39,41.82,6.96,18.16,19.81,13.96,12.37,1.72,,0.74,1.55,,,,0.31,,97.49,,,,,9.9,901.84,
2024-05-15 04:00:00,18.86,40.7,6.18,15.84,16.72,13.18,11.8,1.66,,0.72,1.57,,,,0.3,,99.14,,,,,9.9,901.86,
2024-05-15 05:00:00,21.6,46.43,6.2,18.3,19.19,13.2,11.3,1.64,,0.75,1.58,,,,0.32,,99.43,,,,,9.9,902.01,
2024-05-15 06:00:00,21.66,46.55,6.46,18.4,19.56,13.46,12.5,1.67,,0.73,1.58,,,,0.31,,99.42,,,,,10.96,902.14,
2024-05-15 07:00:00,21.79,46.82,5.9,16.39,17.0,12.9,11.72,1.7,,0.74,1.57,,,,0.31,,97.02,,,,,43.54,902.29,
2024-05-15 08:00:00,21.29,45.76,5.86,16.76,17.31,12.85,11.3,1.76,,0.73,1.54,,,,0.31,,92.83,,,,,81.34,902.35,
2024-05-15 09:00:00,22.46,48.22,6.06,16.37,17.12,13.06,12.37,1.69,,0.73,1.57,,,,0.3,,79.32,,,,,321.42,902.32,
2024-05-15 10:00:00,22.88,49.1,9.38,23.86,27.94,16.38,11.78,1.8,,0.75,1.58,,,,0.31,,67.67,,,,,322.63,902.2,
2024-05-15 11:00:00,22.44,48.16,7.51,18.06,20.34,14.51,12.08,1.96,,0.74,1.58,,,,0.32,,61.46,,,,,210.6,902.13,
2024-05-15 12:00:00,32.49,69.1,3.97,12.9,12.25,10.97,12.86,1.64,,0.74,1.57,,,,0.31,,50.88,,,,,260.57,901.96,
2024-05-15 13:00:00,29.26,62.37,6.66,17.19,18.55,13.66,12.67,1.38,20.27,0.76,1.56,,,,0.31,,46.98,,,,,216.85,901.74,
2024-05-15 14:00:00,25.66,54.88,8.09,20.72,23.51,15.09,13.76,1.31,40.4,0.73,1.57,,,,0.31,,44.16,,,,,221.19,901.55,
2024-05-15 15:00:00,23.9,51.2,7.46,21.7,23.86,14.46,11.63,1.34,35.8,0.74,1.57,,,,0.31,,38.52,,,,,323.46,901.38,
2024-05-15 16:00:00,22.36,48.0,7.21,19.93,21.84,14.21,11.36,1.43,33.86,0.74,1.57,,,,0.31,,36.35,,,,,204.68,901.35,
2024-05-15 17:00:00,22.21,47.68,5.94,18.84,19.49,12.94,12.88,1.39,35.57,0.74,1.57,,,,0.3,,40.58,,,,,23.7,901.42,
2024-05-15 18:00:00,22.44,48.16,6.36,17.95,19.0,13.35,12.64,1.35,30.57,0.74,1.56,,,,0.32,,44.15,,,,,9.9,901.6,
2024-05-15 19:00:00,22.32,47.92,5.87,16.5,17.08,12.88,11.58,1.39,30.81,0.71,1.57,,,,0.3,,50.75,,,,,9.9,901.82,
2024-05-15 20:00:00,21.76,46.75,5.28,14.93,14.92,12.28,10.84,1.72,23.94,0.72,1.6,,,,0.3,,51.2,,,,,9.89,902.0,
2024-05-15 21:00:00,21.83,46.9,6.18,16.13,17.01,13.18,12.04,1.67,27.46,0.71,1.58,,,,0.31,,49.36,,,,,9.9,902.17,
2024-05-15 22:00:00,21.8,46.84,6.34,16.73,17.8,13.34,11.56,1.7,34.26,0.74,1.57,,,,0.3,,53.86,,,,,9.9,902.27,
2024-05-15 23:00:00,21.73,46.69,5.36,15.31,15.43,12.35,11.32,1.76,35.63,0.72,1.53,,,,0.3,,70.98,,,,,9.9,902.29,
2024-05-16 00:00:00,20.46,44.06,5.09,16.5,16.29,12.09,11.32,1.68,30.18,0.73,1.58,,,,0.31,,83.66,,,,,9.9,902.16,
2024-05-16 01:00:00,22.0,47.25,5.84,14.82,15.36,12.84,11.87,1.66,28.56,0.73,1.6,,,,0.32,,88.39,,,,,9.9,902.06,
2024-05-16 02:00:00,26.76,57.17,6.0,15.94,16.64,13.0,12.55,1.66,25.8,0.72,1.57,,,,0.31,,87.64,,,,,9.9,901.96,
2024-05-16 03:00:00,25.92,55.42,7.13,17.92,19.75,14.13,12.19,1.6,32.47,0.74,1.58,,,,0.31,,79.11,,,,,9.9,901.87,
2024-05-16 04:00:00,23.95,51.31,6.11,17.5,18.31,13.11,10.82,1.59,36.38,0.73,1.58,,,,0.31,,81.17,,,,,9.9,901.82,
2024-05-16 05:00:00,22.49,48.27,5.58,15.57,15.86,12.58,10.33,1.58,32.45,0.73,1.56,,,,0.31,,89.56,,,,,9.9,901.91,
2024-05-16 06:00:00,22.14,47.56,6.39,15.84,16.93,13.39,11.49,1.65,25.4,0.74,1.58,,,,0.31,,96.38,,,,,10.24,902.06,
2024-05-16 07:00:00,21.38,45.95,6.26,16.9,17.87,13.26,11.95,1.68,23.0,0.74,1.55,,,,0.3,,94.26,,,,,37.26,902.25,
2024-05-16 08:00:00,20.84,44.83,5.47,14.41,14.58,12.47,11.99,1.62,21.46,0.73,1.57,,,,0.31,,93.38,,,,,42.42,902.43,
2024-05-16 09:00:00,20.35,43.82,6.07,16.33,17.1,13.07,11.6,1.49,24.38,0.72,1.58,,,,0.31,,91.62,,,,,68.67,902.58,
2024-05-16 10:00:00,19.52,42.08,6.98,16.26,17.94,13.98,11.26,1.58,28.79,0.74,1.56,,,,0.3,,78.41,,,,,153.26,902.44,
2024-05-16 11:00:00,21.14,45.48,6.26,17.66,18.61,13.26,11.16,1.55,36.62,0.76,1.54,,,,0.32,,73.7,,,,,128.31,902.29,
2024-05-16 12:00:00,25.46,54.44,6.14,15.86,16.69,13.13,12.06,1.59,45.11,0.73,1.56,,,,0.32,,67.34,,,,,189.28,902.08,
2024-05-16 13:00:00,25.4,54.34,6.59,19.4,20.69,13.59,11.3,1.62,53.26,0.75,1.59,,,,0.3,,58.46,,,,,228.48,901.81,
2024-05-16 14:00:00,23.25,49.85,7.25,20.13,22.08,14.25,11.22,1.55,54.94,0.72,1.56,,,,0.32,,51.92,,,,,203.04,901.58,
2024-05-16 15:00:00,21.9,47.05,6.93,19.02,20.67,13.93,11.84,1.56,59.2,0.73,1.55,,,,0.3,,51.22,,,,,231.89,901.34,
2024-05-16 16:00:00,26.36,56.33,7.04,18.87,20.61,14.04,11.43,1.5,62.28,0.74,1.56,,,,0.32,,50.48,,,,,150.29,901.17,
2024-05-16 17:00:00,27.42,58.52,5.98,16.91,17.6,12.98,11.84,1.6,47.03,0.72,1.59,,,,0.3,,48.4,,,,,21.69,901.19,
2024-05-16 18:00:00,26.99,57.64,6.26,16.72,17.68,13.26,12.23,1.61,38.52,0.73,1.56,,,,0.31,,50.42,,,,,9.9,901.4,
2024-05-16 19:00:00,28.92,61.66,4.76,13.54,13.24,11.76,11.88,1.58,34.46,0.72,1.56,,,,0.31,,65.78,,,,,9.9,901.68,
2024-05-16 20:00:00,26.41,56.44,7.2,19.66,21.56,14.2,11.39,1.69,32.64,0.74,1.58,,,,0.32,,65.97,,,,,9.9,901.92,
2024-05-16 21:00:00,24.14,51.7,5.46,15.18,15.43,12.46,11.74,1.66,29.9,0.73,1.56,,,,0.32,,69.71,,,,,9.9,902.07,
2024-05-16 22:00:00,25.12,53.76,5.92,15.12,15.73,12.92,12.4,1.69,29.22,0.74,1.56,,,,0.31,,75.69,,,,,9.9,902.06,
2024-05-16 23:00:00,25.51,54.56,5.92,17.37,17.99,12.92,10.32,1.68,24.87,0.73,1.56,,,,0.3,,84.52,,,,,9.9,901.9,
2024-05-17 00:00:00,26.58,56.78,5.69,17.1,17.5,12.69,10.49,1.71,20.22,0.73,1.56,,,,0.3,,92.61,,,,,9.9,901.79,
2024-05-17 01:00:00,26.52,56.66,6.1,18.45,19.26,13.1,11.7,1.72,20.42,0.74,1.58,,,,0.32,,94.23,,,,,9.9,901.69,
2024-05-17 02:00:00,23.88,51.18,6.48,17.21,18.39,13.48,10.6,1.71,24.02,0.72,1.58,,,,0.31,,96.79,,,,,9.9,901.62,
2024-05-17 03:00:00,22.38,48.02,5.71,16.24,16.65,12.71,11.02,1.66,25.62,0.74,1.58,,,,0.3,,96.8,,,,,9.9,901.6,
2024-05-17 04:00:00,24.87,53.23,7.0,18.2,19.9,14.0,12.59,1.58,26.39,0.73,1.56,,,,0.31,,90.9,,,,,9.9,901.59,
2024-05-17 05:00:00,23.4,50.18,6.06,17.1,17.86,13.06,11.28,1.63,21.62,0.73,1.57,,,,0.31,,98.42,,,,,9.9,901.68,
2024-05-17 06:00:00,22.92,49.16,5.85,16.77,17.32,12.85,10.92,1.7,19.2,0.74,1.56,,,,0.3,,99.52,,,,,9.9,901.78,
2024-05-17 07:00:00,22.14,47.55,6.65,17.26,18.61,13.65,11.3,1.72,23.0,0.71,1.59,,,,0.3,,99.46,,,,,21.88,901.99,
2024-05-17 08:00:00,22.53,48.35,5.05,14.74,14.5,12.05,12.05,1.74,25.18,0.74,1.59,,,,0.32,,99.24,,,,,72.29,902.09,
2024-05-17 09:00:00,21.12,45.41,6.21,17.42,18.33,13.21,12.14,1.74,30.76,0.72,1.58,,,,0.3,,87.25,,,,,249.35,902.08,
2024-05-17 10:00:00,20.0,43.1,7.02,18.08,19.8,14.02,11.88,1.66,36.1,0.73,1.56,,,,0.3,,75.11,,,,,384.2,902.05,
2024-05-17 11:00:00,23.29,49.94,8.43,21.28,24.4,15.42,11.45,1.86,29.83,0.73,1.56,,,,0.31,,64.57,,,,,403.18,901.88,
2024-05-17 12:00:00,26.42,56.46,5.68,15.54,15.98,12.68,12.77,1.81,33.19,0.75,1.56,,,,0.32,,56.96,,,,,308.86,901.62,
2024-05-17 13:00:00,26.7,57.04,5.65,17.12,17.62,12.65,13.35,1.61,104.62,0.74,1.58,,,,0.31,,53.19,,,,,191.26,901.38,
2024-05-17 14:00:00,24.3,52.05,6.36,16.94,18.0,13.36,12.58,1.39,30.34,0.72,1.56,,,,0.31,,53.29,,,,,222.06,901.18,
2024-05-17 15:00:00,23.65,50.68,6.13,16.56,17.39,13.13,11.51,1.3,32.22,0.72,1.58,,,,0.31,,59.19,,,,,70.48,901.11,
2024-05-17 16:00:00,23.73,50.85,6.2,17.28,18.18,13.2,12.14,1.3,35.26,0.72,1.59,,,,0.31,,64.27,,,,,24.26,901.09,
2024-05-17 17:00:00,22.92,49.18,5.8,15.76,16.25,12.8,12.53,1.3,24.07,0.76,1.56,,,,0.31,,76.44,,,,,14.82,901.23,
2024-05-17 18:00:00,22.02,47.3,6.42,15.77,16.89,13.42,11.97,1.32,23.26,0.71,1.56,,,,0.31,,75.57,,,,,9.9,901.39,
2024-05-17 19:00:00,22.02,47.29,6.45,18.24,19.38,13.45,12.54,1.38,23.67,0.72,1.56,,,,0.3,,79.09,,,,,9.9,901.72,
2024-05-17 20:00:00,21.63,46.48,6.55,17.66,18.92,13.55,12.8,1.65,25.36,0.74,1.59,,,,0.31,,90.24,,,,,9.9,901.86,
2024-05-17 21:00:00,24.14,51.71,6.0,14.63,15.33,13.0,12.67,1.68,21.48,0.73,1.57,,,,0.31,,95.22,,,,,9.9,901.92,
2024-05-17 22:00:00,23.9,51.21,5.7,18.21,18.6,12.7,11.54,1.65,25.95,0.73,1.56,,,,0.3,,94.57,,,,,9.9,901.95,
2024-05-17 23:00:00,23.49,50.35,5.91,16.74,17.36,12.91,10.9,1.65,26.86,0.72,1.56,,,,0.32,,91.16,,,,,9.9,901.86,
2024-05-18 00:00:00,22.4,48.08,6.16,17.16,18.01,13.16,11.46,1.76,25.81,0.75,1.58,,,,0.31,,90.0,,,,,9.9,901.68,
2024-05-18 01:00:00,22.17,47.61,6.7,17.39,18.78,13.7,12.13,1.71,21.16,0.72,1.56,,,,0.31,,96.06,,,,,9.9,901.5,
2024-05-18 02:00:00,20.9,44.96,6.54,17.12,18.36,13.54,11.57,1.74,24.46,0.72,1.57,,,,0.31,,98.8,,,,,9.9,901.36,
2024-05-18 03:00:00,19.6,42.25,7.04,18.64,20.39,14.04,11.18,1.73,24.14,0.73,1.58,,,,0.32,,98.79,,,,,9.9,901.3,
2024-05-18 04:00:00,18.9,40.79,6.04,17.78,18.52,13.04,11.59,1.56,25.06,0.73,1.56,,,,0.3,,98.43,,,,,9.9,901.24,
2024-05-18 05:00:00,19.98,43.04,6.18,17.8,18.68,13.18,11.78,1.58,26.08,0.73,1.56,,,,0.32,,98.66,,,,,9.9,901.32,
2024-05-18 06:00:00,20.15,43.4,6.02,16.18,16.89,13.02,12.58,1.52,27.21,0.72,1.58,,,,0.32,,98.91,,,,,9.9,901.48,
2024-05-18 07:00:00,21.13,45.42,6.28,17.32,18.3,13.28,13.52,1.59,33.24,0.73,1.58,,,,0.31,,96.68,,,,,9.95,901.6,
2024-05-18 08:00:00,21.04,45.26,6.46,17.78,18.94,13.46,11.64,1.64,32.1,0.72,1.58,,,,0.3,,91.69,,,,,47.8,901.68,
2024-05-18 09:00:00,21.41,46.03,6.98,18.66,20.33,13.97,10.19,1.62,36.02,0.72,1.58,,,,0.31,,75.88,,,,,194.89,901.7,
2024-05-18 10:00:00,20.25,43.6,6.43,16.78,17.91,13.43,11.52,1.56,44.76,0.73,1.57,,,,0.31,,68.52,,,,,209.01,901.69,
2024-05-18 11:00:00,19.41,41.86,7.52,19.06,21.28,14.52,11.37,1.52,56.44,0.73,1.56,,,,0.3,,59.82,,,,,204.7,901.56,
2024-05-18 12:00:00,,,,,,,,,,,,,,,,,,,,,,,,
2024-05-18 13:00:00,,,,,,,,,,,,,,,,,,,,,,,,
2024-05-18 14:00:00,,,,,,,,,,,,,,,,,,,,,,,,
2024-05-18 15:00:00,,,,,,,,,,,,,,,,,,,,,,,,
2024-05-18 16:00:00,,,,,,,,,,,,,,,,,,,,,,,,
2024-05-18 17:00:00,,,,,,,,,,,,,,,,,,,,,,,,
2024-05-18 18:00:00,,,,,,,,,,,,,,,,,,,,,,,,
2024-05-18 19:00:00,,,,,,,,,,,,,,,,,,,,,,,,
2024-05-18 20:00:00,,,,,,,,,,,,,,,,,,,,,,,,
2024-05-18 21:00:00,,,,,,,,,,,,,,,,,,,,,,,,
2024-05-18 22:00:00,,,,,,,,,,,,,,,,,,,,,,,,
2024-05-18 23:00:00,,,,,,,,,,,,,,,,,,,,,,,,
2024-05-19 00:00:00,,,,,,,,,,,,,,,,,,,,,,,,
2024-05-19 01:00:00,,,,,,,,,,,,,,,,,,,,,,,,
2024-05-19 02:00:00,,,,,,,,,,,,,,,,,,,,,,,,
2024-05-19 03:00:00,,,,,,,,,,,,,,,,,,,,,,,,
2024-05-19 04:00:00,,,,,,,,,,,,,,,,,,,,,,,,
2024-05-19 05:00:00,,,,,,,,,,,,,,,,,,,,,,,,
2024-05-19 06:00:00,,,,,,,,,,,,,,,,,,,,,,,,
2024-05-19 07:00:00,,,,,,,,,,,,,,,,,,,,,,,,
2024-05-19 08:00:00,,,,,,,,,,,,,,,,,,,,,,,,
2024-05-19 09:00:00,,,,,,,,,,,,,,,,,,,,,,,,
2024-05-19 10:00:00,,,,,,,,,,,,,,,,,,,,,,,,
2024-05-19 11:00:00,,,,,,,,,,,,,,,,,,,,,,,,
2024-05-19 12:00:00,,,,,,,,,,,,,,,,,,,,,,,,
2024-05-19 13:00:00,,,,,,,,,,,,,,,,,,,,,,,,
2024-05-19 14:00:00,,,,,,,,,,,,,,,,,,,,,,,,
2024-05-19 15:00:00,,,,,,,,,,,,,,,,,,,,,,,,
2024-05-19 16:00:00,,,,,,,,,,,,,,,,,,,,,,,,
2024-05-19 17:00:00,,,,,,,,,,,,,,,,,,,,,,,,
2024-05-19 18:00:00,,,,,,,,,,,,,,,,,,,,,,,,
2024-05-19 19:00:00,,,,,,,,,,,,,,,,,,,,,,,,
2024-05-19 20:00:00,,,,,,,,,,,,,,,,,,,,,,,,
2024-05-19 21:00:00,,,,,,,,,,,,,,,,,,,,,,,,
2024-05-19 22:00:00,,,,,,,,,,,,,,,,,,,,,,,,
2024-05-19 23:00:00,,,,,,,,,,,,,,,,,,,,,,,,
2024-05-20 00:00:00,,,,,,,,,,,,,,,,,,,,,,,,
2024-05-20 01:00:00,,,,,,,,,,,,,,,,,,,,,,,,
2024-05-20 02:00:00,,,,,,,,,,,,,,,,,,,,,,,,
2024-05-20 03:00:00,,,,,,,,,,,,,,,,,,,,,,,,
2024-05-20 04:00:00,,,,,,,,,,,,,,,,,,,,,,,,
2024-05-20 05:00:00,,,,,,,,,,,,,,,,,,,,,,,,
2024-05-20 06:00:00,,,,,,,,,,,,,,,,,,,,,,,,
2024-05-20 07:00:00,,,,,,,,,,,,,,,,,,,,,,,,
2024-05-20 08:00:00,,,,,,,,,,,,,,,,,,,,,,,,
2024-05-20 09:00:00,,,,,,,,,,,,,,,,,,,,,,,,
2024-05-20 10:00:00,18.4,39.76,6.12,16.79,,13.12,,1.65,28.63,0.72,1.58,,,,0.3,,84.14,,,,,178.18,901.4,
2024-05-20 11:00:00,19.42,41.88,6.87,16.98,18.41,13.87,11.2,1.62,26.9,0.72,1.56,,,,0.31,,78.63,,,,,174.68,901.35,
2024-05-20 12:00:00,18.86,40.7,6.4,16.39,17.48,13.4,11.51,1.65,29.32,0.74,1.57,,,,0.32,,75.29,,,,,223.68,901.17,
2024-05-20 13:00:00,19.67,42.4,6.9,19.58,21.18,13.9,11.95,1.62,31.3,0.75,1.58,,,,0.32,,69.45,,,,,202.96,900.94,
2024-05-20 14:00:00,19.04,41.09,7.36,18.33,20.38,14.35,11.2,1.54,36.89,0.72,1.57,,,,0.3,,61.72,,,,,259.48,900.63,
2024-05-20 15:00:00,18.82,40.62,7.47,18.94,21.1,14.46,12.26,1.55,27.9,0.72,1.58,,,,0.31,,58.56,,,,,258.85,900.44,
2024-05-20 16:00:00,19.48,42.0,6.07,18.4,19.17,13.07,12.56,1.48,29.8,0.73,1.56,,,,0.3,,58.68,,,,,196.72,900.34,
2024-05-20 17:00:00,19.44,41.93,6.74,17.23,18.67,13.74,12.28,1.54,21.1,0.73,1.55,,,,0.31,,67.74,,,,,19.04,900.4,
2024-05-20 18:00:00,20.76,44.66,4.87,12.3,11.88,11.87,12.27,1.54,15.53,0.72,1.54,,,,0.31,,75.44,,,,,9.89,900.66,
2024-05-20 19:00:00,21.94,47.14,5.52,15.49,15.71,12.52,12.56,1.52,13.13,0.72,1.58,,,,0.31,,94.78,,,,,9.9,900.94,
2024-05-20 20:00:00,21.29,45.76,5.68,15.6,15.98,12.68,10.62,1.55,16.18,0.75,1.58,,,,0.31,,99.57,,,,,9.9,901.16,
2024-05-20 21:00:00,22.02,47.27,6.32,19.24,20.26,13.32,10.54,1.61,8.35,0.71,1.56,,,,0.31,,99.59,,,,,9.9,901.36,
2024-05-20 22:00:00,21.06,45.28,6.8,18.64,20.14,13.8,13.31,1.68,13.19,0.73,1.59,,,,0.31,,99.63,,,,,9.9,901.42,
2024-05-20 23:00:00,23.81,51.02,6.14,16.93,17.77,13.14,12.18,1.72,16.29,0.72,1.58,,,,0.31,,99.63,,,,,9.9,901.41,
2024-05-21 00:00:00,24.04,51.51,6.05,17.48,18.23,13.05,12.16,1.77,13.39,0.74,1.55,,,,0.31,,99.65,,,,,9.9,901.3,
2024-05-21 01:00:00,24.23,51.9,6.77,18.66,20.13,13.77,11.4,1.74,13.92,0.73,1.58,,,,0.31,,99.66,,,,,9.9,901.12,
2024-05-21 02:00:00,23.15,49.66,6.34,16.8,17.85,13.34,11.28,1.76,13.7,0.74,1.56,,,,0.3,,99.66,,,,,9.9,900.89,
2024-05-21 03:00:00,21.99,47.24,6.97,19.79,21.05,13.74,11.34,1.7,13.88,0.74,1.56,,,,0.3,,99.66,,,,,9.9,900.73,
2024-05-21 04:00:00,20.67,44.49,6.85,18.06,19.61,13.85,11.22,1.56,12.64,0.74,1.56,,,,0.31,,99.66,,,,,9.9,900.7,
2024-05-21 05:00:00,19.21,41.44,5.93,17.45,18.08,12.94,11.6,1.59,10.65,0.74,1.54,,,,0.31,,99.66,,,,,9.9,900.7,
2024-05-21 06:00:00,18.65,40.28,5.62,13.93,14.25,12.62,11.5,1.66,10.55,0.72,1.56,,,,0.3,,99.66,,,,,14.08,900.74,
2024-05-21 07:00:00,18.18,39.29,7.92,19.93,22.55,14.92,10.85,1.65,11.54,0.72,1.56,,,,0.31,,99.6,,,,,67.69,900.92,
2024-05-21 08:00:00,19.16,41.33,6.53,17.46,18.69,13.53,10.72,1.71,12.53,0.73,1.59,,,,0.3,,99.48,,,,,107.74,901.1,
2024-05-21 09:00:00,18.66,40.29,5.71,17.63,18.04,12.71,11.07,1.69,17.32,0.74,1.57,,,,0.3,,89.9,,,,,371.56,901.16,
2024-05-21 10:00:00,18.27,39.49,6.48,16.98,18.16,13.48,12.34,1.66,21.18,0.72,1.58,,,,0.32,,67.42,,,,,435.54,901.11,
2024-05-21 11:00:00,19.06,41.13,7.79,21.04,23.64,14.79,11.78,1.55,23.19,0.75,1.58,,,,0.31,,56.52,,,,,488.91,901.02,
2024-05-21 12:00:00,19.21,41.44,5.81,15.13,15.64,12.81,11.88,1.6,30.04,0.72,1.56,,,,0.3,,52.45,,,,,235.45,900.84,
2024-05-21 13:00:00,19.24,41.48,6.59,17.02,18.31,13.59,10.81,1.56,29.3,0.74,1.58,,,,0.3,,57.24,,,,,134.77,900.61,
2024-05-21 14:00:00,19.83,42.74,6.89,19.18,20.78,13.89,11.69,1.54,28.14,0.72,1.58,,,,0.3,,56.53,,,,,212.82,900.38,
2024-05-21 15:00:00,20.6,44.34,7.33,17.62,19.74,14.33,12.65,1.56,26.16,0.74,1.56,,,,0.32,,55.14,,,,,114.78,900.26,
2024-05-21 16:00:00,20.65,44.44,7.22,19.37,21.28,14.22,13.35,1.48,24.43,0.74,1.57,,,,0.31,,74.81,,,,,37.57,900.43,
2024-05-21 17:00:00,20.93,45.02,6.74,18.86,20.3,13.74,13.12,1.56,15.23,0.75,1.57,,,,0.31,,97.18,,,,,18.6,900.56,
2024-05-21 18:00:00,22.67,48.64,5.99,15.5,16.23,12.99,12.02,1.59,20.32,0.73,1.57,,,,0.32,,99.12,,,,,9.9,900.73,
2024-05-21 19:00:00,21.21,45.61,6.9,18.46,20.06,15.82,11.04,0.45,16.2,0.71,1.58,,,,0.31,,97.63,,,,,9.9,900.86,
2024-05-21 20:00:00,23.53,50.44,6.9,17.73,19.34,13.91,10.58,1.61,16.29,0.74,1.57,,,,0.32,,99.53,,,,,9.9,901.04,
2024-05-21 21:00:00,23.9,51.21,5.7,17.7,18.1,12.7,11.45,1.58,14.58,0.73,1.56,,,,0.31,,99.56,,,,,9.9,901.19,
2024-05-21 22:00:00,24.44,52.34,6.32,17.37,18.4,13.33,11.48,1.58,14.29,0.74,1.57,,,,0.31,,99.56,,,,,9.9,901.26,
2024-05-21 23:00:00,23.24,49.84,6.04,17.51,18.24,13.04,11.36,1.56,11.88,0.74,1.57,,,,0.32,,99.57,,,,,9.9,901.24,
2024-05-22 00:00:00,23.25,49.85,6.0,17.7,18.9,13.17,11.82,1.57,10.58,0.74,1.55,,,,0.31,,99.62,,,,,9.9,900.94,
2024-05-22 01:00:00,21.37,45.94,5.96,17.2,17.86,12.96,12.51,1.6,11.03,0.72,1.57,,,,0.31,,99.63,,,,,9.9,900.73,
2024-05-22 02:00:00,24.28,52.0,7.15,20.42,22.28,14.15,11.62,1.61,10.63,0.74,1.59,,,,0.3,,99.63,,,,,9.9,900.61,
2024-05-22 03:00:00,23.25,49.86,6.15,17.85,18.71,13.15,10.07,1.6,10.08,0.74,1.59,,,,0.31,,99.62,,,,,9.9,900.63,
2024-05-22 04:00:00,21.48,46.17,6.3,16.76,17.76,13.3,10.95,1.56,9.24,0.74,1.56,,,,0.31,,99.6,,,,,9.9,900.75,
2024-05-22 05:00:00,21.54,46.3,6.42,17.74,18.86,13.42,12.52,1.54,9.63,0.74,1.58,,,,0.31,,99.63,,,,,9.9,900.82,
2024-05-22 06:00:00,22.18,47.62,6.95,19.93,21.58,13.95,11.24,1.56,8.65,0.74,1.54,,,,0.31,,99.66,,,,,9.92,900.89,
2024-05-22 07:00:00,20.58,44.31,5.63,16.15,16.61,12.63,10.73,1.54,9.54,0.73,1.58,,,,0.3,,99.63,,,,,55.33,900.96,
2024-05-22 08:00:00,22.35,47.97,6.06,17.32,18.09,13.06,10.15,1.6,10.93,0.73,1.56,,,,0.31,,98.79,,,,,75.52,901.01,
2024-05-22 09:00:00,22.74,48.79,7.07,20.74,22.52,14.07,11.32,1.62,13.48,0.74,1.55,,,,0.31,,85.6,,,,,399.14,901.06,
2024-05-22 10:00:00,22.39,48.08,6.3,17.5,18.5,13.3,11.27,1.67,15.49,0.72,1.57,,,,0.3,,67.5,,,,,482.08,900.97,
2024-05-22 11:00:00,23.06,49.47,5.33,15.91,16.05,12.33,11.83,1.62,17.21,0.72,1.56,,,,0.3,,61.88,,,,,365.83,900.88,
2024-05-22 12:00:00,21.78,46.8,7.06,18.69,20.45,14.06,11.69,1.66,17.87,0.73,1.54,,,,0.3,,56.26,,,,,225.68,900.71,
2024-05-22 13:00:00,21.84,46.92,6.36,18.54,18.84,13.24,10.9,1.64,17.64,0.73,1.56,,,,0.31,,53.5,,,,,125.19,900.52,
2024-05-22 14:00:00,20.19,43.48,6.54,17.14,18.38,13.54,11.15,1.66,20.63,0.72,1.56,,,,0.3,,50.36,,,,,279.5,900.26,
2024-05-22 15:00:00,19.7,42.48,6.91,18.2,19.87,13.9,12.64,1.68,21.19,0.72,1.56,,,,0.32,,50.72,,,,,241.22,900.06,
2024-05-22 16:00:00,19.86,42.78,7.2,18.6,20.5,14.2,12.58,1.76,19.86,0.75,1.56,,,,0.3,,54.79,,,,,52.7,899.95,
2024-05-22 17:00:00,20.2,43.49,6.46,17.46,18.7,13.46,12.86,1.91,15.05,0.73,1.57,,,,0.31,,56.31,,,,,10.1,900.01,
2024-05-22 18:00:00,21.13,45.43,7.56,21.58,23.89,14.6,11.68,1.88,14.99,0.74,1.53,,,,0.31,,58.77,,,,,9.9,900.15,
2024-05-22 19:00:00,20.23,43.56,6.29,14.49,15.48,13.29,13.22,1.88,,0.72,1.58,,,,0.31,,64.97,,,,,9.9,900.31,
2024-05-22 20:00:00,19.4,41.84,5.92,15.81,16.43,12.92,13.52,1.68,,0.73,1.56,,,,0.32,,64.94,,,,,9.9,900.59,
2024-05-22 21:00:00,19.88,42.84,5.01,14.02,13.93,12.01,11.94,1.58,,0.72,1.56,,,,0.32,,73.75,,,,,9.9,900.81,
2024-05-22 22:00:00,20.54,44.22,6.32,17.1,18.13,13.32,11.68,1.52,,0.72,1.57,,,,0.31,,88.42,,,,,9.9,900.97,
2024-05-22 23:00:00,24.36,52.17,5.3,15.33,15.33,12.3,11.53,1.49,,0.74,1.57,,,,0.31,,98.68,,,,,9.9,901.05,
2024-05-23 00:00:00,23.17,49.7,6.07,16.01,16.77,13.07,11.66,1.45,,0.74,1.58,,,,0.3,,99.42,,,,,9.9,900.88,
2024-05-23 01:00:00,23.73,50.86,5.52,15.86,16.08,12.52,11.39,1.42,,0.72,1.59,,,,0.3,,99.45,,,,,9.9,900.63,
2024-05-23 02:00:00,23.96,51.33,6.52,19.4,20.62,13.52,9.75,1.41,,0.72,1.56,,,,0.31,,99.49,,,,,9.9,900.41,
2024-05-23 03:00:00,24.1,51.64,5.69,16.89,17.27,12.69,9.56,1.44,,0.73,1.56,,,,0.31,,99.49,,,,,9.9,900.3,
2024-05-23 04:00:00,24.08,51.59,6.42,17.81,18.94,13.42,10.35,1.52,,0.73,1.56,,,,0.31,,99.13,,,,,9.9,900.32,
2024-05-23 05:00:00,23.08,49.51,6.63,18.81,20.14,13.63,10.61,1.64,,0.74,1.58,,,,0.31,,99.17,,,,,9.9,900.46,
2024-05-23 06:00:00,21.58,46.38,8.23,21.18,24.1,15.23,13.02,1.68,,0.74,1.57,,,,0.31,,99.55,,,,,9.9,900.68,
2024-05-23 07:00:00,21.39,45.98,6.85,20.42,21.97,13.85,13.88,1.66,,0.73,1.59,,,,0.31,,99.51,,,,,37.29,900.86,
2024-05-23 08:00:00,20.31,43.73,7.29,18.49,20.48,14.29,11.87,1.66,,0.74,1.57,,,,0.31,,92.18,,,,,48.86,900.98,
2024-05-23 09:00:00,20.86,44.88,5.82,16.33,16.85,12.82,12.65,1.65,,0.72,1.58,,,,0.3,,71.89,,,,,372.51,900.98,
2024-05-23 10:00:00,21.84,46.92,6.63,16.0,17.33,13.63,13.15,1.67,,0.72,1.56,,,,0.31,,77.16,,,,,259.29,900.88,
2024-05-23 11:00:00,21.51,46.22,6.17,18.25,19.11,13.17,12.18,1.66,,0.73,1.55,,,,0.31,,55.48,,,,,348.47,900.77,
2024-05-23 12:00:00,22.37,48.02,7.16,20.93,22.78,14.16,12.4,1.64,,0.73,1.58,,,,0.31,,48.8,,,,,199.33,900.58,
2024-05-23 13:00:00,21.55,46.32,7.06,20.86,22.62,14.06,11.68,1.74,,0.72,1.56,,,,0.3,,46.03,,,,,156.01,900.34,
2024-05-23 14:00:00,20.37,43.87,7.2,19.46,21.37,14.2,9.22,1.83,,0.73,1.56,,,,0.3,,43.23,,,,,191.1,900.15,
2024-05-23 15:00:00,21.66,46.53,7.07,17.43,19.2,14.08,10.36,1.86,,0.72,1.54,,,,0.31,,42.01,,,,,234.12,899.99,
2024-05-23 16:00:00,20.95,45.06,6.18,15.64,16.62,13.18,12.32,1.86,,0.74,1.6,,,,0.31,,42.23,,,,,127.8,899.88,
2024-05-23 17:00:00,23.74,50.87,6.65,18.32,19.88,13.66,13.38,1.97,,0.73,1.58,,,,0.31,,51.08,,,,,28.4,900.01,
2024-05-23 18:00:00,23.32,50.0,7.18,22.19,24.06,11.8,13.4,1.91,,0.75,1.56,,,,0.31,,57.79,,,,,9.9,900.13,
2024-05-23 19:00:00,22.31,47.9,5.54,15.08,15.35,12.54,13.28,1.95,,0.73,1.56,,,,0.31,,53.02,,,,,9.9,900.27,
2024-05-23 20:00:00,22.3,47.87,5.78,14.57,15.24,12.79,12.3,1.86,,0.72,1.54,,,,0.31,,61.23,,,,,9.89,900.38,
2024-05-23 21:00:00,27.39,58.48,6.31,15.29,16.3,13.3,13.07,1.66,,0.72,1.58,,,,0.31,,79.46,,,,,9.9,900.54,
2024-05-23 22:00:00,28.84,61.5,6.25,16.84,17.8,13.26,12.99,1.64,,0.72,1.56,,,,0.31,,90.37,,,,,9.9,900.66,
2024-05-23 23:00:00,29.74,63.36,6.22,16.95,17.88,13.22,11.86,1.56,,0.72,1.56,,,,0.32,,97.06,,,,,9.9,900.58,
2024-05-24 00:00:00,33.08,70.34,6.84,17.6,19.89,13.86,11.34,1.55,,0.73,1.57,,,,0.31,,99.41,,,,,9.9,900.52,
2024-05-24 01:00:00,31.79,67.64,5.6,16.65,16.95,12.6,11.49,1.5,,0.73,1.58,,,,0.32,,99.45,,,,,9.9,900.41,
2024-05-24 02:00:00,28.1,59.95,7.0,18.39,20.08,14.0,10.51,1.41,,0.72,1.58,,,,0.3,,99.48,,,,,9.9,900.26,
2024-05-24 03:00:00,26.76,57.16,6.14,16.38,17.22,13.14,11.02,1.43,,0.73,1.58,,,,0.32,,99.49,,,,,9.9,900.2,
2024-05-24 04:00:00,25.88,55.35,5.88,16.76,17.35,12.88,11.44,1.48,,0.73,1.59,,,,0.31,,99.51,,,,,9.9,900.28,
2024-05-24 05:00:00,25.21,53.94,5.63,12.9,13.23,12.63,11.04,1.6,,0.7,1.57,,,,0.31,,99.48,,,,,9.9,900.38,
2024-05-24 06:00:00,24.71,52.9,6.26,17.57,18.53,13.26,11.31,1.63,,0.73,1.58,,,,0.32,,99.46,,,,,11.75,900.5,
2024-05-24 07:00:00,22.68,48.67,6.32,17.45,18.47,13.32,11.6,1.61,,0.73,1.57,,,,0.32,,99.42,,,,,41.6,900.64,
2024-05-24 08:00:00,22.61,48.52,7.11,18.91,20.72,14.11,11.56,1.59,,0.72,1.58,,,,0.31,,97.51,,,,,84.2,900.76,
2024-05-24 09:00:00,21.64,46.49,6.2,16.8,17.7,13.2,11.76,1.61,,0.73,1.56,,,,0.32,,83.84,,,,,234.92,900.8,
2024-05-24 10:00:00,20.9,44.95,6.21,16.39,17.3,13.21,11.83,1.62,,0.73,1.58,,,,0.31,,68.85,,,,,281.66,900.74,
2024-05-24 11:00:00,20.2,43.5,6.8,18.36,19.9,13.8,11.64,1.62,,0.72,1.57,,,,0.31,,58.17,,,,,240.31,900.6,
2024-05-24 12:00:00,21.31,45.82,6.54,18.77,19.98,13.55,12.61,1.65,,0.73,1.58,,,,0.31,,52.75,,,,,222.67,900.48,
2024-05-24 13:00:00,21.08,45.34,7.73,19.74,22.17,14.73,12.16,1.69,,0.73,1.56,,,,0.32,,51.62,,,,,171.71,900.32,
2024-05-24 14:00:00,20.44,44.0,6.58,17.46,18.74,13.59,12.84,1.74,,0.73,1.58,,,,0.3,,48.03,,,,,166.53,900.18,
2024-05-24 15:00:00,21.49,46.18,6.16,17.69,18.54,13.15,13.43,1.79,,0.72,1.57,,,,0.31,,42.76,,,,,201.52,899.91,
2024-05-24 16:00:00,24.2,51.85,5.76,16.04,16.5,12.76,12.89,1.64,,0.74,1.57,,,,0.3,,59.53,,,,,13.72,899.83,
2024-05-24 17:00:00,29.74,63.36,4.4,12.44,11.58,11.4,13.14,1.66,,0.74,1.57,,,,0.3,,98.01,,,,,9.9,900.12,
2024-05-24 18:00:00,26.91,57.48,5.22,15.55,15.48,12.22,12.69,1.71,,0.72,1.59,,,,0.32,,99.22,,,,,9.9,900.18,
2024-05-24 19:00:00,24.61,52.69,5.96,16.45,17.11,12.96,12.19,1.66,,0.73,1.56,,,,0.31,,99.31,,,,,9.9,900.44,
2024-05-24 20:00:00,25.37,54.28,5.45,16.8,16.95,12.45,12.5,1.77,,0.73,1.56,,,,0.31,,99.5,,,,,9.9,900.61,
2024-05-24 21:00:00,24.75,53.0,5.48,15.66,15.84,12.48,11.81,1.71,,0.74,1.56,,,,0.31,,99.58,,,,,9.9,900.8,
2024-05-24 22:00:00,27.14,57.95,5.71,15.84,16.26,12.71,12.2,1.69,,0.72,1.57,,,,0.31,,99.58,,,,,9.9,900.84,
2024-05-24 23:00:00,26.63,56.9,6.38,17.81,18.89,13.38,12.62,1.63,,0.72,1.56,,,,0.32,,99.6,,,,,9.9,900.81,
2024-05-25 00:00:00,26.29,56.2,6.54,16.63,17.87,13.54,12.49,1.66,,0.73,1.57,,,,0.32,,99.57,,,,,9.9,901.04,
2024-05-25 01:00:00,25.02,53.54,6.72,19.14,20.56,13.71,11.08,1.71,,0.73,1.56,,,,0.31,,99.64,,,,,9.9,900.66,
2024-05-25 02:00:00,24.04,51.52,6.37,16.87,17.94,13.36,10.72,1.69,,0.74,1.59,,,,0.3,,99.67,,,,,9.9,900.3,
2024-05-25 03:00:00,24.28,52.0,6.26,16.86,17.8,13.26,11.44,1.67,,0.72,1.59,,,,0.31,,99.6,,,,,9.9,900.3,
2024-05-25 04:00:00,24.62,52.7,5.69,17.88,18.28,12.69,12.09,1.64,,0.72,1.58,,,,0.31,,99.58,,,,,9.9,900.33,
2024-05-25 05:00:00,24.82,53.13,6.14,16.39,17.23,13.14,11.98,1.59,,0.72,1.56,,,,0.31,,99.6,,,,,9.9,900.42,
2024-05-25 06:00:00,23.16,49.66,6.5,18.36,19.56,13.5,11.46,1.6,,0.74,1.58,,,,0.31,,99.62,,,,,13.91,900.62,
2024-05-25 07:00:00,23.9,51.21,6.44,17.04,18.18,13.44,11.02,1.6,,0.74,1.6,,,,0.3,,99.54,,,,,62.84,900.79,
2024-05-25 08:00:00,23.36,50.08,6.32,16.2,17.21,13.32,11.94,1.62,,0.73,1.57,,,,0.31,,99.46,,,,,113.45,900.84,
2024-05-25 09:00:00,21.21,45.6,6.03,16.0,16.73,13.03,12.59,1.6,,0.72,1.56,,,,0.3,,86.06,,,,,379.43,900.84,
2024-05-25 10:00:00,22.55,48.41,7.01,18.6,20.31,14.01,11.36,1.6,45.96,0.74,1.59,,,,0.31,,72.26,,,,,375.67,900.81,
2024-05-25 11:00:00,21.86,46.96,8.59,21.09,24.43,15.59,12.99,1.61,46.96,0.73,1.58,,,,0.3,,62.55,,,,,463.06,900.74,
2024-05-25 12:00:00,20.29,43.68,6.89,17.84,19.42,13.89,11.6,1.63,39.71,0.73,1.58,,,,0.3,,53.26,,,,,304.56,900.7,
2024-05-25 13:00:00,20.91,44.98,5.88,17.98,18.7,12.88,12.06,1.63,36.25,0.74,1.56,,,,0.3,,53.87,,,,,244.76,900.6,
2024-05-25 14:00:00,22.35,47.98,6.29,17.44,18.49,13.29,12.78,1.63,27.92,0.73,1.58,,,,0.31,,55.77,,,,,184.18,900.47,
2024-05-25 15:00:00,22.27,47.81,6.28,17.18,18.16,13.28,12.81,1.63,25.26,0.73,1.57,,,,0.3,,57.32,,,,,143.84,900.36,
2024-05-25 16:00:00,20.88,44.91,5.59,15.9,16.18,12.59,12.03,1.59,24.86,0.72,1.57,,,,0.31,,60.0,,,,,82.66,900.34,
2024-05-25 17:00:00,22.39,48.06,6.19,19.01,19.9,13.19,10.52,1.64,23.95,0.73,1.57,,,,0.32,,62.91,,,,,25.88,900.44,
2024-05-25 18:00:00,22.63,48.56,6.43,18.47,19.6,13.43,9.5,1.6,26.91,0.74,1.55,,,,0.32,,67.53,,,,,9.9,900.59,
2024-05-25 19:00:00,,,,,,,,,,,,,,,,,,,,,,,,
2024-05-25 20:00:00,,,,,,,,,,,,,,,,,,,,,,,,
2024-05-25 21:00:00,,,,,,,,,,,,,,,,,,,,,,,,
2024-05-25 22:00:00,,,,,,,,,,,,,,,,,,,,,,,,
2024-05-25 23:00:00,,,,,,,,,,,,,,,,,,,,,,,,
2024-05-26 00:00:00,,,,,,,,,,,,,,,,,,,,,,,,
2024-05-26 01:00:00,,,,,,,,,,,,,,,,,,,,,,,,
2024-05-26 02:00:00,,,,,,,,,,,,,,,,,,,,,,,,
2024-05-26 03:00:00,,,,,,,,,,,,,,,,,,,,,,,,
2024-05-26 04:00:00,,,,,,,,,,,,,,,,,,,,,,,,
2024-05-26 05:00:00,,,,,,,,,,,,,,,,,,,,,,,,
2024-05-26 06:00:00,,,,,,,,,,,,,,,,,,,,,,,,
2024-05-26 07:00:00,,,,,,,,,,,,,,,,,,,,,,,,
2024-05-26 08:00:00,,,,,,,,,,,,,,,,,,,,,,,,
2024-05-26 09:00:00,,,,,,,,,,,,,,,,,,,,,,,,
2024-05-26 10:00:00,,,,,,,,,,,,,,,,,,,,,,,,
2024-05-26 11:00:00,,,,,,,,,,,,,,,,,,,,,,,,
2024-05-26 12:00:00,,,,,,,,,,,,,,,,,,,,,,,,
2024-05-26 13:00:00,,,,,,,,,,,,,,,,,,,,,,,,
2024-05-26 14:00:00,,,,,,,,,,,,,,,,,,,,,,,,
2024-05-26 15:00:00,,,,,,,,,,,,,,,,,,,,,,,,
2024-05-26 16:00:00,,,,,,,,,,,,,,,,,,,,,,,,
2024-05-26 17:00:00,,,,,,,,,,,,,,,,,,,,,,,,
2024-05-26 18:00:00,,,,,,,,,,,,,,,,,,,,,,,,
2024-05-26 19:00:00,,,,,,,,,,,,,,,,,,,,,,,,
2024-05-26 20:00:00,,,,,,,,,,,,,,,,,,,,,,,,
2024-05-26 21:00:00,,,,,,,,,,,,,,,,,,,,,,,,
2024-05-26 22:00:00,,,,,,,,,,,,,,,,,,,,,,,,
2024-05-26 23:00:00,,,,,,,,,,,,,,,,,,,,,,,,
2024-05-27 00:00:00,,,,,,,,,,,,,,,,,,,,,,,,
2024-05-27 01:00:00,,,,,,,,,,,,,,,,,,,,,,,,
2024-05-27 02:00:00,,,,,,,,,,,,,,,,,,,,,,,,
2024-05-27 03:00:00,,,,,,,,,,,,,,,,,,,,,,,,
2024-05-27 04:00:00,,,,,,,,,,,,,,,,,,,,,,,,
2024-05-27 05:00:00,,,,,,,,,,,,,,,,,,,,,,,,
2024-05-27 06:00:00,,,,,,,,,,,,,,,,,,,,,,,,
2024-05-27 07:00:00,,,,,,,,,,,,,,,,,,,,,,,,
2024-05-27 08:00:00,,,,,,,,,,,,,,,,,,,,,,,,
2024-05-27 09:00:00,,,,,,,,,,,,,,,,,,,,,,,,
2024-05-27 10:00:00,,,,,,,,,,,,,,,,,,,,,,,,
2024-05-27 11:00:00,,,,,,,,,,,,,,,,,,,,,,,,
2024-05-27 12:00:00,,,,,,,,,,,,,,,,,,,,,,,,
2024-05-27 13:00:00,,,,,,,,,,,,,,,,,,,,,,,,
2024-05-27 14:00:00,,,,,,,,,,,,,,,,,,,,,,,,
2024-05-27 15:00:00,,,,,,,,,,,,,,,,,,,,,,,,
2024-05-27 16:00:00,19.81,42.7,9.73,22.14,26.57,8.21,,1.64,,0.69,1.58,,,,0.32,,,,,,,24.07,900.6,
2024-05-27 17:00:00,20.26,43.62,6.84,17.54,19.08,13.85,12.22,1.75,,0.72,1.56,,,,0.31,,55.86,,,,,16.03,900.69,
2024-05-27 18:00:00,21.12,45.42,7.24,20.19,22.13,14.24,10.68,1.78,,0.71,1.57,,,,0.32,,61.28,,,,,9.9,900.85,
2024-05-27 19:00:00,21.42,46.04,5.87,16.78,17.38,12.87,11.04,1.74,,0.73,1.59,,,,0.31,,68.93,,,,,9.9,901.03,
2024-05-27 20:00:00,21.06,45.3,6.24,17.23,18.16,13.24,11.5,1.67,,0.73,1.57,,,,0.31,,75.41,,,,,9.9,901.17,
2024-05-27 21:00:00,26.83,57.31,6.16,16.24,17.11,13.16,11.3,1.62,,0.75,1.56,,,,0.31,,78.38,,,,,9.9,901.22,
2024-05-27 22:00:00,27.12,57.93,6.14,17.6,18.43,13.14,11.24,1.56,,0.72,1.55,,,,0.31,,80.66,,,,,9.9,901.24,
2024-05-27 23:00:00,24.1,51.62,5.44,16.63,16.78,12.44,11.06,1.56,,0.72,1.57,,,,0.32,,85.79,,,,,9.9,901.21,
2024-05-28 00:00:00,23.08,49.5,6.78,18.39,19.87,13.78,10.69,1.52,,0.76,1.56,,,,0.31,,89.77,,,,,9.9,901.14,
2024-05-28 01:00:00,22.93,49.19,5.26,16.37,16.33,12.26,10.32,1.51,,0.73,1.57,,,,0.3,,94.82,,,,,9.9,901.07,
2024-05-28 02:00:00,23.93,51.28,5.36,17.05,17.09,12.37,10.99,1.5,,0.73,1.57,,,,0.31,,95.13,,,,,9.9,900.94,
2024-05-28 03:00:00,22.4,48.1,6.78,19.2,20.68,13.78,9.74,1.52,,0.74,1.58,,,,0.31,,96.19,,,,,9.9,900.93,
2024-05-28 04:00:00,20.48,44.08,6.98,18.3,19.98,13.98,11.39,1.55,,0.72,1.57,,,,0.31,,97.7,,,,,9.9,900.94,
2024-05-28 05:00:00,22.05,47.36,6.5,19.27,20.47,13.5,10.96,1.62,,0.73,1.58,,,,0.31,,99.38,,,,,9.9,901.04,
2024-05-28 06:00:00,23.64,50.66,5.68,16.34,16.75,12.68,12.98,1.6,,0.72,1.57,,,,0.31,,99.44,,,,,9.9,901.12,
2024-05-28 07:00:00,22.08,47.42,5.52,17.51,17.74,12.52,12.87,1.49,,0.72,1.58,,,,0.31,,99.08,,,,,22.46,901.32,
2024-05-28 08:00:00,21.47,46.15,5.63,18.74,18.8,12.63,10.74,1.48,,0.73,1.57,,,,0.31,,94.82,,,,,59.87,901.44,
2024-05-28 09:00:00,21.19,45.58,6.96,18.85,20.51,13.96,10.54,1.54,,0.72,1.54,,,,0.3,,75.64,,,,,242.04,901.52,
2024-05-28 10:00:00,20.37,43.86,6.93,17.71,19.34,13.93,11.3,1.57,,0.74,1.57,,,,0.3,,67.48,,,,,254.26,901.46,
2024-05-28 11:00:00,20.34,43.78,6.79,17.71,19.2,13.79,12.86,1.54,22.4,0.73,1.56,,,,0.31,,63.88,,,,,258.06,901.32,
2024-05-28 12:00:00,22.17,47.61,7.33,19.91,21.94,14.33,10.92,1.56,24.85,0.73,1.57,,,,0.3,,58.68,,,,,175.02,901.2,
2024-05-28 13:00:00,22.7,48.72,7.37,19.82,21.9,14.37,11.65,1.6,28.08,0.75,1.58,,,,0.31,,55.52,,,,,172.0,901.06,
2024-05-28 14:00:00,23.47,50.32,6.51,17.68,18.89,13.51,11.95,1.58,34.88,0.74,1.6,,,,0.31,,54.45,,,,,190.25,900.88,
2024-05-28 15:00:00,23.98,51.38,6.31,18.23,19.24,13.31,11.66,1.65,30.15,0.73,1.57,,,,0.31,,53.84,,,,,199.68,900.78,
2024-05-28 16:00:00,32.62,69.38,7.45,17.95,20.1,14.45,12.17,1.63,32.78,0.72,1.58,,,,0.31,,51.09,,,,,113.21,900.75,
2024-05-28 17:00:00,29.34,62.53,6.96,18.5,20.16,13.96,10.5,1.66,34.47,0.71,1.55,,,,0.3,,51.75,,,,,18.8,900.84,
2024-05-28 18:00:00,28.13,60.02,5.27,13.76,13.8,12.27,10.75,1.65,31.76,0.75,1.56,,,,0.3,,56.08,,,,,9.89,900.95,
2024-05-28 19:00:00,26.42,56.45,6.86,18.12,19.69,13.87,11.03,1.72,25.85,0.74,1.59,,,,0.31,,60.71,,,,,9.89,901.1,
2024-05-28 20:00:00,25.24,54.0,6.39,16.96,18.05,13.39,10.2,1.65,24.58,0.74,1.56,,,,0.3,,68.28,,,,,9.89,901.25,
2024-05-28 21:00:00,25.68,54.9,5.76,17.09,17.54,12.76,11.3,1.62,23.36,0.73,1.57,,,,0.32,,81.82,,,,,9.89,901.35,
2024-05-28 22:00:00,23.82,51.04,4.87,14.4,13.43,11.62,13.56,1.61,23.8,0.72,1.55,,,,0.31,,92.06,,,,,9.89,901.36,
2024-05-28 23:00:00,21.6,46.41,5.44,15.94,16.08,12.43,12.01,1.59,24.24,0.74,1.57,,,,0.32,,98.67,,,,,9.89,901.28,
2024-05-29 00:00:00,21.92,47.08,5.85,17.2,17.76,12.85,11.89,1.6,22.51,0.73,1.57,,,,0.32,,99.44,,,,,9.89,901.18,
2024-05-29 01:00:00,25.9,55.38,6.0,16.97,17.67,13.0,10.32,1.58,20.92,0.71,1.57,,,,0.31,,99.48,,,,,9.89,901.07,
2024-05-29 02:00:00,27.68,59.1,6.58,17.07,18.36,13.58,9.96,1.59,21.18,0.74,1.58,,,,0.31,,99.5,,,,,9.89,900.94,
2024-05-29 03:00:00,27.02,57.71,5.38,15.65,15.74,12.38,13.08,1.58,19.61,0.72,1.58,,,,0.3,,99.52,,,,,9.89,900.93,
2024-05-29 04:00:00,25.53,54.6,5.7,15.3,15.78,12.7,13.0,1.58,17.66,0.74,1.57,,,,0.31,,99.55,,,,,9.89,900.94,
2024-05-29 05:00:00,23.24,49.82,6.7,17.76,19.16,13.7,13.26,1.61,18.12,0.74,1.56,,,,0.31,,99.56,,,,,9.89,901.06,
2024-05-29 06:00:00,23.11,49.57,6.18,15.14,16.04,13.18,13.76,1.6,12.94,0.71,1.58,,,,0.32,,99.58,,,,,10.38,901.22,
2024-05-29 07:00:00,23.46,50.3,6.09,16.97,17.76,13.09,11.16,1.61,17.58,0.72,1.56,,,,0.31,,99.54,,,,,31.79,901.38,
2024-05-29 08:00:00,21.68,46.59,5.68,15.4,15.78,12.68,11.07,1.64,17.5,0.74,1.56,,,,0.31,,99.18,,,,,66.7,901.44,
2024-05-29 09:00:00,21.84,46.91,6.81,17.37,18.88,13.81,11.52,1.61,18.96,0.73,1.57,,,,0.31,,87.52,,,,,198.11,901.46,
2024-05-29 10:00:00,21.4,45.99,6.13,16.1,16.94,13.14,11.23,1.6,22.51,0.71,1.56,,,,0.31,,72.37,,,,,198.38,901.38,
2024-05-29 11:00:00,22.09,47.44,6.52,19.4,20.62,13.52,13.09,1.6,28.87,0.73,1.56,,,,0.31,,62.62,,,,,339.61,901.21,
2024-05-29 12:00:00,23.22,49.81,7.96,20.74,23.4,14.96,12.36,1.58,30.72,0.73,1.59,,,,0.31,,54.83,,,,,171.88,901.1,
2024-05-29 13:00:00,23.06,49.48,7.6,20.35,22.67,14.6,11.34,1.63,31.48,0.72,1.58,,,,0.31,,49.25,,,,,161.59,900.92,
2024-05-29 14:00:00,21.94,47.13,6.55,17.57,18.91,13.55,10.52,1.64,37.44,0.73,1.56,,,,0.31,,48.31,,,,,131.54,900.77,
2024-05-29 15:00:00,20.66,44.46,7.25,18.66,20.62,14.25,11.75,1.68,35.63,0.72,1.58,,,,0.31,,47.59,,,,,97.04,900.62,
2024-05-29 16:00:00,20.28,43.66,7.42,18.6,20.73,14.42,12.07,1.68,38.21,0.74,1.57,,,,0.31,,48.88,,,,,69.55,900.56,
2024-05-29 17:00:00,21.1,45.4,5.98,16.62,17.29,12.98,10.82,1.72,36.01,0.72,1.59,,,,0.32,,51.21,,,,,17.85,900.63,
2024-05-29 18:00:00,21.96,47.17,6.54,18.62,19.86,13.54,10.28,1.72,33.28,0.74,1.58,,,,0.31,,53.6,,,,,9.89,900.78,
2024-05-29 19:00:00,23.06,49.45,5.09,12.72,12.51,12.09,11.14,1.77,20.9,0.74,1.56,,,,0.32,,56.12,,,,,9.89,900.95,
2024-05-29 20:00:00,23.76,50.91,5.36,14.77,15.04,14.19,11.9,1.69,30.85,0.72,1.55,,,,0.31,,74.75,,,,,9.89,901.13,
2024-05-29 21:00:00,24.16,51.76,6.59,17.34,18.63,13.59,12.72,1.65,27.22,0.73,1.56,,,,0.31,,82.84,,,,,9.89,901.2,
2024-05-29 22:00:00,22.54,48.39,4.83,14.42,13.95,11.83,13.1,1.64,22.58,0.74,1.56,,,,0.31,,89.73,,,,,9.89,901.3,
2024-05-29 23:00:00,27.77,59.26,5.72,16.19,16.61,12.72,11.56,1.6,22.23,0.73,1.55,,,,0.31,,97.37,,,,,9.89,901.31,
2024-05-30 00:00:00,25.7,54.96,6.05,15.48,16.23,13.05,11.98,1.57,19.94,0.73,1.57,,,,0.32,,99.43,,,,,9.89,901.14,
2024-05-30 01:00:00,25.48,54.49,6.63,19.15,20.5,13.63,11.86,1.56,20.07,0.74,1.57,,,,0.31,,99.45,,,,,9.89,900.96,
2024-05-30 02:00:00,23.94,51.28,6.23,18.66,19.59,13.23,11.78,1.55,16.64,0.73,1.56,,,,0.31,,99.47,,,,,9.89,900.88,
2024-05-30 03:00:00,21.82,46.87,6.62,17.52,18.85,13.62,10.4,1.54,16.75,0.73,1.57,,,,0.32,,99.49,,,,,9.89,900.92,
2024-05-30 04:00:00,20.37,43.85,5.71,13.86,14.26,12.71,11.86,1.54,15.13,0.72,1.55,,,,0.31,,99.51,,,,,9.89,900.94,
2024-05-30 05:00:00,20.39,43.91,5.36,15.83,15.89,12.36,11.6,1.6,13.04,0.74,1.57,,,,0.3,,99.54,,,,,9.89,901.04,
2024-05-30 06:00:00,19.15,41.31,5.59,16.6,16.88,12.59,10.61,1.6,12.16,0.74,1.56,,,,0.32,,99.55,,,,,9.89,901.18,
2024-05-30 07:00:00,19.76,42.59,6.68,17.95,19.34,13.68,11.23,1.63,13.38,0.73,1.58,,,,0.31,,99.48,,,,,12.67,901.36,
2024-05-30 08:00:00,18.86,40.7,6.19,18.22,19.12,13.19,9.5,1.62,17.29,0.74,1.56,,,,0.31,,92.48,,,,,41.81,901.58,
2024-05-30 09:00:00,18.89,40.78,5.58,15.81,16.09,12.58,10.2,1.59,20.65,0.73,1.58,,,,0.31,,74.98,,,,,236.13,901.64,
2024-05-30 10:00:00,20.47,44.07,6.45,18.63,19.78,13.44,11.09,1.58,27.21,0.71,1.58,,,,0.3,,66.75,,,,,228.38,901.54,
2024-05-30 11:00:00,21.35,45.9,7.36,19.87,21.93,14.36,10.44,1.6,34.97,0.74,1.57,,,,0.31,,59.44,,,,,414.94,901.41,
2024-05-30 12:00:00,20.83,44.82,6.6,19.33,20.63,13.59,11.84,1.62,37.29,0.72,1.57,,,,0.31,,53.72,,,,,156.18,901.2,
2024-05-30 13:00:00,22.5,48.29,6.91,19.58,21.18,13.91,12.89,1.62,39.03,0.72,1.58,,,,0.32,,51.78,,,,,147.61,901.06,
2024-05-30 14:00:00,21.79,46.82,5.63,14.2,14.54,12.63,12.18,1.7,31.11,0.74,1.54,,,,0.31,,52.73,,,,,183.96,900.92,
2024-05-30 15:00:00,22.34,47.96,6.5,16.99,18.2,13.5,11.05,1.73,34.38,0.73,1.58,,,,0.32,,51.74,,,,,234.46,900.81,
2024-05-30 16:00:00,22.22,47.7,7.72,22.74,25.16,14.73,11.03,1.76,33.21,0.73,1.57,,,,0.31,,50.5,,,,,130.45,900.76,
2024-05-30 17:00:00,21.82,46.86,6.26,15.79,16.75,13.26,12.18,1.82,33.93,0.72,1.6,,,,0.32,,52.09,,,,,15.04,900.85,
2024-05-30 18:00:00,22.91,49.15,6.52,16.15,17.38,13.52,13.64,1.76,36.79,0.72,1.57,,,,0.31,,54.95,,,,,9.89,901.04,
2024-05-30 19:00:00,23.98,51.39,6.02,15.7,16.42,13.02,10.48,1.72,27.89,0.74,1.58,,,,0.31,,57.39,,,,,9.89,901.18,
2024-05-30 20:00:00,21.89,47.02,7.38,20.45,22.53,14.38,10.45,1.68,31.11,0.76,1.57,,,,0.31,,58.3,,,,,9.89,901.32,
2024-05-30 21:00:00,21.23,45.65,5.87,16.06,17.92,13.07,11.17,1.6,31.29,0.7,1.56,,,,0.32,,59.91,,,,,9.89,901.46,
2024-05-30 22:00:00,21.36,45.92,5.34,16.07,16.1,12.34,11.65,1.55,23.64,0.74,1.58,,,,0.32,,68.69,,,,,9.89,901.52,
2024-05-30 23:00:00,21.83,46.9,6.94,19.23,20.86,13.94,11.74,1.52,25.41,0.72,1.57,,,,0.31,,75.58,,,,,9.89,901.48,
2024-05-31 00:00:00,21.54,46.31,5.22,14.36,14.28,12.22,11.78,1.5,23.36,0.72,1.57,,,,0.3,,74.26,,,,,9.89,901.39,
2024-05-31 01:00:00,20.04,43.17,6.34,14.62,15.66,13.34,10.79,1.49,25.73,0.72,1.58,,,,0.32,,79.46,,,,,9.89,901.27,
2024-05-31 02:00:00,21.26,45.71,7.18,18.74,20.79,14.18,11.1,1.46,22.92,0.73,1.56,,,,0.31,,89.16,,,,,9.89,901.16,
2024-05-31 03:00:00,20.96,45.08,6.47,15.77,16.99,13.47,11.28,1.46,22.6,0.72,1.54,,,,0.31,,97.71,,,,,9.89,901.17,
2024-05-31 04:00:00,20.3,43.72,5.32,16.14,16.16,12.32,11.89,1.5,18.06,0.72,1.6,,,,0.3,,99.46,,,,,9.89,901.24,
2024-05-31 05:00:00,18.96,40.92,6.41,14.2,15.31,13.41,12.02,1.6,18.89,0.75,1.57,,,,0.32,,99.49,,,,,9.89,901.36,
2024-05-31 06:00:00,20.11,43.32,6.66,17.28,18.63,13.66,12.04,1.62,15.8,0.75,1.58,,,,0.3,,99.5,,,,,9.89,901.48,
2024-05-31 07:00:00,21.52,46.25,5.57,14.5,14.77,12.57,10.78,1.65,18.83,0.74,1.57,,,,0.31,,99.08,,,,,10.69,901.61,
2024-05-31 08:00:00,22.9,49.14,6.8,17.7,19.19,13.8,11.46,1.69,22.03,0.72,1.56,,,,0.3,,89.05,,,,,26.01,901.7,
2024-05-31 09:00:00,21.23,45.67,7.15,20.23,22.08,14.15,11.75,1.68,23.96,0.72,1.57,,,,0.31,,70.85,,,,,366.17,901.72,
2024-05-31 10:00:00,19.72,42.5,7.17,17.96,19.83,14.17,11.87,1.63,29.1,0.75,1.55,,,,0.31,,61.33,,,,,252.68,901.63,
2024-05-31 11:00:00,20.6,44.35,7.2,21.2,23.09,14.2,11.39,1.65,34.29,0.74,1.58,,,,0.31,,53.76,,,,,348.36,901.51,
2024-05-31 12:00:00,22.72,48.75,7.48,18.18,20.36,14.48,11.96,1.66,39.51,0.74,1.56,,,,0.31,,47.35,,,,,132.5,901.33,
2024-05-31 13:00:00,21.8,46.84,7.38,20.2,22.32,14.38,11.47,1.6,37.44,0.74,1.58,,,,0.31,,42.46,,,,,66.91,901.02,
2024-05-31 14:00:00,22.17,47.61,6.57,21.86,23.15,13.57,11.58,1.7,37.24,0.74,1.56,,,,0.3,,41.53,,,,,161.62,900.9,
2024-05-31 15:00:00,21.78,46.81,7.98,20.94,23.62,14.99,10.38,1.72,40.37,0.73,1.58,,,,0.31,,41.13,,,,,222.99,900.74,
2024-05-31 16:00:00,22.99,49.3,6.01,13.9,14.84,13.01,10.76,1.75,38.56,0.72,1.56,,,,0.32,,43.5,,,,,104.28,900.76,
2024-05-31 17:00:00,21.29,45.77,6.41,17.04,18.34,13.41,10.57,1.79,40.33,0.73,1.54,,,,0.31,,44.83,,,,,31.4,900.82,
2024-05-31 18:00:00,21.36,45.92,5.67,17.32,17.66,12.68,10.15,1.76,41.56,0.72,1.55,,,,0.31,,46.83,,,,,9.89,900.98,
2024-05-31 19:00:00,20.46,44.06,5.99,15.57,16.32,12.99,10.48,1.74,35.22,0.76,1.58,,,,0.31,,58.46,,,,,9.89,901.14,
2024-05-31 20:00:00,20.25,43.62,5.5,16.02,16.22,12.5,12.21,1.68,30.91,0.74,1.57,,,,0.3,,64.44,,,,,9.89,901.28,
2024-05-31 21:00:00,20.36,43.84,5.33,16.79,16.82,12.33,12.81,1.66,21.78,0.73,1.56,,,,0.31,,64.7,,,,,9.89,901.34,
2024-05-31 22:00:00,19.95,42.99,6.61,18.22,19.64,13.61,12.7,1.64,15.37,0.74,1.57,,,,0.3,,63.49,,,,,9.89,901.43,
2024-05-31 23:00:00,20.64,44.42,5.04,15.53,15.3,12.04,11.85,1.53,23.11,0.74,1.6,,,,0.3,,64.91,,,,,9.89,901.4,
2024-06-01 00:00:00,20.13,43.37,5.63,14.92,15.26,12.63,11.34,1.5,25.4,0.75,1.54,,,,0.32,,77.11,,,,,9.89,901.4,
2024-06-01 01:00:00,33.48,71.18,6.35,15.34,16.4,13.35,11.59,1.5,21.8,0.75,1.6,,,,0.31,,87.61,,,,,9.89,901.22,
2024-06-01 02:00:00,31.16,66.34,5.41,15.7,15.81,12.41,11.08,1.46,20.52,0.74,1.58,,,,0.31,,99.02,,,,,9.89,901.06,
2024-06-01 03:00:00,29.63,63.14,5.91,16.75,17.37,12.91,11.09,1.45,19.21,0.73,1.57,,,,0.31,,99.43,,,,,9.89,900.89,
2024-06-01 04:00:00,26.61,56.86,6.45,15.61,16.78,13.46,11.17,1.48,18.87,0.73,1.56,,,,0.31,,99.46,,,,,9.89,900.98,
2024-06-01 05:00:00,26.62,56.88,5.64,18.3,18.64,12.64,10.77,1.62,16.06,0.72,1.58,,,,0.3,,99.48,,,,,9.89,901.12,
2024-06-01 06:00:00,26.5,56.63,6.42,17.06,18.18,13.41,9.91,1.61,14.72,0.74,1.57,,,,0.31,,99.49,,,,,9.89,901.32,
2024-06-01 07:00:00,24.86,53.2,5.57,19.1,19.43,12.57,10.45,1.59,15.2,0.74,1.56,,,,0.3,,99.45,,,,,35.7,901.53,
2024-06-01 08:00:00,23.4,50.17,5.83,16.52,17.06,12.84,10.9,1.59,16.48,0.74,1.57,,,,0.31,,97.33,,,,,70.47,901.69,
2024-06-01 09:00:00,22.9,49.13,5.92,16.21,16.83,12.91,12.56,1.59,23.06,0.73,1.57,,,,0.31,,81.42,,,,,247.9,901.71,
2024-06-01 10:00:00,22.22,47.71,7.14,19.07,20.91,14.14,12.96,1.58,31.68,0.73,1.58,,,,0.3,,66.59,,,,,256.14,901.68,
2024-06-01 11:00:00,21.53,46.28,5.64,17.33,17.67,12.64,11.92,1.6,39.24,0.72,1.6,,,,0.3,,60.14,,,,,313.7,901.54,
2024-06-01 12:00:00,20.41,43.94,6.67,17.96,19.36,13.67,12.16,1.62,45.98,0.72,1.58,,,,0.31,,55.23,,,,,170.84,901.3,
2024-06-01 13:00:00,21.66,46.56,7.74,20.56,23.01,14.74,13.44,1.69,47.82,0.74,1.58,,,,0.31,,53.96,,,,,146.3,901.08,
2024-06-01 14:00:00,20.38,43.88,6.05,17.62,18.43,13.05,11.5,1.74,30.93,0.74,1.56,,,,0.31,,70.76,,,,,45.3,900.86,
2024-06-01 15:00:00,20.16,43.41,5.58,14.48,14.76,12.58,10.72,1.74,22.91,0.74,1.59,,,,0.31,,99.6,,,,,14.81,901.02,
2024-06-01 16:00:00,19.32,41.68,5.66,14.95,15.48,12.66,12.02,1.64,17.38,0.72,1.55,,,,0.32,,99.58,,,,,14.79,901.06,
2024-06-01 17:00:00,21.48,46.16,5.49,15.85,16.04,12.49,11.98,1.66,14.8,0.73,1.58,,,,0.32,,99.48,,,,,9.89,901.2,
2024-06-01 18:00:00,23.85,51.12,5.83,16.32,16.85,12.83,11.84,1.7,15.91,0.72,1.57,,,,0.31,,99.3,,,,,9.89,901.26,
2024-06-01 19:00:00,23.9,51.21,5.66,16.22,16.58,12.66,11.04,1.66,15.7,0.74,1.59,,,,0.31,,95.82,,,,,9.89,901.54,
2024-06-01 20:00:00,24.95,53.39,6.2,16.02,16.92,13.2,12.74,1.61,20.91,0.72,1.56,,,,0.31,,99.68,,,,,9.89,901.92,
2024-06-01 21:00:00,23.22,49.8,6.1,16.56,17.38,13.11,12.4,1.6,22.67,0.74,1.56,,,,0.31,,99.7,,,,,9.89,902.18,
2024-06-01 22:00:00,21.3,45.81,6.45,17.99,19.14,13.45,11.45,1.56,21.75,0.74,1.56,,,,0.31,,99.7,,,,,9.89,902.08,
2024-06-01 23:00:00,22.83,48.99,6.02,16.13,16.85,13.02,11.54,1.59,17.67,0.72,1.59,,,,0.31,,99.72,,,,,9.89,902.09,
2024-06-02 00:00:00,22.03,47.3,6.94,16.81,18.45,13.94,12.3,1.55,17.84,0.73,1.56,,,,0.31,,99.74,,,,,9.89,901.88,
2024-06-02 01:00:00,20.56,44.25,5.58,16.48,16.76,12.58,11.01,1.52,24.52,0.74,1.57,,,,0.3,,99.74,,,,,9.89,901.44,
2024-06-02 02:00:00,22.25,47.77,6.34,17.39,18.43,13.34,10.78,1.51,29.99,0.72,1.57,,,,0.31,,99.74,,,,,9.89,901.08,
2024-06-02 03:00:00,23.96,51.32,5.49,16.57,16.77,12.49,11.74,1.51,29.12,0.72,1.57,,,,0.32,,99.66,,,,,9.89,900.96,
2024-06-02 04:00:00,23.88,51.18,6.2,17.55,18.45,13.2,11.97,1.56,21.8,0.74,1.57,,,,0.3,,99.6,,,,,9.89,901.11,
2024-06-02 05:00:00,24.82,53.15,6.19,16.48,17.38,13.19,11.87,1.6,23.17,0.72,1.55,,,,0.3,,99.64,,,,,9.89,901.36,
2024-06-02 06:00:00,24.86,53.21,6.4,16.58,17.68,13.4,10.81,1.62,18.62,0.72,1.57,,,,0.32,,99.64,,,,,9.89,901.64,
2024-06-02 07:00:00,25.89,55.36,5.9,17.93,18.54,12.9,11.26,1.62,25.76,0.74,1.58,,,,0.31,,99.54,,,,,15.51,901.74,
2024-06-02 08:00:00,25.09,53.69,6.47,17.81,18.98,9.44,12.89,1.61,27.07,0.75,1.57,,,,0.31,,96.33,,,,,149.08,901.79,
2024-06-02 09:00:00,24.14,51.71,5.82,18.37,18.9,12.82,,1.58,24.3,0.74,1.6,,,,0.32,,86.17,,,,,318.22,901.86,
2024-06-02 10:00:00,25.27,54.06,7.32,19.15,21.16,14.32,9.75,1.58,28.08,0.72,1.56,,,,0.3,,74.35,,,,,339.86,901.8,
2024-06-02 11:00:00,24.35,52.15,6.46,17.9,19.07,13.46,11.33,1.56,33.42,0.71,1.58,,,,0.31,,66.66,,,,,543.1,901.64,
2024-06-02 12:00:00,22.26,47.8,7.6,20.3,22.6,14.6,12.37,1.57,34.91,0.72,1.59,,,,0.32,,57.69,,,,,207.76,901.48,
2024-06-02 13:00:00,23.78,50.95,7.34,21.24,23.28,14.34,12.14,1.62,36.05,0.73,1.58,,,,0.31,,55.34,,,,,223.75,901.36,
2024-06-02 14:00:00,23.16,49.68,6.8,18.82,20.32,13.8,11.12,1.64,37.21,0.72,1.6,,,,0.31,,53.82,,,,,190.79,901.2,
2024-06-02 15:00:00,24.4,52.25,8.24,20.74,23.69,15.25,11.91,1.7,40.86,0.74,1.58,,,,0.31,,53.49,,,,,291.36,900.99,
2024-06-02 16:00:00,23.86,51.14,5.32,15.05,15.34,12.32,11.66,1.75,42.01,0.73,1.58,,,,0.3,,54.5,,,,,129.06,900.9,
2024-06-02 17:00:00,22.26,47.79,6.91,19.36,20.96,13.9,9.4,1.75,47.47,0.7,1.57,,,,0.31,,53.32,,,,,48.29,900.98,
2024-06-02 18:00:00,23.03,49.4,5.47,17.8,18.39,12.47,10.8,1.74,32.39,0.74,1.6,,,,0.31,,71.8,,,,,9.89,901.34,
2024-06-02 19:00:00,21.64,46.49,5.56,15.09,15.5,12.57,13.4,1.71,29.96,0.73,1.58,,,,0.31,,99.72,,,,,9.89,901.7,
2024-06-02 20:00:00,19.65,42.36,5.88,16.52,17.14,12.88,,1.63,27.24,0.72,1.57,,,,0.32,,99.73,,,,,9.89,901.87,
2024-06-02 21:00:00,21.38,45.97,6.15,18.26,19.1,13.15,11.07,1.59,29.2,0.74,1.58,,,,0.31,,99.73,,,,,9.89,902.05,
2024-06-02 22:00:00,21.4,46.01,6.45,16.53,17.68,13.45,11.25,1.55,32.67,0.75,1.57,,,,0.31,,99.73,,,,,9.89,902.16,
2024-06-02 23:00:00,19.9,42.89,7.14,19.88,21.72,14.14,11.17,1.52,28.54,0.74,1.58,,,,0.32,,99.74,,,,,9.89,902.19,
2024-06-03 00:00:00,18.78,40.55,4.96,15.78,15.44,11.96,11.72,1.54,20.98,0.73,1.59,,,,0.3,,99.74,,,,,9.89,901.88,
2024-06-03 01:00:00,20.29,43.68,5.31,16.49,16.5,12.31,12.26,1.56,19.75,0.72,1.56,,,,0.32,,99.74,,,,,9.89,901.56,
2024-06-03 02:00:00,25.13,53.78,5.78,16.98,17.47,12.78,13.03,1.58,25.21,0.73,1.55,,,,0.31,,99.74,,,,,9.89,901.31,
2024-06-03 03:00:00,25.36,54.26,5.02,16.49,16.22,12.02,12.12,1.59,21.54,0.73,1.57,,,,0.3,,99.74,,,,,9.89,901.14,
2024-06-03 04:00:00,23.7,50.8,6.6,17.03,18.32,13.59,10.76,1.59,19.62,0.74,1.56,,,,0.31,,99.74,,,,,9.89,901.2,
2024-06-03 05:00:00,21.78,46.8,5.57,16.35,16.62,12.57,12.29,1.61,15.49,0.73,1.56,,,,0.32,,99.74,,,,,9.89,901.48,
2024-06-03 06:00:00,21.01,45.18,5.34,16.09,16.13,12.34,11.93,1.64,15.03,0.74,1.58,,,,0.31,,99.73,,,,,10.22,901.82,
2024-06-03 07:00:00,22.78,48.87,7.42,21.9,24.03,14.42,12.6,1.64,16.44,0.73,1.58,,,,0.32,,99.73,,,,,27.1,901.86,
2024-06-03 08:00:00,21.22,45.63,6.87,18.58,20.16,13.87,12.63,1.66,16.76,0.73,1.56,,,,0.31,,99.7,,,,,99.29,901.98,
2024-06-03 09:00:00,20.8,44.74,6.59,18.18,19.46,13.59,10.62,1.64,21.53,0.74,1.57,,,,0.31,,99.39,,,,,250.1,902.14,
2024-06-03 10:00:00,23.14,49.63,6.49,17.42,18.61,13.49,11.59,1.63,22.48,0.73,1.58,,,,0.32,,93.74,,,,,248.42,902.12,
2024-06-03 11:00:00,23.76,50.93,6.34,16.89,17.94,13.35,11.36,1.62,24.42,0.72,1.58,,,,0.32,,77.24,,,,,399.06,901.99,
2024-06-03 12:00:00,22.28,47.82,6.49,16.3,17.49,13.49,10.8,1.61,28.66,0.73,1.57,,,,0.31,,68.34,,,,,314.45,901.85,
2024-06-03 13:00:00,22.08,47.41,6.52,17.96,19.19,13.52,10.74,1.58,30.65,0.74,1.56,,,,0.31,,62.4,,,,,205.32,901.59,
2024-06-03 14:00:00,21.06,45.28,7.45,19.46,21.61,14.45,9.58,1.6,33.68,0.72,1.54,,,,0.31,,60.37,,,,,241.63,901.33,
2024-06-03 15:00:00,20.2,43.5,6.45,16.86,18.05,13.45,11.46,1.63,41.09,0.74,1.56,,,,0.31,,61.31,,,,,236.33,901.16,
2024-06-03 16:00:00,20.99,45.16,6.96,18.25,20.0,13.96,12.06,1.61,42.92,0.74,1.58,,,,0.31,,60.28,,,,,170.24,901.2,
2024-06-03 17:00:00,21.5,46.22,7.24,18.26,20.2,14.24,12.2,1.7,43.18,0.73,1.59,,,,0.32,,62.66,,,,,35.57,901.36,
2024-06-03 18:00:00,23.44,50.25,6.3,16.21,17.23,13.3,11.93,1.72,34.29,0.73,1.58,,,,0.31,,69.42,,,,,9.89,901.48,
2024-06-03 19:00:00,24.77,53.03,5.13,14.96,14.79,12.13,10.19,1.77,20.56,0.72,1.58,,,,0.3,,78.6,,,,,9.89,901.65,
2024-06-03 20:00:00,25.91,55.4,4.63,13.65,12.98,11.62,11.16,1.61,18.37,0.72,1.59,,,,0.31,,98.79,,,,,9.89,901.81,
2024-06-03 21:00:00,24.3,52.04,6.83,16.84,18.37,13.83,11.4,1.57,22.94,0.72,1.57,,,,0.32,,99.49,,,,,9.89,901.91,
2024-06-03 22:00:00,21.89,47.02,5.11,15.88,15.68,12.11,10.78,1.56,26.18,0.73,1.56,,,,0.32,,99.52,,,,,9.89,901.93,
2024-06-03 23:00:00,20.64,44.42,5.87,16.08,16.65,12.87,11.57,1.55,24.63,0.72,1.58,,,,0.3,,99.53,,,,,9.89,901.86,
2024-06-04 00:00:00,22.45,48.2,5.58,17.07,17.35,12.58,11.36,1.58,22.64,0.73,1.57,,,,0.3,,99.54,,,,,9.89,901.73,
2024-06-04 01:00:00,21.65,46.52,6.29,15.2,16.2,13.29,11.37,1.58,20.04,0.73,1.6,,,,0.3,,99.56,,,,,9.89,901.53,
2024-06-04 02:00:00,19.94,42.96,6.53,17.05,18.28,13.53,10.94,1.57,18.12,0.71,1.55,,,,0.3,,99.62,,,,,9.89,901.51,
2024-06-04 03:00:00,19.08,41.17,7.23,20.6,22.52,14.23,11.11,1.56,17.02,0.73,1.58,,,,0.3,,99.61,,,,,9.89,901.48,
2024-06-04 04:00:00,19.31,41.66,6.26,17.41,18.38,13.26,12.49,1.57,17.78,0.74,1.57,,,,0.3,,99.64,,,,,9.89,901.54,
2024-06-04 05:00:00,20.09,43.28,6.5,16.66,17.86,13.5,12.42,1.59,17.9,0.72,1.59,,,,0.31,,99.64,,,,,9.89,901.68,
2024-06-04 06:00:00,21.29,45.77,6.21,17.25,18.15,13.21,11.6,1.6,16.26,0.73,1.59,,,,0.31,,99.63,,,,,11.04,901.83,
2024-06-04 07:00:00,22.24,47.76,5.81,16.65,17.24,12.81,12.9,1.6,16.12,0.72,1.57,,,,0.3,,99.58,,,,,56.8,902.01,
2024-06-04 08:00:00,23.36,50.07,5.5,16.23,16.43,12.5,11.03,1.59,18.04,0.71,1.56,,,,0.31,,99.52,,,,,106.96,902.14,
2024-06-04 09:00:00,21.78,46.81,5.74,16.24,16.68,12.75,11.69,1.57,23.41,0.71,1.57,,,,0.31,,98.61,,,,,283.18,902.26,
2024-06-04 10:00:00,22.88,49.1,6.31,17.86,18.87,13.31,10.66,1.57,27.11,0.72,1.57,,,,0.3,,75.89,,,,,424.85,902.22,
2024-06-04 11:00:00,23.52,50.41,6.92,18.61,20.23,13.92,10.74,1.5,28.27,0.72,1.55,,,,0.3,,66.25,,,,,474.75,902.09,
2024-06-04 12:00:00,22.26,47.8,6.95,18.17,19.82,13.95,11.74,1.51,35.46,0.74,1.56,,,,0.3,,61.68,,,,,238.33,901.97,
2024-06-04 13:00:00,22.76,48.85,6.02,17.34,18.06,13.02,11.01,1.6,31.56,0.74,1.58,,,,0.32,,57.4,,,,,164.07,901.76,
2024-06-04 14:00:00,22.49,48.26,5.45,15.0,15.15,12.45,10.23,1.6,29.29,0.72,1.57,,,,0.3,,57.52,,,,,222.83,901.55,
2024-06-04 15:00:00,21.34,45.87,7.07,20.92,22.69,14.08,10.87,1.62,40.43,0.72,1.58,,,,0.31,,58.06,,,,,183.82,901.34,
2024-06-04 16:00:00,20.4,43.93,7.54,20.53,22.78,14.54,11.78,1.6,36.66,0.71,1.58,,,,0.31,,55.36,,,,,165.22,901.26,
2024-06-04 17:00:00,19.34,41.71,6.38,17.27,18.36,13.38,11.72,1.61,37.47,0.74,1.58,,,,0.31,,59.23,,,,,16.63,901.28,
2024-06-04 18:00:00,19.92,42.93,6.56,17.42,18.72,13.56,13.9,1.71,31.1,0.74,1.58,,,,0.31,,60.97,,,,,9.89,901.39,
2024-06-04 19:00:00,28.95,61.73,5.47,14.51,14.68,12.47,11.9,1.68,27.58,0.73,1.6,,,,0.3,,63.9,,,,,9.89,901.6,
2024-06-04 20:00:00,27.46,58.62,6.49,16.21,17.4,13.49,10.8,1.64,30.4,0.72,1.59,,,,0.31,,81.1,,,,,9.89,901.83,
2024-06-04 21:00:00,24.74,52.96,4.64,13.52,13.18,11.64,11.16,1.58,27.12,0.72,1.56,,,,0.31,,88.9,,,,,9.89,901.88,
2024-06-04 22:00:00,23.03,49.4,6.85,22.88,24.42,13.85,9.98,1.64,22.42,0.74,1.57,,,,0.31,,92.79,,,,,9.89,902.12,
2024-06-04 23:00:00,25.19,53.9,5.92,15.84,16.46,12.92,11.64,1.62,22.45,0.72,1.58,,,,0.31,,99.19,,,,,9.89,902.14,
2024-06-05 00:00:00,26.34,56.3,6.56,18.47,19.73,13.56,13.04,1.63,13.61,0.74,1.55,,,,0.32,,99.53,,,,,9.89,902.0,
2024-06-05 01:00:00,25.55,54.65,6.06,16.29,17.05,13.06,12.91,1.62,18.1,0.72,1.57,,,,0.32,,99.65,,,,,9.89,901.83,
2024-06-05 02:00:00,24.56,52.58,5.74,15.0,15.44,12.74,11.16,1.64,18.14,0.73,1.57,,,,0.3,,99.7,,,,,9.89,901.69,
2024-06-05 03:00:00,26.51,56.66,7.04,19.58,21.31,14.03,9.9,1.63,16.64,0.72,1.59,,,,0.31,,99.7,,,,,9.89,901.68,
2024-06-05 04:00:00,24.44,52.34,7.08,18.75,20.52,14.07,9.21,1.62,14.88,0.72,1.58,,,,0.31,,99.7,,,,,9.89,901.72,
2024-06-05 05:00:00,23.58,50.56,6.92,16.54,18.15,13.92,10.68,1.63,14.36,0.71,1.59,,,,0.31,,99.7,,,,,9.89,901.84,
2024-06-05 06:00:00,21.51,46.24,6.54,18.08,19.32,13.54,10.25,1.66,11.57,0.74,1.55,,,,0.3,,99.7,,,,,9.89,901.97,
2024-06-05 07:00:00,22.76,48.84,6.44,17.72,18.86,13.44,10.54,1.65,10.96,0.73,1.58,,,,0.32,,99.68,,,,,16.74,902.13,
2024-06-05 08:00:00,24.6,52.67,6.51,17.52,18.74,13.51,12.06,1.67,14.85,0.74,1.56,,,,0.3,,99.54,,,,,57.74,902.2,
2024-06-05 09:00:00,24.88,53.26,6.03,17.25,17.98,13.03,11.22,1.62,18.23,0.72,1.57,,,,0.32,,94.79,,,,,424.48,902.27,
2024-06-05 10:00:00,25.45,54.43,6.72,19.79,21.21,13.72,11.19,1.6,18.9,0.75,1.57,,,,0.32,,78.93,,,,,420.82,902.26,
2024-06-05 11:00:00,25.74,55.04,6.3,17.02,18.02,13.3,12.29,1.59,23.94,0.73,1.57,,,,0.31,,70.79,,,,,470.9,902.11,
2024-06-05 12:00:00,26.1,55.79,6.25,16.38,17.34,13.25,12.8,1.56,25.02,0.71,1.59,,,,0.31,,65.18,,,,,280.38,901.88,
2024-06-05 13:00:00,27.0,57.66,6.81,19.12,20.62,13.81,11.36,1.6,20.04,0.74,1.57,,,,0.32,,59.33,,,,,235.72,901.65,
2024-06-05 14:00:00,25.86,55.3,7.72,23.24,25.66,14.73,12.55,1.64,22.26,0.74,1.57,,,,0.31,,60.38,,,,,159.93,901.42,
2024-06-05 15:00:00,24.43,52.32,6.9,19.91,21.51,13.9,10.69,1.64,26.56,0.73,1.56,,,,0.31,,61.03,,,,,104.14,901.2,
2024-06-05 16:00:00,27.98,59.7,6.01,17.93,18.65,13.0,11.12,1.68,26.42,0.72,1.56,,,,0.32,,71.11,,,,,37.68,901.28,
2024-06-05 17:00:00,28.15,60.06,5.62,16.8,17.32,12.62,10.75,1.78,16.0,0.74,1.57,,,,0.3,,99.61,,,,,9.89,901.35,
2024-06-05 18:00:00,32.16,68.42,5.48,16.7,16.87,12.48,11.48,1.68,12.79,0.72,1.57,,,,0.31,,99.69,,,,,9.89,901.68,
2024-06-05 19:00:00,31.67,67.41,6.4,18.94,20.04,13.39,10.98,1.72,11.37,0.72,1.58,,,,0.32,,99.73,,,,,9.89,901.84,
2024-06-05 20:00:00,30.45,64.87,6.17,17.33,18.2,13.17,11.68,1.68,11.08,0.73,1.57,,,,0.32,,99.74,,,,,9.89,902.08,
2024-06-05 21:00:00,29.27,62.4,7.19,19.32,21.22,14.19,11.39,1.7,10.1,0.73,1.58,,,,0.3,,99.73,,,,,9.89,902.19,
2024-06-05 22:00:00,28.84,61.5,5.94,14.82,15.45,12.94,11.44,1.68,11.84,0.73,1.54,,,,0.31,,99.73,,,,,9.89,902.2,
2024-06-05 23:00:00,26.54,56.71,5.76,13.96,14.43,12.76,10.98,1.65,12.79,0.73,1.59,,,,0.31,,99.73,,,,,9.89,902.23,
2024-06-06 00:00:00,23.4,50.18,7.6,19.04,21.33,14.6,12.28,1.65,12.31,0.75,1.57,,,,0.3,,99.73,,,,,9.89,902.17,
2024-06-06 01:00:00,23.59,50.57,5.9,16.6,17.2,12.9,11.32,1.65,12.48,0.72,1.55,,,,0.32,,99.75,,,,,9.89,901.98,
2024-06-06 02:00:00,23.56,50.49,7.6,20.78,23.08,14.6,10.59,1.65,12.46,0.72,1.58,,,,0.31,,99.76,,,,,9.89,901.78,
2024-06-06 03:00:00,22.72,48.76,6.73,17.12,18.55,13.73,11.36,1.64,11.58,0.73,1.56,,,,0.32,,99.73,,,,,9.89,901.67,
2024-06-06 04:00:00,21.96,47.17,7.02,18.06,19.78,14.02,11.73,1.63,11.4,0.72,1.58,,,,0.31,,99.73,,,,,9.89,901.72,
2024-06-06 05:00:00,23.72,50.84,6.12,16.49,17.31,13.13,12.63,1.62,10.98,0.72,1.56,,,,0.31,,99.74,,,,,9.89,901.75,
2024-06-06 06:00:00,22.42,48.12,5.8,16.67,17.17,12.8,11.73,1.65,10.74,0.73,1.55,,,,0.31,,99.76,,,,,10.71,901.95,
2024-06-06 07:00:00,23.25,49.86,5.63,16.02,16.36,12.64,10.99,1.64,10.47,0.74,1.58,,,,0.31,,99.72,,,,,42.39,902.14,
2024-06-06 08:00:00,23.04,49.4,6.18,17.55,18.44,13.18,11.47,1.66,11.12,0.72,1.57,,,,0.31,,99.62,,,,,94.24,902.26,
2024-06-06 09:00:00,23.08,49.52,5.86,16.14,16.7,12.85,11.36,1.62,13.48,0.75,1.58,,,,0.31,,99.47,,,,,171.22,902.26,
2024-06-06 10:00:00,22.82,48.97,6.26,16.71,17.67,13.26,11.66,1.62,15.12,0.72,1.57,,,,0.31,,94.12,,,,,265.23,902.18,
2024-06-06 11:00:00,23.64,50.68,6.82,17.8,19.31,13.82,11.77,1.57,16.68,0.74,1.58,,,,0.31,,81.34,,,,,269.3,902.14,
2024-06-06 12:00:00,22.16,47.59,6.66,17.0,18.36,13.66,12.5,1.58,18.65,0.73,1.55,,,,0.32,,73.86,,,,,253.82,902.03,
2024-06-06 13:00:00,21.17,45.52,7.34,20.0,22.04,14.34,12.38,1.58,20.17,0.72,1.54,,,,0.3,,71.04,,,,,252.11,901.79,
2024-06-06 14:00:00,20.72,44.58,6.25,15.61,16.56,13.25,12.02,1.61,20.67,0.74,1.55,,,,0.3,,68.98,,,,,231.96,901.54,
2024-06-06 15:00:00,20.43,43.98,6.16,16.58,17.47,13.16,11.79,1.61,22.24,0.75,1.59,,,,0.32,,61.46,,,,,274.9,901.29,
2024-06-06 16:00:00,22.39,48.06,6.89,19.61,21.22,13.89,11.13,1.61,22.67,0.74,1.55,,,,0.31,,58.74,,,,,209.79,901.3,
2024-06-06 17:00:00,23.39,50.15,7.2,22.14,24.04,14.2,10.98,1.64,24.73,0.71,1.58,,,,0.32,,62.57,,,,,35.7,901.32,
2024-06-06 18:00:00,21.56,46.35,7.08,20.54,22.32,14.08,11.56,1.65,16.62,0.72,1.58,,,,0.3,,75.24,,,,,9.89,901.53,
2024-06-06 19:00:00,22.71,48.74,4.21,14.77,13.67,11.22,10.13,1.61,15.78,0.73,1.56,,,,0.31,,99.7,,,,,9.89,901.8,
2024-06-06 20:00:00,24.56,52.59,6.02,17.37,18.09,13.02,11.46,1.58,15.74,0.73,1.56,,,,0.31,,99.73,,,,,9.89,902.09,
2024-06-06 21:00:00,25.62,54.8,5.66,15.28,15.65,12.67,12.85,1.6,14.51,0.72,1.56,,,,0.31,,99.73,,,,,9.89,902.3,
2024-06-06 22:00:00,23.86,51.14,6.21,17.55,18.46,13.22,12.33,1.6,13.64,0.74,1.57,,,,0.31,,99.73,,,,,9.89,902.29,
2024-06-06 23:00:00,22.66,48.62,5.98,15.06,15.74,12.97,11.34,1.57,12.19,0.73,1.57,,,,0.31,,99.76,,,,,9.89,902.2,
2024-06-07 00:00:00,20.97,45.11,6.12,16.47,16.77,12.99,11.38,1.57,11.66,0.73,1.55,,,,0.31,,99.77,,,,,9.89,901.98,
2024-06-07 01:00:00,21.0,45.17,6.05,18.74,19.5,13.05,11.75,1.59,14.02,0.74,1.56,,,,0.31,,99.77,,,,,9.89,901.77,
2024-06-07 02:00:00,22.93,49.2,6.34,18.41,19.45,13.34,11.36,1.6,13.2,0.73,1.56,,,,0.31,,99.77,,,,,9.89,901.54,
2024-06-07 03:00:00,21.8,46.86,6.54,18.73,19.97,13.54,11.48,1.61,13.04,0.74,1.55,,,,0.3,,99.77,,,,,9.89,901.28,
2024-06-07 04:00:00,22.04,47.34,6.2,16.04,16.94,13.2,11.8,1.6,12.14,0.73,1.54,,,,0.32,,99.76,,,,,9.89,901.12,
2024-06-07 05:00:00,24.15,51.72,7.46,21.08,23.25,14.46,11.87,1.57,10.9,0.73,1.58,,,,0.31,,99.76,,,,,9.89,901.25,
2024-06-07 06:00:00,23.55,50.5,5.88,17.1,17.69,12.88,11.15,1.58,10.13,0.71,1.57,,,,0.31,,99.76,,,,,9.89,901.6,
2024-06-07 07:00:00,23.35,50.06,5.76,17.6,18.07,12.76,11.21,1.58,10.66,0.75,1.58,,,,0.31,,99.75,,,,,24.86,901.77,
2024-06-07 08:00:00,23.56,50.51,6.61,18.15,19.46,13.21,10.78,1.61,12.23,0.74,1.57,,,,0.31,,99.68,,,,,76.25,901.92,
2024-06-07 09:00:00,22.18,47.64,5.62,15.49,15.81,12.62,11.42,1.59,13.08,0.71,1.55,,,,0.31,,99.54,,,,,205.14,902.02,
2024-06-07 10:00:00,23.9,51.21,5.89,16.04,16.66,12.89,12.13,1.54,12.78,0.72,1.57,,,,0.31,,96.7,,,,,292.54,901.98,
2024-06-07 11:00:00,23.97,51.35,6.56,19.48,20.75,13.56,11.11,1.5,14.15,0.73,1.57,,,,0.31,,87.96,,,,,362.29,901.87,
2024-06-07 12:00:00,22.46,48.22,6.52,16.51,17.72,13.51,10.89,1.51,12.76,0.73,1.58,,,,0.31,,75.58,,,,,301.31,901.68,
2024-06-07 13:00:00,21.06,45.28,7.29,19.36,21.35,14.29,11.29,1.59,14.0,0.73,1.55,,,,0.31,,69.79,,,,,257.28,901.46,
2024-06-07 14:00:00,21.75,46.74,5.95,16.73,17.38,12.95,12.08,1.57,16.66,0.74,1.6,,,,0.32,,65.9,,,,,315.26,901.18,
2024-06-07 15:00:00,21.94,47.13,6.24,16.21,17.17,13.24,11.31,1.57,17.36,0.72,1.59,,,,0.3,,63.05,,,,,221.06,901.03,
2024-06-07 16:00:00,21.04,45.25,6.83,18.6,20.13,13.83,12.33,1.58,15.25,0.74,1.56,,,,0.3,,71.85,,,,,152.54,901.0,
2024-06-07 17:00:00,20.16,43.4,5.88,14.9,15.64,12.88,12.28,1.6,15.14,0.72,1.56,,,,0.3,,85.46,,,,,47.11,901.12,
2024-06-07 18:00:00,22.47,48.24,6.57,17.3,18.57,13.57,11.98,1.58,20.9,0.74,1.57,,,,0.31,,87.53,,,,,9.89,901.31,
2024-06-07 19:00:00,23.29,49.94,5.66,17.27,17.63,12.66,12.4,1.57,21.25,0.74,1.59,,,,0.31,,92.06,,,,,9.89,901.5,
2024-06-07 20:00:00,23.02,49.38,6.48,18.61,19.79,13.48,11.85,1.55,20.12,0.74,1.59,,,,0.3,,99.52,,,,,9.89,901.61,
2024-06-07 21:00:00,22.35,47.99,5.8,16.56,17.06,12.8,10.77,1.61,18.88,0.74,1.62,,,,0.31,,99.53,,,,,9.89,901.71,
2024-06-07 22:00:00,22.85,49.04,5.85,16.42,16.96,12.85,11.04,1.62,18.54,0.73,1.58,,,,0.31,,99.53,,,,,9.89,901.86,
2024-06-07 23:00:00,22.76,48.84,5.46,16.19,16.34,12.46,12.42,1.63,17.7,0.74,1.56,,,,0.31,,99.56,,,,,9.89,901.82,
2024-06-08 00:00:00,22.17,47.62,6.44,16.71,17.87,13.44,12.07,1.61,17.9,0.72,1.58,,,,0.32,,99.57,,,,,9.89,901.7,
2024-06-08 01:00:00,21.77,46.77,5.58,15.16,15.45,12.58,12.01,1.59,17.18,0.74,1.57,,,,0.32,,99.56,,,,,9.89,901.53,
2024-06-08 02:00:00,20.63,44.4,5.39,15.52,15.61,12.39,11.23,1.6,18.45,0.72,1.57,,,,0.31,,99.57,,,,,9.89,901.34,
2024-06-08 03:00:00,21.48,46.19,5.27,14.66,14.65,12.26,11.11,1.61,18.83,0.72,1.56,,,,0.32,,99.6,,,,,9.89,901.18,
2024-06-08 04:00:00,23.38,50.11,5.94,16.74,17.38,12.94,12.08,1.59,16.43,0.74,1.58,,,,0.32,,99.61,,,,,9.89,901.2,
2024-06-08 05:00:00,22.07,47.4,5.58,15.33,15.62,12.58,12.11,1.6,14.29,0.74,1.58,,,,0.31,,99.61,,,,,9.89,901.3,
2024-06-08 06:00:00,21.06,45.3,5.47,15.93,16.1,12.47,11.62,1.58,17.53,0.73,1.56,,,,0.32,,99.6,,,,,10.81,901.49,
2024-06-08 07:00:00,22.18,47.64,5.46,14.84,15.01,12.46,9.47,1.61,18.18,0.72,1.58,,,,0.31,,99.54,,,,,32.78,901.66,
2024-06-08 08:00:00,21.96,47.18,5.86,17.74,18.48,12.86,9.77,1.6,16.18,0.73,1.58,,,,0.31,,96.58,,,,,84.04,901.73,
2024-06-08 09:00:00,23.25,49.87,6.06,18.8,19.57,13.06,10.55,1.6,18.95,0.72,1.58,,,,0.31,,82.24,,,,,286.59,901.88,
2024-06-08 10:00:00,23.35,50.06,6.87,19.34,20.9,13.87,10.7,1.59,19.18,0.7,1.56,,,,0.32,,78.83,,,,,300.59,901.91,
2024-06-08 11:00:00,23.6,50.6,6.48,16.24,17.42,13.48,11.83,1.6,25.68,0.72,1.56,,,,0.31,,71.82,,,,,287.03,901.76,
2024-06-08 12:00:00,24.84,53.17,5.99,17.0,17.69,12.99,10.94,1.58,19.99,0.74,1.56,,,,0.31,,64.3,,,,,178.52,901.52,
2024-06-08 13:00:00,25.49,54.53,6.13,17.3,18.14,13.13,12.02,1.61,22.3,0.72,1.56,,,,0.32,,59.94,,,,,144.4,901.4,
2024-06-08 14:00:00,24.91,53.32,6.32,16.98,18.05,13.32,12.94,1.63,20.45,0.74,1.57,,,,0.32,,60.23,,,,,195.52,901.22,
2024-06-08 15:00:00,22.74,48.78,6.64,17.82,19.16,13.64,11.45,1.66,21.8,0.74,1.58,,,,0.3,,62.13,,,,,166.53,901.06,
2024-06-08 16:00:00,22.79,48.9,5.03,16.54,16.26,12.03,11.21,1.61,19.15,0.74,1.58,,,,0.31,,61.14,,,,,119.16,900.96,
2024-06-08 17:00:00,22.78,48.88,6.24,17.36,18.29,13.24,11.62,1.63,23.92,0.74,1.58,,,,0.31,,69.54,,,,,17.27,901.08,
2024-06-08 18:00:00,21.06,45.29,7.06,20.48,22.24,14.06,12.41,1.65,29.84,0.73,1.58,,,,0.31,,75.93,,,,,9.89,901.3,
2024-06-08 19:00:00,20.85,44.86,7.34,18.98,20.27,14.09,11.58,1.59,27.76,0.74,1.58,,,,0.3,,91.12,,,,,9.89,901.53,
2024-06-08 20:00:00,21.25,45.7,5.56,15.65,15.91,12.56,10.51,1.56,24.75,0.74,1.57,,,,0.32,,94.83,,,,,9.89,901.66,
2024-06-08 21:00:00,20.55,44.24,5.44,15.55,15.69,12.44,11.5,1.61,17.96,0.72,1.54,,,,0.31,,95.78,,,,,9.89,901.8,
2024-06-08 22:00:00,22.71,48.73,6.56,18.58,19.84,13.55,11.16,1.63,16.13,0.73,1.56,,,,0.31,,99.52,,,,,9.89,901.84,
2024-06-08 23:00:00,30.58,65.13,6.2,16.59,17.49,13.2,10.26,1.62,17.44,0.72,1.58,,,,0.3,,99.54,,,,,9.89,901.7,
2024-06-09 00:00:00,30.89,65.76,6.01,15.95,16.66,13.01,11.54,1.62,18.66,0.72,1.58,,,,0.31,,99.59,,,,,9.89,901.42,
2024-06-09 01:00:00,30.47,64.89,6.02,18.48,19.21,13.03,12.05,1.62,19.78,0.73,1.58,,,,0.3,,99.61,,,,,9.89,901.26,
2024-06-09 02:00:00,29.0,61.84,6.46,17.88,19.04,13.46,10.11,1.62,16.24,0.75,1.59,,,,0.31,,99.61,,,,,9.89,901.22,
2024-06-09 03:00:00,28.04,59.82,5.89,15.42,16.01,12.89,10.48,1.62,21.17,0.72,1.56,,,,0.31,,99.61,,,,,9.89,901.2,
2024-06-09 04:00:00,25.89,55.35,5.62,16.05,16.36,12.62,11.7,1.6,22.39,0.73,1.56,,,,0.32,,99.64,,,,,9.89,901.23,
2024-06-09 05:00:00,24.95,53.4,5.54,15.85,16.1,12.54,11.96,1.57,22.38,0.71,1.56,,,,0.3,,99.64,,,,,9.89,901.3,
2024-06-09 06:00:00,25.05,53.62,6.68,16.62,17.99,13.68,12.32,1.58,22.09,0.72,1.58,,,,0.3,,99.62,,,,,9.9,901.38,
2024-06-09 07:00:00,22.91,49.15,6.07,17.91,18.68,13.07,11.4,1.58,16.03,0.72,1.58,,,,0.31,,99.31,,,,,23.08,901.5,
2024-06-09 08:00:00,23.18,49.7,6.02,18.16,18.89,13.02,11.49,1.57,15.26,0.72,1.56,,,,0.31,,99.1,,,,,41.86,901.56,
2024-06-09 09:00:00,21.37,45.94,6.71,16.81,18.22,13.71,12.86,1.58,16.72,0.73,1.58,,,,0.31,,95.05,,,,,228.23,901.72,
2024-06-09 10:00:00,21.22,45.63,6.14,17.03,17.9,13.14,12.12,1.57,17.6,0.74,1.58,,,,0.31,,83.71,,,,,241.68,901.76,
2024-06-09 11:00:00,20.75,44.66,6.88,16.12,17.7,13.88,10.22,1.6,16.1,0.73,1.58,,,,0.32,,80.31,,,,,123.57,901.67,
2024-06-09 12:00:00,20.43,43.98,7.26,18.74,20.7,14.26,10.76,1.6,17.58,0.71,1.59,,,,0.3,,69.43,,,,,201.54,901.48,
2024-06-09 13:00:00,19.55,42.16,6.42,18.18,19.3,13.42,12.17,1.55,20.85,0.73,1.59,,,,0.31,,72.32,,,,,96.59,901.32,
2024-06-09 14:00:00,20.02,43.11,5.68,14.93,15.32,12.68,12.04,1.54,19.38,0.74,1.56,,,,0.31,,99.71,,,,,15.85,901.38,
2024-06-09 15:00:00,21.91,47.06,5.52,15.76,15.98,12.52,12.18,1.58,16.34,0.72,1.56,,,,0.31,,99.63,,,,,60.59,901.17,
2024-06-09 16:00:00,22.91,49.16,5.62,16.25,16.64,12.62,12.46,1.54,16.27,0.72,1.59,,,,0.31,,99.56,,,,,116.68,901.1,
2024-06-09 17:00:00,23.03,49.39,6.61,17.19,18.5,13.61,11.99,1.54,21.39,0.72,1.6,,,,0.3,,97.96,,,,,37.51,901.13,
2024-06-09 18:00:00,22.76,48.83,5.85,16.68,17.4,12.85,11.43,1.55,20.08,0.72,1.6,,,,0.3,,98.91,,,,,9.89,901.3,
2024-06-09 19:00:00,21.97,47.19,6.47,18.46,19.64,13.47,11.59,1.54,16.72,0.73,1.57,,,,0.31,,99.52,,,,,9.89,901.48,
2024-06-09 20:00:00,23.39,50.16,5.93,17.43,18.06,12.93,11.12,1.55,12.92,0.74,1.58,,,,0.31,,99.58,,,,,9.89,901.55,
2024-06-09 21:00:00,25.22,53.98,6.0,17.4,18.11,13.0,11.6,1.59,14.62,0.72,1.59,,,,0.31,,99.6,,,,,9.89,901.72,
2024-06-09 22:00:00,23.71,50.82,6.27,16.22,17.19,13.27,12.32,1.61,16.4,0.72,1.57,,,,0.31,,99.62,,,,,9.89,901.88,
2024-06-09 23:00:00,25.34,54.22,5.56,15.35,15.61,12.56,12.4,1.6,18.28,0.72,1.56,,,,0.31,,99.63,,,,,9.89,901.86,
2024-06-10 00:00:00,24.3,52.05,6.6,19.67,20.96,13.6,10.79,1.6,20.77,0.72,1.58,,,,0.31,,99.55,,,,,9.89,901.69,
2024-06-10 01:00:00,25.04,53.58,7.64,20.34,22.68,14.64,12.03,1.6,19.76,0.74,1.56,,,,0.32,,99.58,,,,,9.89,901.48,
2024-06-10 02:00:00,25.36,54.25,6.11,18.62,20.64,13.11,14.02,1.59,15.19,0.71,1.58,,,,0.31,,99.66,,,,,9.89,901.3,
2024-06-10 03:00:00,26.5,56.62,7.05,19.25,21.01,9.91,10.9,1.58,13.7,0.74,1.55,,,,0.32,,99.65,,,,,9.89,901.31,
2024-06-10 04:00:00,26.18,55.95,6.3,16.4,17.4,13.3,11.5,1.58,13.53,0.73,1.58,,,,0.3,,99.66,,,,,9.89,901.24,
2024-06-10 05:00:00,25.68,54.94,5.57,15.51,15.78,12.57,10.25,1.58,16.76,0.73,1.57,,,,0.31,,99.67,,,,,9.89,901.35,
2024-06-10 06:00:00,26.88,57.42,6.66,17.14,18.52,13.66,10.46,1.59,12.2,0.72,1.58,,,,0.31,,99.67,,,,,10.62,901.52,
2024-06-10 07:00:00,24.42,52.3,6.86,18.48,20.04,13.86,13.03,1.59,14.68,0.71,1.55,,,,0.3,,99.59,,,,,46.42,901.72,
2024-06-10 08:00:00,23.44,50.27,6.81,18.13,19.69,13.81,12.06,1.61,20.12,0.74,1.58,,,,0.32,,97.9,,,,,59.43,901.84,
2024-06-10 09:00:00,23.64,50.68,6.14,16.44,17.3,13.14,11.09,1.63,22.55,0.72,1.58,,,,0.31,,87.87,,,,,308.05,901.89,
2024-06-10 10:00:00,23.02,49.39,6.57,17.81,19.08,13.57,11.58,1.62,18.97,0.74,1.56,,,,0.31,,75.85,,,,,316.53,901.84,
2024-06-10 11:00:00,22.54,48.38,5.71,16.08,16.5,12.71,13.3,1.6,22.99,0.74,1.56,,,,0.31,,84.27,,,,,368.4,901.77,
2024-06-10 12:00:00,21.08,45.34,6.82,17.37,18.8,13.41,12.78,1.59,18.68,0.73,1.56,,,,0.32,,99.55,,,,,241.29,901.72,
2024-06-10 13:00:00,20.34,43.8,6.8,18.42,19.93,13.8,10.44,1.56,17.49,0.73,1.56,,,,0.31,,97.88,,,,,215.69,901.54,
2024-06-10 14:00:00,21.55,46.32,7.23,19.59,21.52,14.23,10.97,1.56,18.4,0.74,1.58,,,,0.31,,88.37,,,,,271.0,901.34,
2024-06-10 15:00:00,22.47,48.23,6.81,18.2,19.72,13.81,11.94,1.56,18.1,0.72,1.59,,,,0.31,,71.73,,,,,292.33,901.22,
2024-06-10 16:00:00,22.01,47.27,6.09,17.69,18.48,13.09,12.74,1.54,22.4,0.76,1.6,,,,0.3,,70.91,,,,,88.47,901.25,
2024-06-10 17:00:00,20.78,44.72,6.19,17.9,18.81,13.19,12.37,1.58,23.57,0.75,1.57,,,,0.32,,69.54,,,,,26.17,901.32,
2024-06-10 18:00:00,19.88,42.82,5.92,18.7,19.33,12.92,13.66,1.56,23.77,0.73,1.55,,,,0.31,,71.33,,,,,9.89,901.49,
2024-06-10 19:00:00,21.0,45.18,6.38,18.11,19.19,13.39,12.91,1.56,23.87,0.74,1.58,,,,0.31,,72.05,,,,,9.89,901.74,
2024-06-10 20:00:00,20.68,44.5,7.0,16.97,18.67,14.0,11.6,1.6,24.68,0.73,1.55,,,,0.31,,77.95,,,,,9.89,901.9,
2024-06-10 21:00:00,20.22,43.54,6.5,17.69,18.89,13.5,11.34,1.61,23.66,0.72,1.57,,,,0.31,,84.0,,,,,9.89,902.07,
2024-06-10 22:00:00,20.25,43.6,5.89,17.74,18.32,12.89,10.68,1.58,25.43,0.74,1.56,,,,0.3,,89.56,,,,,9.89,902.12,
2024-06-10 23:00:00,23.09,49.52,7.08,18.11,19.9,14.08,10.58,1.57,22.4,0.73,1.57,,,,0.32,,98.15,,,,,9.89,902.11,
2024-06-11 00:00:00,24.55,52.56,5.72,14.14,14.57,12.72,12.36,1.57,20.9,0.75,1.6,,,,0.3,,99.5,,,,,9.89,901.92,
2024-06-11 01:00:00,22.98,49.31,6.96,17.58,19.24,13.96,12.34,1.57,18.32,0.74,1.58,,,,0.3,,99.56,,,,,9.89,901.73,
2024-06-11 02:00:00,22.86,49.06,6.11,17.68,18.48,13.11,12.24,1.56,18.32,0.73,1.57,,,,0.31,,99.59,,,,,9.89,901.6,
2024-06-11 03:00:00,22.85,49.02,6.45,17.84,18.99,13.45,11.41,1.55,19.8,0.74,1.56,,,,0.31,,99.59,,,,,9.89,901.5,
2024-06-11 04:00:00,24.87,53.24,6.66,18.64,20.0,13.66,11.96,1.56,16.24,0.73,1.58,,,,0.32,,99.64,,,,,9.89,901.52,
2024-06-11 05:00:00,26.01,55.62,5.66,18.61,18.98,12.66,10.04,1.57,16.24,0.73,1.58,,,,0.31,,99.64,,,,,9.89,901.62,
2024-06-11 06:00:00,23.88,51.17,5.68,16.01,16.57,12.68,10.58,1.57,16.17,0.72,1.56,,,,0.31,,99.6,,,,,10.98,901.73,
2024-06-11 07:00:00,25.31,54.14,5.35,15.75,15.8,12.35,11.47,1.57,16.25,0.72,1.58,,,,0.31,,99.56,,,,,25.46,901.82,
2024-06-11 08:00:00,24.54,52.54,6.37,16.56,17.62,13.36,11.48,1.59,16.45,0.75,1.57,,,,0.31,,99.48,,,,,94.08,901.91,
2024-06-11 09:00:00,25.23,53.98,6.19,15.16,16.04,13.19,11.01,1.59,15.78,0.73,1.56,,,,0.31,,95.87,,,,,196.38,901.97,
2024-06-11 10:00:00,25.04,53.59,6.04,17.45,18.19,13.04,10.94,1.56,15.64,0.72,1.56,,,,0.3,,88.44,,,,,236.53,901.94,
2024-06-11 11:00:00,26.18,55.95,5.76,16.18,16.64,12.76,10.82,1.56,15.9,0.74,1.58,,,,0.31,,77.4,,,,,287.58,901.83,
2024-06-11 12:00:00,26.64,56.91,6.23,17.13,18.06,13.23,12.74,1.57,16.38,0.7,1.55,,,,0.31,,69.05,,,,,268.75,901.66,
2024-06-11 13:00:00,25.89,55.36,6.76,17.9,19.36,13.76,11.64,1.56,18.17,0.72,1.58,,,,0.3,,63.94,,,,,219.94,901.51,
2024-06-11 14:00:00,23.79,50.99,6.53,17.01,18.23,13.53,10.82,1.55,21.3,0.72,1.56,,,,0.31,,60.92,,,,,243.7,901.41,
2024-06-11 15:00:00,23.98,51.38,7.32,19.46,21.48,14.32,10.95,1.55,22.13,0.74,1.57,,,,0.31,,61.22,,,,,229.02,901.29,
2024-06-11 16:00:00,22.26,47.8,5.84,16.8,17.4,12.84,11.02,1.56,20.34,0.73,1.57,,,,0.32,,84.55,,,,,26.78,901.32,
2024-06-11 17:00:00,23.98,51.37,5.86,15.28,15.86,12.86,10.92,1.62,16.5,0.72,1.57,,,,0.32,,99.57,,,,,39.55,901.4,
2024-06-11 18:00:00,28.04,59.83,5.51,16.18,16.4,12.51,10.34,1.62,16.34,0.74,1.58,,,,0.31,,99.5,,,,,9.89,901.56,
2024-06-11 19:00:00,29.09,62.02,6.3,19.11,20.1,13.3,12.65,1.64,16.17,0.72,1.58,,,,0.31,,99.3,,,,,9.89,901.65,
2024-06-11 20:00:00,27.2,58.09,6.66,16.14,17.5,13.66,11.58,1.63,18.62,0.74,1.57,,,,0.3,,97.98,,,,,9.89,901.78,
2024-06-11 21:00:00,25.92,55.42,6.4,16.37,17.46,13.4,12.15,1.62,18.82,0.71,1.56,,,,0.3,,99.43,,,,,9.89,901.88,
2024-06-11 22:00:00,24.27,51.99,7.06,18.27,20.03,14.06,10.34,1.61,18.93,0.74,1.57,,,,0.3,,99.44,,,,,9.89,901.96,
2024-06-11 23:00:00,23.72,50.83,6.9,19.48,21.08,13.9,11.33,1.6,23.27,0.75,1.56,,,,0.32,,99.46,,,,,9.89,901.96,
2024-06-12 00:00:00,25.53,54.6,6.28,16.48,17.46,13.28,10.54,1.56,22.26,0.73,1.58,,,,0.31,,99.52,,,,,9.89,901.91,
2024-06-12 01:00:00,25.22,53.97,6.73,17.4,18.84,13.74,10.85,1.56,22.09,0.72,1.56,,,,0.3,,99.56,,,,,9.89,901.71,
2024-06-12 02:00:00,26.24,56.08,6.46,17.53,18.69,13.46,10.2,1.59,20.86,0.73,1.55,,,,0.3,,99.57,,,,,9.89,901.61,
2024-06-12 03:00:00,24.29,52.03,6.08,16.66,17.44,13.07,11.27,1.62,19.25,0.74,1.58,,,,0.3,,99.6,,,,,9.89,901.64,
2024-06-12 04:00:00,22.84,48.99,7.59,20.21,22.49,14.59,10.96,1.61,17.23,0.74,1.59,,,,0.31,,99.47,,,,,9.89,901.76,
2024-06-12 05:00:00,23.33,50.01,6.67,18.35,19.72,13.67,10.8,1.58,17.52,0.73,1.59,,,,0.32,,99.2,,,,,9.89,901.88,
2024-06-12 06:00:00,24.61,52.69,6.65,19.39,20.74,13.65,11.72,1.6,15.7,0.74,1.58,,,,0.31,,99.29,,,,,13.52,902.05,
2024-06-12 07:00:00,24.86,53.22,6.66,18.8,20.15,13.66,11.88,1.6,16.29,0.73,1.56,,,,0.32,,99.21,,,,,30.51,902.14,
2024-06-12 08:00:00,25.44,54.42,7.26,17.34,19.3,14.26,12.33,1.63,15.18,0.71,1.58,,,,0.31,,99.26,,,,,86.41,902.28,
2024-06-12 09:00:00,26.48,56.59,6.06,18.2,18.96,13.06,11.52,1.61,17.35,0.72,1.56,,,,0.3,,98.43,,,,,190.28,902.34,
2024-06-12 10:00:00,26.5,56.63,5.78,16.64,17.11,12.78,10.14,1.6,16.88,0.72,1.58,,,,0.32,,86.55,,,,,285.06,902.3,
2024-06-12 11:00:00,24.22,51.87,6.22,18.7,19.62,13.22,10.25,1.61,17.01,0.74,1.57,,,,0.32,,72.04,,,,,327.66,902.18,
2024-06-12 12:00:00,23.66,50.7,6.46,15.34,16.5,13.46,11.89,1.61,16.76,0.75,1.56,,,,0.31,,64.48,,,,,290.25,902.04,
2024-06-12 13:00:00,25.35,54.23,6.15,16.79,17.64,13.15,12.39,1.56,23.74,0.75,1.59,,,,0.3,,62.48,,,,,251.94,901.84,
2024-06-12 14:00:00,26.42,56.45,9.32,24.19,28.27,16.32,11.14,1.56,20.04,0.74,1.58,,,,0.3,,60.76,,,,,283.86,901.6,
2024-06-12 15:00:00,27.38,58.46,6.16,16.24,17.1,13.16,11.75,1.58,,0.75,1.56,,,,0.32,,59.02,,,,,259.76,901.47,
2024-06-12 16:00:00,24.86,53.21,6.57,17.43,18.7,13.57,11.41,1.66,,0.73,1.57,,,,0.31,,60.16,,,,,187.89,901.49,
2024-06-12 17:00:00,,,,,,,,,,,,,,,,,,,,,,,,
2024-06-12 18:00:00,,,,,,,,,,,,,,,,,,,,,,,,
2024-06-12 19:00:00,,,,,,,,,,,,,,,,,,,,,,,,
2024-06-12 20:00:00,,,,,,,,,,,,,,,,,,,,,,,,
2024-06-12 21:00:00,,,,,,,,,,,,,,,,,,,,,,,,
2024-06-12 22:00:00,,,,,,,,,,,,,,,,,,,,,,,,
2024-06-12 23:00:00,,,,,,,,,,,,,,,,,,,,,,,,
2024-06-13 00:00:00,,,,,,,,,,,,,,,,,,,,,,,,
2024-06-13 01:00:00,,,,,,,,,,,,,,,,,,,,,,,,
2024-06-13 02:00:00,,,,,,,,,,,,,,,,,,,,,,,,
2024-06-13 03:00:00,,,,,,,,,,,,,,,,,,,,,,,,
2024-06-13 04:00:00,,,,,,,,,,,,,,,,,,,,,,,,
2024-06-13 05:00:00,,,,,,,,,,,,,,,,,,,,,,,,
2024-06-13 06:00:00,,,,,,,,,,,,,,,,,,,,,,,,
2024-06-13 07:00:00,,,,,,,,,,,,,,,,,,,,,,,,
2024-06-13 08:00:00,,,,,,,,,,,,,,,,,,,,,,,,
2024-06-13 09:00:00,,,,,,,,,,,,,,,,,,,,,,,,
2024-06-13 10:00:00,,,,,,,,,,,,,,,,,,,,,,,,
2024-06-13 11:00:00,,,,,,,,,,,,,,,,,,,,,,,,
2024-06-13 12:00:00,,,,,,,,,,,,,,,,,,,,,,,,
2024-06-13 13:00:00,,,,,,,,,,,,,,,,,,,,,,,,
2024-06-13 14:00:00,,,,,,,,,,,,,,,,,,,,,,,,
2024-06-13 15:00:00,,,,,,,,,,,,,,,,,,,,,,,,
2024-06-13 16:00:00,,,,,,,,,,,,,,,,,,,,,,,,
2024-06-13 17:00:00,26.24,56.09,6.86,17.17,18.73,7.93,,1.68,,0.8,1.59,,,,0.3,,99.57,,,,,9.89,901.61,
2024-06-13 18:00:00,26.32,56.24,6.76,19.15,20.6,13.76,13.0,1.74,,0.72,1.56,,,,0.32,,99.59,,,,,9.89,901.71,
2024-06-13 19:00:00,27.21,58.11,6.76,20.41,21.86,13.76,11.74,1.66,,0.74,1.57,,,,0.31,,99.58,,,,,9.89,901.84,
2024-06-13 20:00:00,25.68,54.92,6.15,18.35,19.21,13.15,10.16,1.64,,0.75,1.58,,,,0.31,,99.54,,,,,9.89,901.87,
2024-06-13 21:00:00,25.56,54.68,6.64,18.23,19.58,13.64,10.46,1.68,,0.73,1.56,,,,0.32,,99.58,,,,,9.89,901.9,
2024-06-13 22:00:00,24.52,52.5,6.42,18.45,19.58,13.43,9.93,1.68,,0.72,1.58,,,,0.3,,99.6,,,,,9.89,901.99,
2024-06-13 23:00:00,24.77,53.02,7.15,17.98,19.83,14.15,11.34,1.62,,0.74,1.58,,,,0.31,,99.6,,,,,9.89,901.97,
2024-06-14 00:00:00,24.99,53.47,6.09,15.43,16.22,13.09,11.5,1.65,,0.73,1.56,,,,0.3,,99.62,,,,,9.89,901.83,
2024-06-14 01:00:00,25.9,55.38,7.21,19.38,21.28,14.21,12.22,1.65,,0.72,1.54,,,,0.31,,99.64,,,,,9.89,901.68,
2024-06-14 02:00:00,23.89,51.19,6.85,19.84,21.39,13.85,10.08,1.64,,0.74,1.57,,,,0.32,,99.64,,,,,9.89,901.54,
2024-06-14 03:00:00,23.22,49.79,6.17,15.91,16.78,13.17,11.82,1.64,,0.72,1.58,,,,0.3,,99.64,,,,,9.89,901.5,
2024-06-14 04:00:00,24.25,51.94,6.26,17.37,18.34,13.26,10.82,1.62,,0.73,1.58,,,,0.32,,99.65,,,,,9.89,901.57,
2024-06-14 05:00:00,23.49,50.37,7.46,19.25,21.41,14.46,10.16,1.63,,0.72,1.58,,,,0.3,,99.67,,,,,9.89,901.66,
2024-06-14 06:00:00,23.5,50.39,6.4,18.37,19.47,13.4,10.65,1.62,,0.73,1.58,,,,0.3,,99.67,,,,,10.38,901.73,
2024-06-14 07:00:00,22.78,48.89,6.23,18.51,19.45,13.23,10.84,1.63,,0.74,1.59,,,,0.3,,99.63,,,,,44.98,901.85,
2024-06-14 08:00:00,23.34,50.04,6.77,17.1,18.57,13.77,11.0,1.63,,0.74,1.56,,,,0.31,,99.51,,,,,108.13,901.94,
2024-06-14 09:00:00,22.01,47.26,5.46,14.3,14.46,12.46,9.73,1.62,,0.72,1.58,,,,0.3,,95.68,,,,,239.78,902.0,
2024-06-14 10:00:00,23.78,50.96,5.0,14.47,14.17,12.0,10.32,1.6,,0.74,1.58,,,,0.31,,78.2,,,,,270.54,901.96,
2024-06-14 11:00:00,24.16,51.77,5.93,17.18,17.8,12.93,10.96,1.58,,0.74,1.56,,,,0.32,,68.8,,,,,328.54,901.86,
2024-06-14 12:00:00,24.52,52.5,6.0,15.37,16.07,13.0,12.04,1.6,,0.73,1.58,,,,0.31,,62.36,,,,,282.91,901.69,
2024-06-14 13:00:00,22.78,48.88,7.62,22.28,24.61,14.63,12.01,1.56,,0.73,1.56,,,,0.31,,58.56,,,,,258.85,901.51,
2024-06-14 14:00:00,20.86,44.88,6.78,18.05,19.54,13.79,10.87,1.57,,0.74,1.58,,,,0.31,,55.32,,,,,251.99,901.33,
2024-06-14 15:00:00,22.72,48.75,7.27,17.88,19.88,14.27,11.53,1.6,,0.72,1.58,,,,0.3,,56.3,,,,,209.3,901.21,
2024-06-14 16:00:00,23.83,51.07,6.07,16.35,17.12,13.07,10.3,1.62,,0.74,1.58,,,,0.31,,56.64,,,,,143.61,901.16,
2024-06-14 17:00:00,25.53,54.6,6.08,16.72,17.48,13.08,10.86,1.66,,0.73,1.6,,,,0.32,,59.01,,,,,30.04,901.16,
2024-06-14 18:00:00,23.18,49.72,4.52,12.06,11.34,11.52,9.84,1.65,,0.74,1.57,,,,0.32,,76.98,,,,,9.89,901.31,
2024-06-14 19:00:00,21.74,46.72,7.11,17.98,19.79,14.11,10.78,1.69,,0.73,1.58,,,,0.32,,79.3,,,,,9.89,901.5,
2024-06-14 20:00:00,23.1,49.54,5.71,15.08,15.62,12.71,10.26,1.64,,0.73,1.56,,,,0.3,,78.97,,,,,9.89,901.73,
2024-06-14 21:00:00,23.2,49.75,5.32,15.26,15.28,12.32,9.6,1.61,,0.72,1.57,,,,0.32,,80.64,,,,,9.89,901.88,
2024-06-14 22:00:00,22.57,48.44,6.86,18.52,20.08,13.86,11.24,1.6,,0.73,1.58,,,,0.31,,95.49,,,,,9.89,901.97,
2024-06-14 23:00:00,23.74,50.89,6.35,17.47,18.52,13.35,10.95,1.58,,0.74,1.56,,,,0.31,,99.39,,,,,9.89,901.87,
2024-06-15 00:00:00,23.07,49.47,6.84,18.98,21.17,13.84,10.95,1.61,,0.71,1.59,,,,0.31,,99.5,,,,,9.89,901.72,
2024-06-15 01:00:00,21.12,45.42,5.48,16.3,16.48,12.48,11.46,1.6,,0.73,1.57,,,,0.32,,99.55,,,,,9.89,901.55,
2024-06-15 02:00:00,21.74,46.71,6.32,16.91,17.93,13.32,11.0,1.62,,0.75,1.56,,,,0.31,,99.58,,,,,9.89,901.46,
2024-06-15 03:00:00,23.8,50.99,6.16,17.06,17.92,13.16,11.88,1.6,,0.72,1.56,,,,0.3,,99.58,,,,,9.89,901.43,
2024-06-15 04:00:00,22.62,48.56,6.83,19.29,20.82,13.83,11.41,1.62,,0.72,1.57,,,,0.31,,99.62,,,,,9.89,901.46,
2024-06-15 05:00:00,23.25,49.86,6.67,18.38,19.75,13.67,11.76,1.61,,0.72,1.56,,,,0.32,,99.61,,,,,9.89,901.52,
2024-06-15 06:00:00,24.96,53.41,6.93,18.12,19.74,13.93,11.44,1.56,,0.73,1.56,,,,0.3,,99.58,,,,,9.89,901.66,
2024-06-15 07:00:00,26.38,56.39,5.72,15.16,15.61,12.72,12.24,1.57,,0.72,1.59,,,,0.31,,99.52,,,,,10.3,901.72,
2024-06-15 08:00:00,26.88,57.4,5.68,15.68,16.06,12.68,13.33,1.55,,0.72,1.57,,,,0.3,,92.59,,,,,25.69,901.78,
2024-06-15 09:00:00,26.54,56.72,6.1,17.91,18.71,13.1,12.74,1.57,,0.72,1.58,,,,0.3,,73.02,,,,,371.48,901.78,
2024-06-15 10:00:00,24.31,52.07,6.89,17.15,18.74,13.89,11.2,1.56,,0.73,1.57,,,,0.31,,58.98,,,,,379.49,901.72,
2024-06-15 11:00:00,22.96,49.26,6.98,19.6,21.29,13.98,11.38,1.56,,0.74,1.58,,,,0.31,,54.53,,,,,416.21,901.6,
2024-06-15 12:00:00,23.61,50.62,6.1,16.18,16.98,13.1,12.14,1.56,,0.7,1.56,,,,0.32,,53.32,,,,,247.76,901.47,
2024-06-15 13:00:00,23.05,49.43,6.84,17.24,18.78,13.84,11.46,1.54,,0.75,1.56,,,,0.31,,48.35,,,,,185.12,901.31,
2024-06-15 14:00:00,23.14,49.62,6.48,16.35,17.54,13.48,12.28,1.54,,0.72,1.57,,,,0.32,,44.45,,,,,189.09,901.2,
2024-06-15 15:00:00,23.61,50.6,6.56,17.79,19.08,13.56,11.56,1.55,,0.74,1.56,,,,0.31,,45.46,,,,,182.43,901.1,
2024-06-15 16:00:00,21.66,46.56,7.02,16.42,18.18,14.02,12.33,1.55,,0.73,1.57,,,,0.31,,45.75,,,,,105.5,901.08,
2024-06-15 17:00:00,23.23,49.82,7.22,19.68,21.6,14.22,11.77,1.61,,0.74,1.57,,,,0.32,,56.28,,,,,28.52,901.13,
2024-06-15 18:00:00,25.76,55.08,6.58,17.44,18.73,13.59,11.24,1.56,,0.72,1.56,,,,0.31,,68.43,,,,,9.89,901.3,
2024-06-15 19:00:00,26.39,56.4,5.95,15.96,16.62,12.94,11.1,1.54,,0.73,1.54,,,,0.31,,66.87,,,,,9.89,901.44,
2024-06-15 20:00:00,26.32,56.24,6.3,16.9,17.9,13.3,11.42,1.56,,0.73,1.58,,,,0.32,,69.32,,,,,9.89,901.6,
2024-06-15 21:00:00,23.86,51.12,5.83,16.96,17.5,12.84,12.1,1.65,,0.73,1.58,,,,0.31,,72.03,,,,,9.89,901.73,
2024-06-15 22:00:00,21.71,46.64,5.8,15.57,16.06,12.8,11.85,1.63,,0.74,1.58,,,,0.3,,73.57,,,,,9.89,901.82,
2024-06-15 23:00:00,22.37,48.03,6.15,14.82,15.82,13.15,12.55,1.61,,0.73,1.58,,,,0.3,,81.07,,,,,9.89,901.85,
2024-06-16 00:00:00,22.68,48.68,5.96,17.37,18.02,12.96,11.14,1.62,,0.74,1.56,,,,0.31,,96.58,,,,,9.89,901.75,
2024-06-16 01:00:00,21.05,45.28,5.95,16.9,17.55,12.95,12.1,1.57,,0.73,1.57,,,,0.31,,99.5,,,,,9.89,901.58,
2024-06-16 02:00:00,22.84,49.0,7.24,18.88,20.83,14.24,11.55,1.54,,0.74,1.56,,,,0.31,,99.54,,,,,9.89,901.46,
2024-06-16 03:00:00,24.94,53.37,6.4,17.6,18.7,13.4,11.68,1.54,,0.75,1.58,,,,0.31,,99.58,,,,,9.89,901.41,
2024-06-16 04:00:00,25.47,54.48,6.08,17.35,18.14,13.08,11.7,1.54,,0.74,1.58,,,,0.32,,99.58,,,,,9.89,901.41,
2024-06-16 05:00:00,24.91,53.32,6.35,17.27,19.07,13.35,11.75,1.55,,0.73,1.57,,,,0.3,,99.58,,,,,9.89,901.59,
2024-06-16 06:00:00,26.49,56.6,6.46,18.03,19.19,13.46,12.19,1.56,,0.74,1.57,,,,0.31,,99.6,,,,,9.89,901.77,
2024-06-16 07:00:00,24.01,51.44,4.87,14.74,14.48,11.87,11.33,1.56,,0.72,1.58,,,,0.31,,99.56,,,,,16.76,901.84,
2024-06-16 08:00:00,25.0,53.51,6.24,19.63,20.57,13.24,11.75,1.57,,0.74,1.59,,,,0.3,,99.48,,,,,38.39,901.9,
2024-06-16 09:00:00,24.38,52.22,6.11,17.55,18.35,13.11,10.18,1.58,,0.72,1.57,,,,0.3,,91.58,,,,,279.02,901.92,
2024-06-16 10:00:00,21.63,46.48,5.62,16.87,17.22,12.62,11.66,1.58,,0.72,1.56,,,,0.31,,73.12,,,,,237.86,901.88,
2024-06-16 11:00:00,21.79,46.8,7.96,19.75,22.4,14.96,11.9,1.56,,0.75,1.58,,,,0.31,,65.92,,,,,318.07,901.78,
2024-06-16 12:00:00,23.62,50.61,7.08,18.92,20.7,14.08,11.88,1.56,,0.74,1.58,,,,0.31,,61.39,,,,,163.96,901.62,
2024-06-16 13:00:00,24.72,52.92,6.7,20.29,21.68,13.7,11.99,1.58,,0.74,1.56,,,,0.3,,55.1,,,,,181.85,901.47,
2024-06-16 14:00:00,25.8,55.17,6.67,18.33,18.73,13.8,11.9,1.58,,0.74,1.58,,,,0.31,,53.47,,,,,227.2,901.27,
2024-06-16 15:00:00,24.92,53.34,7.16,16.92,18.82,11.61,13.16,1.61,,0.72,1.56,,,,0.3,,51.62,,,,,340.42,901.12,
2024-06-16 16:00:00,25.51,54.58,7.08,19.98,21.76,14.08,13.71,1.66,,0.74,1.56,,,,0.31,,53.92,,,,,159.76,901.02,
2024-06-16 17:00:00,27.11,57.9,5.99,16.45,17.14,13.0,12.14,1.75,,0.73,1.58,,,,0.32,,61.1,,,,,13.87,901.17,
2024-06-16 18:00:00,27.51,58.73,5.16,15.72,15.58,12.16,12.37,1.76,,0.74,1.56,,,,0.32,,68.58,,,,,9.89,901.32,
2024-06-16 19:00:00,25.8,55.15,5.69,15.92,16.32,12.69,11.8,1.65,,0.73,1.58,,,,0.32,,85.48,,,,,9.89,901.44,
2024-06-16 20:00:00,26.82,57.3,6.17,18.54,19.4,13.17,11.28,1.65,,0.74,1.58,,,,0.31,,83.19,,,,,9.89,901.6,
2024-06-16 21:00:00,24.35,52.15,6.76,18.76,20.22,13.76,9.98,1.6,,0.72,1.57,,,,0.32,,85.56,,,,,9.89,901.76,
2024-06-16 22:00:00,22.92,49.16,6.02,16.86,17.58,13.02,11.25,1.59,,0.71,1.57,,,,0.31,,94.74,,,,,9.89,901.85,
2024-06-16 23:00:00,23.58,50.54,6.69,20.22,21.6,13.69,9.41,1.56,,0.74,1.55,,,,0.31,,99.04,,,,,9.89,901.83,
2024-06-17 00:00:00,24.96,53.41,6.57,16.92,18.19,13.57,10.56,1.56,,0.73,1.58,,,,0.31,,99.18,,,,,9.89,901.74,
2024-06-17 01:00:00,24.56,52.6,6.22,19.63,20.55,13.22,12.07,1.59,,0.74,1.58,,,,0.31,,99.47,,,,,9.89,901.58,
2024-06-17 02:00:00,22.6,48.5,7.15,20.04,21.88,14.15,11.65,1.54,,0.74,1.6,,,,0.31,,99.49,,,,,9.89,901.52,
2024-06-17 03:00:00,24.32,52.07,6.97,16.57,18.24,13.98,9.43,1.52,,0.72,1.56,,,,0.31,,99.54,,,,,9.89,901.42,
2024-06-17 04:00:00,26.05,55.69,6.92,18.35,19.98,13.92,9.63,1.54,,0.74,1.54,,,,0.32,,99.6,,,,,9.89,901.46,
2024-06-17 05:00:00,24.78,53.05,6.23,17.07,18.0,13.23,11.44,1.6,,0.72,1.58,,,,0.31,,99.61,,,,,9.89,901.49,
2024-06-17 06:00:00,22.32,47.92,6.16,16.2,17.06,13.16,12.23,1.6,,0.72,1.56,,,,0.32,,99.6,,,,,9.89,901.64,
2024-06-17 07:00:00,20.71,44.57,6.2,15.56,16.46,13.2,10.99,1.62,,0.74,1.56,,,,0.31,,99.54,,,,,9.9,901.73,
2024-06-17 08:00:00,23.34,50.03,5.68,16.62,17.1,12.68,12.75,1.61,,0.71,1.58,,,,0.31,,98.28,,,,,22.22,901.81,
2024-06-17 09:00:00,24.88,53.24,7.3,18.88,20.88,14.3,12.11,1.62,,0.73,1.57,,,,0.31,,84.71,,,,,296.5,901.83,
2024-06-17 10:00:00,25.18,53.88,6.46,18.26,19.43,13.46,10.68,1.62,,0.73,1.58,,,,0.32,,75.12,,,,,210.08,901.85,
2024-06-17 11:00:00,24.78,53.03,6.71,19.35,20.76,13.71,11.43,1.62,,0.72,1.58,,,,0.3,,69.85,,,,,229.25,901.79,
2024-06-17 12:00:00,22.59,48.48,8.09,20.72,23.51,15.09,12.5,1.6,,0.73,1.6,,,,0.32,,66.26,,,,,147.8,901.64,
2024-06-17 13:00:00,22.3,47.87,6.4,15.76,16.87,13.4,11.86,1.61,,0.73,1.57,,,,0.32,,59.7,,,,,131.4,901.43,
2024-06-17 14:00:00,20.58,44.3,6.84,18.31,19.84,13.84,11.5,1.62,,0.71,1.54,,,,0.31,,68.54,,,,,124.23,901.29,
2024-06-17 15:00:00,21.62,46.46,7.5,19.87,22.08,14.5,10.57,1.62,,0.72,1.56,,,,0.3,,59.64,,,,,329.58,901.1,
2024-06-17 16:00:00,20.54,44.23,7.46,18.38,20.54,14.46,10.87,1.62,,0.74,1.56,,,,0.3,,54.84,,,,,131.23,901.03,
2024-06-17 17:00:00,22.57,48.44,6.91,19.12,20.75,13.91,13.08,1.64,,0.73,1.58,,,,0.31,,58.53,,,,,17.02,901.09,
2024-06-17 18:00:00,22.59,48.48,5.67,16.76,17.26,12.66,11.62,1.67,,0.72,1.56,,,,0.31,,59.3,,,,,9.89,901.21,
2024-06-17 19:00:00,21.94,47.12,6.0,15.79,16.49,13.0,9.38,1.66,,0.74,1.55,,,,0.31,,65.36,,,,,9.89,901.47,
2024-06-17 20:00:00,21.75,46.73,5.86,16.32,16.88,12.86,11.9,1.62,,0.71,1.57,,,,0.31,,70.69,,,,,9.89,901.72,
2024-06-17 21:00:00,21.56,46.34,6.66,18.64,20.01,13.66,11.85,1.62,,0.72,1.56,,,,0.3,,73.18,,,,,9.89,901.84,
2024-06-17 22:00:00,21.42,46.04,5.85,18.24,18.79,12.86,11.07,1.61,,0.73,1.58,,,,0.31,,79.68,,,,,9.89,901.82,
2024-06-17 23:00:00,23.5,50.37,6.33,17.11,18.14,13.33,10.75,1.63,,0.72,1.55,,,,0.31,,88.02,,,,,9.89,901.81,
2024-06-18 00:00:00,23.73,50.87,7.24,17.08,19.03,14.24,12.31,1.66,,0.72,1.57,,,,0.31,,99.24,,,,,9.89,901.77,
2024-06-18 01:00:00,23.3,49.97,6.95,18.4,20.05,13.95,11.65,1.64,,0.73,1.56,,,,0.31,,99.51,,,,,9.89,901.75,
2024-06-18 02:00:00,22.2,47.67,6.19,16.78,17.68,13.19,12.18,1.65,,0.74,1.57,,,,0.32,,99.54,,,,,9.89,901.58,
2024-06-18 03:00:00,22.82,48.96,6.04,17.81,18.56,13.04,10.21,1.67,,0.72,1.54,,,,0.31,,99.6,,,,,9.89,901.47,
2024-06-18 04:00:00,21.6,46.42,5.68,16.2,16.58,12.68,11.54,1.63,,0.74,1.56,,,,0.32,,99.61,,,,,9.89,901.38,
2024-06-18 05:00:00,22.41,48.1,6.04,18.59,19.33,13.04,10.65,1.62,,0.72,1.57,,,,0.3,,99.61,,,,,9.89,901.45,
2024-06-18 06:00:00,21.35,45.89,5.77,15.16,15.64,12.77,10.6,1.61,,0.73,1.55,,,,0.3,,99.61,,,,,14.18,901.63,
2024-06-18 07:00:00,19.82,42.7,5.19,16.38,16.26,12.18,10.06,1.64,,0.74,1.57,,,,0.32,,99.58,,,,,52.93,901.93,
2024-06-18 08:00:00,19.02,41.04,6.58,17.56,18.85,13.58,10.36,1.64,,0.7,1.58,,,,0.31,,99.44,,,,,110.67,902.07,
2024-06-18 09:00:00,20.33,43.76,5.92,16.76,17.38,12.92,11.09,1.63,,0.74,1.57,,,,0.32,,88.28,,,,,259.52,902.03,
2024-06-18 10:00:00,20.89,44.93,6.68,19.4,20.78,13.68,9.95,1.62,,0.72,1.59,,,,0.31,,76.4,,,,,257.54,901.86,
2024-06-18 11:00:00,20.19,43.47,6.81,18.9,20.41,13.81,12.08,1.62,,0.74,1.6,,,,0.32,,68.97,,,,,449.14,901.6,
2024-06-18 12:00:00,22.05,47.35,5.72,14.96,15.39,12.72,12.76,1.6,,0.71,1.59,,,,0.31,,63.15,,,,,296.02,901.45,
2024-06-18 13:00:00,22.3,47.87,6.4,18.23,19.34,13.41,11.96,1.57,,0.75,1.58,,,,0.31,,61.94,,,,,208.81,901.3,
2024-06-18 14:00:00,22.68,48.68,7.19,18.68,20.58,14.19,11.8,1.58,,0.74,1.56,,,,0.31,,58.48,,,,,226.55,901.19,
2024-06-18 15:00:00,21.47,46.15,6.42,17.64,18.98,13.42,9.95,1.57,,0.73,1.58,,,,0.31,,57.47,,,,,366.62,901.0,
2024-06-18 16:00:00,20.09,43.26,6.53,16.98,18.22,13.53,11.59,1.58,,0.72,1.57,,,,0.32,,51.5,,,,,218.6,900.94,
2024-06-18 17:00:00,24.28,52.01,7.39,19.44,21.53,14.39,11.37,1.63,,0.72,1.59,,,,0.31,,58.17,,,,,15.56,901.03,
2024-06-18 18:00:00,24.48,52.42,7.14,20.42,22.26,14.14,11.75,1.64,,0.72,1.57,,,,0.3,,61.62,,,,,9.89,901.08,
2024-06-18 19:00:00,23.36,50.1,5.12,16.98,17.03,12.12,11.78,1.6,,0.73,1.58,,,,0.31,,80.6,,,,,9.89,901.33,
2024-06-18 20:00:00,24.84,53.18,6.16,15.38,16.33,13.16,10.67,1.61,,0.74,1.55,,,,0.31,,99.23,,,,,9.89,901.58,
2024-06-18 21:00:00,22.81,48.94,5.8,18.19,18.7,12.81,9.78,1.62,,0.75,1.57,,,,0.32,,96.2,,,,,9.89,901.74,
2024-06-18 22:00:00,20.9,44.96,6.3,15.86,16.86,13.3,11.02,1.56,,0.74,1.56,,,,0.3,,84.46,,,,,9.89,901.77,
2024-06-18 23:00:00,22.68,48.65,6.23,17.36,18.29,13.24,11.39,1.53,,0.73,1.58,,,,0.3,,94.92,,,,,9.89,901.82,
2024-06-19 00:00:00,21.64,46.49,5.7,17.84,18.24,12.71,10.97,1.54,,0.74,1.57,,,,0.3,,99.47,,,,,9.89,901.75,
2024-06-19 01:00:00,20.76,44.66,5.98,15.02,15.71,12.99,10.71,1.52,,0.76,1.58,,,,0.32,,99.52,,,,,9.89,901.62,
2024-06-19 02:00:00,20.35,43.82,5.5,14.66,14.86,12.5,12.03,1.53,,0.76,1.56,,,,0.31,,99.54,,,,,9.89,901.39,
2024-06-19 03:00:00,19.03,41.06,7.47,20.45,22.62,14.47,11.32,1.55,,0.74,1.57,,,,0.32,,99.54,,,,,9.89,901.3,
2024-06-19 04:00:00,21.25,45.68,6.12,15.6,16.42,13.12,10.92,1.55,,0.72,1.56,,,,0.31,,99.56,,,,,9.89,901.29,
2024-06-19 05:00:00,23.7,50.8,5.88,17.14,17.72,12.88,11.08,1.58,,0.73,1.57,,,,0.31,,99.58,,,,,9.89,901.32,
2024-06-19 06:00:00,22.88,49.1,6.59,15.21,16.5,13.59,11.16,1.59,,0.71,1.6,,,,0.31,,99.58,,,,,10.92,901.42,
2024-06-19 07:00:00,22.02,47.28,7.39,21.03,23.12,14.39,12.37,1.59,,0.74,1.59,,,,0.32,,99.55,,,,,35.98,901.54,
2024-06-19 08:00:00,20.99,45.16,6.83,17.38,18.91,13.83,10.03,1.6,,0.74,1.56,,,,0.32,,98.94,,,,,117.94,901.62,
2024-06-19 09:00:00,23.79,50.97,6.58,18.25,19.53,13.58,10.75,1.6,,0.74,1.57,,,,0.3,,88.3,,,,,363.56,901.69,
2024-06-19 10:00:00,24.51,52.48,7.21,18.68,20.59,14.21,10.13,1.58,,0.73,1.57,,,,0.31,,71.1,,,,,272.76,901.63,
2024-06-19 11:00:00,25.17,53.86,8.08,20.63,23.41,15.07,11.42,1.59,,0.73,1.55,,,,0.31,,64.74,,,,,388.05,901.46,
2024-06-19 12:00:00,24.68,52.83,6.88,17.22,18.79,13.88,12.04,1.59,,0.72,1.57,,,,0.32,,59.2,,,,,264.62,901.32,
2024-06-19 13:00:00,25.95,55.49,6.92,18.54,20.16,13.92,9.99,1.61,,0.72,1.56,,,,0.3,,57.75,,,,,185.89,901.09,
2024-06-19 14:00:00,23.6,50.6,7.47,19.55,21.71,14.47,9.46,1.59,,0.72,1.57,,,,0.31,,54.01,,,,,190.62,900.88,
2024-06-19 15:00:00,22.1,47.46,7.57,19.63,22.12,14.57,10.09,1.63,,0.72,1.56,,,,0.3,,54.6,,,,,174.86,900.71,
2024-06-19 16:00:00,27.86,59.45,5.67,16.84,17.2,12.66,10.41,1.65,,0.73,1.58,,,,0.32,,58.22,,,,,126.92,900.6,
2024-06-19 17:00:00,26.06,55.71,5.98,15.01,15.68,12.98,12.33,1.64,,0.76,1.57,,,,0.31,,77.2,,,,,17.68,900.72,
2024-06-19 18:00:00,24.84,53.16,5.61,14.72,15.03,12.61,12.09,1.63,,0.73,1.56,,,,0.31,,99.38,,,,,9.89,900.92,
2024-06-19 19:00:00,24.5,52.47,6.04,16.3,17.16,13.04,10.74,1.65,,0.72,1.56,,,,0.32,,99.19,,,,,9.89,901.12,
2024-06-19 20:00:00,26.2,56.0,5.6,15.34,15.8,12.6,10.46,1.63,,0.73,1.56,,,,0.31,,99.06,,,,,9.89,901.38,
2024-06-19 21:00:00,23.85,51.1,6.83,18.3,19.82,13.83,11.16,1.64,,0.74,1.56,,,,0.31,,98.88,,,,,9.89,901.5,
2024-06-19 22:00:00,24.82,53.13,6.57,18.69,20.01,13.57,9.28,1.65,,0.73,1.57,,,,0.3,,95.56,,,,,9.89,901.56,
2024-06-19 23:00:00,25.27,54.07,5.86,15.05,15.61,12.86,8.6,1.62,,0.74,1.56,,,,0.31,,95.87,,,,,9.89,901.58,
2024-06-20 00:00:00,26.5,56.61,5.46,16.26,16.42,12.46,10.8,1.58,,0.74,1.55,,,,0.31,,98.7,,,,,9.89,901.5,
2024-06-20 01:00:00,27.26,58.2,6.39,17.12,18.2,13.39,12.28,1.59,,0.72,1.57,,,,0.3,,99.44,,,,,9.89,901.29,
2024-06-20 02:00:00,27.46,58.64,6.34,17.87,18.91,13.34,11.14,1.62,,0.71,1.58,,,,0.3,,99.48,,,,,9.89,901.2,
2024-06-20 03:00:00,24.42,52.3,6.34,17.46,18.5,13.33,11.42,1.6,,0.72,1.58,,,,0.3,,99.52,,,,,9.89,901.14,
2024-06-20 04:00:00,21.8,46.83,5.93,13.94,14.78,12.92,12.01,1.59,,0.72,1.56,,,,0.32,,99.56,,,,,9.89,901.1,
2024-06-20 05:00:00,21.36,45.91,5.87,16.2,16.78,12.87,10.98,1.54,,0.74,1.59,,,,0.31,,99.58,,,,,9.89,901.17,
2024-06-20 06:00:00,22.95,49.24,5.05,14.65,14.4,12.04,9.22,1.58,,0.74,1.58,,,,0.3,,99.58,,,,,9.97,901.34,
2024-06-20 07:00:00,21.89,47.02,6.0,15.22,15.92,12.99,10.9,1.59,,0.75,1.57,,,,0.31,,99.54,,,,,25.85,901.46,
2024-06-20 08:00:00,23.13,49.6,6.28,17.85,18.83,13.28,12.36,1.58,,0.73,1.56,,,,0.31,,99.52,,,,,50.38,901.58,
2024-06-20 09:00:00,22.03,47.33,7.08,18.81,20.58,14.08,11.01,1.58,,0.74,1.6,,,,0.31,,94.25,,,,,175.65,901.67,
2024-06-20 10:00:00,21.85,46.93,7.25,18.58,18.97,13.88,10.57,1.57,,0.73,1.59,,,,0.31,,77.8,,,,,188.22,901.7,
2024-06-20 11:00:00,22.17,47.61,6.82,20.22,21.73,13.82,12.1,1.56,,0.71,1.56,,,,0.3,,68.94,,,,,303.21,901.6,
2024-06-20 12:00:00,24.64,52.75,6.92,19.16,20.78,13.92,12.43,1.63,,0.72,1.58,,,,0.31,,60.75,,,,,179.09,901.42,
2024-06-20 13:00:00,24.9,53.3,7.08,19.65,21.43,14.08,11.8,1.87,,0.71,1.56,,,,0.3,,54.6,,,,,117.85,901.19,
2024-06-20 14:00:00,25.96,55.5,6.02,17.05,17.63,12.91,11.65,1.88,,0.74,1.57,,,,0.31,,71.18,,,,,71.31,901.08,
2024-06-20 15:00:00,24.79,53.07,5.6,18.34,18.64,12.59,12.12,1.89,,0.75,1.58,,,,0.3,,77.67,,,,,122.49,900.99,
2024-06-20 16:00:00,26.18,55.96,6.72,20.13,21.55,13.72,11.52,1.88,,0.72,1.57,,,,0.31,,81.33,,,,,95.15,901.02,
2024-06-20 17:00:00,24.42,52.31,6.47,16.26,17.43,13.47,10.42,1.89,,0.73,1.58,,,,0.31,,99.56,,,,,29.32,901.09,
2024-06-20 18:00:00,23.59,50.56,6.5,17.19,18.4,13.5,9.84,1.92,,0.72,1.56,,,,0.3,,99.58,,,,,9.89,901.11,
2024-06-20 19:00:00,25.26,54.04,5.41,14.58,14.69,12.4,10.38,1.99,,0.72,1.57,,,,0.31,,99.54,,,,,9.89,901.27,
2024-06-20 20:00:00,23.4,50.18,6.41,16.97,18.08,13.41,10.86,1.84,,0.73,1.56,,,,0.31,,95.4,,,,,9.89,901.42,
2024-06-20 21:00:00,22.72,48.75,6.97,18.02,19.69,13.97,11.54,1.61,,0.74,1.57,,,,0.32,,93.94,,,,,9.89,901.48,
2024-06-20 22:00:00,24.96,53.42,5.34,15.83,15.87,12.33,11.88,1.56,,0.72,1.58,,,,0.31,,98.84,,,,,9.89,901.53,
2024-06-20 23:00:00,25.89,55.34,6.28,17.59,18.57,13.28,12.46,1.55,,0.72,1.58,,,,0.32,,99.49,,,,,9.89,901.56,
2024-06-21 00:00:00,26.4,56.42,5.26,14.08,14.04,12.26,11.47,1.57,,0.74,1.58,,,,0.32,,99.52,,,,,9.89,901.46,
2024-06-21 01:00:00,23.62,50.62,6.52,17.01,18.22,13.52,11.94,1.58,,0.72,1.6,,,,0.31,,99.56,,,,,9.89,901.31,
2024-06-21 02:00:00,25.3,54.14,6.8,17.81,19.3,13.8,10.33,1.57,,0.72,1.57,,,,0.32,,99.58,,,,,9.89,901.25,
2024-06-21 03:00:00,25.47,54.49,7.02,19.98,21.7,14.02,10.18,1.55,,0.72,1.58,,,,0.31,,99.58,,,,,9.89,901.23,
2024-06-21 04:00:00,25.82,55.22,6.14,16.84,17.69,13.14,12.01,1.55,,0.72,1.58,,,,0.31,,99.61,,,,,9.89,901.21,
2024-06-21 05:00:00,26.42,56.46,6.89,17.36,18.95,13.89,12.41,1.59,,0.72,1.59,,,,0.3,,99.65,,,,,9.89,901.28,
2024-06-21 06:00:00,27.59,58.9,6.62,17.77,19.1,13.61,11.29,1.6,,0.72,1.56,,,,0.31,,99.64,,,,,10.84,901.38,
2024-06-21 07:00:00,28.37,60.52,7.1,18.67,20.47,14.1,12.52,1.61,,0.74,1.58,,,,0.31,,99.58,,,,,14.92,901.53,
2024-06-21 08:00:00,26.93,57.53,7.52,19.86,22.07,14.52,11.6,1.62,,0.72,1.58,,,,0.31,,98.81,,,,,55.54,901.6,
2024-06-21 09:00:00,25.29,54.11,6.23,17.69,18.62,13.23,12.61,1.62,,0.74,1.55,,,,0.31,,83.62,,,,,411.35,901.58,
2024-06-21 10:00:00,22.7,48.72,6.22,17.98,18.89,13.22,12.12,1.62,,0.72,1.54,,,,0.32,,73.22,,,,,250.17,901.55,
2024-06-21 11:00:00,24.29,52.01,6.78,17.82,19.3,13.78,11.07,1.59,,0.72,1.58,,,,0.32,,69.9,,,,,378.55,901.45,
2024-06-21 12:00:00,26.38,56.4,7.16,19.31,21.16,14.16,11.35,1.59,,0.72,1.57,,,,0.3,,62.32,,,,,260.73,901.31,
2024-06-21 13:00:00,26.0,55.59,7.72,21.02,23.44,14.72,11.68,1.63,,0.71,1.6,,,,0.32,,61.28,,,,,188.86,901.14,
2024-06-21 14:00:00,24.55,52.56,9.2,21.2,25.14,16.2,10.92,1.64,,0.74,1.57,,,,0.31,,57.58,,,,,190.02,900.93,
2024-06-21 15:00:00,25.06,53.64,4.82,15.86,15.42,11.82,12.19,1.73,,0.72,1.58,,,,0.3,,88.2,,,,,68.36,900.98,
2024-06-21 16:00:00,22.98,49.29,4.6,14.68,13.98,11.6,11.37,1.69,,0.72,1.58,,,,0.3,,99.48,,,,,94.18,900.92,
2024-06-21 17:00:00,23.91,51.24,5.8,18.19,18.68,12.8,11.08,1.66,,0.72,1.58,,,,0.31,,93.59,,,,,31.8,900.88,
2024-06-21 18:00:00,24.18,51.81,6.4,17.92,19.02,13.4,11.6,1.71,,0.73,1.55,,,,0.31,,93.81,,,,,9.89,901.02,
2024-06-21 19:00:00,22.13,47.52,6.2,18.84,19.75,13.2,10.55,1.67,,0.73,1.6,,,,0.31,,99.13,,,,,9.89,901.22,
2024-06-21 20:00:00,20.87,44.89,6.41,19.03,20.14,13.42,10.56,1.64,,0.73,1.58,,,,0.31,,99.49,,,,,9.89,901.33,
2024-06-21 21:00:00,20.84,44.83,5.73,15.0,15.43,12.73,11.42,1.66,,0.74,1.58,,,,0.31,,98.78,,,,,9.89,901.41,
2024-06-21 22:00:00,22.29,47.86,6.11,16.24,17.06,13.12,11.18,1.65,,0.75,1.57,,,,0.32,,99.05,,,,,9.89,901.52,
2024-06-21 23:00:00,25.34,54.22,6.93,18.26,19.9,13.93,10.34,1.63,,0.72,1.57,,,,0.31,,99.49,,,,,9.89,901.46,
2024-06-22 00:00:00,29.52,62.92,6.72,16.41,17.83,13.72,9.56,1.64,,0.72,1.57,,,,0.31,,99.53,,,,,9.89,901.24,
2024-06-22 01:00:00,28.98,61.8,5.08,14.6,14.38,12.08,11.94,1.61,,0.73,1.58,,,,0.31,,99.56,,,,,9.89,900.99,
2024-06-22 02:00:00,26.83,57.32,6.49,18.68,19.87,13.49,12.16,1.6,,0.72,1.55,,,,0.31,,99.6,,,,,9.89,900.83,
2024-06-22 03:00:00,27.42,58.54,6.6,17.62,19.06,13.6,12.65,1.6,,0.74,1.58,,,,0.3,,99.64,,,,,9.89,900.8,
2024-06-22 04:00:00,26.97,57.6,4.83,16.02,15.66,11.83,10.94,1.58,,0.7,1.57,,,,0.31,,99.64,,,,,9.89,900.82,
2024-06-22 05:00:00,27.64,58.99,7.06,19.07,20.88,14.06,10.62,1.57,,0.74,1.58,,,,0.3,,99.64,,,,,9.89,900.8,
2024-06-22 06:00:00,25.76,55.08,6.59,17.98,19.26,13.59,10.68,1.57,,0.72,1.57,,,,0.32,,99.64,,,,,10.08,900.96,
2024-06-22 07:00:00,24.71,52.91,7.09,19.04,20.82,14.09,11.0,1.58,,0.72,1.56,,,,0.3,,99.6,,,,,33.99,901.13,
2024-06-22 08:00:00,22.35,47.97,5.34,15.26,15.3,12.34,11.47,1.6,,0.75,1.56,,,,0.3,,99.5,,,,,73.24,901.26,
2024-06-22 09:00:00,20.44,44.02,6.25,18.05,19.0,13.25,11.44,1.58,,0.74,1.57,,,,0.31,,96.66,,,,,153.45,901.27,
2024-06-22 10:00:00,23.04,49.44,5.78,16.08,16.56,12.78,11.89,1.58,,0.73,1.56,,,,0.32,,88.97,,,,,163.23,901.18,
2024-06-22 11:00:00,24.96,53.41,7.28,18.77,20.75,14.28,12.52,1.57,,0.74,1.58,,,,0.3,,77.08,,,,,240.93,901.06,
2024-06-22 12:00:00,25.05,53.6,6.92,19.86,21.48,13.92,12.3,1.57,,0.73,1.58,,,,0.31,,70.92,,,,,190.32,900.85,
2024-06-22 13:00:00,24.89,53.27,7.32,20.73,22.87,14.35,11.94,1.62,,0.72,1.57,,,,0.31,,66.62,,,,,149.87,900.62,
2024-06-22 14:00:00,26.06,55.7,6.39,16.04,17.13,13.39,12.01,1.58,,0.74,1.55,,,,0.31,,63.42,,,,,180.77,900.5,
2024-06-22 15:00:00,25.52,54.59,6.15,17.46,18.32,13.15,12.17,1.58,,0.73,1.56,,,,0.31,,60.74,,,,,177.28,900.36,
2024-06-22 16:00:00,25.19,53.9,6.97,17.95,19.62,13.97,11.25,1.6,,0.73,1.57,,,,0.31,,63.02,,,,,88.19,900.31,
2024-06-22 17:00:00,24.29,52.03,6.34,16.94,18.03,13.34,11.28,1.68,,0.72,1.57,,,,0.3,,58.58,,,,,14.34,900.39,
2024-06-22 18:00:00,26.4,56.42,5.95,15.74,16.39,12.95,12.48,1.65,,0.73,1.56,,,,0.31,,75.36,,,,,9.89,900.55,
2024-06-22 19:00:00,26.5,56.64,5.82,16.5,17.02,12.82,12.15,1.64,,0.74,1.56,,,,0.32,,91.52,,,,,9.89,900.69,
2024-06-22 20:00:00,26.35,56.31,6.19,20.64,21.53,13.19,10.94,1.6,,0.74,1.57,,,,0.31,,81.14,,,,,9.89,900.94,
2024-06-22 21:00:00,24.75,52.98,5.48,15.18,15.36,12.48,10.62,1.61,,0.73,1.57,,,,0.3,,86.28,,,,,9.89,901.15,
2024-06-22 22:00:00,25.08,53.66,6.48,18.5,19.68,13.48,11.57,1.61,,0.71,1.58,,,,0.32,,89.18,,,,,9.89,901.2,
2024-06-22 23:00:00,25.62,54.79,7.24,19.27,21.22,14.24,11.73,1.59,,0.72,1.56,,,,0.31,,98.12,,,,,9.89,901.23,
2024-06-23 00:00:00,25.64,54.84,6.96,17.18,18.84,13.96,11.22,1.61,,0.73,1.56,,,,0.31,,99.46,,,,,9.89,901.11,
2024-06-23 01:00:00,26.71,57.06,6.88,17.69,19.27,13.88,12.35,1.6,,0.73,1.56,,,,0.3,,99.5,,,,,9.89,900.94,
2024-06-23 02:00:00,27.02,57.72,7.18,19.1,20.98,14.18,12.13,1.59,,0.72,1.58,,,,0.31,,99.52,,,,,9.89,900.81,
2024-06-23 03:00:00,28.0,59.74,6.74,16.45,17.89,13.74,12.45,1.59,,0.72,1.58,,,,0.32,,99.58,,,,,9.89,900.75,
2024-06-23 04:00:00,28.15,60.06,5.07,13.41,13.18,12.07,11.1,1.59,,0.73,1.54,,,,0.31,,99.6,,,,,9.89,900.72,
2024-06-23 05:00:00,25.22,53.94,6.63,18.42,19.99,13.63,10.17,1.56,,0.74,1.57,,,,0.31,,99.61,,,,,9.89,900.75,
2024-06-23 06:00:00,24.33,52.11,6.11,15.5,16.31,13.11,11.15,1.57,,0.73,1.58,,,,0.3,,99.61,,,,,9.89,900.88,
2024-06-23 07:00:00,23.04,49.42,5.22,15.17,15.09,12.22,12.92,1.57,,0.72,1.56,,,,0.31,,99.57,,,,,18.62,900.97,
2024-06-23 08:00:00,22.98,49.3,6.18,17.02,17.89,13.17,12.39,1.54,,0.72,1.59,,,,0.31,,98.44,,,,,45.15,900.99,
2024-06-23 09:00:00,21.78,46.79,6.26,17.84,18.8,13.26,11.58,1.53,,0.72,1.57,,,,0.32,,81.59,,,,,287.8,901.05,
2024-06-23 10:00:00,23.82,51.04,6.95,17.55,19.22,13.95,11.9,1.51,,0.73,1.56,,,,0.31,,74.53,,,,,175.22,901.0,
2024-06-23 11:00:00,23.34,50.04,6.74,18.55,19.99,13.74,11.35,1.5,,0.74,1.56,,,,0.32,,66.98,,,,,337.42,900.89,
2024-06-23 12:00:00,23.04,49.41,6.13,15.97,16.85,11.84,11.26,1.54,,0.74,1.57,,,,0.31,,58.99,,,,,186.72,900.69,
2024-06-23 13:00:00,22.26,47.78,7.79,18.47,20.96,14.79,11.16,1.56,,0.72,1.54,,,,0.31,,54.75,,,,,96.78,900.46,
2024-06-23 14:00:00,22.4,48.09,7.03,18.78,20.51,14.03,11.32,1.58,,0.74,1.58,,,,0.31,,51.95,,,,,133.04,900.28,
2024-06-23 15:00:00,24.06,51.54,8.52,21.48,24.71,13.21,11.91,1.59,,0.73,1.57,,,,0.31,,57.99,,,,,132.23,900.16,
2024-06-23 16:00:00,25.69,54.94,4.9,14.83,14.58,11.9,11.7,1.6,,0.74,1.58,,,,0.31,,88.58,,,,,25.52,900.22,
2024-06-23 17:00:00,28.22,60.2,5.44,14.94,15.1,12.44,13.28,1.62,,0.72,1.58,,,,0.31,,99.38,,,,,43.8,900.26,
2024-06-23 18:00:00,26.46,56.55,5.69,16.7,17.09,12.69,12.1,1.58,,0.74,1.55,,,,0.32,,99.46,,,,,12.37,900.43,
2024-06-23 19:00:00,25.68,54.92,6.78,17.09,18.6,13.78,10.97,1.59,,0.72,1.56,,,,0.31,,99.52,,,,,9.89,900.65,
2024-06-23 20:00:00,23.21,49.77,6.6,17.1,18.4,13.61,10.88,1.56,,0.73,1.57,,,,0.3,,99.5,,,,,9.89,900.86,
2024-06-23 21:00:00,25.51,54.55,6.04,16.27,17.01,13.04,10.34,1.58,,0.72,1.56,,,,0.31,,99.53,,,,,9.89,901.0,
2024-06-23 22:00:00,24.5,52.48,7.08,18.32,20.77,14.08,10.06,1.57,,0.73,1.57,,,,0.31,,99.57,,,,,9.89,901.1,
2024-06-23 23:00:00,22.8,48.92,7.24,17.85,19.8,14.24,10.9,1.58,,0.73,1.57,,,,0.32,,99.57,,,,,9.89,901.09,
2024-06-24 00:00:00,23.52,50.42,5.92,17.87,18.48,12.92,10.57,1.59,,0.73,1.58,,,,0.31,,99.56,,,,,9.89,900.97,
2024-06-24 01:00:00,22.12,47.51,5.86,15.57,16.14,12.86,12.44,1.58,,0.72,1.58,,,,0.31,,99.4,,,,,9.89,900.78,
2024-06-24 02:00:00,24.19,51.81,6.4,17.72,18.82,13.4,11.15,1.57,,0.74,1.55,,,,0.31,,99.15,,,,,9.89,900.64,
2024-06-24 03:00:00,22.64,48.6,6.41,17.35,18.46,13.41,10.54,1.58,,0.74,1.58,,,,0.32,,99.23,,,,,9.89,900.58,
2024-06-24 04:00:00,24.47,52.4,5.78,14.84,15.32,12.78,10.86,1.56,,0.74,1.57,,,,0.32,,99.19,,,,,9.89,900.54,
2024-06-24 05:00:00,26.61,56.85,6.24,17.6,18.54,13.24,11.78,1.6,,0.74,1.56,,,,0.31,,99.41,,,,,9.89,900.59,
2024-06-24 06:00:00,26.5,56.62,7.21,18.89,20.8,14.21,11.82,1.62,,0.74,1.59,,,,0.31,,99.54,,,,,11.42,900.7,
2024-06-24 07:00:00,24.55,52.58,5.85,16.32,19.19,13.45,11.49,1.62,,0.73,1.6,,,,0.31,,99.52,,,,,40.36,900.77,
2024-06-24 08:00:00,24.29,52.02,7.3,19.44,21.44,14.3,10.17,1.63,,0.72,1.55,,,,0.31,,97.62,,,,,74.54,900.89,
2024-06-24 09:00:00,23.08,49.51,5.64,16.95,17.29,12.64,10.81,1.62,,0.73,1.56,,,,0.31,,83.95,,,,,227.6,900.95,
2024-06-24 10:00:00,25.37,54.28,6.76,19.84,21.29,13.76,10.46,1.65,,0.72,1.58,,,,0.31,,75.68,,,,,221.08,900.85,
2024-06-24 11:00:00,26.14,55.86,6.76,17.87,19.33,13.76,12.18,1.63,,0.74,1.58,,,,0.3,,72.19,,,,,272.5,900.75,
2024-06-24 12:00:00,26.93,57.52,6.64,17.49,18.83,13.64,11.08,1.6,,0.74,1.58,,,,0.3,,68.62,,,,,129.87,900.65,
2024-06-24 13:00:00,27.49,58.69,5.64,16.22,16.55,12.64,11.29,1.62,,0.75,1.57,,,,0.31,,65.36,,,,,141.72,900.48,
2024-06-24 14:00:00,25.5,54.55,6.78,17.21,18.69,13.77,11.36,1.63,,0.72,1.56,,,,0.31,,60.76,,,,,174.2,900.4,
2024-06-24 15:00:00,22.92,49.17,5.88,15.69,16.26,12.88,10.68,1.64,,0.73,1.56,,,,0.31,,55.69,,,,,158.43,900.32,
2024-06-24 16:00:00,25.34,54.23,5.46,15.16,15.32,12.46,11.25,1.66,,0.74,1.56,,,,0.31,,56.01,,,,,71.96,900.29,
2024-06-24 17:00:00,25.54,54.63,5.64,15.9,16.44,12.64,12.02,1.69,,0.72,1.58,,,,0.31,,62.14,,,,,14.66,900.39,
2024-06-24 18:00:00,23.01,49.35,6.26,16.48,17.44,13.26,13.14,1.67,,0.72,1.58,,,,0.3,,71.09,,,,,9.89,900.54,
2024-06-24 19:00:00,25.19,53.9,4.99,14.28,14.16,11.99,12.05,1.66,,0.72,1.56,,,,0.31,,75.89,,,,,9.89,900.66,
2024-06-24 20:00:00,23.07,49.47,5.89,16.14,16.65,12.89,11.11,1.61,,0.73,1.58,,,,0.32,,82.12,,,,,9.89,900.8,
2024-06-24 21:00:00,21.84,46.9,5.8,13.72,14.34,12.8,10.76,1.58,,0.74,1.56,,,,0.31,,85.28,,,,,9.89,900.9,
2024-06-24 22:00:00,21.32,45.84,6.56,19.87,21.12,13.56,11.32,1.6,,0.74,1.6,,,,0.32,,98.7,,,,,9.89,900.98,
2024-06-24 23:00:00,27.58,58.87,6.06,18.86,19.62,13.06,11.69,1.57,,0.73,1.57,,,,0.31,,99.5,,,,,9.89,900.95,
2024-06-25 00:00:00,25.49,54.51,5.78,17.23,17.77,12.78,11.85,1.56,,0.73,1.57,,,,0.32,,99.55,,,,,9.89,900.84,
2024-06-25 01:00:00,25.86,55.29,6.7,17.71,19.11,13.7,12.33,1.56,,0.74,1.58,,,,0.3,,99.58,,,,,9.89,900.7,
2024-06-25 02:00:00,27.49,58.7,5.53,15.34,15.59,12.54,11.1,1.56,,0.74,1.57,,,,0.31,,99.61,,,,,9.89,900.56,
2024-06-25 03:00:00,25.95,55.47,6.27,18.11,19.1,13.26,10.28,1.55,,0.74,1.58,,,,0.31,,99.61,,,,,9.89,900.53,
2024-06-25 04:00:00,25.1,53.7,7.45,18.64,20.84,14.45,11.03,1.57,,0.72,1.56,,,,0.32,,99.61,,,,,9.89,900.57,
2024-06-25 05:00:00,26.06,55.72,6.18,18.73,19.61,13.18,12.42,1.58,,0.72,1.57,,,,0.31,,99.61,,,,,9.89,900.61,
2024-06-25 06:00:00,27.65,59.03,5.45,16.04,16.19,12.46,12.53,1.58,,0.73,1.56,,,,0.31,,99.62,,,,,10.36,900.74,
2024-06-25 07:00:00,28.93,61.7,5.44,13.83,14.07,12.44,12.68,1.57,,0.74,1.57,,,,0.3,,99.56,,,,,30.3,900.8,
2024-06-25 08:00:00,30.45,64.85,6.89,16.77,18.36,13.89,12.36,1.59,,0.72,1.56,,,,0.3,,99.25,,,,,54.91,900.79,
2024-06-25 09:00:00,28.47,60.74,6.68,18.36,19.74,13.68,13.11,1.58,,0.72,1.56,,,,0.3,,86.94,,,,,223.28,900.8,
2024-06-25 10:00:00,27.32,58.34,6.79,19.64,21.12,13.79,12.75,1.56,,0.74,1.58,,,,0.3,,73.6,,,,,220.71,900.8,
2024-06-25 11:00:00,26.61,56.86,6.34,18.43,19.46,13.34,11.82,1.54,,0.72,1.59,,,,0.31,,70.18,,,,,265.99,900.67,
2024-06-25 12:00:00,27.8,59.33,7.17,21.9,23.77,14.17,10.74,1.54,,0.74,1.56,,,,0.32,,64.56,,,,,191.18,900.54,
2024-06-25 13:00:00,28.96,61.75,6.04,14.45,15.19,13.04,12.52,1.6,,0.72,1.58,,,,0.31,,61.66,,,,,108.9,900.42,
2024-06-25 14:00:00,28.75,61.33,6.14,16.92,17.79,13.14,12.64,1.62,,0.71,1.56,,,,0.3,,58.12,,,,,139.84,900.27,
2024-06-25 15:00:00,25.5,54.55,7.08,18.16,19.94,14.08,12.98,1.63,,0.74,1.57,,,,0.32,,62.86,,,,,73.35,900.18,
2024-06-25 16:00:00,23.14,49.64,6.3,17.89,19.12,13.3,11.98,1.62,,0.74,1.58,,,,0.32,,64.1,,,,,64.09,900.19,
2024-06-25 17:00:00,20.96,45.1,4.92,14.23,13.86,11.91,11.93,1.66,,0.73,1.57,,,,0.31,,71.66,,,,,16.78,900.29,
2024-06-25 18:00:00,19.82,42.7,6.8,18.55,20.04,13.8,12.44,1.65,,0.72,1.56,,,,0.32,,72.6,,,,,9.89,900.42,
2024-06-25 19:00:00,18.6,40.16,6.35,17.12,18.17,13.35,12.18,1.64,,0.73,1.59,,,,0.3,,73.1,,,,,9.89,900.58,
2024-06-25 20:00:00,20.18,43.47,6.38,14.98,16.13,13.38,11.15,1.61,,0.74,1.56,,,,0.31,,77.54,,,,,9.89,900.79,
2024-06-25 21:00:00,20.28,43.68,6.47,18.19,19.36,13.47,12.16,1.61,,0.75,1.57,,,,0.3,,81.08,,,,,9.89,900.9,
2024-06-25 22:00:00,21.46,46.12,6.18,16.29,17.16,13.18,11.09,1.58,,0.72,1.56,,,,0.32,,99.41,,,,,9.89,901.03,
2024-06-25 23:00:00,24.6,52.68,6.2,16.64,17.54,13.2,9.97,1.58,,0.72,1.57,,,,0.31,,99.47,,,,,9.89,901.01,
2024-06-26 00:00:00,26.3,56.2,4.82,13.73,13.3,11.82,10.92,1.59,,0.72,1.58,,,,0.31,,99.54,,,,,9.89,900.89,
2024-06-26 01:00:00,25.5,54.54,6.08,18.37,19.15,13.08,10.67,1.58,,0.72,1.57,,,,0.32,,99.57,,,,,9.89,900.76,
2024-06-26 02:00:00,26.87,57.4,7.58,17.97,20.26,14.58,10.84,1.6,,0.74,1.6,,,,0.31,,99.58,,,,,9.89,900.56,
2024-06-26 03:00:00,27.82,59.36,6.58,18.54,19.81,13.58,11.84,1.59,,0.72,1.56,,,,0.31,,99.52,,,,,9.89,900.52,
2024-06-26 04:00:00,25.49,54.53,6.06,18.15,18.5,13.07,11.57,1.6,,0.73,1.57,,,,0.31,,99.55,,,,,9.89,900.48,
2024-06-26 05:00:00,23.32,49.99,6.6,16.97,18.27,13.6,9.9,1.57,,0.73,1.57,,,,0.31,,99.61,,,,,9.89,900.5,
2024-06-26 06:00:00,25.24,54.01,5.36,16.64,16.88,12.36,10.75,1.58,,0.74,1.56,,,,0.32,,99.59,,,,,10.04,900.58,
2024-06-26 07:00:00,24.94,53.36,5.02,15.2,14.93,12.02,11.31,1.58,,0.73,1.57,,,,0.32,,99.58,,,,,27.76,900.7,
2024-06-26 08:00:00,25.93,55.44,7.0,17.16,18.87,14.0,11.24,1.6,,0.74,1.58,,,,0.31,,99.54,,,,,75.9,900.82,
2024-06-26 09:00:00,28.15,60.06,5.59,16.77,17.06,12.59,11.1,1.59,,0.73,1.58,,,,0.31,,96.74,,,,,96.81,900.94,
2024-06-26 10:00:00,29.32,62.5,6.56,17.11,18.42,13.56,11.42,1.58,,0.73,1.56,,,,0.3,,89.32,,,,,190.97,900.85,
2024-06-26 11:00:00,28.35,60.47,8.6,22.52,25.81,15.6,11.43,1.58,,0.72,1.56,,,,0.32,,75.0,,,,,199.37,900.8,
2024-06-26 12:00:00,26.24,56.08,6.58,18.1,19.39,13.57,12.7,1.58,,0.75,1.58,,,,0.3,,68.35,,,,,175.45,900.7,
2024-06-26 13:00:00,24.68,52.84,7.78,20.16,22.64,14.78,10.97,1.62,,0.73,1.56,,,,0.32,,62.71,,,,,205.52,900.58,
2024-06-26 14:00:00,26.91,57.48,6.96,19.31,21.11,13.96,8.08,1.68,,0.74,1.58,,,,0.31,,61.7,,,,,119.81,900.5,
2024-06-26 15:00:00,28.22,60.24,7.22,19.23,21.65,14.22,9.21,1.94,,0.72,1.58,,,,0.32,,61.06,,,,,173.05,900.34,
2024-06-26 16:00:00,27.42,58.55,4.38,13.68,13.1,11.38,12.24,1.79,18.95,0.73,1.58,,,,0.32,,61.97,,,,,73.32,900.32,
2024-06-26 17:00:00,26.26,56.12,6.6,18.5,19.8,13.6,11.81,1.71,17.22,0.74,1.54,,,,0.31,,74.1,,,,,10.44,900.53,
2024-06-26 18:00:00,26.12,55.83,5.41,17.39,17.5,12.41,11.44,1.92,20.95,0.75,1.54,,,,0.31,,73.24,,,,,9.89,900.7,
2024-06-26 19:00:00,27.1,57.9,5.73,14.56,14.99,12.73,11.03,1.79,15.96,0.72,1.59,,,,0.31,,80.06,,,,,9.89,900.89,
2024-06-26 20:00:00,27.09,57.86,6.0,17.91,18.62,13.0,11.38,1.69,9.78,0.72,1.58,,,,0.31,,99.5,,,,,9.89,901.08,
2024-06-26 21:00:00,28.37,60.52,6.34,17.78,19.96,13.92,12.35,1.62,9.47,0.74,1.56,,,,0.3,,99.52,,,,,9.89,901.15,
2024-06-26 22:00:00,29.48,62.83,6.02,13.29,14.0,13.01,12.08,1.6,11.86,0.74,1.56,,,,0.3,,99.52,,,,,9.89,901.24,
2024-06-26 23:00:00,29.98,63.89,5.97,14.99,15.66,12.97,12.14,1.59,12.16,0.74,1.57,,,,0.32,,99.56,,,,,9.89,901.24,
2024-06-27 00:00:00,30.22,64.38,5.87,17.58,18.14,12.86,11.88,1.56,10.98,0.73,1.54,,,,0.31,,99.2,,,,,9.89,901.09,
2024-06-27 01:00:00,29.35,62.57,6.76,17.36,18.82,13.76,13.09,1.54,11.42,0.72,1.6,,,,0.3,,99.28,,,,,9.89,900.92,
2024-06-27 02:00:00,28.52,60.84,7.03,17.74,19.62,14.04,12.22,1.59,14.8,0.72,1.58,,,,0.3,,99.16,,,,,9.89,900.84,
2024-06-27 03:00:00,27.7,59.12,6.06,14.39,15.18,13.07,13.08,1.61,17.24,0.74,1.58,,,,0.32,,99.12,,,,,9.89,900.83,
2024-06-27 04:00:00,25.57,54.7,5.54,14.95,15.19,12.54,12.13,1.59,12.94,0.75,1.58,,,,0.31,,99.53,,,,,9.89,900.71,
2024-06-27 05:00:00,26.62,56.89,5.9,16.68,17.5,12.9,11.96,1.57,12.94,0.75,1.57,,,,0.31,,99.54,,,,,9.89,900.81,
2024-06-27 06:00:00,26.87,57.4,6.03,17.64,18.37,13.03,11.99,1.58,11.51,0.72,1.59,,,,0.31,,99.55,,,,,9.91,900.95,
2024-06-27 07:00:00,26.46,56.56,6.79,18.73,20.22,13.79,11.98,1.6,11.66,0.72,1.56,,,,0.31,,99.54,,,,,19.99,901.15,
2024-06-27 08:00:00,28.35,60.47,5.56,14.89,15.16,12.56,12.9,1.62,13.28,0.7,1.57,,,,0.31,,99.54,,,,,33.74,901.33,
2024-06-27 09:00:00,25.76,55.08,6.44,15.98,17.12,13.44,12.09,1.61,15.42,0.72,1.57,,,,0.3,,99.46,,,,,76.12,901.32,
2024-06-27 10:00:00,26.47,56.56,6.36,16.34,17.4,13.36,11.94,1.62,14.21,0.7,1.58,,,,0.31,,96.49,,,,,101.78,901.3,
2024-06-27 11:00:00,27.19,58.06,5.58,15.67,15.96,12.59,11.37,1.62,15.13,0.72,1.58,,,,0.32,,83.84,,,,,158.37,901.32,
2024-06-27 12:00:00,24.94,53.38,6.8,18.77,20.26,13.8,11.34,1.6,18.38,0.75,1.59,,,,0.31,,70.62,,,,,222.38,901.25,
2024-06-27 13:00:00,22.92,49.16,6.18,17.53,18.4,13.18,11.6,1.96,20.42,0.73,1.56,,,,0.3,,64.23,,,,,201.02,901.1,
2024-06-27 14:00:00,24.71,52.89,7.23,17.71,19.84,14.23,11.86,1.82,18.87,0.74,1.56,,,,0.31,,66.89,,,,,131.26,901.06,
2024-06-27 15:00:00,26.04,55.66,9.92,25.37,29.99,16.92,11.45,2.15,20.72,0.72,1.56,,,,0.32,,69.06,,,,,135.58,900.99,
2024-06-27 16:00:00,23.49,50.35,12.76,33.03,40.44,19.76,11.54,2.2,21.35,0.72,1.59,,,,0.31,,74.36,,,,,64.93,900.91,
2024-06-27 17:00:00,25.46,54.46,2.92,8.72,8.64,9.93,10.74,2.17,16.08,0.74,1.56,,,,0.31,,81.02,,,,,15.69,900.92,
2024-06-27 18:00:00,25.35,54.22,3.27,8.91,7.82,10.27,11.07,2.14,15.99,0.72,1.58,,,,0.31,,91.89,,,,,9.89,901.06,
2024-06-27 19:00:00,25.71,54.97,5.0,14.75,14.45,12.0,12.15,1.78,14.05,0.72,1.58,,,,0.31,,99.45,,,,,9.89,901.18,
2024-06-27 20:00:00,27.29,58.28,6.74,16.02,17.46,13.74,11.74,1.67,11.78,0.74,1.58,,,,0.32,,99.5,,,,,9.89,901.43,
2024-06-27 21:00:00,26.65,56.94,5.47,15.84,16.18,12.48,11.28,1.63,13.56,0.7,1.58,,,,0.31,,99.56,,,,,9.89,901.52,
2024-06-27 22:00:00,25.12,53.76,6.42,18.58,19.69,13.42,12.12,1.61,13.85,0.72,1.56,,,,0.31,,99.53,,,,,9.89,901.56,
2024-06-27 23:00:00,24.91,53.31,5.45,14.82,15.1,12.45,11.74,1.57,14.95,0.71,1.55,,,,0.3,,99.56,,,,,9.89,901.55,
2024-06-28 00:00:00,25.22,53.98,5.74,15.0,15.58,12.73,12.23,1.57,13.86,0.74,1.58,,,,0.31,,99.54,,,,,9.89,901.46,
2024-06-28 01:00:00,26.24,56.1,5.66,16.7,17.04,12.65,12.44,1.56,14.04,0.74,1.58,,,,0.32,,99.56,,,,,9.89,901.34,
2024-06-28 02:00:00,26.76,57.16,5.3,15.41,15.63,12.3,12.14,1.57,12.66,0.76,1.55,,,,0.31,,99.59,,,,,9.89,901.27,
2024-06-28 03:00:00,28.8,61.42,5.34,16.53,16.57,12.34,12.48,1.57,11.72,0.71,1.58,,,,0.32,,99.59,,,,,9.89,901.19,
2024-06-28 04:00:00,27.04,57.76,7.69,18.45,20.84,14.69,12.99,1.58,11.03,0.75,1.56,,,,0.3,,99.6,,,,,9.89,901.2,
2024-06-28 05:00:00,26.92,57.52,6.17,18.22,19.08,13.17,12.86,1.61,11.38,0.73,1.57,,,,0.31,,99.6,,,,,9.89,901.3,
2024-06-28 06:00:00,26.01,55.61,5.75,14.03,14.48,12.75,12.48,1.61,10.14,0.73,1.57,,,,0.32,,99.59,,,,,9.89,901.46,
2024-06-28 07:00:00,27.75,59.22,5.42,13.76,14.0,12.42,11.66,1.64,11.25,0.74,1.59,,,,0.31,,99.57,,,,,43.22,901.56,
2024-06-28 08:00:00,26.28,56.17,4.51,12.99,12.31,11.51,10.62,1.65,8.57,0.74,1.57,,,,0.31,,99.48,,,,,91.55,901.61,
2024-06-28 09:00:00,26.59,56.82,5.65,14.58,15.03,12.66,10.82,1.66,10.77,0.72,1.58,,,,0.31,,98.19,,,,,112.78,901.61,
2024-06-28 10:00:00,27.4,58.5,6.37,16.61,17.77,13.37,11.26,1.63,15.54,0.73,1.6,,,,0.31,,82.53,,,,,186.61,901.55,
2024-06-28 11:00:00,25.92,55.43,7.44,19.29,21.43,14.44,11.51,1.63,16.33,0.72,1.55,,,,0.31,,71.04,,,,,151.54,901.46,
2024-06-28 12:00:00,25.93,55.44,7.23,19.87,21.8,14.24,11.26,1.63,17.64,0.72,1.57,,,,0.31,,64.98,,,,,176.37,901.29,
2024-06-28 13:00:00,24.6,52.68,7.98,19.91,22.6,14.98,11.98,1.58,13.58,0.71,1.57,,,,0.31,,58.96,,,,,136.99,901.08,
2024-06-28 14:00:00,26.31,56.24,9.07,18.89,22.56,16.07,14.47,1.4,14.03,0.73,1.57,,,,0.31,,61.22,,,,,132.2,900.98,
2024-06-28 15:00:00,24.08,51.58,13.46,20.11,28.34,20.45,12.11,1.74,17.72,0.72,1.54,,,,0.31,,73.2,,,,,118.25,900.85,
2024-06-28 16:00:00,24.22,51.88,6.84,9.35,8.53,12.12,10.04,1.93,25.7,0.74,1.56,,,,0.32,,67.75,,,,,71.6,900.8,
2024-06-28 17:00:00,26.78,57.2,,,,,11.52,2.29,18.18,0.75,1.56,,,,0.31,,87.65,,,,,22.3,900.89,
2024-06-28 18:00:00,24.75,52.99,,,,,8.7,1.9,10.31,0.72,1.58,,,,0.32,,87.9,,,,,9.89,901.02,
2024-06-28 19:00:00,22.37,48.02,,,,,10.43,1.76,8.19,0.72,1.57,,,,0.32,,90.74,,,,,9.89,901.22,
2024-06-28 20:00:00,21.28,45.74,,,,,11.08,1.65,10.07,0.74,1.59,,,,0.31,,96.74,,,,,9.89,901.37,
2024-06-28 21:00:00,22.54,48.38,,,,,11.28,1.66,9.96,0.74,1.57,,,,0.32,,99.45,,,,,9.89,901.5,
2024-06-28 22:00:00,22.47,48.23,,,,,11.4,1.63,10.08,0.73,1.58,,,,0.32,,99.5,,,,,9.89,901.58,
2024-06-28 23:00:00,21.82,46.88,,,,,10.79,1.6,10.46,0.72,1.56,,,,0.31,,99.54,,,,,9.89,901.53,
2024-06-29 00:00:00,21.72,46.67,,,,,12.26,1.57,11.17,0.73,1.57,,,,0.3,,99.56,,,,,9.89,901.4,
2024-06-29 01:00:00,22.95,49.23,,,,,12.38,1.55,11.98,0.72,1.55,,,,0.3,,99.54,,,,,9.89,901.34,
2024-06-29 02:00:00,23.78,50.98,,,,,11.18,1.56,12.44,0.74,1.59,,,,0.31,,99.56,,,,,9.89,901.24,
2024-06-29 03:00:00,22.58,48.47,,,,,10.93,1.57,11.51,0.71,1.56,,,,0.3,,99.6,,,,,9.89,901.23,
2024-06-29 04:00:00,21.4,46.0,,,,,12.39,1.57,9.11,0.74,1.57,,,,0.3,,99.62,,,,,9.89,901.26,
2024-06-29 05:00:00,22.87,49.06,,,,,11.92,1.58,8.05,0.73,1.58,,,,0.31,,99.63,,,,,9.89,901.36,
2024-06-29 06:00:00,25.14,53.79,,,,,12.02,1.53,8.39,0.75,1.55,,,,0.31,,99.63,,,,,9.89,901.49,
2024-06-29 07:00:00,25.83,55.23,,,,,10.92,1.56,8.77,0.72,1.57,,,,0.3,,99.59,,,,,17.83,901.61,
2024-06-29 08:00:00,28.25,60.28,,,,,11.44,1.59,8.73,0.75,1.59,,,,0.3,,99.52,,,,,74.92,901.72,
2024-06-29 09:00:00,26.92,57.51,,,,,9.39,1.61,10.24,0.74,1.57,,,,0.31,,97.21,,,,,185.54,901.79,
2024-06-29 10:00:00,24.18,51.79,,,,,10.56,1.62,10.22,0.71,1.56,,,,0.3,,86.94,,,,,164.12,901.73,
2024-06-29 11:00:00,24.3,52.04,,,,,11.32,1.62,9.25,0.72,1.58,,,,0.31,,71.26,,,,,259.51,901.57,
2024-06-29 12:00:00,23.24,49.84,,,,,10.39,1.61,9.06,0.72,1.56,,,,0.3,,66.07,,,,,229.75,901.42,
2024-06-29 13:00:00,23.74,50.9,,,,,11.66,1.6,12.0,0.73,1.59,,,,0.31,,65.32,,,,,152.67,901.31,
2024-06-29 14:00:00,23.01,49.36,,,,,10.94,1.6,11.7,0.72,1.58,,,,0.32,,59.26,,,,,169.0,901.19,
2024-06-29 15:00:00,22.14,47.54,,,,,11.16,1.62,15.06,0.74,1.57,,,,0.31,,57.66,,,,,190.04,901.08,
2024-06-29 16:00:00,23.05,49.45,,,,,11.11,1.64,15.9,0.74,1.58,,,,0.31,,68.01,,,,,61.5,901.04,
2024-06-29 17:00:00,27.35,58.41,,,,,10.35,1.65,12.44,0.73,1.58,,,,0.31,,84.33,,,,,19.66,901.12,
2024-06-29 18:00:00,28.09,59.94,,,,,10.19,1.64,13.62,0.72,1.58,,,,0.31,,94.07,,,,,9.89,901.32,
2024-06-29 19:00:00,28.3,60.39,,,,,11.91,1.62,12.41,0.74,1.57,,,,0.31,,99.03,,,,,9.89,901.47,
2024-06-29 20:00:00,26.8,57.25,,,,,11.6,1.64,11.49,0.7,1.58,,,,0.31,,99.34,,,,,9.89,901.69,
2024-06-29 21:00:00,26.71,57.06,,,,,10.58,1.63,12.38,0.74,1.58,,,,0.32,,98.86,,,,,9.89,901.78,
2024-06-29 22:00:00,25.23,53.98,,,,,10.42,1.62,12.85,0.72,1.58,,,,0.31,,99.44,,,,,9.89,901.87,
2024-06-29 23:00:00,25.05,53.62,,,,,11.1,1.6,12.36,0.74,1.56,,,,0.31,,99.49,,,,,9.89,901.88,
2024-06-30 00:00:00,26.04,55.65,,,,,10.79,1.61,10.98,0.75,1.58,,,,0.3,,99.55,,,,,9.89,901.75,
2024-06-30 01:00:00,27.81,59.37,,,,,11.3,1.6,12.68,0.72,1.61,,,,0.31,,99.56,,,,,9.89,901.54,
2024-06-30 02:00:00,27.48,58.68,,,,,10.9,1.58,11.42,0.74,1.54,,,,0.3,,99.61,,,,,9.89,901.41,
2024-06-30 03:00:00,28.33,60.44,,,,,11.08,1.56,8.12,0.72,1.56,,,,0.31,,99.62,,,,,9.89,901.4,
2024-06-30 04:00:00,27.82,59.37,,,,,12.24,1.57,10.71,0.74,1.58,,,,0.31,,99.63,,,,,9.89,901.41,
2024-06-30 05:00:00,27.2,58.09,,,,,12.03,1.58,11.17,0.74,1.59,,,,0.31,,99.62,,,,,9.89,901.5,
2024-06-30 06:00:00,27.33,58.36,,,,,11.2,1.57,8.77,0.72,1.56,,,,0.31,,99.62,,,,,9.89,901.62,
2024-06-30 07:00:00,27.99,59.73,,,,,11.72,1.58,7.91,0.75,1.58,,,,0.31,,99.59,,,,,17.85,901.78,
2024-06-30 08:00:00,25.18,53.87,,,,,11.6,1.58,8.9,0.71,1.56,,,,0.31,,99.54,,,,,60.58,901.94,
2024-06-30 09:00:00,25.58,54.71,,,,,11.32,1.58,8.48,0.74,1.56,,,,0.3,,99.48,,,,,119.73,901.99,
2024-06-30 10:00:00,25.54,54.63,,,,,10.88,1.58,12.15,0.72,1.56,,,,0.31,,97.71,,,,,127.75,901.92,
2024-06-30 11:00:00,24.24,51.91,,,,,10.21,1.59,10.55,0.72,1.58,,,,0.31,,91.89,,,,,123.81,901.88,
2024-06-30 12:00:00,21.9,47.05,,,,,11.32,1.59,11.42,0.74,1.59,,,,0.31,,89.74,,,,,97.56,901.82,
2024-06-30 13:00:00,23.71,50.82,,,,,10.48,1.59,14.21,0.74,1.58,,,,0.31,,81.24,,,,,165.52,901.61,
2024-06-30 14:00:00,26.75,57.16,,,,,10.76,1.58,13.39,0.74,1.57,,,,0.32,,73.64,,,,,175.05,901.39,
2024-06-30 15:00:00,26.81,57.28,,,,,10.82,1.6,11.23,0.73,1.59,,,,0.3,,92.5,,,,,72.52,901.3,
2024-06-30 16:00:00,29.65,63.2,,,,,10.46,1.6,17.48,0.73,1.56,,,,0.3,,97.63,,,,,95.87,901.14,
2024-06-30 17:00:00,31.02,66.05,,,,,11.98,1.6,19.34,0.72,1.56,,,,0.31,,87.8,,,,,26.93,901.26,
2024-06-30 18:00:00,27.19,58.08,,,,,11.28,1.62,18.35,0.72,1.57,,,,0.31,,83.94,,,,,9.89,901.47,
2024-06-30 19:00:00,24.1,51.63,,,,,11.2,1.62,15.57,0.75,1.57,,,,0.3,,95.24,,,,,9.89,901.64,
2024-06-30 20:00:00,24.73,52.94,,,,,10.47,1.62,8.95,0.73,1.56,,,,0.3,,99.5,,,,,9.89,901.88,
2024-06-30 21:00:00,24.99,53.49,,,,,11.45,1.6,11.56,0.72,1.59,,,,0.31,,99.53,,,,,9.89,901.94,
2024-06-30 22:00:00,25.06,53.64,,,,,12.78,1.6,13.14,0.72,1.58,,,,0.31,,99.53,,,,,9.89,901.99,
2024-06-30 23:00:00,25.54,54.63,,,,,12.56,1.59,13.48,0.74,1.57,,,,0.31,,99.54,,,,,9.89,901.99,
2024-07-01 00:00:00,26.62,56.86,,,,,12.35,1.58,11.9,0.74,1.55,,,,0.31,,99.57,,,,,9.89,901.86,
2024-07-01 01:00:00,28.66,61.14,,,,,13.57,1.57,8.79,0.74,1.58,,,,0.31,,99.6,,,,,9.89,901.68,
2024-07-01 02:00:00,26.88,57.4,,,,,12.13,1.58,10.5,0.73,1.57,,,,0.3,,99.62,,,,,9.89,901.54,
2024-07-01 03:00:00,26.34,56.31,,,,,11.68,1.57,9.14,0.72,1.57,,,,0.31,,99.62,,,,,9.89,901.46,
2024-07-01 04:00:00,25.63,54.82,,,,,11.1,1.58,10.59,0.73,1.55,,,,0.32,,99.62,,,,,9.89,901.42,
2024-07-01 05:00:00,22.89,49.11,,,,,11.79,1.59,9.34,0.73,1.56,,,,0.32,,99.62,,,,,9.89,901.51,
2024-07-01 06:00:00,21.2,45.58,,,,,10.49,1.6,9.18,0.74,1.56,,,,0.31,,99.62,,,,,9.89,901.64,
2024-07-01 07:00:00,20.46,44.05,,,,,11.81,1.6,9.27,0.75,1.56,,,,0.31,,99.6,,,,,15.7,901.7,
2024-07-01 08:00:00,20.14,43.38,,,,,12.83,1.61,9.93,0.73,1.56,,,,0.32,,99.58,,,,,26.22,901.86,
2024-07-01 09:00:00,22.89,49.11,,,,,10.52,1.62,9.51,0.73,1.56,,,,0.31,,99.53,,,,,59.53,901.91,
2024-07-01 10:00:00,24.84,53.17,,,,,11.43,1.62,10.13,0.74,1.57,,,,0.32,,97.6,,,,,163.67,901.84,
2024-07-01 11:00:00,27.38,58.46,,,,,11.4,1.63,11.84,0.74,1.57,,,,0.31,,91.79,,,,,162.87,901.74,
2024-07-01 12:00:00,26.78,57.21,,,,,10.74,1.6,12.56,0.74,1.58,,,,0.31,,84.7,,,,,134.73,901.62,
2024-07-01 13:00:00,25.43,54.39,,,,,9.69,1.56,11.08,0.72,1.58,,,,0.31,,81.34,,,,,145.73,901.46,
2024-07-01 14:00:00,23.29,49.94,,,,,10.81,1.56,10.28,0.74,1.56,,,,0.32,,73.98,,,,,208.09,901.26,
2024-07-01 15:00:00,23.02,49.38,,,,,10.85,1.58,10.33,0.71,1.56,,,,0.31,,69.59,,,,,166.16,901.2,
2024-07-01 16:00:00,24.76,53.01,,,,,9.98,1.57,10.06,0.74,1.55,,,,0.32,,73.0,,,,,58.52,901.19,
2024-07-01 17:00:00,26.92,57.5,,,,,10.44,1.57,12.72,0.73,1.58,,,,0.31,,78.52,,,,,22.39,901.28,
2024-07-01 18:00:00,28.32,60.42,,,,,12.57,1.56,8.22,0.72,1.57,,,,0.31,,94.07,,,,,9.89,901.52,
2024-07-01 19:00:00,28.38,60.56,,,,,12.36,1.59,10.46,0.74,1.58,,,,0.31,,99.62,,,,,9.89,901.76,
2024-07-01 20:00:00,27.94,59.61,,,,,12.77,1.58,9.2,0.72,1.56,,,,0.31,,99.61,,,,,9.89,901.92,
2024-07-01 21:00:00,28.72,61.24,,,,,12.73,1.61,10.12,0.74,1.55,,,,0.31,,99.64,,,,,9.89,901.98,
2024-07-01 22:00:00,26.6,56.84,,,,,10.76,1.61,8.46,0.71,1.56,,,,0.31,,99.66,,,,,9.89,901.92,
2024-07-01 23:00:00,28.65,61.1,,,,,12.78,1.6,9.6,0.74,1.56,,,,0.31,,99.62,,,,,9.89,901.82,
2024-07-02 00:00:00,30.37,64.69,,,,,11.99,1.6,10.19,0.72,1.58,,,,0.32,,99.62,,,,,9.89,901.64,
2024-07-02 01:00:00,30.36,64.67,,,,,12.08,1.6,10.44,0.72,1.57,,,,0.31,,99.62,,,,,9.89,901.42,
2024-07-02 02:00:00,29.46,62.8,,,,,12.99,1.6,10.58,0.74,1.56,,,,0.31,,99.63,,,,,9.89,901.3,
2024-07-02 03:00:00,28.97,61.79,,,,,12.03,1.57,11.32,0.74,1.58,,,,0.31,,99.6,,,,,9.89,901.18,
2024-07-02 04:00:00,26.08,55.76,,,,,11.51,1.56,10.19,0.74,1.57,,,,0.3,,99.62,,,,,9.89,901.2,
2024-07-02 05:00:00,24.19,51.82,,,,,11.32,1.55,9.95,0.72,1.58,,,,0.31,,99.63,,,,,9.89,901.22,
2024-07-02 06:00:00,24.27,51.97,,,,,11.1,1.55,7.14,0.74,1.57,,,,0.31,,99.63,,,,,10.97,901.33,
2024-07-02 07:00:00,25.06,53.62,,,,,12.16,1.56,8.72,0.74,1.58,,,,0.31,,99.62,,,,,39.53,901.44,
2024-07-02 08:00:00,25.25,54.02,,,,,11.74,1.58,8.68,0.72,1.58,,,,0.3,,99.6,,,,,75.83,901.57,
2024-07-02 09:00:00,26.62,56.88,,,,,10.77,1.57,8.02,0.76,1.58,,,,0.31,,94.83,,,,,384.44,901.6,
2024-07-02 10:00:00,25.67,54.88,,,,,11.41,1.55,11.97,0.74,1.58,,,,0.31,,79.44,,,,,196.7,901.61,
2024-07-02 11:00:00,23.36,50.09,15.03,28.84,43.81,32.46,10.02,1.54,11.93,0.74,1.54,,,,0.3,,81.71,,,,,296.23,901.54,
2024-07-02 12:00:00,22.79,48.91,15.45,28.22,43.79,32.47,10.72,2.04,20.26,0.74,1.59,,,,0.3,,66.26,,,,,280.02,901.32,
2024-07-02 13:00:00,20.77,44.71,15.33,28.37,43.75,32.3,12.42,1.88,13.12,0.74,1.56,,,,0.32,,65.22,,,,,201.87,901.2,
2024-07-02 14:00:00,19.2,41.42,15.18,28.43,43.81,32.67,12.8,1.99,14.98,0.74,1.57,,,,0.32,,69.48,,,,,299.26,901.12,
2024-07-02 15:00:00,18.08,39.08,15.3,28.38,43.57,32.64,10.9,2.01,13.71,0.73,1.57,,,,0.31,,66.77,,,,,279.87,900.98,
2024-07-02 16:00:00,23.54,50.46,15.27,28.68,43.63,32.66,,1.84,11.06,0.76,1.62,,,,0.32,,56.86,,,,,69.89,900.86,
2024-07-02 17:00:00,24.44,52.34,15.43,28.57,43.92,32.5,11.66,1.77,11.75,0.73,1.57,,,,0.31,,60.92,,,,,43.47,901.01,
2024-07-02 18:00:00,27.03,57.74,15.37,28.23,43.6,32.62,10.62,1.99,15.55,0.74,1.56,,,,0.32,,67.21,,,,,9.9,901.18,
2024-07-02 19:00:00,25.8,55.16,15.24,28.34,43.88,28.15,,1.74,12.45,0.72,1.54,,,,0.31,,72.88,,,,,9.89,901.3,
2024-07-02 20:00:00,26.18,55.98,15.28,28.44,43.74,32.72,9.2,1.64,13.74,0.73,1.56,,,,0.32,,76.63,,,,,9.89,901.48,
2024-07-02 21:00:00,26.89,57.44,15.3,28.45,43.56,32.79,11.62,1.64,14.47,0.72,1.58,,,,0.32,,84.11,,,,,9.89,901.6,
2024-07-02 22:00:00,25.98,55.54,15.23,28.29,43.68,32.8,11.71,1.6,13.17,0.74,1.58,,,,0.31,,97.39,,,,,9.89,901.64,
2024-07-02 23:00:00,25.26,54.04,15.21,28.28,43.72,32.82,12.31,1.58,13.7,0.73,1.54,,,,0.31,,99.48,,,,,9.89,901.6,
2024-07-03 00:00:00,24.18,51.81,15.42,28.7,43.65,32.52,12.77,1.56,12.79,0.74,1.61,,,,0.32,,99.52,,,,,9.89,901.48,
2024-07-03 01:00:00,23.0,49.34,15.07,28.55,43.8,32.82,11.68,1.55,14.45,0.72,1.55,,,,0.3,,99.53,,,,,9.89,901.33,
2024-07-03 02:00:00,24.92,53.33,15.35,28.68,43.86,32.66,12.28,1.52,13.34,0.73,1.58,,,,0.31,,99.54,,,,,9.89,901.25,
2024-07-03 03:00:00,24.83,53.14,15.27,28.62,44.04,32.58,12.31,1.48,12.81,0.74,1.57,,,,0.32,,99.56,,,,,9.89,901.24,
2024-07-03 04:00:00,23.41,50.18,15.2,28.44,43.57,32.56,9.52,1.5,11.72,0.72,1.6,,,,0.31,,99.6,,,,,9.89,901.28,
2024-07-03 05:00:00,23.51,50.38,15.34,28.52,43.62,32.6,10.92,1.6,10.64,0.73,1.58,,,,0.31,,99.63,,,,,9.89,901.37,
2024-07-03 06:00:00,24.39,52.22,15.21,28.31,43.82,32.55,11.0,1.6,9.75,0.71,1.56,,,,0.31,,99.63,,,,,9.89,901.5,
2024-07-03 07:00:00,27.63,58.98,15.34,28.53,43.88,32.79,12.19,1.6,9.16,0.74,1.58,,,,0.3,,99.59,,,,,31.78,901.64,
2024-07-03 08:00:00,26.69,57.02,15.19,28.58,43.92,32.95,12.64,1.61,8.28,0.74,1.57,,,,0.31,,99.49,,,,,59.61,901.72,
2024-07-03 09:00:00,24.56,52.6,15.39,28.62,43.81,32.65,11.38,1.58,12.86,0.73,1.57,,,,0.3,,94.29,,,,,161.56,901.83,
2024-07-03 10:00:00,25.14,53.81,15.38,28.38,44.08,32.75,10.09,1.57,10.72,0.73,1.57,,,,0.32,,77.56,,,,,201.53,901.82,
2024-07-03 11:00:00,16.91,36.61,15.3,28.57,43.76,27.87,12.02,1.58,15.22,0.72,1.56,,,,0.31,,68.14,,,,,204.72,901.72,
2024-07-03 12:00:00,24.08,51.59,15.28,28.62,44.01,27.14,10.76,1.6,15.93,0.74,1.59,,,,0.31,,65.94,,,,,180.5,901.52,
2024-07-03 13:00:00,23.77,50.95,15.25,28.65,43.8,32.49,12.3,1.63,14.03,0.73,1.56,,,,0.3,,62.6,,,,,141.99,901.34,
2024-07-03 14:00:00,23.15,49.65,15.34,28.36,43.72,32.76,9.36,1.66,16.57,0.72,1.58,,,,0.32,,96.02,,,,,200.16,901.25,
2024-07-03 15:00:00,17.94,38.79,15.43,28.56,43.74,32.71,11.0,1.65,17.19,0.76,1.58,,,,0.32,,80.04,,,,,301.59,901.04,
2024-07-03 16:00:00,22.86,49.05,15.44,28.4,43.64,32.55,12.52,1.8,19.42,0.73,1.56,,,,0.31,,88.15,,,,,157.96,901.01,
2024-07-03 17:00:00,32.13,68.36,15.32,28.6,43.82,32.66,11.04,2.0,13.35,0.72,1.56,,,,0.31,,96.16,,,,,10.32,901.22,
2024-07-03 18:00:00,27.87,59.48,15.16,28.42,43.55,32.7,8.98,1.93,8.63,0.73,1.58,,,,0.31,,99.69,,,,,9.89,901.43,
2024-07-03 19:00:00,24.97,53.44,15.38,28.25,43.71,32.89,9.91,1.95,9.68,0.74,1.58,,,,0.31,,99.72,,,,,9.89,901.63,
2024-07-03 20:00:00,22.09,47.43,15.28,28.46,43.52,32.9,10.25,1.81,8.52,0.71,1.56,,,,0.32,,99.73,,,,,9.89,901.77,
2024-07-03 21:00:00,20.07,43.23,15.38,28.51,43.62,32.63,10.54,1.78,8.43,0.74,1.56,,,,0.32,,99.72,,,,,9.89,901.88,
2024-07-03 22:00:00,18.66,40.29,15.26,28.46,43.86,32.66,9.18,1.65,8.82,0.72,1.59,,,,0.31,,99.67,,,,,9.89,901.93,
2024-07-03 23:00:00,17.67,38.23,15.29,28.36,43.96,32.76,11.77,1.6,8.98,0.72,1.56,,,,0.31,,99.62,,,,,9.89,901.89,
2024-07-04 00:00:00,16.99,36.82,15.34,28.64,43.8,32.72,13.37,1.56,9.69,0.74,1.57,,,,0.32,,99.63,,,,,9.89,901.74,
2024-07-04 01:00:00,16.55,35.89,15.18,28.34,43.96,32.84,11.2,1.53,10.89,0.72,1.58,,,,0.31,,99.63,,,,,9.89,901.56,
2024-07-04 02:00:00,16.24,35.26,15.29,28.61,43.53,32.74,10.14,1.51,9.92,0.71,1.56,,,,0.31,,99.62,,,,,9.89,901.52,
2024-07-04 03:00:00,16.04,34.84,15.17,28.72,43.8,32.6,10.22,1.5,10.61,0.72,1.57,,,,0.32,,99.63,,,,,9.89,901.46,
2024-07-04 04:00:00,15.89,34.53,15.48,28.52,44.12,32.71,11.41,1.52,10.93,0.74,1.57,,,,0.31,,99.64,,,,,9.89,901.45,
2024-07-04 05:00:00,15.79,34.31,15.29,28.54,43.84,32.63,11.32,1.57,10.45,0.74,1.58,,,,0.32,,99.66,,,,,9.89,901.52,
2024-07-04 06:00:00,15.72,34.16,15.41,28.5,44.0,32.58,10.74,1.58,10.85,0.72,1.56,,,,0.31,,99.62,,,,,11.82,901.68,
2024-07-04 07:00:00,15.64,34.01,15.44,28.61,43.54,32.65,9.87,1.57,12.52,0.74,1.57,,,,0.3,,99.58,,,,,86.34,901.84,
2024-07-04 08:00:00,,,,,,,,,,,,,,,,,,,,,,,,
2024-07-04 09:00:00,,,,,,,,,,,,,,,,,,,,,,,,
2024-07-04 10:00:00,,,,,,,,,,,,,,,,,,,,,,,,
2024-07-04 11:00:00,15.55,33.82,15.44,28.04,43.78,32.8,9.27,1.56,15.85,0.74,1.57,,,,0.3,,77.34,,,,,392.58,901.83,
2024-07-04 12:00:00,15.54,33.8,15.35,28.41,43.88,32.71,11.67,1.58,17.96,0.72,1.58,,,,0.31,,66.74,,,,,378.62,901.64,
2024-07-04 13:00:00,15.54,33.79,15.32,28.71,43.73,32.68,11.21,1.68,18.34,0.72,1.58,,,,0.31,,60.85,,,,,272.64,901.56,
2024-07-04 14:00:00,15.53,33.78,15.27,28.66,43.64,32.64,11.58,1.91,17.92,0.72,1.58,,,,0.31,,60.94,,,,,213.18,901.42,
2024-07-04 15:00:00,15.53,33.77,15.37,28.51,43.45,32.54,10.22,1.76,16.38,0.74,1.54,,,,0.3,,61.84,,,,,177.29,901.3,
2024-07-04 16:00:00,15.64,34.0,15.16,28.47,43.68,32.47,10.45,1.87,17.74,0.73,1.56,,,,0.31,,62.27,,,,,66.9,901.22,
2024-07-04 17:00:00,15.94,34.62,15.26,28.46,43.74,32.61,10.61,1.77,15.88,0.73,1.56,,,,0.32,,60.03,,,,,40.03,901.28,
2024-07-04 18:00:00,16.16,35.08,15.22,28.38,44.16,32.52,10.95,1.75,21.14,0.71,1.59,,,,0.31,,56.3,,,,,10.84,901.44,
2024-07-04 19:00:00,16.23,35.23,15.45,28.48,43.84,32.71,9.54,1.7,19.82,0.74,1.56,,,,0.31,,57.72,,,,,9.89,901.58,
2024-07-04 20:00:00,16.22,35.21,15.32,28.56,43.82,32.68,10.1,1.68,17.45,0.74,1.58,,,,0.32,,65.76,,,,,9.89,901.75,
2024-07-04 21:00:00,16.12,34.99,15.29,28.42,43.68,32.64,11.42,1.7,15.15,0.7,1.55,,,,0.31,,72.29,,,,,9.89,901.8,
2024-07-04 22:00:00,16.02,34.8,15.28,28.48,43.97,32.61,12.82,1.71,14.72,0.72,1.57,,,,0.3,,76.14,,,,,9.89,901.85,
2024-07-04 23:00:00,15.95,34.64,15.4,28.38,43.82,32.66,10.68,1.67,13.53,0.74,1.58,,,,0.31,,87.62,,,,,9.89,901.84,
2024-07-05 00:00:00,15.87,34.49,15.34,28.46,43.7,32.47,9.59,1.64,12.9,0.72,1.57,,,,0.31,,97.2,,,,,9.89,901.69,
2024-07-05 01:00:00,15.9,34.55,15.24,28.34,43.86,32.92,12.62,1.6,14.54,0.73,1.56,,,,0.32,,99.46,,,,,9.89,901.5,
2024-07-05 02:00:00,16.07,34.9,15.18,28.38,43.6,32.93,11.76,1.59,14.35,0.74,1.58,,,,0.32,,99.49,,,,,9.89,901.35,
2024-07-05 03:00:00,16.19,35.15,15.29,28.46,43.99,32.56,11.92,1.58,13.98,0.72,1.57,,,,0.31,,99.53,,,,,9.89,901.33,
2024-07-05 04:00:00,16.17,35.12,15.3,28.48,43.52,32.82,10.88,1.57,13.16,0.74,1.58,,,,0.32,,99.57,,,,,9.89,901.32,
2024-07-05 05:00:00,16.11,34.99,15.28,28.13,43.61,32.72,10.86,1.58,13.04,0.75,1.56,,,,0.32,,99.58,,,,,9.89,901.31,
2024-07-05 06:00:00,16.07,34.9,15.44,28.31,44.03,32.54,12.1,1.58,10.23,0.72,1.57,,,,0.32,,99.61,,,,,9.89,901.55,
2024-07-05 07:00:00,16.04,34.84,15.47,28.56,43.56,32.51,11.98,1.6,10.16,0.73,1.56,,,,0.32,,99.59,,,,,30.32,901.67,
2024-07-05 08:00:00,16.02,34.8,15.4,28.58,43.91,32.76,10.17,1.61,9.98,0.74,1.59,,,,0.31,,99.53,,,,,87.34,901.66,
2024-07-05 09:00:00,16.01,34.76,15.32,28.54,43.54,32.66,10.02,1.59,9.41,0.72,1.55,,,,0.31,,97.92,,,,,271.83,901.62,
2024-07-05 10:00:00,15.99,34.74,15.13,28.5,43.71,32.57,11.66,1.58,9.98,0.73,1.57,,,,0.31,,77.74,,,,,329.13,901.6,
2024-07-05 11:00:00,15.99,34.74,15.38,28.3,43.67,32.9,10.83,1.59,13.11,0.75,1.56,,,,0.3,,75.34,,,,,216.49,901.51,
2024-07-05 12:00:00,16.02,34.8,15.27,28.39,43.72,32.66,10.2,1.6,14.29,0.74,1.58,,,,0.31,,72.62,,,,,205.52,901.38,
2024-07-05 13:00:00,16.02,34.81,15.52,28.56,43.9,24.79,10.45,1.64,17.1,0.74,1.55,,,,0.31,,62.02,,,,,140.27,901.18,
2024-07-05 14:00:00,16.01,34.77,15.35,28.47,44.08,32.68,12.18,1.69,15.21,0.72,1.57,,,,0.31,,62.8,,,,,125.16,901.0,
2024-07-05 15:00:00,15.99,34.73,15.27,28.64,43.86,32.66,10.98,1.68,16.23,0.71,1.56,,,,0.31,,58.6,,,,,212.71,900.86,
2024-07-05 16:00:00,16.02,34.79,15.37,28.44,43.92,32.68,11.52,1.66,16.08,0.74,1.57,,,,0.31,,60.28,,,,,110.53,900.72,
2024-07-05 17:00:00,16.13,35.02,15.26,28.63,43.7,32.83,11.76,1.66,13.24,0.72,1.56,,,,0.31,,64.57,,,,,24.76,900.8,
2024-07-05 18:00:00,16.36,35.49,15.19,28.77,43.7,32.73,10.01,1.58,13.58,0.72,1.56,,,,0.32,,69.74,,,,,9.89,900.96,
2024-07-05 19:00:00,16.72,36.25,15.29,28.43,43.79,32.75,10.98,1.58,12.78,0.71,1.6,,,,0.31,,88.64,,,,,9.89,901.2,
2024-07-05 20:00:00,17.02,36.88,15.24,28.56,43.57,32.68,10.68,1.59,11.01,0.72,1.58,,,,0.31,,99.57,,,,,9.89,901.43,
2024-07-05 21:00:00,17.06,36.95,15.28,28.56,43.75,32.56,11.08,1.6,12.25,0.72,1.57,,,,0.31,,99.53,,,,,9.89,901.5,
2024-07-05 22:00:00,16.76,36.35,15.23,28.27,43.71,32.84,12.14,1.57,13.7,0.72,1.55,,,,0.31,,99.55,,,,,9.89,901.48,
2024-07-05 23:00:00,16.55,35.9,15.34,28.41,43.71,32.71,9.26,1.58,12.0,0.73,1.56,,,,0.32,,99.62,,,,,9.89,901.37,
2024-07-06 00:00:00,16.52,35.84,15.19,28.46,43.67,32.52,9.86,1.59,11.75,0.73,1.57,,,,0.31,,99.63,,,,,9.89,901.28,
2024-07-06 01:00:00,16.5,35.79,15.23,28.3,43.97,32.61,10.44,1.57,10.87,0.72,1.59,,,,0.31,,99.61,,,,,9.89,901.08,
2024-07-06 02:00:00,16.47,35.73,15.25,28.52,43.86,32.44,11.1,1.57,8.13,0.72,1.54,,,,0.32,,99.63,,,,,9.89,900.87,
2024-07-06 03:00:00,16.55,35.89,15.3,28.55,43.49,32.51,12.42,1.58,8.48,0.72,1.59,,,,0.31,,99.63,,,,,9.89,900.94,
2024-07-06 04:00:00,16.32,35.42,15.28,28.46,43.66,28.53,13.16,1.59,9.47,0.74,1.56,,,,0.31,,99.66,,,,,9.89,900.96,
2024-07-06 05:00:00,16.16,35.11,15.32,28.5,43.59,32.71,9.95,1.59,,0.74,1.58,,,,0.31,,99.67,,,,,9.89,901.05,
2024-07-06 06:00:00,16.07,34.9,15.28,28.4,43.78,32.65,12.19,1.59,,0.74,1.58,,,,0.32,,99.66,,,,,9.89,901.28,
2024-07-06 07:00:00,15.98,34.71,15.33,28.64,43.86,32.62,12.01,1.59,,0.73,1.6,,,,0.31,,99.64,,,,,26.44,901.37,
2024-07-06 08:00:00,15.91,34.56,15.28,28.68,43.78,32.62,12.02,1.6,,0.73,1.58,,,,0.31,,99.58,,,,,91.6,901.41,
2024-07-06 09:00:00,15.86,34.46,15.4,28.56,43.79,32.6,11.9,1.6,,0.73,1.6,,,,0.31,,99.52,,,,,164.7,901.45,
2024-07-06 10:00:00,15.82,34.38,15.36,28.66,43.93,32.57,10.56,1.61,,0.74,1.58,,,,0.3,,97.18,,,,,225.37,901.36,
2024-07-06 11:00:00,15.8,34.33,15.35,28.59,43.71,32.74,10.33,1.61,,0.72,1.56,,,,0.32,,84.92,,,,,242.16,901.37,
2024-07-06 12:00:00,15.78,34.29,15.14,28.46,43.8,32.65,,1.59,,0.74,1.59,,,,0.32,,68.59,,,,,267.67,901.19,
2024-07-06 13:00:00,15.78,34.29,15.2,28.49,43.94,32.53,,1.58,,0.74,1.57,,,,0.31,,60.47,,,,,224.87,900.95,
2024-07-06 14:00:00,15.8,34.34,15.21,28.56,43.54,32.87,12.55,1.49,,0.73,1.58,,,,0.31,,54.54,,,,,263.51,900.9,
2024-07-06 15:00:00,15.84,34.41,15.42,28.11,43.51,32.68,12.13,1.52,,0.73,1.57,,,,0.31,,57.2,,,,,316.54,900.79,
2024-07-06 16:00:00,15.9,34.54,15.32,28.42,43.8,32.54,11.36,1.62,,0.74,1.58,,,,0.31,,64.49,,,,,121.48,900.78,
2024-07-06 17:00:00,15.98,34.72,15.36,28.44,43.66,32.57,10.9,1.63,,0.72,1.57,,,,0.32,,61.52,,,,,27.96,900.92,
2024-07-06 18:00:00,15.96,34.68,15.26,28.49,43.62,32.68,10.5,1.61,,0.73,1.55,,,,0.31,,68.66,,,,,9.89,900.95,
2024-07-06 19:00:00,15.95,34.64,15.32,28.29,43.73,32.81,9.29,1.6,,0.74,1.58,,,,0.3,,78.45,,,,,9.89,901.13,
2024-07-06 20:00:00,15.93,34.61,15.42,28.34,43.89,32.65,10.66,1.59,,0.73,1.54,,,,0.31,,86.72,,,,,9.89,901.25,
2024-07-06 21:00:00,15.91,34.58,15.4,28.72,43.6,32.84,11.81,1.6,,0.72,1.58,,,,0.31,,86.74,,,,,9.89,901.34,
2024-07-06 22:00:00,15.9,34.54,15.46,28.52,43.6,32.86,11.19,1.58,,0.72,1.56,,,,0.31,,91.24,,,,,9.89,901.44,
2024-07-06 23:00:00,15.88,34.51,15.38,28.5,43.87,32.56,10.34,1.58,,0.73,1.58,,,,0.3,,99.38,,,,,9.89,901.42,
2024-07-07 00:00:00,15.86,34.48,15.17,28.56,43.98,32.64,15.27,1.58,,0.72,1.57,,,,0.32,,99.47,,,,,9.89,901.29,
2024-07-07 01:00:00,15.85,34.44,15.23,28.38,44.03,32.52,13.08,1.56,,0.71,1.58,,,,0.3,,99.46,,,,,9.89,901.16,
2024-07-07 02:00:00,15.84,34.41,15.45,28.4,43.66,32.49,10.16,1.56,,0.73,1.56,,,,0.3,,99.52,,,,,9.89,901.02,
2024-07-07 03:00:00,15.82,34.38,15.29,28.36,43.76,32.62,11.02,1.56,,0.74,1.58,,,,0.31,,99.59,,,,,9.89,900.93,
2024-07-07 04:00:00,15.8,34.35,15.34,28.51,43.84,32.84,11.08,1.56,,0.73,1.56,,,,0.3,,99.6,,,,,9.89,900.94,
2024-07-07 05:00:00,15.8,34.32,15.33,28.56,43.79,32.97,11.0,1.58,,0.72,1.58,,,,0.31,,99.6,,,,,9.89,901.07,
2024-07-07 06:00:00,15.78,34.3,15.26,28.62,43.77,28.81,10.95,1.58,,0.72,1.56,,,,0.3,,99.6,,,,,9.89,901.21,
2024-07-07 07:00:00,15.77,34.27,15.42,28.43,43.72,32.12,11.5,1.59,,0.72,1.56,,,,0.3,,99.6,,,,,29.82,901.33,
2024-07-07 08:00:00,15.76,34.24,15.28,28.4,43.76,32.78,11.51,1.6,,0.75,1.57,,,,0.31,,99.54,,,,,58.47,901.41,
2024-07-07 09:00:00,15.74,34.22,15.38,28.28,43.98,25.99,10.02,1.6,,0.75,1.58,,,,0.31,,91.62,,,,,196.65,901.43,
2024-07-07 10:00:00,15.74,34.2,15.39,28.3,43.8,32.57,12.02,1.6,,0.73,1.58,,,,0.31,,84.26,,,,,165.7,901.46,
2024-07-07 11:00:00,15.72,34.17,15.32,28.44,43.83,27.53,15.83,1.59,,0.73,1.55,,,,0.31,,75.07,,,,,204.61,901.35,
2024-07-07 12:00:00,15.71,34.15,15.21,28.27,43.54,32.81,,1.58,,0.73,1.57,,,,0.31,,65.62,,,,,200.4,901.15,
2024-07-07 13:00:00,15.7,34.13,15.23,28.38,44.02,32.39,9.86,1.6,,0.73,1.56,,,,0.3,,61.31,,,,,126.51,901.09,
2024-07-07 14:00:00,15.7,34.11,15.42,28.62,43.76,32.7,8.87,1.6,,0.72,1.57,,,,0.32,,63.39,,,,,109.88,901.06,
2024-07-07 15:00:00,15.69,34.11,15.3,28.45,43.58,32.94,10.21,1.59,,0.72,1.56,,,,0.3,,62.62,,,,,180.38,900.9,
2024-07-07 16:00:00,15.74,34.21,15.39,28.29,43.76,32.77,5.64,1.6,,0.72,1.54,,,,0.31,,62.02,,,,,80.67,900.88,
2024-07-07 17:00:00,15.82,34.38,15.2,28.48,43.61,32.74,9.78,1.6,,0.72,1.57,,,,0.31,,72.28,,,,,28.9,900.9,
2024-07-07 18:00:00,15.81,34.36,15.22,28.34,43.84,32.86,11.34,1.6,,0.72,1.58,,,,0.32,,80.98,,,,,9.89,901.0,
2024-07-07 19:00:00,15.8,34.33,15.22,28.43,44.03,32.52,9.95,1.62,,0.72,1.58,,,,0.3,,88.0,,,,,9.89,901.15,
2024-07-07 20:00:00,15.78,34.3,15.28,28.18,44.0,32.63,11.04,1.58,,0.72,1.58,,,,0.31,,79.07,,,,,9.89,901.38,
2024-07-07 21:00:00,15.77,34.28,15.16,28.6,43.86,32.83,11.49,1.61,,0.75,1.56,,,,0.32,,99.59,,,,,9.89,901.5,
2024-07-07 22:00:00,15.76,34.25,15.32,28.28,43.98,32.65,10.9,1.59,,0.73,1.57,,,,0.31,,99.6,,,,,9.89,901.46,
2024-07-07 23:00:00,15.75,34.23,15.41,28.47,43.45,32.67,11.46,1.6,,0.72,1.57,,,,0.32,,99.6,,,,,9.89,901.43,
2024-07-08 00:00:00,15.74,34.2,15.27,28.5,43.9,32.68,12.35,1.59,,0.74,1.56,,,,0.32,,99.55,,,,,9.89,901.31,
2024-07-08 01:00:00,15.73,34.18,15.29,28.46,43.85,32.63,12.18,1.58,,0.72,1.57,,,,0.31,,99.52,,,,,9.89,901.09,
2024-07-08 02:00:00,15.72,34.16,15.3,28.44,43.46,32.6,11.14,1.57,,0.73,1.58,,,,0.31,,99.55,,,,,9.89,900.98,
2024-07-08 03:00:00,15.7,34.13,15.28,28.42,43.86,32.85,11.18,1.58,,0.72,1.57,,,,0.31,,99.57,,,,,9.89,900.94,
2024-07-08 04:00:00,15.7,34.11,15.21,28.49,43.67,32.78,10.64,1.57,,0.72,1.58,,,,0.32,,99.56,,,,,9.89,900.9,
2024-07-08 05:00:00,15.68,34.09,15.38,28.27,43.88,32.82,10.77,1.59,,0.72,1.56,,,,0.3,,99.54,,,,,9.89,900.92,
2024-07-08 06:00:00,15.68,34.07,15.38,28.2,43.53,32.69,11.01,1.6,,0.73,1.57,,,,0.3,,99.54,,,,,9.89,900.98,
2024-07-08 07:00:00,15.66,34.05,15.48,28.47,43.95,32.72,10.53,1.6,,0.71,1.58,,,,0.32,,99.54,,,,,24.83,901.1,
2024-07-08 08:00:00,15.66,34.03,15.35,28.46,43.62,32.75,10.32,1.62,,0.72,1.59,,,,0.31,,99.51,,,,,131.99,901.26,
2024-07-08 09:00:00,15.64,34.01,15.2,28.51,43.65,32.69,10.17,1.62,,0.7,1.57,,,,0.31,,99.44,,,,,181.44,901.35,
2024-07-08 10:00:00,15.64,34.0,15.28,28.26,43.83,32.66,10.22,1.63,,0.7,1.6,,,,0.31,,99.46,,,,,82.17,901.35,
2024-07-08 11:00:00,15.64,33.98,15.35,28.14,43.72,32.47,10.74,1.63,,0.72,1.58,,,,0.31,,99.01,,,,,157.16,901.25,
2024-07-08 12:00:00,15.62,33.97,15.3,28.37,43.61,32.53,10.72,1.61,,0.73,1.57,,,,0.3,,87.32,,,,,165.82,901.14,
2024-07-08 13:00:00,15.61,33.95,15.26,28.55,43.84,32.48,10.49,1.57,,0.72,1.58,,,,0.3,,76.06,,,,,191.89,900.96,
2024-07-08 14:00:00,15.61,33.94,15.28,28.53,43.72,32.95,11.57,1.57,,0.72,1.58,,,,0.31,,91.48,,,,,167.31,900.79,
2024-07-08 15:00:00,15.62,33.97,15.2,28.55,44.0,32.54,11.74,1.57,,0.72,1.56,,,,0.31,,86.85,,,,,195.4,900.62,
2024-07-08 16:00:00,15.68,34.08,15.28,28.55,43.87,32.52,10.81,1.57,,0.72,1.58,,,,0.31,,99.37,,,,,9.89,900.75,
2024-07-08 17:00:00,15.74,34.2,15.4,28.36,43.72,32.74,10.6,1.57,,0.73,1.56,,,,0.32,,99.71,,,,,9.89,900.82,
2024-07-08 18:00:00,15.73,34.19,15.28,28.85,43.62,32.51,11.24,1.57,,0.72,1.57,,,,0.31,,99.73,,,,,9.89,900.92,
2024-07-08 19:00:00,15.72,34.17,15.42,28.44,43.71,32.73,10.69,1.56,,0.72,1.58,,,,0.3,,99.73,,,,,9.89,901.06,
2024-07-08 20:00:00,15.71,34.14,15.34,28.68,44.0,32.75,11.16,1.54,,0.73,1.58,,,,0.31,,99.73,,,,,9.89,901.24,
2024-07-08 21:00:00,15.7,34.12,15.3,28.6,43.85,32.82,11.76,1.58,,0.72,1.58,,,,0.32,,99.73,,,,,9.89,901.35,
2024-07-08 22:00:00,15.69,34.1,15.28,28.44,44.01,33.01,10.84,1.59,,0.72,1.57,,,,0.32,,99.73,,,,,9.89,901.38,
2024-07-08 23:00:00,15.68,34.08,15.28,28.48,43.9,32.53,10.71,1.6,,0.72,1.56,,,,0.3,,99.73,,,,,9.89,901.36,
2024-07-09 00:00:00,15.67,34.06,15.31,28.54,43.68,32.67,11.58,1.58,,0.74,1.57,,,,0.31,,99.73,,,,,9.89,901.26,
2024-07-09 01:00:00,15.66,34.04,15.11,28.27,43.79,32.6,11.11,1.58,,0.72,1.58,,,,0.3,,99.73,,,,,9.89,901.16,
2024-07-09 02:00:00,15.65,34.02,15.26,28.57,43.84,32.82,11.88,1.58,,0.74,1.57,,,,0.31,,99.7,,,,,9.89,901.02,
2024-07-09 03:00:00,15.64,34.02,15.32,28.48,43.96,32.55,11.41,1.56,,0.73,1.57,,,,0.3,,99.7,,,,,9.89,900.92,
2024-07-09 04:00:00,15.64,34.02,15.3,28.55,44.06,32.56,11.22,1.62,,0.72,1.56,,,,0.32,,99.7,,,,,9.89,900.9,
2024-07-09 05:00:00,15.64,34.01,15.24,28.64,43.88,32.54,10.78,1.51,,0.72,1.54,,,,0.31,,99.7,,,,,9.89,900.96,
2024-07-09 06:00:00,15.64,34.0,15.33,28.39,43.9,32.53,10.29,1.53,,0.73,1.58,,,,0.31,,99.69,,,,,9.89,901.13,
2024-07-09 07:00:00,15.63,33.98,15.3,28.53,43.74,32.64,10.01,1.53,,0.72,1.57,,,,0.32,,99.64,,,,,19.99,901.32,
2024-07-09 08:00:00,15.62,33.97,15.26,28.5,43.76,32.7,10.53,1.56,,0.73,1.56,,,,0.3,,99.6,,,,,86.68,901.45,
2024-07-09 09:00:00,15.61,33.95,15.29,28.39,43.86,32.68,11.53,1.55,,0.73,1.57,,,,0.31,,99.45,,,,,173.77,901.48,
2024-07-09 10:00:00,15.53,33.77,15.51,28.07,43.69,32.56,11.77,1.55,,0.74,1.58,,,,0.31,,98.94,,,,,175.22,901.46,
2024-07-09 11:00:00,15.36,33.42,15.59,28.41,43.69,32.44,10.94,1.55,13.62,0.7,1.63,,,,0.32,,91.82,,,,,213.27,901.45,
2024-07-09 12:00:00,22.74,60.36,15.35,28.52,43.84,32.71,11.84,1.58,18.47,0.71,1.58,,,,0.31,,86.94,,,,,222.88,901.46,
2024-07-09 13:00:00,26.28,68.8,15.4,28.72,43.83,32.85,11.6,1.58,22.48,0.74,1.58,,,,0.31,,75.52,,,,,203.62,901.37,
2024-07-09 14:00:00,24.87,65.86,15.28,28.54,43.57,32.79,11.14,1.63,22.88,0.73,1.57,,,,0.31,,73.19,,,,,215.75,901.22,
2024-07-09 15:00:00,23.75,63.53,15.26,28.47,43.7,32.53,11.57,1.7,18.96,0.72,1.57,,,,0.32,,73.08,,,,,189.69,901.07,
2024-07-09 16:00:00,22.73,61.42,15.33,28.3,43.61,32.81,10.63,1.65,19.98,0.77,1.58,,,,0.31,,75.07,,,,,105.44,901.03,
2024-07-09 17:00:00,23.06,62.1,15.48,28.5,43.7,32.88,10.32,1.88,20.09,0.73,1.6,,,,0.3,,74.24,,,,,43.73,901.05,
2024-07-09 18:00:00,23.92,63.88,15.43,28.31,43.61,32.49,9.81,1.98,16.54,0.72,1.57,,,,0.31,,78.26,,,,,9.89,901.2,
2024-07-09 19:00:00,23.24,62.47,15.37,28.22,43.81,32.9,11.23,1.72,17.12,0.74,1.58,,,,0.3,,86.08,,,,,9.89,901.42,
2024-07-09 20:00:00,22.46,60.84,15.39,28.51,43.95,32.59,11.72,1.68,14.02,0.74,1.57,,,,0.31,,94.7,,,,,9.89,901.65,
2024-07-09 21:00:00,21.93,59.74,15.28,28.67,43.62,32.6,10.66,1.56,15.74,0.73,1.56,,,,0.3,,99.46,,,,,9.89,901.8,
2024-07-09 22:00:00,21.56,58.98,15.31,28.45,43.67,32.54,10.86,1.56,14.68,0.72,1.58,,,,0.31,,99.53,,,,,9.89,901.86,
2024-07-09 23:00:00,21.31,58.46,15.4,28.48,43.83,32.62,12.2,1.6,15.2,0.73,1.58,,,,0.31,,99.57,,,,,9.89,901.81,
2024-07-10 00:00:00,21.13,58.08,15.38,28.39,44.08,32.59,11.1,1.55,16.49,0.74,1.54,,,,0.31,,99.59,,,,,9.89,901.79,
2024-07-10 01:00:00,21.0,57.8,15.32,28.23,43.96,32.55,11.98,1.53,16.52,0.72,1.57,,,,0.3,,99.62,,,,,9.89,901.72,
2024-07-10 02:00:00,20.9,57.6,15.44,28.39,43.82,32.7,11.26,1.61,18.45,0.74,1.57,,,,0.3,,99.62,,,,,9.89,901.64,
2024-07-10 03:00:00,20.84,57.46,15.29,28.71,43.78,32.55,11.88,1.61,17.62,0.74,1.58,,,,0.31,,99.66,,,,,9.89,901.69,
2024-07-10 04:00:00,20.78,57.34,15.38,28.45,43.71,32.9,12.46,1.6,14.91,0.72,1.57,,,,0.32,,99.65,,,,,9.89,901.78,
2024-07-10 05:00:00,20.74,57.27,15.21,28.46,43.68,32.61,11.41,1.58,19.21,0.73,1.58,,,,0.3,,99.64,,,,,9.89,901.8,
2024-07-10 06:00:00,20.72,57.21,15.26,28.56,43.94,32.74,12.43,1.59,15.16,0.74,1.58,,,,0.31,,99.65,,,,,9.89,901.93,
2024-07-10 07:00:00,20.7,57.18,15.28,28.26,43.68,32.75,12.1,1.59,17.26,0.73,1.57,,,,0.31,,99.6,,,,,9.89,901.96,
2024-07-10 08:00:00,20.68,57.15,15.35,28.37,43.81,32.59,9.84,1.61,18.1,0.72,1.58,,,,0.31,,99.52,,,,,39.91,902.1,
2024-07-10 09:00:00,20.68,57.13,15.38,28.44,43.74,32.52,9.96,1.59,20.28,0.72,1.58,,,,0.3,,95.34,,,,,388.94,902.17,
2024-07-10 10:00:00,20.67,57.11,15.28,28.54,43.84,32.84,10.49,1.58,23.52,0.73,1.55,,,,0.31,,76.4,,,,,347.26,902.09,
2024-07-10 11:00:00,20.66,57.09,15.27,28.61,43.74,32.76,10.53,1.57,20.2,0.72,1.56,,,,0.32,,68.41,,,,,362.05,901.94,
2024-07-10 12:00:00,20.75,57.29,15.3,28.34,43.58,32.45,12.01,1.59,24.48,0.72,1.56,,,,0.31,,63.1,,,,,196.83,901.79,
2024-07-10 13:00:00,20.89,57.58,15.1,28.32,43.81,32.76,12.93,1.58,26.02,0.73,1.57,,,,0.31,,57.57,,,,,111.18,901.69,
2024-07-10 14:00:00,20.95,57.7,15.24,28.59,43.64,32.73,13.24,1.57,28.82,0.74,1.54,,,,0.31,,54.52,,,,,136.53,901.52,
2024-07-10 15:00:00,21.07,57.94,15.36,28.68,43.69,32.62,12.32,1.63,22.28,0.75,1.58,,,,0.32,,81.44,,,,,48.22,901.45,
2024-07-10 16:00:00,21.12,58.06,15.28,28.23,43.74,32.72,11.07,1.62,21.66,0.72,1.57,,,,0.32,,99.32,,,,,31.59,901.5,
2024-07-10 17:00:00,21.1,58.01,15.44,28.66,43.83,32.61,8.25,1.69,13.51,0.74,1.58,,,,0.3,,99.1,,,,,14.55,901.52,
2024-07-10 18:00:00,21.08,57.97,15.24,28.46,44.02,32.8,11.05,1.69,13.7,0.71,1.56,,,,0.3,,98.06,,,,,9.89,901.67,
2024-07-10 19:00:00,21.06,57.92,15.32,28.34,44.03,32.7,9.88,1.68,10.66,0.72,1.57,,,,0.31,,99.16,,,,,9.89,901.86,
2024-07-10 20:00:00,21.04,57.88,15.18,28.46,43.7,32.57,12.32,1.62,18.12,0.72,1.58,,,,0.3,,99.47,,,,,9.89,901.98,
2024-07-10 21:00:00,21.02,57.84,15.28,28.42,43.9,32.58,12.08,1.63,16.16,0.72,1.58,,,,0.31,,99.56,,,,,9.89,902.11,
2024-07-10 22:00:00,21.0,57.8,15.23,28.5,43.74,32.76,11.74,1.62,17.6,0.74,1.56,,,,0.31,,99.55,,,,,9.89,902.23,
2024-07-10 23:00:00,20.98,57.76,15.34,28.31,43.62,32.64,11.56,1.56,17.82,0.72,1.59,,,,0.31,,99.56,,,,,9.89,902.17,
2024-07-11 00:00:00,20.96,57.72,15.01,28.36,43.89,32.76,11.39,1.53,15.95,0.72,1.55,,,,0.3,,99.58,,,,,9.89,902.01,
2024-07-11 01:00:00,20.94,57.68,15.24,28.3,43.82,32.74,11.59,1.66,17.24,0.73,1.56,,,,0.32,,99.59,,,,,9.89,901.94,
2024-07-11 02:00:00,20.92,57.65,15.34,28.55,43.74,32.71,11.95,1.65,18.38,0.72,1.55,,,,0.32,,99.6,,,,,9.89,901.84,
2024-07-11 03:00:00,20.91,57.61,15.34,28.21,43.84,32.48,11.32,1.6,18.35,0.74,1.56,,,,0.31,,99.6,,,,,9.89,901.82,
2024-07-11 04:00:00,20.89,57.58,15.29,28.44,43.76,32.82,10.46,1.53,15.44,0.72,1.56,,,,0.3,,99.62,,,,,9.89,901.81,
2024-07-11 05:00:00,20.88,57.55,15.2,28.61,43.88,32.64,12.1,1.68,15.55,0.72,1.59,,,,0.31,,99.63,,,,,9.89,901.78,
2024-07-11 06:00:00,20.86,57.52,15.28,28.5,43.96,32.66,11.78,1.77,12.84,0.71,1.58,,,,0.3,,99.63,,,,,9.89,901.88,
2024-07-11 07:00:00,20.84,57.49,15.4,28.48,43.99,32.86,11.98,1.74,15.78,0.73,1.58,,,,0.31,,99.58,,,,,30.31,902.01,
2024-07-11 08:00:00,20.83,57.46,15.33,28.55,43.66,32.55,11.03,1.78,17.39,0.75,1.56,,,,0.31,,99.49,,,,,116.95,902.02,
2024-07-11 09:00:00,20.82,57.43,15.33,28.54,43.82,32.4,13.27,1.7,19.15,0.74,1.57,,,,0.31,,96.77,,,,,242.1,902.06,
2024-07-11 10:00:00,20.8,57.4,15.37,28.56,43.83,32.76,13.13,1.74,23.2,0.72,1.57,,,,0.31,,82.72,,,,,324.26,902.06,
2024-07-11 11:00:00,,,15.38,28.31,43.78,17.0,10.82,1.78,23.08,0.75,1.58,,,,0.32,,71.83,,,,,416.58,746.93,
2024-07-11 12:00:00,,,15.36,28.25,44.01,17.0,11.28,1.78,25.48,0.72,1.57,,,,0.32,,64.74,,,,,280.37,746.78,
2024-07-11 13:00:00,,,,,,,,,,,,,,,,,,,,,,,,
2024-07-11 14:00:00,,,,,,,,,,,,,,,,,,,,,,,,
2024-07-11 15:00:00,,,,,,,,,,,,,,,,,,,,,,,,
2024-07-11 16:00:00,,,,,,,,,,,,,,,,,,,,,,,,
2024-07-11 17:00:00,,,,,,,,,,,,,,,,,,,,,,,,
2024-07-11 18:00:00,,,,,,,,,,,,,,,,,,,,,,,,
2024-07-11 19:00:00,,,,,,,,,,,,,,,,,,,,,,,,
2024-07-11 20:00:00,,,,,,,,,,,,,,,,,,,,,,,,
2024-07-11 21:00:00,,,,,,,,,,,,,,,,,,,,,,,,
2024-07-11 22:00:00,,,,,,,,,,,,,,,,,,,,,,,,
2024-07-11 23:00:00,,,,,,,,,,,,,,,,,,,,,,,,
2024-07-12 00:00:00,,,,,,,,,,,,,,,,,,,,,,,,
2024-07-12 01:00:00,,,,,,,,,,,,,,,,,,,,,,,,
2024-07-12 02:00:00,,,,,,,,,,,,,,,,,,,,,,,,
2024-07-12 03:00:00,,,,,,,,,,,,,,,,,,,,,,,,
2024-07-12 04:00:00,,,,,,,,,,,,,,,,,,,,,,,,
2024-07-12 05:00:00,,,,,,,,,,,,,,,,,,,,,,,,
2024-07-12 06:00:00,,,,,,,,,,,,,,,,,,,,,,,,
2024-07-12 07:00:00,,,,,,,,,,,,,,,,,,,,,,,,
2024-07-12 08:00:00,,,,,,,,,,,,,,,,,,,,,,,,
2024-07-12 09:00:00,,,,,,,,,,,,,,,,,,,,,,,,
2024-07-12 10:00:00,,,,,,,,,,,,,,,,,,,,,,,,
2024-07-12 11:00:00,,,,,,,,,,,,,,,,,,,,,,,,
2024-07-12 12:00:00,,,,,,,,,,,,,,,,,,,,,,,,
2024-07-12 13:00:00,,,,,,,,,,,,,,,,,,,,,,,,
2024-07-12 14:00:00,,,,,,,,,,,,,,,,,,,,,,,,
2024-07-12 15:00:00,,,,,,,,,,,,,,,,,,,,,,,,
2024-07-12 16:00:00,12.36,64.28,15.07,28.6,43.88,17.0,,1.85,14.13,0.73,1.56,,,,0.31,,99.48,,,,,23.19,745.79,
2024-07-12 17:00:00,12.35,62.96,15.34,28.55,43.92,17.0,11.54,2.19,18.25,0.73,1.58,,,,0.31,,99.54,,,,,11.14,745.87,
2024-07-12 18:00:00,12.33,61.35,15.31,28.43,43.94,17.0,11.19,2.16,14.5,0.74,1.57,,,,0.3,,99.7,,,,,9.89,746.13,
2024-07-12 19:00:00,12.32,60.29,15.38,28.22,44.08,17.0,9.78,1.84,11.08,0.72,1.57,,,,0.32,,99.73,,,,,9.89,746.23,
2024-07-12 20:00:00,12.31,59.56,15.22,28.59,43.81,17.0,9.85,1.74,9.63,0.74,1.59,,,,0.3,,99.72,,,,,9.89,746.45,
2024-07-12 21:00:00,12.31,59.07,15.36,28.56,43.83,17.0,11.69,1.67,8.88,0.74,1.58,,,,0.31,,99.72,,,,,9.89,746.59,
2024-07-12 22:00:00,12.3,58.72,15.32,28.28,43.77,17.0,11.39,1.62,9.2,0.73,1.58,,,,0.3,,99.72,,,,,9.89,746.65,
2024-07-12 23:00:00,12.3,58.47,15.38,28.48,43.83,17.0,10.78,1.59,9.81,0.74,1.58,,,,0.31,,99.72,,,,,9.89,746.56,
2024-07-13 00:00:00,12.3,58.29,15.46,28.43,43.79,17.0,10.22,1.58,10.73,0.73,1.58,,,,0.31,,99.69,,,,,9.89,746.48,
2024-07-13 01:00:00,12.3,58.16,15.42,28.28,43.8,17.0,11.71,1.56,11.18,0.72,1.55,,,,0.31,,99.7,,,,,9.89,746.32,
2024-07-13 02:00:00,12.3,58.05,15.38,28.51,43.63,17.0,11.76,1.56,10.58,0.7,1.57,,,,0.31,,99.7,,,,,9.89,746.2,
2024-07-13 03:00:00,12.3,57.98,15.48,28.16,43.74,17.0,11.92,1.54,11.0,0.72,1.56,,,,0.3,,99.7,,,,,9.89,746.19,
2024-07-13 04:00:00,12.3,57.94,15.21,28.58,43.8,17.0,12.11,1.56,11.27,0.72,1.59,,,,0.3,,99.7,,,,,9.89,746.18,
2024-07-13 05:00:00,12.3,57.9,15.4,28.61,43.67,17.0,11.52,1.62,10.4,0.74,1.56,,,,0.31,,99.7,,,,,9.89,746.29,
2024-07-13 06:00:00,12.29,57.87,15.26,28.35,43.95,17.0,11.72,1.6,10.02,0.73,1.56,,,,0.31,,99.68,,,,,9.89,746.41,
2024-07-13 07:00:00,12.29,57.86,15.28,28.62,43.88,17.0,12.62,1.64,,0.73,1.58,,,,0.31,,99.66,,,,,13.4,746.55,
2024-07-13 08:00:00,12.29,57.84,15.37,28.29,43.79,17.0,12.0,1.67,,0.73,1.56,,,,0.3,,99.59,,,,,88.32,746.57,
2024-07-13 09:00:00,12.29,57.83,15.3,28.7,43.83,17.0,12.74,1.67,,0.74,1.56,,,,0.31,,98.74,,,,,275.14,746.61,
2024-07-13 10:00:00,12.29,57.82,15.36,28.33,43.88,17.0,12.24,1.65,,0.74,1.58,,,,0.32,,91.81,,,,,250.29,746.58,
2024-07-13 11:00:00,12.29,57.8,15.4,28.48,43.74,17.0,11.19,1.67,,0.72,1.58,,,,0.31,,78.5,,,,,289.6,746.45,
2024-07-13 12:00:00,12.3,57.87,15.21,28.29,43.75,17.0,9.46,1.64,,0.73,1.57,,,,0.31,,70.66,,,,,382.98,746.25,
2024-07-13 13:00:00,12.3,58.0,15.36,28.36,43.84,17.0,10.83,1.6,,0.73,1.59,,,,0.31,,69.83,,,,,297.78,746.06,
2024-07-13 14:00:00,12.3,58.09,15.42,28.29,43.63,17.0,11.12,1.6,,0.73,1.56,,,,0.31,,67.56,,,,,317.34,745.95,
2024-07-13 15:00:00,12.3,58.2,15.27,28.49,43.87,17.0,11.6,1.61,,0.72,1.56,,,,0.31,,63.08,,,,,371.06,745.8,
2024-07-13 16:00:00,12.3,58.25,15.41,28.76,43.78,17.0,12.71,1.61,,0.73,1.56,,,,0.31,,63.39,,,,,96.72,745.8,
2024-07-13 17:00:00,12.3,58.24,15.24,28.34,43.82,17.0,12.48,1.62,,0.73,1.58,,,,0.3,,67.17,,,,,40.14,745.87,
2024-07-13 18:00:00,12.3,58.21,15.29,28.62,43.52,17.0,11.75,1.6,,0.72,1.57,,,,0.31,,71.5,,,,,9.89,746.01,
2024-07-13 19:00:00,12.3,58.19,15.41,28.52,43.87,17.0,10.24,1.6,,0.74,1.56,,,,0.31,,76.83,,,,,9.89,746.15,
2024-07-13 20:00:00,12.3,58.16,15.34,28.36,43.7,17.0,11.26,1.59,,0.72,1.6,,,,0.32,,79.64,,,,,9.89,746.35,
2024-07-13 21:00:00,12.3,58.14,15.27,28.47,43.57,17.0,11.91,1.59,,0.72,1.56,,,,0.31,,87.44,,,,,9.89,746.45,
2024-07-13 22:00:00,12.3,58.12,15.3,28.38,43.66,17.0,12.65,1.53,,0.74,1.58,,,,0.32,,99.35,,,,,9.89,746.49,
2024-07-13 23:00:00,12.3,58.1,15.34,28.45,43.79,17.0,11.69,1.52,,0.73,1.57,,,,0.31,,99.47,,,,,9.89,746.36,
2024-07-14 00:00:00,12.3,58.08,15.28,28.5,43.83,17.0,12.26,1.51,,0.74,1.58,,,,0.31,,99.5,,,,,9.89,746.2,
2024-07-14 01:00:00,12.3,58.07,15.3,28.74,43.68,17.0,10.62,1.51,,0.73,1.57,,,,0.31,,99.53,,,,,9.89,746.11,
2024-07-14 02:00:00,12.3,58.06,15.27,28.59,43.77,17.0,12.19,1.51,,0.74,1.58,,,,0.31,,99.56,,,,,9.89,746.04,
2024-07-14 03:00:00,12.3,58.05,15.3,28.47,43.99,17.0,11.36,1.49,,0.72,1.57,,,,0.31,,99.54,,,,,9.89,745.99,
2024-07-14 04:00:00,12.3,58.04,15.36,28.47,43.77,17.0,10.69,1.52,,0.74,1.58,,,,0.31,,99.56,,,,,9.89,745.98,
2024-07-14 05:00:00,12.3,58.04,15.24,28.7,44.06,17.0,11.67,1.59,,0.73,1.58,,,,0.31,,99.6,,,,,9.89,746.02,
2024-07-14 06:00:00,12.3,58.03,15.41,28.49,43.7,17.0,11.16,1.58,,0.72,1.56,,,,0.3,,99.6,,,,,9.89,746.04,
2024-07-14 07:00:00,12.3,58.01,15.38,28.44,44.0,17.0,12.3,1.58,,0.72,1.57,,,,0.31,,99.56,,,,,40.14,745.99,
2024-07-14 08:00:00,12.3,57.99,15.34,28.34,44.06,17.0,13.42,1.58,,0.72,1.58,,,,0.3,,99.5,,,,,65.18,746.1,
2024-07-14 09:00:00,12.3,57.97,15.26,28.61,43.69,17.0,11.96,1.59,,0.73,1.58,,,,0.32,,99.41,,,,,81.24,746.16,
2024-07-14 10:00:00,12.3,57.96,15.42,28.5,44.1,15.62,10.16,1.58,,0.73,1.57,,,,0.31,,97.49,,,,,144.19,746.07,
2024-07-14 11:00:00,12.3,57.94,15.32,28.69,43.9,17.0,13.05,1.62,,0.74,1.57,,,,0.31,,91.23,,,,,148.94,745.98,
2024-07-14 12:00:00,12.29,57.6,15.44,28.38,43.8,12.11,11.76,1.58,17.79,0.74,1.58,,,,0.3,,86.0,,,,,192.34,745.84,
2024-07-14 13:00:00,12.3,57.83,15.28,28.49,43.59,17.0,9.64,1.61,12.76,0.75,1.58,,,,0.3,,74.92,,,,,155.92,745.69,
2024-07-14 14:00:00,12.3,58.08,15.35,28.37,44.09,17.0,11.15,1.6,10.45,0.72,1.56,,,,0.32,,78.59,,,,,54.88,745.6,
2024-07-14 15:00:00,,,,,,,,,,,,,,,,,,,,,,,,
2024-07-14 16:00:00,12.3,58.09,15.63,28.74,43.83,9.12,10.94,,,0.72,1.53,,,,0.31,,99.67,,,,,37.17,745.56,
2024-07-14 17:00:00,,,,,,,,,,,,,,,,,,,,,,,,
2024-07-14 18:00:00,,,,,,,,,,,,,,,,,,,,,,,,
2024-07-14 19:00:00,,,,,,,,,,,,,,,,,,,,,,,,
2024-07-14 20:00:00,,,,,,,,,,,,,,,,,,,,,,,,
2024-07-14 21:00:00,,,,,,,,,,,,,,,,,,,,,,,,
2024-07-14 22:00:00,,,,,,,,,,,,,,,,,,,,,,,,
2024-07-14 23:00:00,,,,,,,,,,,,,,,,,,,,,,,,
2024-07-15 00:00:00,,,,,,,,,,,,,,,,,,,,,,,,
2024-07-15 01:00:00,,,,,,,,,,,,,,,,,,,,,,,,
2024-07-15 02:00:00,12.3,58.01,15.52,28.5,43.91,13.46,10.84,,,0.75,1.57,,,,0.3,,99.67,,,,,9.89,745.65,
2024-07-15 03:00:00,12.3,58.01,15.31,28.66,43.86,17.0,11.31,,,0.72,1.58,,,,0.31,,99.67,,,,,9.89,745.52,
2024-07-15 04:00:00,12.3,58.02,15.36,28.54,43.66,17.0,9.86,,,0.72,1.57,,,,0.3,,99.67,,,,,9.89,745.54,
2024-07-15 05:00:00,12.3,58.02,15.48,28.28,44.04,17.0,9.61,,,0.75,1.56,,,,0.3,,99.67,,,,,9.89,745.66,
2024-07-15 06:00:00,12.3,58.01,15.22,28.25,43.5,17.0,11.57,,,0.72,1.56,,,,0.31,,99.66,,,,,9.89,745.74,
2024-07-15 07:00:00,12.3,57.99,15.2,28.27,43.73,17.0,12.7,,,0.73,1.57,,,,0.31,,99.64,,,,,11.98,745.85,
2024-07-15 08:00:00,12.3,57.97,15.35,28.4,44.04,17.0,12.33,,,0.72,1.58,,,,0.31,,99.65,,,,,33.53,745.96,
2024-07-15 09:00:00,12.3,57.96,15.36,28.35,43.52,17.0,11.3,,,0.73,1.58,,,,0.32,,99.67,,,,,73.38,745.96,
2024-07-15 10:00:00,12.3,57.96,15.29,28.32,43.78,17.0,12.34,,,0.73,1.59,,,,0.3,,99.63,,,,,61.18,745.98,
2024-07-15 11:00:00,12.3,57.96,15.3,28.48,43.73,17.0,11.93,,,0.74,1.59,,,,0.31,,99.55,,,,,128.19,745.86,
2024-07-15 12:00:00,12.3,57.98,15.38,28.61,43.97,17.0,11.74,,,0.73,1.55,,,,0.32,,99.52,,,,,167.92,745.7,
2024-07-15 13:00:00,12.3,57.99,15.36,28.57,43.7,17.0,10.82,,,0.72,1.56,,,,0.3,,99.55,,,,,54.6,745.56,
2024-07-15 14:00:00,12.3,58.07,15.34,28.42,43.65,17.0,9.74,,,0.74,1.56,,,,0.31,,99.71,,,,,72.19,745.46,
2024-07-15 15:00:00,12.3,58.11,15.32,28.1,43.71,17.0,11.61,,,0.71,1.58,,,,0.32,,99.73,,,,,63.65,745.36,
2024-07-15 16:00:00,12.3,58.1,15.23,28.57,43.72,17.0,10.76,,,0.72,1.56,,,,0.3,,99.7,,,,,95.25,745.34,
2024-07-15 17:00:00,12.3,58.11,15.5,28.24,43.61,17.0,9.88,,,0.74,1.56,,,,0.32,,99.63,,,,,21.39,745.42,
2024-07-15 18:00:00,12.3,58.1,15.4,28.32,43.74,17.0,10.68,,,0.72,1.57,,,,0.31,,99.64,,,,,9.89,745.53,
2024-07-15 19:00:00,12.3,58.08,15.5,28.79,43.7,17.0,9.99,,,0.73,1.58,,,,0.31,,99.65,,,,,9.89,745.68,
2024-07-15 20:00:00,12.3,58.06,15.23,28.34,43.4,17.0,11.24,,,0.74,1.56,,,,0.31,,99.66,,,,,9.89,745.78,
2024-07-15 21:00:00,12.3,58.05,15.43,28.24,43.82,17.0,12.24,,,0.75,1.57,,,,0.32,,99.68,,,,,9.89,745.89,
2024-07-15 22:00:00,12.3,58.04,15.32,28.47,43.7,17.0,12.22,,,0.72,1.54,,,,0.31,,99.64,,,,,9.89,746.02,
2024-07-15 23:00:00,12.3,58.02,15.4,28.36,43.93,17.0,11.74,,,0.73,1.56,,,,0.32,,99.62,,,,,9.89,745.93,
2024-07-16 00:00:00,12.3,58.01,15.36,28.54,43.71,17.0,12.03,,,0.74,1.58,,,,0.31,,99.62,,,,,9.89,745.75,
2024-07-16 01:00:00,12.3,58.0,15.43,28.68,43.76,17.0,11.32,,,0.76,1.57,,,,0.3,,99.67,,,,,9.89,745.65,
2024-07-16 02:00:00,12.3,58.0,15.47,28.59,43.79,17.0,10.14,,,0.72,1.58,,,,0.31,,99.65,,,,,9.89,745.52,
2024-07-16 03:00:00,12.3,58.0,15.48,28.43,43.66,17.0,10.75,,,0.72,1.57,,,,0.31,,99.67,,,,,9.89,745.48,
2024-07-16 04:00:00,12.3,57.98,15.28,28.38,43.67,17.0,10.68,,,0.73,1.57,,,,0.3,,99.68,,,,,9.89,745.49,
2024-07-16 05:00:00,12.3,57.97,15.36,28.43,44.0,17.0,10.26,1.61,,0.72,1.56,,,,0.31,,99.7,,,,,9.89,745.61,
2024-07-16 06:00:00,12.3,57.97,15.28,28.59,43.42,17.0,11.05,1.48,,0.74,1.56,,,,0.31,,99.67,,,,,10.74,745.72,
2024-07-16 07:00:00,12.3,57.97,15.34,28.42,43.62,17.0,12.72,1.46,,0.72,1.58,,,,0.31,,99.67,,,,,23.28,745.85,
2024-07-16 08:00:00,12.3,57.97,15.31,28.35,43.67,17.0,13.69,1.51,,0.74,1.56,,,,0.32,,99.61,,,,,79.68,745.92,
2024-07-16 09:00:00,12.3,57.96,15.39,28.51,43.78,17.0,12.11,1.52,,0.74,1.57,,,,0.31,,99.5,,,,,167.95,745.98,
2024-07-16 10:00:00,12.3,57.95,15.34,28.43,43.7,17.0,12.16,1.53,,0.73,1.57,,,,0.31,,98.62,,,,,132.89,746.0,
2024-07-16 11:00:00,12.3,58.23,15.29,28.56,44.02,14.82,11.54,1.57,18.8,0.75,1.57,,,,0.31,,96.42,,,,,115.96,745.94,
2024-07-16 12:00:00,,,,,,,,,,,,,,,,,,,,,,,,
2024-07-16 13:00:00,12.32,60.09,15.35,28.92,,17.0,10.57,1.55,16.51,0.74,1.56,,,,0.32,,85.1,,,,,187.42,745.71,
2024-07-16 14:00:00,12.32,60.05,15.32,28.27,43.69,17.0,10.34,1.55,14.5,0.74,1.56,,,,0.31,,87.22,,,,,194.15,745.62,
2024-07-16 15:00:00,12.31,59.77,15.54,28.41,44.05,17.0,11.84,1.53,12.43,0.73,1.54,,,,0.31,,89.17,,,,,113.68,745.58,
2024-07-16 16:00:00,12.31,59.37,15.24,28.56,43.85,17.0,12.0,1.52,18.85,0.73,1.57,,,,0.31,,95.08,,,,,117.51,745.44,
2024-07-16 17:00:00,12.3,58.9,15.34,28.17,43.8,17.0,11.63,1.54,16.16,0.74,1.59,,,,0.3,,92.85,,,,,44.16,745.55,
2024-07-16 18:00:00,12.3,58.42,15.19,28.66,43.76,17.0,12.15,1.54,13.66,0.74,1.58,,,,0.31,,95.49,,,,,9.89,745.72,
2024-07-16 19:00:00,12.3,58.22,15.46,28.48,44.07,17.0,12.96,1.59,14.77,0.74,1.56,,,,0.32,,98.88,,,,,9.89,745.84,
2024-07-16 20:00:00,12.3,58.03,15.26,28.61,43.96,17.0,12.64,1.58,13.69,0.73,1.56,,,,0.3,,99.52,,,,,9.89,745.97,
2024-07-16 21:00:00,12.3,57.9,15.33,28.49,43.88,17.0,11.77,1.58,15.27,0.74,1.54,,,,0.32,,99.6,,,,,9.89,746.08,
2024-07-16 22:00:00,12.29,57.8,15.25,28.31,43.82,17.0,11.26,1.56,15.32,0.74,1.57,,,,0.3,,99.65,,,,,9.89,746.17,
2024-07-16 23:00:00,12.29,57.73,15.3,28.19,43.91,17.0,9.5,1.56,14.28,0.72,1.56,,,,0.3,,99.7,,,,,9.89,746.14,
2024-07-17 00:00:00,12.29,57.68,15.38,28.46,43.62,17.0,10.52,1.56,13.14,0.74,1.57,,,,0.3,,99.68,,,,,9.89,746.0,
2024-07-17 01:00:00,12.29,57.64,15.26,28.23,44.04,17.0,11.5,1.57,12.89,0.73,1.59,,,,0.3,,99.66,,,,,9.89,745.89,
2024-07-17 02:00:00,12.29,57.62,15.34,28.7,43.81,17.0,12.0,1.58,12.89,0.74,1.55,,,,0.31,,99.7,,,,,9.89,745.83,
2024-07-17 03:00:00,12.29,57.62,15.26,28.58,43.82,17.0,10.85,1.58,11.86,0.74,1.58,,,,0.32,,99.7,,,,,9.89,745.78,
2024-07-17 04:00:00,12.29,57.63,15.45,28.34,43.9,17.0,11.06,1.59,12.89,0.73,1.57,,,,0.3,,99.68,,,,,9.89,745.72,
2024-07-17 05:00:00,12.29,57.62,15.31,28.46,43.39,17.0,12.64,1.6,12.6,0.74,1.56,,,,0.31,,99.66,,,,,9.89,745.86,
2024-07-17 06:00:00,12.29,57.62,15.26,28.43,43.87,17.0,11.68,1.6,10.39,0.74,1.55,,,,0.3,,99.66,,,,,10.0,746.04,
2024-07-17 07:00:00,12.29,57.61,15.32,28.63,43.61,17.0,10.96,1.6,10.75,0.74,1.57,,,,0.31,,99.65,,,,,33.24,746.23,
2024-07-17 08:00:00,12.29,57.6,15.38,28.51,43.65,17.0,11.16,1.6,10.94,0.74,1.58,,,,0.31,,99.58,,,,,62.94,746.42,
2024-07-17 09:00:00,12.29,57.6,15.22,28.51,43.97,17.0,10.67,1.62,12.42,0.73,1.57,,,,0.31,,99.43,,,,,174.2,746.47,
2024-07-17 10:00:00,,,,,,,,,,,,,,,,,,,,,,,,
2024-07-17 11:00:00,,,,,,,,,,,,,,,,,,,,,,,,
2024-07-17 12:00:00,12.3,58.26,15.41,28.68,43.41,17.0,12.0,1.61,,0.7,1.56,,,,0.32,,81.54,,,,,233.79,746.1,
2024-07-17 13:00:00,12.3,58.32,15.14,28.46,43.63,17.0,12.24,1.62,,0.73,1.58,,,,0.32,,72.53,,,,,264.56,745.93,
2024-07-17 14:00:00,12.29,57.49,15.3,28.32,44.01,17.0,11.78,1.62,,0.72,1.58,,,,0.31,,74.7,,,,,184.78,745.8,
2024-07-17 15:00:00,12.47,75.24,15.26,28.42,43.8,17.0,10.83,1.62,,0.74,1.57,,,,0.31,,76.25,,,,,267.08,745.71,
2024-07-17 16:00:00,12.42,69.89,15.26,28.7,43.77,17.0,10.32,1.61,,0.72,1.58,,,,0.31,,76.18,,,,,118.63,745.73,
2024-07-17 17:00:00,12.38,66.14,15.23,28.34,44.01,17.0,10.89,1.6,,0.72,1.58,,,,0.3,,82.98,,,,,30.0,745.86,
2024-07-17 18:00:00,12.35,63.51,15.31,28.6,43.53,17.0,10.39,1.59,,0.74,1.56,,,,0.32,,93.71,,,,,9.89,746.1,
2024-07-17 19:00:00,12.33,61.68,15.29,28.47,43.6,17.0,9.72,1.59,,0.72,1.56,,,,0.31,,99.44,,,,,9.89,746.3,
2024-07-17 20:00:00,12.32,60.47,15.2,28.48,43.83,17.0,12.39,1.56,,0.74,1.55,,,,0.32,,99.48,,,,,9.89,746.49,
2024-07-17 21:00:00,12.31,59.68,15.43,28.28,43.77,17.0,10.56,1.56,,0.75,1.57,,,,0.3,,99.51,,,,,9.89,746.58,
2024-07-17 22:00:00,12.31,59.13,15.2,28.36,43.7,17.0,11.23,1.56,,0.73,1.57,,,,0.3,,99.55,,,,,9.89,746.58,
2024-07-17 23:00:00,12.3,58.75,15.27,28.39,43.78,17.0,10.34,1.56,,0.74,1.56,,,,0.31,,99.56,,,,,9.89,746.48,
2024-07-18 00:00:00,12.3,58.48,15.16,28.49,43.64,17.0,11.59,1.55,,0.72,1.56,,,,0.32,,99.59,,,,,9.89,746.35,
2024-07-18 01:00:00,12.3,58.28,15.25,28.36,43.57,17.0,11.0,1.53,,0.73,1.56,,,,0.32,,99.62,,,,,9.89,746.18,
2024-07-18 02:00:00,12.3,58.14,15.3,28.21,43.73,17.0,11.69,1.54,,0.74,1.58,,,,0.31,,99.62,,,,,9.89,746.04,
2024-07-18 03:00:00,12.3,58.03,15.27,28.27,43.62,17.0,11.46,1.6,,0.72,1.58,,,,0.31,,99.62,,,,,9.89,745.97,
2024-07-18 04:00:00,12.3,57.98,15.18,28.32,43.81,17.0,11.9,1.58,,0.74,1.56,,,,0.3,,99.59,,,,,9.89,745.92,
2024-07-18 05:00:00,12.3,57.97,15.38,28.77,43.84,17.0,11.66,1.58,,0.73,1.55,,,,0.3,,99.6,,,,,9.89,745.94,
2024-07-18 06:00:00,12.3,57.92,15.34,28.46,43.92,17.0,12.34,1.59,,0.72,1.56,,,,0.3,,99.57,,,,,9.91,746.12,
2024-07-18 07:00:00,12.3,57.89,15.25,28.37,43.63,17.0,12.26,1.6,,0.74,1.58,,,,0.31,,99.56,,,,,30.7,746.28,
2024-07-18 08:00:00,12.29,57.87,15.35,28.34,44.0,17.0,9.77,1.61,,0.74,1.58,,,,0.31,,99.51,,,,,76.69,746.34,
2024-07-18 09:00:00,12.29,57.86,15.4,28.4,43.73,17.0,9.8,1.62,,0.74,1.58,,,,0.31,,97.84,,,,,156.81,746.43,
2024-07-18 10:00:00,12.29,57.84,15.32,28.42,43.56,17.0,10.37,1.6,,0.73,1.59,,,,0.31,,83.66,,,,,242.6,746.42,
2024-07-18 11:00:00,12.29,57.83,15.36,28.48,43.39,17.0,10.03,1.62,,0.73,1.56,,,,0.3,,80.57,,,,,164.93,746.3,
2024-07-18 12:00:00,,,15.45,28.3,43.74,25.93,10.82,1.55,,,1.55,,,,0.3,,,,,,,1039.83,,
2024-07-18 13:00:00,,,15.46,28.17,43.81,23.88,12.13,1.32,,,1.59,,,,0.31,,,,,,,1069.42,,
2024-07-18 14:00:00,,,15.49,28.74,43.58,25.73,9.85,1.68,,,1.56,,,,0.31,,,,,,,1033.09,,
2024-07-18 15:00:00,21.5,,15.53,28.55,43.73,25.78,8.08,1.42,,,1.54,,,,0.3,,93.63,,,,,90.87,950.94,
2024-07-18 16:00:00,19.65,,15.4,28.37,43.74,25.77,10.07,1.96,,,1.56,,,,0.32,,93.52,,,,,111.95,950.88,
2024-07-18 17:00:00,17.52,,15.39,28.51,43.74,25.62,10.13,2.04,,,1.55,,,,0.32,,93.6,,,,,,950.94,
2024-07-18 18:00:00,15.97,,15.34,28.44,43.83,25.6,11.71,1.97,,,1.56,,,,0.31,,93.6,,,,,,951.08,
2024-07-18 19:00:00,14.9,,15.44,28.54,43.57,25.8,11.62,1.76,,,1.55,,,,0.32,,93.6,,,,,,951.18,
2024-07-18 20:00:00,14.07,,15.48,28.66,43.83,20.63,12.0,1.66,,,1.59,,,,0.31,,93.6,,,,,,951.24,
2024-07-18 21:00:00,13.64,,15.3,28.55,43.76,25.88,10.51,1.64,,,1.57,,,,0.31,,93.6,,,,,,951.3,
2024-07-18 22:00:00,13.31,,15.18,28.4,43.91,25.66,10.75,1.62,,,1.56,,,,0.32,,93.6,,,,,,951.37,
2024-07-18 23:00:00,13.09,,15.4,28.5,43.82,25.74,11.23,1.59,,,1.58,,,,0.31,,93.6,,,,,,951.22,
2024-07-19 00:00:00,12.92,,15.41,28.38,43.66,25.77,11.71,1.6,,,1.56,,,,0.32,,93.6,,,,,,951.05,
2024-07-19 01:00:00,12.82,,15.2,28.36,43.76,25.63,10.68,1.57,,,1.57,,,,0.31,,93.6,,,,,,950.88,
2024-07-19 02:00:00,12.74,,15.34,28.63,43.89,25.87,11.06,1.57,,,1.54,,,,0.3,,93.6,,,,,,950.72,
2024-07-19 03:00:00,12.68,,15.43,28.18,43.76,25.57,12.12,1.56,,,1.57,,,,0.3,,93.6,,,,,,950.66,
2024-07-19 04:00:00,12.64,,15.29,28.22,43.43,17.42,11.74,1.56,,,1.55,,,,0.3,,93.6,,,,,,950.64,
2024-07-19 05:00:00,12.6,,15.29,28.5,43.89,25.8,10.33,1.56,,,1.58,,,,0.31,,93.6,,,,,,950.75,
2024-07-19 06:00:00,12.58,,15.28,28.44,43.57,25.62,11.36,1.58,,,1.58,,,,0.31,,93.6,,,,,,950.93,
2024-07-19 07:00:00,12.56,,15.28,28.29,43.7,25.84,11.57,1.57,,,1.55,,,,0.32,,93.6,,,,,13.95,951.08,
2024-07-19 08:00:00,12.55,,15.47,28.47,43.65,25.82,11.5,1.61,,,1.57,,,,0.31,,93.65,,,,,23.64,951.17,
2024-07-19 09:00:00,12.55,,15.29,28.37,43.86,25.57,11.0,1.61,,,1.56,,,,0.3,,93.6,,,,,52.38,951.2,
2024-07-19 10:00:00,12.54,,15.31,28.49,43.77,25.86,11.53,1.58,,,1.58,,,,0.31,,93.6,,,,,96.79,951.16,
2024-07-19 11:00:00,12.5,,15.36,28.39,43.81,25.61,12.76,1.58,,,1.56,,,,0.31,,93.55,,,,,217.23,951.06,
2024-07-19 12:00:00,27.68,,15.28,28.54,43.68,25.69,12.7,1.44,,,1.56,,,,0.32,,93.5,,,,,190.9,950.96,
2024-07-19 13:00:00,36.08,79.77,15.26,28.55,44.04,25.54,8.31,0.58,17.13,0.74,1.55,,,,0.3,,93.5,,,,,162.95,950.83,
2024-07-19 14:00:00,20.64,70.26,15.4,28.48,43.8,25.65,8.99,1.98,20.16,0.74,1.54,,,,0.32,,92.22,,,,,114.27,950.74,
2024-07-19 15:00:00,14.74,57.44,15.34,28.4,43.97,25.69,9.7,1.87,14.88,0.74,1.57,,,,0.32,,92.18,,,,,105.82,950.59,
2024-07-19 16:00:00,11.36,50.08,15.46,28.4,43.58,25.68,10.82,1.89,14.8,0.71,1.56,,,,0.3,,93.4,,,,,51.54,950.53,
2024-07-19 17:00:00,10.93,50.72,15.29,28.55,43.73,25.84,12.26,2.12,16.97,0.74,1.58,,,,0.3,,93.52,,,,,,950.69,
2024-07-19 18:00:00,,57.8,15.31,28.52,43.74,25.59,11.54,1.86,13.82,0.73,1.57,,,,0.31,,93.6,,,,,0.89,950.89,
2024-07-19 19:00:00,,53.18,15.36,28.31,43.81,25.72,9.86,1.76,12.05,0.72,1.58,,,,0.31,,93.65,,,,,0.89,951.07,
2024-07-19 20:00:00,,49.94,15.23,28.31,43.52,25.73,10.0,1.69,11.72,0.73,1.58,,,,0.31,,93.6,,,,,0.89,951.1,
2024-07-19 21:00:00,,47.67,15.22,28.26,43.81,25.52,7.7,1.61,13.7,0.73,1.59,,,,0.31,,93.6,,,,,0.89,951.18,
2024-07-19 22:00:00,,46.11,15.41,28.26,43.49,25.85,9.2,1.54,14.78,0.72,1.56,,,,0.31,,93.6,,,,,0.89,951.08,
2024-07-19 23:00:00,,45.08,15.49,28.41,43.87,25.86,10.36,1.5,13.11,0.74,1.56,,,,0.3,,93.6,,,,,0.89,950.93,
2024-07-20 00:00:00,,44.4,15.32,28.45,43.6,25.81,11.23,1.47,16.64,0.74,1.58,,,,0.31,,93.6,,,,,0.89,950.84,
2024-07-20 01:00:00,,43.92,15.35,28.48,43.66,25.62,12.17,1.44,16.56,0.72,1.57,,,,0.31,,93.6,,,,,0.89,950.74,
2024-07-20 02:00:00,,43.59,15.28,28.33,43.67,25.7,12.4,1.48,17.02,0.71,1.54,,,,0.31,,93.6,,,,,0.89,950.68,
2024-07-20 03:00:00,,43.35,15.35,28.24,43.63,25.55,10.17,1.58,16.92,0.74,1.57,,,,0.32,,93.6,,,,,0.89,950.66,
2024-07-20 04:00:00,,43.19,15.38,28.5,43.82,25.94,10.5,1.61,17.69,0.73,1.56,,,,0.31,,93.6,,,,,0.89,950.66,
2024-07-20 05:00:00,,43.06,15.33,28.43,43.92,25.96,12.47,1.6,17.21,0.74,1.56,,,,0.31,,93.6,,,,,0.89,950.76,
2024-07-20 06:00:00,,42.97,15.28,28.52,43.88,25.54,11.87,1.61,13.98,0.74,1.56,,,,0.31,,93.6,,,,,0.95,950.98,
2024-07-20 07:00:00,,42.91,15.04,28.72,43.7,25.86,10.56,1.61,13.95,0.72,1.58,,,,0.31,,93.57,,,,,22.26,951.07,
2024-07-20 08:00:00,,42.86,15.39,28.51,43.69,21.04,8.07,1.64,15.45,0.73,1.57,,,,0.3,,93.52,,,,,62.04,951.21,
2024-07-20 09:00:00,,42.83,15.36,28.76,43.6,26.92,,1.65,14.14,0.73,1.6,,,,0.3,,93.5,,,,,108.56,951.25,
2024-07-20 10:00:00,,,,,,,,,,,,,,,,,,,,,,,,
2024-07-20 11:00:00,,,,,,,,,,,,,,,,,,,,,,,,
2024-07-20 12:00:00,,,,,,,,,,,,,,,,,,,,,,,,
2024-07-20 13:00:00,,,,,,,,,,,,,,,,,,,,,,,,
2024-07-20 14:00:00,,,,,,,,,,,,,,,,,,,,,,,,
2024-07-20 15:00:00,,,,,,,,,,,,,,,,,,,,,,,,
2024-07-20 16:00:00,,,,,,,,,,,,,,,,,,,,,,,,
2024-07-20 17:00:00,,,,,,,,,,,,,,,,,,,,,,,,
2024-07-20 18:00:00,,,,,,,,,,,,,,,,,,,,,,,,
2024-07-20 19:00:00,,,,,,,,,,,,,,,,,,,,,,,,
2024-07-20 20:00:00,,,,,,,,,,,,,,,,,,,,,,,,
2024-07-20 21:00:00,,,,,,,,,,,,,,,,,,,,,,,,
2024-07-20 22:00:00,,,,,,,,,,,,,,,,,,,,,,,,
2024-07-20 23:00:00,,,,,,,,,,,,,,,,,,,,,,,,
2024-07-21 00:00:00,,,,,,,,,,,,,,,,,,,,,,,,
2024-07-21 01:00:00,,,,,,,,,,,,,,,,,,,,,,,,
2024-07-21 02:00:00,,,,,,,,,,,,,,,,,,,,,,,,
2024-07-21 03:00:00,,,,,,,,,,,,,,,,,,,,,,,,
2024-07-21 04:00:00,,,,,,,,,,,,,,,,,,,,,,,,
2024-07-21 05:00:00,,,,,,,,,,,,,,,,,,,,,,,,
2024-07-21 06:00:00,,,,,,,,,,,,,,,,,,,,,,,,
2024-07-21 07:00:00,,,,,,,,,,,,,,,,,,,,,,,,
2024-07-21 08:00:00,,,,,,,,,,,,,,,,,,,,,,,,
2024-07-21 09:00:00,,,,,,,,,,,,,,,,,,,,,,,,
2024-07-21 10:00:00,,,,,,,,,,,,,,,,,,,,,,,,
2024-07-21 11:00:00,,,,,,,,,,,,,,,,,,,,,,,,
2024-07-21 12:00:00,,,,,,,,,,,,,,,,,,,,,,,,
2024-07-21 13:00:00,,,,,,,,,,,,,,,,,,,,,,,,
2024-07-21 14:00:00,,,,,,,,,,,,,,,,,,,,,,,,
2024-07-21 15:00:00,,,,,,,,,,,,,,,,,,,,,,,,
2024-07-21 16:00:00,,,,,,,,,,,,,,,,,,,,,,,,
2024-07-21 17:00:00,,,,,,,,,,,,,,,,,,,,,,,,
2024-07-21 18:00:00,,,,,,,,,,,,,,,,,,,,,,,,
2024-07-21 19:00:00,,,,,,,,,,,,,,,,,,,,,,,,
2024-07-21 20:00:00,,,,,,,,,,,,,,,,,,,,,,,,
2024-07-21 21:00:00,,,,,,,,,,,,,,,,,,,,,,,,
2024-07-21 22:00:00,,,,,,,,,,,,,,,,,,,,,,,,
2024-07-21 23:00:00,,,,,,,,,,,,,,,,,,,,,,,,
2024-07-22 00:00:00,,,,,,,,,,,,,,,,,,,,,,,,
2024-07-22 01:00:00,,,,,,,,,,,,,,,,,,,,,,,,
2024-07-22 02:00:00,,,,,,,,,,,,,,,,,,,,,,,,
2024-07-22 03:00:00,,,,,,,,,,,,,,,,,,,,,,,,
2024-07-22 04:00:00,,,,,,,,,,,,,,,,,,,,,,,,
2024-07-22 05:00:00,,,,,,,,,,,,,,,,,,,,,,,,
2024-07-22 06:00:00,,,,,,,,,,,,,,,,,,,,,,,,
2024-07-22 07:00:00,,,,,,,,,,,,,,,,,,,,,,,,
2024-07-22 08:00:00,,,,,,,,,,,,,,,,,,,,,,,,
2024-07-22 09:00:00,,,,,,,,,,,,,,,,,,,,,,,,
2024-07-22 10:00:00,,,,,,,,,,,,,,,,,,,,,,,,
2024-07-22 11:00:00,,55.22,15.27,28.52,43.95,21.92,10.54,1.59,17.17,0.74,1.56,,,,0.31,,66.0,,,,,104.62,951.82,
2024-07-22 12:00:00,,71.71,15.4,28.21,43.82,25.47,2.33,1.61,18.17,0.74,1.54,,,,0.31,,70.3,,,,,150.72,951.72,
2024-07-22 13:00:00,,71.88,15.16,28.67,43.88,25.66,10.22,1.6,18.52,0.73,1.58,,,,0.31,,76.42,,,,,111.77,951.66,
2024-07-22 14:00:00,,71.91,15.28,28.46,43.79,25.54,11.67,1.6,18.52,0.71,1.56,,,,0.31,,69.08,,,,,199.2,951.61,
2024-07-22 15:00:00,,71.91,15.4,28.5,43.76,25.79,10.2,1.59,15.1,0.71,1.59,,,,0.31,,64.32,,,,,188.8,951.49,
2024-07-22 16:00:00,,71.99,15.32,28.82,43.62,25.82,11.0,1.7,20.16,0.73,1.58,,,,0.32,,61.98,,,,,85.94,951.39,
2024-07-22 17:00:00,,72.01,15.3,28.5,43.44,25.76,9.17,1.9,15.97,0.7,1.58,,,,0.32,,70.97,,,,,19.08,951.45,
2024-07-22 18:00:00,,71.41,15.4,28.48,43.81,26.03,13.09,2.05,20.14,0.73,1.58,,,,0.31,,71.72,,,,,0.89,951.64,
2024-07-22 19:00:00,,70.76,15.31,28.46,43.57,25.7,10.3,1.84,15.13,0.72,1.59,,,,0.31,,71.47,,,,,0.89,951.79,
2024-07-22 20:00:00,,70.76,15.24,28.51,43.78,25.61,9.14,1.69,15.4,0.73,1.56,,,,0.3,,83.15,,,,,0.89,951.9,
2024-07-22 21:00:00,,70.76,15.4,28.36,43.92,25.7,9.87,1.6,16.16,0.72,1.57,,,,0.31,,92.85,,,,,0.89,952.02,
2024-07-22 22:00:00,,70.76,15.34,28.38,43.73,25.65,10.07,1.56,17.08,0.72,1.55,,,,0.3,,93.4,,,,,0.89,952.09,
2024-07-22 23:00:00,,70.76,15.34,28.36,43.9,25.69,10.7,1.49,18.12,0.72,1.55,,,,0.3,,93.5,,,,,0.89,951.98,
2024-07-23 00:00:00,,70.78,15.36,28.5,43.4,25.66,11.09,1.48,17.52,0.74,1.54,,,,0.3,,93.5,,,,,0.89,951.89,
2024-07-23 01:00:00,,70.81,15.33,28.44,43.66,25.68,11.43,1.47,17.58,0.73,1.59,,,,0.31,,93.5,,,,,0.89,951.81,
2024-07-23 02:00:00,,70.85,15.31,28.51,43.78,25.8,10.33,1.5,17.74,0.74,1.56,,,,0.31,,93.5,,,,,0.89,951.7,
2024-07-23 03:00:00,,71.1,15.24,28.55,43.6,25.75,11.54,1.57,17.99,0.72,1.56,,,,0.32,,93.6,,,,,0.89,951.62,
2024-07-23 04:00:00,,71.34,15.31,28.41,43.72,25.64,10.71,1.55,17.26,0.74,1.57,,,,0.31,,93.6,,,,,0.89,951.65,
2024-07-23 05:00:00,,71.28,15.38,28.46,43.94,25.58,10.98,1.54,14.9,0.74,1.58,,,,0.31,,93.6,,,,,0.89,951.64,
2024-07-23 06:00:00,,71.25,15.34,28.34,43.83,25.68,11.91,1.56,12.23,0.73,1.58,,,,0.31,,93.6,,,,,0.89,951.77,
2024-07-23 07:00:00,,71.22,15.3,28.5,43.68,25.64,10.69,1.56,12.44,0.73,1.57,,,,0.31,,93.6,,,,,3.9,951.92,
2024-07-23 08:00:00,,71.19,15.3,28.42,43.8,25.72,10.14,1.52,13.66,0.74,1.55,,,,0.3,,93.5,,,,,45.58,951.98,
2024-07-23 09:00:00,,71.18,15.33,28.42,44.01,25.48,11.64,1.49,14.5,0.73,1.57,,,,0.31,,93.5,,,,,49.04,952.07,
2024-07-23 10:00:00,,71.19,15.38,28.62,43.84,25.63,10.36,1.54,13.48,0.72,1.58,,,,0.31,,93.52,,,,,99.6,952.1,
2024-07-23 11:00:00,,64.69,15.37,28.37,43.71,25.52,10.63,1.58,14.01,0.73,1.58,,,,0.3,,85.57,,,,,170.84,952.0,
2024-07-23 12:00:00,,64.56,15.3,28.44,43.72,25.5,10.02,1.6,11.8,0.72,1.56,,,,0.31,,76.18,,,,,242.1,951.87,
2024-07-23 13:00:00,,64.76,15.4,28.29,43.73,25.87,10.66,1.96,17.65,0.74,1.56,,,,0.32,,67.25,,,,,206.59,951.69,
2024-07-23 14:00:00,,65.0,15.36,28.29,44.13,25.98,10.33,2.06,16.94,0.73,1.55,,,,0.3,,66.85,,,,,128.34,951.44,
2024-07-23 15:00:00,,65.22,15.26,28.66,43.86,25.77,11.38,1.94,13.97,0.72,1.56,,,,0.32,,71.52,,,,,153.89,951.33,
2024-07-23 16:00:00,,67.02,15.42,28.44,43.8,25.54,11.74,2.04,16.89,0.72,1.59,,,,0.31,,69.68,,,,,41.67,951.34,
2024-07-23 17:00:00,,69.3,15.25,28.45,44.06,25.47,10.88,2.12,17.3,0.73,1.57,,,,0.32,,91.25,,,,,7.39,951.4,
2024-07-23 18:00:00,,69.32,15.34,28.57,43.8,25.49,11.11,2.1,14.77,0.72,1.56,,,,0.32,,93.5,,,,,0.89,951.54,
2024-07-23 19:00:00,,69.28,15.24,28.43,43.73,25.66,11.39,1.78,10.45,0.74,1.56,,,,0.31,,93.35,,,,,0.89,951.72,
2024-07-23 20:00:00,,69.24,15.36,28.16,43.85,25.83,11.36,1.76,11.89,0.72,1.55,,,,0.31,,91.2,,,,,0.89,951.81,
2024-07-23 21:00:00,,69.21,15.22,28.31,43.98,25.64,10.64,1.64,12.44,0.74,1.56,,,,0.31,,93.45,,,,,0.89,951.92,
2024-07-23 22:00:00,,69.17,15.34,28.46,43.76,25.61,9.74,1.54,14.21,0.72,1.57,,,,0.3,,93.5,,,,,0.89,951.88,
2024-07-23 23:00:00,,69.14,15.42,28.37,43.91,25.61,9.65,1.51,14.29,0.73,1.58,,,,0.31,,93.57,,,,,0.89,951.86,
2024-07-24 00:00:00,,69.11,15.24,28.34,43.7,25.65,9.77,1.5,14.55,0.7,1.56,,,,0.32,,93.52,,,,,0.89,951.76,
2024-07-24 01:00:00,,69.13,15.37,28.5,43.59,25.51,9.98,1.47,13.99,0.73,1.57,,,,0.31,,93.62,,,,,0.89,951.62,
2024-07-24 02:00:00,,69.19,15.3,28.55,43.56,25.5,11.6,1.52,12.02,0.74,1.58,,,,0.31,,93.7,,,,,0.89,951.48,
2024-07-24 03:00:00,,69.21,15.39,28.34,43.7,25.46,11.44,1.6,12.3,0.71,1.56,,,,0.32,,93.62,,,,,0.89,951.43,
2024-07-24 04:00:00,,69.21,15.28,28.58,43.64,25.58,10.39,1.58,13.62,0.73,1.56,,,,0.3,,93.6,,,,,0.89,951.39,
2024-07-24 05:00:00,,69.21,15.33,28.25,43.65,25.56,10.74,1.56,13.94,0.75,1.58,,,,0.31,,93.48,,,,,0.89,951.4,
2024-07-24 06:00:00,,69.2,15.22,28.38,43.33,25.51,11.82,1.56,11.22,0.74,1.56,,,,0.31,,93.25,,,,,0.89,951.45,
2024-07-24 07:00:00,,69.17,15.34,28.44,43.54,25.7,10.57,1.54,9.77,0.76,1.56,,,,0.32,,93.35,,,,,1.99,951.56,
2024-07-24 08:00:00,,69.14,15.29,28.46,44.06,25.61,12.47,1.57,10.42,0.73,1.58,,,,0.31,,93.18,,,,,67.16,951.67,
2024-07-24 09:00:00,,69.11,15.36,28.32,43.68,25.42,11.64,1.58,12.42,0.73,1.55,,,,0.31,,93.25,,,,,103.29,951.6,
2024-07-24 10:00:00,30.68,71.2,15.29,28.35,43.7,25.54,10.14,1.58,15.59,0.8,1.46,,,,0.3,,92.02,,,,,117.53,951.54,
2024-07-24 11:00:00,33.34,81.31,15.34,28.6,43.94,25.39,11.14,1.61,11.4,0.89,1.23,,,,0.28,,77.35,,,,,199.69,951.48,
2024-07-24 12:00:00,36.42,88.0,15.36,28.46,43.74,25.69,10.09,1.71,17.11,0.9,1.28,,,,0.28,,71.65,,,,,207.6,951.29,
2024-07-24 13:00:00,30.02,64.5,15.4,28.59,43.86,25.59,9.5,1.6,32.92,0.9,1.28,,,,0.26,,80.8,,,,,241.32,951.21,
2024-07-24 14:00:00,33.26,79.09,15.31,28.44,43.6,25.63,11.07,1.7,28.5,0.9,1.26,,,,0.28,,81.88,,,,,254.2,951.04,
2024-07-24 15:00:00,35.36,83.68,15.39,28.75,43.88,25.62,10.42,1.68,32.14,0.88,1.27,,,,0.28,,68.0,,,,,52.77,950.92,
2024-07-24 16:00:00,30.97,74.13,15.29,28.48,43.6,25.92,10.86,1.71,32.72,0.88,1.27,,,,0.29,,89.85,,,,,58.47,950.93,
2024-07-24 17:00:00,29.1,70.07,15.38,28.28,43.9,25.76,10.42,1.72,32.78,0.88,1.23,,,,0.28,,93.5,,,,,28.02,950.94,
2024-07-24 18:00:00,26.4,64.19,15.2,28.42,43.88,25.57,10.25,1.69,32.05,0.89,1.26,,,,0.29,,93.5,,,,,,951.04,
2024-07-24 19:00:00,24.97,61.08,15.36,28.79,43.83,25.8,11.03,1.62,30.65,0.9,1.27,,,,0.28,,93.52,,,,,,951.2,
2024-07-24 20:00:00,24.36,59.76,15.32,28.28,43.67,25.82,13.92,1.6,30.62,0.88,1.27,,,,0.29,,93.5,,,,,,951.32,
2024-07-24 21:00:00,24.01,59.01,15.51,28.35,43.62,25.43,10.17,1.57,32.28,0.88,1.25,,,,0.29,,93.57,,,,,,951.46,
2024-07-24 22:00:00,23.91,58.78,15.22,28.49,43.79,25.79,9.28,1.57,33.34,0.88,1.26,,,,0.28,,93.6,,,,,,951.44,
2024-07-24 23:00:00,23.84,58.63,15.32,28.19,43.74,25.75,9.56,1.56,33.84,0.89,1.28,,,,0.28,,93.6,,,,,,951.37,
2024-07-25 00:00:00,23.81,58.56,15.31,28.5,43.7,25.59,10.88,1.57,32.97,0.89,1.25,,,,0.29,,93.65,,,,,,951.22,
2024-07-25 01:00:00,23.81,58.57,15.32,28.41,43.82,25.69,12.66,1.58,30.04,0.9,1.24,,,,0.28,,93.7,,,,,,951.07,
2024-07-25 02:00:00,23.88,58.72,15.28,28.51,43.64,25.74,12.3,1.58,30.34,0.9,1.28,,,,0.28,,93.7,,,,,,951.01,
2024-07-25 03:00:00,23.9,58.75,15.34,28.52,43.96,25.67,12.15,1.6,30.68,0.89,1.28,,,,0.28,,93.7,,,,,,950.92,
2024-07-25 04:00:00,23.89,58.74,15.3,28.38,43.53,25.7,11.74,1.59,29.22,0.89,1.23,,,,0.28,,93.7,,,,,,950.94,
2024-07-25 05:00:00,23.9,58.76,15.28,28.46,43.74,25.53,10.84,1.6,28.28,0.9,1.25,,,,0.28,,93.7,,,,,,950.84,
2024-07-25 06:00:00,23.89,58.74,15.2,28.2,43.86,25.64,10.5,1.6,26.85,0.89,1.25,,,,0.29,,93.7,,,,,,950.98,
2024-07-25 07:00:00,23.87,58.69,15.32,28.58,43.8,25.9,11.58,1.61,26.48,0.88,1.26,,,,0.28,,93.7,,,,,0.92,951.1,
2024-07-25 08:00:00,23.77,58.48,15.28,28.57,43.81,25.57,12.56,1.65,28.77,0.9,1.27,,,,0.28,,93.65,,,,,42.82,951.23,
2024-07-25 09:00:00,23.43,57.74,15.44,28.36,43.7,25.71,11.46,1.63,27.94,0.88,1.25,,,,0.27,,93.48,,,,,117.78,951.22,
2024-07-25 10:00:00,24.74,59.43,15.39,28.52,43.8,26.17,11.34,1.61,27.96,0.84,1.34,,,,0.28,,89.02,,,,,181.03,951.16,
2024-07-25 11:00:00,31.91,68.08,15.29,28.46,43.79,29.33,10.85,1.6,29.01,0.74,1.55,,,,0.31,,78.1,,,,,196.6,951.1,
2024-07-25 12:00:00,39.63,73.82,15.44,28.36,43.68,31.11,11.41,1.66,27.85,0.72,1.53,,,,0.3,,72.03,,,,,206.33,950.96,
2024-07-25 13:00:00,30.87,65.54,15.31,28.54,43.94,28.46,8.96,1.85,28.05,0.73,1.55,,,,0.31,,69.32,,,,,192.69,950.81,
2024-07-25 14:00:00,40.43,61.56,15.38,28.73,43.62,34.37,8.0,1.66,26.56,0.74,1.52,,,,0.32,,82.95,,,,,36.42,950.87,
2024-07-25 15:00:00,34.12,71.06,15.36,28.48,43.88,32.42,10.91,1.61,26.92,0.74,1.53,,,,0.32,,93.62,,,,,43.97,950.83,
2024-07-25 16:00:00,29.88,76.48,15.22,28.27,43.87,31.49,10.27,1.53,30.63,0.72,1.52,,,,0.3,,93.5,,,,,49.4,950.74,
2024-07-25 17:00:00,29.3,75.22,15.3,28.73,43.76,31.21,10.22,1.45,32.0,0.72,1.54,,,,0.31,,93.05,,,,,12.53,950.71,
2024-07-25 18:00:00,28.92,74.4,15.22,28.3,43.72,31.43,10.14,1.5,30.23,0.72,1.54,,,,0.3,,93.38,,,,,,950.84,
2024-07-25 19:00:00,28.66,73.84,15.33,28.44,43.95,31.2,11.19,1.61,33.42,0.73,1.52,,,,0.31,,93.5,,,,,,950.98,
2024-07-25 20:00:00,28.5,73.46,15.4,28.35,43.94,31.18,10.22,1.68,34.41,0.72,1.54,,,,0.31,,93.6,,,,,,950.98,
2024-07-25 21:00:00,28.37,73.19,15.28,28.78,43.78,31.24,9.65,1.77,34.44,0.72,1.53,,,,0.31,,93.6,,,,,,951.21,
2024-07-25 22:00:00,28.29,73.01,15.35,28.38,43.74,31.33,9.14,1.8,34.96,0.72,1.54,,,,0.3,,93.6,,,,,,951.25,
2024-07-25 23:00:00,28.22,72.87,15.38,28.54,43.68,31.38,9.65,1.78,34.66,0.72,1.53,,,,0.32,,93.6,,,,,,951.28,
2024-07-26 00:00:00,28.18,72.78,15.33,28.46,43.56,31.74,9.92,1.77,33.95,0.73,1.54,,,,0.31,,93.6,,,,,,951.09,
2024-07-26 01:00:00,28.14,72.7,15.25,28.6,43.93,31.48,10.86,1.76,33.94,0.76,1.52,,,,0.31,,93.6,,,,,,950.9,
2024-07-26 02:00:00,28.12,72.64,15.28,28.51,44.1,31.06,7.74,1.7,33.88,0.72,1.53,,,,0.3,,93.6,,,,,,950.84,
2024-07-26 03:00:00,28.1,72.6,15.14,28.64,43.66,31.41,9.12,1.59,34.3,0.75,1.53,,,,0.31,,93.6,,,,,,950.8,
2024-07-26 04:00:00,28.09,72.58,15.38,28.46,43.84,31.44,10.01,1.59,34.04,0.74,1.54,,,,0.3,,93.6,,,,,,950.82,
2024-07-26 05:00:00,28.08,72.56,15.32,28.41,43.53,31.34,10.46,1.6,33.65,0.74,1.54,,,,0.31,,93.6,,,,,,950.92,
2024-07-26 06:00:00,28.07,72.55,15.31,28.37,43.78,31.37,9.79,1.61,31.58,0.72,1.53,,,,0.31,,93.6,,,,,,950.96,
2024-07-26 07:00:00,28.07,72.54,15.14,28.49,44.19,31.56,11.13,1.6,30.86,0.72,1.54,,,,0.32,,93.6,,,,,20.5,951.08,
2024-07-26 08:00:00,28.06,72.53,15.34,28.23,43.74,31.3,10.99,1.61,30.49,0.72,1.56,,,,0.32,,93.5,,,,,46.31,951.17,
2024-07-26 09:00:00,28.08,72.56,15.36,28.39,44.14,31.44,11.05,1.61,32.01,0.71,1.55,,,,0.31,,93.5,,,,,23.46,951.25,
2024-07-26 10:00:00,28.15,72.72,15.34,28.35,43.73,31.16,10.37,1.58,28.22,0.75,1.55,,,,0.31,,93.52,,,,,113.88,951.32,
2024-07-26 11:00:00,28.16,72.73,15.23,28.51,43.6,31.5,9.88,1.54,28.32,0.71,1.56,,,,0.3,,91.45,,,,,174.64,951.2,
2024-07-26 12:00:00,28.18,72.78,15.3,28.28,43.92,31.34,10.3,1.54,26.64,0.74,1.52,,,,0.31,,76.5,,,,,215.59,951.04,
2024-07-26 13:00:00,28.22,72.88,15.27,28.56,43.68,31.05,10.3,1.54,27.78,0.73,1.54,,,,0.32,,69.32,,,,,201.68,950.93,
2024-07-26 14:00:00,28.3,73.06,15.41,28.51,43.81,31.36,10.59,1.53,27.16,0.74,1.54,,,,0.3,,64.53,,,,,177.68,950.74,
2024-07-26 15:00:00,28.36,73.18,15.38,28.41,43.49,31.25,10.72,1.52,29.86,0.72,1.51,,,,0.32,,68.72,,,,,93.74,950.66,
2024-07-26 16:00:00,28.4,73.25,15.29,28.63,43.69,31.54,10.05,1.56,32.03,0.74,1.53,,,,0.32,,90.48,,,,,35.28,950.71,
2024-07-26 17:00:00,28.42,73.3,15.33,28.66,43.83,31.32,9.78,1.56,32.32,0.75,1.55,,,,0.32,,93.55,,,,,31.05,950.87,
2024-07-26 18:00:00,28.4,73.26,15.33,28.64,43.51,31.32,10.46,1.54,29.76,0.74,1.54,,,,0.3,,93.6,,,,,,951.01,
2024-07-26 19:00:00,28.39,73.24,15.26,28.67,43.61,31.3,12.18,1.62,29.07,0.76,1.55,,,,0.31,,93.68,,,,,,951.12,
2024-07-26 20:00:00,28.38,73.2,15.28,28.48,43.87,31.36,11.84,1.65,28.66,0.72,1.54,,,,0.3,,93.7,,,,,,951.3,
2024-07-26 21:00:00,28.36,73.18,15.3,28.4,43.63,31.54,11.56,1.62,28.28,0.72,1.54,,,,0.31,,93.7,,,,,,951.46,
2024-07-26 22:00:00,28.35,73.15,15.28,28.37,43.98,31.29,10.1,1.62,28.0,0.72,1.53,,,,0.31,,93.62,,,,,,951.59,
2024-07-26 23:00:00,28.34,73.12,15.16,28.46,43.84,31.42,9.57,1.57,29.02,0.73,1.56,,,,0.31,,93.65,,,,,,951.58,
2024-07-27 00:00:00,28.33,73.1,15.42,28.44,43.99,31.23,11.38,1.56,28.96,0.74,1.53,,,,0.31,,93.7,,,,,,951.52,
2024-07-27 01:00:00,28.31,73.06,15.3,28.42,43.8,31.36,12.13,1.55,28.44,0.74,1.54,,,,0.3,,93.55,,,,,,951.34,
2024-07-27 02:00:00,28.3,73.04,15.31,28.55,43.65,31.43,10.88,1.56,28.28,0.74,1.52,,,,0.32,,93.32,,,,,,951.18,
2024-07-27 03:00:00,28.29,73.02,15.12,28.42,43.63,31.45,10.65,1.52,30.1,0.72,1.54,,,,0.31,,93.32,,,,,,951.02,
2024-07-27 04:00:00,28.29,73.01,15.28,28.38,43.41,31.48,13.36,1.57,29.44,0.72,1.54,,,,0.3,,93.32,,,,,,951.07,
2024-07-27 05:00:00,28.28,72.98,15.46,28.5,43.66,31.19,12.96,1.58,29.04,0.73,1.54,,,,0.3,,93.52,,,,,,951.22,
2024-07-27 06:00:00,28.27,72.96,15.3,28.36,43.89,31.27,11.66,1.58,30.19,0.72,1.54,,,,0.3,,93.65,,,,,,951.36,
2024-07-27 07:00:00,28.26,72.95,15.38,28.35,43.83,31.42,10.96,1.57,27.2,0.73,1.53,,,,0.32,,93.65,,,,,20.56,951.4,
2024-07-27 08:00:00,28.25,72.92,15.26,28.48,43.79,31.22,11.0,1.61,27.96,0.71,1.52,,,,0.31,,93.6,,,,,44.28,951.42,
2024-07-27 09:00:00,28.24,72.91,15.16,28.73,43.59,31.68,11.04,1.56,28.22,0.75,1.55,,,,0.32,,93.5,,,,,116.28,951.52,
2024-07-27 10:00:00,28.26,72.96,15.39,28.37,43.39,31.54,9.28,1.54,27.39,0.71,1.55,,,,0.31,,86.72,,,,,244.78,951.5,
2024-07-27 11:00:00,28.27,72.97,15.24,28.27,43.86,31.48,10.68,1.62,28.37,0.74,1.56,,,,0.31,,70.5,,,,,334.15,951.38,
2024-07-27 12:00:00,28.31,73.06,15.29,28.38,43.73,31.38,11.98,1.64,27.3,0.74,1.56,,,,0.3,,53.9,,,,,313.31,951.18,
2024-07-27 13:00:00,28.37,73.2,15.38,28.52,44.04,31.34,12.05,1.66,28.06,0.73,1.53,,,,0.32,,50.78,,,,,207.52,951.01,
2024-07-27 14:00:00,28.43,73.33,15.26,28.46,43.82,31.24,11.39,1.65,28.07,0.72,1.55,,,,0.3,,51.25,,,,,164.88,950.86,
2024-07-27 15:00:00,28.47,73.42,15.22,28.47,43.62,31.32,11.29,1.66,28.63,0.72,1.54,,,,0.31,,52.88,,,,,160.33,950.78,
2024-07-27 16:00:00,28.48,73.44,15.41,28.29,43.78,31.34,11.79,1.61,27.54,0.72,1.53,,,,0.3,,51.68,,,,,170.93,950.79,
2024-07-27 17:00:00,28.51,73.5,15.27,28.5,43.84,31.28,10.24,1.62,29.19,0.74,1.55,,,,0.32,,55.92,,,,,25.41,950.89,
2024-07-27 18:00:00,28.5,73.46,15.33,28.68,43.72,31.32,10.24,1.58,28.26,0.74,1.53,,,,0.32,,60.1,,,,,,951.08,
2024-07-27 19:00:00,28.48,73.42,15.31,28.64,43.98,31.24,10.14,1.6,30.97,0.72,1.52,,,,0.31,,64.03,,,,,,951.29,
2024-07-27 20:00:00,28.46,73.39,15.48,28.33,43.96,31.36,11.29,1.6,31.98,0.73,1.53,,,,0.31,,62.47,,,,,,951.38,
2024-07-27 21:00:00,28.44,73.36,15.35,28.33,43.66,31.42,14.43,1.56,32.4,0.72,1.54,,,,0.31,,61.92,,,,,,951.48,
2024-07-27 22:00:00,28.43,73.32,15.37,28.52,43.67,31.45,13.04,1.5,32.04,0.72,1.56,,,,0.31,,64.32,,,,,,951.52,
2024-07-27 23:00:00,28.42,73.28,15.32,28.54,44.12,31.27,11.02,1.5,32.94,0.74,1.55,,,,0.31,,72.38,,,,,,951.43,
2024-07-28 00:00:00,28.4,73.26,15.42,28.62,43.82,31.14,9.72,1.5,32.86,0.72,1.54,,,,0.31,,79.9,,,,,,951.25,
2024-07-28 01:00:00,28.4,73.27,15.4,28.21,43.84,31.21,9.05,1.49,31.78,0.74,1.53,,,,0.32,,82.4,,,,,,951.06,
2024-07-28 02:00:00,28.44,73.36,15.34,28.29,43.86,31.26,11.0,1.5,32.59,0.74,1.54,,,,0.32,,87.9,,,,,,950.88,
2024-07-28 03:00:00,28.46,73.39,15.38,28.6,43.68,31.43,11.65,1.65,33.07,0.73,1.54,,,,0.31,,90.25,,,,,,950.79,
2024-07-28 04:00:00,28.46,73.4,15.3,28.38,43.87,31.27,12.36,1.66,34.16,0.72,1.54,,,,0.31,,93.5,,,,,,950.76,
2024-07-28 05:00:00,28.48,73.42,15.38,28.14,43.75,31.56,10.91,1.66,34.55,0.75,1.56,,,,0.31,,93.5,,,,,,950.78,
2024-07-28 06:00:00,28.46,73.39,15.4,28.48,43.84,31.72,9.98,1.67,33.7,0.72,1.54,,,,0.31,,93.5,,,,,,950.94,
2024-07-28 07:00:00,28.44,73.35,15.31,28.41,43.75,31.29,5.14,1.69,33.71,0.73,1.55,,,,0.31,,93.5,,,,,11.72,951.08,
2024-07-28 08:00:00,28.43,73.32,15.28,28.49,43.61,31.08,8.91,1.69,32.86,0.71,1.53,,,,0.31,,92.7,,,,,54.51,951.18,
2024-07-28 09:00:00,28.44,73.33,15.34,28.57,43.78,31.26,10.64,1.69,31.56,0.74,1.52,,,,0.32,,89.25,,,,,86.0,951.2,
2024-07-28 10:00:00,28.53,73.54,15.34,28.23,43.56,31.34,9.62,1.66,33.24,0.72,1.53,,,,0.31,,87.65,,,,,61.62,951.13,
2024-07-28 11:00:00,28.57,73.63,15.3,28.34,43.66,31.18,10.27,1.54,35.56,0.73,1.54,,,,0.31,,84.85,,,,,49.3,950.98,
2024-07-28 12:00:00,28.62,73.74,15.38,28.28,43.73,31.47,10.9,1.52,37.06,0.72,1.54,,,,0.32,,74.05,,,,,76.14,950.78,
2024-07-28 13:00:00,28.68,73.86,15.31,28.54,43.7,31.71,12.08,1.48,30.81,0.75,1.54,,,,0.31,,71.42,,,,,74.12,950.67,
2024-07-28 14:00:00,28.71,73.94,15.27,28.34,43.83,31.29,10.7,1.44,34.7,0.74,1.55,,,,0.31,,71.2,,,,,66.28,950.58,
2024-07-28 15:00:00,28.73,73.98,15.38,28.62,43.44,31.07,11.15,1.42,31.53,0.72,1.57,,,,0.31,,71.6,,,,,54.68,950.5,
2024-07-28 16:00:00,,,,,,,,,,,,,,,,,,,,,,,,
2024-07-28 17:00:00,,,,,,,,,,,,,,,,,,,,,,,,
2024-07-28 18:00:00,,,,,,,,,,,,,,,,,,,,,,,,
2024-07-28 19:00:00,,,,,,,,,,,,,,,,,,,,,,,,
2024-07-28 20:00:00,,,,,,,,,,,,,,,,,,,,,,,,
2024-07-28 21:00:00,,,,,,,,,,,,,,,,,,,,,,,,
2024-07-28 22:00:00,,,,,,,,,,,,,,,,,,,,,,,,
2024-07-28 23:00:00,,,,,,,,,,,,,,,,,,,,,,,,
2024-07-29 00:00:00,,,,,,,,,,,,,,,,,,,,,,,,
2024-07-29 01:00:00,,,,,,,,,,,,,,,,,,,,,,,,
2024-07-29 02:00:00,,,,,,,,,,,,,,,,,,,,,,,,
2024-07-29 03:00:00,,,,,,,,,,,,,,,,,,,,,,,,
2024-07-29 04:00:00,,,,,,,,,,,,,,,,,,,,,,,,
2024-07-29 05:00:00,,,,,,,,,,,,,,,,,,,,,,,,
2024-07-29 06:00:00,,,,,,,,,,,,,,,,,,,,,,,,
2024-07-29 07:00:00,,,,,,,,,,,,,,,,,,,,,,,,
2024-07-29 08:00:00,,,,,,,,,,,,,,,,,,,,,,,,
2024-07-29 09:00:00,,,,,,,,,,,,,,,,,,,,,,,,
2024-07-29 10:00:00,,,,,,,,,,,,,,,,,,,,,,,,
2024-07-29 11:00:00,,,,,,,,,,,,,,,,,,,,,,,,
2024-07-29 12:00:00,,,,,,,,,,,,,,,,,,,,,,,,
2024-07-29 13:00:00,,,,,,,,,,,,,,,,,,,,,,,,
2024-07-29 14:00:00,,,,,,,,,,,,,,,,,,,,,,,,
2024-07-29 15:00:00,,,,,,,,,,,,,,,,,,,,,,,,
2024-07-29 16:00:00,,,,,,,,,,,,,,,,,,,,,,,,
2024-07-29 17:00:00,,,,,,,,,,,,,,,,,,,,,,,,
2024-07-29 18:00:00,,,,,,,,,,,,,,,,,,,,,,,,
2024-07-29 19:00:00,,,,,,,,,,,,,,,,,,,,,,,,
2024-07-29 20:00:00,,,,,,,,,,,,,,,,,,,,,,,,
2024-07-29 21:00:00,,,,,,,,,,,,,,,,,,,,,,,,
2024-07-29 22:00:00,,,,,,,,,,,,,,,,,,,,,,,,
2024-07-29 23:00:00,,,,,,,,,,,,,,,,,,,,,,,,
2024-07-30 00:00:00,,,,,,,,,,,,,,,,,,,,,,,,
2024-07-30 01:00:00,,,,,,,,,,,,,,,,,,,,,,,,
2024-07-30 02:00:00,,,,,,,,,,,,,,,,,,,,,,,,
2024-07-30 03:00:00,,,,,,,,,,,,,,,,,,,,,,,,
2024-07-30 04:00:00,,,,,,,,,,,,,,,,,,,,,,,,
2024-07-30 05:00:00,,,,,,,,,,,,,,,,,,,,,,,,
2024-07-30 06:00:00,,,,,,,,,,,,,,,,,,,,,,,,
2024-07-30 07:00:00,,,,,,,,,,,,,,,,,,,,,,,,
2024-07-30 08:00:00,,,,,,,,,,,,,,,,,,,,,,,,
2024-07-30 09:00:00,,,,,,,,,,,,,,,,,,,,,,,,
2024-07-30 10:00:00,,,,,,,,,,,,,,,,,,,,,,,,
2024-07-30 11:00:00,,,,,,,,,,,,,,,,,,,,,,,,
2024-07-30 12:00:00,28.8,,15.24,28.39,43.78,31.45,10.17,1.59,,0.73,1.52,,,,0.32,,90.47,,,,,156.24,951.38,
2024-07-30 13:00:00,28.86,74.27,15.27,28.46,43.79,31.33,10.78,1.62,,0.73,1.56,,,,0.31,,83.68,,,,,191.36,951.31,
2024-07-30 14:00:00,28.9,70.54,15.63,28.66,43.93,39.55,9.96,1.65,,0.74,1.55,,,,0.31,,74.13,,,,,192.57,951.23,
2024-07-30 15:00:00,28.19,54.3,15.34,28.69,43.96,31.36,5.38,1.67,30.41,0.74,1.53,,,,0.31,,71.22,,,,,130.58,951.2,
2024-07-30 16:00:00,35.03,69.17,15.32,28.56,43.76,31.22,8.87,1.65,34.12,0.73,1.54,,,,0.31,,75.38,,,,,68.97,951.2,
2024-07-30 17:00:00,28.4,58.76,15.19,28.78,43.48,31.3,7.59,1.7,29.96,0.64,1.81,,,,0.3,,93.67,,,,,14.93,951.42,
2024-07-30 18:00:00,26.76,55.42,15.26,28.36,43.72,31.41,11.59,1.62,28.37,0.64,1.83,,,,0.31,,93.7,,,,,14.89,951.52,
2024-07-30 19:00:00,25.14,51.9,15.22,28.55,43.76,31.46,11.4,1.61,31.76,0.64,1.84,,,,0.31,,93.7,,,,,14.89,951.7,
2024-07-30 20:00:00,24.01,49.43,15.4,28.44,43.7,31.44,10.77,1.6,29.75,0.64,1.82,,,,0.31,,93.7,,,,,14.89,951.82,
2024-07-30 21:00:00,23.22,47.71,15.23,28.57,43.84,31.31,12.22,1.58,31.12,0.65,1.81,,,,0.32,,93.7,,,,,14.89,951.92,
2024-07-30 22:00:00,22.72,46.62,15.38,28.6,43.56,31.16,10.78,1.58,29.36,0.66,1.84,,,,0.31,,93.68,,,,,14.89,951.91,
2024-07-30 23:00:00,22.41,45.96,15.35,28.44,44.03,31.35,10.93,1.56,33.92,0.66,1.86,,,,0.3,,93.7,,,,,14.89,951.9,
2024-07-31 00:00:00,22.21,45.52,15.24,28.39,43.86,31.56,10.14,1.54,34.34,0.64,1.83,,,,0.31,,93.7,,,,,14.89,951.77,
2024-07-31 01:00:00,22.14,45.38,15.43,28.27,43.89,31.26,9.91,1.54,34.97,0.67,1.85,,,,0.31,,93.7,,,,,14.89,951.55,
2024-07-31 02:00:00,22.37,45.87,15.27,28.61,43.66,31.39,12.36,1.55,34.84,0.67,1.84,,,,0.32,,93.7,,,,,14.89,951.39,
2024-07-31 03:00:00,22.42,45.97,15.49,28.49,43.79,31.37,13.98,1.61,34.09,0.64,1.82,,,,0.31,,93.7,,,,,14.89,951.39,
2024-07-31 04:00:00,22.29,45.69,15.17,28.39,43.69,31.31,10.86,1.6,34.88,0.64,1.83,,,,0.31,,93.7,,,,,14.89,951.44,
2024-07-31 05:00:00,22.16,45.4,15.32,28.77,43.77,31.34,12.44,1.61,33.34,0.65,1.83,,,,0.31,,93.7,,,,,14.89,951.48,
2024-07-31 06:00:00,22.1,45.28,15.32,28.42,43.93,31.34,10.5,1.59,32.35,0.66,1.85,,,,0.3,,93.7,,,,,14.89,951.56,
2024-07-31 07:00:00,22.04,45.14,15.16,28.59,43.92,31.26,8.76,1.6,29.36,0.64,1.84,,,,0.31,,93.6,,,,,30.85,951.73,
2024-07-31 08:00:00,21.98,45.02,15.4,28.44,43.52,31.23,9.71,1.63,29.86,0.64,1.84,,,,0.31,,93.6,,,,,38.57,951.92,
2024-07-31 09:00:00,21.94,44.93,15.17,28.36,43.65,31.52,9.92,1.66,31.02,0.66,1.85,,,,0.3,,93.57,,,,,110.84,952.01,
2024-07-31 10:00:00,21.92,44.88,15.37,28.22,44.01,31.23,9.51,1.63,34.52,0.65,1.83,,,,0.31,,91.72,,,,,203.31,951.94,
2024-07-31 11:00:00,21.93,44.91,15.23,28.37,43.65,31.33,10.29,1.62,34.19,0.64,1.86,,,,0.31,,89.72,,,,,238.44,951.84,
2024-07-31 12:00:00,21.98,45.01,15.26,28.75,43.81,31.42,11.03,1.62,36.26,0.64,1.85,,,,0.31,,78.72,,,,,273.68,951.66,
2024-07-31 13:00:00,22.04,56.14,15.41,28.29,43.76,31.48,10.22,1.64,40.67,0.57,1.37,,,,0.26,,71.75,,,,,188.99,951.47,
2024-07-31 14:00:00,22.1,66.04,15.31,28.52,43.98,31.29,10.7,1.67,38.48,0.51,0.98,,,,0.22,,68.3,,,,,208.58,951.34,
2024-07-31 15:00:00,22.14,66.63,15.24,28.39,44.0,31.27,10.14,1.68,35.52,0.51,1.0,,,,0.22,,68.2,,,,,125.76,951.26,
2024-07-31 16:00:00,22.25,80.21,15.29,28.35,44.0,31.38,6.04,1.68,32.61,0.5,1.0,,,,0.2,,66.35,,,,,86.2,951.17,
2024-07-31 17:00:00,22.27,64.87,15.34,28.52,43.5,31.42,9.66,1.69,33.56,0.36,1.83,,,,0.18,,87.8,,,,,15.63,951.38,
2024-07-31 18:00:00,22.24,64.77,15.31,28.37,43.82,31.02,12.64,1.64,32.22,0.35,1.84,,,,0.17,,93.7,,,,,14.89,951.63,
2024-07-31 19:00:00,22.22,64.2,15.3,28.42,43.92,31.33,11.89,1.64,29.81,0.35,1.83,,,,0.17,,93.7,,,,,14.89,951.82,
2024-07-31 20:00:00,22.2,66.07,15.42,28.34,43.9,31.26,11.93,1.6,29.48,0.36,1.83,,,,0.17,,93.7,,,,,14.89,952.06,
2024-07-31 21:00:00,22.17,62.85,15.28,28.42,43.82,31.36,9.93,1.6,26.35,0.34,1.85,,,,0.17,,93.75,,,,,14.89,952.16,
2024-07-31 22:00:00,22.14,62.41,15.29,27.98,44.08,31.38,8.0,1.59,26.95,0.34,1.86,,,,0.18,,93.7,,,,,14.89,952.18,
2024-07-31 23:00:00,22.12,63.52,15.24,28.43,43.58,31.33,7.8,1.58,30.53,0.34,1.83,,,,0.18,,93.7,,,,,14.89,952.09,
2024-08-01 00:00:00,22.1,65.15,15.38,28.61,43.72,31.53,10.86,1.59,32.35,0.36,1.84,,,,0.18,,93.7,,,,,14.89,951.96,
2024-08-01 01:00:00,22.08,64.15,15.28,28.48,44.06,31.29,11.01,1.59,31.04,0.35,1.86,,,,0.18,,93.7,,,,,14.89,951.69,
2024-08-01 02:00:00,22.06,64.16,15.26,28.24,43.62,31.38,15.43,1.59,30.16,0.35,1.83,,,,0.17,,93.7,,,,,14.89,951.39,
2024-08-01 03:00:00,22.07,65.12,15.23,28.44,43.94,31.43,10.1,1.6,30.83,0.36,1.84,,,,0.18,,93.7,,,,,14.89,951.31,
2024-08-01 04:00:00,22.06,62.14,15.26,28.86,43.91,31.42,9.28,1.6,31.44,0.33,1.83,,,,0.18,,93.7,,,,,14.89,951.32,
2024-08-01 05:00:00,22.04,64.83,15.58,28.5,43.8,31.33,10.89,1.59,30.73,0.36,1.86,,,,0.16,,93.7,,,,,14.89,951.35,
2024-08-01 06:00:00,22.02,65.3,15.36,28.34,44.14,31.36,11.49,1.61,29.59,0.36,1.86,,,,0.17,,93.7,,,,,14.89,951.45,
2024-08-01 07:00:00,22.0,65.16,15.37,28.44,43.62,31.33,10.92,1.6,30.68,0.36,1.85,,,,0.18,,93.7,,,,,42.82,951.59,
2024-08-01 08:00:00,21.98,63.54,15.23,28.52,43.9,31.03,9.76,1.6,30.64,0.34,1.83,,,,0.17,,93.6,,,,,63.96,951.75,
2024-08-01 09:00:00,21.96,60.85,15.24,28.57,43.77,31.6,9.18,1.6,30.3,0.32,1.84,,,,0.18,,93.6,,,,,103.39,951.9,
2024-08-01 10:00:00,21.95,64.63,15.42,28.38,43.56,31.19,11.76,1.6,31.12,0.36,1.85,,,,0.18,,93.45,,,,,247.16,951.92,
2024-08-01 11:00:00,21.93,80.17,15.37,28.32,43.67,31.42,18.05,1.58,33.44,0.69,2.09,,,,0.23,,85.3,,,,,346.3,951.86,
2024-08-01 12:00:00,21.97,84.02,15.32,28.58,43.73,31.16,14.33,1.58,34.28,0.76,2.17,,,,0.25,,74.1,,,,,376.13,951.7,
2024-08-01 13:00:00,22.04,81.03,15.18,28.27,43.76,31.2,15.71,1.58,36.07,0.74,2.15,,,,0.24,,71.12,,,,,252.21,951.52,
2024-08-01 14:00:00,22.1,82.46,15.42,28.6,43.53,31.08,11.86,1.62,33.91,0.74,2.23,,,,0.25,,71.47,,,,,364.14,951.4,
2024-08-01 15:00:00,22.15,85.03,15.28,28.67,43.72,31.35,8.36,1.62,36.74,0.76,2.18,,,,0.25,,68.15,,,,,265.2,951.27,
2024-08-01 16:00:00,22.84,55.19,15.53,28.47,43.65,31.41,15.8,1.62,35.75,0.74,2.17,,,,0.25,,63.6,,,,,136.01,951.19,
2024-08-01 17:00:00,23.14,43.81,15.16,28.5,43.63,31.39,12.34,1.64,29.24,0.44,1.15,,,,0.2,,90.28,,,,,44.21,951.37,
2024-08-01 18:00:00,23.12,43.76,15.23,28.34,43.82,31.51,10.33,1.61,33.76,0.42,1.04,,,,0.18,,93.1,,,,,14.89,951.6,
2024-08-01 19:00:00,23.09,43.7,15.4,28.49,43.8,31.35,10.73,1.63,30.57,0.44,1.04,,,,0.19,,93.12,,,,,14.89,951.77,
2024-08-01 20:00:00,23.06,43.65,15.46,28.75,43.72,31.45,11.23,1.62,30.81,0.44,1.04,,,,0.18,,93.48,,,,,14.89,951.88,
2024-08-01 21:00:00,23.04,43.6,15.42,28.31,43.88,31.36,9.69,1.61,30.51,0.43,1.06,,,,0.2,,93.6,,,,,14.89,952.02,
2024-08-01 22:00:00,23.02,43.55,15.28,28.53,43.98,31.33,10.78,1.61,30.34,0.44,1.03,,,,0.2,,93.6,,,,,14.89,952.05,
2024-08-01 23:00:00,22.99,43.5,15.41,28.53,43.88,31.23,11.0,1.59,29.16,0.44,1.04,,,,0.2,,93.7,,,,,14.89,951.99,
2024-08-02 00:00:00,22.98,43.46,15.32,28.47,44.12,31.3,8.91,1.58,31.05,0.45,1.03,,,,0.19,,93.7,,,,,14.89,951.79,
2024-08-02 01:00:00,22.96,43.41,15.18,28.53,43.83,31.28,9.96,1.58,32.84,0.44,1.04,,,,0.2,,93.7,,,,,14.89,951.58,
2024-08-02 02:00:00,22.94,43.37,15.36,28.42,43.72,31.22,11.58,1.58,32.94,0.42,1.04,,,,0.2,,93.7,,,,,14.89,951.51,
2024-08-02 03:00:00,22.92,43.33,15.37,28.77,44.11,31.34,11.2,1.59,29.97,0.42,1.03,,,,0.19,,93.7,,,,,14.89,951.46,
2024-08-02 04:00:00,22.9,43.3,15.42,28.56,43.8,31.32,9.54,1.58,30.64,0.41,1.04,,,,0.19,,93.7,,,,,14.89,951.45,
2024-08-02 05:00:00,22.89,43.28,15.25,28.64,43.86,31.28,13.73,1.58,29.32,0.41,1.04,,,,0.21,,93.7,,,,,14.89,951.44,
2024-08-02 06:00:00,22.88,43.25,15.3,28.57,43.71,31.41,12.82,1.59,28.28,0.43,1.03,,,,0.2,,93.7,,,,,14.91,951.55,
2024-08-02 07:00:00,22.86,43.21,15.24,28.57,43.72,31.46,10.66,1.6,28.22,0.41,1.04,,,,0.2,,93.7,,,,,28.28,951.75,
2024-08-02 08:00:00,22.84,43.17,15.29,28.49,43.77,31.19,13.44,1.62,29.06,0.4,1.01,,,,0.2,,93.62,,,,,101.98,951.86,
2024-08-02 09:00:00,22.83,43.14,15.3,28.29,43.97,31.35,11.12,1.58,27.33,0.42,1.04,,,,0.2,,93.52,,,,,243.29,951.84,
2024-08-02 10:00:00,22.81,43.11,15.32,28.67,43.83,31.25,14.94,1.59,29.36,0.43,1.04,,,,0.19,,84.3,,,,,348.89,951.8,
2024-08-02 11:00:00,25.1,54.84,11.7,25.92,38.02,28.94,17.37,1.57,29.33,0.76,1.83,,,,0.34,,74.88,,,,,328.22,951.77,
2024-08-02 12:00:00,27.22,59.88,6.57,22.38,29.06,25.2,12.7,1.45,32.61,0.86,2.09,,,,0.36,,71.03,,,,,392.88,951.6,
2024-08-02 13:00:00,29.68,62.72,6.61,22.33,29.21,25.28,9.91,1.46,32.83,0.9,2.1,,,,0.37,,67.55,,,,,251.82,951.42,
2024-08-02 14:00:00,29.94,63.06,6.56,22.48,28.78,25.19,12.16,1.48,34.51,0.88,2.07,,,,0.37,,67.1,,,,,252.56,951.33,
2024-08-02 15:00:00,29.97,63.13,6.6,22.52,29.01,25.26,12.53,1.49,28.49,0.9,2.09,,,,0.37,,89.18,,,,,100.04,951.3,
2024-08-02 16:00:00,30.02,63.23,6.58,22.61,29.24,25.19,12.28,1.44,28.16,0.87,2.0,,,,0.38,,93.6,,,,,61.79,951.26,
2024-08-02 17:00:00,29.2,60.63,5.97,21.4,27.61,24.06,10.95,1.48,29.17,0.76,1.78,,,,0.34,,93.5,,,,,21.47,951.35,
2024-08-02 18:00:00,26.16,51.05,4.16,18.28,22.62,19.84,9.16,1.47,30.69,0.42,0.94,,,,0.25,,93.5,,,,,14.89,951.49,
2024-08-02 19:00:00,26.14,51.0,3.94,17.92,22.28,19.58,11.96,1.4,30.54,0.41,0.96,,,,0.25,,93.5,,,,,14.89,951.64,
2024-08-02 20:00:00,26.12,50.95,4.16,17.99,22.53,19.68,16.54,1.37,33.39,0.41,0.94,,,,0.24,,93.5,,,,,14.89,951.81,
2024-08-02 21:00:00,26.1,50.9,4.22,18.16,22.24,19.79,14.66,1.36,32.26,0.43,0.98,,,,0.24,,93.5,,,,,14.89,951.98,
2024-08-02 22:00:00,26.08,50.86,4.13,18.56,22.78,19.62,7.88,1.38,33.31,0.45,0.96,,,,0.24,,93.55,,,,,14.89,952.1,
2024-08-02 23:00:00,26.06,50.82,4.08,17.81,22.42,19.94,12.26,1.36,33.14,0.44,0.94,,,,0.24,,93.6,,,,,14.89,952.13,
2024-08-03 00:00:00,26.04,50.78,4.21,18.43,22.48,19.56,18.79,1.35,33.71,0.42,0.98,,,,0.25,,93.6,,,,,14.89,951.97,
2024-08-03 01:00:00,26.02,50.73,3.95,18.27,22.48,19.95,20.0,1.34,33.82,0.42,0.96,,,,0.24,,93.6,,,,,14.89,951.81,
2024-08-03 02:00:00,26.0,50.69,4.17,18.22,22.34,19.9,12.67,1.34,32.35,0.44,0.96,,,,0.25,,93.6,,,,,14.89,951.69,
2024-08-03 03:00:00,25.98,50.66,4.27,18.05,22.42,19.92,8.03,1.43,32.2,0.43,0.95,,,,0.24,,93.6,,,,,14.89,951.58,
2024-08-03 04:00:00,25.97,50.63,4.26,18.14,22.12,19.81,10.84,1.43,29.4,0.43,0.95,,,,0.25,,93.7,,,,,14.89,951.64,
2024-08-03 05:00:00,25.96,50.61,4.06,18.56,22.36,19.82,12.0,1.45,28.8,0.43,0.94,,,,0.24,,93.7,,,,,14.89,951.7,
2024-08-03 06:00:00,25.95,50.58,4.17,18.12,22.42,19.78,13.44,1.46,28.3,0.42,0.92,,,,0.26,,93.7,,,,,14.89,951.74,
2024-08-03 07:00:00,25.94,50.56,4.18,18.26,22.51,19.9,12.84,1.47,27.1,0.42,0.95,,,,0.24,,93.65,,,,,26.5,951.82,
2024-08-03 08:00:00,25.92,50.52,4.3,18.13,22.36,19.9,10.68,1.49,28.4,0.44,0.96,,,,0.24,,93.6,,,,,43.94,952.01,
2024-08-03 09:00:00,25.9,50.49,4.15,18.36,22.36,19.85,9.63,1.48,28.65,0.43,0.94,,,,0.25,,93.48,,,,,183.33,952.08,
2024-08-03 10:00:00,25.9,50.49,4.16,18.3,22.24,19.72,6.59,1.46,29.34,0.43,0.96,,,,0.26,,89.7,,,,,233.7,952.08,
2024-08-03 11:00:00,29.35,56.77,4.8,22.44,26.23,21.54,10.38,1.41,33.95,0.73,2.08,,,,0.4,,90.95,,,,,118.16,952.06,
2024-08-03 12:00:00,31.72,61.1,5.42,25.11,30.13,22.85,11.13,1.42,34.68,0.96,2.81,,,,0.52,,90.7,,,,,131.87,951.88,
2024-08-03 13:00:00,31.79,61.24,5.38,25.11,30.12,22.8,10.61,1.42,31.63,0.94,2.73,,,,0.52,,87.2,,,,,286.76,951.72,
2024-08-03 14:00:00,31.83,61.35,5.38,25.4,30.47,22.7,10.36,1.42,35.65,0.94,2.82,,,,0.52,,74.68,,,,,233.92,951.58,
2024-08-03 15:00:00,33.06,61.44,5.46,25.56,29.54,22.68,10.7,1.4,34.94,0.93,2.85,,,,0.52,,72.38,,,,,163.06,951.46,
2024-08-03 16:00:00,33.99,61.62,5.43,24.96,29.66,22.86,10.17,1.4,35.58,0.94,2.94,,,,0.51,,74.68,,,,,64.82,951.46,
2024-08-03 17:00:00,34.01,61.66,5.37,25.98,30.4,22.77,10.41,1.44,34.81,0.93,2.8,,,,0.52,,83.4,,,,,34.76,951.56,
2024-08-03 18:00:00,34.0,61.62,5.45,24.86,29.8,22.97,10.6,1.42,33.35,0.94,2.82,,,,0.51,,88.78,,,,,14.89,951.76,
2024-08-03 19:00:00,30.66,56.39,5.34,25.55,29.94,22.75,10.85,1.44,29.35,0.92,2.87,,,,0.52,,93.5,,,,,14.89,951.99,
2024-08-03 20:00:00,26.16,49.34,5.44,24.64,31.0,22.78,10.36,1.44,31.34,0.94,2.88,,,,0.52,,93.45,,,,,14.89,952.17,
2024-08-03 21:00:00,26.14,49.29,5.53,24.75,29.66,22.67,11.34,1.4,34.53,0.94,2.82,,,,0.52,,93.5,,,,,14.89,952.31,
2024-08-03 22:00:00,26.12,49.24,5.52,25.27,31.05,22.95,10.57,1.4,32.89,0.93,2.9,,,,0.52,,93.6,,,,,14.89,952.34,
2024-08-03 23:00:00,26.1,49.2,5.59,25.64,30.26,22.82,11.29,1.41,32.16,0.96,2.84,,,,0.51,,93.6,,,,,14.89,952.3,
2024-08-04 00:00:00,26.08,49.16,5.57,25.46,30.26,22.78,11.15,1.44,31.74,0.95,2.84,,,,0.52,,93.6,,,,,14.89,952.16,
2024-08-04 01:00:00,26.06,49.11,5.3,25.56,30.58,22.83,10.06,1.46,31.64,0.94,2.83,,,,0.52,,93.6,,,,,14.89,951.98,
2024-08-04 02:00:00,26.04,49.08,5.51,25.56,28.85,22.72,9.92,1.42,31.38,0.94,2.83,,,,0.52,,93.6,,,,,14.89,951.84,
2024-08-04 03:00:00,26.07,49.14,5.39,25.3,29.68,23.03,10.61,1.37,31.61,0.94,2.86,,,,0.51,,93.62,,,,,14.89,951.8,
2024-08-04 04:00:00,26.07,49.14,5.38,25.64,29.85,22.85,10.02,1.36,29.71,0.94,2.87,,,,0.5,,93.7,,,,,14.89,951.86,
2024-08-04 05:00:00,26.05,49.1,5.59,24.37,30.14,22.85,10.56,1.38,28.73,0.94,2.86,,,,0.5,,93.7,,,,,14.89,951.92,
2024-08-04 06:00:00,26.04,49.06,5.57,25.18,30.73,22.9,10.84,1.38,27.7,0.96,2.88,,,,0.52,,93.7,,,,,14.89,951.95,
2024-08-04 07:00:00,26.02,49.02,5.45,24.33,29.35,22.78,12.85,1.4,27.54,0.95,2.88,,,,0.51,,93.68,,,,,27.11,952.11,
2024-08-04 08:00:00,26.0,48.99,5.44,25.12,30.03,22.86,9.46,1.38,29.51,0.94,2.86,,,,0.51,,93.6,,,,,47.27,952.24,
2024-08-04 09:00:00,25.98,48.95,5.4,25.29,31.38,22.86,9.61,1.38,32.34,0.94,2.86,,,,0.52,,93.42,,,,,118.12,952.29,
2024-08-04 10:00:00,25.96,48.91,5.54,24.83,29.72,22.78,11.8,1.38,32.48,0.95,2.86,,,,0.51,,81.12,,,,,327.76,952.28,
2024-08-04 11:00:00,25.96,48.9,5.48,25.82,30.38,22.91,10.1,1.37,34.05,0.94,2.86,,,,0.51,,65.2,,,,,313.76,952.2,
2024-08-04 12:00:00,26.0,48.99,5.47,24.61,30.5,23.04,8.47,1.38,35.52,0.94,2.86,,,,0.52,,61.32,,,,,367.22,952.02,
2024-08-04 13:00:00,26.07,49.14,5.48,25.25,30.04,22.86,9.68,1.38,35.55,0.94,2.84,,,,0.52,,58.85,,,,,271.37,951.78,
2024-08-04 14:00:00,26.17,49.36,5.5,24.69,29.57,22.96,11.18,1.38,35.39,0.94,2.84,,,,0.51,,58.68,,,,,239.44,951.62,
2024-08-04 15:00:00,26.22,49.48,5.45,25.08,29.78,22.72,8.58,1.38,38.92,0.93,2.91,,,,0.51,,63.5,,,,,143.53,951.46,
2024-08-04 16:00:00,26.32,49.69,5.41,24.7,30.11,22.63,10.18,1.39,43.82,0.94,2.8,,,,0.51,,62.0,,,,,104.83,951.38,
2024-08-04 17:00:00,26.35,49.76,5.36,25.18,30.29,23.03,12.42,1.39,43.7,0.95,2.88,,,,0.51,,62.25,,,,,36.58,951.36,
2024-08-04 18:00:00,26.33,49.72,5.42,25.14,29.96,22.84,11.78,1.37,40.29,0.94,2.78,,,,0.51,,66.92,,,,,14.89,951.5,
2024-08-04 19:00:00,26.3,49.66,5.44,26.66,29.69,23.16,9.68,1.43,38.54,0.94,2.76,,,,0.5,,73.6,,,,,14.89,951.72,
2024-08-04 20:00:00,26.28,49.6,5.24,25.04,29.49,22.68,10.36,1.42,37.48,0.94,2.9,,,,0.51,,75.47,,,,,14.89,951.88,
2024-08-04 21:00:00,26.26,49.54,5.44,25.59,29.8,22.78,11.64,1.44,35.67,0.94,2.84,,,,0.51,,80.58,,,,,14.89,952.08,
2024-08-04 22:00:00,26.23,49.49,5.58,25.5,29.68,22.92,11.17,1.41,36.53,0.96,2.87,,,,0.51,,91.05,,,,,14.89,952.15,
2024-08-04 23:00:00,26.2,49.44,5.62,25.22,29.87,22.9,9.67,1.4,35.75,0.93,2.83,,,,0.52,,93.5,,,,,14.89,952.14,
2024-08-05 00:00:00,26.18,49.38,5.48,24.79,29.58,22.78,9.54,1.41,34.5,0.95,2.78,,,,0.51,,93.6,,,,,14.89,952.08,
2024-08-05 01:00:00,26.16,49.34,5.5,25.18,30.01,22.77,10.47,1.4,35.08,0.94,2.87,,,,0.51,,93.6,,,,,14.89,951.91,
2024-08-05 02:00:00,26.14,49.29,5.4,25.4,30.25,22.94,11.87,1.4,34.4,0.94,2.8,,,,0.52,,93.6,,,,,14.89,951.83,
2024-08-05 03:00:00,26.12,49.24,5.47,24.82,30.11,22.87,11.08,1.41,34.48,0.95,2.82,,,,0.5,,93.6,,,,,14.89,951.78,
2024-08-05 04:00:00,26.1,49.2,5.38,24.48,30.34,22.86,11.4,1.43,32.96,0.94,2.78,,,,0.52,,93.6,,,,,14.89,951.73,
2024-08-05 05:00:00,26.08,49.16,5.5,25.41,29.72,22.95,11.42,1.42,30.37,0.94,2.83,,,,0.52,,93.6,,,,,14.89,951.81,
2024-08-05 06:00:00,26.06,49.11,5.51,25.16,29.77,22.92,10.2,1.42,30.57,0.94,2.77,,,,0.51,,93.6,,,,,14.89,951.97,
2024-08-05 07:00:00,26.04,49.07,5.3,24.77,30.69,22.79,9.0,1.43,30.5,0.94,2.85,,,,0.5,,93.6,,,,,19.68,952.08,
2024-08-05 08:00:00,26.02,49.03,5.54,24.14,29.36,22.88,11.54,1.46,30.88,0.94,2.83,,,,0.52,,93.55,,,,,50.13,952.15,
2024-08-05 09:00:00,26.0,48.99,5.65,25.24,30.19,22.81,10.81,1.43,33.39,0.94,2.83,,,,0.52,,93.45,,,,,88.03,952.17,
2024-08-05 10:00:00,25.98,48.96,5.46,25.26,30.38,22.99,11.72,1.42,35.08,0.93,2.83,,,,0.5,,85.5,,,,,183.54,952.15,
2024-08-05 11:00:00,27.73,52.94,6.32,26.18,30.27,25.62,11.31,1.3,36.84,0.89,2.84,,,,0.48,,67.6,,,,,274.63,952.0,
2024-08-05 12:00:00,29.5,56.96,7.32,26.63,34.06,28.3,10.21,1.2,38.93,0.8,2.81,,,,0.44,,61.7,,,,,324.61,951.82,
2024-08-05 13:00:00,29.56,57.09,7.34,26.39,33.98,28.07,10.04,1.19,41.15,0.83,2.81,,,,0.45,,56.9,,,,,264.33,951.72,
2024-08-05 14:00:00,29.66,57.32,7.06,26.69,33.85,27.98,11.14,1.21,42.61,0.8,2.92,,,,0.44,,55.95,,,,,276.41,951.53,
2024-08-05 15:00:00,29.78,57.58,7.33,26.68,33.24,28.08,10.35,1.22,42.52,0.81,2.92,,,,0.44,,52.25,,,,,328.02,951.33,
2024-08-05 16:00:00,28.5,57.72,6.7,25.57,31.92,29.16,10.74,1.22,39.98,0.88,2.52,,,,0.48,,65.42,,,,,53.95,951.28,
2024-08-05 17:00:00,27.34,57.15,6.12,24.18,30.75,30.14,12.23,1.29,28.34,0.94,2.12,,,,0.5,,93.7,,,,,14.89,951.42,
2024-08-05 18:00:00,27.12,56.65,6.15,24.5,30.42,30.19,12.0,1.37,27.21,0.94,2.13,,,,0.5,,93.7,,,,,14.89,951.45,
2024-08-05 19:00:00,26.86,56.1,6.2,24.48,30.4,29.98,9.81,1.4,25.23,0.94,2.14,,,,0.49,,93.7,,,,,14.89,951.66,
2024-08-05 20:00:00,26.66,55.67,6.26,24.26,30.64,30.2,8.42,1.27,25.04,0.94,2.16,,,,0.5,,93.7,,,,,14.89,951.97,
2024-08-05 21:00:00,26.52,55.36,6.16,24.34,30.58,30.24,10.76,1.22,28.55,0.93,2.15,,,,0.49,,93.7,,,,,14.89,952.19,
2024-08-05 22:00:00,26.42,55.14,6.32,24.23,30.44,30.33,11.59,1.22,27.73,0.94,2.1,,,,0.48,,93.7,,,,,14.89,952.29,
2024-08-05 23:00:00,26.34,54.98,6.16,24.08,30.59,29.96,10.4,1.21,30.28,0.95,2.12,,,,0.5,,93.7,,,,,14.89,952.16,
2024-08-06 00:00:00,26.28,54.86,6.14,24.47,30.45,30.44,11.54,1.22,30.54,0.94,2.15,,,,0.49,,93.7,,,,,14.89,951.96,
2024-08-06 01:00:00,26.25,54.77,6.18,24.4,30.72,30.26,12.96,1.2,29.2,0.92,2.19,,,,0.5,,93.7,,,,,14.89,951.79,
2024-08-06 02:00:00,26.22,54.71,6.29,24.1,30.59,30.38,11.62,1.2,29.52,0.94,2.15,,,,0.49,,93.7,,,,,14.89,951.67,
2024-08-06 03:00:00,26.2,54.66,6.21,24.48,30.59,30.14,11.5,1.25,30.02,0.94,2.13,,,,0.5,,93.7,,,,,14.89,951.61,
2024-08-06 04:00:00,26.18,54.63,6.06,24.34,30.68,30.25,10.91,1.23,29.7,0.94,2.14,,,,0.48,,93.7,,,,,14.89,951.59,
2024-08-06 05:00:00,26.17,54.61,6.18,24.32,30.64,30.31,11.18,1.2,28.16,0.94,2.12,,,,0.48,,93.7,,,,,14.89,951.58,
2024-08-06 06:00:00,26.17,54.6,6.35,24.75,30.42,30.04,11.62,1.21,27.22,0.94,2.16,,,,0.48,,93.8,,,,,17.89,951.66,
2024-08-06 07:00:00,26.16,54.58,6.24,24.25,30.48,30.18,9.04,1.2,27.04,0.95,2.13,,,,0.49,,93.8,,,,,65.19,951.79,
2024-08-06 08:00:00,26.15,54.56,6.25,24.44,30.43,30.31,10.96,1.21,27.4,0.93,2.12,,,,0.48,,93.72,,,,,121.27,951.9,
2024-08-06 09:00:00,26.15,54.55,6.23,24.61,30.55,30.3,11.38,1.19,28.97,0.95,2.13,,,,0.49,,93.55,,,,,168.66,951.96,
2024-08-06 10:00:00,26.14,54.54,6.18,24.23,30.8,30.35,10.21,1.18,30.54,0.94,2.16,,,,0.48,,90.95,,,,,290.42,951.9,
2024-08-06 11:00:00,26.13,54.52,6.22,24.74,30.56,30.12,10.56,1.21,32.42,0.93,2.14,,,,0.5,,83.5,,,,,274.96,951.8,
2024-08-06 12:00:00,,54.1,14.35,19.3,27.65,20.02,8.97,1.24,31.07,0.9,2.22,,,,0.49,,69.9,,,,,569.17,951.61,
2024-08-06 13:00:00,,54.1,,,,,13.36,1.23,38.71,0.9,2.16,,,,0.5,,65.7,,,,,386.98,951.43,
2024-08-06 14:00:00,28.0,48.26,11.19,31.1,24.53,14.02,8.54,2.15,37.14,0.96,2.25,,,,0.5,,61.93,,,,,332.7,951.28,
2024-08-06 15:00:00,23.62,30.02,6.86,27.54,20.56,6.84,4.19,0.43,31.23,0.93,2.14,,,,0.5,,61.58,,,,,197.4,951.11,
2024-08-06 16:00:00,24.22,29.08,2.86,19.1,16.76,2.86,1.34,0.57,26.62,0.93,2.12,,,,0.49,,93.0,,,,,,951.26,
2024-08-06 17:00:00,24.5,29.77,1.27,15.4,15.66,1.27,3.19,0.74,19.06,0.94,2.14,,,,0.48,,97.7,,,,,,951.32,
2024-08-06 18:00:00,24.34,29.39,2.95,19.62,16.98,2.95,3.57,0.63,18.1,0.94,2.15,,,,0.5,,97.6,,,,,,951.39,
2024-08-06 19:00:00,24.24,29.13,3.25,21.86,18.47,3.25,2.01,0.54,17.06,0.94,2.14,,,,0.5,,97.65,,,,,,951.58,
2024-08-06 20:00:00,24.2,29.04,6.4,26.9,19.99,6.4,2.78,0.51,20.57,0.93,2.12,,,,0.49,,97.7,,,,,,951.8,
2024-08-06 21:00:00,24.27,29.22,7.4,29.05,21.22,7.4,4.51,0.43,23.93,0.95,2.1,,,,0.5,,97.65,,,,,,951.92,
2024-08-06 22:00:00,24.68,30.2,8.34,30.56,22.01,8.34,4.42,0.43,19.71,0.95,2.14,,,,0.49,,97.7,,,,,,952.05,
2024-08-06 23:00:00,25.19,31.41,8.26,30.58,21.95,8.26,4.73,0.43,17.53,0.94,2.14,,,,0.49,,97.62,,,,,,952.04,
2024-08-07 00:00:00,25.24,31.52,8.45,30.56,21.69,8.45,4.0,0.53,16.66,0.94,2.15,,,,0.49,,97.7,,,,,,951.87,
2024-08-07 01:00:00,25.24,31.54,10.49,33.78,22.76,10.49,4.14,0.6,17.49,0.92,2.17,,,,0.48,,97.65,,,,,,951.67,
2024-08-07 02:00:00,25.38,31.85,9.14,32.24,22.78,9.14,3.37,0.59,17.52,0.94,2.18,,,,0.49,,97.62,,,,,,951.62,
2024-08-07 03:00:00,25.36,31.82,11.87,33.4,21.08,11.86,5.68,0.52,17.21,0.94,2.16,,,,0.49,,97.7,,,,,,951.51,
2024-08-07 04:00:00,25.34,31.78,8.2,27.2,18.86,8.2,4.75,0.55,16.6,0.96,2.16,,,,0.49,,97.7,,,,,,951.5,
2024-08-07 05:00:00,25.4,31.91,9.5,31.0,21.67,9.5,3.96,0.57,16.8,0.93,2.13,,,,0.49,,97.7,,,,,,951.56,
2024-08-07 06:00:00,25.47,32.08,7.74,29.02,20.94,7.78,5.47,0.61,16.18,0.94,2.12,,,,0.49,,97.7,,,,,,951.59,
2024-08-07 07:00:00,25.53,32.21,10.2,33.98,23.48,10.2,5.86,0.62,16.75,0.94,2.16,,,,0.48,,97.65,,,,,13.33,951.76,
2024-08-07 08:00:00,25.6,32.38,9.11,29.16,20.12,9.11,5.08,0.64,16.68,0.95,2.16,,,,0.49,,97.55,,,,,70.66,951.9,
2024-08-07 09:00:00,25.66,32.53,7.58,29.57,22.18,7.58,5.6,0.61,16.9,0.94,2.12,,,,0.48,,97.48,,,,,96.71,951.99,
2024-08-07 10:00:00,25.75,32.74,10.8,32.36,21.49,10.8,4.8,0.54,17.8,0.94,2.17,,,,0.48,,97.4,,,,,106.4,951.94,
2024-08-07 11:00:00,24.32,29.33,2.34,10.62,10.56,0.48,2.5,0.48,18.52,0.94,2.12,,,,0.48,,93.1,,,,,173.48,951.82,
2024-08-07 12:00:00,32.85,49.65,1.51,9.15,11.82,1.52,2.23,0.5,19.4,0.94,2.12,,,,0.49,,91.7,,,,,102.18,951.68,
2024-08-07 13:00:00,33.78,51.85,7.14,22.66,16.17,7.14,4.24,0.5,20.92,0.94,2.13,,,,0.49,,87.15,,,,,148.08,951.53,
2024-08-07 14:00:00,31.11,45.5,9.08,27.69,19.25,9.08,3.88,0.69,22.28,0.94,2.16,,,,0.49,,81.55,,,,,148.7,951.38,
2024-08-07 15:00:00,30.81,44.79,8.22,26.38,18.75,8.24,6.17,0.48,22.44,0.94,2.12,,,,0.5,,79.08,,,,,92.81,951.26,
2024-08-07 16:00:00,29.29,41.17,7.88,23.15,16.51,7.9,5.08,0.26,19.97,0.96,2.11,,,,0.48,,80.88,,,,,50.22,951.21,
2024-08-07 17:00:00,31.66,46.81,9.3,28.95,20.19,9.3,3.27,0.23,19.57,0.96,2.16,,,,0.49,,89.22,,,,,19.71,951.31,
2024-08-07 18:00:00,33.13,50.32,10.76,29.43,19.17,10.76,4.86,0.35,19.32,0.95,2.14,,,,0.5,,97.25,,,,,,951.54,
2024-08-07 19:00:00,31.71,46.92,9.42,26.27,17.46,9.42,5.74,0.58,16.45,0.94,2.14,,,,0.49,,97.7,,,,,,951.76,
2024-08-07 20:00:00,32.67,49.21,10.03,26.24,16.75,10.03,5.48,0.53,16.92,0.94,2.16,,,,0.49,,97.7,,,,,,951.88,
2024-08-07 21:00:00,31.04,45.34,11.89,31.3,19.94,11.89,4.85,0.51,15.96,0.93,2.16,,,,0.5,,97.7,,,,,,951.98,
2024-08-07 22:00:00,29.84,42.47,7.61,26.64,19.52,7.61,5.21,0.53,16.13,0.95,2.14,,,,0.49,,97.7,,,,,,952.12,
2024-08-07 23:00:00,29.47,41.61,9.02,27.63,19.08,9.02,5.92,0.5,15.42,0.94,2.14,,,,0.48,,97.45,,,,,,952.07,
2024-08-08 00:00:00,28.39,39.02,7.57,25.85,18.66,7.57,6.08,0.49,16.3,0.95,2.12,,,,0.5,,97.32,,,,,,951.82,
2024-08-08 01:00:00,28.65,39.65,9.52,26.8,17.85,9.52,6.43,0.5,15.83,0.94,2.17,,,,0.49,,97.32,,,,,,951.74,
2024-08-08 02:00:00,28.06,38.24,9.33,28.56,19.72,9.32,5.3,0.49,16.59,0.93,2.14,,,,0.49,,97.32,,,,,,951.64,
2024-08-08 03:00:00,27.23,36.26,9.91,29.04,19.8,9.91,6.48,0.47,16.13,0.94,2.11,,,,0.49,,97.7,,,,,,951.64,
2024-08-08 04:00:00,26.7,35.0,10.38,28.96,19.48,10.38,5.88,0.47,16.82,0.94,2.14,,,,0.5,,97.7,,,,,,951.67,
2024-08-08 05:00:00,26.28,34.0,7.97,24.63,17.22,7.97,5.66,0.47,15.98,0.94,2.17,,,,0.49,,97.7,,,,,,951.7,
2024-08-08 06:00:00,26.44,34.4,10.21,28.87,19.18,10.21,6.36,0.48,15.92,0.95,2.11,,,,0.48,,97.7,,,,,,951.9,
2024-08-08 07:00:00,28.02,38.14,9.71,28.26,19.07,9.71,5.97,0.49,15.34,0.94,2.13,,,,0.49,,97.7,,,,,,952.04,
2024-08-08 08:00:00,27.58,37.1,10.33,30.43,20.6,10.33,4.81,0.51,15.85,0.94,2.12,,,,0.49,,97.65,,,,,32.63,952.09,
2024-08-08 09:00:00,27.38,36.63,8.28,24.26,16.5,8.28,5.2,0.49,16.45,0.95,2.16,,,,0.48,,97.55,,,,,96.9,952.14,
2024-08-08 10:00:00,27.74,37.48,11.09,30.48,19.85,11.09,7.11,0.48,18.72,0.96,2.13,,,,0.48,,95.32,,,,,269.32,952.06,
2024-08-08 11:00:00,28.89,40.22,9.7,27.01,17.78,9.7,6.58,0.52,19.8,0.95,2.15,,,,0.5,,81.4,,,,,399.58,951.94,
2024-08-08 12:00:00,28.17,38.5,8.35,25.31,17.49,8.35,5.88,0.8,23.25,0.94,2.14,,,,0.48,,68.95,,,,,322.4,951.81,
2024-08-08 13:00:00,28.58,39.48,10.56,29.14,19.1,10.56,7.32,0.77,22.37,0.94,2.15,,,,0.5,,67.75,,,,,278.35,951.67,
2024-08-08 14:00:00,28.03,38.17,9.68,28.29,19.17,9.68,6.99,0.84,23.96,0.94,2.14,,,,0.5,,70.6,,,,,132.39,951.55,
2024-08-08 15:00:00,27.85,37.72,8.24,25.46,17.82,8.24,7.05,0.92,22.58,0.93,2.14,,,,0.49,,82.95,,,,,72.61,951.46,
2024-08-08 16:00:00,29.14,40.81,7.63,25.98,19.06,7.64,5.65,0.78,21.68,0.94,2.13,,,,0.5,,82.05,,,,,95.14,951.42,
2024-08-08 17:00:00,30.44,43.9,9.93,31.2,21.76,9.93,5.49,0.71,21.48,0.95,2.18,,,,0.49,,89.28,,,,,46.74,951.5,
2024-08-08 18:00:00,29.37,41.34,9.55,29.12,20.05,9.55,6.64,0.59,21.19,0.94,2.1,,,,0.5,,97.28,,,,,,951.7,
2024-08-08 19:00:00,28.81,40.02,10.4,29.87,19.97,10.4,6.64,0.56,20.02,0.94,2.14,,,,0.49,,97.5,,,,,,951.85,
2024-08-08 20:00:00,29.5,41.68,10.45,28.92,18.9,10.44,5.87,0.5,19.15,0.94,2.16,,,,0.48,,97.52,,,,,,952.01,
2024-08-08 21:00:00,30.17,43.27,7.74,25.68,18.53,7.73,3.2,0.5,19.71,0.94,2.12,,,,0.49,,97.6,,,,,,952.25,
2024-08-08 22:00:00,31.4,46.18,7.56,24.71,17.79,7.56,5.54,0.44,19.98,0.93,2.18,,,,0.48,,97.6,,,,,,952.31,
2024-08-08 23:00:00,30.22,43.39,10.62,31.26,21.09,10.62,5.88,0.46,19.69,0.95,2.14,,,,0.49,,97.6,,,,,,952.22,
2024-08-09 00:00:00,28.63,39.6,10.0,27.77,18.23,10.0,4.69,0.45,20.75,0.95,2.17,,,,0.49,,97.6,,,,,,952.12,
2024-08-09 01:00:00,27.97,38.01,10.26,30.62,20.84,10.26,5.29,0.48,21.53,0.94,2.18,,,,0.5,,97.6,,,,,,951.97,
2024-08-09 02:00:00,27.89,37.84,8.06,26.76,19.24,8.06,5.34,0.47,19.85,0.94,2.14,,,,0.49,,97.6,,,,,,951.87,
2024-08-09 03:00:00,27.29,36.41,7.72,25.33,18.15,7.72,5.71,0.46,18.61,0.94,2.14,,,,0.48,,97.6,,,,,,951.84,
2024-08-09 04:00:00,26.72,35.06,7.94,25.45,18.08,7.94,7.02,0.46,17.66,0.96,2.11,,,,0.5,,97.7,,,,,,951.85,
2024-08-09 05:00:00,28.77,39.92,7.42,25.67,18.78,7.42,4.6,0.46,18.2,0.94,2.12,,,,0.48,,97.68,,,,,,951.9,
2024-08-09 06:00:00,28.38,38.99,9.84,30.34,20.96,9.84,6.24,0.49,17.73,0.93,2.13,,,,0.5,,97.7,,,,,,952.02,
2024-08-09 07:00:00,30.59,44.25,8.84,24.39,16.07,8.84,5.24,0.5,17.36,0.95,2.17,,,,0.48,,97.68,,,,,,952.11,
2024-08-09 08:00:00,29.93,42.68,9.4,27.28,18.44,9.4,5.7,0.49,18.97,0.94,2.14,,,,0.49,,97.55,,,,,59.62,952.11,
2024-08-09 09:00:00,28.56,39.42,7.48,24.42,17.48,7.48,7.25,0.4,20.33,0.95,2.12,,,,0.49,,91.62,,,,,217.79,952.12,
2024-08-09 10:00:00,29.23,41.03,10.14,29.62,19.98,10.14,6.65,0.38,24.36,0.95,2.13,,,,0.5,,79.35,,,,,275.33,952.07,
2024-08-09 11:00:00,28.41,39.07,8.05,25.16,17.64,8.05,5.27,0.53,26.57,0.94,2.2,,,,0.48,,75.18,,,,,219.3,952.0,
2024-08-09 12:00:00,24.66,46.9,9.53,26.45,17.44,20.18,4.16,1.02,27.07,0.83,1.93,,,,0.43,,67.88,,,,,346.18,951.8,
2024-08-09 13:00:00,29.43,62.82,9.9,29.77,20.43,22.9,4.74,1.17,25.8,0.81,1.82,,,,0.42,,65.55,,,,,183.36,951.7,
2024-08-09 14:00:00,29.8,63.7,11.1,29.36,18.8,24.1,5.48,1.39,24.97,0.8,1.76,,,,0.4,,64.53,,,,,213.51,951.57,
2024-08-09 15:00:00,28.13,59.73,9.71,30.12,20.86,22.71,6.9,1.41,25.28,0.81,1.78,,,,0.41,,63.18,,,,,145.85,951.46,
2024-08-09 16:00:00,30.02,64.22,10.17,28.24,18.59,23.17,7.18,1.62,26.73,0.82,1.82,,,,0.42,,62.72,,,,,104.66,951.43,
2024-08-09 17:00:00,29.33,62.58,10.48,31.22,21.23,23.48,7.73,1.5,23.14,0.81,1.77,,,,0.4,,69.58,,,,,56.86,951.5,
2024-08-09 18:00:00,30.47,65.3,9.66,26.42,17.26,22.66,8.07,1.32,21.71,0.82,1.78,,,,0.41,,77.28,,,,,,951.62,
2024-08-09 19:00:00,31.61,68.02,9.23,27.94,19.42,22.23,6.05,1.19,17.63,0.81,1.76,,,,0.4,,86.88,,,,,,951.81,
2024-08-09 20:00:00,30.91,66.34,8.7,25.5,17.29,21.7,5.93,1.14,20.36,0.81,1.76,,,,0.41,,90.22,,,,,,951.94,
2024-08-09 21:00:00,32.14,69.28,9.07,27.3,18.7,22.07,7.05,1.12,19.41,0.82,1.8,,,,0.41,,95.32,,,,,,952.14,
2024-08-09 22:00:00,31.06,66.7,8.63,26.2,18.06,21.64,6.71,1.11,20.62,0.82,1.84,,,,0.42,,97.6,,,,,,952.21,
2024-08-09 23:00:00,30.28,64.84,9.91,29.02,19.58,22.92,5.21,1.09,20.73,0.81,1.77,,,,0.4,,97.6,,,,,,952.18,
2024-08-10 00:00:00,30.65,65.72,9.23,30.14,21.53,22.23,4.88,1.08,18.81,0.8,1.78,,,,0.41,,97.65,,,,,,952.09,
2024-08-10 01:00:00,29.66,63.36,8.01,26.59,19.03,21.02,5.68,1.08,18.04,0.81,1.8,,,,0.42,,97.7,,,,,,952.01,
2024-08-10 02:00:00,28.28,60.07,7.79,28.84,21.57,20.8,7.07,1.08,17.73,0.81,1.8,,,,0.41,,97.7,,,,,,951.98,
2024-08-10 03:00:00,27.98,59.36,7.19,26.24,19.56,20.19,5.4,1.11,18.08,0.81,1.81,,,,0.4,,97.7,,,,,,951.99,
2024-08-10 04:00:00,27.8,58.94,9.41,29.09,20.09,22.41,3.92,1.1,17.28,0.8,1.81,,,,0.42,,97.7,,,,,,952.1,
2024-08-10 05:00:00,27.7,58.69,9.99,28.04,18.57,22.99,5.26,1.08,16.58,0.82,1.82,,,,0.41,,97.7,,,,,,952.19,
2024-08-10 06:00:00,27.13,57.34,8.93,26.09,17.66,21.93,6.43,1.07,15.92,0.8,1.77,,,,0.41,,97.7,,,,,,952.16,
2024-08-10 07:00:00,27.92,59.24,7.34,24.8,17.93,20.34,4.72,1.09,15.46,0.8,1.8,,,,0.4,,97.7,,,,,20.05,952.08,
2024-08-10 08:00:00,27.51,58.25,9.62,27.57,18.42,22.62,3.34,1.09,18.05,0.8,1.8,,,,0.41,,97.65,,,,,71.35,951.99,
2024-08-10 09:00:00,27.61,58.48,8.68,24.58,16.65,21.68,6.49,1.1,20.87,0.81,1.82,,,,0.41,,96.38,,,,,292.48,952.0,
2024-08-10 10:00:00,27.95,59.3,8.97,26.86,18.42,21.97,5.21,1.08,22.4,0.8,1.8,,,,0.41,,93.78,,,,,70.51,952.12,
2024-08-10 11:00:00,29.01,61.82,9.15,26.26,17.61,22.15,4.42,1.1,19.21,0.82,1.83,,,,0.4,,94.52,,,,,119.97,952.07,
2024-08-10 12:00:00,28.44,60.48,9.41,27.21,18.41,22.42,5.28,1.12,22.99,0.81,1.78,,,,0.4,,97.42,,,,,80.82,951.91,
2024-08-10 13:00:00,30.11,64.44,9.13,26.36,17.74,22.13,5.4,1.09,29.82,0.82,1.81,,,,0.41,,80.82,,,,,287.32,951.72,
2024-08-10 14:00:00,29.65,63.34,9.77,29.84,20.66,22.77,6.25,1.08,30.64,0.82,1.82,,,,0.41,,66.22,,,,,348.68,951.53,
2024-08-10 15:00:00,28.9,61.56,9.43,29.28,20.36,22.43,6.19,1.1,36.26,0.81,1.75,,,,0.41,,63.45,,,,,256.92,951.38,
2024-08-10 16:00:00,30.53,65.43,10.41,31.62,21.75,23.4,6.57,1.11,33.22,0.82,1.79,,,,0.4,,63.58,,,,,125.11,951.32,
2024-08-10 17:00:00,30.26,64.79,8.19,24.86,17.13,21.19,6.47,1.14,31.2,0.81,1.8,,,,0.4,,65.68,,,,,2.39,951.35,
2024-08-10 18:00:00,29.65,63.36,8.39,25.8,17.92,21.4,6.18,1.12,27.96,0.81,1.79,,,,0.4,,76.5,,,,,,951.44,
2024-08-10 19:00:00,31.14,66.89,9.26,29.07,20.32,22.26,6.94,1.1,21.91,0.8,1.78,,,,0.4,,89.72,,,,,,951.6,
2024-08-10 20:00:00,32.3,69.66,10.18,29.76,20.03,23.18,6.68,1.14,19.84,0.8,1.82,,,,0.41,,95.88,,,,,,951.79,
2024-08-10 21:00:00,34.05,73.82,9.72,28.73,19.56,22.72,6.07,1.07,21.45,0.81,1.78,,,,0.41,,97.5,,,,,,951.94,
2024-08-10 22:00:00,33.91,73.5,8.25,26.78,19.06,21.25,5.24,1.06,19.47,0.8,1.79,,,,0.41,,97.25,,,,,,951.98,
2024-08-10 23:00:00,32.56,70.28,9.04,29.22,20.74,22.04,4.91,1.09,18.65,0.82,1.78,,,,0.4,,97.15,,,,,,951.92,
2024-08-11 00:00:00,30.57,65.54,9.94,28.44,18.99,22.94,4.22,1.06,20.11,0.8,1.8,,,,0.42,,97.2,,,,,,951.81,
2024-08-11 01:00:00,29.22,62.32,7.8,26.11,18.96,20.8,6.12,1.06,19.67,0.8,1.82,,,,0.41,,97.25,,,,,,951.67,
2024-08-11 02:00:00,29.42,62.79,9.5,29.38,20.33,22.51,6.19,1.06,19.39,0.81,1.79,,,,0.41,,97.45,,,,,,951.61,
2024-08-11 03:00:00,31.05,66.68,9.95,29.76,20.48,22.96,5.72,1.1,18.3,0.81,1.76,,,,0.4,,97.6,,,,,,951.64,
2024-08-11 04:00:00,29.98,64.12,9.47,27.55,18.6,22.46,6.54,1.08,18.87,0.8,1.78,,,,0.41,,97.6,,,,,,951.69,
2024-08-11 05:00:00,28.42,60.41,9.37,28.18,19.34,22.36,6.42,1.07,19.05,0.81,1.8,,,,0.42,,97.6,,,,,,951.7,
2024-08-11 06:00:00,27.37,57.92,10.11,28.89,19.26,23.12,5.66,1.06,18.68,0.8,1.77,,,,0.4,,97.6,,,,,,951.64,
2024-08-11 07:00:00,26.8,56.55,10.41,29.46,19.61,23.4,6.0,1.08,20.94,0.8,1.8,,,,0.41,,97.57,,,,,7.25,951.75,
2024-08-11 08:00:00,28.56,60.75,9.57,26.85,17.78,22.58,6.26,1.09,21.34,0.81,1.78,,,,0.42,,97.45,,,,,64.54,951.9,
2024-08-11 09:00:00,28.31,60.14,9.06,25.36,16.8,22.06,7.27,1.08,23.04,0.8,1.79,,,,0.41,,95.5,,,,,101.36,951.88,
2024-08-11 10:00:00,27.16,57.41,8.25,25.9,18.09,21.24,6.09,1.08,23.2,0.82,1.83,,,,0.4,,83.98,,,,,406.15,951.7,
2024-08-11 11:00:00,27.56,58.37,9.14,25.89,17.26,22.14,6.38,1.08,26.26,0.82,1.79,,,,0.41,,68.47,,,,,452.4,951.54,
2024-08-11 12:00:00,28.01,59.44,9.17,28.47,19.82,22.16,7.04,1.11,29.15,0.8,1.78,,,,0.4,,63.52,,,,,445.69,951.42,
2024-08-11 13:00:00,27.41,58.01,9.72,30.71,21.42,22.72,6.22,1.12,27.52,0.79,1.79,,,,0.42,,57.55,,,,,384.07,951.23,
2024-08-11 14:00:00,26.6,56.09,11.88,29.51,18.11,24.88,5.73,1.14,29.54,0.82,1.82,,,,0.41,,57.0,,,,,384.31,951.05,
2024-08-11 15:00:00,25.88,54.37,9.27,27.16,18.41,22.27,5.21,1.16,31.34,0.82,1.78,,,,0.41,,56.58,,,,,216.48,950.9,
2024-08-11 16:00:00,25.99,54.62,8.74,27.33,19.03,21.74,7.02,1.25,33.94,0.81,1.78,,,,0.42,,58.5,,,,,65.4,950.76,
2024-08-11 17:00:00,27.24,57.62,9.93,29.06,19.56,22.93,6.47,1.27,34.61,0.82,1.78,,,,0.42,,62.62,,,,,,950.82,
2024-08-11 18:00:00,28.36,60.27,6.32,23.3,17.55,19.33,6.68,1.22,32.6,0.81,1.81,,,,0.4,,67.35,,,,,,950.88,
2024-08-11 19:00:00,28.24,59.99,8.12,23.72,16.14,21.14,6.3,1.07,27.18,0.81,1.75,,,,0.4,,70.68,,,,,,951.06,
2024-08-11 20:00:00,27.3,57.76,7.32,23.78,16.96,20.32,5.67,1.04,24.08,0.82,1.79,,,,0.41,,75.32,,,,,,951.22,
2024-08-11 21:00:00,28.04,59.5,8.72,27.64,19.37,21.72,4.69,1.02,25.4,0.82,1.74,,,,0.42,,75.88,,,,,,951.26,
2024-08-11 22:00:00,27.94,59.29,8.6,27.41,19.36,21.6,5.1,1.02,22.09,0.82,1.77,,,,0.4,,80.78,,,,,,951.44,
2024-08-11 23:00:00,29.97,64.1,11.18,31.52,20.89,24.18,7.48,1.04,17.62,0.82,1.8,,,,0.41,,86.58,,,,,,951.43,
2024-08-12 00:00:00,32.04,69.02,11.03,29.88,19.31,24.03,7.18,1.01,24.68,0.82,1.84,,,,0.4,,90.5,,,,,,951.41,
2024-08-12 01:00:00,31.39,67.5,8.79,27.65,19.36,21.79,6.4,0.97,23.8,0.82,1.79,,,,0.41,,97.48,,,,,,951.34,
2024-08-12 02:00:00,31.8,68.46,10.41,28.53,18.6,23.41,6.4,1.01,22.25,0.81,1.76,,,,0.41,,97.57,,,,,,951.32,
2024-08-12 03:00:00,30.62,65.64,7.0,23.93,17.47,20.01,6.48,1.09,19.7,0.82,1.79,,,,0.41,,97.65,,,,,,951.35,
2024-08-12 04:00:00,30.12,64.47,9.18,26.9,18.26,22.18,4.89,1.1,16.41,0.81,1.78,,,,0.4,,97.7,,,,,,951.53,
2024-08-12 05:00:00,28.95,61.68,10.26,30.46,20.77,23.26,5.72,1.08,16.56,0.81,1.77,,,,0.42,,97.7,,,,,,951.66,
2024-08-12 06:00:00,27.7,58.71,8.84,26.7,18.38,21.84,5.0,1.09,22.28,0.81,1.82,,,,0.4,,97.7,,,,,,951.74,
2024-08-12 07:00:00,26.76,56.47,10.71,31.53,21.37,23.71,4.9,1.16,17.41,0.81,1.79,,,,0.41,,97.7,,,,,1.54,951.7,
2024-08-12 08:00:00,26.21,55.15,10.02,26.94,17.45,23.02,6.64,1.18,16.08,0.81,1.79,,,,0.4,,97.7,,,,,23.48,951.57,
2024-08-12 09:00:00,25.78,54.13,8.78,26.11,17.83,21.78,6.04,1.18,17.82,0.8,1.77,,,,0.41,,97.7,,,,,282.71,951.45,
2024-08-12 10:00:00,25.93,54.48,9.86,27.9,18.53,22.87,6.96,1.13,25.38,0.81,1.82,,,,0.41,,97.45,,,,,453.64,951.28,
2024-08-12 11:00:00,24.01,49.9,10.56,30.66,20.62,29.31,5.69,1.13,26.38,0.96,1.59,,,,0.52,,89.65,,,,,369.7,951.34,
2024-08-12 12:00:00,24.27,50.52,9.89,26.1,16.81,28.89,6.55,1.14,28.96,0.97,1.52,,,,0.52,,73.18,,,,,399.4,951.21,
2024-08-12 13:00:00,23.94,49.75,10.54,31.7,21.74,29.54,7.34,1.14,32.08,0.82,1.71,,,,0.48,,68.88,,,,,456.16,951.06,
2024-08-12 14:00:00,24.34,50.71,12.1,30.76,19.26,31.09,6.8,1.38,30.58,0.82,1.66,,,,0.48,,64.88,,,,,285.17,950.97,
2024-08-12 15:00:00,25.66,53.83,9.48,27.56,18.55,28.48,9.13,1.44,30.96,0.83,1.66,,,,0.48,,63.58,,,,,184.1,950.86,
2024-08-12 16:00:00,27.1,57.28,8.2,27.02,19.38,27.2,10.47,1.42,32.83,0.82,1.66,,,,0.47,,64.75,,,,,106.42,950.82,
2024-08-12 17:00:00,26.98,56.97,7.46,22.7,15.72,26.46,5.28,1.48,32.36,0.8,1.71,,,,0.48,,66.4,,,,,13.69,950.8,
2024-08-12 18:00:00,27.29,57.72,7.38,24.44,18.15,26.38,7.85,1.34,27.83,0.81,1.68,,,,0.48,,76.15,,,,,,950.9,
2024-08-12 19:00:00,31.44,67.61,7.07,24.53,18.1,26.07,8.11,1.14,20.81,0.82,1.69,,,,0.48,,85.3,,,,,,951.08,
2024-08-12 20:00:00,30.35,65.0,8.54,26.8,18.7,27.54,4.79,1.09,16.8,0.81,1.67,,,,0.49,,88.22,,,,,,951.23,
2024-08-12 21:00:00,29.94,64.03,6.96,24.54,18.28,25.96,4.93,1.02,17.27,0.82,1.65,,,,0.48,,86.82,,,,,,951.37,
2024-08-12 22:00:00,31.44,67.6,9.3,29.3,20.51,28.3,7.18,1.0,16.57,0.8,1.69,,,,0.49,,92.92,,,,,,951.5,
2024-08-12 23:00:00,38.94,85.45,10.59,29.34,19.24,29.58,6.85,0.94,17.98,0.82,1.65,,,,0.48,,97.4,,,,,,951.53,
2024-08-13 00:00:00,35.64,77.61,10.62,30.6,20.5,29.61,5.35,0.92,20.98,0.82,1.68,,,,0.48,,97.48,,,,,,951.36,
2024-08-13 01:00:00,37.06,80.99,9.93,28.12,18.72,28.93,6.48,0.94,20.05,0.82,1.66,,,,0.48,,97.68,,,,,,951.27,
2024-08-13 02:00:00,34.46,74.8,11.02,30.92,20.32,30.02,4.2,0.98,17.08,0.8,1.66,,,,0.48,,97.7,,,,,,951.26,
2024-08-13 03:00:00,32.08,69.12,7.3,24.86,18.21,30.54,3.35,1.18,17.24,0.81,1.69,,,,0.48,,97.7,,,,,,951.3,
2024-08-13 04:00:00,24.27,50.52,9.57,25.92,16.81,28.58,3.85,1.18,15.82,0.79,1.7,,,,0.48,,97.7,,,,,,951.28,
2024-08-13 05:00:00,30.65,65.72,9.6,28.54,19.47,28.59,5.18,1.17,34.46,0.8,1.68,,,,0.48,,97.7,,,,,,951.32,
2024-08-13 06:00:00,29.97,64.09,8.69,25.91,17.74,27.69,7.12,1.19,12.92,0.8,1.67,,,,0.47,,97.7,,,,,,951.51,
2024-08-13 07:00:00,28.58,60.77,10.28,28.83,19.08,29.28,7.41,1.17,20.88,0.81,1.67,,,,0.48,,97.65,,,,,1.9,951.62,
2024-08-13 08:00:00,27.67,58.64,7.56,26.4,19.54,26.56,6.69,1.19,26.17,0.8,1.66,,,,0.48,,97.52,,,,,27.53,951.7,
2024-08-13 09:00:00,26.96,56.94,6.94,23.3,16.94,25.94,5.84,1.17,30.84,0.81,1.66,,,,0.48,,90.88,,,,,393.05,951.68,
2024-08-13 10:00:00,29.08,62.0,6.89,24.24,17.91,25.89,4.37,1.15,48.9,0.8,1.67,,,,0.48,,62.05,,,,,667.96,951.62,
2024-08-13 11:00:00,23.92,38.19,7.28,25.45,18.6,23.37,5.42,1.49,44.42,0.68,1.48,,,,0.35,,45.2,,,,,479.63,951.48,
2024-08-13 12:00:00,28.64,49.62,9.98,29.2,19.76,26.32,4.08,1.55,53.39,0.64,1.43,,,,0.35,,45.72,,,,,392.27,951.33,
2024-08-13 13:00:00,29.95,52.73,11.79,30.08,18.82,28.12,4.0,1.7,50.7,0.66,1.46,,,,0.36,,44.92,,,,,307.6,951.12,
2024-08-13 14:00:00,31.84,57.22,9.59,27.78,18.74,25.92,5.36,1.73,48.71,0.67,1.48,,,,0.34,,44.68,,,,,273.25,950.91,
2024-08-13 15:00:00,29.86,52.52,10.93,28.75,18.3,27.26,4.65,1.74,40.66,0.66,1.43,,,,0.35,,44.7,,,,,231.02,950.72,
2024-08-13 16:00:00,31.73,56.96,8.26,25.68,18.18,24.6,7.28,1.8,39.11,0.66,1.45,,,,0.36,,44.72,,,,,92.61,950.64,
2024-08-13 17:00:00,30.13,53.17,9.88,29.17,19.82,26.21,5.89,1.84,32.23,0.66,1.44,,,,0.36,,47.45,,,,,19.39,950.72,
2024-08-13 18:00:00,35.06,64.9,8.75,28.68,20.42,25.09,4.28,1.9,27.25,0.67,1.45,,,,0.35,,58.0,,,,,5.89,950.92,
2024-08-13 19:00:00,33.39,60.94,6.99,22.08,16.12,23.32,4.76,1.71,22.8,0.66,1.44,,,,0.35,,62.92,,,,,5.89,951.08,
2024-08-13 20:00:00,35.72,66.5,8.68,24.92,16.84,25.01,4.92,1.58,30.76,0.66,1.46,,,,0.35,,68.03,,,,,5.89,951.3,
2024-08-13 21:00:00,32.89,59.74,8.29,24.52,16.69,24.62,7.88,1.5,25.74,0.66,1.45,,,,0.34,,70.68,,,,,5.89,951.5,
2024-08-13 22:00:00,33.31,60.74,8.32,23.44,15.65,24.65,6.69,1.37,31.12,0.65,1.44,,,,0.35,,78.1,,,,,5.89,951.66,
2024-08-13 23:00:00,31.21,55.73,7.58,26.06,19.12,23.92,5.88,1.34,27.09,0.66,1.49,,,,0.35,,86.12,,,,,5.89,951.5,
2024-08-14 00:00:00,29.98,52.81,7.86,24.19,16.79,24.2,5.77,1.36,32.92,0.66,1.45,,,,0.34,,93.48,,,,,5.89,951.37,
2024-08-14 01:00:00,32.58,59.01,9.18,27.92,19.26,25.52,7.03,1.3,36.48,0.67,1.46,,,,0.35,,93.5,,,,,5.89,951.29,
2024-08-14 02:00:00,34.84,64.38,9.46,27.49,18.54,25.79,5.85,1.38,28.52,0.67,1.42,,,,0.36,,93.5,,,,,5.89,951.1,
2024-08-14 03:00:00,32.25,58.22,8.35,26.36,18.53,24.68,5.61,1.52,39.1,0.66,1.43,,,,0.34,,93.5,,,,,5.89,951.14,
2024-08-14 04:00:00,34.33,63.16,8.8,25.54,17.26,25.13,4.75,1.52,35.07,0.68,1.44,,,,0.36,,93.5,,,,,5.89,951.12,
2024-08-14 05:00:00,36.11,67.4,9.55,28.89,19.84,25.88,4.95,1.51,36.35,0.66,1.44,,,,0.34,,93.5,,,,,5.89,951.14,
2024-08-14 06:00:00,34.39,63.32,9.74,28.97,19.77,26.08,6.4,1.53,31.06,0.65,1.43,,,,0.35,,93.5,,,,,5.89,951.29,
2024-08-14 07:00:00,34.71,64.07,8.15,27.44,19.78,24.48,6.09,1.53,29.96,0.66,1.42,,,,0.34,,93.5,,,,,21.16,951.49,
2024-08-14 08:00:00,32.27,58.26,8.98,27.76,19.29,25.31,7.39,1.52,27.79,0.66,1.42,,,,0.35,,93.5,,,,,46.71,951.57,
2024-08-14 09:00:00,39.72,76.0,8.02,25.6,18.09,24.35,7.36,1.55,34.63,0.66,1.45,,,,0.36,,92.55,,,,,146.21,951.56,
2024-08-14 10:00:00,38.23,72.46,8.83,26.84,18.46,25.17,6.49,1.51,54.88,0.67,1.46,,,,0.35,,67.3,,,,,324.64,951.4,
2024-08-14 11:00:00,24.2,39.04,9.11,28.36,19.82,25.44,5.14,1.56,55.46,0.72,1.57,,,,0.38,,50.95,,,,,315.28,951.33,
2024-08-14 12:00:00,27.69,47.36,10.13,30.68,21.08,26.46,4.61,1.64,53.59,0.71,1.57,,,,0.38,,46.48,,,,,331.89,951.16,
2024-08-14 13:00:00,35.12,65.03,11.39,31.77,20.94,27.72,4.08,1.76,57.55,0.72,1.57,,,,0.37,,43.65,,,,,368.09,950.99,
2024-08-14 14:00:00,31.69,56.88,9.25,29.57,20.84,25.58,3.71,1.76,47.47,0.7,1.6,,,,0.37,,39.9,,,,,244.12,950.77,
2024-08-14 15:00:00,30.1,53.09,11.72,32.16,20.87,28.06,5.41,1.75,45.06,0.72,1.6,,,,0.37,,37.67,,,,,358.79,950.62,
2024-08-14 16:00:00,33.96,62.3,8.16,27.02,19.51,24.49,4.55,1.75,44.4,0.71,1.62,,,,0.38,,36.95,,,,,181.03,950.53,
2024-08-14 17:00:00,33.82,61.95,9.59,28.2,19.17,25.92,6.12,1.84,33.01,0.7,1.61,,,,0.38,,39.67,,,,,36.6,950.56,
2024-08-14 18:00:00,35.71,66.46,8.8,26.54,18.24,25.14,7.15,1.7,28.71,0.72,1.59,,,,0.38,,44.25,,,,,5.93,950.7,
2024-08-14 19:00:00,34.32,63.13,7.69,25.67,18.56,24.02,6.19,1.6,25.06,0.71,1.59,,,,0.36,,51.42,,,,,5.89,950.92,
2024-08-14 20:00:00,33.55,61.31,9.22,26.96,18.28,25.55,4.35,1.61,20.12,0.7,1.58,,,,0.36,,56.8,,,,,5.89,951.14,
2024-08-14 21:00:00,34.82,64.34,8.83,26.26,17.96,25.17,4.6,1.49,26.28,0.72,1.56,,,,0.36,,60.72,,,,,5.89,951.32,
2024-08-14 22:00:00,33.26,60.62,8.6,25.76,17.63,24.94,4.36,1.42,27.51,0.7,1.56,,,,0.38,,66.8,,,,,5.89,951.38,
2024-08-14 23:00:00,35.58,66.16,8.63,27.48,19.33,24.96,5.74,1.4,29.08,0.7,1.59,,,,0.36,,75.38,,,,,5.89,951.18,
2024-08-15 00:00:00,33.01,60.04,8.54,28.3,20.26,24.87,5.99,1.38,27.1,0.72,1.58,,,,0.37,,91.05,,,,,5.89,951.09,
2024-08-15 01:00:00,33.34,60.8,9.64,25.8,16.67,25.98,5.75,1.38,29.26,0.72,1.56,,,,0.38,,93.48,,,,,5.89,951.08,
2024-08-15 02:00:00,30.8,54.75,10.56,29.2,19.13,26.88,6.03,1.41,30.67,0.71,1.6,,,,0.37,,93.05,,,,,5.89,951.02,
2024-08-15 03:00:00,31.35,56.06,9.56,26.36,17.25,25.89,4.92,1.46,31.95,0.7,1.61,,,,0.37,,93.15,,,,,5.89,951.06,
2024-08-15 04:00:00,29.56,51.81,9.41,28.1,19.25,25.74,4.5,1.46,28.68,0.72,1.59,,,,0.36,,93.08,,,,,5.89,951.09,
2024-08-15 05:00:00,28.31,48.84,9.55,28.32,19.33,25.88,4.34,1.44,25.5,0.72,1.56,,,,0.37,,93.1,,,,,5.89,951.0,
2024-08-15 06:00:00,27.28,46.38,9.4,29.41,20.56,25.73,5.98,1.48,21.91,0.69,1.6,,,,0.37,,93.5,,,,,5.89,950.92,
2024-08-15 07:00:00,26.37,44.22,8.52,29.28,21.22,24.86,5.69,1.49,24.25,0.7,1.59,,,,0.38,,93.45,,,,,6.37,951.08,
2024-08-15 08:00:00,26.52,44.56,8.65,26.62,18.48,24.98,4.78,1.52,30.46,0.71,1.56,,,,0.37,,84.38,,,,,33.12,951.25,
2024-08-15 09:00:00,27.88,47.8,9.38,27.76,18.92,25.71,4.56,1.54,34.15,0.72,1.62,,,,0.37,,77.0,,,,,123.53,951.32,
2024-08-15 10:00:00,31.3,55.95,10.03,29.01,19.55,26.36,3.96,1.52,33.91,0.71,1.57,,,,0.38,,71.68,,,,,244.25,951.3,
2024-08-15 11:00:00,29.97,52.78,8.77,26.65,18.38,25.1,3.97,1.56,45.87,0.72,1.58,,,,0.37,,69.7,,,,,118.89,951.19,
2024-08-15 12:00:00,28.75,49.87,8.4,26.18,18.21,24.73,6.57,1.55,40.56,0.69,1.56,,,,0.36,,69.23,,,,,222.0,951.03,
2024-08-15 13:00:00,31.66,56.82,9.57,27.63,18.55,25.9,7.24,1.52,52.55,0.72,1.58,,,,0.37,,60.05,,,,,161.7,950.82,
2024-08-15 14:00:00,29.59,51.86,11.34,30.63,19.76,27.68,5.74,1.54,65.04,0.72,1.57,,,,0.37,,57.22,,,,,94.28,950.6,
2024-08-15 15:00:00,29.42,51.48,10.88,30.7,20.41,27.21,5.44,1.57,53.73,0.71,1.56,,,,0.38,,78.1,,,,,22.34,950.49,
2024-08-15 16:00:00,28.89,50.22,8.03,26.0,18.55,24.36,7.89,1.56,43.83,0.72,1.59,,,,0.37,,93.52,,,,,85.68,950.42,
2024-08-15 17:00:00,27.45,46.79,9.27,26.8,18.13,25.61,5.52,1.6,49.34,0.72,1.58,,,,0.37,,93.38,,,,,20.7,950.48,
2024-08-15 18:00:00,26.86,45.39,6.3,22.34,16.82,22.64,7.35,1.66,42.24,0.72,1.61,,,,0.36,,92.95,,,,,5.89,950.6,
2024-08-15 19:00:00,28.85,50.12,8.03,27.25,19.7,24.36,8.28,1.67,27.19,0.71,1.6,,,,0.38,,93.43,,,,,5.89,950.79,
2024-08-15 20:00:00,31.78,57.1,8.32,26.83,19.05,24.64,5.14,1.72,18.22,0.72,1.62,,,,0.38,,93.48,,,,,5.89,950.93,
2024-08-15 21:00:00,30.36,53.72,9.27,26.61,17.9,25.6,3.92,1.65,15.94,0.71,1.6,,,,0.38,,91.68,,,,,5.89,951.13,
2024-08-15 22:00:00,33.16,60.36,8.82,29.08,20.76,25.14,6.28,1.45,22.28,0.7,1.59,,,,0.38,,91.68,,,,,5.89,951.22,
2024-08-15 23:00:00,31.78,57.08,9.69,28.34,19.12,26.02,5.98,1.41,25.85,0.71,1.58,,,,0.37,,93.5,,,,,5.89,951.2,
2024-08-16 00:00:00,29.98,52.8,10.65,26.46,16.35,26.98,5.8,1.42,24.36,0.72,1.58,,,,0.38,,93.5,,,,,5.89,951.04,
2024-08-16 01:00:00,30.27,53.49,8.5,26.6,18.57,24.83,6.6,1.38,27.88,0.71,1.6,,,,0.36,,93.43,,,,,5.89,950.86,
2024-08-16 02:00:00,28.86,50.13,10.42,27.78,17.87,26.76,6.34,1.43,24.48,0.71,1.61,,,,0.38,,93.5,,,,,5.89,950.72,
2024-08-16 03:00:00,28.24,48.68,9.0,25.37,16.87,25.32,6.95,1.52,22.86,0.7,1.61,,,,0.37,,93.5,,,,,5.89,950.72,
2024-08-16 04:00:00,27.35,46.54,10.05,28.84,19.3,26.38,6.78,1.52,23.4,0.7,1.58,,,,0.37,,93.5,,,,,5.89,950.74,
2024-08-16 05:00:00,27.44,46.76,10.02,29.59,20.08,26.35,6.4,1.52,21.6,0.7,1.59,,,,0.37,,93.6,,,,,5.89,950.78,
2024-08-16 06:00:00,27.34,46.53,8.24,28.02,20.33,24.57,6.78,1.52,21.82,0.7,1.57,,,,0.36,,93.6,,,,,5.89,950.87,
2024-08-16 07:00:00,29.71,52.16,9.76,27.96,18.74,26.1,5.08,1.52,23.0,0.7,1.56,,,,0.38,,93.6,,,,,18.01,950.97,
2024-08-16 08:00:00,28.4,49.04,10.17,29.48,19.8,26.5,6.22,1.57,23.79,0.7,1.57,,,,0.37,,93.5,,,,,71.88,951.07,
2024-08-16 09:00:00,27.96,48.01,7.95,24.22,16.82,24.28,6.75,1.59,27.74,0.71,1.6,,,,0.36,,93.22,,,,,134.75,951.14,
2024-08-16 10:00:00,31.44,56.3,8.18,26.27,18.58,24.5,6.84,1.55,37.28,0.71,1.6,,,,0.37,,80.08,,,,,323.79,951.14,
2024-08-16 11:00:00,31.52,56.49,8.82,26.92,18.6,25.15,6.12,1.46,50.62,0.7,1.6,,,,0.37,,69.62,,,,,137.75,951.04,
2024-08-16 12:00:00,34.57,63.75,10.57,29.02,19.03,26.9,5.38,1.46,54.82,0.71,1.6,,,,0.37,,64.62,,,,,251.67,950.84,
2024-08-16 13:00:00,30.49,54.02,9.19,29.77,21.12,25.52,5.85,1.49,60.92,0.71,1.59,,,,0.37,,59.2,,,,,150.11,950.67,
2024-08-16 14:00:00,23.92,38.37,10.39,28.02,18.13,18.28,5.85,1.48,67.26,0.71,1.57,,,,0.37,,51.8,,,,,237.81,950.45,
2024-08-16 15:00:00,24.29,39.24,11.56,32.59,21.48,27.9,4.99,1.64,57.42,0.72,1.58,,,,0.37,,59.4,,,,,71.13,950.27,
2024-08-16 16:00:00,40.53,77.93,7.87,26.54,19.42,24.2,5.02,1.68,47.64,0.72,1.57,,,,0.37,,77.75,,,,,9.91,950.23,
2024-08-16 17:00:00,23.92,38.37,10.5,31.11,21.08,26.83,6.22,1.76,32.4,0.71,1.62,,,,0.38,,78.63,,,,,10.75,950.33,
2024-08-16 18:00:00,45.08,88.74,9.51,27.22,18.22,25.84,8.39,1.7,27.46,0.71,1.59,,,,0.36,,84.45,,,,,5.89,950.44,
2024-08-16 19:00:00,40.3,77.38,9.47,27.96,18.94,25.8,7.37,1.57,27.68,0.72,1.59,,,,0.37,,86.0,,,,,5.89,950.65,
2024-08-16 20:00:00,35.76,66.55,9.52,28.05,19.03,25.86,6.16,1.47,28.41,0.71,1.62,,,,0.36,,84.52,,,,,5.89,950.93,
2024-08-16 21:00:00,37.6,70.96,9.64,27.04,18.02,25.96,5.56,1.47,31.02,0.7,1.63,,,,0.38,,93.43,,,,,5.89,951.14,
2024-08-16 22:00:00,36.04,67.24,8.78,26.71,18.45,25.11,6.05,1.44,21.34,0.72,1.58,,,,0.37,,93.5,,,,,5.89,951.18,
2024-08-16 23:00:00,34.4,63.36,8.78,28.0,19.69,25.1,6.95,1.41,28.8,0.72,1.58,,,,0.38,,93.55,,,,,5.89,951.11,
2024-08-17 00:00:00,32.28,58.29,9.98,28.98,19.62,26.31,4.42,1.39,32.84,0.71,1.58,,,,0.37,,93.52,,,,,5.89,951.15,
2024-08-17 01:00:00,29.98,52.79,9.79,26.8,17.46,26.13,5.7,1.38,26.06,0.7,1.59,,,,0.38,,93.57,,,,,5.89,951.04,
2024-08-17 02:00:00,28.2,48.57,10.91,28.62,18.15,27.25,6.86,1.38,28.86,0.72,1.6,,,,0.37,,93.52,,,,,5.89,951.08,
2024-08-17 03:00:00,28.92,50.28,9.44,26.41,17.43,25.77,6.4,1.48,26.2,0.71,1.62,,,,0.36,,93.6,,,,,5.89,951.07,
2024-08-17 04:00:00,30.46,53.96,9.92,30.12,20.69,26.25,5.56,1.48,25.51,0.7,1.58,,,,0.37,,93.65,,,,,5.89,950.92,
2024-08-17 05:00:00,29.26,51.1,9.76,28.76,19.52,26.1,6.29,1.47,22.13,0.7,1.6,,,,0.38,,93.7,,,,,5.89,950.93,
2024-08-17 06:00:00,29.08,50.65,10.43,29.63,19.74,26.76,6.59,1.47,18.24,0.72,1.6,,,,0.37,,93.7,,,,,5.99,951.0,
2024-08-17 07:00:00,29.76,52.29,9.92,28.26,18.8,26.25,6.01,1.48,20.77,0.71,1.63,,,,0.37,,93.57,,,,,17.67,951.06,
2024-08-17 08:00:00,28.58,49.49,6.9,23.67,17.38,23.23,4.78,1.5,25.04,0.71,1.6,,,,0.38,,93.18,,,,,71.26,951.17,
2024-08-17 09:00:00,27.32,46.48,8.37,26.58,18.7,24.7,4.41,1.5,31.23,0.71,1.59,,,,0.37,,87.07,,,,,246.11,951.34,
2024-08-17 10:00:00,27.65,47.26,8.24,26.29,18.46,24.57,4.95,1.5,35.71,0.71,1.58,,,,0.36,,75.4,,,,,424.29,951.34,
2024-08-17 11:00:00,31.32,55.99,9.94,28.68,19.24,26.27,7.38,1.52,42.97,0.71,1.59,,,,0.37,,66.62,,,,,394.43,951.23,
2024-08-17 12:00:00,29.44,51.5,8.94,25.9,17.63,25.26,5.66,1.47,40.5,0.72,1.58,,,,0.37,,59.38,,,,,559.72,951.06,
2024-08-17 13:00:00,30.67,54.45,8.24,26.65,18.94,24.58,6.03,1.51,44.92,0.72,1.58,,,,0.37,,56.28,,,,,270.85,950.82,
2024-08-17 14:00:00,29.45,51.54,10.4,29.9,19.96,26.73,5.15,1.57,44.56,0.7,1.6,,,,0.38,,50.5,,,,,382.3,950.69,
2024-08-17 15:00:00,31.03,55.32,10.91,28.24,17.85,27.24,5.89,1.66,42.44,0.71,1.59,,,,0.38,,48.35,,,,,305.83,950.55,
2024-08-17 16:00:00,28.68,49.72,9.89,30.15,20.72,21.05,5.22,1.7,50.97,0.71,1.61,,,,0.37,,52.7,,,,,10.88,950.49,
2024-08-17 17:00:00,24.64,40.08,8.8,25.49,17.52,25.12,6.44,1.72,21.19,0.71,1.58,,,,0.36,,58.22,,,,,5.89,950.6,
2024-08-17 18:00:00,43.67,85.4,7.02,22.25,15.71,23.36,6.67,1.74,21.06,0.71,1.62,,,,0.37,,59.6,,,,,5.89,950.72,
2024-08-17 19:00:00,39.14,74.61,9.05,27.85,19.34,25.38,5.87,1.62,29.21,0.71,1.56,,,,0.38,,72.12,,,,,5.89,950.94,
2024-08-17 20:00:00,40.24,77.24,8.44,25.52,17.75,24.78,8.0,1.55,26.12,0.72,1.6,,,,0.37,,93.57,,,,,5.89,951.22,
2024-08-17 21:00:00,35.41,65.72,8.76,26.36,18.17,25.07,7.77,1.41,25.04,0.7,1.57,,,,0.37,,93.65,,,,,5.89,951.3,
2024-08-17 22:00:00,33.63,61.51,9.8,27.61,18.34,26.12,8.2,1.4,22.3,0.7,1.6,,,,0.37,,93.58,,,,,5.89,951.5,
2024-08-17 23:00:00,30.96,55.12,8.23,27.21,19.48,24.56,7.58,1.36,26.21,0.7,1.6,,,,0.38,,93.5,,,,,5.89,951.52,
2024-08-18 00:00:00,28.96,50.38,7.79,27.21,19.99,24.12,6.02,1.34,27.65,0.72,1.6,,,,0.37,,93.52,,,,,5.89,951.45,
2024-08-18 01:00:00,28.29,48.78,8.23,25.48,17.74,24.56,3.93,1.3,27.92,0.7,1.59,,,,0.38,,93.57,,,,,5.89,951.4,
2024-08-18 02:00:00,28.2,48.57,7.17,25.38,18.73,23.5,5.32,1.34,27.05,0.7,1.6,,,,0.38,,93.6,,,,,5.89,951.23,
2024-08-18 03:00:00,27.67,47.31,10.39,27.79,18.13,26.72,6.1,1.47,26.89,0.72,1.56,,,,0.37,,93.6,,,,,5.89,951.12,
2024-08-18 04:00:00,28.12,48.37,11.12,31.35,20.75,27.45,7.5,1.5,27.22,0.71,1.61,,,,0.38,,93.6,,,,,5.89,951.19,
2024-08-18 05:00:00,27.27,46.35,9.25,29.18,20.48,25.58,5.64,1.51,25.24,0.7,1.61,,,,0.38,,93.6,,,,,5.89,951.21,
2024-08-18 06:00:00,26.72,45.04,9.54,27.24,18.3,25.86,4.33,1.52,21.18,0.7,1.57,,,,0.37,,93.68,,,,,8.51,951.32,
2024-08-18 07:00:00,26.32,44.08,8.48,27.35,19.31,24.81,5.76,1.52,24.78,0.71,1.58,,,,0.38,,93.6,,,,,36.7,951.38,
2024-08-18 08:00:00,25.83,42.91,8.66,27.18,18.96,24.99,3.88,1.52,26.46,0.7,1.6,,,,0.36,,93.5,,,,,81.12,951.49,
2024-08-18 09:00:00,27.58,47.09,9.87,28.62,19.25,26.2,4.65,1.49,29.12,0.71,1.58,,,,0.38,,92.08,,,,,217.81,951.62,
2024-08-18 10:00:00,26.8,45.26,9.33,28.36,19.53,25.66,7.46,1.5,41.72,0.7,1.59,,,,0.37,,77.68,,,,,356.38,951.61,
2024-08-18 11:00:00,27.47,46.83,9.33,27.14,18.34,25.66,6.12,1.52,46.92,0.72,1.6,,,,0.37,,64.72,,,,,385.4,951.53,
2024-08-18 12:00:00,28.68,49.71,8.98,27.31,18.87,25.31,5.34,1.53,53.93,0.72,1.57,,,,0.37,,60.35,,,,,284.99,951.35,
2024-08-18 13:00:00,27.91,47.88,11.12,29.46,18.81,27.44,6.63,1.58,46.22,0.71,1.59,,,,0.36,,63.82,,,,,155.28,951.14,
2024-08-18 14:00:00,26.84,45.32,8.27,27.06,19.35,24.6,6.6,1.63,44.28,0.7,1.59,,,,0.38,,90.0,,,,,33.11,951.04,
2024-08-18 15:00:00,27.13,46.02,8.47,27.29,19.3,24.8,6.26,1.6,31.12,0.71,1.6,,,,0.37,,93.7,,,,,82.16,950.91,
2024-08-18 16:00:00,30.3,53.58,9.76,28.3,18.97,26.09,5.42,1.62,31.62,0.7,1.61,,,,0.36,,93.68,,,,,9.93,950.92,
2024-08-18 17:00:00,28.6,49.53,9.08,27.77,19.16,25.41,4.51,1.68,24.54,0.71,1.6,,,,0.38,,93.7,,,,,5.89,950.99,
2024-08-18 18:00:00,27.95,47.98,10.12,30.26,20.68,24.54,6.49,1.68,24.16,0.72,1.55,,,,0.38,,93.68,,,,,5.89,951.07,
2024-08-18 19:00:00,23.92,38.37,7.58,22.94,15.96,23.91,,1.66,,0.72,1.63,,,,0.38,,93.7,,,,,5.89,951.27,
2024-08-18 20:00:00,23.92,38.37,10.05,26.6,17.1,21.52,5.44,1.73,2.43,0.7,1.56,,,,0.36,,93.7,,,,,5.89,951.39,
2024-08-18 21:00:00,33.12,60.27,8.32,26.53,18.7,24.65,6.84,1.81,12.98,0.7,1.61,,,,0.37,,93.65,,,,,5.89,951.5,
2024-08-18 22:00:00,33.84,62.0,11.78,33.37,22.12,28.11,6.44,1.91,15.19,0.71,1.58,,,,0.38,,93.62,,,,,5.89,951.65,
2024-08-18 23:00:00,33.39,60.94,8.48,24.56,16.63,24.82,5.33,1.8,14.58,0.71,1.59,,,,0.37,,93.62,,,,,5.89,951.69,
2024-08-19 00:00:00,33.83,61.97,7.7,27.42,20.17,24.03,4.92,1.64,15.74,0.7,1.58,,,,0.38,,93.7,,,,,5.89,951.59,
2024-08-19 01:00:00,32.51,58.83,9.82,28.16,18.89,26.15,5.63,1.59,15.31,0.7,1.64,,,,0.37,,93.7,,,,,5.89,951.38,
2024-08-19 02:00:00,33.6,61.42,9.43,26.77,17.82,25.76,4.1,1.52,15.1,0.71,1.58,,,,0.36,,93.7,,,,,5.89,951.16,
2024-08-19 03:00:00,31.53,56.5,10.59,30.21,20.15,26.91,5.66,1.53,15.21,0.72,1.62,,,,0.37,,93.7,,,,,5.89,951.06,
2024-08-19 04:00:00,29.44,51.52,8.95,27.92,19.57,25.28,5.79,1.54,15.1,0.7,1.6,,,,0.37,,93.7,,,,,5.89,951.12,
2024-08-19 05:00:00,27.94,47.96,9.72,28.0,18.78,26.06,5.17,1.48,16.26,0.7,1.59,,,,0.37,,93.7,,,,,5.89,951.12,
2024-08-19 06:00:00,30.43,53.88,9.43,28.56,19.71,25.76,7.37,1.44,17.66,0.71,1.57,,,,0.37,,93.7,,,,,5.89,951.24,
2024-08-19 07:00:00,29.54,51.76,10.92,29.19,18.78,27.25,6.95,1.44,20.37,0.7,1.62,,,,0.37,,93.65,,,,,24.1,951.43,
2024-08-19 08:00:00,28.18,48.51,8.8,26.52,18.24,25.14,5.12,1.47,25.77,0.72,1.62,,,,0.37,,93.57,,,,,81.45,951.49,
2024-08-19 09:00:00,27.36,46.59,8.56,27.53,19.6,24.9,4.0,1.44,23.92,0.71,1.58,,,,0.38,,93.43,,,,,180.22,951.53,
2024-08-19 10:00:00,28.01,48.1,8.31,26.04,18.21,22.36,5.62,1.48,22.51,0.69,1.49,,,,0.35,,93.0,,,,,371.34,951.53,
2024-08-19 11:00:00,27.54,47.01,8.64,25.98,17.8,18.52,5.18,1.5,33.8,0.65,1.28,,,,0.32,,75.8,,,,,531.05,951.39,
2024-08-19 12:00:00,34.5,63.57,9.43,28.39,19.48,19.31,4.8,1.79,38.35,0.64,1.3,,,,0.31,,64.85,,,,,519.86,951.18,
2024-08-19 13:00:00,34.34,63.18,12.4,32.03,20.15,22.29,4.09,1.72,36.88,0.65,1.33,,,,0.32,,57.95,,,,,514.1,950.95,
2024-08-19 14:00:00,32.35,58.44,11.48,30.88,19.9,21.37,4.65,1.72,34.45,0.65,1.31,,,,0.3,,56.0,,,,,223.57,950.69,
2024-08-19 15:00:00,30.86,54.9,6.94,24.93,18.62,16.83,3.96,1.89,34.3,0.66,1.31,,,,0.31,,90.75,,,,,37.9,950.56,
2024-08-19 16:00:00,32.37,58.5,9.46,29.63,20.64,19.34,6.06,2.0,20.84,0.66,1.34,,,,0.31,,93.68,,,,,46.3,950.47,
2024-08-19 17:00:00,34.14,62.71,8.54,26.96,18.94,18.4,7.89,1.9,19.84,0.65,1.32,,,,0.3,,93.68,,,,,11.29,950.58,
2024-08-19 18:00:00,33.69,61.64,10.51,29.65,19.66,20.39,6.51,1.82,18.12,0.65,1.32,,,,0.3,,92.52,,,,,5.89,950.76,
2024-08-19 19:00:00,33.12,60.27,9.99,28.05,18.66,19.88,4.41,1.74,18.39,0.64,1.28,,,,0.31,,93.25,,,,,5.89,951.06,
2024-08-19 20:00:00,31.56,56.58,10.76,30.52,20.32,20.64,6.1,1.58,15.15,0.66,1.3,,,,0.31,,93.5,,,,,5.89,951.3,
2024-08-19 21:00:00,29.94,52.72,8.16,25.92,18.24,18.04,5.23,1.46,18.09,0.64,1.31,,,,0.3,,93.6,,,,,5.89,951.48,
2024-08-19 22:00:00,28.98,50.41,7.46,25.36,18.41,17.34,5.03,1.45,22.1,0.65,1.32,,,,0.32,,93.62,,,,,5.89,951.62,
2024-08-19 23:00:00,28.09,48.3,8.57,27.16,19.16,18.44,5.52,1.43,19.35,0.65,1.33,,,,0.31,,93.7,,,,,5.89,951.6,
2024-08-20 00:00:00,27.04,45.83,8.1,28.41,20.81,17.98,6.37,1.44,20.81,0.64,1.34,,,,0.31,,93.7,,,,,5.89,951.48,
2024-08-20 01:00:00,26.3,44.04,9.26,29.48,20.77,19.14,6.28,1.46,19.13,0.65,1.29,,,,0.31,,93.7,,,,,5.89,951.31,
2024-08-20 02:00:00,25.88,43.06,8.91,27.8,19.33,18.8,5.69,1.47,18.84,0.66,1.33,,,,0.31,,93.7,,,,,5.89,951.1,
2024-08-20 03:00:00,25.54,42.25,10.11,28.21,18.6,19.99,5.78,1.53,18.76,0.64,1.31,,,,0.31,,93.7,,,,,5.89,951.03,
2024-08-20 04:00:00,25.49,42.12,8.73,26.81,18.48,18.61,5.88,1.53,19.33,0.65,1.27,,,,0.3,,93.7,,,,,5.89,951.02,
2024-08-20 05:00:00,25.87,43.03,7.88,25.96,19.05,17.76,6.5,1.56,19.42,0.64,1.35,,,,0.31,,93.7,,,,,5.89,951.08,
2024-08-20 06:00:00,25.82,42.91,8.73,26.94,18.77,18.6,5.82,1.52,17.67,0.65,1.33,,,,0.31,,93.7,,,,,6.33,951.22,
2024-08-20 07:00:00,26.14,43.66,10.56,29.7,19.7,20.44,5.82,1.46,17.18,0.64,1.28,,,,0.3,,93.68,,,,,9.45,951.36,
2024-08-20 08:00:00,26.34,44.14,9.71,30.44,21.19,21.18,4.98,1.51,22.93,0.65,1.3,,,,0.31,,93.52,,,,,68.99,951.4,
2024-08-20 09:00:00,24.17,38.97,7.92,25.54,18.1,17.8,4.91,1.51,16.15,0.66,1.3,,,,0.32,,88.1,,,,,342.02,951.4,
2024-08-20 10:00:00,26.06,43.48,8.39,27.66,19.8,18.26,4.68,1.5,30.37,0.66,1.33,,,,0.3,,70.32,,,,,621.42,951.36,
2024-08-20 11:00:00,28.32,48.86,10.01,29.5,20.0,19.9,6.94,1.52,43.98,0.64,1.31,,,,0.31,,61.9,,,,,417.22,951.33,
2024-08-20 12:00:00,27.3,46.44,9.56,28.6,19.48,19.44,7.16,1.56,66.38,0.64,1.33,,,,0.31,,58.55,,,,,324.51,951.2,
2024-08-20 13:00:00,27.02,45.76,10.42,29.24,19.3,20.3,5.68,1.63,71.75,0.64,1.29,,,,0.3,,58.25,,,,,170.46,950.98,
2024-08-20 14:00:00,27.98,48.06,10.48,31.56,21.54,20.36,4.93,1.65,51.06,0.63,1.33,,,,0.31,,61.88,,,,,52.41,950.82,
2024-08-20 15:00:00,28.68,49.71,8.69,27.26,19.1,18.57,6.1,1.69,30.81,0.66,1.33,,,,0.31,,81.72,,,,,57.24,950.64,
2024-08-20 16:00:00,31.39,56.16,8.66,28.86,20.91,18.55,6.74,1.62,28.25,0.66,1.31,,,,0.32,,93.6,,,,,5.89,950.65,
2024-08-20 17:00:00,31.72,56.96,9.7,26.86,17.66,19.58,4.98,1.57,39.21,0.66,1.27,,,,0.3,,93.7,,,,,5.89,950.79,
2024-08-20 18:00:00,30.68,54.46,8.37,27.81,19.94,18.25,6.19,1.58,,0.65,1.36,,,,0.31,,93.7,,,,,5.89,950.91,
2024-08-20 19:00:00,30.87,54.93,10.63,31.08,20.96,20.51,6.58,1.73,,0.66,1.32,,,,0.3,,93.7,,,,,5.89,951.1,
2024-08-20 20:00:00,26.53,44.59,8.33,26.25,18.43,18.21,6.37,1.73,,0.63,1.33,,,,0.31,,93.7,,,,,5.89,951.24,
2024-08-20 21:00:00,37.55,70.83,8.1,25.62,17.98,17.98,7.12,1.94,3.57,0.66,1.33,,,,0.31,,93.7,,,,,5.89,951.49,
2024-08-20 22:00:00,47.55,94.64,8.99,28.77,20.22,18.87,5.74,1.65,,0.64,1.31,,,,0.31,,93.62,,,,,5.89,951.56,
2024-08-20 23:00:00,40.54,77.96,8.55,26.75,18.91,18.43,6.26,1.6,,0.64,1.31,,,,0.31,,93.7,,,,,5.89,951.64,
2024-08-21 00:00:00,35.5,65.95,9.19,26.2,17.46,19.07,7.71,1.57,,0.64,1.32,,,,0.31,,93.62,,,,,5.89,951.55,
2024-08-21 01:00:00,32.44,58.65,10.18,28.8,19.14,20.06,5.51,1.54,,0.64,1.34,,,,0.31,,93.7,,,,,5.89,951.4,
2024-08-21 02:00:00,30.87,54.94,9.52,28.21,19.14,19.4,6.28,1.51,,0.67,1.32,,,,0.31,,93.7,,,,,5.89,951.22,
2024-08-21 03:00:00,30.23,53.41,8.7,27.1,19.01,18.58,6.76,1.5,,0.66,1.33,,,,0.31,,93.7,,,,,5.89,951.18,
2024-08-21 04:00:00,29.23,51.02,9.28,28.15,19.39,19.16,7.25,1.47,,0.65,1.29,,,,0.32,,93.7,,,,,5.89,951.22,
2024-08-21 05:00:00,27.84,47.72,8.56,28.74,20.65,18.45,6.54,1.46,,0.65,1.34,,,,0.32,,93.7,,,,,5.89,951.33,
2024-08-21 06:00:00,26.69,44.97,9.07,26.29,17.76,18.95,6.71,1.46,,0.66,1.36,,,,0.31,,93.7,,,,,5.89,951.45,
2024-08-21 07:00:00,26.1,43.57,9.72,26.97,17.76,19.61,7.36,1.48,,0.66,1.35,,,,0.31,,93.7,,,,,17.18,951.59,
2024-08-21 08:00:00,26.41,44.3,9.41,26.6,17.76,19.29,6.73,1.5,,0.63,1.32,,,,0.31,,93.6,,,,,71.27,951.68,
2024-08-21 09:00:00,27.17,46.12,8.43,26.92,19.04,18.3,7.92,1.49,,0.64,1.28,,,,0.31,,93.45,,,,,329.14,951.75,
2024-08-21 10:00:00,26.97,45.65,8.21,26.64,18.92,18.09,6.36,1.49,17.34,0.64,1.34,,,,0.32,,80.75,,,,,476.44,951.7,
2024-08-21 11:00:00,23.94,38.4,9.69,29.18,20.02,19.57,9.06,1.51,18.82,0.74,1.58,,,,0.44,,65.3,,,,,365.94,951.6,
2024-08-21 12:00:00,24.43,39.6,9.07,27.06,18.43,18.95,5.24,1.53,18.02,0.75,1.59,,,,0.45,,64.7,,,,,435.61,951.46,
2024-08-21 13:00:00,25.16,41.34,11.41,30.91,20.0,21.29,8.06,1.68,19.92,0.74,1.59,,,,0.44,,69.92,,,,,457.68,951.28,
2024-08-21 14:00:00,25.24,41.54,10.74,29.59,19.39,20.62,6.58,1.84,19.57,0.74,1.56,,,,0.43,,61.22,,,,,294.4,951.11,
2024-08-21 15:00:00,25.72,42.67,10.26,31.48,21.78,20.14,7.46,1.99,23.0,0.74,1.54,,,,0.44,,59.35,,,,,273.02,951.01,
2024-08-21 16:00:00,25.64,42.47,10.4,28.24,18.33,20.28,6.87,2.08,23.59,0.74,1.55,,,,0.44,,68.65,,,,,142.65,950.93,
2024-08-21 17:00:00,26.6,44.74,7.65,25.62,18.49,17.53,4.09,1.73,17.02,0.75,1.57,,,,0.44,,77.12,,,,,19.54,951.03,
2024-08-21 18:00:00,26.16,43.72,8.72,27.22,19.04,18.62,5.29,1.48,15.97,0.73,1.59,,,,0.44,,92.68,,,,,5.89,951.28,
2024-08-21 19:00:00,26.01,43.36,12.02,32.73,21.22,21.89,5.27,1.49,15.13,0.73,1.57,,,,0.44,,89.45,,,,,5.89,951.31,
2024-08-21 20:00:00,28.24,48.68,8.46,25.62,17.67,18.34,4.58,1.47,14.64,0.76,1.56,,,,0.43,,93.42,,,,,5.89,951.5,
2024-08-21 21:00:00,27.47,46.83,10.28,29.28,19.48,20.16,4.92,1.46,15.54,0.75,1.61,,,,0.44,,93.5,,,,,5.89,951.66,
2024-08-21 22:00:00,26.9,45.49,11.11,30.42,19.81,20.98,4.7,1.46,14.63,0.75,1.55,,,,0.44,,93.5,,,,,5.89,951.85,
2024-08-21 23:00:00,27.05,45.83,9.67,26.7,17.51,19.56,5.78,1.44,15.18,0.74,1.54,,,,0.44,,93.55,,,,,5.89,951.82,
2024-08-22 00:00:00,26.36,44.19,9.01,27.46,18.93,18.89,4.81,1.44,15.52,0.75,1.58,,,,0.43,,93.6,,,,,5.89,951.68,
2024-08-22 01:00:00,25.82,42.9,9.14,28.1,19.46,19.02,5.27,1.42,15.45,0.73,1.54,,,,0.44,,93.6,,,,,5.89,951.66,
2024-08-22 02:00:00,25.73,42.7,10.89,29.2,18.87,20.77,4.5,1.44,15.42,0.74,1.58,,,,0.44,,93.6,,,,,5.89,951.63,
2024-08-22 03:00:00,25.54,42.24,10.15,27.78,18.11,20.03,4.71,1.5,16.67,0.74,1.58,,,,0.43,,93.6,,,,,5.89,951.52,
2024-08-22 04:00:00,25.44,42.02,8.62,25.24,17.12,18.5,4.74,1.52,16.6,0.72,1.57,,,,0.44,,93.6,,,,,5.89,951.58,
2024-08-22 05:00:00,25.21,41.46,10.3,25.56,15.81,20.17,5.97,1.5,15.44,0.74,1.56,,,,0.44,,93.7,,,,,5.89,951.69,
2024-08-22 06:00:00,26.25,43.91,9.35,27.5,18.63,19.23,6.42,1.5,15.18,0.74,1.58,,,,0.44,,93.7,,,,,5.93,951.73,
2024-08-22 07:00:00,25.88,43.04,11.32,28.7,17.92,21.2,6.15,1.5,15.4,0.74,1.57,,,,0.44,,93.62,,,,,29.02,951.9,
2024-08-22 08:00:00,26.72,45.06,8.49,26.37,18.39,18.38,6.85,1.53,15.32,0.73,1.59,,,,0.43,,93.48,,,,,71.68,952.03,
2024-08-22 09:00:00,27.12,46.02,7.8,26.68,19.44,17.68,6.94,1.48,16.06,0.74,1.56,,,,0.44,,83.28,,,,,237.06,952.06,
2024-08-22 10:00:00,25.34,41.75,9.18,26.84,18.16,19.06,7.54,1.5,16.61,0.72,1.54,,,,0.39,,68.45,,,,,534.33,952.05,
2024-08-22 11:00:00,23.98,38.51,8.36,24.26,16.43,18.24,7.99,1.51,17.3,0.69,1.47,,,,0.35,,60.7,,,,,445.89,951.99,
2024-08-22 12:00:00,24.77,40.39,8.08,25.68,18.15,17.96,5.98,1.51,16.61,0.7,1.5,,,,0.35,,57.62,,,,,343.06,951.84,
2024-08-22 13:00:00,25.68,42.57,8.15,26.45,18.84,18.03,4.98,1.51,18.1,0.7,1.46,,,,0.35,,53.42,,,,,359.15,951.58,
2024-08-22 14:00:00,25.83,42.92,9.32,27.61,18.81,19.2,5.9,1.52,18.68,0.69,1.48,,,,0.35,,50.8,,,,,216.2,951.49,
2024-08-22 15:00:00,25.74,42.73,8.57,26.7,18.61,18.44,11.03,1.55,19.44,0.69,1.48,,,,0.35,,48.78,,,,,170.84,951.42,
2024-08-22 16:00:00,25.94,43.2,9.06,24.19,16.2,18.94,3.65,1.66,19.0,0.68,1.53,,,,0.35,,48.62,,,,,139.33,951.32,
2024-08-22 17:00:00,24.08,38.76,9.4,20.93,12.06,19.28,4.96,1.4,19.09,0.7,1.53,,,,0.35,,50.65,,,,,26.77,951.38,
2024-08-22 18:00:00,23.92,38.37,6.4,16.44,10.84,16.28,3.98,2.18,22.52,0.68,1.49,,,,0.36,,55.15,,,,,5.89,951.52,
2024-08-22 19:00:00,33.84,61.98,6.44,16.9,11.04,16.31,4.86,1.81,18.85,0.68,1.5,,,,0.35,,60.42,,,,,5.89,951.72,
2024-08-22 20:00:00,38.95,74.15,5.81,15.91,10.68,15.69,3.84,1.59,16.23,0.7,1.48,,,,0.35,,67.78,,,,,5.89,952.0,
2024-08-22 21:00:00,34.79,64.25,8.14,19.31,11.64,18.02,5.23,1.35,18.42,0.69,1.53,,,,0.34,,75.45,,,,,5.89,952.18,
2024-08-22 22:00:00,32.69,59.26,8.24,18.88,11.13,18.12,7.08,1.29,20.71,0.68,1.5,,,,0.35,,75.25,,,,,5.89,952.3,
2024-08-22 23:00:00,31.73,56.96,8.96,22.7,14.26,18.84,6.95,1.28,19.7,0.68,1.5,,,,0.35,,79.68,,,,,5.89,952.26,
2024-08-23 00:00:00,33.27,60.65,7.12,18.5,11.97,17.0,2.82,1.27,22.47,0.69,1.49,,,,0.35,,91.88,,,,,5.89,952.12,
2024-08-23 01:00:00,33.21,60.5,6.78,17.54,11.23,16.66,2.88,1.29,21.24,0.69,1.5,,,,0.36,,93.55,,,,,5.89,951.96,
2024-08-23 02:00:00,30.86,54.91,7.4,17.11,10.2,17.29,6.69,1.37,20.13,0.68,1.48,,,,0.35,,93.6,,,,,5.89,951.83,
2024-08-23 03:00:00,29.61,51.93,7.59,19.15,12.25,17.47,4.6,1.6,20.44,0.68,1.53,,,,0.35,,93.6,,,,,5.89,951.78,
2024-08-23 04:00:00,28.46,49.2,5.76,18.26,13.03,15.64,4.68,1.62,19.23,0.69,1.47,,,,0.35,,93.6,,,,,5.89,951.81,
2024-08-23 05:00:00,27.59,47.11,8.42,19.58,11.85,18.3,5.36,1.59,17.84,0.7,1.48,,,,0.35,,93.6,,,,,5.89,951.84,
2024-08-23 06:00:00,25.11,41.21,7.14,20.23,13.63,14.87,3.74,1.62,17.63,0.69,1.5,,,,0.35,,93.6,,,,,5.89,951.9,
2024-08-23 07:00:00,34.15,62.72,9.18,23.34,14.68,19.06,4.72,1.62,,0.7,1.5,,,,0.35,,93.6,,,,,17.71,952.03,
2024-08-23 08:00:00,48.82,97.67,9.46,22.86,13.92,19.34,2.4,1.63,,0.7,1.48,,,,0.35,,93.48,,,,,35.25,952.14,
2024-08-23 09:00:00,40.59,78.08,8.97,20.38,11.94,18.85,1.28,1.64,,0.67,1.48,,,,0.35,,86.5,,,,,244.73,952.18,
2024-08-23 10:00:00,35.49,65.93,6.78,19.07,12.86,16.66,2.49,1.62,,0.68,1.5,,,,0.34,,64.58,,,,,466.2,952.2,
2024-08-23 11:00:00,25.91,43.11,6.16,15.06,9.41,16.05,2.29,1.67,,0.7,1.46,,,,0.35,,57.68,,,,,303.94,952.13,
2024-08-23 12:00:00,31.53,56.49,8.09,17.92,10.33,17.96,5.52,1.72,,0.68,1.5,,,,0.35,,56.68,,,,,377.22,951.96,
2024-08-23 13:00:00,31.64,56.77,9.14,20.27,11.68,19.02,8.15,2.14,,0.68,1.5,,,,0.35,,53.02,,,,,305.18,951.72,
2024-08-23 14:00:00,29.87,52.55,8.16,20.42,12.82,18.04,4.36,1.9,,0.68,1.5,,,,0.36,,51.85,,,,,266.25,951.58,
2024-08-23 15:00:00,30.65,54.42,7.04,18.74,12.25,17.64,3.54,1.72,,0.7,1.54,,,,0.34,,50.0,,,,,216.66,951.55,
2024-08-23 16:00:00,,,,,,,,,,,,,,,,,,,,,,,,
2024-08-23 17:00:00,,,,,,,,,,,,,,,,,,,,,,,,
2024-08-23 18:00:00,,,,,,,,,,,,,,,,,,,,,,,,
2024-08-23 19:00:00,,,,,,,,,,,,,,,,,,,,,,,,
2024-08-23 20:00:00,,,,,,,,,,,,,,,,,,,,,,,,
2024-08-23 21:00:00,,,,,,,,,,,,,,,,,,,,,,,,
2024-08-23 22:00:00,,,,,,,,,,,,,,,,,,,,,,,,
2024-08-23 23:00:00,,,,,,,,,,,,,,,,,,,,,,,,
2024-08-24 00:00:00,,,,,,,,,,,,,,,,,,,,,,,,
2024-08-24 01:00:00,,,,,,,,,,,,,,,,,,,,,,,,
2024-08-24 02:00:00,,,,,,,,,,,,,,,,,,,,,,,,
2024-08-24 03:00:00,,,,,,,,,,,,,,,,,,,,,,,,
2024-08-24 04:00:00,,,,,,,,,,,,,,,,,,,,,,,,
2024-08-24 05:00:00,,,,,,,,,,,,,,,,,,,,,,,,
2024-08-24 06:00:00,,,,,,,,,,,,,,,,,,,,,,,,
2024-08-24 07:00:00,,,,,,,,,,,,,,,,,,,,,,,,
2024-08-24 08:00:00,,,,,,,,,,,,,,,,,,,,,,,,
2024-08-24 09:00:00,,,,,,,,,,,,,,,,,,,,,,,,
2024-08-24 10:00:00,,,,,,,,,,,,,,,,,,,,,,,,
2024-08-24 11:00:00,,,,,,,,,,,,,,,,,,,,,,,,
2024-08-24 12:00:00,,,,,,,,,,,,,,,,,,,,,,,,
2024-08-24 13:00:00,,,,,,,,,,,,,,,,,,,,,,,,
2024-08-24 14:00:00,,,,,,,,,,,,,,,,,,,,,,,,
2024-08-24 15:00:00,,,,,,,,,,,,,,,,,,,,,,,,
2024-08-24 16:00:00,,,,,,,,,,,,,,,,,,,,,,,,
2024-08-24 17:00:00,,,,,,,,,,,,,,,,,,,,,,,,
2024-08-24 18:00:00,,,,,,,,,,,,,,,,,,,,,,,,
2024-08-24 19:00:00,,,,,,,,,,,,,,,,,,,,,,,,
2024-08-24 20:00:00,,,,,,,,,,,,,,,,,,,,,,,,
2024-08-24 21:00:00,,,,,,,,,,,,,,,,,,,,,,,,
2024-08-24 22:00:00,,,,,,,,,,,,,,,,,,,,,,,,
2024-08-24 23:00:00,,,,,,,,,,,,,,,,,,,,,,,,
2024-08-25 00:00:00,,,,,,,,,,,,,,,,,,,,,,,,
2024-08-25 01:00:00,,,,,,,,,,,,,,,,,,,,,,,,
2024-08-25 02:00:00,,,,,,,,,,,,,,,,,,,,,,,,
2024-08-25 03:00:00,,,,,,,,,,,,,,,,,,,,,,,,
2024-08-25 04:00:00,,,,,,,,,,,,,,,,,,,,,,,,
2024-08-25 05:00:00,,,,,,,,,,,,,,,,,,,,,,,,
2024-08-25 06:00:00,,,,,,,,,,,,,,,,,,,,,,,,
2024-08-25 07:00:00,,,,,,,,,,,,,,,,,,,,,,,,
2024-08-25 08:00:00,,,,,,,,,,,,,,,,,,,,,,,,
2024-08-25 09:00:00,,,,,,,,,,,,,,,,,,,,,,,,
2024-08-25 10:00:00,,,,,,,,,,,,,,,,,,,,,,,,
2024-08-25 11:00:00,,,,,,,,,,,,,,,,,,,,,,,,
2024-08-25 12:00:00,,,,,,,,,,,,,,,,,,,,,,,,
2024-08-25 13:00:00,,,,,,,,,,,,,,,,,,,,,,,,
2024-08-25 14:00:00,,,,,,,,,,,,,,,,,,,,,,,,
2024-08-25 15:00:00,,,,,,,,,,,,,,,,,,,,,,,,
2024-08-25 16:00:00,,,,,,,,,,,,,,,,,,,,,,,,
2024-08-25 17:00:00,,,,,,,,,,,,,,,,,,,,,,,,
2024-08-25 18:00:00,,,,,,,,,,,,,,,,,,,,,,,,
2024-08-25 19:00:00,,,,,,,,,,,,,,,,,,,,,,,,
2024-08-25 20:00:00,,,,,,,,,,,,,,,,,,,,,,,,
2024-08-25 21:00:00,,,,,,,,,,,,,,,,,,,,,,,,
2024-08-25 22:00:00,,,,,,,,,,,,,,,,,,,,,,,,
2024-08-25 23:00:00,,,,,,,,,,,,,,,,,,,,,,,,
2024-08-26 00:00:00,,,,,,,,,,,,,,,,,,,,,,,,
2024-08-26 01:00:00,,,,,,,,,,,,,,,,,,,,,,,,
2024-08-26 02:00:00,,,,,,,,,,,,,,,,,,,,,,,,
2024-08-26 03:00:00,,,,,,,,,,,,,,,,,,,,,,,,
2024-08-26 04:00:00,,,,,,,,,,,,,,,,,,,,,,,,
2024-08-26 05:00:00,,,,,,,,,,,,,,,,,,,,,,,,
2024-08-26 06:00:00,,,,,,,,,,,,,,,,,,,,,,,,
2024-08-26 07:00:00,,,,,,,,,,,,,,,,,,,,,,,,
2024-08-26 08:00:00,,,,,,,,,,,,,,,,,,,,,,,,
2024-08-26 09:00:00,,,,,,,,,,,,,,,,,,,,,,,,
2024-08-26 10:00:00,,,,,,,,,,,,,,,,,,,,,,,,
2024-08-26 11:00:00,,,,,,,,,,,,,,,,,,,,,,,,
2024-08-26 12:00:00,,,,,,,,,,,,,,,,,,,,,,,,
2024-08-26 13:00:00,,,,,,,,,,,,,,,,,,,,,,,,
2024-08-26 14:00:00,,,,,,,,,,,,,,,,,,,,,,,,
2024-08-26 15:00:00,,,,,,,,,,,,,,,,,,,,,,,,
2024-08-26 16:00:00,,,,,,,,,,,,,,,,,,,,,,,,
2024-08-26 17:00:00,,,,,,,,,,,,,,,,,,,,,,,,
2024-08-26 18:00:00,,,,,,,,,,,,,,,,,,,,,,,,
2024-08-26 19:00:00,,,,,,,,,,,,,,,,,,,,,,,,
2024-08-26 20:00:00,,,,,,,,,,,,,,,,,,,,,,,,
2024-08-26 21:00:00,,,,,,,,,,,,,,,,,,,,,,,,
2024-08-26 22:00:00,,,,,,,,,,,,,,,,,,,,,,,,
2024-08-26 23:00:00,,,,,,,,,,,,,,,,,,,,,,,,
2024-08-27 00:00:00,,,,,,,,,,,,,,,,,,,,,,,,
2024-08-27 01:00:00,,,,,,,,,,,,,,,,,,,,,,,,
2024-08-27 02:00:00,,,,,,,,,,,,,,,,,,,,,,,,
2024-08-27 03:00:00,,,,,,,,,,,,,,,,,,,,,,,,
2024-08-27 04:00:00,,,,,,,,,,,,,,,,,,,,,,,,
2024-08-27 05:00:00,,,,,,,,,,,,,,,,,,,,,,,,
2024-08-27 06:00:00,,,,,,,,,,,,,,,,,,,,,,,,
2024-08-27 07:00:00,,,,,,,,,,,,,,,,,,,,,,,,
2024-08-27 08:00:00,,,,,,,,,,,,,,,,,,,,,,,,
2024-08-27 09:00:00,,,,,,,,,,,,,,,,,,,,,,,,
2024-08-27 10:00:00,,,,,,,,,,,,,,,,,,,,,,,,
2024-08-27 11:00:00,26.13,43.64,7.95,19.96,12.35,17.83,5.68,1.58,32.23,0.68,1.47,,,,0.35,,68.0,,,,,391.52,952.09,
2024-08-27 12:00:00,24.85,40.59,9.57,20.82,10.83,19.45,4.54,1.61,32.67,0.69,1.5,,,,0.35,,59.78,,,,,233.28,951.91,
2024-08-27 13:00:00,25.28,41.64,8.9,22.01,12.59,18.78,4.66,1.82,32.56,0.69,1.52,,,,0.34,,62.4,,,,,186.55,951.77,
2024-08-27 14:00:00,26.96,45.62,7.94,21.37,12.94,17.83,2.98,1.89,32.63,0.69,1.48,,,,0.35,,80.7,,,,,170.57,951.63,
2024-08-27 15:00:00,27.16,46.1,6.4,17.22,10.36,16.28,6.68,1.86,32.97,0.7,1.52,,,,0.36,,64.7,,,,,289.44,951.49,
2024-08-27 16:00:00,26.46,44.42,9.33,22.19,12.44,19.23,4.73,1.7,32.81,0.7,1.49,,,,0.34,,49.92,,,,,218.85,951.48,
2024-08-27 17:00:00,26.57,44.7,8.16,22.63,13.96,18.05,2.27,1.59,32.82,0.7,1.48,,,,0.35,,52.58,,,,,32.68,951.64,
2024-08-27 18:00:00,29.08,50.68,6.84,18.55,11.25,16.72,5.15,1.58,32.54,0.68,1.48,,,,0.35,,57.38,,,,,5.89,951.82,
2024-08-27 19:00:00,29.28,51.13,8.71,23.13,13.89,18.6,3.63,1.65,32.61,0.69,1.5,,,,0.35,,65.32,,,,,5.89,952.1,
2024-08-27 20:00:00,27.94,47.96,8.75,20.17,10.93,18.63,3.73,1.64,32.52,0.68,1.48,,,,0.35,,74.0,,,,,5.89,952.33,
2024-08-27 21:00:00,28.77,49.93,7.32,20.73,13.13,17.2,3.95,1.62,32.58,0.68,1.5,,,,0.35,,83.48,,,,,5.89,952.5,
2024-08-27 22:00:00,29.6,51.91,8.26,20.62,11.98,18.14,4.54,1.61,32.95,0.7,1.48,,,,0.36,,92.72,,,,,5.89,952.55,
2024-08-27 23:00:00,30.1,53.08,7.11,18.86,11.28,16.99,6.29,1.6,32.89,0.7,1.48,,,,0.36,,93.42,,,,,5.89,952.46,
2024-08-28 00:00:00,29.31,51.21,6.09,17.19,10.62,15.97,4.84,1.6,32.68,0.69,1.5,,,,0.36,,93.5,,,,,5.89,952.28,
2024-08-28 01:00:00,28.1,48.34,7.8,20.14,11.91,17.68,3.67,1.61,32.74,0.69,1.5,,,,0.34,,93.5,,,,,5.89,952.09,
2024-08-28 02:00:00,27.78,47.56,7.4,19.04,11.17,17.28,2.82,1.64,32.81,0.7,1.48,,,,0.35,,93.6,,,,,5.89,951.98,
2024-08-28 03:00:00,28.94,50.34,9.51,21.59,11.55,19.39,3.7,1.52,32.94,0.7,1.48,,,,0.34,,93.6,,,,,5.89,951.94,
2024-08-28 04:00:00,28.62,49.58,8.21,20.43,11.7,18.09,4.41,1.49,32.52,0.69,1.5,,,,0.35,,93.6,,,,,5.89,951.96,
2024-08-28 05:00:00,27.51,46.91,8.6,21.94,12.9,18.48,4.73,1.5,32.92,0.7,1.51,,,,0.35,,93.6,,,,,5.89,951.99,
2024-08-28 06:00:00,27.63,47.22,6.25,18.18,11.44,16.13,4.96,1.52,32.74,0.69,1.5,,,,0.36,,93.6,,,,,5.89,952.04,
2024-08-28 07:00:00,29.94,52.73,6.5,19.44,12.47,16.39,5.2,1.54,32.91,0.7,1.5,,,,0.35,,93.6,,,,,24.51,952.1,
2024-08-28 08:00:00,30.52,54.09,6.96,20.34,12.88,16.84,5.46,1.54,32.9,0.7,1.49,,,,0.35,,93.48,,,,,61.83,952.26,
2024-08-28 09:00:00,30.78,54.7,9.06,20.99,11.41,18.94,5.08,1.52,32.63,0.69,1.47,,,,0.34,,84.55,,,,,137.08,952.29,
2024-08-28 10:00:00,29.98,52.8,7.5,18.73,10.73,17.39,4.94,1.52,32.36,0.68,1.48,,,,0.35,,67.7,,,,,207.35,952.24,
2024-08-28 11:00:00,28.98,50.43,7.67,20.53,12.38,17.55,5.92,1.62,32.4,0.68,1.5,,,,0.35,,62.55,,,,,194.24,952.12,
2024-08-28 12:00:00,27.98,48.05,7.66,20.12,11.96,17.54,5.66,1.58,32.66,0.69,1.52,,,,0.34,,67.35,,,,,97.14,951.99,
2024-08-28 13:00:00,27.23,46.26,6.13,16.61,10.19,16.01,5.51,1.58,32.63,0.69,1.49,,,,0.34,,74.08,,,,,208.8,951.78,
2024-08-28 14:00:00,26.88,45.42,7.56,19.34,11.28,17.44,5.51,1.61,32.6,0.69,1.5,,,,0.36,,67.45,,,,,115.01,951.63,
2024-08-28 15:00:00,27.07,45.9,9.36,22.18,12.48,19.24,6.82,1.61,32.19,0.67,1.53,,,,0.35,,59.55,,,,,120.77,951.59,
2024-08-28 16:00:00,26.98,45.66,5.6,16.54,10.7,15.48,5.34,1.62,32.72,0.69,1.5,,,,0.35,,64.08,,,,,74.68,951.52,
2024-08-28 17:00:00,28.45,49.15,5.36,17.38,11.57,15.24,5.93,1.62,32.68,0.69,1.48,,,,0.35,,73.2,,,,,14.4,951.62,
2024-08-28 18:00:00,30.05,52.97,8.52,19.94,11.24,18.4,6.93,1.62,32.85,0.7,1.48,,,,0.34,,78.75,,,,,5.89,951.77,
2024-08-28 19:00:00,29.84,52.46,8.24,20.6,11.88,18.12,3.78,1.62,32.68,0.69,1.48,,,,0.35,,86.5,,,,,5.89,952.0,
2024-08-28 20:00:00,28.72,49.82,7.84,21.15,12.9,17.72,3.66,1.61,32.66,0.69,1.45,,,,0.34,,92.5,,,,,5.89,952.12,
2024-08-28 21:00:00,30.02,52.91,6.93,17.95,10.55,16.82,2.67,1.6,32.32,0.68,1.52,,,,0.34,,93.38,,,,,5.89,952.16,
2024-08-28 22:00:00,30.34,53.68,5.32,15.35,9.74,15.2,4.33,1.6,32.59,0.69,1.5,,,,0.35,,93.5,,,,,5.89,952.15,
2024-08-28 23:00:00,29.0,50.48,8.84,23.39,14.11,18.72,4.26,1.6,32.96,0.7,1.5,,,,0.34,,93.55,,,,,5.89,952.07,
2024-08-29 00:00:00,27.91,47.87,6.24,19.8,13.14,16.12,4.09,1.59,32.46,0.68,1.51,,,,0.35,,93.6,,,,,5.89,951.92,
2024-08-29 01:00:00,26.9,45.47,6.32,18.38,11.95,16.2,6.18,1.57,32.78,0.69,1.48,,,,0.36,,93.6,,,,,5.89,951.66,
2024-08-29 02:00:00,27.54,46.99,6.2,19.53,12.9,16.08,5.54,1.62,32.5,0.68,1.49,,,,0.35,,93.6,,,,,5.89,951.52,
2024-08-29 03:00:00,27.33,46.5,7.79,19.04,10.82,17.67,4.5,1.6,32.94,0.7,1.52,,,,0.36,,93.6,,,,,5.89,951.49,
2024-08-29 04:00:00,26.76,45.13,6.52,16.85,10.04,16.4,6.13,1.58,32.65,0.69,1.48,,,,0.34,,93.6,,,,,5.89,951.59,
2024-08-29 05:00:00,26.23,43.88,7.71,20.38,12.23,17.58,4.7,1.48,32.74,0.69,1.46,,,,0.36,,93.6,,,,,5.89,951.63,
2024-08-29 06:00:00,27.49,46.89,9.6,22.48,12.35,19.48,5.86,1.56,32.75,0.7,1.5,,,,0.34,,93.6,,,,,5.89,951.66,
2024-08-29 07:00:00,27.89,47.84,7.73,17.66,9.43,17.61,6.93,1.59,32.77,0.7,1.48,,,,0.36,,93.6,,,,,15.82,951.72,
2024-08-29 08:00:00,28.36,48.96,8.61,22.28,13.23,18.49,6.88,1.64,32.42,0.68,1.46,,,,0.35,,93.5,,,,,54.26,951.87,
2024-08-29 09:00:00,23.94,38.42,7.58,21.09,13.06,17.46,,1.6,32.62,0.69,1.48,,,,0.35,,92.1,,,,,182.65,951.97,
2024-08-29 10:00:00,41.23,79.59,8.04,22.1,13.64,17.92,5.34,1.62,32.82,0.69,1.52,,,,0.35,,87.43,,,,,204.86,951.88,
2024-08-29 11:00:00,39.6,75.66,6.42,20.52,14.03,16.3,5.12,1.76,32.34,0.7,1.52,,,,0.37,,74.47,,,,,151.2,951.78,
2024-08-29 12:00:00,25.29,41.63,8.26,21.06,12.58,18.14,3.76,1.95,27.77,0.74,1.56,,,,0.44,,71.7,,,,,105.32,951.56,
2024-08-29 13:00:00,33.2,60.48,9.24,20.68,11.13,17.42,4.55,1.98,27.98,0.75,1.55,,,,0.44,,87.28,,,,,116.22,951.32,
2024-08-29 14:00:00,23.92,38.37,8.61,21.58,12.45,20.83,5.08,1.99,28.24,0.76,1.57,,,,0.43,,92.02,,,,,74.47,951.14,
2024-08-29 15:00:00,39.9,76.44,7.3,20.12,12.38,17.18,5.78,2.08,27.82,0.74,1.53,,,,0.44,,93.68,,,,,5.89,951.2,
2024-08-29 16:00:00,36.12,67.44,7.4,18.55,10.68,17.28,4.11,1.74,28.09,0.76,1.55,,,,0.44,,93.7,,,,,7.92,951.14,
2024-08-29 17:00:00,32.89,59.74,6.54,17.88,10.84,16.41,3.89,1.75,27.89,0.75,1.58,,,,0.43,,93.7,,,,,14.66,951.28,
2024-08-29 18:00:00,31.33,56.04,7.15,20.54,12.92,17.03,5.36,1.7,28.17,0.76,1.58,,,,0.43,,93.7,,,,,5.89,951.42,
2024-08-29 19:00:00,31.03,55.3,7.09,17.93,10.39,16.97,4.21,1.88,28.09,0.75,1.56,,,,0.42,,93.7,,,,,5.89,951.48,
2024-08-29 20:00:00,31.11,55.5,8.02,19.17,10.66,17.9,3.8,1.76,27.85,0.74,1.59,,,,0.43,,93.7,,,,,5.89,951.64,
2024-08-29 21:00:00,29.46,51.58,7.26,17.86,10.32,17.13,4.63,1.72,27.94,0.75,1.57,,,,0.44,,93.7,,,,,5.89,951.8,
2024-08-29 22:00:00,32.53,58.88,7.3,19.77,12.13,17.17,4.57,1.67,28.11,0.76,1.6,,,,0.42,,93.7,,,,,5.89,951.82,
2024-08-29 23:00:00,30.44,53.91,7.64,18.41,10.27,17.52,3.55,1.73,28.02,0.75,1.56,,,,0.44,,93.7,,,,,5.89,951.6,
2024-08-30 00:00:00,28.78,49.94,6.94,17.98,10.55,16.83,3.57,1.72,28.14,0.76,1.57,,,,0.43,,93.7,,,,,5.89,951.42,
2024-08-30 01:00:00,28.99,50.44,8.43,21.9,12.98,18.31,4.51,1.69,28.12,0.76,1.56,,,,0.44,,93.7,,,,,5.89,951.3,
2024-08-30 02:00:00,27.68,47.33,6.53,18.2,11.2,16.41,4.91,1.66,27.62,0.74,1.6,,,,0.42,,93.7,,,,,5.89,951.19,
2024-08-30 03:00:00,27.6,47.14,8.91,20.8,11.46,18.79,4.85,1.65,27.82,0.74,1.57,,,,0.43,,93.7,,,,,5.89,951.2,
2024-08-30 04:00:00,26.82,45.29,7.59,19.74,11.68,17.47,7.58,1.65,28.14,0.76,1.57,,,,0.43,,93.7,,,,,5.89,951.2,
2024-08-30 05:00:00,27.56,47.06,7.61,19.7,11.65,17.49,4.7,1.66,27.91,0.75,1.6,,,,0.43,,93.7,,,,,5.89,951.37,
2024-08-30 06:00:00,30.14,53.2,7.26,19.84,12.14,17.13,2.34,1.65,28.02,0.75,1.58,,,,0.43,,93.7,,,,,5.9,951.56,
2024-08-30 07:00:00,28.48,49.22,6.59,20.4,13.41,16.48,5.24,1.67,27.53,0.73,1.54,,,,0.43,,93.7,,,,,45.94,951.72,
2024-08-30 08:00:00,27.55,47.03,6.84,19.07,11.74,16.72,6.34,1.67,27.9,0.75,1.58,,,,0.43,,93.57,,,,,100.22,951.84,
2024-08-30 09:00:00,26.88,45.44,6.42,20.94,14.04,16.3,4.95,1.66,28.16,0.76,1.6,,,,0.44,,91.98,,,,,197.1,951.92,
2024-08-30 10:00:00,25.8,42.86,8.72,20.64,11.45,18.6,5.98,1.64,29.5,0.72,1.57,,,,0.42,,82.42,,,,,293.42,951.9,
2024-08-30 11:00:00,23.98,38.52,5.45,16.35,10.43,15.33,5.15,1.67,36.44,0.68,1.42,,,,0.37,,73.03,,,,,281.92,951.83,
2024-08-30 12:00:00,24.43,39.59,6.86,18.2,10.86,16.74,4.7,1.68,36.22,0.67,1.47,,,,0.37,,68.6,,,,,263.81,951.63,
2024-08-30 13:00:00,24.86,40.61,6.5,20.81,13.83,16.38,5.04,1.96,36.66,0.69,1.41,,,,0.36,,65.28,,,,,205.01,951.38,
2024-08-30 14:00:00,24.12,38.86,5.77,18.21,12.16,15.65,6.84,2.07,36.48,0.68,1.42,,,,0.37,,69.62,,,,,131.21,951.19,
2024-08-30 15:00:00,26.1,43.56,6.16,18.72,12.04,16.04,4.25,1.88,36.34,0.67,1.4,,,,0.37,,67.97,,,,,115.91,951.02,
2024-08-30 16:00:00,30.02,52.91,6.86,19.75,12.5,16.74,6.18,1.78,36.41,0.68,1.41,,,,0.38,,70.22,,,,,50.53,951.07,
2024-08-30 17:00:00,30.39,53.78,9.28,20.13,10.28,19.16,4.64,1.66,36.45,0.68,1.39,,,,0.36,,93.65,,,,,5.89,951.33,
2024-08-30 18:00:00,28.65,49.65,7.88,20.29,11.9,17.76,5.93,1.65,36.47,0.68,1.41,,,,0.37,,93.7,,,,,5.89,951.44,
2024-08-30 19:00:00,28.61,49.56,6.96,19.43,12.0,16.84,4.56,1.73,36.4,0.68,1.45,,,,0.37,,93.7,,,,,5.89,951.62,
2024-08-30 20:00:00,30.38,53.78,5.53,14.26,8.41,15.41,4.94,1.72,36.7,0.7,1.43,,,,0.36,,93.7,,,,,5.89,951.77,
2024-08-30 21:00:00,31.04,55.34,6.21,18.94,12.32,16.09,6.66,1.71,36.25,0.67,1.43,,,,0.36,,93.7,,,,,5.89,951.86,
2024-08-30 22:00:00,31.01,55.26,7.62,19.38,11.22,17.49,4.7,1.7,36.46,0.68,1.43,,,,0.38,,93.7,,,,,5.89,951.96,
2024-08-30 23:00:00,29.3,51.19,5.48,17.94,11.95,15.36,4.43,1.68,36.38,0.68,1.42,,,,0.36,,93.7,,,,,5.89,951.88,
2024-08-31 00:00:00,28.14,48.41,7.11,16.21,8.89,16.99,5.98,1.67,36.54,0.68,1.44,,,,0.38,,93.7,,,,,5.89,951.76,
2024-08-31 01:00:00,27.34,46.52,7.0,19.83,12.32,16.87,4.42,1.66,36.49,0.68,1.44,,,,0.36,,93.7,,,,,5.89,951.6,
2024-08-31 02:00:00,26.88,45.42,7.72,17.69,9.55,17.6,4.51,1.64,36.46,0.68,1.46,,,,0.38,,93.7,,,,,5.89,951.46,
2024-08-31 03:00:00,26.78,45.19,9.26,20.69,10.93,19.13,4.39,1.68,36.54,0.69,1.45,,,,0.36,,93.7,,,,,5.89,951.38,
2024-08-31 04:00:00,28.21,48.61,6.36,18.74,11.93,16.25,5.17,1.7,36.29,0.67,1.42,,,,0.38,,93.7,,,,,5.89,951.34,
2024-08-31 05:00:00,29.32,51.24,8.32,21.29,12.49,18.2,4.92,1.7,36.46,0.68,1.45,,,,0.36,,93.7,,,,,5.89,951.44,
2024-08-31 06:00:00,28.54,49.37,8.54,20.87,11.88,18.42,6.36,1.65,36.53,0.68,1.44,,,,0.37,,93.7,,,,,5.89,951.51,
2024-08-31 07:00:00,27.65,47.26,8.22,21.61,12.87,18.1,5.1,1.62,36.57,0.69,1.43,,,,0.36,,93.7,,,,,25.6,951.69,
2024-08-31 08:00:00,27.5,46.92,7.79,20.92,12.71,17.67,5.75,1.63,36.57,0.69,1.41,,,,0.37,,93.6,,,,,60.25,951.84,
2024-08-31 09:00:00,26.72,45.05,8.74,21.1,11.84,18.62,4.35,1.62,36.44,0.68,1.44,,,,0.37,,93.5,,,,,150.68,951.88,
2024-08-31 10:00:00,26.89,45.44,7.59,20.58,12.75,17.47,4.31,1.61,36.4,0.68,1.4,,,,0.37,,93.43,,,,,100.44,951.9,
2024-08-31 11:00:00,28.65,49.64,6.7,19.66,12.53,16.58,3.94,1.62,36.54,0.69,1.44,,,,0.37,,93.4,,,,,144.23,951.75,
2024-08-31 12:00:00,28.68,49.72,7.34,17.14,9.28,17.22,3.58,1.61,36.42,0.68,1.44,,,,0.37,,89.78,,,,,190.08,951.55,
2024-08-31 13:00:00,28.25,48.68,8.46,20.9,11.96,18.34,5.1,1.61,36.5,0.69,1.42,,,,0.37,,78.05,,,,,218.77,951.31,
2024-08-31 14:00:00,28.46,49.19,8.2,20.77,12.06,18.08,3.76,1.61,36.54,0.68,1.43,,,,0.37,,73.85,,,,,184.85,951.15,
2024-08-31 15:00:00,27.68,47.34,7.63,20.65,12.56,17.51,3.7,1.62,36.48,0.68,1.42,,,,0.37,,73.18,,,,,105.82,951.04,
2024-08-31 16:00:00,27.83,47.68,7.69,20.04,11.81,17.56,5.55,1.61,36.28,0.67,1.39,,,,0.37,,76.1,,,,,64.66,951.01,
2024-08-31 17:00:00,27.49,46.88,8.82,22.12,12.8,18.7,4.93,1.6,36.39,0.68,1.44,,,,0.37,,83.05,,,,,14.0,951.09,
2024-08-31 18:00:00,26.78,45.19,7.39,19.55,11.63,17.26,4.64,1.6,36.48,0.68,1.41,,,,0.37,,91.38,,,,,5.89,951.26,
2024-08-31 19:00:00,26.59,44.74,7.81,20.13,11.76,17.69,4.95,1.58,36.42,0.68,1.43,,,,0.37,,93.45,,,,,5.89,951.36,
2024-08-31 20:00:00,27.24,46.27,6.27,17.82,11.1,16.15,6.07,1.61,36.33,0.67,1.42,,,,0.37,,93.5,,,,,5.89,951.51,
2024-08-31 21:00:00,27.3,46.42,8.03,20.97,12.6,17.91,5.9,1.62,36.28,0.67,1.44,,,,0.37,,93.5,,,,,5.89,951.71,
2024-08-31 22:00:00,28.27,48.74,7.56,21.56,13.53,17.44,6.17,1.63,36.7,0.7,1.41,,,,0.38,,93.42,,,,,5.89,951.79,
2024-08-31 23:00:00,27.78,47.57,7.09,19.1,11.59,16.97,4.67,1.63,36.33,0.68,1.42,,,,0.36,,93.15,,,,,5.89,951.7,
2024-09-01 00:00:00,28.33,48.88,6.86,19.12,11.78,16.74,4.68,1.64,36.44,0.68,1.42,,,,0.37,,93.22,,,,,5.89,951.55,
2024-09-01 01:00:00,27.7,47.37,8.18,22.83,14.2,18.06,5.39,1.64,36.38,0.68,1.43,,,,0.38,,93.32,,,,,5.89,951.29,
2024-09-01 02:00:00,28.42,49.1,8.74,22.72,13.51,18.62,6.14,1.63,36.52,0.68,1.42,,,,0.37,,93.45,,,,,5.89,951.1,
2024-09-01 03:00:00,28.73,49.83,8.0,21.32,12.85,17.87,3.26,1.62,36.65,0.69,1.44,,,,0.37,,93.7,,,,,5.89,951.09,
2024-09-01 04:00:00,27.54,47.0,7.1,20.44,12.83,16.97,3.48,1.61,36.37,0.68,1.44,,,,0.36,,93.7,,,,,5.89,951.1,
2024-09-01 05:00:00,26.92,45.53,4.05,12.56,8.63,13.93,3.68,1.6,36.5,0.68,1.43,,,,0.37,,93.7,,,,,5.89,951.12,
2024-09-01 06:00:00,26.33,44.12,9.35,20.29,10.49,19.23,4.97,1.62,36.34,0.67,1.43,,,,0.37,,93.7,,,,,6.32,951.23,
2024-09-01 07:00:00,25.82,42.9,7.33,18.72,10.96,17.21,5.66,1.63,36.48,0.68,1.43,,,,0.37,,93.62,,,,,21.05,951.5,
2024-09-01 08:00:00,25.65,42.5,7.84,19.29,10.92,17.72,5.42,1.6,36.36,0.68,1.46,,,,0.36,,93.55,,,,,72.1,951.64,
2024-09-01 09:00:00,25.44,41.99,6.87,19.92,12.55,16.75,4.82,1.62,36.36,0.67,1.42,,,,0.38,,93.48,,,,,101.81,951.65,
2024-09-01 10:00:00,25.17,41.35,7.74,20.08,11.84,17.62,3.76,1.62,36.5,0.68,1.42,,,,0.38,,82.48,,,,,485.96,951.55,
2024-09-01 11:00:00,25.21,41.45,6.12,18.14,11.62,16.0,5.0,1.62,36.48,0.68,1.44,,,,0.38,,68.03,,,,,365.62,951.42,
2024-09-01 12:00:00,25.54,42.24,6.76,17.54,10.2,16.64,3.25,1.64,36.36,0.68,1.45,,,,0.36,,60.85,,,,,416.3,951.24,
2024-09-01 13:00:00,25.75,42.74,5.56,17.1,11.39,15.44,4.43,1.56,36.4,0.68,1.45,,,,0.38,,55.82,,,,,347.15,951.06,
2024-09-01 14:00:00,25.56,42.27,12.1,26.67,14.02,21.98,5.8,1.59,36.5,0.68,1.45,,,,0.37,,51.65,,,,,364.12,950.84,
2024-09-01 15:00:00,25.38,41.85,6.59,18.74,11.7,16.46,6.07,1.62,36.42,0.68,1.42,,,,0.37,,48.82,,,,,317.78,950.74,
2024-09-01 16:00:00,25.25,41.54,6.64,16.9,9.98,16.52,6.88,1.61,36.58,0.69,1.41,,,,0.37,,54.05,,,,,88.03,950.78,
2024-09-01 17:00:00,25.27,41.6,8.94,23.13,13.89,18.81,6.08,1.62,36.5,0.68,1.44,,,,0.36,,64.1,,,,,11.79,950.97,
2024-09-01 18:00:00,25.42,41.96,7.82,19.95,11.77,17.71,6.15,1.61,36.56,0.69,1.42,,,,0.36,,73.42,,,,,5.89,951.16,
2024-09-01 19:00:00,25.53,42.22,7.32,21.56,13.78,17.2,4.9,1.6,36.47,0.68,1.4,,,,0.38,,76.8,,,,,5.89,951.32,
2024-09-01 20:00:00,25.49,42.11,7.84,21.41,13.12,17.72,5.27,1.6,36.52,0.68,1.42,,,,0.36,,81.28,,,,,5.89,951.41,
2024-09-01 21:00:00,25.5,42.15,7.76,20.74,12.48,17.64,4.86,1.61,36.44,0.68,1.44,,,,0.38,,87.02,,,,,5.89,951.5,
2024-09-01 22:00:00,25.58,42.32,7.25,17.49,9.7,17.13,5.2,1.6,36.22,0.66,1.42,,,,0.37,,93.48,,,,,5.89,951.52,
2024-09-01 23:00:00,25.7,42.62,7.91,17.59,9.2,17.78,4.16,1.59,36.44,0.68,1.44,,,,0.37,,93.5,,,,,5.89,951.59,
2024-09-02 00:00:00,25.82,42.9,7.87,19.63,11.42,17.75,4.43,1.61,36.38,0.68,1.45,,,,0.38,,93.5,,,,,5.89,951.54,
2024-09-02 01:00:00,25.81,42.88,7.92,20.0,11.61,17.8,4.03,1.61,36.46,0.68,1.44,,,,0.37,,93.6,,,,,5.89,951.36,
2024-09-02 02:00:00,26.12,43.61,6.14,18.24,11.57,16.02,4.82,1.58,36.46,0.68,1.42,,,,0.38,,93.6,,,,,5.89,951.25,
2024-09-02 03:00:00,26.46,44.42,6.9,18.76,11.36,16.78,4.46,1.59,36.54,0.68,1.4,,,,0.38,,93.6,,,,,5.89,951.12,
2024-09-02 04:00:00,26.04,43.43,7.45,19.9,11.98,17.33,5.86,1.6,36.42,0.68,1.42,,,,0.37,,93.65,,,,,5.89,951.17,
2024-09-02 05:00:00,26.65,44.88,8.43,23.01,14.18,18.31,3.47,1.6,36.55,0.69,1.43,,,,0.37,,93.7,,,,,5.89,951.26,
2024-09-02 06:00:00,28.28,48.76,8.47,21.57,12.61,18.35,2.24,1.6,36.64,0.7,1.44,,,,0.37,,93.7,,,,,5.89,951.4,
2024-09-02 07:00:00,27.37,46.6,7.47,20.16,12.25,17.35,4.27,1.61,36.43,0.68,1.46,,,,0.35,,93.7,,,,,14.32,951.63,
2024-09-02 08:00:00,28.1,48.32,7.19,18.52,10.88,17.07,3.21,1.62,36.5,0.68,1.42,,,,0.38,,93.55,,,,,72.69,951.72,
2024-09-02 09:00:00,30.91,55.02,6.73,18.34,11.15,16.6,3.84,1.63,36.4,0.68,1.4,,,,0.37,,92.18,,,,,146.54,951.73,
2024-09-02 10:00:00,29.31,51.22,7.18,17.9,10.26,17.05,5.78,1.62,36.29,0.67,1.46,,,,0.37,,87.88,,,,,257.5,951.71,
2024-09-02 11:00:00,28.86,50.16,6.09,19.03,12.49,15.97,6.31,1.62,36.28,0.67,1.45,,,,0.37,,71.3,,,,,469.94,951.52,
2024-09-02 12:00:00,30.41,53.83,8.3,20.04,11.3,18.18,5.7,1.63,36.56,0.69,1.42,,,,0.37,,57.4,,,,,518.88,951.26,
2024-09-02 13:00:00,26.49,44.5,10.88,24.14,12.9,16.2,5.28,1.64,36.5,0.68,1.39,,,,0.36,,63.27,,,,,174.39,951.02,
2024-09-02 14:00:00,27.8,47.6,7.4,20.48,12.6,17.27,5.64,1.78,36.5,0.68,1.46,,,,0.37,,70.18,,,,,145.16,950.88,
2024-09-02 15:00:00,43.32,84.56,6.9,20.3,13.11,16.78,6.25,1.82,36.53,0.69,1.46,,,,0.37,,72.7,,,,,34.8,950.78,
2024-09-02 16:00:00,38.19,72.35,7.35,18.43,10.68,17.23,9.91,1.77,36.25,0.66,1.42,,,,0.37,,71.92,,,,,20.32,950.77,
2024-09-02 17:00:00,36.95,69.4,6.44,17.66,10.87,16.32,9.24,1.75,36.45,0.68,1.39,,,,0.36,,66.0,,,,,5.89,950.85,
2024-09-02 18:00:00,29.14,50.79,10.29,23.46,12.41,16.6,5.8,1.66,36.48,0.68,1.44,,,,0.37,,84.72,,,,,5.89,951.07,
2024-09-02 19:00:00,34.86,64.42,9.74,21.79,11.54,19.62,6.3,1.68,36.32,0.67,1.44,,,,0.37,,93.55,,,,,5.89,951.27,
2024-09-02 20:00:00,45.98,90.92,8.61,20.91,11.87,18.49,5.38,1.68,36.42,0.68,1.41,,,,0.37,,93.6,,,,,5.89,951.48,
2024-09-02 21:00:00,41.7,80.71,5.83,18.46,12.12,15.71,5.72,1.69,36.62,0.69,1.43,,,,0.36,,93.55,,,,,5.89,951.66,
2024-09-02 22:00:00,38.86,73.96,7.14,19.9,12.19,17.02,5.59,1.68,36.32,0.67,1.44,,,,0.37,,93.52,,,,,5.89,951.71,
2024-09-02 23:00:00,36.9,69.29,8.75,21.38,12.12,18.64,4.25,1.65,36.58,0.69,1.44,,,,0.37,,93.6,,,,,5.89,951.72,
2024-09-03 00:00:00,34.91,64.55,8.54,21.28,12.36,18.42,4.36,1.65,36.48,0.68,1.45,,,,0.37,,93.6,,,,,5.89,951.61,
2024-09-03 01:00:00,32.42,58.62,7.62,20.41,12.2,17.5,4.77,1.65,36.51,0.68,1.41,,,,0.36,,93.6,,,,,5.89,951.4,
2024-09-03 02:00:00,30.01,52.89,8.52,20.71,11.68,18.4,3.73,1.64,36.59,0.69,1.42,,,,0.36,,93.62,,,,,5.89,951.3,
2024-09-03 03:00:00,28.4,49.05,6.56,16.73,9.94,16.44,2.99,1.6,36.31,0.67,1.43,,,,0.37,,93.7,,,,,5.89,951.23,
2024-09-03 04:00:00,28.89,50.22,5.63,15.8,9.77,15.51,3.76,1.59,36.35,0.68,1.43,,,,0.37,,93.7,,,,,5.89,951.28,
2024-09-03 05:00:00,29.67,52.08,8.68,21.44,12.28,18.56,3.06,1.51,36.49,0.68,1.45,,,,0.37,,93.7,,,,,5.89,951.38,
2024-09-03 06:00:00,29.09,50.69,6.09,15.96,9.4,15.97,4.25,1.56,36.48,0.68,1.45,,,,0.37,,93.7,,,,,5.89,951.48,
2024-09-03 07:00:00,28.93,50.31,7.64,21.08,12.97,17.51,4.05,1.5,36.29,0.67,1.38,,,,0.36,,93.68,,,,,16.76,951.74,
2024-09-03 08:00:00,28.31,48.85,7.84,20.38,12.04,17.72,4.96,1.51,36.36,0.68,1.42,,,,0.37,,93.6,,,,,41.3,951.95,
2024-09-03 09:00:00,28.84,50.1,8.4,23.19,14.22,18.29,5.72,1.49,36.42,0.68,1.4,,,,0.37,,93.45,,,,,103.3,952.0,
2024-09-03 10:00:00,29.46,51.58,8.82,19.31,10.03,18.7,5.19,1.52,36.05,0.67,1.43,,,,0.36,,89.78,,,,,161.37,952.02,
2024-09-03 11:00:00,24.43,39.59,8.82,21.68,12.48,18.7,5.36,1.59,28.26,0.55,1.39,,,,0.31,,82.92,,,,,93.88,951.98,
2024-09-03 12:00:00,42.27,82.08,6.55,18.85,12.03,16.43,5.76,1.59,28.35,0.56,1.3,,,,0.32,,79.42,,,,,268.27,951.84,
2024-09-03 13:00:00,38.36,72.77,8.19,21.37,13.19,18.08,3.33,1.63,28.3,0.55,1.36,,,,0.31,,62.7,,,,,368.54,951.6,
2024-09-03 14:00:00,34.5,63.56,9.12,22.71,13.14,19.0,6.24,2.0,28.27,0.56,1.39,,,,0.31,,57.8,,,,,323.52,951.39,
2024-09-03 15:00:00,31.88,57.34,8.0,22.7,14.17,17.88,6.75,1.8,28.16,0.54,1.36,,,,0.31,,55.08,,,,,330.57,951.26,
2024-09-03 16:00:00,31.98,57.56,11.18,23.3,11.63,21.06,4.72,1.65,28.39,0.56,1.37,,,,0.31,,55.0,,,,,122.36,951.22,
2024-09-03 17:00:00,31.94,57.46,8.32,21.49,12.68,18.2,4.01,1.63,28.4,0.56,1.35,,,,0.3,,62.22,,,,,22.91,951.33,
2024-09-03 18:00:00,33.39,60.93,5.65,16.3,10.76,15.53,4.16,1.63,28.21,0.55,1.38,,,,0.31,,61.78,,,,,5.89,951.51,
2024-09-03 19:00:00,31.08,55.44,6.64,18.45,11.37,16.52,4.62,1.67,28.47,0.57,1.34,,,,0.31,,67.62,,,,,5.89,951.76,
2024-09-03 20:00:00,33.48,61.15,6.23,16.24,9.52,16.11,3.55,1.72,28.4,0.56,1.35,,,,0.31,,73.08,,,,,5.89,951.97,
2024-09-03 21:00:00,33.22,60.54,8.3,20.82,11.98,18.19,6.62,1.7,28.39,0.56,1.36,,,,0.31,,80.2,,,,,5.89,952.16,
2024-09-03 22:00:00,33.99,62.37,6.11,17.06,10.76,16.0,6.19,1.66,28.19,0.55,1.37,,,,0.32,,91.25,,,,,5.89,952.2,
2024-09-03 23:00:00,31.52,56.47,9.41,20.6,10.79,19.29,3.6,1.63,28.51,0.57,1.35,,,,0.32,,93.5,,,,,5.89,952.11,
2024-09-04 00:00:00,31.14,55.56,4.55,15.64,10.58,14.43,3.76,1.67,28.39,0.56,1.34,,,,0.31,,93.48,,,,,5.89,951.96,
2024-09-04 01:00:00,31.01,55.25,8.59,23.06,13.96,18.47,4.84,1.66,28.38,0.56,1.37,,,,0.31,,93.15,,,,,5.89,951.83,
2024-09-04 02:00:00,30.8,54.76,6.68,17.46,10.46,16.55,4.73,1.65,28.49,0.57,1.36,,,,0.31,,93.15,,,,,5.89,951.72,
2024-09-04 03:00:00,31.93,57.46,6.96,17.37,9.96,16.85,5.62,1.67,28.34,0.56,1.38,,,,0.31,,93.3,,,,,5.89,951.72,
2024-09-04 04:00:00,29.92,52.68,8.34,20.22,11.4,18.22,4.2,1.72,28.46,0.57,1.35,,,,0.32,,93.32,,,,,5.89,951.81,
2024-09-04 05:00:00,29.99,52.84,6.74,18.1,10.79,16.62,3.55,1.65,28.24,0.55,1.35,,,,0.32,,93.6,,,,,5.89,951.85,
2024-09-04 06:00:00,29.39,51.42,8.73,20.75,11.53,18.61,4.41,1.66,28.29,0.56,1.33,,,,0.32,,93.65,,,,,5.89,951.92,
2024-09-04 07:00:00,31.19,55.69,6.69,19.1,11.88,16.57,4.78,1.62,28.38,0.56,1.33,,,,0.32,,93.62,,,,,22.97,952.1,
2024-09-04 08:00:00,30.82,54.8,7.89,18.7,10.32,17.77,4.31,1.73,28.37,0.56,1.38,,,,0.31,,93.55,,,,,57.98,952.14,
2024-09-04 09:00:00,30.01,52.88,9.11,24.51,14.96,18.99,4.68,1.71,28.46,0.57,1.35,,,,0.31,,91.82,,,,,109.0,952.15,
2024-09-04 10:00:00,31.74,56.99,7.12,18.79,11.09,17.0,3.68,1.68,28.16,0.55,1.36,,,,0.32,,80.58,,,,,96.64,952.19,
2024-09-04 11:00:00,29.68,52.1,8.97,22.4,12.98,18.85,2.61,1.59,28.46,0.57,1.31,,,,0.3,,66.82,,,,,329.42,952.09,
2024-09-04 12:00:00,34.5,63.58,6.42,18.4,11.64,16.3,3.61,1.62,28.32,0.56,1.34,,,,0.31,,57.95,,,,,331.55,951.84,
2024-09-04 13:00:00,31.47,56.35,6.46,19.95,12.88,16.34,3.54,2.06,28.26,0.55,1.34,,,,0.31,,56.75,,,,,222.82,951.58,
2024-09-04 14:00:00,30.14,53.18,8.35,23.54,14.66,18.23,5.39,2.23,28.43,0.57,1.37,,,,0.3,,52.72,,,,,235.94,951.36,
2024-09-04 15:00:00,28.58,49.48,6.99,18.32,11.39,16.87,4.19,1.93,28.45,0.57,1.35,,,,0.31,,54.28,,,,,139.36,951.23,
2024-09-04 16:00:00,29.65,52.02,8.51,20.2,11.33,18.39,3.37,1.73,28.42,0.56,1.32,,,,0.31,,64.92,,,,,48.52,951.24,
2024-09-04 17:00:00,28.78,49.95,8.0,22.86,14.57,17.88,3.16,1.63,28.37,0.56,1.32,,,,0.31,,72.75,,,,,13.51,951.34,
2024-09-04 18:00:00,27.54,47.0,5.49,16.32,10.48,15.37,4.67,1.63,28.37,0.56,1.37,,,,0.3,,80.03,,,,,5.89,951.41,
2024-09-04 19:00:00,30.35,53.69,10.17,23.98,13.3,20.05,5.62,1.67,28.42,0.57,1.38,,,,0.31,,81.42,,,,,5.89,951.53,
2024-09-04 20:00:00,33.2,60.48,8.48,22.33,13.34,18.36,6.18,1.7,28.33,0.56,1.37,,,,0.31,,78.95,,,,,5.89,951.72,
2024-09-04 21:00:00,32.42,58.6,8.71,21.99,12.79,18.59,4.31,1.69,28.41,0.57,1.33,,,,0.31,,84.08,,,,,5.89,951.94,
2024-09-04 22:00:00,32.66,59.19,6.65,17.82,10.7,16.54,4.08,1.71,28.33,0.56,1.38,,,,0.32,,93.45,,,,,5.89,952.0,
2024-09-04 23:00:00,34.43,63.41,7.21,18.87,11.72,17.09,4.38,1.72,28.48,0.57,1.36,,,,0.31,,93.5,,,,,5.89,951.91,
2024-09-05 00:00:00,34.12,62.66,6.52,18.88,11.89,16.4,4.26,1.69,28.35,0.56,1.34,,,,0.32,,93.55,,,,,5.89,951.79,
2024-09-05 01:00:00,32.97,59.92,8.1,20.03,11.52,17.98,3.74,1.71,28.34,0.56,1.35,,,,0.3,,93.6,,,,,5.89,951.65,
2024-09-05 02:00:00,30.68,54.47,6.59,17.73,10.75,16.47,2.68,1.68,28.1,0.55,1.31,,,,0.32,,93.6,,,,,5.89,951.51,
2024-09-05 03:00:00,29.96,52.76,8.6,21.05,11.96,18.49,3.27,1.6,28.34,0.56,1.35,,,,0.3,,93.65,,,,,5.89,951.42,
2024-09-05 04:00:00,28.7,49.76,8.04,19.3,10.75,17.92,3.93,1.63,28.34,0.56,1.36,,,,0.32,,93.7,,,,,5.89,951.41,
2024-09-05 05:00:00,28.15,48.44,7.26,20.02,12.25,17.13,4.56,1.64,28.41,0.57,1.37,,,,0.31,,93.7,,,,,5.89,951.5,
2024-09-05 06:00:00,31.23,55.79,8.5,21.02,12.09,18.38,4.38,1.68,28.21,0.55,1.37,,,,0.31,,93.7,,,,,5.89,951.66,
2024-09-05 07:00:00,29.58,51.86,10.02,25.0,14.47,19.89,3.79,1.67,28.24,0.55,1.34,,,,0.31,,93.65,,,,,12.1,951.88,
2024-09-05 08:00:00,31.78,57.1,7.62,18.89,10.76,17.5,3.26,1.68,28.31,0.56,1.37,,,,0.32,,93.6,,,,,65.75,952.0,
2024-09-05 09:00:00,,,,,,,,,,,,,,,,,,,,,,,,
2024-09-05 10:00:00,,,,,,,,,,,,,,,,,,,,,,,,
2024-09-05 11:00:00,,,,,,,,,,,,,,,,,,,,,,,,
2024-09-05 12:00:00,,,,,,,,,,,,,,,,,,,,,,,,
2024-09-05 13:00:00,,,,,,,,,,,,,,,,,,,,,,,,
2024-09-05 14:00:00,,,,,,,,,,,,,,,,,,,,,,,,
2024-09-05 15:00:00,,,,,,,,,,,,,,,,,,,,,,,,
2024-09-05 16:00:00,,,,,,,,,,,,,,,,,,,,,,,,
2024-09-05 17:00:00,,,,,,,,,,,,,,,,,,,,,,,,
2024-09-05 18:00:00,,,,,,,,,,,,,,,,,,,,,,,,
2024-09-05 19:00:00,,,,,,,,,,,,,,,,,,,,,,,,
2024-09-05 20:00:00,,,,,,,,,,,,,,,,,,,,,,,,
2024-09-05 21:00:00,,,,,,,,,,,,,,,,,,,,,,,,
2024-09-05 22:00:00,,,,,,,,,,,,,,,,,,,,,,,,
2024-09-05 23:00:00,,,,,,,,,,,,,,,,,,,,,,,,
2024-09-06 00:00:00,,,,,,,,,,,,,,,,,,,,,,,,
2024-09-06 01:00:00,,,,,,,,,,,,,,,,,,,,,,,,
2024-09-06 02:00:00,,,,,,,,,,,,,,,,,,,,,,,,
2024-09-06 03:00:00,,,,,,,,,,,,,,,,,,,,,,,,
2024-09-06 04:00:00,,,,,,,,,,,,,,,,,,,,,,,,
2024-09-06 05:00:00,,,,,,,,,,,,,,,,,,,,,,,,
2024-09-06 06:00:00,,,,,,,,,,,,,,,,,,,,,,,,
2024-09-06 07:00:00,,,,,,,,,,,,,,,,,,,,,,,,
2024-09-06 08:00:00,,,,,,,,,,,,,,,,,,,,,,,,
2024-09-06 09:00:00,,,,,,,,,,,,,,,,,,,,,,,,
2024-09-06 10:00:00,,,,,,,,,,,,,,,,,,,,,,,,
2024-09-06 11:00:00,23.98,38.52,7.86,22.22,13.81,17.74,6.91,1.62,28.52,0.57,1.33,,,,0.31,,70.37,,,,,184.02,951.92,
2024-09-06 12:00:00,24.16,38.95,10.26,23.73,12.98,20.14,6.08,1.84,28.42,0.56,1.34,,,,0.3,,68.75,,,,,152.44,951.76,
2024-09-06 13:00:00,26.44,44.38,6.9,19.54,12.23,16.78,5.16,2.01,28.27,0.55,1.36,,,,0.3,,68.18,,,,,159.38,951.58,
2024-09-06 14:00:00,26.68,44.94,8.27,20.01,11.22,18.15,6.37,2.03,28.15,0.54,1.34,,,,0.32,,67.9,,,,,126.73,951.4,
2024-09-06 15:00:00,28.08,48.29,7.68,19.28,11.12,17.57,4.59,2.22,28.27,0.55,1.36,,,,0.31,,67.6,,,,,82.19,951.24,
2024-09-06 16:00:00,29.15,50.85,5.05,14.5,8.94,14.93,4.41,2.06,28.46,0.57,1.35,,,,0.3,,68.2,,,,,46.61,951.2,
2024-09-06 17:00:00,29.63,51.98,7.07,19.4,11.8,16.95,4.04,1.85,28.35,0.56,1.34,,,,0.31,,69.32,,,,,7.63,951.28,
2024-09-06 18:00:00,33.2,60.48,8.36,21.04,12.22,18.24,6.2,1.72,28.32,0.56,1.38,,,,0.32,,74.0,,,,,5.91,951.4,
2024-09-06 19:00:00,32.69,59.26,7.1,19.1,11.58,16.98,4.98,1.74,28.3,0.55,1.36,,,,0.31,,74.72,,,,,5.91,951.62,
2024-09-06 20:00:00,32.22,58.14,8.89,22.35,13.12,18.77,4.07,1.71,28.3,0.56,1.31,,,,0.32,,75.55,,,,,5.91,951.79,
2024-09-06 21:00:00,32.35,58.45,7.58,20.84,12.77,17.46,4.25,1.64,28.43,0.56,1.33,,,,0.31,,83.82,,,,,5.91,951.88,
2024-09-06 22:00:00,32.01,57.63,7.89,20.06,11.62,17.77,6.87,1.67,28.4,0.56,1.35,,,,0.32,,93.45,,,,,5.91,951.96,
2024-09-06 23:00:00,34.11,62.65,6.24,18.73,12.1,16.12,4.66,1.67,28.27,0.55,1.32,,,,0.3,,93.5,,,,,5.91,951.95,
2024-09-07 00:00:00,32.34,58.43,7.04,20.24,12.74,16.92,4.0,1.67,28.41,0.56,1.35,,,,0.32,,93.57,,,,,5.91,951.85,
2024-09-07 01:00:00,32.01,57.64,8.36,19.71,10.88,18.24,4.31,1.67,28.29,0.56,1.34,,,,0.31,,93.6,,,,,5.91,951.74,
2024-09-07 02:00:00,30.4,53.82,6.36,17.46,11.07,16.24,5.19,1.65,28.2,0.55,1.36,,,,0.31,,93.6,,,,,5.91,951.64,
2024-09-07 03:00:00,29.31,51.2,8.45,21.44,12.56,18.33,4.2,1.68,28.38,0.56,1.36,,,,0.32,,93.62,,,,,5.91,951.55,
2024-09-07 04:00:00,29.52,51.71,7.5,20.32,12.34,17.38,4.82,1.67,28.37,0.56,1.35,,,,0.3,,93.7,,,,,5.91,951.58,
2024-09-07 05:00:00,29.13,50.79,5.31,14.09,8.65,15.19,3.89,1.66,28.45,0.56,1.37,,,,0.31,,93.7,,,,,5.91,951.61,
2024-09-07 06:00:00,30.27,53.5,5.56,15.82,9.87,15.43,4.22,1.66,28.15,0.55,1.33,,,,0.31,,93.68,,,,,5.91,951.7,
2024-09-07 07:00:00,29.14,50.83,6.89,19.99,12.62,16.77,4.9,1.66,28.38,0.56,1.35,,,,0.3,,93.6,,,,,12.88,951.8,
2024-09-07 08:00:00,29.47,51.6,5.36,17.14,11.52,15.24,5.19,1.66,28.4,0.56,1.33,,,,0.32,,93.55,,,,,56.36,951.95,
2024-09-07 09:00:00,30.48,54.0,7.88,21.0,12.6,17.76,3.34,1.66,28.23,0.55,1.35,,,,0.31,,93.1,,,,,116.84,952.03,
2024-09-07 10:00:00,29.09,50.68,9.65,23.05,12.86,19.53,3.92,1.64,28.38,0.56,1.34,,,,0.31,,78.42,,,,,319.1,952.09,
2024-09-07 11:00:00,28.1,48.34,6.02,18.17,11.7,15.9,5.12,1.58,28.28,0.56,1.33,,,,0.31,,64.92,,,,,302.08,952.02,
2024-09-07 12:00:00,27.33,46.5,7.04,19.97,12.46,16.92,3.66,1.57,28.26,0.56,1.34,,,,0.31,,57.4,,,,,344.11,951.8,
2024-09-07 13:00:00,26.5,44.52,7.23,17.76,10.07,17.11,2.94,1.56,28.46,0.56,1.35,,,,0.3,,55.6,,,,,416.74,951.49,
2024-09-07 14:00:00,25.82,42.9,6.42,18.38,11.69,16.3,4.22,1.6,28.48,0.56,1.33,,,,0.31,,54.42,,,,,222.82,951.3,
2024-09-07 15:00:00,27.88,47.82,8.9,23.68,14.34,18.78,5.92,1.63,28.37,0.56,1.38,,,,0.31,,76.08,,,,,114.45,951.32,
2024-09-07 16:00:00,27.54,46.99,7.22,18.96,11.2,17.1,5.02,1.62,28.62,0.58,1.38,,,,0.32,,91.15,,,,,30.48,951.36,
2024-09-07 17:00:00,27.98,48.07,6.67,18.86,11.76,16.55,3.83,1.62,28.42,0.56,1.35,,,,0.31,,93.4,,,,,5.95,951.52,
2024-09-07 18:00:00,27.26,46.32,7.43,20.7,12.78,17.31,5.18,1.61,28.26,0.56,1.36,,,,0.31,,93.43,,,,,5.9,951.67,
2024-09-07 19:00:00,28.85,50.13,8.3,22.29,13.45,18.18,5.61,1.62,28.26,0.56,1.35,,,,0.31,,93.4,,,,,5.9,951.89,
2024-09-07 20:00:00,30.29,53.54,8.23,20.55,11.86,18.11,3.91,1.63,28.48,0.57,1.38,,,,0.3,,93.5,,,,,5.9,952.08,
2024-09-07 21:00:00,29.28,51.16,8.7,19.79,10.6,18.58,4.74,1.62,28.38,0.56,1.39,,,,0.31,,93.5,,,,,5.91,952.18,
2024-09-07 22:00:00,28.03,48.16,7.83,21.68,13.34,17.71,6.16,1.62,28.28,0.56,1.38,,,,0.31,,93.5,,,,,5.91,952.17,
2024-09-07 23:00:00,27.21,46.21,8.51,20.09,11.12,18.39,5.22,1.65,28.36,0.56,1.35,,,,0.3,,93.22,,,,,5.91,952.09,
2024-09-08 00:00:00,28.27,48.74,7.81,19.36,11.3,17.69,5.31,1.64,28.38,0.56,1.36,,,,0.31,,93.12,,,,,5.91,951.96,
2024-09-08 01:00:00,27.69,47.36,7.66,20.12,11.99,17.55,6.74,1.66,28.29,0.56,1.37,,,,0.31,,93.2,,,,,5.91,951.86,
2024-09-08 02:00:00,26.68,44.95,6.05,18.01,11.53,15.93,6.98,1.65,28.4,0.56,1.36,,,,0.3,,93.25,,,,,5.9,951.7,
2024-09-08 03:00:00,27.15,46.07,9.07,22.06,12.5,18.94,6.7,1.56,28.39,0.56,1.34,,,,0.3,,93.52,,,,,5.91,951.7,
2024-09-08 04:00:00,26.62,44.82,7.28,18.57,10.9,17.16,4.6,1.52,28.36,0.56,1.34,,,,0.32,,93.6,,,,,5.91,951.78,
2024-09-08 05:00:00,25.91,43.12,7.02,16.54,9.16,16.89,4.48,1.5,28.26,0.56,1.37,,,,0.31,,93.6,,,,,5.9,951.9,
2024-09-08 06:00:00,25.52,42.17,6.72,17.6,10.52,16.59,5.76,1.52,28.38,0.56,1.3,,,,0.3,,93.65,,,,,5.91,951.98,
2024-09-08 07:00:00,27.1,45.95,7.9,20.58,12.18,17.78,5.18,1.57,28.52,0.57,1.34,,,,0.3,,93.6,,,,,10.05,952.1,
2024-09-08 08:00:00,28.3,48.82,7.62,19.31,11.23,17.49,3.69,1.54,28.27,0.55,1.37,,,,0.32,,93.52,,,,,43.65,952.24,
2024-09-08 09:00:00,27.49,46.89,7.06,18.89,11.27,16.93,4.77,1.56,28.39,0.56,1.36,,,,0.3,,93.42,,,,,76.51,952.28,
2024-09-08 10:00:00,26.78,45.18,7.54,20.06,12.02,17.42,4.2,1.58,28.35,0.56,1.37,,,,0.32,,86.25,,,,,153.69,952.21,
2024-09-08 11:00:00,28.44,49.16,7.46,22.03,14.08,17.34,4.68,1.57,28.33,0.56,1.33,,,,0.32,,78.35,,,,,201.66,952.08,
2024-09-08 12:00:00,29.46,51.57,7.86,19.15,10.83,17.74,4.82,1.61,28.48,0.57,1.36,,,,0.31,,69.18,,,,,250.78,951.82,
2024-09-08 13:00:00,30.83,54.82,7.54,20.26,12.18,17.42,4.31,1.64,28.14,0.55,1.36,,,,0.32,,61.65,,,,,204.1,951.58,
2024-09-08 14:00:00,29.47,51.58,7.26,20.3,12.56,17.14,4.06,1.62,28.32,0.56,1.35,,,,0.31,,59.78,,,,,206.73,951.43,
2024-09-08 15:00:00,28.02,48.16,6.97,18.32,10.96,16.85,3.44,1.54,28.21,0.55,1.33,,,,0.31,,57.32,,,,,130.29,951.32,
2024-09-08 16:00:00,27.04,45.8,6.45,19.59,12.58,16.33,3.27,1.62,28.32,0.56,1.35,,,,0.31,,58.98,,,,,57.29,951.3,
2024-09-08 17:00:00,26.24,43.91,6.4,17.83,11.13,16.28,4.0,1.62,28.29,0.56,1.34,,,,0.31,,65.05,,,,,11.52,951.35,
2024-09-08 18:00:00,25.62,42.44,6.04,17.64,11.07,15.92,5.54,1.61,28.24,0.55,1.34,,,,0.31,,79.9,,,,,5.9,951.56,
2024-09-08 19:00:00,27.39,46.64,7.53,19.18,11.22,17.41,5.03,1.55,28.31,0.56,1.34,,,,0.3,,93.48,,,,,5.9,951.77,
2024-09-08 20:00:00,27.17,46.11,4.07,13.44,9.05,13.95,5.66,1.54,28.38,0.56,1.35,,,,0.31,,93.5,,,,,5.9,951.86,
2024-09-08 21:00:00,26.58,44.72,8.89,21.45,12.12,18.77,4.88,1.54,28.45,0.56,1.37,,,,0.32,,93.5,,,,,5.91,951.89,
2024-09-08 22:00:00,26.18,43.77,6.28,19.16,12.38,16.16,6.42,1.63,28.27,0.55,1.34,,,,0.32,,93.5,,,,,5.9,951.9,
2024-09-08 23:00:00,27.08,45.9,7.13,18.73,11.18,17.01,3.38,1.58,28.42,0.56,1.32,,,,0.31,,93.5,,,,,5.91,951.84,
2024-09-09 00:00:00,28.6,49.53,7.76,19.31,11.16,17.64,3.84,1.61,28.22,0.55,1.34,,,,0.32,,93.5,,,,,5.91,951.74,
2024-09-09 01:00:00,28.08,48.29,9.32,23.16,13.32,19.2,4.96,1.59,28.13,0.55,1.37,,,,0.31,,93.5,,,,,5.91,951.68,
2024-09-09 02:00:00,27.1,45.95,7.22,19.08,11.38,17.1,4.24,1.6,28.43,0.56,1.38,,,,0.32,,93.6,,,,,5.9,951.54,
2024-09-09 03:00:00,28.26,48.72,8.21,19.72,11.14,18.09,4.14,1.6,28.34,0.56,1.32,,,,0.31,,93.6,,,,,5.91,951.36,
2024-09-09 04:00:00,27.65,47.26,7.75,19.97,11.71,17.63,5.65,1.62,28.3,0.56,1.35,,,,0.3,,93.6,,,,,5.9,951.24,
2024-09-09 05:00:00,29.06,50.63,6.0,17.21,10.84,15.88,4.53,1.6,28.48,0.57,1.35,,,,0.31,,93.7,,,,,5.9,951.29,
2024-09-09 06:00:00,28.67,49.68,7.8,21.93,13.75,17.68,4.78,1.61,28.46,0.56,1.34,,,,0.31,,93.7,,,,,5.9,951.44,
2024-09-09 07:00:00,27.92,47.9,8.58,23.27,14.12,18.46,5.17,1.59,28.61,0.58,1.34,,,,0.3,,93.65,,,,,5.91,951.56,
2024-09-09 08:00:00,29.83,52.46,7.64,19.55,11.36,17.52,5.45,1.62,28.56,0.57,1.36,,,,0.31,,93.55,,,,,54.39,951.62,
2024-09-09 09:00:00,31.05,55.37,6.5,18.19,11.56,16.38,3.08,1.62,28.27,0.55,1.37,,,,0.31,,90.38,,,,,143.36,951.6,
2024-09-09 10:00:00,31.14,55.56,5.6,15.92,10.05,15.48,4.79,1.63,28.64,0.58,1.34,,,,0.3,,73.28,,,,,274.6,951.56,
2024-09-09 11:00:00,29.74,52.25,10.0,22.18,11.66,19.88,3.76,1.59,28.29,0.55,1.33,,,,0.32,,63.9,,,,,279.98,951.54,
2024-09-09 12:00:00,31.58,56.62,9.55,21.02,10.96,19.42,3.56,1.62,28.27,0.55,1.34,,,,0.31,,56.75,,,,,371.12,951.38,
2024-09-09 13:00:00,32.77,59.45,7.03,20.17,12.64,16.91,4.12,1.63,28.4,0.56,1.34,,,,0.31,,53.7,,,,,502.26,951.2,
2024-09-09 14:00:00,30.8,54.75,8.8,20.94,11.8,18.69,4.62,1.63,28.12,0.54,1.33,,,,0.3,,49.4,,,,,425.94,951.0,
2024-09-09 15:00:00,29.91,52.64,8.16,20.02,11.5,18.04,4.12,1.68,28.54,0.57,1.35,,,,0.3,,52.95,,,,,120.8,950.91,
2024-09-09 16:00:00,29.73,52.22,6.59,19.19,12.45,16.47,4.19,1.71,28.41,0.56,1.34,,,,0.31,,55.75,,,,,32.24,950.89,
2024-09-09 17:00:00,28.9,50.24,6.83,18.6,11.5,16.71,6.76,1.65,28.4,0.56,1.36,,,,0.32,,62.0,,,,,13.91,950.97,
2024-09-09 18:00:00,30.89,54.99,8.72,21.23,12.02,18.6,6.02,1.62,28.28,0.56,1.36,,,,0.3,,70.97,,,,,5.9,951.1,
2024-09-09 19:00:00,31.47,56.35,6.53,19.44,12.38,16.41,5.83,1.63,28.4,0.56,1.35,,,,0.31,,74.15,,,,,5.91,951.25,
2024-09-09 20:00:00,32.33,58.41,7.02,20.08,12.63,16.9,4.7,1.62,28.47,0.56,1.34,,,,0.32,,84.02,,,,,5.91,951.4,
2024-09-09 21:00:00,31.93,57.45,6.84,18.95,11.72,16.72,4.92,1.6,28.45,0.56,1.34,,,,0.31,,93.22,,,,,5.91,951.45,
2024-09-09 22:00:00,31.76,57.05,5.01,17.92,12.56,14.89,5.44,1.59,28.35,0.56,1.38,,,,0.31,,93.5,,,,,5.91,951.47,
2024-09-09 23:00:00,30.12,53.15,8.46,20.93,11.92,18.34,5.46,1.58,28.46,0.56,1.36,,,,0.31,,93.5,,,,,5.91,951.44,
2024-09-10 00:00:00,28.63,49.6,5.81,13.97,7.94,15.69,5.85,1.57,28.52,0.57,1.39,,,,0.31,,93.52,,,,,5.91,951.34,
2024-09-10 01:00:00,27.52,46.96,7.99,20.4,11.96,17.89,5.24,1.57,28.25,0.56,1.36,,,,0.31,,93.55,,,,,5.91,951.19,
2024-09-10 02:00:00,28.24,48.68,7.02,19.41,11.89,16.9,5.23,1.58,28.42,0.56,1.34,,,,0.31,,93.6,,,,,5.9,951.08,
2024-09-10 03:00:00,28.38,49.0,7.19,18.59,10.97,17.07,4.29,1.6,28.43,0.56,1.34,,,,0.32,,93.6,,,,,5.91,951.09,
2024-09-10 04:00:00,27.55,47.02,6.46,18.68,11.8,16.36,4.8,1.6,28.44,0.56,1.36,,,,0.3,,93.7,,,,,5.9,951.15,
2024-09-10 05:00:00,27.51,46.93,9.04,19.72,10.19,18.92,4.27,1.58,28.46,0.57,1.33,,,,0.3,,93.7,,,,,5.91,951.26,
2024-09-10 06:00:00,27.4,46.68,7.02,18.48,11.02,16.9,6.17,1.59,28.46,0.56,1.36,,,,0.32,,93.7,,,,,5.91,951.43,
2024-09-10 07:00:00,27.34,46.54,8.2,21.67,13.01,18.08,5.02,1.58,28.54,0.57,1.34,,,,0.32,,93.6,,,,,31.51,951.58,
2024-09-10 08:00:00,27.11,45.97,7.29,19.39,12.08,17.17,4.45,1.58,28.48,0.57,1.36,,,,0.31,,93.55,,,,,62.24,951.7,
2024-09-10 09:00:00,28.48,49.24,6.92,20.32,12.84,16.8,3.5,1.6,28.47,0.57,1.34,,,,0.31,,90.02,,,,,148.08,951.67,
2024-09-10 10:00:00,29.74,52.25,6.02,17.36,10.91,15.9,3.98,1.61,28.28,0.56,1.38,,,,0.31,,70.5,,,,,436.84,951.58,
2024-09-10 11:00:00,30.4,53.8,7.74,20.06,11.92,17.62,3.01,1.65,28.55,0.57,1.36,,,,0.31,,55.1,,,,,525.95,951.45,
2024-09-10 12:00:00,23.92,43.6,9.09,22.3,12.86,18.97,3.88,1.69,28.24,0.55,1.35,,,,0.31,,48.2,,,,,459.73,951.21,
2024-09-10 13:00:00,24.6,39.99,10.5,22.52,12.93,20.38,3.11,1.72,28.16,0.55,1.32,,,,0.31,,44.78,,,,,295.39,950.99,
2024-09-10 14:00:00,26.6,44.75,8.84,19.59,11.92,18.72,4.45,1.81,28.4,0.56,1.34,,,,0.3,,54.95,,,,,129.82,950.91,
2024-09-10 15:00:00,27.68,47.33,8.82,20.66,12.94,18.7,6.27,2.16,28.27,0.57,1.35,,,,0.32,,55.4,,,,,246.52,950.82,
2024-09-10 16:00:00,27.26,46.32,6.92,15.04,9.28,16.8,5.49,2.1,28.3,0.56,1.33,,,,0.3,,55.92,,,,,138.37,950.8,
2024-09-10 17:00:00,28.08,48.28,9.04,18.61,10.5,18.92,5.49,2.08,28.26,0.55,1.36,,,,0.31,,66.47,,,,,8.57,950.9,
2024-09-10 18:00:00,29.82,52.41,9.29,20.3,12.05,19.17,6.75,2.0,28.44,0.57,1.33,,,,0.32,,88.48,,,,,5.91,951.15,
2024-09-10 19:00:00,30.4,53.8,7.5,16.4,9.9,17.39,5.2,1.76,28.32,0.56,1.36,,,,0.3,,93.5,,,,,5.91,951.38,
2024-09-10 20:00:00,28.45,49.18,10.94,22.01,12.1,20.82,4.3,1.68,28.3,0.56,1.36,,,,0.31,,93.5,,,,,5.91,951.57,
2024-09-10 21:00:00,27.53,46.98,8.11,16.42,9.58,17.99,4.4,1.71,28.44,0.56,1.34,,,,0.32,,93.57,,,,,5.9,951.71,
2024-09-10 22:00:00,27.34,46.53,8.42,18.82,11.37,18.3,5.01,1.72,28.37,0.56,1.35,,,,0.31,,93.3,,,,,5.9,951.78,
2024-09-10 23:00:00,26.68,44.96,9.1,20.32,12.2,18.98,4.4,1.72,28.3,0.56,1.34,,,,0.32,,93.12,,,,,5.91,951.77,
2024-09-11 00:00:00,26.36,44.2,7.49,19.36,13.03,17.37,5.04,1.72,28.33,0.56,1.36,,,,0.32,,93.22,,,,,5.91,951.69,
2024-09-11 01:00:00,27.24,46.29,7.34,17.52,11.36,17.22,5.37,1.71,28.38,0.56,1.37,,,,0.32,,93.18,,,,,5.9,951.52,
2024-09-11 02:00:00,28.06,48.24,9.62,20.42,11.82,19.5,5.96,1.74,28.22,0.55,1.36,,,,0.31,,93.55,,,,,5.91,951.4,
2024-09-11 03:00:00,28.15,48.44,8.47,19.04,11.71,18.36,6.27,1.85,28.36,0.56,1.38,,,,0.32,,93.7,,,,,5.91,951.35,
2024-09-11 04:00:00,29.25,51.08,8.72,19.92,12.21,18.61,4.36,1.82,28.5,0.57,1.35,,,,0.32,,93.7,,,,,5.9,951.36,
2024-09-11 05:00:00,29.62,51.96,8.24,17.92,10.69,18.12,4.16,1.85,28.41,0.56,1.36,,,,0.32,,93.7,,,,,5.91,951.44,
2024-09-11 06:00:00,28.92,50.3,7.15,18.52,12.45,17.02,2.85,1.86,28.44,0.57,1.32,,,,0.32,,93.7,,,,,6.1,951.52,
2024-09-11 07:00:00,28.9,50.24,9.52,20.22,11.71,19.4,3.76,1.87,28.47,0.57,1.33,,,,0.32,,93.65,,,,,40.19,951.72,
2024-09-11 08:00:00,30.54,54.13,7.17,18.88,12.76,17.05,4.55,1.89,28.27,0.55,1.34,,,,0.32,,93.5,,,,,88.12,951.9,
2024-09-11 09:00:00,32.63,59.12,7.6,17.87,11.32,17.48,4.31,1.88,28.56,0.57,1.32,,,,0.32,,84.42,,,,,189.4,951.98,
2024-09-11 10:00:00,31.39,56.16,9.78,22.05,13.34,19.66,6.08,1.85,28.5,0.57,1.32,,,,0.3,,67.65,,,,,438.5,951.91,
2024-09-11 11:00:00,31.17,55.65,11.25,23.0,12.66,21.13,4.82,1.84,28.45,0.57,1.33,,,,0.31,,60.42,,,,,599.56,951.76,
2024-09-11 12:00:00,32.2,58.11,8.92,20.58,12.68,18.8,2.42,2.18,28.56,0.57,1.36,,,,0.31,,53.0,,,,,447.34,951.54,
2024-09-11 13:00:00,30.67,54.46,7.5,18.05,11.66,17.38,4.42,2.54,28.44,0.57,1.33,,,,0.32,,48.3,,,,,451.54,951.31,
2024-09-11 14:00:00,30.19,53.31,7.79,19.27,12.53,17.67,5.58,2.57,28.41,0.56,1.33,,,,0.3,,46.45,,,,,127.98,951.23,
2024-09-11 15:00:00,29.16,50.87,8.3,19.27,12.08,18.18,6.69,2.55,28.33,0.56,1.35,,,,0.31,,44.78,,,,,86.74,951.24,
2024-09-11 16:00:00,30.18,53.27,7.87,18.7,11.83,17.75,3.3,2.35,28.49,0.57,1.34,,,,0.3,,48.22,,,,,49.54,951.29,
2024-09-11 17:00:00,30.88,54.94,7.96,17.82,10.84,17.84,4.32,2.38,28.02,0.54,1.37,,,,0.3,,55.38,,,,,9.19,951.48,
2024-09-11 18:00:00,31.4,56.18,8.02,18.41,11.41,17.9,5.56,2.35,28.51,0.57,1.39,,,,0.31,,61.53,,,,,5.91,951.66,
2024-09-11 19:00:00,32.64,59.14,5.86,15.52,10.8,15.74,3.66,2.05,28.59,0.57,1.34,,,,0.31,,68.47,,,,,5.91,951.83,
2024-09-11 20:00:00,31.18,55.67,8.04,17.32,10.27,17.92,2.14,2.04,28.16,0.55,1.37,,,,0.31,,74.32,,,,,5.91,952.05,
2024-09-11 21:00:00,31.32,55.99,9.15,20.02,11.88,19.03,4.01,2.04,28.34,0.56,1.37,,,,0.32,,79.08,,,,,5.9,952.19,
2024-09-11 22:00:00,31.48,56.39,7.36,17.32,10.9,17.24,5.84,2.02,28.42,0.56,1.31,,,,0.31,,89.0,,,,,5.91,952.22,
2024-09-11 23:00:00,31.29,55.93,8.28,18.78,11.57,18.16,3.22,1.95,28.24,0.55,1.32,,,,0.31,,93.48,,,,,5.91,952.17,
2024-09-12 00:00:00,30.56,54.19,7.03,17.08,11.04,16.9,4.24,1.94,28.19,0.55,1.33,,,,0.31,,93.5,,,,,5.9,951.99,
2024-09-12 01:00:00,30.92,55.04,6.55,17.04,11.49,16.43,6.78,1.92,28.34,0.56,1.35,,,,0.3,,93.52,,,,,5.9,951.85,
2024-09-12 02:00:00,31.04,55.33,7.42,17.59,11.2,17.3,7.32,1.96,28.26,0.56,1.34,,,,0.31,,93.6,,,,,5.9,951.71,
2024-09-12 03:00:00,30.22,53.37,8.4,22.51,15.25,18.28,6.16,2.05,28.32,0.56,1.36,,,,0.3,,93.65,,,,,5.91,951.69,
2024-09-12 04:00:00,30.04,52.95,6.68,17.4,11.6,16.56,6.86,1.96,28.22,0.55,1.35,,,,0.3,,93.7,,,,,5.9,951.71,
2024-09-12 05:00:00,30.63,54.36,7.83,16.52,9.67,17.71,5.26,1.94,28.52,0.57,1.35,,,,0.31,,93.7,,,,,5.91,951.82,
2024-09-12 06:00:00,30.37,53.74,8.62,19.93,12.28,18.5,4.35,1.9,28.58,0.57,1.32,,,,0.32,,93.7,,,,,5.91,951.95,
2024-09-12 07:00:00,29.09,50.7,7.32,18.18,11.83,17.2,5.15,1.88,28.42,0.56,1.37,,,,0.31,,93.6,,,,,26.66,952.18,
2024-09-12 08:00:00,28.97,50.41,8.08,18.15,11.08,17.96,5.16,1.9,28.26,0.55,1.39,,,,0.31,,93.5,,,,,68.38,952.29,
2024-09-12 09:00:00,29.96,52.76,8.45,18.32,11.01,18.34,5.74,1.89,28.26,0.55,1.36,,,,0.3,,84.55,,,,,127.56,952.32,
2024-09-12 10:00:00,30.53,54.11,9.7,22.1,13.37,19.58,5.23,1.89,28.52,0.57,1.34,,,,0.31,,63.6,,,,,356.72,952.23,
2024-09-12 11:00:00,28.94,50.32,10.47,22.76,13.26,20.35,4.03,1.86,28.21,0.55,1.35,,,,0.3,,59.15,,,,,263.3,952.07,
2024-09-12 12:00:00,28.86,50.14,8.2,17.42,10.2,18.08,7.22,1.87,28.5,0.57,1.33,,,,0.32,,53.22,,,,,395.21,951.82,
2024-09-12 13:00:00,29.26,51.08,8.3,17.81,10.45,18.19,6.18,1.83,28.28,0.56,1.35,,,,0.31,,47.72,,,,,274.3,951.59,
2024-09-12 14:00:00,27.98,48.05,8.03,19.06,12.0,17.92,5.21,1.81,28.47,0.57,1.35,,,,0.3,,51.38,,,,,209.76,951.48,
2024-09-12 15:00:00,27.11,45.98,10.45,21.51,12.05,20.33,6.1,1.84,28.12,0.55,1.34,,,,0.31,,51.35,,,,,286.23,951.43,
2024-09-12 16:00:00,26.28,44.0,9.6,21.55,12.96,19.48,7.23,1.85,28.21,0.55,1.36,,,,0.32,,48.8,,,,,131.52,951.51,
2024-09-12 17:00:00,25.85,42.97,6.79,17.01,11.68,16.67,7.41,1.87,28.24,0.55,1.34,,,,0.31,,53.52,,,,,8.51,951.61,
2024-09-12 18:00:00,26.76,45.13,8.06,18.72,11.62,17.94,5.91,1.87,28.17,0.55,1.32,,,,0.31,,54.38,,,,,5.9,951.74,
2024-09-12 19:00:00,28.24,48.66,6.38,18.5,13.13,16.26,5.15,1.9,28.5,0.57,1.34,,,,0.32,,62.22,,,,,5.91,951.95,
2024-09-12 20:00:00,28.04,48.2,7.56,19.72,13.21,17.43,5.18,1.85,28.2,0.55,1.35,,,,0.31,,78.42,,,,,5.9,952.16,
2024-09-12 21:00:00,28.3,48.81,11.2,23.64,13.57,21.08,5.14,1.84,28.35,0.56,1.36,,,,0.31,,89.45,,,,,5.9,952.28,
2024-09-12 22:00:00,29.28,51.14,8.75,20.97,13.3,18.63,5.61,1.83,28.42,0.56,1.33,,,,0.31,,85.25,,,,,5.91,952.27,
2024-09-12 23:00:00,29.8,52.37,7.92,17.84,10.86,17.8,5.32,1.79,28.19,0.55,1.37,,,,0.32,,91.32,,,,,5.91,952.14,
2024-09-13 00:00:00,29.03,50.56,8.11,18.6,11.48,17.99,5.38,1.77,28.48,0.57,1.35,,,,0.3,,93.48,,,,,5.91,952.01,
2024-09-13 01:00:00,28.83,50.08,8.64,18.48,10.88,18.52,2.68,1.79,28.38,0.56,1.35,,,,0.32,,93.52,,,,,5.9,951.84,
2024-09-13 02:00:00,27.72,47.42,8.13,18.75,11.64,18.01,2.77,1.82,28.35,0.56,1.36,,,,0.3,,93.55,,,,,5.91,951.74,
2024-09-13 03:00:00,27.39,46.66,9.94,20.5,11.6,19.83,3.91,1.82,28.4,0.56,1.36,,,,0.32,,93.6,,,,,5.91,951.72,
2024-09-13 04:00:00,27.42,46.73,6.26,14.96,9.73,16.15,4.44,1.83,28.59,0.57,1.38,,,,0.31,,93.6,,,,,5.91,951.76,
2024-09-13 05:00:00,27.5,46.89,6.22,16.5,11.35,16.1,5.36,1.84,28.1,0.55,1.36,,,,0.3,,93.6,,,,,5.9,951.85,
2024-09-13 06:00:00,28.13,48.41,9.38,20.33,11.94,19.26,3.23,1.85,28.45,0.56,1.38,,,,0.32,,93.6,,,,,5.91,952.0,
2024-09-13 07:00:00,28.04,48.18,9.04,18.98,11.04,18.92,4.58,1.86,28.34,0.56,1.34,,,,0.31,,93.57,,,,,10.34,952.2,
2024-09-13 08:00:00,29.32,51.25,8.09,18.81,12.03,17.97,4.82,1.86,28.42,0.56,1.36,,,,0.3,,93.18,,,,,50.68,952.33,
2024-09-13 09:00:00,28.79,49.97,7.8,18.83,12.08,17.17,4.41,1.86,28.55,0.57,1.38,,,,0.31,,83.6,,,,,155.08,952.36,
2024-09-13 10:00:00,25.41,41.92,9.23,21.65,13.46,19.11,4.19,1.85,28.3,0.56,1.35,,,,0.32,,62.08,,,,,501.02,952.28,
2024-09-13 11:00:00,31.99,57.59,8.41,17.53,10.2,18.29,3.19,1.84,28.21,0.55,1.35,,,,0.31,,54.0,,,,,436.49,952.12,
2024-09-13 12:00:00,31.55,56.56,10.65,23.04,13.41,20.53,3.34,1.86,28.15,0.55,1.38,,,,0.31,,48.28,,,,,431.36,951.85,
2024-09-13 13:00:00,33.05,60.13,9.59,21.4,12.92,19.48,3.97,1.86,28.4,0.56,1.35,,,,0.32,,43.88,,,,,531.57,951.62,
2024-09-13 14:00:00,31.44,56.28,8.8,20.26,12.42,18.67,6.26,1.91,28.41,0.56,1.35,,,,0.3,,43.88,,,,,280.29,951.46,
2024-09-13 15:00:00,29.55,51.8,8.34,19.17,11.88,18.23,4.45,1.95,28.33,0.56,1.35,,,,0.32,,43.85,,,,,245.59,951.34,
2024-09-13 16:00:00,24.86,40.6,9.64,19.12,10.73,14.65,2.62,1.94,28.17,0.55,1.35,,,,0.31,,43.17,,,,,111.24,951.35,
2024-09-13 17:00:00,33.1,60.23,5.43,15.3,11.0,15.32,4.43,1.97,28.28,0.55,1.36,,,,0.31,,45.8,,,,,8.62,951.42,
2024-09-13 18:00:00,43.18,84.22,6.56,16.35,11.04,16.44,4.6,1.95,28.26,0.56,1.34,,,,0.31,,48.65,,,,,5.9,951.53,
2024-09-13 19:00:00,40.79,78.54,5.58,15.24,10.64,15.46,4.93,1.82,28.4,0.56,1.35,,,,0.32,,53.45,,,,,5.91,951.68,
2024-09-13 20:00:00,39.76,76.08,7.08,16.21,10.2,16.96,4.37,1.72,28.38,0.56,1.35,,,,0.3,,62.98,,,,,5.91,951.84,
2024-09-13 21:00:00,35.71,66.46,8.32,18.02,10.79,18.19,3.86,1.65,28.4,0.56,1.36,,,,0.32,,68.88,,,,,5.91,952.01,
2024-09-13 22:00:00,33.3,60.72,8.59,20.01,12.45,18.46,3.73,1.65,28.41,0.56,1.35,,,,0.3,,74.68,,,,,5.9,952.06,
2024-09-13 23:00:00,33.97,62.31,6.87,18.14,12.3,16.75,5.04,1.63,28.46,0.56,1.36,,,,0.31,,83.58,,,,,5.9,951.97,
2024-09-14 00:00:00,33.67,61.6,7.96,19.66,12.81,17.84,5.98,1.63,28.24,0.55,1.34,,,,0.3,,92.8,,,,,5.91,951.87,
2024-09-14 01:00:00,31.83,57.21,6.49,17.18,11.7,16.37,4.34,1.62,28.31,0.56,1.34,,,,0.31,,93.5,,,,,5.91,951.74,
2024-09-14 02:00:00,31.66,56.8,8.87,20.47,12.66,18.75,4.47,1.67,28.16,0.54,1.36,,,,0.31,,93.5,,,,,5.9,951.62,
2024-09-14 03:00:00,30.96,55.14,7.77,17.41,10.66,17.65,5.68,1.84,28.38,0.56,1.36,,,,0.31,,93.57,,,,,5.91,951.62,
2024-09-14 04:00:00,30.04,52.94,8.34,19.87,12.56,18.22,2.86,1.86,28.38,0.56,1.31,,,,0.31,,93.6,,,,,5.9,951.66,
2024-09-14 05:00:00,29.28,51.14,9.46,21.81,13.32,19.34,3.33,1.86,28.24,0.55,1.36,,,,0.31,,93.6,,,,,5.91,951.71,
2024-09-14 06:00:00,28.52,49.33,7.05,15.82,9.77,16.93,4.47,1.85,28.39,0.56,1.36,,,,0.3,,93.6,,,,,5.91,951.8,
2024-09-14 07:00:00,28.02,48.14,8.18,19.79,12.75,18.07,4.17,1.84,28.4,0.56,1.33,,,,0.32,,93.57,,,,,12.48,951.96,
2024-09-14 08:00:00,27.07,45.89,9.09,17.73,9.64,18.96,4.6,1.86,28.26,0.55,1.35,,,,0.32,,87.88,,,,,35.68,952.14,
2024-09-14 09:00:00,27.52,46.94,8.83,20.28,12.44,18.71,5.69,1.85,28.6,0.57,1.33,,,,0.31,,67.55,,,,,173.34,952.15,
2024-09-14 10:00:00,28.16,48.47,7.3,18.48,12.16,17.18,5.73,1.83,28.42,0.56,1.34,,,,0.3,,52.45,,,,,466.01,952.1,
2024-09-14 11:00:00,28.21,48.59,8.11,19.06,11.94,18.0,5.67,1.83,28.25,0.55,1.38,,,,0.3,,48.52,,,,,460.4,951.92,
2024-09-14 12:00:00,28.79,49.96,7.38,17.81,11.43,17.25,4.43,1.83,28.26,0.55,1.36,,,,0.31,,45.15,,,,,498.72,951.65,
2024-09-14 13:00:00,29.61,51.94,8.56,21.48,13.89,18.44,5.08,1.87,28.54,0.57,1.34,,,,0.31,,41.82,,,,,409.54,951.44,
2024-09-14 14:00:00,31.3,55.96,9.66,21.54,12.83,19.54,5.7,1.91,28.34,0.56,1.34,,,,0.3,,40.17,,,,,323.77,951.28,
2024-09-14 15:00:00,31.72,56.97,10.25,21.97,12.79,20.13,4.48,1.96,28.5,0.57,1.33,,,,0.32,,39.98,,,,,289.38,951.18,
2024-09-14 16:00:00,31.24,55.8,7.9,17.5,10.66,17.78,4.75,2.02,28.42,0.56,1.36,,,,0.31,,39.3,,,,,120.52,951.18,
2024-09-14 17:00:00,30.76,54.66,11.11,22.7,12.61,20.99,4.81,2.06,28.48,0.57,1.36,,,,0.31,,43.45,,,,,13.81,951.3,
2024-09-14 18:00:00,32.36,58.49,8.12,17.69,10.78,18.0,4.5,1.95,28.46,0.57,1.35,,,,0.32,,47.9,,,,,5.91,951.5,
2024-09-14 19:00:00,33.17,60.41,7.42,19.12,12.78,17.3,4.71,1.79,28.52,0.57,1.38,,,,0.32,,53.12,,,,,5.9,951.7,
2024-09-14 20:00:00,32.48,58.78,6.89,17.56,11.71,16.77,6.29,1.8,28.34,0.56,1.36,,,,0.32,,62.92,,,,,5.9,951.91,
2024-09-14 21:00:00,33.32,60.76,6.88,16.5,10.59,16.76,5.42,1.69,28.48,0.57,1.33,,,,0.31,,85.22,,,,,5.9,952.06,
2024-09-14 22:00:00,34.36,63.24,9.66,23.3,14.63,19.55,4.3,1.66,28.4,0.56,1.32,,,,0.3,,93.4,,,,,5.91,952.1,
2024-09-14 23:00:00,34.35,63.22,7.43,17.89,11.39,17.3,5.0,1.66,28.34,0.56,1.34,,,,0.3,,93.48,,,,,5.9,952.01,
2024-09-15 00:00:00,33.41,60.97,8.73,21.16,13.41,18.6,4.78,1.66,28.36,0.56,1.37,,,,0.31,,93.5,,,,,5.91,951.9,
2024-09-15 01:00:00,31.05,55.36,7.22,16.94,10.75,17.09,3.88,1.68,28.29,0.56,1.36,,,,0.32,,93.5,,,,,5.9,951.73,
2024-09-15 02:00:00,29.44,51.53,8.1,20.31,13.48,17.98,4.45,1.7,28.1,0.54,1.36,,,,0.3,,93.6,,,,,5.9,951.58,
2024-09-15 03:00:00,29.46,51.56,8.48,19.52,12.01,18.36,5.46,1.84,28.36,0.56,1.3,,,,0.32,,93.6,,,,,5.9,951.58,
2024-09-15 04:00:00,29.76,52.27,7.31,17.24,10.91,17.2,6.92,1.84,28.31,0.56,1.37,,,,0.31,,93.6,,,,,5.9,951.66,
2024-09-15 05:00:00,29.48,51.62,6.72,16.64,10.91,16.6,6.13,1.86,28.41,0.56,1.32,,,,0.32,,93.6,,,,,5.91,951.76,
2024-09-15 06:00:00,29.85,52.5,8.63,19.3,11.72,18.51,5.82,1.87,28.27,0.55,1.38,,,,0.31,,93.6,,,,,6.28,951.92,
2024-09-15 07:00:00,29.04,50.57,8.41,21.45,13.98,18.29,6.86,1.88,28.38,0.56,1.35,,,,0.31,,93.57,,,,,16.83,952.09,
2024-09-15 08:00:00,28.35,48.93,6.32,13.72,8.38,16.2,6.76,1.87,28.43,0.56,1.34,,,,0.31,,93.32,,,,,69.0,952.2,
2024-09-15 09:00:00,29.46,51.58,6.02,16.94,11.98,15.9,4.35,1.86,28.19,0.55,1.37,,,,0.31,,79.92,,,,,156.03,952.2,
2024-09-15 10:00:00,30.3,53.58,7.17,18.01,11.82,17.05,4.47,1.86,28.24,0.56,1.36,,,,0.32,,58.0,,,,,524.52,952.11,
2024-09-15 11:00:00,28.72,49.8,7.26,16.66,10.44,17.13,3.46,1.82,28.21,0.55,1.36,,,,0.32,,50.4,,,,,458.02,951.95,
2024-09-15 12:00:00,28.36,48.97,9.75,21.1,12.34,19.63,4.09,1.84,28.45,0.56,1.35,,,,0.3,,45.05,,,,,559.64,951.7,
2024-09-15 13:00:00,28.92,50.29,8.11,18.37,11.36,17.99,4.17,1.8,28.4,0.56,1.34,,,,0.32,,39.6,,,,,530.55,951.41,
2024-09-15 14:00:00,28.29,48.8,10.81,23.31,13.53,20.68,4.2,1.82,28.5,0.57,1.37,,,,0.3,,37.4,,,,,440.54,951.22,
2024-09-15 15:00:00,27.9,47.86,6.58,17.35,12.0,16.44,6.11,1.92,28.41,0.56,1.35,,,,0.32,,36.8,,,,,242.93,951.11,
2024-09-15 16:00:00,29.33,51.26,5.96,14.12,9.35,15.84,4.16,1.95,28.26,0.55,1.35,,,,0.31,,41.12,,,,,47.65,951.15,
2024-09-15 17:00:00,31.36,56.09,6.38,15.2,9.84,16.26,3.2,1.94,28.29,0.55,1.38,,,,0.31,,61.5,,,,,5.91,951.41,
2024-09-15 18:00:00,31.15,55.6,7.14,18.28,12.16,17.02,3.11,1.89,28.34,0.56,1.37,,,,0.32,,69.38,,,,,5.91,951.68,
2024-09-15 19:00:00,29.08,50.67,7.66,16.99,10.63,17.54,3.57,1.76,28.39,0.56,1.34,,,,0.32,,67.3,,,,,5.91,951.81,
2024-09-15 20:00:00,27.78,47.58,8.32,20.24,12.96,18.21,5.92,1.74,28.41,0.56,1.36,,,,0.31,,66.55,,,,,5.9,951.98,
2024-09-15 21:00:00,28.18,48.52,6.61,15.74,10.19,16.49,4.96,1.71,28.33,0.56,1.34,,,,0.31,,69.85,,,,,5.9,952.19,
2024-09-15 22:00:00,28.94,50.35,7.08,20.21,14.1,16.96,4.87,1.68,28.29,0.56,1.38,,,,0.3,,77.15,,,,,5.91,952.22,
2024-09-15 23:00:00,29.51,51.68,6.88,15.88,10.13,16.76,4.64,1.68,28.3,0.56,1.38,,,,0.3,,89.75,,,,,5.9,952.09,
2024-09-16 00:00:00,30.45,53.94,7.9,17.02,10.13,17.77,4.86,1.69,28.3,0.55,1.37,,,,0.31,,93.05,,,,,5.91,951.9,
2024-09-16 01:00:00,29.05,50.59,8.74,20.13,12.46,18.62,5.81,1.69,28.3,0.56,1.32,,,,0.32,,93.1,,,,,5.9,951.76,
2024-09-16 02:00:00,28.02,48.14,6.48,14.99,9.52,16.36,4.85,1.73,28.56,0.57,1.36,,,,0.31,,93.4,,,,,5.9,951.66,
2024-09-16 03:00:00,27.23,46.26,9.69,21.99,13.28,19.56,4.57,1.85,28.29,0.55,1.38,,,,0.31,,93.6,,,,,5.9,951.65,
2024-09-16 04:00:00,27.25,46.3,7.14,16.91,10.79,17.02,4.45,1.9,28.22,0.55,1.31,,,,0.31,,93.6,,,,,5.91,951.72,
2024-09-16 05:00:00,27.5,46.9,6.95,17.26,11.3,16.84,3.5,1.88,28.33,0.56,1.36,,,,0.32,,93.6,,,,,5.91,951.8,
2024-09-16 06:00:00,28.48,49.24,7.09,17.84,11.72,16.97,3.44,1.82,28.35,0.56,1.37,,,,0.31,,93.6,,,,,5.91,951.92,
2024-09-16 07:00:00,29.54,51.76,8.85,20.95,13.1,18.72,3.97,1.81,28.39,0.56,1.36,,,,0.32,,93.6,,,,,7.64,952.1,
2024-09-16 08:00:00,28.04,48.22,7.68,19.19,12.44,17.56,5.12,1.85,28.28,0.55,1.35,,,,0.31,,92.32,,,,,15.6,952.2,
2024-09-16 09:00:00,26.91,45.51,8.06,18.01,11.1,17.94,5.15,1.83,28.37,0.56,1.37,,,,0.3,,78.1,,,,,150.26,952.17,
2024-09-16 10:00:00,27.24,46.29,8.04,17.55,10.48,17.92,5.4,1.83,28.36,0.56,1.34,,,,0.3,,59.22,,,,,527.19,952.07,
2024-09-16 11:00:00,27.9,47.86,8.82,19.87,12.04,18.7,5.49,1.82,28.3,0.56,1.36,,,,0.32,,54.12,,,,,381.4,951.92,
2024-09-16 12:00:00,27.83,47.68,9.45,21.4,13.04,19.33,2.97,1.78,28.42,0.56,1.35,,,,0.31,,49.62,,,,,371.6,951.76,
2024-09-16 13:00:00,29.5,51.67,9.99,23.82,14.84,19.87,5.47,1.82,28.35,0.56,1.32,,,,0.31,,49.72,,,,,232.0,951.6,
2024-09-16 14:00:00,30.37,53.74,10.43,23.05,13.61,20.31,5.78,1.85,28.4,0.57,1.36,,,,0.3,,46.82,,,,,338.94,951.42,
2024-09-16 15:00:00,29.3,51.19,7.53,17.89,11.44,17.41,6.0,1.88,28.46,0.56,1.35,,,,0.3,,45.68,,,,,280.78,951.25,
2024-09-16 16:00:00,28.59,49.5,6.67,18.9,13.42,16.55,5.81,1.96,28.27,0.56,1.34,,,,0.31,,44.08,,,,,84.2,951.23,
2024-09-16 17:00:00,28.5,49.29,7.09,17.31,11.42,16.97,4.2,1.98,28.42,0.56,1.34,,,,0.31,,47.25,,,,,7.26,951.32,
2024-09-16 18:00:00,28.38,49.0,6.94,17.32,11.82,16.82,3.37,1.95,28.48,0.57,1.35,,,,0.31,,55.22,,,,,5.91,951.46,
2024-09-16 19:00:00,28.62,49.56,6.55,16.14,10.82,16.44,4.77,1.81,28.34,0.56,1.37,,,,0.32,,60.3,,,,,5.91,951.68,
2024-09-16 20:00:00,30.34,53.66,8.49,19.42,11.86,18.36,3.33,1.78,28.42,0.56,1.34,,,,0.32,,64.3,,,,,5.9,951.88,
2024-09-16 21:00:00,30.72,54.57,6.59,15.82,10.24,16.47,4.61,1.75,28.28,0.56,1.38,,,,0.31,,68.05,,,,,5.9,952.09,
2024-09-16 22:00:00,29.48,51.62,8.79,21.46,13.73,18.66,4.43,1.71,28.17,0.55,1.32,,,,0.32,,76.88,,,,,5.91,952.16,
2024-09-16 23:00:00,29.86,52.52,8.64,18.33,10.73,18.52,4.77,1.83,28.44,0.56,1.37,,,,0.31,,91.0,,,,,5.9,952.16,
2024-09-17 00:00:00,30.64,54.37,9.16,20.03,11.99,19.04,6.54,1.85,28.26,0.56,1.37,,,,0.32,,93.48,,,,,5.91,952.03,
2024-09-17 01:00:00,29.01,50.5,7.79,18.21,11.43,17.67,5.85,1.82,28.34,0.56,1.34,,,,0.32,,93.52,,,,,5.91,951.89,
2024-09-17 02:00:00,28.92,50.28,8.81,20.54,12.78,18.69,6.56,1.76,28.35,0.56,1.35,,,,0.32,,93.52,,,,,5.9,951.78,
2024-09-17 03:00:00,29.22,51.01,8.46,18.15,10.66,18.34,7.33,1.82,28.36,0.56,1.35,,,,0.31,,93.6,,,,,5.91,951.74,
2024-09-17 04:00:00,28.01,48.11,9.21,19.77,11.52,19.09,4.21,1.84,28.46,0.57,1.35,,,,0.3,,93.6,,,,,5.9,951.81,
2024-09-17 05:00:00,28.72,49.8,8.44,18.69,11.29,18.32,4.38,1.85,28.26,0.55,1.32,,,,0.32,,93.6,,,,,5.91,951.88,
2024-09-17 06:00:00,29.75,52.26,6.36,16.11,10.72,16.24,5.14,1.86,28.46,0.56,1.37,,,,0.31,,93.6,,,,,5.92,952.0,
2024-09-17 07:00:00,28.71,49.77,7.62,17.58,10.9,17.5,3.49,1.9,28.34,0.56,1.37,,,,0.31,,93.57,,,,,21.77,952.12,
2024-09-17 08:00:00,29.08,50.65,8.39,20.66,13.23,18.28,5.15,1.94,28.22,0.55,1.34,,,,0.31,,93.05,,,,,52.91,952.24,
2024-09-17 09:00:00,29.56,51.82,10.02,22.51,13.57,19.9,4.32,1.92,28.44,0.56,1.34,,,,0.31,,79.0,,,,,130.03,952.21,
2024-09-17 10:00:00,28.83,50.07,8.6,20.05,12.43,18.48,4.98,1.92,28.5,0.57,1.36,,,,0.31,,61.18,,,,,569.72,952.13,
2024-09-17 11:00:00,27.8,47.61,7.47,18.59,12.21,16.57,5.4,1.93,28.19,0.55,1.32,,,,0.32,,50.27,,,,,562.47,951.86,
2024-09-17 12:00:00,27.21,46.22,10.86,25.07,15.23,20.73,4.19,1.95,28.38,0.56,1.37,,,,0.31,,46.1,,,,,451.85,951.62,
2024-09-17 13:00:00,27.33,46.5,10.94,22.6,12.67,20.82,2.95,1.94,28.39,0.56,1.3,,,,0.3,,41.85,,,,,394.14,951.35,
2024-09-17 14:00:00,27.71,47.4,9.38,20.96,12.6,19.26,3.79,1.9,28.5,0.57,1.36,,,,0.32,,42.4,,,,,290.82,951.21,
2024-09-17 15:00:00,28.71,49.78,7.97,17.63,10.74,17.85,4.43,1.96,28.4,0.56,1.35,,,,0.31,,42.95,,,,,254.9,951.07,
2024-09-17 16:00:00,28.84,50.09,7.44,18.1,11.69,17.32,3.63,1.96,28.22,0.55,1.38,,,,0.31,,40.95,,,,,111.72,951.02,
2024-09-17 17:00:00,28.1,48.34,7.12,15.78,9.8,17.0,3.98,1.96,28.4,0.56,1.35,,,,0.31,,44.15,,,,,11.31,951.1,
2024-09-17 18:00:00,27.59,47.12,7.0,15.76,9.86,16.88,5.01,1.92,28.44,0.57,1.37,,,,0.31,,52.08,,,,,5.91,951.29,
2024-09-17 19:00:00,27.37,46.6,6.82,18.02,12.51,16.7,4.76,1.74,28.25,0.55,1.33,,,,0.3,,50.7,,,,,5.9,951.51,
2024-09-17 20:00:00,27.51,46.93,6.05,16.38,11.26,15.93,3.48,1.68,28.24,0.55,1.36,,,,0.31,,53.58,,,,,5.9,951.63,
2024-09-17 21:00:00,26.58,44.71,7.32,16.64,10.37,17.21,5.9,1.63,28.18,0.55,1.39,,,,0.32,,57.3,,,,,5.91,951.74,
2024-09-17 22:00:00,26.78,45.18,7.11,16.48,10.43,16.98,5.57,1.64,28.51,0.57,1.34,,,,0.32,,61.55,,,,,5.91,951.76,
2024-09-17 23:00:00,28.1,48.34,5.95,13.85,9.03,15.84,4.37,1.69,28.44,0.56,1.37,,,,0.32,,69.88,,,,,5.9,951.74,
2024-09-18 00:00:00,28.27,48.75,8.66,15.83,8.26,18.53,4.82,1.72,28.33,0.56,1.38,,,,0.32,,86.5,,,,,5.9,951.65,
2024-09-18 01:00:00,27.66,47.27,8.04,19.76,12.84,17.92,4.71,1.75,28.34,0.56,1.36,,,,0.32,,93.52,,,,,5.91,951.53,
2024-09-18 02:00:00,27.61,47.18,7.97,19.63,12.69,14.64,6.26,1.76,28.43,0.56,1.39,,,,0.3,,93.6,,,,,5.91,951.44,
2024-09-18 03:00:00,23.92,38.38,7.13,17.75,11.67,17.01,4.09,1.78,28.55,0.57,1.36,,,,0.31,,93.5,,,,,5.91,951.41,
2024-09-18 04:00:00,24.04,38.67,8.82,17.62,9.76,18.7,5.21,1.66,28.47,0.57,1.36,,,,0.31,,93.5,,,,,5.91,951.44,
2024-09-18 05:00:00,24.24,39.14,10.01,22.42,13.39,19.89,4.47,1.66,28.14,0.55,1.34,,,,0.32,,93.6,,,,,5.9,951.52,
2024-09-18 06:00:00,24.31,39.31,9.43,21.75,13.36,19.31,3.58,1.72,28.38,0.56,1.37,,,,0.3,,93.6,,,,,5.91,951.62,
2024-09-18 07:00:00,24.05,38.68,7.99,17.38,,11.24,6.12,1.78,28.24,0.55,1.35,,,,0.31,,93.6,,,,,13.57,951.74,
2024-09-18 08:00:00,23.92,38.37,8.22,17.88,8.48,13.78,4.17,1.77,28.6,0.56,1.38,,,,0.3,,93.4,,,,,24.92,951.86,
2024-09-18 09:00:00,24.78,40.42,8.82,19.69,11.87,18.7,3.76,1.81,28.25,0.55,1.36,,,,0.31,,64.47,,,,,134.36,951.84,
2024-09-18 10:00:00,40.04,76.78,7.58,19.51,13.13,17.46,5.49,1.78,28.18,0.55,1.34,,,,0.31,,45.25,,,,,623.64,951.75,
2024-09-18 11:00:00,36.39,68.09,8.59,18.49,10.95,18.48,4.76,1.86,28.17,0.55,1.34,,,,0.32,,37.15,,,,,686.44,951.56,
2024-09-18 12:00:00,34.61,63.82,8.79,20.34,12.61,18.66,2.83,1.81,28.3,0.56,1.31,,,,0.3,,31.62,,,,,668.37,951.32,
2024-09-18 13:00:00,36.22,67.67,7.86,19.2,12.42,17.74,5.52,1.91,28.43,0.57,1.35,,,,0.31,,29.82,,,,,541.55,951.12,
2024-09-18 14:00:00,36.32,67.9,7.83,16.26,9.49,17.71,6.06,1.97,28.48,0.57,1.34,,,,0.3,,29.2,,,,,413.2,950.97,
2024-09-18 15:00:00,34.2,62.85,9.45,19.85,11.49,19.33,4.65,2.05,28.38,0.56,1.35,,,,0.31,,29.22,,,,,340.09,950.84,
2024-09-18 16:00:00,32.33,58.4,8.87,19.74,12.12,18.74,4.59,2.11,28.48,0.57,1.35,,,,0.31,,30.08,,,,,134.0,950.8,
2024-09-18 17:00:00,33.44,61.04,7.24,19.22,13.22,17.12,4.62,2.14,28.4,0.56,1.34,,,,0.31,,36.12,,,,,9.16,950.89,
2024-09-18 18:00:00,31.14,55.56,8.36,17.84,10.68,18.24,5.08,2.04,28.36,0.56,1.36,,,,0.3,,41.38,,,,,5.9,951.02,
2024-09-18 19:00:00,33.65,61.55,8.88,17.94,10.18,18.76,5.21,1.81,28.28,0.55,1.35,,,,0.3,,44.85,,,,,5.91,951.19,
2024-09-18 20:00:00,34.06,62.54,6.19,16.6,11.6,16.07,4.81,1.77,28.38,0.56,1.37,,,,0.31,,47.88,,,,,5.91,951.39,
2024-09-18 21:00:00,33.86,62.04,7.12,17.58,11.5,17.0,4.6,1.72,28.3,0.56,1.33,,,,0.31,,48.02,,,,,5.91,951.56,
2024-09-18 22:00:00,35.72,66.48,6.7,18.22,12.51,16.58,3.94,1.64,28.57,0.57,1.36,,,,0.31,,47.97,,,,,5.91,951.66,
2024-09-18 23:00:00,34.8,64.27,6.77,15.75,10.13,16.65,3.25,1.62,28.29,0.56,1.31,,,,0.3,,55.88,,,,,5.9,951.69,
2024-09-19 00:00:00,35.96,67.04,7.17,19.0,12.8,17.05,5.56,1.61,28.38,0.56,1.32,,,,0.31,,67.35,,,,,5.9,951.62,
2024-09-19 01:00:00,34.67,63.99,8.56,18.5,11.04,18.44,5.02,1.61,28.32,0.56,1.35,,,,0.31,,90.2,,,,,5.91,951.5,
2024-09-19 02:00:00,34.47,63.49,9.25,20.78,12.55,19.14,5.88,1.68,28.34,0.56,1.38,,,,0.31,,93.5,,,,,5.91,951.46,
2024-09-19 03:00:00,32.18,58.04,8.2,16.4,9.25,18.08,4.84,1.85,28.31,0.56,1.35,,,,0.3,,93.55,,,,,5.91,951.41,
2024-09-19 04:00:00,33.02,60.03,6.25,16.78,11.57,16.13,3.66,1.84,28.28,0.55,1.33,,,,0.3,,93.6,,,,,5.91,951.42,
2024-09-19 05:00:00,30.86,54.91,6.93,17.12,11.34,16.82,4.7,1.82,28.51,0.57,1.35,,,,0.32,,93.6,,,,,5.91,951.48,
2024-09-19 06:00:00,29.24,51.05,8.76,21.17,13.38,18.63,2.74,1.83,28.46,0.57,1.33,,,,0.3,,93.6,,,,,5.9,951.58,
2024-09-19 07:00:00,28.95,50.35,8.6,18.8,11.31,18.48,2.79,1.83,28.38,0.56,1.3,,,,0.31,,93.5,,,,,6.18,951.79,
2024-09-19 08:00:00,31.02,55.29,7.82,18.9,12.12,17.7,3.68,1.83,28.32,0.56,1.33,,,,0.32,,90.82,,,,,11.37,951.92,
2024-09-19 09:00:00,31.58,56.62,8.62,20.16,12.51,18.49,5.5,1.84,28.13,0.55,1.39,,,,0.3,,74.6,,,,,137.9,951.95,
2024-09-19 10:00:00,32.38,58.52,8.14,20.09,13.03,18.02,3.79,1.81,28.26,0.55,1.35,,,,0.3,,52.72,,,,,544.79,951.88,
2024-09-19 11:00:00,27.0,45.7,8.14,19.54,12.63,18.02,3.28,1.85,28.4,0.64,1.62,,,,0.36,,44.15,,,,,517.83,951.72,
2024-09-19 12:00:00,25.45,42.03,7.7,19.67,13.12,17.58,3.66,2.08,28.25,0.71,1.9,,,,0.42,,37.1,,,,,487.58,951.49,
2024-09-19 13:00:00,26.8,45.24,8.11,20.34,13.16,17.99,5.54,2.29,28.23,0.7,1.87,,,,0.41,,34.33,,,,,499.24,951.23,
2024-09-19 14:00:00,26.83,45.3,8.8,19.86,12.13,18.68,6.91,2.45,28.19,0.7,1.88,,,,0.42,,33.07,,,,,391.32,951.06,
2024-09-19 15:00:00,27.49,46.89,11.08,25.19,15.12,20.96,6.38,2.34,28.48,0.72,1.89,,,,0.42,,35.15,,,,,203.81,950.95,
2024-09-19 16:00:00,27.16,46.1,10.67,23.29,13.62,20.55,4.09,2.56,28.33,0.67,1.72,,,,0.4,,34.78,,,,,74.86,950.88,
2024-09-19 17:00:00,26.42,44.32,6.67,16.64,11.14,16.56,4.27,2.35,28.38,0.47,0.89,,,,0.34,,38.55,,,,,8.03,950.97,
2024-09-19 18:00:00,41.54,80.34,5.09,12.64,8.8,14.97,5.21,2.14,28.36,0.47,0.87,,,,0.34,,43.12,,,,,5.91,951.12,
2024-09-19 19:00:00,37.33,70.31,6.8,16.7,11.12,16.67,3.72,1.98,28.35,0.47,0.88,,,,0.35,,47.3,,,,,5.91,951.35,
2024-09-19 20:00:00,40.01,76.68,6.35,15.58,10.52,16.23,5.8,1.91,28.24,0.46,0.88,,,,0.35,,64.45,,,,,5.9,951.63,
2024-09-19 21:00:00,37.27,70.18,6.2,16.78,12.0,16.08,3.32,1.74,28.24,0.46,0.88,,,,0.33,,75.72,,,,,5.91,951.8,
2024-09-19 22:00:00,35.96,67.04,6.16,17.34,12.27,16.05,4.02,1.66,28.3,0.46,0.83,,,,0.34,,92.3,,,,,5.9,951.8,
2024-09-19 23:00:00,32.87,59.68,8.72,19.46,11.77,18.6,5.85,1.63,28.24,0.46,0.88,,,,0.35,,93.52,,,,,5.91,951.67,
2024-09-20 00:00:00,33.28,60.67,9.51,20.11,11.68,19.39,4.66,1.62,28.24,0.46,0.9,,,,0.35,,93.5,,,,,5.91,951.6,
2024-09-20 01:00:00,31.71,56.92,8.27,20.78,13.5,18.15,3.8,1.63,28.25,0.46,0.88,,,,0.35,,93.52,,,,,5.91,951.48,
2024-09-20 02:00:00,30.06,53.02,6.49,19.6,14.14,16.37,4.08,1.69,28.4,0.47,0.92,,,,0.35,,93.5,,,,,5.91,951.4,
2024-09-20 03:00:00,28.56,49.44,6.68,15.54,9.9,16.56,5.56,1.86,28.34,0.47,0.9,,,,0.35,,93.5,,,,,5.91,951.38,
2024-09-20 04:00:00,28.57,49.46,7.85,18.1,11.26,17.73,3.91,1.86,28.32,0.47,0.9,,,,0.34,,93.52,,,,,5.9,951.37,
2024-09-20 05:00:00,29.17,50.88,9.95,21.63,12.7,19.83,3.74,1.83,28.21,0.46,0.87,,,,0.35,,93.6,,,,,5.91,951.44,
2024-09-20 06:00:00,30.24,53.41,9.45,20.92,12.56,19.34,3.01,1.86,28.37,0.47,0.88,,,,0.35,,93.5,,,,,6.83,951.58,
2024-09-20 07:00:00,30.83,54.82,6.23,17.33,12.31,16.11,4.3,1.86,28.27,0.46,0.88,,,,0.35,,93.5,,,,,27.84,951.71,
2024-09-20 08:00:00,30.3,53.57,8.06,20.9,13.86,17.95,3.75,1.85,28.12,0.45,0.91,,,,0.35,,88.4,,,,,59.96,951.86,
2024-09-20 09:00:00,28.77,49.94,8.0,18.14,11.18,17.88,4.35,1.88,28.4,0.47,0.86,,,,0.35,,69.18,,,,,193.76,951.9,
2024-09-20 10:00:00,29.69,52.11,7.3,19.48,13.16,17.18,4.12,1.81,28.26,0.46,0.88,,,,0.35,,57.15,,,,,682.94,951.83,
2024-09-20 11:00:00,28.16,48.48,8.66,20.74,13.08,18.54,3.96,1.83,28.57,0.48,0.94,,,,0.36,,48.02,,,,,659.65,951.66,
2024-09-20 12:00:00,28.82,50.03,9.06,21.8,13.79,18.94,3.65,1.87,28.31,0.47,0.9,,,,0.36,,44.68,,,,,548.15,951.42,
2024-09-20 13:00:00,32.98,59.97,10.67,22.74,13.23,20.55,3.87,2.57,28.48,0.48,0.9,,,,0.34,,39.55,,,,,484.21,951.22,
2024-09-20 14:00:00,30.43,53.89,10.39,24.66,15.38,20.27,5.0,2.54,28.33,0.47,0.88,,,,0.34,,39.3,,,,,252.86,951.07,
2024-09-20 15:00:00,28.98,50.42,7.51,19.32,12.82,17.39,3.56,2.37,28.38,0.47,0.87,,,,0.36,,40.75,,,,,148.95,951.01,
2024-09-20 16:00:00,28.88,50.19,6.84,16.2,10.55,16.72,5.28,2.19,28.26,0.46,0.88,,,,0.35,,40.67,,,,,68.98,950.98,
2024-09-20 17:00:00,28.42,49.1,7.04,16.23,10.66,16.92,5.24,2.09,28.26,0.46,0.9,,,,0.36,,41.9,,,,,13.47,951.0,
2024-09-20 18:00:00,28.22,48.61,6.32,15.36,10.04,16.2,3.36,2.02,28.58,0.48,0.87,,,,0.35,,47.05,,,,,5.91,951.12,
2024-09-20 19:00:00,30.66,54.42,8.28,17.68,10.44,18.16,4.55,1.92,28.39,0.47,0.92,,,,0.35,,51.2,,,,,5.91,951.32,
2024-09-20 20:00:00,33.43,61.02,7.3,16.79,10.66,17.18,5.47,1.9,28.41,0.47,0.89,,,,0.34,,52.32,,,,,5.91,951.52,
2024-09-20 21:00:00,34.83,64.34,6.56,15.94,10.44,16.44,4.46,1.74,28.27,0.46,0.9,,,,0.35,,62.2,,,,,5.9,951.71,
2024-09-20 22:00:00,32.26,58.22,7.48,18.08,11.61,17.37,4.92,1.72,28.44,0.47,0.88,,,,0.34,,68.45,,,,,5.9,951.7,
2024-09-20 23:00:00,32.32,58.38,7.25,18.06,11.82,17.13,3.42,1.69,28.33,0.47,0.89,,,,0.35,,71.92,,,,,5.9,951.64,
2024-09-21 00:00:00,30.81,54.78,5.66,15.33,10.64,15.54,3.24,1.69,28.4,0.47,0.89,,,,0.34,,82.8,,,,,5.91,951.58,
2024-09-21 01:00:00,32.38,58.51,8.3,18.84,11.51,18.18,2.71,1.7,28.47,0.48,0.86,,,,0.34,,93.25,,,,,5.91,951.53,
2024-09-21 02:00:00,31.41,56.23,8.93,21.02,13.08,18.8,2.94,1.75,28.34,0.47,0.9,,,,0.34,,93.5,,,,,5.91,951.41,
2024-09-21 03:00:00,33.38,60.91,9.26,22.54,14.28,19.14,4.33,1.81,28.28,0.46,0.9,,,,0.36,,93.5,,,,,5.9,951.36,
2024-09-21 04:00:00,31.9,57.39,8.64,18.54,10.93,18.52,4.26,1.83,28.37,0.47,0.93,,,,0.35,,93.5,,,,,5.91,951.41,
2024-09-21 05:00:00,29.92,52.66,9.72,19.88,11.18,19.6,4.74,1.78,28.41,0.47,0.89,,,,0.34,,93.52,,,,,5.9,951.5,
2024-09-21 06:00:00,28.46,49.18,11.24,21.32,11.11,21.12,6.82,1.72,28.42,0.47,0.87,,,,0.35,,93.25,,,,,5.91,951.6,
2024-09-21 07:00:00,28.4,49.05,7.76,17.88,11.2,17.64,5.84,1.76,28.28,0.46,0.86,,,,0.35,,93.12,,,,,25.82,951.8,
2024-09-21 08:00:00,27.95,47.98,6.76,18.51,12.88,16.64,5.39,1.78,28.35,0.47,0.88,,,,0.35,,90.65,,,,,81.63,952.02,
2024-09-21 09:00:00,28.92,50.28,10.26,22.07,12.81,20.14,4.75,1.76,28.42,0.47,0.87,,,,0.35,,80.22,,,,,149.69,952.05,
2024-09-21 10:00:00,29.96,52.76,7.84,18.14,11.37,17.72,4.53,1.76,28.3,0.47,0.9,,,,0.34,,65.28,,,,,254.45,951.97,
2024-09-21 11:00:00,30.32,53.6,7.42,18.38,12.2,17.29,4.94,1.83,28.47,0.48,0.88,,,,0.35,,58.48,,,,,377.38,951.8,
2024-09-21 12:00:00,28.76,49.9,7.71,18.75,12.12,17.59,3.98,1.83,28.19,0.46,0.88,,,,0.34,,51.68,,,,,398.02,951.52,
2024-09-21 13:00:00,27.67,47.32,10.28,23.12,13.9,20.16,4.1,1.82,28.24,0.46,0.85,,,,0.34,,47.8,,,,,300.82,951.31,
2024-09-21 14:00:00,28.6,49.52,11.13,25.32,15.6,21.02,5.6,1.86,28.44,0.47,0.86,,,,0.35,,45.55,,,,,245.57,951.08,
2024-09-21 15:00:00,28.45,49.16,10.87,23.62,13.74,20.74,4.93,1.95,28.41,0.47,0.9,,,,0.34,,46.92,,,,,76.4,950.95,
2024-09-21 16:00:00,29.56,51.83,9.09,18.54,10.6,18.98,4.1,2.0,28.42,0.48,0.9,,,,0.35,,51.25,,,,,38.74,950.96,
2024-09-21 17:00:00,30.87,54.92,8.22,18.02,10.76,18.09,2.97,2.02,28.35,0.47,0.83,,,,0.35,,55.48,,,,,14.37,951.0,
2024-09-21 18:00:00,33.06,60.13,7.08,15.99,9.91,16.96,5.48,1.95,28.45,0.48,0.86,,,,0.34,,57.65,,,,,5.9,951.18,
2024-09-21 19:00:00,31.34,56.04,6.86,15.39,9.55,16.74,5.69,1.88,28.34,0.46,0.88,,,,0.35,,60.38,,,,,5.91,951.43,
2024-09-21 20:00:00,34.17,62.78,6.81,17.37,11.6,16.69,5.31,1.85,28.28,0.46,0.91,,,,0.35,,67.97,,,,,5.9,951.64,
2024-09-21 21:00:00,33.16,60.39,9.57,20.34,11.81,19.45,6.03,1.82,28.36,0.47,0.88,,,,0.34,,75.53,,,,,5.91,951.82,
2024-09-21 22:00:00,30.84,54.88,8.76,18.6,10.8,18.64,4.32,1.82,28.28,0.46,0.89,,,,0.34,,89.22,,,,,5.91,951.91,
2024-09-21 23:00:00,31.5,56.44,7.94,18.82,11.93,17.82,4.31,1.81,28.44,0.48,0.89,,,,0.36,,93.52,,,,,5.91,951.85,
2024-09-22 00:00:00,35.23,65.32,7.79,19.27,12.65,17.67,5.17,1.79,28.3,0.46,0.9,,,,0.35,,93.68,,,,,5.91,951.76,
2024-09-22 01:00:00,33.16,60.39,7.95,18.79,11.84,17.83,3.46,1.78,28.43,0.47,0.92,,,,0.34,,93.7,,,,,5.9,951.62,
2024-09-22 02:00:00,30.58,54.24,7.95,20.44,13.48,17.83,5.32,1.79,28.44,0.47,0.88,,,,0.35,,93.7,,,,,5.9,951.4,
2024-09-22 03:00:00,29.13,50.78,8.91,21.34,13.39,18.78,5.3,1.82,28.42,0.47,0.87,,,,0.35,,93.7,,,,,5.91,951.32,
2024-09-22 04:00:00,27.92,47.9,6.9,18.4,12.58,16.78,4.97,1.8,28.58,0.48,0.94,,,,0.34,,93.7,,,,,5.9,951.36,
2024-09-22 05:00:00,28.73,49.83,6.46,16.2,10.78,16.35,5.94,1.81,28.24,0.46,0.88,,,,0.35,,93.7,,,,,5.9,951.39,
2024-09-22 06:00:00,29.32,51.24,7.4,17.52,11.43,17.28,4.62,1.83,28.6,0.48,0.88,,,,0.35,,93.7,,,,,5.91,951.45,
2024-09-22 07:00:00,28.12,48.38,8.7,18.68,11.04,18.56,3.79,1.82,28.32,0.47,0.89,,,,0.35,,93.68,,,,,37.15,951.56,
2024-09-22 08:00:00,27.3,46.42,8.89,19.02,11.14,18.77,4.97,1.78,28.54,0.48,0.87,,,,0.36,,93.52,,,,,99.34,951.7,
2024-09-22 09:00:00,26.54,44.62,7.5,17.42,11.0,17.38,5.65,1.8,28.47,0.48,0.89,,,,0.35,,91.02,,,,,157.22,951.73,
2024-09-22 10:00:00,26.66,44.92,8.5,17.89,10.47,18.38,5.47,1.82,28.37,0.47,0.89,,,,0.35,,84.52,,,,,297.03,951.6,
2024-09-22 11:00:00,26.27,43.97,7.23,17.56,11.32,17.11,4.43,1.85,28.13,0.46,0.88,,,,0.34,,66.9,,,,,480.37,951.49,
2024-09-22 12:00:00,25.9,43.11,10.14,22.3,13.22,20.02,8.99,1.84,28.56,0.48,0.85,,,,0.34,,61.38,,,,,294.82,951.28,
2024-09-22 13:00:00,27.09,45.93,8.77,20.98,13.28,18.65,5.66,1.84,28.3,0.46,0.87,,,,0.35,,59.47,,,,,166.51,951.06,
2024-09-22 14:00:00,26.86,45.38,7.26,17.06,10.8,17.14,4.72,1.9,28.09,0.45,0.91,,,,0.35,,61.88,,,,,163.21,950.88,
2024-09-22 15:00:00,27.95,47.98,7.16,17.96,11.87,17.04,3.4,1.9,28.52,0.48,0.9,,,,0.34,,78.12,,,,,180.87,950.75,
2024-09-22 16:00:00,29.36,51.34,8.58,18.96,11.42,18.46,3.84,1.84,28.41,0.47,0.88,,,,0.34,,62.58,,,,,161.92,950.64,
2024-09-22 17:00:00,28.26,48.7,7.99,18.98,11.97,17.87,5.26,1.81,28.42,0.48,0.9,,,,0.36,,78.38,,,,,8.01,950.74,
2024-09-22 18:00:00,29.8,52.39,7.06,19.55,13.57,16.94,4.67,1.89,28.2,0.46,0.88,,,,0.34,,93.28,,,,,5.91,950.92,
2024-09-22 19:00:00,28.76,49.9,6.93,14.71,8.87,16.81,6.02,1.92,28.24,0.46,0.92,,,,0.35,,90.2,,,,,5.91,951.11,
2024-09-22 20:00:00,29.21,50.98,8.24,18.5,11.26,18.12,6.42,1.86,28.3,0.46,0.88,,,,0.34,,84.35,,,,,5.91,951.3,
2024-09-22 21:00:00,30.0,52.85,9.5,20.75,12.16,19.38,4.23,1.86,28.42,0.47,0.92,,,,0.34,,91.52,,,,,5.9,951.46,
2024-09-22 22:00:00,31.29,55.92,9.12,22.17,14.06,19.0,3.35,1.83,28.3,0.46,0.9,,,,0.35,,93.43,,,,,5.9,951.61,
2024-09-22 23:00:00,29.36,51.34,7.65,19.35,12.73,17.53,5.19,1.88,28.34,0.47,0.89,,,,0.35,,93.5,,,,,5.9,951.49,
2024-09-23 00:00:00,27.91,47.87,7.86,17.59,11.02,17.74,4.73,1.9,28.42,0.48,0.9,,,,0.35,,93.55,,,,,5.91,951.34,
2024-09-23 01:00:00,27.15,46.07,6.04,17.06,12.09,15.92,4.1,1.93,28.24,0.46,0.89,,,,0.35,,93.57,,,,,5.91,951.16,
2024-09-23 02:00:00,26.88,45.41,7.63,17.13,10.51,17.51,4.05,1.84,28.27,0.46,0.92,,,,0.34,,93.6,,,,,5.91,951.04,
2024-09-23 03:00:00,27.58,47.08,8.36,18.57,11.21,18.24,2.84,1.79,28.44,0.48,0.88,,,,0.35,,93.6,,,,,5.9,951.08,
2024-09-23 04:00:00,26.84,45.33,7.52,19.22,12.7,17.4,6.39,1.76,28.56,0.48,0.9,,,,0.34,,93.6,,,,,5.9,951.14,
2024-09-23 05:00:00,26.43,44.34,7.9,17.92,11.03,17.78,3.8,1.74,28.46,0.48,0.9,,,,0.34,,93.6,,,,,5.91,951.21,
2024-09-23 06:00:00,26.06,43.48,7.93,17.24,10.34,17.81,4.46,1.76,28.48,0.48,0.84,,,,0.35,,93.6,,,,,9.64,951.31,
2024-09-23 07:00:00,25.78,42.8,9.04,21.4,13.36,18.92,4.84,1.77,28.37,0.47,0.86,,,,0.34,,93.57,,,,,51.61,951.5,
2024-09-23 08:00:00,25.92,43.12,8.45,20.76,13.34,18.33,5.09,1.79,28.26,0.46,0.88,,,,0.35,,93.5,,,,,89.18,951.63,
2024-09-23 09:00:00,28.8,50.01,7.18,17.08,10.96,17.07,5.33,1.79,28.33,0.47,0.87,,,,0.34,,93.45,,,,,113.81,951.66,
2024-09-23 10:00:00,28.28,48.76,7.57,19.69,13.11,17.45,5.09,1.8,28.44,0.48,0.87,,,,0.35,,88.78,,,,,188.58,951.63,
2024-09-23 11:00:00,29.94,52.73,6.8,18.05,12.19,16.68,5.66,1.85,28.28,0.46,0.9,,,,0.35,,83.75,,,,,238.46,951.49,
2024-09-23 12:00:00,28.31,48.83,7.54,16.83,10.27,17.42,5.17,1.83,28.18,0.46,0.86,,,,0.35,,76.22,,,,,296.26,951.26,
2024-09-23 13:00:00,25.88,43.03,8.34,19.12,11.84,18.22,5.56,1.84,24.86,0.77,1.11,,,,0.44,,64.42,,,,,423.9,951.06,
2024-09-23 14:00:00,23.96,38.46,7.92,20.0,13.09,17.8,6.14,1.85,24.19,0.79,1.44,,,,0.59,,59.78,,,,,457.06,950.8,
2024-09-23 15:00:00,24.24,39.14,7.14,14.56,8.73,17.02,4.76,1.86,24.38,0.79,1.4,,,,0.57,,56.22,,,,,340.23,950.6,
2024-09-23 16:00:00,24.58,39.95,6.09,16.64,11.62,15.97,4.0,1.89,24.72,0.8,1.42,,,,0.57,,57.82,,,,,120.24,950.63,
2024-09-23 17:00:00,24.71,40.27,6.23,16.14,11.01,16.11,6.16,1.98,24.61,0.8,1.38,,,,0.58,,59.95,,,,,10.16,950.71,
2024-09-23 18:00:00,25.28,41.62,6.47,15.52,10.13,16.35,6.1,1.96,24.27,0.79,1.4,,,,0.59,,62.2,,,,,5.9,950.89,
2024-09-23 19:00:00,26.62,44.8,5.83,14.36,9.61,15.71,5.71,1.82,24.7,0.8,1.42,,,,0.57,,85.22,,,,,5.91,951.22,
2024-09-23 20:00:00,27.6,47.13,6.1,15.8,10.8,15.98,6.29,1.83,24.85,0.81,1.43,,,,0.57,,93.7,,,,,5.9,951.37,
2024-09-23 21:00:00,27.7,47.37,7.69,18.82,12.2,17.57,6.22,1.83,24.79,0.8,1.41,,,,0.58,,93.7,,,,,5.9,951.42,
2024-09-23 22:00:00,29.02,50.54,9.7,20.42,11.64,19.58,5.12,1.84,23.92,0.78,1.4,,,,0.58,,93.7,,,,,5.9,951.45,
2024-09-23 23:00:00,29.85,52.5,9.03,21.62,13.66,18.91,3.88,1.76,24.86,0.8,1.42,,,,0.59,,93.7,,,,,5.9,951.34,
2024-09-24 00:00:00,28.33,48.88,6.32,17.56,12.26,16.2,4.23,1.79,24.31,0.79,1.38,,,,0.58,,93.7,,,,,5.91,951.24,
2024-09-24 01:00:00,28.27,48.74,9.93,22.53,13.56,19.81,,1.78,24.83,0.8,1.4,,,,0.58,,93.68,,,,,5.9,951.1,
2024-09-24 02:00:00,29.45,51.56,7.42,18.24,11.86,17.3,,1.79,24.66,0.8,1.39,,,,0.57,,93.6,,,,,5.9,951.05,
2024-09-24 03:00:00,29.24,51.05,9.32,20.48,12.32,19.2,,1.86,24.23,0.79,1.4,,,,0.57,,93.6,,,,,5.9,951.01,
2024-09-24 04:00:00,28.13,48.4,8.29,17.78,10.58,18.17,,1.85,24.35,0.79,1.41,,,,0.58,,93.65,,,,,5.91,951.01,
2024-09-24 05:00:00,27.49,46.88,7.99,19.73,12.82,17.87,,1.83,24.55,0.8,1.37,,,,0.59,,93.45,,,,,5.91,950.98,
2024-09-24 06:00:00,27.06,45.85,6.98,17.55,11.74,16.86,,1.82,24.02,0.78,1.4,,,,0.58,,93.32,,,,,5.91,951.08,
2024-09-24 07:00:00,28.04,48.2,6.02,15.73,10.74,15.9,,1.84,24.64,0.8,1.38,,,,0.57,,93.22,,,,,24.64,951.32,
2024-09-24 08:00:00,29.35,51.32,7.81,18.0,11.27,17.69,,1.88,24.72,0.8,1.32,,,,0.57,,93.12,,,,,89.17,951.42,
2024-09-24 09:00:00,28.0,48.1,7.09,16.51,10.67,16.97,,1.85,24.36,0.8,1.4,,,,0.57,,92.3,,,,,177.77,951.41,
2024-09-24 10:00:00,27.29,46.4,7.41,19.7,13.28,17.29,,1.85,24.3,0.79,1.37,,,,0.57,,82.35,,,,,353.69,951.36,
2024-09-24 11:00:00,26.66,44.9,7.64,16.95,10.33,17.52,,1.87,24.62,0.8,1.41,,,,0.57,,71.97,,,,,459.59,951.19,
2024-09-24 12:00:00,26.19,43.78,7.98,20.1,13.16,17.86,,1.82,24.15,0.78,1.36,,,,0.58,,69.1,,,,,377.7,951.02,
2024-09-24 13:00:00,26.74,45.12,7.76,17.14,10.59,17.64,,1.82,24.73,0.8,1.4,,,,0.58,,62.92,,,,,550.93,950.75,
2024-09-24 14:00:00,29.2,50.96,8.98,21.02,13.08,18.85,,1.86,24.4,0.79,1.4,,,,0.59,,65.03,,,,,350.33,950.54,
2024-09-24 15:00:00,30.43,53.89,8.65,19.44,11.85,18.53,,1.88,25.01,0.81,1.39,,,,0.59,,64.88,,,,,192.45,950.4,
2024-09-24 16:00:00,30.82,54.82,7.54,18.75,12.3,17.42,,1.92,24.45,0.8,1.42,,,,0.58,,82.58,,,,,18.53,950.4,
2024-09-24 17:00:00,31.71,56.94,6.99,17.32,11.34,16.87,,1.93,25.06,0.81,1.36,,,,0.58,,93.45,,,,,7.26,950.54,
2024-09-24 18:00:00,30.76,54.68,6.82,16.9,11.08,16.7,,1.88,24.7,0.8,1.37,,,,0.58,,93.5,,,,,5.9,950.72,
2024-09-24 19:00:00,30.5,54.06,4.6,14.77,11.46,14.48,,1.86,24.68,0.8,1.41,,,,0.57,,93.5,,,,,5.9,950.96,
2024-09-24 20:00:00,29.66,52.06,7.61,16.56,10.11,17.49,,1.82,24.9,0.81,1.38,,,,0.58,,93.5,,,,,5.9,951.1,
2024-09-24 21:00:00,29.2,50.96,6.53,17.97,12.58,16.41,,1.73,24.4,0.79,1.4,,,,0.58,,93.5,,,,,5.9,951.23,
2024-09-24 22:00:00,28.04,48.18,7.05,17.58,11.5,16.93,,1.71,24.48,0.8,1.4,,,,0.57,,93.5,,,,,5.9,951.29,
2024-09-24 23:00:00,27.77,47.55,7.46,17.54,11.08,17.34,,1.79,24.82,0.81,1.4,,,,0.58,,93.52,,,,,5.9,951.19,
2024-09-25 00:00:00,27.95,47.98,8.39,19.7,12.4,18.27,,1.8,24.36,0.8,1.38,,,,0.58,,93.57,,,,,5.9,951.09,
2024-09-25 01:00:00,27.2,46.2,8.52,19.76,12.2,18.4,,1.82,24.34,0.79,1.41,,,,0.59,,93.6,,,,,5.9,950.98,
2024-09-25 02:00:00,26.79,45.21,7.8,20.47,13.78,17.68,,1.81,25.09,0.82,1.39,,,,0.58,,93.62,,,,,5.9,950.91,
2024-09-25 03:00:00,27.04,45.79,7.91,18.9,11.97,17.78,,1.84,24.62,0.8,1.32,,,,0.6,,93.7,,,,,5.91,950.87,
2024-09-25 04:00:00,27.66,47.26,6.88,18.19,12.3,16.77,,1.84,24.46,0.8,1.36,,,,0.57,,93.7,,,,,5.9,950.88,
2024-09-25 05:00:00,28.16,48.47,5.34,12.51,8.26,15.23,,1.83,24.53,0.8,1.42,,,,0.57,,93.7,,,,,5.9,950.95,
2024-09-25 06:00:00,28.45,49.16,6.62,17.51,11.93,16.51,,1.84,24.47,0.8,1.39,,,,0.6,,93.7,,,,,7.73,951.15,
2024-09-25 07:00:00,27.64,47.24,7.14,17.63,11.48,17.02,,1.85,24.62,0.8,1.39,,,,0.59,,93.68,,,,,23.27,951.33,
2024-09-25 08:00:00,26.8,45.24,6.41,17.86,12.48,16.29,,1.86,24.91,0.81,1.34,,,,0.57,,93.55,,,,,80.85,951.44,
2024-09-25 09:00:00,27.38,46.61,7.46,20.6,14.14,17.34,,1.87,24.4,0.79,1.38,,,,0.58,,93.45,,,,,128.33,951.45,
2024-09-25 10:00:00,28.3,48.81,5.71,15.83,11.17,15.59,,1.85,24.5,0.8,1.43,,,,0.57,,89.02,,,,,181.6,951.4,
2024-09-25 11:00:00,29.81,52.4,7.22,18.24,12.03,17.1,,1.82,24.36,0.8,1.4,,,,0.58,,89.48,,,,,116.86,951.29,
2024-09-25 12:00:00,31.66,56.81,8.75,20.92,13.16,18.63,,1.82,24.23,0.79,1.33,,,,0.59,,78.9,,,,,234.45,951.07,
2024-09-25 13:00:00,29.76,52.28,7.42,19.14,12.85,17.3,,1.79,24.76,0.8,1.4,,,,0.58,,75.42,,,,,207.45,950.8,
2024-09-25 14:00:00,24.98,40.89,8.36,19.57,10.62,16.26,,1.79,24.77,0.81,1.35,,,,0.59,,69.68,,,,,251.88,950.68,
2024-09-25 15:00:00,24.52,39.81,7.2,17.64,11.87,17.08,,1.77,24.5,0.8,1.39,,,,0.59,,65.83,,,,,182.8,950.65,
2024-09-25 16:00:00,32.92,59.8,8.03,20.2,13.14,14.77,,1.77,24.62,0.8,1.4,,,,0.6,,67.7,,,,,82.93,950.72,
2024-09-25 17:00:00,23.92,38.37,5.78,16.49,11.79,12.72,,1.84,24.4,0.8,1.39,,,,0.58,,68.72,,,,,15.1,950.79,
2024-09-25 18:00:00,25.32,41.7,7.61,19.8,13.16,17.49,,1.84,24.02,0.78,1.43,,,,0.58,,76.08,,,,,5.9,950.96,
2024-09-25 19:00:00,28.86,50.13,8.7,19.02,11.24,18.58,,1.87,25.0,0.81,1.41,,,,0.59,,71.3,,,,,5.9,951.14,
2024-09-25 20:00:00,28.29,48.79,6.44,17.79,12.55,16.31,,1.85,24.6,0.8,1.41,,,,0.58,,75.03,,,,,5.9,951.34,
2024-09-25 21:00:00,29.25,51.08,8.94,21.2,13.28,18.84,,1.86,24.46,0.8,1.4,,,,0.58,,82.98,,,,,5.91,951.42,
2024-09-25 22:00:00,26.98,45.66,8.2,18.88,11.72,18.09,,1.84,24.22,0.79,1.39,,,,0.57,,90.03,,,,,5.9,951.47,
2024-09-25 23:00:00,28.76,49.89,8.42,19.67,12.28,18.3,,1.81,24.26,0.79,1.38,,,,0.59,,93.48,,,,,5.9,951.41,
2024-09-26 00:00:00,41.19,79.49,9.73,18.7,9.97,19.62,,1.78,24.54,0.8,1.4,,,,0.57,,93.5,,,,,5.91,951.34,
2024-09-26 01:00:00,36.4,68.1,8.58,18.15,10.76,18.47,,1.79,24.98,0.81,1.37,,,,0.58,,93.57,,,,,5.9,951.17,
2024-09-26 02:00:00,34.4,63.32,8.36,20.27,12.94,18.24,,1.82,25.04,0.81,1.36,,,,0.57,,93.6,,,,,5.91,951.04,
2024-09-26 03:00:00,33.2,60.49,7.1,18.25,12.16,16.98,,1.84,24.56,0.8,1.36,,,,0.58,,93.7,,,,,5.91,950.9,
2024-09-26 04:00:00,30.55,54.16,8.06,19.07,11.96,17.95,,1.84,24.6,0.8,1.39,,,,0.6,,93.7,,,,,5.9,950.82,
2024-09-26 05:00:00,28.76,49.91,7.36,17.31,11.04,17.24,,1.84,24.23,0.79,1.42,,,,0.57,,93.7,,,,,5.91,950.98,
2024-09-26 06:00:00,27.62,47.19,7.62,17.3,10.7,17.5,,1.84,24.28,0.79,1.36,,,,0.57,,93.7,,,,,6.05,951.17,
2024-09-26 07:00:00,27.48,46.85,6.62,16.42,10.85,16.5,,1.78,24.61,0.8,1.42,,,,0.57,,93.62,,,,,27.76,951.42,
2024-09-26 08:00:00,24.05,38.67,8.17,17.83,10.8,13.67,,1.8,24.98,0.81,1.38,,,,0.57,,93.38,,,,,100.81,951.58,
2024-09-26 09:00:00,29.26,51.09,7.67,19.52,12.86,17.55,,1.81,24.48,0.79,1.4,,,,0.58,,83.62,,,,,162.52,951.61,
2024-09-26 10:00:00,43.28,84.49,7.22,18.41,12.23,17.1,,1.83,24.59,0.8,1.36,,,,0.57,,70.7,,,,,199.11,951.53,
2024-09-26 11:00:00,39.05,74.42,9.04,20.42,12.43,18.92,,1.84,25.14,0.82,1.4,,,,0.58,,69.95,,,,,107.12,951.48,
2024-09-26 12:00:00,34.91,64.55,7.67,18.45,11.84,17.55,,1.86,25.12,0.81,1.38,,,,0.56,,71.88,,,,,165.54,951.3,
2024-09-26 13:00:00,31.91,57.4,9.33,20.76,12.45,19.21,,1.87,24.56,0.8,1.38,,,,0.58,,63.28,,,,,248.69,951.05,
2024-09-26 14:00:00,30.37,53.74,7.25,16.9,10.76,17.12,,1.88,24.24,0.79,1.4,,,,0.57,,58.7,,,,,125.18,950.9,
2024-09-26 15:00:00,29.93,52.7,10.48,22.02,12.59,20.36,,1.9,24.55,0.8,1.34,,,,0.58,,54.4,,,,,294.71,950.8,
2024-09-26 16:00:00,28.78,49.94,8.98,18.58,10.72,18.87,,1.92,25.09,0.82,1.36,,,,0.57,,55.75,,,,,63.31,950.79,
2024-09-26 17:00:00,29.42,51.46,7.71,18.19,11.58,17.6,,1.94,24.63,0.8,1.39,,,,0.58,,61.52,,,,,5.91,950.92,
2024-09-26 18:00:00,31.65,56.79,7.83,18.64,11.82,17.71,,1.88,24.65,0.8,1.38,,,,0.58,,67.28,,,,,5.9,951.09,
2024-09-26 19:00:00,32.97,59.92,5.85,15.82,10.94,15.73,,1.88,24.28,0.79,1.42,,,,0.58,,70.03,,,,,5.9,951.27,
2024-09-26 20:00:00,32.79,59.49,6.2,16.18,11.11,16.08,,1.87,24.1,0.78,1.4,,,,0.57,,74.05,,,,,5.9,951.53,
2024-09-26 21:00:00,31.36,56.08,7.91,19.18,12.25,17.79,,1.88,24.81,0.8,1.38,,,,0.58,,77.55,,,,,5.9,951.66,
2024-09-26 22:00:00,32.11,57.89,7.69,18.15,11.56,17.57,,1.89,24.88,0.81,1.4,,,,0.58,,80.38,,,,,5.91,951.72,
2024-09-26 23:00:00,30.7,54.52,9.57,21.68,13.14,19.45,,1.82,24.45,0.8,1.4,,,,0.57,,91.28,,,,,5.9,951.7,
2024-09-27 00:00:00,29.88,52.56,8.12,21.14,13.98,18.0,,1.85,24.6,0.8,1.37,,,,0.59,,93.5,,,,,5.91,951.62,
2024-09-27 01:00:00,29.57,51.82,6.36,16.52,11.3,16.24,,1.8,24.62,0.8,1.38,,,,0.58,,93.5,,,,,5.91,951.53,
2024-09-27 02:00:00,28.6,49.53,9.91,21.84,12.92,19.79,,1.83,24.22,0.79,1.4,,,,0.58,,93.57,,,,,5.9,951.39,
2024-09-27 03:00:00,28.93,50.32,7.02,16.8,11.11,16.9,,1.81,24.57,0.8,1.4,,,,0.56,,93.6,,,,,5.91,951.38,
2024-09-27 04:00:00,29.03,50.55,9.79,21.65,13.0,19.68,,1.79,24.4,0.8,1.37,,,,0.57,,93.6,,,,,5.9,951.38,
2024-09-27 05:00:00,30.7,54.51,7.72,16.9,10.38,17.6,,1.78,24.85,0.8,1.39,,,,0.58,,93.62,,,,,5.91,951.51,
2024-09-27 06:00:00,29.42,51.46,7.49,18.76,12.28,17.36,,1.75,24.85,0.81,1.34,,,,0.57,,93.7,,,,,5.91,951.62,
2024-09-27 07:00:00,29.49,51.65,8.07,18.85,11.9,17.94,,1.83,24.01,0.78,1.36,,,,0.58,,93.62,,,,,25.32,951.76,
2024-09-27 08:00:00,29.79,52.36,7.41,19.41,13.14,17.28,,1.81,24.18,0.78,1.42,,,,0.57,,93.55,,,,,61.06,952.0,
2024-09-27 09:00:00,31.62,56.7,8.5,20.38,12.89,18.39,,1.78,24.49,0.8,1.41,,,,0.58,,88.5,,,,,151.7,952.1,
2024-09-27 10:00:00,32.94,59.85,8.16,17.99,11.0,18.05,,1.82,24.36,0.79,1.39,,,,0.59,,69.38,,,,,351.18,952.1,
2024-09-27 11:00:00,33.57,61.35,8.06,18.88,11.82,17.94,,1.83,24.24,0.79,1.42,,,,0.6,,66.28,,,,,137.28,952.02,
2024-09-27 12:00:00,30.88,54.94,6.57,18.1,12.7,16.45,,1.81,24.67,0.8,1.39,,,,0.59,,62.95,,,,,244.0,951.83,
2024-09-27 13:00:00,29.43,51.51,8.39,19.03,11.57,18.27,,1.8,25.01,0.81,1.38,,,,0.59,,58.18,,,,,185.41,951.62,
2024-09-27 14:00:00,29.43,51.49,9.12,21.44,13.32,19.0,,1.75,24.46,0.8,1.35,,,,0.59,,55.08,,,,,301.82,951.45,
2024-09-27 15:00:00,29.77,52.31,10.92,22.67,12.8,20.8,,1.76,24.29,0.79,1.34,,,,0.58,,50.65,,,,,270.02,951.33,
2024-09-27 16:00:00,30.5,54.04,8.41,21.5,14.07,18.28,,1.8,24.52,0.8,1.42,,,,0.58,,49.75,,,,,94.71,951.3,
2024-09-27 17:00:00,31.29,55.93,8.12,19.34,12.24,18.0,,1.85,24.48,0.8,1.39,,,,0.58,,50.45,,,,,16.04,951.43,
2024-09-27 18:00:00,30.12,53.13,9.15,19.69,11.64,19.02,,1.88,24.82,0.8,1.4,,,,0.57,,54.62,,,,,5.91,951.56,
2024-09-27 19:00:00,30.06,53.0,7.2,18.7,12.46,17.08,,1.86,24.72,0.8,1.38,,,,0.57,,68.6,,,,,5.9,951.83,
2024-09-27 20:00:00,32.46,58.71,6.26,17.76,12.53,16.14,,1.81,25.04,0.81,1.38,,,,0.58,,73.45,,,,,5.91,952.02,
2024-09-27 21:00:00,31.92,57.44,7.97,18.46,11.53,17.85,,1.8,24.85,0.81,1.38,,,,0.57,,81.5,,,,,5.91,952.19,
2024-09-27 22:00:00,32.08,57.81,8.11,20.07,13.03,17.99,,1.77,24.25,0.79,1.4,,,,0.57,,91.78,,,,,5.91,952.22,
2024-09-27 23:00:00,29.96,52.76,7.38,18.6,12.25,17.26,,1.76,24.32,0.79,1.42,,,,0.58,,93.45,,,,,5.9,952.14,
2024-09-28 00:00:00,28.76,49.89,10.54,19.98,10.39,20.42,,1.76,24.54,0.8,1.34,,,,0.58,,93.5,,,,,5.91,951.99,
2024-09-28 01:00:00,27.95,47.98,8.14,20.53,13.36,18.02,,1.75,24.29,0.79,1.42,,,,0.58,,93.5,,,,,5.9,951.86,
2024-09-28 02:00:00,27.69,47.36,6.95,18.07,12.32,16.83,,1.79,24.77,0.8,1.39,,,,0.58,,93.55,,,,,5.9,951.73,
2024-09-28 03:00:00,28.87,50.18,5.92,15.8,10.94,15.8,,1.94,24.81,0.8,1.37,,,,0.58,,93.6,,,,,5.9,951.72,
2024-09-28 04:00:00,27.71,47.41,8.02,20.4,13.4,17.9,,1.96,24.63,0.8,1.34,,,,0.6,,93.5,,,,,5.91,951.73,
2024-09-28 05:00:00,26.72,45.04,8.91,18.42,10.81,18.79,,1.96,24.8,0.8,1.35,,,,0.58,,93.22,,,,,5.9,951.8,
2024-09-28 06:00:00,26.68,44.93,7.68,20.02,13.36,17.56,,1.96,24.3,0.79,1.4,,,,0.58,,93.22,,,,,5.91,951.99,
2024-09-28 07:00:00,28.31,48.84,7.88,18.19,11.33,17.75,,1.98,24.87,0.8,1.38,,,,0.58,,93.15,,,,,15.57,952.22,
2024-09-28 08:00:00,28.85,50.12,8.62,19.24,11.66,18.49,,1.98,24.6,0.8,1.4,,,,0.57,,91.58,,,,,92.82,952.38,
2024-09-28 09:00:00,28.39,49.04,8.58,20.3,12.7,18.46,,1.96,24.3,0.79,1.35,,,,0.57,,79.68,,,,,153.65,952.41,
2024-09-28 10:00:00,29.15,50.84,8.18,19.92,12.7,18.06,,1.91,24.46,0.8,1.42,,,,0.57,,60.45,,,,,387.12,952.38,
2024-09-28 11:00:00,28.66,49.65,10.82,22.75,12.91,20.7,,1.83,24.68,0.8,1.42,,,,0.58,,59.65,,,,,138.28,952.24,
2024-09-28 12:00:00,29.48,51.62,10.11,21.96,12.83,19.99,,1.87,25.09,0.81,1.38,,,,0.57,,52.98,,,,,295.15,952.01,
2024-09-28 13:00:00,29.02,50.5,9.9,22.1,13.2,19.78,,1.92,24.94,0.81,1.36,,,,0.58,,49.38,,,,,341.09,951.76,
2024-09-28 14:00:00,28.59,49.5,8.97,20.49,12.66,18.85,,1.94,25.04,0.81,1.37,,,,0.57,,52.1,,,,,116.18,951.56,
2024-09-28 15:00:00,28.38,49.01,9.37,19.15,10.86,19.25,,2.01,24.58,0.8,1.39,,,,0.6,,50.5,,,,,117.3,951.45,
2024-09-28 16:00:00,30.6,54.28,7.52,19.11,12.66,17.4,,2.04,24.23,0.78,1.42,,,,0.58,,49.92,,,,,98.21,951.38,
2024-09-28 17:00:00,30.24,53.42,8.57,22.72,15.11,18.45,,2.03,24.78,0.8,1.38,,,,0.58,,53.38,,,,,19.88,951.47,
2024-09-28 18:00:00,29.25,51.08,5.27,13.38,9.13,15.15,,2.0,24.78,0.8,1.42,,,,0.57,,62.32,,,,,5.9,951.64,
2024-09-28 19:00:00,31.11,55.5,8.38,20.11,12.74,18.26,,1.88,24.49,0.8,1.38,,,,0.58,,67.25,,,,,5.91,951.82,
2024-09-28 20:00:00,33.58,61.39,7.05,17.66,11.76,16.93,,1.85,24.47,0.8,1.37,,,,0.57,,70.97,,,,,5.9,952.09,
2024-09-28 21:00:00,31.4,56.2,6.51,17.06,11.58,16.39,,1.84,24.46,0.8,1.35,,,,0.57,,78.22,,,,,5.91,952.28,
2024-09-28 22:00:00,29.78,52.33,9.62,22.24,13.59,19.5,,1.82,24.15,0.79,1.4,,,,0.57,,86.98,,,,,5.9,952.28,
2024-09-28 23:00:00,29.08,50.67,6.52,15.07,9.55,16.4,,1.8,24.6,0.8,1.37,,,,0.58,,93.5,,,,,5.91,952.18,
2024-09-29 00:00:00,30.06,53.02,5.92,13.8,8.94,15.8,,1.79,24.51,0.8,1.35,,,,0.58,,93.6,,,,,5.91,952.1,
2024-09-29 01:00:00,30.8,54.77,8.27,17.62,10.38,18.14,,1.78,24.27,0.79,1.38,,,,0.59,,93.68,,,,,5.91,952.08,
2024-09-29 02:00:00,30.83,54.84,7.81,18.38,11.55,17.68,,1.8,24.82,0.8,1.4,,,,0.58,,93.7,,,,,5.9,951.97,
2024-09-29 03:00:00,29.03,50.54,7.22,18.27,12.14,17.09,,1.89,24.22,0.79,1.38,,,,0.58,,93.7,,,,,5.91,951.92,
2024-09-29 04:00:00,27.69,47.36,6.88,17.68,11.89,16.76,,1.78,24.75,0.8,1.4,,,,0.57,,93.7,,,,,5.9,952.01,
2024-09-29 05:00:00,27.07,45.88,10.67,23.08,13.42,20.55,,1.83,24.93,0.81,1.38,,,,0.58,,93.7,,,,,5.91,952.16,
2024-09-29 06:00:00,26.48,44.49,9.35,21.24,12.9,19.23,,1.82,24.37,0.79,1.38,,,,0.57,,93.7,,,,,5.91,952.33,
2024-09-29 07:00:00,26.25,43.94,7.86,18.9,12.03,17.74,,1.8,24.77,0.8,1.44,,,,0.58,,93.7,,,,,23.1,952.5,
2024-09-29 08:00:00,27.49,46.89,4.55,14.51,11.05,14.43,,1.88,24.43,0.8,1.41,,,,0.57,,93.7,,,,,113.94,952.55,
2024-09-29 09:00:00,30.74,54.61,7.08,18.54,12.48,16.95,,1.89,24.89,0.81,1.4,,,,0.58,,93.43,,,,,103.85,952.64,
2024-09-29 10:00:00,28.86,50.14,5.5,13.72,9.25,14.44,,1.85,24.6,0.8,1.34,,,,0.59,,91.53,,,,,230.95,952.5,
2024-09-29 11:00:00,23.92,38.37,13.66,25.68,14.28,23.54,4.0,1.88,24.9,0.81,1.39,,,,0.58,,61.9,,,,,726.87,952.14,
2024-09-29 12:00:00,23.92,38.37,9.05,15.93,9.38,14.78,,1.8,24.38,0.8,1.41,,,,0.54,,50.9,,,,,712.87,951.86,
2024-09-29 13:00:00,24.81,40.5,11.0,23.03,13.09,20.88,,1.94,23.87,0.78,1.4,,,,0.56,,46.8,,,,,440.96,951.65,
2024-09-29 14:00:00,34.46,63.47,8.31,20.04,12.71,18.19,,2.04,24.8,0.81,1.37,,,,0.59,,45.12,,,,,310.56,951.5,
2024-09-29 15:00:00,35.94,67.0,9.0,19.48,11.48,18.88,,2.06,24.56,0.8,1.39,,,,0.57,,45.2,,,,,163.34,951.41,
2024-09-29 16:00:00,32.65,59.16,7.32,18.53,12.21,17.2,,2.1,24.34,0.8,1.37,,,,0.58,,54.08,,,,,14.32,951.45,
2024-09-29 17:00:00,30.2,53.32,6.99,16.34,10.52,16.87,,2.08,24.61,0.8,1.36,,,,0.57,,54.42,,,,,5.91,951.54,
2024-09-29 18:00:00,29.2,50.96,7.51,15.55,9.25,17.4,,2.0,24.92,0.81,1.39,,,,0.57,,60.02,,,,,5.91,951.79,
2024-09-29 19:00:00,31.09,55.44,8.82,19.93,12.33,18.71,,1.88,24.52,0.8,1.4,,,,0.58,,93.18,,,,,5.91,952.02,
2024-09-29 20:00:00,29.67,52.08,7.32,18.62,12.47,17.19,,1.88,24.89,0.81,1.41,,,,0.58,,93.4,,,,,5.91,952.21,
2024-09-29 21:00:00,28.78,49.96,7.58,16.72,10.5,17.47,,1.8,24.54,0.8,1.38,,,,0.58,,93.5,,,,,5.9,952.4,
2024-09-29 22:00:00,32.64,59.14,7.4,18.29,11.9,17.28,,1.72,24.93,0.81,1.42,,,,0.57,,93.18,,,,,5.9,952.35,
2024-09-29 23:00:00,31.52,56.47,7.79,19.27,12.62,17.67,,1.67,24.87,0.81,1.37,,,,0.58,,93.38,,,,,5.9,952.26,
2024-09-30 00:00:00,30.35,53.68,7.93,16.63,9.74,17.81,,1.67,25.12,0.81,1.42,,,,0.57,,93.45,,,,,5.9,952.23,
2024-09-30 01:00:00,31.69,56.88,7.52,20.42,13.99,17.4,,1.66,24.34,0.79,1.38,,,,0.57,,93.5,,,,,5.9,952.13,
2024-09-30 02:00:00,31.48,56.37,9.03,21.2,13.16,18.91,,1.7,25.02,0.81,1.38,,,,0.57,,93.5,,,,,5.91,952.02,
2024-09-30 03:00:00,30.79,54.74,7.94,17.82,10.86,17.81,,1.84,24.65,0.8,1.4,,,,0.61,,93.5,,,,,5.91,951.94,
2024-09-30 04:00:00,30.64,54.37,7.49,18.82,12.43,17.37,,1.86,24.41,0.79,1.39,,,,0.58,,93.5,,,,,5.91,952.02,
2024-09-30 05:00:00,30.09,53.07,7.41,19.41,13.06,17.29,,1.88,24.39,0.79,1.4,,,,0.57,,93.55,,,,,5.9,952.17,
2024-09-30 06:00:00,30.41,53.84,6.99,17.31,11.44,16.86,,1.91,24.59,0.8,1.39,,,,0.57,,93.6,,,,,5.91,952.36,
2024-09-30 07:00:00,30.69,54.51,9.45,20.52,12.09,19.33,,1.92,24.21,0.79,1.36,,,,0.58,,93.5,,,,,19.14,952.56,
2024-09-30 08:00:00,31.45,56.32,9.53,19.93,11.44,19.41,,1.9,24.25,0.79,1.36,,,,0.57,,93.4,,,,,72.68,952.62,
2024-09-30 09:00:00,31.31,55.98,7.45,18.45,12.06,17.32,,1.88,24.3,0.79,1.38,,,,0.57,,79.85,,,,,252.17,952.66,
2024-09-30 10:00:00,29.67,52.06,9.13,20.83,12.71,19.02,,1.84,24.82,0.8,1.37,,,,0.59,,60.78,,,,,525.48,952.6,
2024-09-30 11:00:00,30.0,52.86,9.13,20.52,12.34,19.01,,1.89,24.36,0.79,1.39,,,,0.59,,51.58,,,,,596.24,952.39,
2024-09-30 12:00:00,30.46,53.94,8.88,21.19,13.34,18.76,,1.95,25.4,0.82,1.35,,,,0.59,,44.62,,,,,464.76,952.12,
2024-09-30 13:00:00,32.72,59.34,8.88,20.05,12.78,18.76,,2.02,24.48,0.8,1.39,,,,0.57,,39.8,,,,,502.01,951.86,
2024-09-30 14:00:00,31.18,55.67,8.15,19.84,12.74,18.04,,2.05,24.56,0.8,1.38,,,,0.58,,37.52,,,,,395.17,951.59,
2024-09-30 15:00:00,29.96,52.78,9.35,22.14,13.86,19.23,,2.08,24.47,0.8,1.38,,,,0.58,,37.17,,,,,312.17,951.43,
2024-09-30 16:00:00,29.8,52.4,9.2,18.08,9.99,19.08,,2.1,24.76,0.8,1.36,,,,0.59,,39.52,,,,,89.6,951.31,
2024-09-30 17:00:00,32.94,59.86,7.1,14.76,9.16,16.98,,2.18,24.48,0.8,1.37,,,,0.58,,43.58,,,,,6.99,951.36,
2024-09-30 18:00:00,31.25,55.83,7.96,19.8,13.23,17.84,,2.1,24.22,0.79,1.39,,,,0.58,,46.8,,,,,5.91,951.63,
2024-09-30 19:00:00,35.47,65.9,7.32,18.23,12.12,17.21,,2.02,24.52,0.8,1.38,,,,0.58,,51.02,,,,,5.91,951.83,
2024-09-30 20:00:00,34.55,63.69,8.5,19.21,12.0,18.38,,2.03,24.95,0.81,1.36,,,,0.57,,51.8,,,,,5.91,952.11,
2024-09-30 21:00:00,33.63,61.51,6.88,15.94,10.21,16.75,,1.94,24.69,0.8,1.38,,,,0.57,,63.38,,,,,5.91,952.16,
2024-09-30 22:00:00,37.01,69.54,6.49,14.11,8.73,16.37,,1.88,24.36,0.79,1.37,,,,0.6,,67.5,,,,,5.91,952.15,
2024-09-30 23:00:00,34.2,62.87,7.65,18.1,11.55,17.53,,1.77,24.87,0.81,1.38,,,,0.59,,73.92,,,,,5.9,952.08,
2024-10-01 00:00:00,32.49,58.78,8.83,18.4,10.62,18.72,,1.73,25.18,0.82,1.4,,,,0.59,,82.48,,,,,5.9,951.93,
2024-10-01 01:00:00,31.33,56.02,9.89,22.29,13.44,19.76,,1.68,24.55,0.8,1.33,,,,0.6,,93.32,,,,,5.9,951.75,
2024-10-01 02:00:00,33.27,60.64,8.38,17.58,10.33,18.27,,1.72,24.55,0.8,1.37,,,,0.58,,93.4,,,,,5.9,951.6,
2024-10-01 03:00:00,31.74,57.01,8.64,18.49,10.84,18.52,,1.87,24.72,0.8,1.37,,,,0.58,,93.5,,,,,5.91,951.57,
2024-10-01 04:00:00,35.46,65.84,6.76,17.75,11.98,16.63,,1.86,24.38,0.79,1.41,,,,0.57,,93.5,,,,,5.9,951.64,
2024-10-01 05:00:00,32.62,59.1,8.04,19.14,12.11,17.92,,1.86,24.33,0.8,1.4,,,,0.59,,93.5,,,,,5.91,951.68,
2024-10-01 06:00:00,32.26,58.23,9.22,21.81,13.51,19.1,,1.87,24.66,0.8,1.38,,,,0.58,,93.5,,,,,5.9,951.8,
2024-10-01 07:00:00,32.16,57.98,9.09,20.49,12.38,18.96,,1.87,24.68,0.8,1.36,,,,0.57,,93.48,,,,,6.3,951.98,
2024-10-01 08:00:00,32.82,59.56,6.32,17.14,11.84,16.2,,1.85,24.62,0.8,1.38,,,,0.57,,91.3,,,,,64.04,952.14,
2024-10-01 09:00:00,35.47,65.88,8.49,18.64,11.12,18.37,,1.87,24.57,0.8,1.4,,,,0.59,,74.55,,,,,230.57,952.2,
2024-10-01 10:00:00,32.71,59.31,6.65,16.92,11.28,16.52,,1.88,24.34,0.79,1.39,,,,0.57,,62.08,,,,,386.56,952.04,
2024-10-01 11:00:00,31.93,57.45,9.53,19.2,10.82,19.42,,1.89,24.73,0.8,1.37,,,,0.57,,53.95,,,,,393.44,951.81,
2024-10-01 12:00:00,24.46,38.37,16.42,24.89,17.95,26.3,,1.94,24.51,0.8,1.39,,,,0.58,,41.2,,,,,499.48,951.61,
2024-10-01 13:00:00,24.92,40.76,8.1,32.64,23.79,17.98,,2.07,24.6,0.8,1.37,,,,0.59,,36.28,,,,,445.96,951.41,
2024-10-01 14:00:00,27.1,45.95,4.43,25.84,22.08,14.31,1.52,2.12,24.9,0.81,1.39,,,,0.59,,36.75,,,,,211.36,951.24,
2024-10-01 15:00:00,28.46,49.19,4.16,25.56,22.01,14.04,2.52,2.15,24.66,0.8,1.38,,,,0.58,,36.62,,,,,105.39,951.14,
2024-10-01 16:00:00,29.63,51.98,3.31,22.14,20.54,13.19,2.41,2.18,24.92,0.81,1.41,,,,0.57,,38.6,,,,,45.15,951.12,
2024-10-01 17:00:00,31.43,56.27,2.77,21.42,20.54,12.65,1.39,2.26,24.67,0.8,1.34,,,,0.58,,42.62,,,,,5.91,951.23,
2024-10-01 18:00:00,32.26,58.24,3.31,20.92,19.13,13.19,2.06,2.16,24.7,0.8,1.36,,,,0.58,,46.02,,,,,5.91,951.42,
2024-10-01 19:00:00,33.59,61.41,3.7,23.48,20.66,13.58,2.78,1.94,24.39,0.79,1.37,,,,0.57,,48.03,,,,,5.9,951.7,
2024-10-01 20:00:00,37.9,71.67,4.04,24.72,21.74,13.92,3.96,1.91,24.36,0.79,1.37,,,,0.58,,54.72,,,,,5.9,951.94,
2024-10-01 21:00:00,37.98,71.87,3.26,19.62,17.8,13.14,5.82,1.9,24.57,0.8,1.41,,,,0.58,,55.52,,,,,5.9,952.1,
2024-10-01 22:00:00,37.73,71.26,2.56,22.55,21.19,12.44,4.81,1.83,24.42,0.8,1.39,,,,0.57,,56.58,,,,,5.91,952.17,
2024-10-01 23:00:00,36.9,69.29,4.61,25.79,22.22,14.49,4.53,1.72,25.02,0.81,1.38,,,,0.59,,58.7,,,,,5.9,952.16,
2024-10-02 00:00:00,34.32,63.13,2.71,21.12,19.75,12.59,3.98,1.67,25.14,0.82,1.38,,,,0.58,,64.32,,,,,5.91,951.99,
2024-10-02 01:00:00,34.66,63.94,3.3,22.65,20.32,13.18,3.35,1.61,24.42,0.79,1.32,,,,0.58,,83.38,,,,,5.91,951.78,
2024-10-02 02:00:00,33.74,61.78,3.79,22.64,19.51,13.67,2.96,1.65,24.6,0.8,1.39,,,,0.59,,93.15,,,,,5.91,951.71,
2024-10-02 03:00:00,32.73,59.35,4.65,24.22,20.03,14.53,3.94,1.87,24.43,0.79,1.35,,,,0.57,,93.28,,,,,5.91,951.7,
2024-10-02 04:00:00,32.36,58.47,2.89,23.57,21.73,12.78,4.32,1.88,24.62,0.8,1.36,,,,0.58,,93.48,,,,,5.91,951.65,
2024-10-02 05:00:00,31.31,55.98,2.58,21.38,20.18,12.46,4.66,1.88,24.83,0.8,1.39,,,,0.57,,93.52,,,,,5.91,951.69,
2024-10-02 06:00:00,33.47,61.13,3.05,22.46,20.52,12.93,4.88,1.87,24.42,0.8,1.41,,,,0.6,,93.6,,,,,5.91,951.84,
2024-10-02 07:00:00,33.45,61.08,3.18,24.02,21.86,13.05,3.15,1.88,24.27,0.79,1.38,,,,0.58,,93.6,,,,,8.25,952.09,
2024-10-02 08:00:00,32.14,57.94,4.58,24.93,20.74,14.46,2.88,1.88,24.96,0.81,1.39,,,,0.59,,93.45,,,,,59.13,952.29,
2024-10-02 09:00:00,31.14,55.55,4.21,26.13,22.56,14.09,3.65,1.87,24.95,0.81,1.42,,,,0.58,,88.2,,,,,213.8,952.38,
2024-10-02 10:00:00,31.4,56.2,3.41,21.98,19.28,13.29,3.38,1.86,24.4,0.79,1.43,,,,0.58,,65.53,,,,,478.14,952.27,
2024-10-02 11:00:00,30.54,54.15,2.83,22.33,20.71,12.71,3.44,1.85,25.01,0.81,1.38,,,,0.58,,56.95,,,,,587.58,952.1,
2024-10-02 12:00:00,29.0,50.48,5.83,26.04,20.24,15.71,1.43,1.95,24.44,0.8,1.35,,,,0.59,,50.78,,,,,566.91,951.84,
2024-10-02 13:00:00,27.78,47.58,5.1,26.14,21.24,14.98,4.69,2.0,24.68,0.8,1.38,,,,0.57,,43.5,,,,,565.02,951.59,
2024-10-02 14:00:00,26.88,45.41,6.0,29.52,23.38,15.89,5.9,2.02,24.4,0.79,1.38,,,,0.58,,40.8,,,,,357.03,951.35,
2024-10-02 15:00:00,26.2,43.82,3.86,24.08,21.12,13.74,1.06,2.05,24.46,0.8,1.41,,,,0.57,,39.45,,,,,333.5,951.17,
2024-10-02 16:00:00,25.94,43.18,3.63,23.2,20.63,13.51,2.12,2.09,24.59,0.8,1.39,,,,0.57,,43.0,,,,,149.29,951.18,
2024-10-02 17:00:00,27.33,46.5,3.76,23.9,21.71,13.64,1.81,2.12,24.02,0.78,1.41,,,,0.57,,48.18,,,,,5.91,951.42,
2024-10-02 18:00:00,28.61,49.55,2.51,19.89,19.51,12.39,1.09,2.03,24.63,0.8,1.39,,,,0.58,,62.42,,,,,5.91,951.63,
2024-10-02 19:00:00,28.22,48.61,1.19,16.77,18.53,11.07,2.81,1.88,24.67,0.8,1.36,,,,0.57,,65.82,,,,,5.91,951.9,
2024-10-02 20:00:00,28.71,49.79,2.08,18.42,18.56,11.97,2.35,1.84,24.51,0.8,1.38,,,,0.59,,76.38,,,,,5.91,952.22,
2024-10-02 21:00:00,23.94,38.42,2.59,19.76,17.97,12.48,,1.74,24.2,0.79,1.45,,,,0.57,,93.67,,,,,5.91,952.72,
2024-10-02 22:00:00,24.79,40.44,1.52,18.0,18.62,11.4,1.51,1.73,24.58,0.8,1.43,,,,0.58,,93.7,,,,,5.91,952.64,
2024-10-02 23:00:00,25.7,42.63,3.72,22.92,19.9,13.6,2.78,1.65,24.56,0.8,1.4,,,,0.58,,93.7,,,,,5.9,952.54,
2024-10-03 00:00:00,25.56,42.3,3.96,23.75,20.81,13.84,3.47,1.63,24.16,0.78,1.4,,,,0.57,,93.7,,,,,5.91,952.18,
2024-10-03 01:00:00,25.53,42.2,2.8,21.73,20.34,12.69,5.04,1.61,24.82,0.8,1.39,,,,0.58,,93.7,,,,,5.91,952.1,
2024-10-03 02:00:00,25.38,41.85,3.24,21.21,19.52,13.12,3.19,1.65,24.94,0.81,1.39,,,,0.58,,93.7,,,,,5.9,952.11,
2024-10-03 03:00:00,25.27,41.6,3.47,24.0,21.42,13.34,1.85,1.8,24.58,0.8,1.39,,,,0.58,,93.7,,,,,5.91,952.05,
2024-10-03 04:00:00,25.27,41.58,3.78,23.92,20.96,13.65,2.66,1.8,24.25,0.79,1.4,,,,0.58,,93.7,,,,,5.9,951.84,
2024-10-03 05:00:00,25.26,41.58,3.52,24.14,21.76,13.4,3.68,1.81,24.48,0.79,1.34,,,,0.58,,93.6,,,,,5.9,951.71,
2024-10-03 06:00:00,25.24,41.53,2.9,23.27,21.56,12.77,2.22,1.79,24.4,0.79,1.4,,,,0.56,,93.6,,,,,6.18,951.9,
2024-10-03 07:00:00,25.19,41.42,3.76,25.77,22.9,13.64,2.0,1.76,24.67,0.8,1.4,,,,0.58,,93.62,,,,,54.3,952.1,
2024-10-03 08:00:00,25.52,42.18,2.82,21.59,19.83,12.7,2.43,1.82,24.46,0.8,1.41,,,,0.58,,93.55,,,,,120.2,952.24,
2024-10-03 09:00:00,25.82,42.91,3.94,25.04,21.72,13.82,3.4,1.76,24.8,0.81,1.44,,,,0.58,,93.5,,,,,156.42,952.38,
2024-10-03 10:00:00,25.73,42.7,3.54,24.88,22.04,13.42,2.25,1.74,25.04,0.82,1.36,,,,0.59,,93.3,,,,,298.61,952.4,
2024-10-03 11:00:00,25.11,41.23,4.08,23.57,20.45,13.96,2.46,1.79,25.21,0.82,1.43,,,,0.59,,87.93,,,,,343.67,952.25,
2024-10-03 12:00:00,24.32,39.33,3.91,24.22,21.28,13.79,2.56,1.9,24.26,0.79,1.38,,,,0.58,,71.2,,,,,732.47,952.0,
2024-10-03 13:00:00,25.8,42.85,4.12,23.73,20.16,14.0,1.01,1.97,25.1,0.82,1.42,,,,0.59,,60.98,,,,,529.69,951.68,
2024-10-03 14:00:00,26.12,43.6,3.4,24.18,22.06,13.28,1.04,2.03,24.66,0.8,1.36,,,,0.58,,93.57,,,,,32.99,951.56,
2024-10-03 15:00:00,25.9,43.1,3.4,22.36,19.96,13.28,2.04,2.04,24.58,0.8,1.4,,,,0.57,,93.5,,,,,64.25,951.55,
2024-10-03 16:00:00,25.65,42.51,2.88,22.5,21.04,12.76,4.05,2.03,24.41,0.8,1.37,,,,0.58,,93.5,,,,,30.27,951.48,
2024-10-03 17:00:00,25.88,43.06,1.89,18.9,19.38,11.77,3.88,1.98,24.72,0.8,1.4,,,,0.58,,93.5,,,,,8.25,951.49,
2024-10-03 18:00:00,26.01,43.36,3.38,23.64,21.31,13.26,1.71,1.94,24.67,0.8,1.38,,,,0.59,,93.5,,,,,5.91,951.71,
2024-10-03 19:00:00,26.43,44.36,3.51,22.38,19.85,13.39,1.13,1.88,24.6,0.8,1.4,,,,0.59,,93.5,,,,,5.91,952.04,
2024-10-03 20:00:00,27.61,47.17,3.45,22.85,20.25,13.33,2.43,1.88,24.23,0.79,1.37,,,,0.58,,93.55,,,,,5.91,952.19,
2024-10-03 21:00:00,27.83,47.69,2.44,23.2,22.56,12.33,2.05,1.88,24.58,0.8,1.38,,,,0.57,,93.6,,,,,5.9,952.14,
2024-10-03 22:00:00,27.15,46.06,2.76,20.34,19.23,12.64,2.12,1.87,24.54,0.8,1.36,,,,0.58,,93.52,,,,,5.91,952.17,
2024-10-03 23:00:00,27.64,47.24,3.13,22.49,20.7,13.01,1.83,1.86,24.46,0.8,1.39,,,,0.59,,93.5,,,,,5.91,952.2,
2024-10-04 00:00:00,29.28,51.15,4.03,23.18,19.96,13.92,0.85,1.83,24.52,0.8,1.42,,,,0.59,,93.5,,,,,5.9,952.1,
2024-10-04 01:00:00,28.03,48.17,5.07,26.34,21.52,14.95,1.93,1.73,24.78,0.8,1.4,,,,0.58,,93.55,,,,,5.91,951.89,
2024-10-04 02:00:00,26.92,45.54,2.66,21.81,20.22,12.54,2.51,1.76,24.85,0.8,1.38,,,,0.57,,93.68,,,,,5.9,951.69,
2024-10-04 03:00:00,26.73,45.08,3.6,23.5,20.96,13.48,2.71,1.89,24.72,0.8,1.37,,,,0.58,,93.7,,,,,5.9,951.66,
2024-10-04 04:00:00,28.23,48.64,2.09,24.1,23.26,11.97,3.87,1.91,24.34,0.79,1.38,,,,0.58,,93.7,,,,,5.91,951.83,
2024-10-04 05:00:00,30.23,53.41,3.14,22.56,20.42,13.02,3.28,1.92,24.6,0.8,1.33,,,,0.57,,93.28,,,,,5.91,951.91,
2024-10-04 06:00:00,29.1,50.73,4.22,24.41,20.72,14.1,2.74,1.92,24.52,0.8,1.38,,,,0.59,,93.38,,,,,7.72,952.03,
2024-10-04 07:00:00,29.54,51.76,3.24,22.1,20.01,13.12,2.4,1.9,24.09,0.79,1.38,,,,0.58,,93.35,,,,,40.46,952.18,
2024-10-04 08:00:00,28.57,49.45,2.83,22.66,20.84,12.71,1.88,1.92,24.33,0.79,1.4,,,,0.58,,93.28,,,,,111.28,952.26,
2024-10-04 09:00:00,28.04,48.21,3.48,24.3,21.88,13.36,1.98,1.88,24.65,0.8,1.38,,,,0.6,,93.4,,,,,226.41,952.29,
2024-10-04 10:00:00,28.47,49.21,3.1,21.64,20.13,12.98,3.55,1.88,24.22,0.79,1.32,,,,0.58,,82.45,,,,,461.72,952.25,
2024-10-04 11:00:00,28.7,49.74,5.58,28.32,22.92,15.46,3.51,1.86,24.29,0.79,1.38,,,,0.59,,72.85,,,,,391.4,952.11,
2024-10-04 12:00:00,28.58,49.46,2.87,22.93,21.06,12.75,5.29,1.87,24.78,0.8,1.41,,,,0.58,,55.92,,,,,644.6,951.87,
2024-10-04 13:00:00,25.43,41.96,4.94,24.78,20.33,11.84,3.5,1.96,24.51,0.8,1.4,,,,0.58,,54.3,,,,,265.37,951.59,
2024-10-04 14:00:00,41.23,79.6,5.26,29.06,23.99,15.14,1.22,2.05,24.26,0.79,1.4,,,,0.57,,65.7,,,,,58.78,951.35,
2024-10-04 15:00:00,39.96,76.57,3.46,23.67,21.53,13.34,2.45,2.05,24.47,0.8,1.42,,,,0.57,,65.4,,,,,56.86,951.26,
2024-10-04 16:00:00,35.32,65.52,3.14,21.84,19.9,13.02,3.24,2.05,24.26,0.79,1.35,,,,0.59,,64.03,,,,,12.91,951.24,
2024-10-04 17:00:00,34.53,63.67,1.87,19.79,19.59,11.75,2.58,2.06,24.4,0.8,1.39,,,,0.57,,69.15,,,,,6.03,951.38,
2024-10-04 18:00:00,32.2,58.1,2.33,20.71,19.98,12.21,2.64,2.03,24.98,0.81,1.41,,,,0.58,,79.42,,,,,5.9,951.66,
2024-10-04 19:00:00,32.2,58.08,2.08,20.47,20.37,11.96,1.57,1.82,24.4,0.8,1.4,,,,0.59,,93.62,,,,,5.91,951.93,
2024-10-04 20:00:00,30.37,53.75,4.08,24.59,21.04,13.96,4.11,1.71,24.24,0.79,1.41,,,,0.58,,93.7,,,,,5.91,952.1,
2024-10-04 21:00:00,28.61,49.54,3.88,22.45,19.6,13.76,2.94,1.72,24.4,0.79,1.4,,,,0.57,,93.7,,,,,5.9,952.19,
2024-10-04 22:00:00,27.64,47.22,4.08,21.87,18.33,13.96,2.24,1.7,24.13,0.78,1.38,,,,0.57,,93.7,,,,,5.91,952.24,
2024-10-04 23:00:00,27.02,45.76,3.48,23.65,21.0,13.36,3.05,1.7,24.5,0.8,1.4,,,,0.58,,93.7,,,,,5.91,952.24,
2024-10-05 00:00:00,27.84,47.72,4.93,26.91,22.23,14.81,5.26,1.66,24.86,0.81,1.38,,,,0.57,,93.7,,,,,5.91,952.08,
2024-10-05 01:00:00,27.26,46.34,2.16,19.74,19.23,12.04,2.94,1.66,24.65,0.8,1.38,,,,0.58,,93.7,,,,,5.91,952.0,
2024-10-05 02:00:00,27.25,46.31,4.45,24.56,20.75,14.33,2.43,1.7,24.97,0.81,1.39,,,,0.58,,93.7,,,,,5.91,951.96,
2024-10-05 03:00:00,26.66,44.9,3.53,24.94,22.31,13.41,2.42,1.84,24.68,0.8,1.41,,,,0.57,,93.7,,,,,5.91,951.94,
2024-10-05 04:00:00,26.15,43.69,3.71,24.36,21.46,13.59,1.66,1.84,24.71,0.8,1.4,,,,0.58,,93.7,,,,,5.91,952.0,
2024-10-05 05:00:00,25.86,42.98,2.81,23.44,21.81,12.69,4.63,1.85,25.4,0.82,1.38,,,,0.59,,93.7,,,,,5.91,952.04,
2024-10-05 06:00:00,27.63,47.2,5.1,26.24,21.48,14.98,4.14,1.84,24.84,0.8,1.38,,,,0.57,,93.75,,,,,6.08,952.07,
2024-10-05 07:00:00,27.26,46.32,3.51,23.38,20.75,13.39,2.03,1.82,24.72,0.8,1.36,,,,0.57,,93.8,,,,,48.44,952.19,
2024-10-05 08:00:00,26.36,44.19,2.77,23.17,21.63,12.64,2.31,1.83,24.38,0.79,1.37,,,,0.58,,93.72,,,,,104.06,952.34,
2024-10-05 09:00:00,25.91,43.13,2.97,22.28,20.86,12.85,4.32,1.86,24.58,0.8,1.38,,,,0.57,,93.6,,,,,228.19,952.43,
2024-10-05 10:00:00,25.54,42.22,4.24,25.62,21.9,14.12,2.9,1.84,24.75,0.8,1.37,,,,0.59,,73.03,,,,,618.67,952.32,
2024-10-05 11:00:00,25.33,41.74,3.33,22.06,19.83,13.21,3.43,1.87,24.76,0.8,1.41,,,,0.58,,60.7,,,,,709.22,952.13,
2024-10-05 12:00:00,25.34,41.75,4.9,26.4,21.84,14.78,1.94,1.88,24.48,0.8,1.41,,,,0.58,,51.2,,,,,590.88,951.87,
2024-10-05 13:00:00,26.25,43.92,3.83,23.09,20.03,13.72,3.85,1.96,24.18,0.79,1.41,,,,0.57,,49.4,,,,,552.59,951.6,
2024-10-05 14:00:00,26.29,44.02,5.16,27.76,22.8,15.04,3.23,2.04,24.44,0.79,1.4,,,,0.59,,52.15,,,,,189.8,951.38,
2024-10-05 15:00:00,26.92,45.52,4.18,23.36,19.82,14.06,3.48,2.08,24.66,0.8,1.38,,,,0.56,,62.4,,,,,50.07,951.26,
2024-10-05 16:00:00,26.52,44.56,3.0,21.86,20.4,12.88,2.92,2.06,24.52,0.8,1.38,,,,0.58,,92.25,,,,,7.63,951.35,
2024-10-05 17:00:00,29.32,51.25,2.83,21.79,20.48,12.71,2.58,2.05,24.49,0.8,1.42,,,,0.6,,93.68,,,,,5.91,951.51,
2024-10-05 18:00:00,28.67,49.68,3.36,23.9,21.53,13.24,4.64,1.94,24.44,0.79,1.37,,,,0.57,,93.68,,,,,5.91,951.78,
2024-10-05 19:00:00,29.36,51.34,4.28,25.46,21.75,14.16,5.36,1.91,24.29,0.79,1.39,,,,0.57,,93.68,,,,,5.9,952.02,
2024-10-05 20:00:00,28.72,49.8,4.85,26.3,21.77,14.73,2.19,1.91,24.61,0.8,1.38,,,,0.58,,93.7,,,,,5.91,952.24,
2024-10-05 21:00:00,27.7,47.38,4.3,25.46,21.9,14.18,2.12,1.9,24.82,0.81,1.37,,,,0.58,,93.7,,,,,5.91,952.32,
2024-10-05 22:00:00,26.98,45.67,2.13,21.32,21.24,12.02,2.25,1.9,24.54,0.8,1.38,,,,0.59,,93.8,,,,,5.91,952.21,
2024-10-05 23:00:00,26.32,44.09,4.1,24.99,21.66,13.98,3.29,1.96,24.71,0.8,1.35,,,,0.58,,93.8,,,,,5.91,952.08,
2024-10-06 00:00:00,25.82,42.92,3.09,21.74,19.58,12.98,2.9,1.99,24.67,0.8,1.4,,,,0.58,,93.8,,,,,5.91,952.0,
2024-10-06 01:00:00,28.96,50.39,3.45,22.59,19.98,13.33,,1.99,24.94,0.81,1.38,,,,0.58,,93.8,,,,,5.91,951.95,
2024-10-06 02:00:00,29.36,51.33,2.77,21.64,20.3,12.64,,1.94,24.48,0.8,1.41,,,,0.58,,93.8,,,,,5.91,951.86,
2024-10-06 03:00:00,28.7,49.78,3.47,23.12,21.05,13.35,,1.84,24.72,0.8,1.39,,,,0.58,,93.8,,,,,5.9,951.77,
2024-10-06 04:00:00,28.6,49.52,4.82,24.53,20.07,14.7,,1.87,24.6,0.8,1.38,,,,0.56,,93.8,,,,,5.91,951.71,
2024-10-06 05:00:00,27.57,47.08,3.37,23.85,21.6,13.25,,1.88,24.52,0.8,1.37,,,,0.59,,93.8,,,,,5.91,951.78,
2024-10-06 06:00:00,26.56,44.66,1.91,20.06,20.02,11.79,,1.89,24.8,0.81,1.34,,,,0.58,,93.8,,,,,5.91,951.94,
2024-10-06 07:00:00,27.28,46.38,3.44,22.84,21.02,13.32,,1.9,24.57,0.8,1.37,,,,0.59,,93.8,,,,,6.46,952.12,
2024-10-06 08:00:00,28.1,48.33,3.74,24.42,21.67,13.62,,1.9,24.92,0.81,1.37,,,,0.57,,93.8,,,,,70.8,952.34,
2024-10-06 09:00:00,27.42,46.72,2.49,21.19,20.02,12.37,,1.91,24.82,0.81,1.36,,,,0.58,,93.72,,,,,272.89,952.38,
2024-10-06 10:00:00,26.44,44.4,2.97,21.68,19.93,12.85,,1.89,24.04,0.78,1.41,,,,0.56,,90.08,,,,,339.14,952.35,
2024-10-06 11:00:00,25.94,43.2,2.36,20.28,20.36,12.24,,1.89,24.8,0.8,1.38,,,,0.58,,66.7,,,,,433.98,952.2,
2024-10-06 12:00:00,27.12,45.99,3.7,24.24,21.2,13.58,,1.88,24.51,0.8,1.38,,,,0.57,,56.42,,,,,445.9,951.93,
2024-10-06 13:00:00,29.18,50.9,4.16,24.16,20.55,14.03,,1.88,24.3,0.79,1.37,,,,0.58,,42.22,,,,,627.45,951.62,
2024-10-06 14:00:00,28.72,49.81,4.18,26.55,23.25,14.06,,1.95,24.78,0.8,1.35,,,,0.57,,32.65,,,,,467.64,951.42,
2024-10-06 15:00:00,29.5,51.67,4.79,27.48,23.27,14.67,,2.02,24.83,0.8,1.36,,,,0.58,,33.67,,,,,301.92,951.2,
2024-10-06 16:00:00,28.97,50.4,4.86,27.32,22.8,14.74,,2.05,24.48,0.8,1.36,,,,0.58,,37.0,,,,,126.03,951.29,
2024-10-06 17:00:00,30.49,54.04,2.11,19.74,19.39,11.98,,2.06,24.38,0.79,1.36,,,,0.58,,47.6,,,,,11.92,951.46,
2024-10-06 18:00:00,31.35,56.07,3.26,22.64,20.52,13.14,,2.04,24.8,0.8,1.38,,,,0.58,,57.85,,,,,5.91,951.74,
2024-10-06 19:00:00,31.32,55.99,2.12,20.03,19.73,12.0,,1.94,24.87,0.8,1.38,,,,0.58,,61.88,,,,,5.9,951.95,
2024-10-06 20:00:00,32.26,58.24,2.6,21.26,20.97,12.48,,1.87,24.75,0.8,1.37,,,,0.58,,75.47,,,,,5.91,952.12,
2024-10-06 21:00:00,32.82,59.58,4.11,25.41,22.16,13.98,,1.75,24.76,0.8,1.37,,,,0.57,,85.35,,,,,5.91,952.24,
2024-10-06 22:00:00,31.37,56.1,2.5,22.13,21.64,12.38,,1.74,24.29,0.79,1.44,,,,0.59,,74.97,,,,,5.9,952.28,
2024-10-06 23:00:00,33.42,61.02,4.31,21.62,17.76,14.2,,1.74,24.64,0.8,1.39,,,,0.57,,81.92,,,,,5.91,952.21,
2024-10-07 00:00:00,32.9,59.77,3.82,22.62,19.62,13.7,,1.7,24.75,0.8,1.42,,,,0.6,,92.9,,,,,5.91,952.1,
2024-10-07 01:00:00,32.6,59.04,3.4,22.89,20.63,13.28,,1.7,24.66,0.8,1.38,,,,0.6,,93.48,,,,,5.91,952.04,
2024-10-07 02:00:00,34.09,62.58,3.58,26.12,23.83,13.46,,1.73,24.73,0.8,1.4,,,,0.59,,93.5,,,,,5.9,951.9,
2024-10-07 03:00:00,36.3,67.87,2.59,20.83,19.45,12.46,,1.86,24.93,0.81,1.36,,,,0.59,,93.57,,,,,5.91,951.86,
2024-10-07 04:00:00,34.09,62.59,3.36,21.82,19.66,13.24,,1.86,24.76,0.8,1.42,,,,0.57,,93.6,,,,,5.91,951.96,
2024-10-07 05:00:00,32.06,57.76,3.42,24.79,22.29,13.31,,1.88,24.32,0.79,1.35,,,,0.58,,93.6,,,,,5.91,952.04,
2024-10-07 06:00:00,35.28,65.43,4.03,23.13,19.84,13.91,,1.88,24.66,0.8,1.38,,,,0.58,,93.6,,,,,5.91,952.17,
2024-10-07 07:00:00,35.97,67.07,5.03,28.46,23.89,14.92,,1.9,24.54,0.8,1.38,,,,0.59,,93.5,,,,,28.5,952.31,
2024-10-07 08:00:00,35.36,65.63,2.32,20.19,19.49,12.2,,1.96,24.37,0.79,1.38,,,,0.57,,87.32,,,,,90.18,952.45,
2024-10-07 09:00:00,38.23,72.44,3.97,24.67,21.26,13.86,,1.91,24.73,0.8,1.38,,,,0.59,,62.05,,,,,302.78,952.56,
2024-10-07 10:00:00,37.23,70.08,3.01,23.85,22.08,12.89,,1.86,24.84,0.8,1.41,,,,0.56,,47.08,,,,,473.42,952.55,
2024-10-07 11:00:00,27.18,46.12,5.27,26.17,21.22,11.71,,1.92,24.62,0.8,1.4,,,,0.57,,42.55,,,,,490.55,952.39,
2024-10-07 12:00:00,34.68,64.0,6.18,27.27,20.9,16.06,,2.08,24.92,0.81,1.38,,,,0.58,,35.5,,,,,439.02,952.16,
2024-10-07 13:00:00,42.64,82.96,4.58,25.17,21.24,14.46,,2.11,24.81,0.8,1.38,,,,0.59,,33.65,,,,,486.84,951.89,
2024-10-07 14:00:00,41.14,79.39,4.01,22.39,19.56,13.89,,2.12,25.12,0.82,1.36,,,,0.58,,36.1,,,,,263.78,951.68,
2024-10-07 15:00:00,38.76,73.72,3.35,23.5,21.69,13.23,,2.17,24.8,0.8,1.38,,,,0.59,,37.62,,,,,195.98,951.55,
2024-10-07 16:00:00,38.39,72.84,3.35,22.1,20.07,13.23,,2.15,24.08,0.78,1.39,,,,0.58,,43.95,,,,,71.28,951.62,
2024-10-07 17:00:00,38.51,73.12,2.26,20.29,19.34,12.14,,2.23,24.72,0.8,1.38,,,,0.58,,51.08,,,,,16.18,951.72,
2024-10-07 18:00:00,37.82,71.48,2.78,21.3,19.95,12.66,,2.14,24.51,0.8,1.35,,,,0.58,,59.4,,,,,5.9,951.88,
2024-10-07 19:00:00,38.44,72.97,1.93,16.34,17.34,11.32,,1.9,24.22,0.79,1.33,,,,0.57,,72.1,,,,,5.91,952.16,
2024-10-07 20:00:00,37.66,71.11,3.2,22.55,20.9,13.08,,1.81,24.76,0.8,1.37,,,,0.57,,83.75,,,,,5.9,952.38,
2024-10-07 21:00:00,34.65,63.94,3.38,23.39,21.0,13.26,,1.69,24.65,0.8,1.39,,,,0.58,,93.57,,,,,5.9,952.41,
2024-10-07 22:00:00,32.63,59.12,2.77,23.54,22.24,12.65,,1.67,24.16,0.78,1.43,,,,0.59,,93.52,,,,,5.91,952.48,
2024-10-07 23:00:00,31.98,57.56,2.95,20.23,18.34,12.83,,1.64,24.15,0.78,1.41,,,,0.58,,93.5,,,,,5.91,952.44,
2024-10-08 00:00:00,30.63,54.36,2.56,22.24,20.77,12.43,,1.61,24.88,0.8,1.4,,,,0.58,,93.57,,,,,5.91,952.28,
2024-10-08 01:00:00,28.96,50.39,4.21,26.34,22.79,14.1,,1.61,24.83,0.8,1.41,,,,0.58,,93.6,,,,,5.9,952.24,
2024-10-08 02:00:00,29.7,52.16,3.18,21.34,19.3,13.06,,1.66,25.08,0.81,1.38,,,,0.58,,93.6,,,,,5.9,952.19,
2024-10-08 03:00:00,29.72,52.21,3.89,22.26,19.39,13.77,,1.85,24.93,0.81,1.36,,,,0.58,,93.6,,,,,5.9,952.12,
2024-10-08 04:00:00,28.29,48.78,4.2,25.66,22.2,14.08,,1.81,23.94,0.78,1.41,,,,0.58,,93.6,,,,,5.91,952.06,
2024-10-08 05:00:00,28.17,48.51,3.36,22.44,20.02,13.24,,1.82,24.63,0.8,1.4,,,,0.59,,93.52,,,,,5.91,952.16,
2024-10-08 06:00:00,28.48,49.23,3.19,23.52,21.3,13.07,,1.86,24.36,0.79,1.35,,,,0.57,,93.57,,,,,8.57,952.34,
2024-10-08 07:00:00,30.19,53.31,4.4,23.56,19.79,14.28,,1.88,24.16,0.79,1.42,,,,0.57,,93.57,,,,,45.79,952.5,
2024-10-08 08:00:00,30.61,54.32,4.01,22.46,19.36,13.9,,1.9,24.65,0.8,1.39,,,,0.58,,93.1,,,,,126.42,952.6,
2024-10-08 09:00:00,30.29,53.54,2.58,21.82,20.61,12.46,,1.9,24.34,0.79,1.38,,,,0.57,,83.28,,,,,397.98,952.65,
2024-10-08 10:00:00,31.02,55.28,2.73,21.29,19.66,12.61,,1.89,24.72,0.8,1.37,,,,0.58,,59.32,,,,,521.64,952.56,
2024-10-08 11:00:00,31.08,55.43,5.31,27.74,22.6,15.19,,1.94,24.62,0.8,1.38,,,,0.58,,55.85,,,,,437.03,952.38,
2024-10-08 12:00:00,28.55,49.41,7.14,30.98,23.29,17.01,,1.96,24.87,0.81,1.34,,,,0.57,,51.17,,,,,470.17,952.15,
2024-10-08 13:00:00,23.92,38.37,5.58,24.83,19.69,13.79,3.25,2.1,24.66,0.8,1.4,,,,0.57,,49.3,,,,,266.7,951.9,
2024-10-08 14:00:00,24.05,38.69,5.03,24.51,19.97,14.91,12.24,2.11,28.43,0.81,1.4,,,,0.56,,47.38,,,,,284.18,951.64,
2024-10-08 15:00:00,23.83,38.16,8.84,35.14,25.32,18.72,,2.07,28.72,0.87,1.55,,,,0.45,,46.2,,,,,162.41,951.54,
2024-10-08 16:00:00,23.92,38.37,1.86,17.81,18.84,11.73,3.04,2.07,28.13,0.86,1.59,,,,0.43,,48.33,,,,,78.78,951.58,
2024-10-08 17:00:00,27.56,47.06,1.83,15.09,15.8,11.71,,2.15,28.17,0.86,1.6,,,,0.41,,51.45,,,,,10.33,951.69,
2024-10-08 18:00:00,30.56,54.19,3.2,20.34,18.47,13.06,,2.16,28.49,0.87,1.62,,,,0.43,,69.9,,,,,5.9,951.88,
2024-10-08 19:00:00,32.47,58.74,2.42,20.8,20.49,12.3,,2.1,28.28,0.86,1.61,,,,0.44,,66.55,,,,,5.9,952.02,
2024-10-08 20:00:00,31.43,56.26,3.62,21.66,18.79,13.5,,1.91,28.83,0.88,1.58,,,,0.45,,76.9,,,,,5.91,952.24,
2024-10-08 21:00:00,31.03,55.32,3.0,24.13,22.32,12.88,,1.86,28.44,0.86,1.61,,,,0.43,,92.78,,,,,5.9,952.36,
2024-10-08 22:00:00,32.7,59.28,2.94,22.53,20.83,12.82,,1.83,28.34,0.86,1.57,,,,0.44,,93.38,,,,,5.9,952.32,
2024-10-08 23:00:00,32.76,59.44,3.92,25.78,22.48,13.8,,1.74,28.7,0.87,1.6,,,,0.43,,93.43,,,,,5.91,952.21,
2024-10-09 00:00:00,31.26,55.84,3.6,24.26,21.4,13.48,,1.65,29.04,0.88,1.62,,,,0.44,,93.5,,,,,5.9,952.09,
2024-10-09 01:00:00,31.24,55.79,3.19,24.06,21.68,13.07,,1.66,28.59,0.87,1.55,,,,0.45,,93.52,,,,,5.91,951.99,
2024-10-09 02:00:00,33.03,60.05,4.0,25.02,21.96,13.88,,1.66,28.84,0.88,1.61,,,,0.45,,93.7,,,,,5.91,951.88,
2024-10-09 03:00:00,31.24,55.82,3.36,23.41,20.85,13.24,,1.69,28.67,0.87,1.62,,,,0.44,,93.65,,,,,5.91,951.79,
2024-10-09 04:00:00,29.63,51.97,4.99,27.67,22.99,14.88,,1.8,28.2,0.86,1.6,,,,0.43,,93.6,,,,,5.9,951.72,
2024-10-09 05:00:00,28.88,50.2,2.57,20.93,19.85,12.45,,1.84,28.66,0.87,1.59,,,,0.42,,93.6,,,,,5.91,951.82,
2024-10-09 06:00:00,27.88,47.79,4.13,23.26,19.69,14.01,,1.86,29.18,0.88,1.61,,,,0.42,,93.57,,,,,5.91,951.96,
2024-10-09 07:00:00,30.82,54.82,3.6,24.48,21.77,13.48,,1.89,28.24,0.86,1.58,,,,0.42,,93.48,,,,,11.85,952.11,
2024-10-09 08:00:00,29.85,52.5,4.01,25.02,21.63,13.9,,1.88,28.76,0.88,1.58,,,,0.42,,90.45,,,,,32.28,952.24,
2024-10-09 09:00:00,28.5,49.28,3.33,21.48,19.66,13.21,,1.85,28.76,0.88,1.65,,,,0.44,,77.68,,,,,351.71,952.32,
2024-10-09 10:00:00,30.01,52.9,3.86,23.65,21.11,13.74,,1.87,28.75,0.88,1.55,,,,0.42,,64.4,,,,,463.44,952.24,
2024-10-09 11:00:00,31.07,55.4,4.29,26.1,22.42,14.17,,1.87,28.52,0.87,1.64,,,,0.43,,57.88,,,,,629.52,952.06,
2024-10-09 12:00:00,31.39,56.16,5.55,26.15,20.93,15.43,,1.89,28.34,0.86,1.6,,,,0.44,,51.15,,,,,519.79,951.81,
2024-10-09 13:00:00,31.6,56.68,4.77,26.52,22.06,14.65,,2.0,28.29,0.86,1.61,,,,0.42,,48.02,,,,,675.8,951.52,
2024-10-09 14:00:00,31.71,56.92,4.46,25.88,21.94,14.34,,2.02,29.33,0.89,1.62,,,,0.44,,46.02,,,,,402.0,951.26,
2024-10-09 15:00:00,31.46,56.35,4.86,25.26,20.98,14.74,,2.05,28.65,0.87,1.58,,,,0.44,,47.6,,,,,223.26,951.11,
2024-10-09 16:00:00,31.18,55.65,3.86,26.8,23.64,13.74,,2.05,28.44,0.86,1.6,,,,0.44,,47.62,,,,,69.9,951.0,
2024-10-09 17:00:00,30.38,53.76,3.44,22.26,20.39,13.32,,2.07,28.64,0.87,1.59,,,,0.42,,52.08,,,,,5.91,951.2,
2024-10-09 18:00:00,30.22,53.38,3.18,24.05,22.36,13.06,,2.04,28.68,0.87,1.59,,,,0.42,,59.52,,,,,5.9,951.46,
2024-10-09 19:00:00,32.93,59.84,2.39,20.49,19.62,12.27,,1.97,28.7,0.88,1.58,,,,0.44,,67.8,,,,,5.9,951.63,
2024-10-09 20:00:00,36.72,68.87,2.39,20.68,21.08,12.27,,1.84,28.82,0.88,1.58,,,,0.43,,71.88,,,,,5.91,951.76,
2024-10-09 21:00:00,33.73,61.73,4.28,26.46,22.75,14.16,,1.74,28.44,0.86,1.6,,,,0.43,,76.75,,,,,5.91,951.9,
2024-10-09 22:00:00,30.88,54.96,4.44,25.76,21.7,14.32,,1.67,28.3,0.86,1.61,,,,0.42,,75.22,,,,,5.91,951.98,
2024-10-09 23:00:00,30.27,53.5,2.42,21.77,21.03,12.3,,1.68,28.45,0.87,1.63,,,,0.44,,91.78,,,,,5.91,951.87,
2024-10-10 00:00:00,31.76,57.06,2.77,21.01,19.26,12.65,,1.69,28.4,0.86,1.58,,,,0.42,,93.5,,,,,5.9,951.71,
2024-10-10 01:00:00,32.33,58.4,2.06,19.46,19.36,11.94,,1.66,28.36,0.86,1.62,,,,0.44,,93.55,,,,,5.9,951.5,
2024-10-10 02:00:00,32.38,58.53,2.62,21.64,20.65,12.5,,1.64,28.59,0.87,1.62,,,,0.43,,93.52,,,,,5.91,951.42,
2024-10-10 03:00:00,31.34,56.04,2.48,22.12,21.19,12.36,,1.68,28.42,0.87,1.62,,,,0.43,,93.5,,,,,5.9,951.36,
2024-10-10 04:00:00,30.04,52.96,3.2,23.21,21.14,13.08,,1.83,28.58,0.87,1.64,,,,0.42,,93.57,,,,,5.91,951.37,
2024-10-10 05:00:00,30.48,54.0,3.75,23.24,20.42,13.63,,1.89,28.33,0.86,1.57,,,,0.42,,93.6,,,,,5.91,951.5,
2024-10-10 06:00:00,30.22,53.4,4.55,25.19,21.21,14.43,,1.89,28.68,0.88,1.6,,,,0.42,,93.57,,,,,5.9,951.68,
2024-10-10 07:00:00,29.04,50.58,5.13,25.81,20.85,15.01,,1.91,28.45,0.86,1.59,,,,0.42,,93.57,,,,,43.52,951.81,
2024-10-10 08:00:00,27.81,47.63,5.18,24.18,19.55,15.06,,1.91,28.74,0.88,1.6,,,,0.44,,93.45,,,,,88.07,951.98,
2024-10-10 09:00:00,29.64,51.99,2.11,18.97,18.72,11.99,,1.92,28.93,0.88,1.59,,,,0.44,,88.65,,,,,294.38,952.06,
2024-10-10 10:00:00,31.23,55.79,3.37,25.79,23.38,13.24,,1.94,28.51,0.87,1.6,,,,0.43,,68.45,,,,,549.52,951.95,
2024-10-10 11:00:00,30.12,53.16,5.07,26.98,22.08,14.95,,1.91,28.48,0.87,1.62,,,,0.43,,55.95,,,,,532.98,951.76,
2024-10-10 12:00:00,30.28,53.54,3.68,25.92,23.12,13.56,,1.9,28.62,0.87,1.59,,,,0.43,,56.78,,,,,192.19,951.44,
2024-10-10 13:00:00,32.12,57.9,2.04,19.75,19.64,11.91,,1.92,28.0,0.85,1.61,,,,0.43,,60.2,,,,,125.83,951.15,
2024-10-10 14:00:00,32.21,58.12,3.2,23.5,21.37,13.09,,1.92,28.93,0.88,1.61,,,,0.43,,76.62,,,,,59.52,950.97,
2024-10-10 15:00:00,32.58,59.0,2.64,21.17,19.83,12.52,,1.92,28.59,0.87,1.59,,,,0.44,,93.7,,,,,64.58,950.89,
2024-10-10 16:00:00,33.1,60.22,3.82,24.44,21.27,13.7,,1.92,28.35,0.86,1.62,,,,0.44,,93.62,,,,,84.08,950.85,
2024-10-10 17:00:00,30.92,55.04,3.85,24.66,21.5,13.73,,2.0,28.65,0.87,1.56,,,,0.43,,93.52,,,,,26.62,951.02,
2024-10-10 18:00:00,28.97,50.41,5.09,26.35,21.88,14.97,,2.08,28.2,0.86,1.63,,,,0.42,,93.42,,,,,5.91,951.14,
2024-10-10 19:00:00,33.0,60.02,3.11,21.02,19.4,12.99,,1.97,28.68,0.87,1.56,,,,0.44,,93.5,,,,,5.91,951.4,
2024-10-10 20:00:00,31.37,56.12,3.63,22.93,20.24,13.51,,1.92,28.54,0.87,1.59,,,,0.43,,93.65,,,,,5.9,951.6,
2024-10-10 21:00:00,31.06,55.38,4.03,24.26,21.0,13.91,,1.88,28.52,0.87,1.59,,,,0.45,,93.62,,,,,5.9,951.77,
2024-10-10 22:00:00,31.28,55.91,3.16,23.2,21.34,13.04,,1.88,28.76,0.88,1.62,,,,0.43,,93.7,,,,,5.91,951.82,
2024-10-10 23:00:00,29.64,51.98,2.66,24.51,22.84,12.54,,1.84,28.34,0.86,1.61,,,,0.43,,93.7,,,,,5.9,951.72,
2024-10-11 00:00:00,28.02,48.15,2.48,19.26,18.24,12.37,,1.83,28.51,0.87,1.6,,,,0.42,,93.7,,,,,5.9,951.61,
2024-10-11 01:00:00,30.0,52.86,3.61,23.16,20.65,13.49,,1.82,28.34,0.86,1.62,,,,0.42,,93.7,,,,,5.9,951.47,
2024-10-11 02:00:00,28.84,50.08,3.06,21.94,20.94,12.94,,1.75,28.75,0.87,1.62,,,,0.42,,93.7,,,,,5.9,951.34,
2024-10-11 03:00:00,27.77,47.54,2.22,18.97,18.9,12.1,,1.78,28.87,0.88,1.59,,,,0.42,,93.7,,,,,5.9,951.3,
2024-10-11 04:00:00,26.83,45.32,3.43,22.0,20.07,13.3,,1.88,28.58,0.87,1.6,,,,0.44,,93.7,,,,,5.91,951.24,
2024-10-11 05:00:00,27.06,45.86,5.24,26.71,21.58,15.12,,1.86,29.04,0.88,1.63,,,,0.45,,93.7,,,,,5.9,951.31,
2024-10-11 06:00:00,26.41,44.32,3.95,22.32,19.33,13.83,,1.88,28.63,0.87,1.58,,,,0.43,,93.7,,,,,5.91,951.46,
2024-10-11 07:00:00,26.09,43.56,3.73,24.34,21.46,13.61,,1.88,29.04,0.88,1.62,,,,0.44,,93.65,,,,,22.94,951.72,
2024-10-11 08:00:00,25.74,42.7,3.18,22.33,20.23,13.06,,1.88,28.46,0.86,1.58,,,,0.43,,93.55,,,,,49.78,951.93,
2024-10-11 09:00:00,28.09,48.31,3.67,24.11,21.12,13.55,,1.88,29.05,0.88,1.63,,,,0.43,,93.15,,,,,222.64,951.96,
2024-10-11 10:00:00,28.92,50.29,3.12,22.95,21.11,13.0,,1.86,28.78,0.88,1.62,,,,0.42,,83.8,,,,,330.56,951.89,
2024-10-11 11:00:00,30.2,53.34,2.64,19.74,19.59,12.52,,1.86,28.56,0.87,1.62,,,,0.43,,72.18,,,,,447.26,951.69,
2024-10-11 12:00:00,28.72,49.81,4.05,24.28,20.86,13.93,,1.88,28.4,0.86,1.59,,,,0.42,,56.82,,,,,521.24,951.43,
2024-10-11 13:00:00,28.73,49.82,4.76,25.49,21.1,14.64,,1.88,28.47,0.86,1.62,,,,0.43,,52.38,,,,,519.31,951.24,
2024-10-11 14:00:00,28.96,50.39,3.99,24.84,21.88,13.88,,1.92,28.78,0.88,1.57,,,,0.44,,49.88,,,,,391.11,951.03,
2024-10-11 15:00:00,28.78,49.95,2.58,22.24,21.01,12.46,,2.0,29.28,0.89,1.64,,,,0.42,,54.68,,,,,229.59,950.87,
2024-10-11 16:00:00,31.49,56.4,2.38,21.98,21.27,12.26,,2.01,28.66,0.87,1.6,,,,0.42,,55.3,,,,,104.28,950.88,
2024-10-11 17:00:00,30.84,54.86,3.72,24.32,21.6,13.6,,2.03,28.61,0.87,1.63,,,,0.43,,73.25,,,,,33.79,951.04,
2024-10-11 18:00:00,31.42,56.25,2.52,22.66,21.61,12.39,,2.0,28.5,0.87,1.62,,,,0.43,,93.55,,,,,5.91,951.24,
2024-10-11 19:00:00,30.1,53.08,1.6,17.17,17.47,11.48,,1.92,28.56,0.87,1.62,,,,0.43,,93.25,,,,,5.91,951.52,
2024-10-11 20:00:00,30.21,53.36,3.26,24.09,22.17,13.14,,1.9,28.77,0.88,1.59,,,,0.42,,93.43,,,,,5.91,951.73,
2024-10-11 21:00:00,29.24,51.05,2.52,19.12,18.05,12.4,,1.87,28.76,0.88,1.59,,,,0.44,,93.5,,,,,5.91,951.82,
2024-10-11 22:00:00,30.52,54.08,2.6,19.81,18.88,12.48,,1.86,28.54,0.87,1.61,,,,0.43,,93.52,,,,,5.91,951.77,
2024-10-11 23:00:00,30.49,54.02,2.72,20.43,18.86,12.6,,1.81,29.02,0.88,1.56,,,,0.43,,93.6,,,,,5.9,951.75,
2024-10-12 00:00:00,28.96,50.39,3.01,23.2,21.29,12.89,,1.84,28.35,0.86,1.59,,,,0.42,,93.6,,,,,5.9,951.63,
2024-10-12 01:00:00,27.62,47.21,2.06,20.44,19.9,11.94,,1.82,28.6,0.87,1.59,,,,0.42,,93.6,,,,,5.91,951.48,
2024-10-12 02:00:00,26.79,45.23,2.82,21.61,20.55,12.7,,1.74,28.51,0.87,1.59,,,,0.43,,93.5,,,,,5.91,951.44,
2024-10-12 03:00:00,26.0,43.35,4.12,26.08,22.56,14.0,,1.76,28.84,0.88,1.58,,,,0.44,,93.55,,,,,5.9,951.45,
2024-10-12 04:00:00,25.69,42.59,4.0,23.41,19.89,13.88,,1.79,28.52,0.86,1.59,,,,0.44,,93.52,,,,,5.91,951.5,
2024-10-12 05:00:00,25.29,41.65,3.92,23.5,20.58,13.8,,1.81,28.9,0.88,1.6,,,,0.41,,93.6,,,,,5.91,951.67,
2024-10-12 06:00:00,25.67,42.54,3.52,25.98,23.4,13.4,,1.81,28.9,0.88,1.62,,,,0.44,,93.6,,,,,5.91,951.8,
2024-10-12 07:00:00,25.41,41.94,4.02,23.86,21.26,13.9,,1.8,28.83,0.88,1.59,,,,0.42,,93.5,,,,,20.11,951.96,
2024-10-12 08:00:00,25.45,42.02,3.63,24.19,21.41,13.51,,1.81,28.18,0.86,1.6,,,,0.42,,93.45,,,,,102.07,952.19,
2024-10-12 09:00:00,26.11,43.58,3.34,22.0,19.48,13.22,,1.82,28.82,0.88,1.67,,,,0.42,,91.45,,,,,196.0,952.27,
2024-10-12 10:00:00,28.04,48.2,3.66,24.54,21.62,13.54,,1.84,28.73,0.88,1.6,,,,0.42,,76.53,,,,,228.04,952.16,
2024-10-12 11:00:00,27.61,47.17,3.52,23.12,20.49,13.4,,1.83,28.44,0.86,1.64,,,,0.43,,65.05,,,,,322.94,951.95,
2024-10-12 12:00:00,27.51,46.94,3.13,23.15,21.03,13.01,,1.83,27.92,0.85,1.62,,,,0.44,,60.42,,,,,260.43,951.7,
2024-10-12 13:00:00,26.73,45.06,4.13,24.5,20.87,14.01,,1.84,28.98,0.88,1.6,,,,0.42,,54.85,,,,,473.69,951.43,
2024-10-12 14:00:00,26.3,44.04,3.01,22.61,20.79,12.89,,1.84,28.66,0.87,1.64,,,,0.43,,53.12,,,,,330.92,951.26,
2024-10-12 15:00:00,26.02,43.38,5.3,27.45,22.29,15.18,,1.85,28.12,0.86,1.57,,,,0.44,,80.12,,,,,99.88,951.21,
2024-10-12 16:00:00,27.32,46.49,4.74,25.2,20.88,14.61,,1.9,28.54,0.87,1.6,,,,0.42,,88.12,,,,,69.09,951.22,
2024-10-12 17:00:00,27.73,47.46,3.43,21.25,19.18,13.31,,1.87,28.98,0.88,1.57,,,,0.43,,78.72,,,,,9.46,951.37,
2024-10-12 18:00:00,27.01,45.74,2.82,20.75,19.46,12.7,,1.84,28.3,0.86,1.56,,,,0.44,,83.28,,,,,5.91,951.56,
2024-10-12 19:00:00,27.62,47.16,2.75,21.55,20.14,12.63,,1.89,28.92,0.88,1.6,,,,0.42,,93.02,,,,,5.9,951.81,
2024-10-12 20:00:00,27.92,47.91,5.38,26.97,21.66,15.26,,1.85,28.4,0.86,1.57,,,,0.43,,93.48,,,,,5.9,952.02,
2024-10-12 21:00:00,28.94,50.32,2.78,21.57,20.18,12.66,,1.82,28.09,0.86,1.6,,,,0.42,,93.6,,,,,5.9,952.19,
2024-10-12 22:00:00,28.25,48.7,3.79,23.88,20.95,13.67,,1.82,28.54,0.87,1.59,,,,0.42,,93.6,,,,,5.91,952.11,
2024-10-12 23:00:00,28.93,50.32,3.89,25.79,22.58,13.76,,1.81,28.32,0.86,1.65,,,,0.42,,93.6,,,,,5.9,952.0,
2024-10-13 00:00:00,27.96,48.02,3.36,23.8,21.61,13.24,,1.8,28.46,0.87,1.58,,,,0.43,,93.6,,,,,5.9,951.87,
2024-10-13 01:00:00,27.04,45.8,2.56,23.04,21.76,12.44,,1.79,28.69,0.87,1.57,,,,0.43,,93.6,,,,,5.9,951.79,
2024-10-13 02:00:00,26.2,43.82,4.05,25.2,21.87,13.93,,1.8,28.8,0.88,1.6,,,,0.44,,93.6,,,,,5.9,951.72,
2024-10-13 03:00:00,25.64,42.46,3.07,20.42,18.74,12.95,,1.8,28.74,0.88,1.58,,,,0.42,,93.6,,,,,5.91,951.62,
2024-10-13 04:00:00,25.62,42.42,2.74,21.63,20.52,12.62,,1.8,28.75,0.87,1.59,,,,0.45,,93.6,,,,,5.91,951.64,
2024-10-13 05:00:00,25.53,42.21,3.46,25.59,23.06,13.34,,1.81,27.99,0.85,1.64,,,,0.44,,93.6,,,,,5.9,951.74,
2024-10-13 06:00:00,25.24,41.52,1.93,20.2,20.22,11.81,,1.83,28.53,0.87,1.6,,,,0.43,,93.6,,,,,5.91,951.88,
2024-10-13 07:00:00,25.01,40.97,2.4,20.62,19.71,12.28,,1.85,28.39,0.86,1.58,,,,0.43,,93.57,,,,,43.14,952.04,
2024-10-13 08:00:00,24.97,40.88,3.56,22.66,20.16,13.44,,1.85,28.56,0.87,1.55,,,,0.43,,93.5,,,,,66.66,952.16,
2024-10-13 09:00:00,25.86,43.0,3.34,21.76,19.46,13.22,,1.84,29.18,0.89,1.6,,,,0.42,,85.42,,,,,290.02,952.26,
2024-10-13 10:00:00,25.73,42.69,4.18,25.37,21.77,14.06,,1.84,28.39,0.86,1.57,,,,0.42,,69.4,,,,,310.6,952.19,
2024-10-13 11:00:00,25.69,42.59,2.72,21.87,20.24,12.61,,1.85,28.2,0.86,1.58,,,,0.43,,68.22,,,,,287.38,952.0,
2024-10-13 12:00:00,25.56,42.29,3.78,23.61,20.56,13.66,,1.87,28.76,0.88,1.56,,,,0.43,,75.18,,,,,353.79,951.82,
2024-10-13 13:00:00,26.35,44.17,3.39,22.08,19.51,13.27,,1.85,28.77,0.88,1.58,,,,0.43,,61.82,,,,,495.21,951.56,
2024-10-13 14:00:00,26.21,43.83,3.54,23.51,20.9,13.42,,1.84,29.1,0.88,1.58,,,,0.42,,78.52,,,,,492.02,951.34,
2024-10-13 15:00:00,26.09,43.55,3.58,23.6,20.78,13.46,,1.86,28.44,0.87,1.6,,,,0.42,,56.48,,,,,247.04,951.19,
2024-10-13 16:00:00,25.66,42.52,3.51,21.7,19.03,13.39,,1.93,28.35,0.86,1.57,,,,0.44,,69.4,,,,,8.66,951.29,
2024-10-13 17:00:00,28.92,50.29,2.92,22.1,20.39,12.8,,1.93,28.78,0.88,1.62,,,,0.43,,72.45,,,,,5.9,951.46,
2024-10-13 18:00:00,28.18,48.54,3.59,23.32,21.02,13.47,,1.92,28.56,0.87,1.63,,,,0.43,,93.35,,,,,5.91,951.59,
2024-10-13 19:00:00,27.7,47.39,3.45,21.67,19.56,13.33,,1.86,28.39,0.86,1.62,,,,0.44,,93.5,,,,,5.9,951.82,
2024-10-13 20:00:00,27.59,47.12,3.31,23.9,21.38,13.19,,1.87,28.64,0.87,1.57,,,,0.42,,93.57,,,,,5.91,952.01,
2024-10-13 21:00:00,28.02,48.14,4.17,24.48,21.11,14.05,,1.86,28.89,0.88,1.62,,,,0.42,,93.6,,,,,5.91,952.07,
2024-10-13 22:00:00,27.43,46.74,3.91,23.55,20.34,13.79,,1.88,28.46,0.87,1.59,,,,0.43,,93.6,,,,,5.91,952.07,
2024-10-13 23:00:00,28.47,49.21,2.55,22.99,21.8,12.43,,1.85,29.06,0.88,1.56,,,,0.42,,93.6,,,,,5.91,952.04,
2024-10-14 00:00:00,27.45,46.79,3.56,24.52,22.08,13.44,,1.83,28.21,0.86,1.57,,,,0.42,,93.6,,,,,5.91,951.88,
2024-10-14 01:00:00,26.52,44.56,2.52,20.08,19.47,12.4,,1.81,28.48,0.87,1.59,,,,0.44,,93.6,,,,,5.9,951.79,
2024-10-14 02:00:00,25.9,43.09,4.0,24.74,21.59,13.88,,1.82,28.15,0.86,1.6,,,,0.44,,93.62,,,,,5.91,951.7,
2024-10-14 03:00:00,25.42,41.94,5.03,26.07,21.21,14.91,,1.82,28.27,0.86,1.6,,,,0.44,,93.7,,,,,5.91,951.63,
2024-10-14 04:00:00,26.74,45.09,4.78,25.73,21.25,14.66,,1.84,28.36,0.86,1.56,,,,0.44,,93.7,,,,,5.9,951.64,
2024-10-14 05:00:00,26.3,44.06,5.03,25.41,20.67,14.91,,1.86,28.45,0.86,1.62,,,,0.42,,93.7,,,,,5.91,951.72,
2024-10-14 06:00:00,26.12,43.61,3.88,22.19,19.4,13.76,,1.87,28.31,0.86,1.6,,,,0.43,,93.7,,,,,5.91,952.0,
2024-10-14 07:00:00,25.92,43.12,2.88,22.9,21.08,12.76,,1.91,28.52,0.87,1.58,,,,0.43,,93.7,,,,,6.04,952.26,
2024-10-14 08:00:00,26.75,45.13,3.26,21.4,20.0,13.14,,2.01,28.76,0.88,1.6,,,,0.44,,93.8,,,,,21.03,952.43,
2024-10-14 09:00:00,29.3,51.18,3.72,23.97,21.44,13.6,,1.96,28.49,0.87,1.57,,,,0.42,,93.8,,,,,67.03,952.44,
2024-10-14 10:00:00,28.7,49.76,3.85,25.54,22.64,13.73,,1.94,28.7,0.87,1.59,,,,0.43,,93.72,,,,,117.31,952.32,
2024-10-14 11:00:00,27.98,48.04,4.36,24.83,21.32,14.24,,1.91,28.37,0.86,1.59,,,,0.44,,93.7,,,,,176.02,952.09,
2024-10-14 12:00:00,27.31,46.46,3.73,23.98,21.04,13.61,,1.87,28.86,0.88,1.61,,,,0.42,,90.35,,,,,355.9,951.82,
2024-10-14 13:00:00,25.11,41.21,3.57,24.44,21.73,13.45,,1.84,26.18,0.81,1.84,,,,0.48,,79.8,,,,,202.5,951.6,
2024-10-14 14:00:00,30.79,54.74,2.17,21.62,21.24,12.05,,1.82,24.6,0.76,1.97,,,,0.48,,79.32,,,,,195.24,951.42,
2024-10-14 15:00:00,34.53,63.64,5.24,26.96,22.1,15.12,,1.82,24.64,0.77,1.99,,,,0.48,,76.53,,,,,158.34,951.32,
2024-10-14 16:00:00,32.2,58.11,3.06,22.76,20.6,12.95,,1.82,24.29,0.76,1.94,,,,0.48,,75.15,,,,,41.32,951.34,
2024-10-14 17:00:00,29.92,52.66,3.94,25.68,22.62,13.82,,1.91,24.53,0.76,1.95,,,,0.48,,76.25,,,,,5.91,951.4,
2024-10-14 18:00:00,30.05,52.98,2.38,20.35,19.43,12.26,,1.84,24.8,0.77,1.93,,,,0.48,,82.08,,,,,5.91,951.54,
2024-10-14 19:00:00,29.79,52.36,3.19,21.75,19.73,13.07,,1.83,24.64,0.76,1.96,,,,0.48,,93.42,,,,,5.91,951.68,
2024-10-14 20:00:00,28.39,49.03,3.36,22.54,21.21,13.24,,1.87,24.87,0.78,1.95,,,,0.49,,93.5,,,,,5.91,951.95,
2024-10-14 21:00:00,27.33,46.52,3.65,21.99,19.68,13.53,,1.81,24.53,0.76,1.94,,,,0.48,,93.57,,,,,5.91,952.12,
2024-10-14 22:00:00,27.13,46.03,3.29,22.98,20.55,13.17,,1.84,25.1,0.78,1.9,,,,0.49,,93.68,,,,,5.91,952.18,
2024-10-14 23:00:00,26.98,45.66,4.39,25.42,21.5,14.27,,1.84,24.7,0.77,1.93,,,,0.49,,93.7,,,,,5.91,952.1,
2024-10-15 00:00:00,26.6,44.75,3.41,22.94,20.63,13.29,,1.83,24.8,0.77,1.94,,,,0.49,,93.7,,,,,5.91,951.94,
2024-10-15 01:00:00,27.56,47.04,3.31,22.12,19.86,13.19,,1.84,24.62,0.77,1.92,,,,0.48,,93.7,,,,,5.91,951.69,
2024-10-15 02:00:00,27.85,47.74,4.04,24.63,21.56,13.92,,1.85,24.72,0.77,1.92,,,,0.49,,93.72,,,,,5.91,951.52,
2024-10-15 03:00:00,27.27,46.36,3.82,25.11,22.08,13.7,,1.83,24.61,0.76,1.93,,,,0.5,,93.8,,,,,5.91,951.42,
2024-10-15 04:00:00,26.52,44.58,3.46,23.68,21.04,13.34,,1.86,24.14,0.75,1.95,,,,0.48,,93.8,,,,,5.91,951.4,
2024-10-15 05:00:00,25.88,43.04,3.22,23.67,21.64,13.1,,1.88,24.14,0.75,1.93,,,,0.48,,93.8,,,,,5.91,951.5,
2024-10-15 06:00:00,25.86,42.99,3.02,24.11,22.0,12.9,,1.83,24.64,0.77,1.96,,,,0.48,,93.8,,,,,5.91,951.68,
2024-10-15 07:00:00,25.91,43.13,3.37,20.56,18.6,13.24,,1.83,24.58,0.76,1.92,,,,0.48,,93.8,,,,,5.9,951.88,
2024-10-15 08:00:00,25.62,42.43,3.07,21.1,19.24,12.95,,1.87,24.69,0.76,1.94,,,,0.48,,93.8,,,,,12.08,952.08,
2024-10-15 09:00:00,26.23,43.89,4.41,23.68,19.9,14.3,,1.88,24.96,0.77,1.87,,,,0.49,,93.8,,,,,5.91,952.23,
2024-10-15 10:00:00,26.58,44.72,3.97,24.12,20.78,13.85,,1.88,24.91,0.77,1.94,,,,0.49,,93.8,,,,,11.37,952.13,
2024-10-15 11:00:00,26.36,44.19,2.64,22.5,21.22,12.52,,1.86,24.3,0.76,1.93,,,,0.49,,93.8,,,,,64.16,951.93,
2024-10-15 12:00:00,24.19,39.02,3.61,24.84,22.26,13.49,8.46,1.84,20.06,0.88,1.68,,,,0.62,,93.8,,,,,153.51,951.7,
2024-10-15 13:00:00,25.48,42.1,3.14,21.78,19.79,13.02,8.87,1.86,19.76,0.9,1.7,,,,0.64,,93.8,,,,,30.15,951.49,
2024-10-15 14:00:00,25.5,42.14,3.9,25.2,22.12,13.78,9.06,1.86,19.38,0.88,1.68,,,,0.62,,93.8,,,,,5.91,951.36,
2024-10-15 15:00:00,25.15,41.32,3.95,24.94,21.64,13.83,8.98,1.87,19.88,0.9,1.66,,,,0.62,,93.8,,,,,5.91,951.32,
2024-10-15 16:00:00,25.28,41.62,4.0,25.7,22.52,13.88,9.02,1.88,19.66,0.89,1.7,,,,0.63,,93.8,,,,,5.92,951.44,
2024-10-15 17:00:00,25.4,41.9,2.37,21.7,20.99,12.25,9.02,2.03,19.57,0.88,1.7,,,,0.63,,93.8,,,,,5.91,951.57,
2024-10-15 18:00:00,26.28,44.01,4.04,22.41,19.32,13.92,8.62,2.0,19.6,0.88,1.71,,,,0.63,,93.8,,,,,5.91,951.63,
2024-10-15 19:00:00,26.42,44.33,3.63,22.34,19.81,13.51,8.86,2.01,19.36,0.87,1.64,,,,0.62,,93.8,,,,,5.91,951.83,
2024-10-15 20:00:00,27.43,46.75,4.62,25.99,21.8,14.5,8.82,2.0,19.52,0.88,1.7,,,,0.63,,93.8,,,,,5.91,952.01,
2024-10-15 21:00:00,27.04,45.8,3.02,23.42,21.56,12.9,9.04,2.04,19.5,0.88,1.68,,,,0.62,,93.5,,,,,5.91,952.31,
2024-10-15 22:00:00,29.22,51.0,4.37,24.63,21.2,14.25,8.8,2.03,19.67,0.89,1.7,,,,0.62,,93.35,,,,,5.91,952.28,
2024-10-15 23:00:00,28.95,50.36,3.45,23.42,20.76,13.34,8.94,1.9,19.55,0.88,1.71,,,,0.64,,93.45,,,,,5.91,952.1,
2024-10-16 00:00:00,28.02,48.13,3.32,20.51,18.44,13.2,8.96,1.85,19.79,0.9,1.74,,,,0.62,,93.4,,,,,5.91,951.79,
2024-10-16 01:00:00,27.29,46.4,2.63,24.99,23.91,12.51,8.8,1.82,19.24,0.87,1.7,,,,0.62,,93.65,,,,,5.91,951.49,
2024-10-16 02:00:00,26.77,45.18,4.61,26.13,21.96,14.49,9.0,1.81,19.7,0.89,1.69,,,,0.62,,93.8,,,,,5.91,951.4,
2024-10-16 03:00:00,26.49,44.5,2.67,23.58,22.34,12.55,9.09,1.82,19.74,0.89,1.72,,,,0.64,,93.8,,,,,5.91,951.4,
2024-10-16 04:00:00,26.08,43.53,3.3,23.7,21.41,13.18,8.78,1.84,19.67,0.89,1.69,,,,0.62,,93.8,,,,,5.91,951.46,
2024-10-16 05:00:00,26.81,45.27,3.27,23.48,21.26,13.15,8.75,1.78,19.68,0.89,1.69,,,,0.63,,93.8,,,,,5.91,951.54,
2024-10-16 06:00:00,26.5,44.54,3.83,19.82,17.39,13.71,8.93,1.82,19.46,0.88,1.69,,,,0.62,,93.8,,,,,5.91,951.68,
2024-10-16 07:00:00,26.58,44.72,2.39,22.53,21.54,12.27,8.85,1.83,19.65,0.89,1.68,,,,0.63,,93.8,,,,,8.46,951.87,
2024-10-16 08:00:00,27.06,45.84,5.32,25.66,20.65,15.2,8.89,1.91,19.61,0.89,1.72,,,,0.62,,93.8,,,,,17.55,952.1,
2024-10-16 09:00:00,26.83,45.31,3.49,21.21,18.71,13.37,8.82,1.86,19.5,0.88,1.76,,,,0.63,,93.8,,,,,48.63,952.26,
2024-10-16 10:00:00,26.09,43.54,4.65,26.3,22.14,14.53,8.69,1.81,19.34,0.87,1.7,,,,0.62,,93.8,,,,,81.79,952.16,
2024-10-16 11:00:00,27.7,47.37,3.01,23.32,21.34,12.89,8.85,1.81,19.3,0.87,1.67,,,,0.62,,93.8,,,,,139.77,951.96,
2024-10-16 12:00:00,27.28,46.37,3.32,25.71,23.23,13.21,8.77,1.87,19.74,0.89,1.68,,,,0.63,,93.8,,,,,205.78,951.63,
2024-10-16 13:00:00,26.38,44.25,3.0,20.14,19.06,12.88,8.92,1.87,19.58,0.88,1.68,,,,0.63,,93.78,,,,,134.84,951.35,
2024-10-16 14:00:00,25.94,43.2,3.8,24.49,21.44,13.68,8.99,1.86,19.93,0.9,1.72,,,,0.63,,93.78,,,,,83.54,951.18,
2024-10-16 15:00:00,25.79,42.84,3.54,22.38,19.85,13.42,8.96,1.88,19.44,0.88,1.72,,,,0.63,,93.75,,,,,45.24,951.12,
2024-10-16 16:00:00,27.54,47.0,3.24,22.04,19.8,13.12,8.94,1.88,19.72,0.89,1.64,,,,0.63,,93.7,,,,,19.61,951.12,
2024-10-16 17:00:00,27.21,46.22,3.44,25.68,23.03,13.32,8.8,1.92,19.58,0.88,1.67,,,,0.63,,93.78,,,,,6.08,951.22,
2024-10-16 18:00:00,26.71,45.02,3.98,23.66,20.38,13.86,8.91,1.94,19.74,0.89,1.67,,,,0.63,,93.8,,,,,5.91,951.36,
2024-10-16 19:00:00,26.43,44.36,3.66,24.7,21.78,13.54,8.77,2.0,19.5,0.88,1.73,,,,0.63,,93.8,,,,,5.91,951.54,
2024-10-16 20:00:00,25.86,43.02,4.08,22.12,18.74,13.96,8.78,1.85,19.62,0.89,1.67,,,,0.63,,93.8,,,,,5.91,951.7,
2024-10-16 21:00:00,25.53,42.22,2.98,22.14,20.58,12.86,8.88,1.8,19.32,0.87,1.72,,,,0.62,,93.8,,,,,5.91,951.75,
2024-10-16 22:00:00,26.49,44.5,3.87,24.0,20.81,13.75,8.91,1.8,19.5,0.88,1.66,,,,0.64,,93.8,,,,,5.91,951.71,
2024-10-16 23:00:00,26.55,44.64,3.79,24.04,21.16,13.67,8.87,1.8,19.51,0.88,1.68,,,,0.62,,93.8,,,,,5.91,951.64,
2024-10-17 00:00:00,26.38,44.24,1.96,21.33,20.99,11.84,8.79,1.78,19.64,0.89,1.68,,,,0.62,,93.8,,,,,5.91,951.56,
2024-10-17 01:00:00,26.04,43.42,4.01,24.5,21.23,13.89,8.84,1.77,19.82,0.9,1.68,,,,0.64,,93.8,,,,,5.91,951.37,
2024-10-17 02:00:00,25.86,43.02,3.8,26.13,22.96,13.68,8.93,1.78,19.54,0.88,1.68,,,,0.63,,93.8,,,,,5.91,951.19,
2024-10-17 03:00:00,25.62,42.43,1.42,17.15,18.14,11.3,8.88,1.8,19.45,0.88,1.63,,,,0.62,,93.8,,,,,5.91,951.12,
2024-10-17 04:00:00,25.62,42.43,4.6,25.54,21.44,14.49,8.82,1.87,19.54,0.88,1.67,,,,0.63,,93.8,,,,,5.91,951.18,
2024-10-17 05:00:00,25.71,42.64,2.85,22.14,20.38,12.72,9.02,1.92,19.64,0.89,1.69,,,,0.64,,93.8,,,,,5.91,951.35,
2024-10-17 06:00:00,26.19,43.78,3.6,23.51,20.81,13.48,8.98,1.92,19.56,0.88,1.71,,,,0.62,,93.8,,,,,6.21,951.53,
2024-10-17 07:00:00,26.26,43.95,3.49,23.76,21.06,13.37,8.89,1.91,19.66,0.89,1.66,,,,0.64,,93.8,,,,,32.73,951.69,
2024-10-17 08:00:00,26.99,45.69,4.17,22.78,19.27,14.05,8.81,1.93,19.28,0.87,1.68,,,,0.62,,93.7,,,,,68.9,951.79,
2024-10-17 09:00:00,26.86,45.38,3.82,25.56,22.38,13.7,8.7,1.89,19.66,0.89,1.69,,,,0.63,,93.52,,,,,162.2,951.95,
2024-10-17 10:00:00,26.6,44.77,2.72,21.33,20.04,12.6,8.85,1.89,19.69,0.89,1.74,,,,0.64,,93.52,,,,,177.62,951.94,
2024-10-17 11:00:00,26.38,44.24,3.57,23.6,20.97,13.44,8.8,1.86,19.53,0.88,1.68,,,,0.63,,89.43,,,,,507.72,951.75,
2024-10-17 12:00:00,24.24,38.37,4.45,25.81,22.15,14.33,7.21,0.89,22.52,0.89,1.7,,,,0.63,,81.25,,,,,325.03,951.56,
2024-10-17 13:00:00,23.92,38.37,,,,,16.55,0.98,22.46,0.88,1.68,,,,0.64,,70.95,,,,,223.02,951.36,
2024-10-17 14:00:00,29.05,50.59,6.25,34.11,29.43,16.14,1.08,0.92,23.07,0.89,1.68,,,,0.63,,70.93,,,,,138.5,951.18,
2024-10-17 15:00:00,39.64,75.81,2.83,24.91,23.88,12.71,1.16,0.88,22.64,,,,,,,,59.28,,,,,410.45,951.0,
2024-10-17 16:00:00,36.98,69.49,2.05,20.04,24.58,11.42,,0.82,22.57,,,,,,,,61.02,,,,,55.24,951.0,
2024-10-17 17:00:00,25.02,41.0,0.89,14.64,20.29,10.77,0.98,0.81,22.46,0.58,1.24,,,,0.45,,78.22,,,,,8.02,951.19,
2024-10-17 18:00:00,24.37,39.45,1.92,15.75,19.27,11.8,2.95,0.8,22.7,0.59,1.19,,,,0.43,,92.95,,,,,5.91,951.34,
2024-10-17 19:00:00,27.74,47.47,2.45,19.16,22.81,12.32,0.76,0.8,22.29,0.57,1.17,,,,0.43,,93.5,,,,,5.9,951.56,
2024-10-17 20:00:00,27.7,47.36,1.54,24.16,26.23,11.02,1.26,0.81,22.55,0.58,1.2,,,,0.42,,93.52,,,,,5.91,951.74,
2024-10-17 21:00:00,32.59,59.02,3.43,27.68,25.69,13.31,1.76,0.78,22.44,0.57,1.2,,,,0.42,,93.6,,,,,5.91,951.83,
2024-10-17 22:00:00,33.54,61.28,1.51,18.99,22.13,11.39,1.9,0.75,22.52,0.58,1.25,,,,0.43,,93.6,,,,,5.91,951.84,
2024-10-17 23:00:00,31.76,57.04,2.39,26.37,27.6,12.26,1.31,0.73,22.62,0.58,1.2,,,,0.42,,93.6,,,,,5.91,951.79,
2024-10-18 00:00:00,33.13,60.31,2.58,30.12,30.09,12.46,1.32,0.7,22.68,0.59,1.2,,,,0.43,,93.7,,,,,5.91,951.62,
2024-10-18 01:00:00,31.23,55.8,4.64,29.27,25.3,14.52,1.98,0.68,22.79,0.6,1.18,,,,0.43,,93.7,,,,,5.91,951.5,
2024-10-18 02:00:00,29.32,51.22,2.02,20.11,22.19,11.9,1.48,0.68,22.79,0.6,1.24,,,,0.44,,93.7,,,,,5.91,951.34,
2024-10-18 03:00:00,29.28,51.15,3.9,30.35,29.42,13.78,2.36,0.74,22.33,0.57,1.2,,,,0.42,,93.7,,,,,5.91,951.34,
2024-10-18 04:00:00,30.92,55.05,3.64,26.64,26.99,13.52,1.74,0.79,22.4,0.57,1.2,,,,0.42,,93.7,,,,,5.91,951.43,
2024-10-18 05:00:00,29.51,51.68,1.26,25.44,27.35,11.14,1.7,0.82,22.66,0.59,1.21,,,,0.44,,93.7,,,,,5.91,951.48,
2024-10-18 06:00:00,30.12,53.16,2.36,22.39,24.27,11.06,2.57,0.83,22.54,0.58,1.19,,,,0.42,,93.7,,,,,7.96,951.64,
2024-10-18 07:00:00,31.98,57.56,4.36,25.62,24.6,14.25,1.54,0.84,22.46,0.58,1.27,,,,0.44,,93.68,,,,,31.8,951.89,
2024-10-18 08:00:00,33.01,60.02,1.63,20.06,21.23,11.51,0.2,0.83,22.44,0.57,1.26,,,,0.42,,93.3,,,,,70.92,952.12,
2024-10-18 09:00:00,30.92,55.06,3.54,24.03,22.58,13.42,0.25,0.8,22.59,0.58,1.2,,,,0.43,,82.6,,,,,622.8,952.27,
2024-10-18 10:00:00,29.8,52.38,2.46,25.44,25.41,12.34,,0.79,23.28,0.66,1.3,,,,0.43,,65.72,,,,,714.6,952.15,
2024-10-18 11:00:00,29.67,52.08,1.88,21.34,23.9,11.76,0.83,0.81,25.72,0.89,1.54,,,,0.43,,58.75,,,,,495.37,951.96,
2024-10-18 12:00:00,30.36,53.72,4.31,29.6,28.82,14.19,1.4,0.94,25.98,0.9,1.54,,,,0.42,,54.55,,,,,556.02,951.72,
2024-10-18 13:00:00,30.27,53.49,2.44,24.98,26.09,12.32,0.54,0.98,25.71,0.89,1.54,,,,0.42,,54.58,,,,,297.95,951.49,
2024-10-18 14:00:00,33.45,61.08,4.25,31.62,29.18,14.13,2.67,1.07,25.48,0.88,1.51,,,,0.42,,54.95,,,,,109.9,951.32,
2024-10-18 15:00:00,31.6,56.67,2.35,25.31,25.54,12.23,2.29,1.1,25.73,0.89,1.52,,,,0.42,,58.55,,,,,78.17,951.26,
2024-10-18 16:00:00,34.08,62.59,3.01,20.78,21.16,12.89,0.29,1.07,26.04,0.9,1.51,,,,0.44,,61.78,,,,,36.21,951.33,
2024-10-18 17:00:00,33.57,61.37,2.41,23.58,24.38,12.29,1.89,1.07,25.7,0.89,1.52,,,,0.42,,64.78,,,,,8.52,951.44,
2024-10-18 18:00:00,37.03,69.6,1.73,23.0,25.77,11.61,1.85,1.06,25.8,0.9,1.52,,,,0.44,,65.75,,,,,5.91,951.62,
2024-10-18 19:00:00,36.48,68.28,2.58,19.24,20.56,12.45,0.31,0.96,25.98,0.9,1.5,,,,0.42,,76.97,,,,,5.91,951.82,
2024-10-18 20:00:00,37.22,70.05,2.73,25.61,26.32,12.61,0.18,0.88,25.64,0.89,1.53,,,,0.42,,93.05,,,,,5.91,952.04,
2024-10-18 21:00:00,35.59,66.16,2.7,26.06,26.13,12.58,2.01,0.95,25.92,0.9,1.54,,,,0.42,,93.48,,,,,5.91,952.08,
2024-10-18 22:00:00,33.03,60.07,3.24,25.72,25.16,13.12,1.57,1.02,25.65,0.89,1.52,,,,0.42,,93.5,,,,,5.91,952.05,
2024-10-18 23:00:00,35.59,66.16,1.79,22.74,24.36,11.67,1.54,0.97,25.52,0.88,1.56,,,,0.42,,93.5,,,,,5.91,952.03,
2024-10-19 00:00:00,35.05,64.88,2.0,22.4,23.86,11.89,1.17,0.96,25.82,0.9,1.56,,,,0.42,,93.6,,,,,5.91,951.85,
2024-10-19 01:00:00,35.88,66.85,2.46,26.84,25.92,12.34,1.33,0.94,25.94,0.9,1.49,,,,0.42,,93.65,,,,,5.91,951.71,
2024-10-19 02:00:00,32.93,59.85,2.02,24.72,26.22,11.9,0.56,0.94,25.7,0.89,1.54,,,,0.42,,93.7,,,,,5.91,951.7,
2024-10-19 03:00:00,30.29,53.54,1.86,21.09,23.51,11.74,1.42,0.82,25.99,0.9,1.53,,,,0.43,,93.7,,,,,5.91,951.72,
2024-10-19 04:00:00,30.56,54.18,3.8,21.08,22.64,11.78,2.45,0.71,26.07,0.91,1.54,,,,0.41,,93.7,,,,,5.91,951.79,
2024-10-19 05:00:00,29.3,51.2,2.54,15.74,20.2,11.15,1.43,0.7,25.41,0.88,1.55,,,,0.42,,93.7,,,,,5.91,951.84,
2024-10-19 06:00:00,28.71,49.79,1.83,19.87,22.63,11.26,,0.72,25.79,0.89,1.5,,,,0.4,,93.7,,,,,5.91,952.08,
2024-10-19 07:00:00,28.42,49.08,4.36,24.41,24.04,14.24,1.63,0.74,25.72,0.89,1.54,,,,0.44,,93.7,,,,,15.14,952.32,
2024-10-19 08:00:00,30.12,53.13,3.23,26.43,26.32,13.11,3.06,0.74,25.8,0.89,1.53,,,,0.43,,93.6,,,,,122.8,952.45,
2024-10-19 09:00:00,31.32,56.0,1.75,22.32,25.97,11.63,1.45,0.74,25.78,0.89,1.55,,,,0.42,,93.5,,,,,98.88,952.52,
2024-10-19 10:00:00,31.18,55.68,2.07,20.6,23.3,11.95,0.72,0.73,25.74,0.89,1.53,,,,0.41,,93.52,,,,,76.54,952.48,
2024-10-19 11:00:00,32.52,58.85,2.96,26.89,26.32,12.84,0.42,0.76,25.97,0.9,1.52,,,,0.41,,93.55,,,,,97.18,952.32,
2024-10-19 12:00:00,36.8,69.04,2.9,16.46,20.88,12.06,0.47,0.9,25.88,0.9,1.5,,,,0.43,,93.65,,,,,55.04,952.11,
2024-10-19 13:00:00,35.6,66.19,2.44,25.33,25.0,12.32,0.92,0.98,25.62,0.88,1.5,,,,0.42,,93.55,,,,,86.22,951.92,
2024-10-19 14:00:00,37.11,69.78,2.78,30.09,29.98,12.66,1.98,0.98,25.99,0.9,1.52,,,,0.43,,89.52,,,,,462.62,951.63,
2024-10-19 15:00:00,34.72,64.09,2.57,27.18,26.56,12.45,1.71,0.96,26.15,0.91,1.52,,,,0.42,,79.32,,,,,329.82,951.52,
2024-10-19 16:00:00,32.84,59.62,1.95,19.38,22.56,11.83,2.37,0.94,25.51,0.88,1.53,,,,0.42,,90.28,,,,,85.42,951.6,
2024-10-19 17:00:00,36.39,68.06,2.84,25.96,26.35,12.73,1.99,1.01,25.96,0.9,1.53,,,,0.44,,93.65,,,,,24.97,951.7,
2024-10-19 18:00:00,36.17,67.56,1.78,22.93,23.94,11.66,0.68,1.0,25.72,0.89,1.52,,,,0.42,,93.75,,,,,5.91,951.88,
2024-10-19 19:00:00,33.4,60.95,5.78,32.98,28.12,15.66,1.59,0.92,25.89,0.9,1.53,,,,0.42,,93.8,,,,,5.91,952.03,
2024-10-19 20:00:00,31.29,55.94,2.88,21.88,21.52,12.76,0.42,0.99,25.7,0.89,1.52,,,,0.43,,93.8,,,,,5.91,952.16,
2024-10-19 21:00:00,31.09,55.47,1.31,23.0,24.97,11.19,0.76,0.98,25.87,0.9,1.53,,,,0.44,,93.8,,,,,5.91,952.28,
2024-10-19 22:00:00,30.91,55.01,3.38,25.82,24.32,13.26,0.42,1.0,25.85,0.9,1.53,,,,0.42,,93.8,,,,,5.91,952.28,
2024-10-19 23:00:00,29.32,51.22,2.97,20.45,19.67,12.86,2.99,0.95,25.22,0.87,1.54,,,,0.44,,93.8,,,,,5.91,952.28,
2024-10-20 00:00:00,30.17,53.27,5.24,32.06,28.44,15.13,2.52,0.96,25.62,0.89,1.46,,,,0.42,,93.8,,,,,5.91,952.08,
2024-10-20 01:00:00,29.11,50.73,2.36,25.34,25.28,12.24,0.29,0.92,25.7,0.89,1.5,,,,0.41,,93.8,,,,,5.91,951.94,
2024-10-20 02:00:00,29.98,52.83,3.54,25.08,26.16,12.52,0.89,0.92,25.49,0.88,1.52,,,,0.42,,93.8,,,,,5.9,951.89,
2024-10-20 03:00:00,28.82,50.06,1.61,27.9,28.49,11.48,1.65,0.88,25.98,0.9,1.51,,,,0.42,,93.8,,,,,5.91,951.83,
2024-10-20 04:00:00,28.76,49.92,3.53,30.66,29.54,13.42,2.48,0.83,25.85,0.9,1.52,,,,0.41,,93.8,,,,,5.91,951.88,
2024-10-20 05:00:00,28.9,50.23,2.63,25.84,25.2,12.52,1.47,0.85,25.59,0.88,1.51,,,,0.42,,93.8,,,,,5.91,952.07,
2024-10-20 06:00:00,27.89,47.84,4.09,29.25,27.3,13.96,0.98,0.85,25.98,0.9,1.51,,,,0.41,,93.8,,,,,13.46,952.29,
2024-10-20 07:00:00,29.41,51.45,3.22,24.78,24.31,13.1,0.91,0.86,25.63,0.88,1.49,,,,0.43,,93.8,,,,,26.83,952.54,
2024-10-20 08:00:00,29.79,52.35,3.23,24.17,22.95,13.11,0.7,0.86,25.86,0.9,1.53,,,,0.42,,93.8,,,,,18.87,952.69,
2024-10-20 09:00:00,29.22,51.0,4.54,24.05,23.16,14.42,1.03,0.87,25.5,0.88,1.48,,,,0.43,,93.8,,,,,147.49,952.74,
2024-10-20 10:00:00,29.1,50.73,4.22,31.0,29.12,14.1,0.38,0.87,25.82,0.9,1.5,,,,0.44,,93.72,,,,,454.28,952.65,
2024-10-20 11:00:00,30.62,54.33,2.18,26.58,27.8,12.06,1.38,0.88,25.74,0.89,1.52,,,,0.41,,87.12,,,,,556.65,952.38,
2024-10-20 12:00:00,29.34,51.28,0.99,17.47,21.14,10.87,1.24,0.84,25.47,0.88,1.5,,,,0.43,,73.05,,,,,450.72,952.13,
2024-10-20 13:00:00,35.92,66.96,4.24,30.62,28.03,14.12,1.46,0.86,25.6,0.88,1.52,,,,0.41,,62.28,,,,,452.51,951.88,
2024-10-20 14:00:00,34.58,63.78,4.21,23.44,21.66,14.08,1.74,0.9,25.6,0.88,1.54,,,,0.41,,58.28,,,,,401.16,951.64,
2024-10-20 15:00:00,29.98,52.8,2.7,26.6,27.39,12.58,0.81,0.97,25.74,0.89,1.52,,,,0.42,,59.75,,,,,139.22,951.5,
2024-10-20 16:00:00,23.92,38.37,4.89,33.89,30.57,14.77,0.21,1.04,26.17,0.91,1.5,,,,0.41,,60.93,,,,,67.07,951.53,
2024-10-20 17:00:00,41.5,80.25,1.24,18.7,23.58,11.13,0.37,1.07,25.51,0.88,1.5,,,,0.42,,76.85,,,,,12.88,951.61,
2024-10-20 18:00:00,41.55,80.36,4.26,27.42,25.64,14.14,0.27,1.06,25.96,0.9,1.52,,,,0.4,,93.42,,,,,5.91,951.92,
2024-10-20 19:00:00,36.41,68.12,1.91,17.96,22.66,11.31,0.23,0.93,26.07,0.91,1.55,,,,0.41,,93.8,,,,,5.91,952.14,
2024-10-20 20:00:00,33.54,61.28,0.6,18.49,24.38,10.33,0.39,0.87,25.69,0.89,1.48,,,,0.42,,93.8,,,,,5.91,952.32,
2024-10-20 21:00:00,30.81,54.8,3.72,29.14,27.16,13.6,0.96,0.86,25.56,0.88,1.52,,,,0.43,,93.8,,,,,5.91,952.5,
2024-10-20 22:00:00,32.05,57.73,4.26,24.34,24.96,13.08,1.97,0.85,25.56,0.88,1.54,,,,0.42,,93.8,,,,,5.91,952.44,
2024-10-20 23:00:00,29.84,52.47,1.53,18.02,19.4,11.41,2.2,0.85,25.89,0.9,1.49,,,,0.42,,93.8,,,,,5.91,952.29,
2024-10-21 00:00:00,32.6,59.05,4.76,26.6,24.51,14.64,1.92,0.82,25.84,0.9,1.5,,,,0.43,,93.8,,,,,5.91,952.24,
2024-10-21 01:00:00,30.34,53.66,4.5,32.74,29.29,14.38,1.12,0.8,25.82,0.89,1.52,,,,0.44,,93.8,,,,,5.91,952.08,
2024-10-21 02:00:00,30.08,53.04,1.59,18.26,21.01,11.08,0.9,0.78,25.49,0.88,1.5,,,,0.41,,93.8,,,,,5.91,951.94,
2024-10-21 03:00:00,30.8,54.74,1.27,22.39,25.2,11.15,1.84,0.74,25.88,0.9,1.5,,,,0.41,,93.8,,,,,5.91,951.96,
2024-10-21 04:00:00,29.32,51.23,1.46,25.3,25.68,11.34,1.73,0.88,25.73,0.89,1.5,,,,0.41,,93.8,,,,,5.91,952.0,
2024-10-21 05:00:00,32.9,59.74,3.35,25.77,25.88,13.22,2.95,0.92,25.8,0.9,1.54,,,,0.43,,93.8,,,,,5.91,952.11,
2024-10-21 06:00:00,30.52,54.1,2.25,23.6,26.24,12.13,2.79,0.94,25.88,0.9,1.5,,,,0.42,,93.8,,,,,5.91,952.36,
2024-10-21 07:00:00,28.88,50.18,2.9,28.3,26.81,12.79,1.55,0.97,25.63,0.89,1.52,,,,0.42,,93.68,,,,,19.42,952.6,
2024-10-21 08:00:00,30.08,53.06,2.85,23.92,25.2,12.73,0.44,1.01,25.81,0.9,1.54,,,,0.42,,93.35,,,,,139.03,952.74,
2024-10-21 09:00:00,28.89,50.2,4.26,25.69,25.78,13.08,1.16,1.04,25.58,0.88,1.51,,,,0.43,,93.18,,,,,397.26,952.74,
2024-10-21 10:00:00,29.75,52.26,2.31,21.02,23.64,11.62,0.37,1.04,25.78,0.9,1.55,,,,0.42,,80.1,,,,,566.23,952.61,
2024-10-21 11:00:00,29.92,52.68,2.58,26.24,25.96,12.46,0.17,1.0,25.89,0.9,1.53,,,,0.42,,65.25,,,,,664.94,952.35,
2024-10-21 12:00:00,30.78,54.72,3.07,27.62,26.68,12.95,0.69,0.91,25.82,0.9,1.51,,,,0.42,,63.15,,,,,365.94,952.14,
2024-10-21 13:00:00,34.64,63.89,5.71,32.64,29.31,15.59,0.86,0.84,25.76,0.9,1.52,,,,0.41,,55.8,,,,,525.61,951.87,
2024-10-21 14:00:00,32.47,58.74,4.02,28.78,26.43,13.9,0.92,0.87,25.77,0.9,1.52,,,,0.43,,52.3,,,,,465.68,951.57,
2024-10-21 15:00:00,33.62,61.49,5.54,30.63,28.68,15.42,1.0,0.92,25.62,0.88,1.52,,,,0.42,,63.0,,,,,120.95,951.44,
2024-10-21 16:00:00,33.32,60.76,2.44,29.4,29.45,12.32,0.06,0.95,25.88,0.9,1.53,,,,0.43,,68.1,,,,,105.7,951.5,
2024-10-21 17:00:00,28.01,48.11,0.23,17.6,22.84,9.85,1.88,0.96,26.01,0.9,1.51,,,,0.41,,85.18,,,,,28.98,951.63,
2024-10-21 18:00:00,23.92,38.37,2.48,20.12,23.4,10.61,5.14,0.99,25.68,0.89,1.49,,,,0.42,,93.8,,,,,5.91,951.87,
2024-10-21 19:00:00,43.67,85.42,1.88,23.24,25.23,11.76,3.98,0.92,25.91,0.9,1.54,,,,0.42,,93.8,,,,,5.91,952.04,
2024-10-21 20:00:00,37.07,69.67,0.89,20.28,23.39,10.47,0.28,0.88,25.52,0.88,1.54,,,,0.42,,93.67,,,,,5.91,952.27,
2024-10-21 21:00:00,26.92,45.51,3.42,28.83,26.62,13.3,1.53,0.89,25.75,0.89,1.52,,,,0.43,,93.7,,,,,5.91,952.41,
2024-10-21 22:00:00,33.14,60.33,10.64,39.55,29.29,20.52,0.13,0.85,26.02,0.91,1.5,,,,0.42,,93.77,,,,,8.3,952.44,
2024-10-21 23:00:00,,,,,,,,,,,,,,,,,,,,,,,,
2024-10-22 00:00:00,,,,,,,,,,,,,,,,,,,,,,,,
2024-10-22 01:00:00,,,,,,,,,,,,,,,,,,,,,,,,
2024-10-22 02:00:00,,,,,,,,,,,,,,,,,,,,,,,,
2024-10-22 03:00:00,,,,,,,,,,,,,,,,,,,,,,,,
2024-10-22 04:00:00,,,,,,,,,,,,,,,,,,,,,,,,
2024-10-22 05:00:00,,,,,,,,,,,,,,,,,,,,,,,,
2024-10-22 06:00:00,,,,,,,,,,,,,,,,,,,,,,,,
2024-10-22 07:00:00,30.14,53.18,9.5,37.88,30.12,19.38,,,25.96,0.9,1.52,,,,0.43,,93.8,,,,,58.23,952.36,
2024-10-22 08:00:00,45.71,90.27,2.59,23.7,24.18,12.47,1.56,,25.5,0.88,1.53,,,,0.4,,87.98,,,,,97.12,952.4,
2024-10-22 09:00:00,40.87,78.75,1.8,20.87,22.24,11.68,1.96,,25.8,0.89,1.48,,,,0.43,,69.88,,,,,514.48,952.57,
2024-10-22 10:00:00,41.25,79.64,2.01,28.61,29.75,11.89,1.0,,25.68,0.89,1.52,,,,0.43,,63.2,,,,,602.76,952.5,
2024-10-22 11:00:00,45.79,90.45,2.53,24.53,25.31,12.41,,,25.86,0.9,1.51,,,,0.42,,55.35,,,,,629.96,952.35,
2024-10-22 12:00:00,42.36,82.29,2.57,22.76,26.5,12.45,,,25.56,0.88,1.5,,,,0.41,,56.68,,,,,239.04,952.1,
2024-10-22 13:00:00,41.65,80.6,3.62,29.13,28.12,13.5,,,25.79,0.9,1.54,,,,0.43,,51.6,,,,,280.93,951.84,
2024-10-22 14:00:00,38.19,72.36,2.46,19.4,22.62,12.34,0.57,,25.55,0.88,1.51,,,,0.41,,91.95,,,,,21.24,951.72,
2024-10-22 15:00:00,37.17,69.95,1.65,19.64,22.67,11.12,0.03,,25.76,0.89,1.52,,,,0.42,,93.8,,,,,5.91,951.88,
2024-10-22 16:00:00,35.97,67.08,1.93,26.92,27.34,11.8,0.14,,26.05,0.91,1.53,,,,0.42,,93.8,,,,,5.91,951.91,
2024-10-22 17:00:00,35.22,65.28,2.27,24.67,25.5,11.58,2.63,,21.87,0.83,1.48,,,,0.41,,93.8,,,,,5.91,951.97,
2024-10-22 18:00:00,24.28,39.24,3.99,19.45,24.6,10.88,3.74,,14.74,0.74,1.41,,,,0.38,,93.8,,,,,5.91,952.09,
2024-10-22 19:00:00,25.76,42.78,3.26,23.43,22.34,13.14,3.8,,14.64,0.72,1.38,,,,0.38,,93.8,,,,,5.91,952.3,
2024-10-22 20:00:00,29.42,51.48,0.94,18.91,23.7,10.82,3.53,,14.75,0.74,1.38,,,,0.37,,93.8,,,,,5.91,952.47,
2024-10-22 21:00:00,35.37,65.64,3.27,26.74,25.94,13.15,5.04,,14.66,0.73,1.4,,,,0.38,,93.8,,,,,5.91,952.62,
2024-10-22 22:00:00,34.24,62.95,5.95,33.26,30.04,15.83,5.59,,14.67,0.73,1.4,,,,0.38,,93.8,,,,,5.91,952.67,
2024-10-22 23:00:00,31.18,55.67,2.94,25.81,24.16,12.82,5.0,,14.8,0.74,1.42,,,,0.38,,93.8,,,,,5.91,952.57,
2024-10-23 00:00:00,30.03,52.92,1.78,23.34,26.7,11.22,4.25,,14.92,0.75,1.38,,,,0.38,,93.8,,,,,5.91,952.35,
2024-10-23 01:00:00,31.24,55.82,3.34,25.54,25.54,12.39,4.42,,14.58,0.73,1.4,,,,0.38,,93.8,,,,,5.91,952.16,
2024-10-23 02:00:00,31.06,55.39,3.46,27.03,26.23,13.34,3.8,,14.66,0.73,1.4,,,,0.38,,93.8,,,,,5.91,952.0,
2024-10-23 03:00:00,31.34,56.05,3.26,26.79,26.43,13.14,4.29,,14.66,0.73,1.4,,,,0.38,,93.8,,,,,5.91,951.88,
2024-10-23 04:00:00,32.84,59.64,4.31,29.66,27.23,14.19,4.35,,14.63,0.73,1.38,,,,0.38,,93.65,,,,,5.91,951.89,
2024-10-23 05:00:00,32.59,59.03,5.0,28.67,25.49,14.88,3.59,,14.66,0.73,1.41,,,,0.37,,93.35,,,,,5.91,952.03,
2024-10-23 06:00:00,33.78,61.86,5.36,29.14,26.51,15.24,3.11,,14.76,0.74,1.42,,,,0.4,,93.35,,,,,5.91,952.17,
2024-10-23 07:00:00,36.04,67.24,4.1,28.82,25.76,13.99,5.39,,14.95,0.75,1.38,,,,0.38,,93.35,,,,,21.13,952.3,
2024-10-23 08:00:00,36.86,69.19,1.07,22.3,25.86,10.68,11.89,,14.74,0.74,1.39,,,,0.38,,93.6,,,,,127.88,952.42,
2024-10-23 09:00:00,39.83,76.26,3.56,24.47,22.64,13.43,10.19,,14.72,0.74,1.38,,,,0.39,,90.4,,,,,502.14,952.5,
2024-10-23 10:00:00,39.67,75.89,2.0,24.73,26.94,11.89,4.2,,14.74,0.74,1.38,,,,0.4,,74.47,,,,,512.93,952.4,
2024-10-23 11:00:00,35.11,65.02,5.45,31.66,27.6,15.46,7.1,0.76,14.68,0.74,1.4,,,,0.38,,63.78,,,,,438.62,952.18,
2024-10-23 12:00:00,23.92,38.37,7.07,34.77,29.44,16.95,3.88,0.76,14.81,0.74,1.39,,,,0.39,,60.87,,,,,163.35,951.94,
2024-10-23 13:00:00,56.34,115.57,5.44,27.67,24.47,15.32,3.09,0.74,14.7,0.74,1.42,,,,0.37,,54.8,,,,,365.53,951.74,
2024-10-23 14:00:00,51.82,104.8,4.82,27.68,25.2,14.7,3.05,0.8,14.77,0.74,1.41,,,,0.38,,49.88,,,,,287.4,951.48,
2024-10-23 15:00:00,23.96,38.46,6.5,30.2,25.89,16.37,4.46,0.92,14.75,0.74,1.4,,,,0.38,,61.2,,,,,104.61,951.42,
2024-10-23 16:00:00,24.88,40.64,6.17,30.13,26.45,16.05,5.48,0.92,14.74,0.74,1.38,,,,0.38,,75.92,,,,,10.05,951.58,
2024-10-23 17:00:00,29.28,51.15,1.28,12.48,21.6,10.51,3.6,1.02,14.71,0.74,1.41,,,,0.38,,93.7,,,,,5.91,951.86,
2024-10-23 18:00:00,31.38,56.14,0.84,20.96,24.72,10.72,3.43,1.1,14.78,0.74,1.39,,,,0.38,,93.7,,,,,5.91,951.96,
2024-10-23 19:00:00,29.28,51.14,2.27,21.52,23.15,12.14,4.5,1.04,14.79,0.74,1.4,,,,0.38,,93.7,,,,,5.91,952.14,
2024-10-23 20:00:00,30.04,52.96,6.96,32.51,27.21,16.84,3.62,0.95,14.82,0.74,1.42,,,,0.38,,93.7,,,,,5.91,952.33,
2024-10-23 21:00:00,31.34,56.03,4.14,24.91,22.9,14.02,3.35,0.89,14.72,0.74,1.37,,,,0.4,,93.7,,,,,5.91,952.38,
2024-10-23 22:00:00,34.04,62.5,1.25,25.7,26.67,11.13,4.13,0.84,14.85,0.74,1.38,,,,0.38,,93.65,,,,,5.91,952.38,
2024-10-23 23:00:00,34.92,64.58,3.54,25.62,24.92,13.42,4.36,0.78,14.72,0.74,1.4,,,,0.39,,93.7,,,,,5.91,952.3,
2024-10-24 00:00:00,32.15,57.97,5.34,28.74,24.62,15.22,4.39,0.74,14.82,0.74,1.4,,,,0.37,,93.72,,,,,5.91,952.21,
2024-10-24 01:00:00,30.73,54.58,3.55,28.93,27.42,13.42,3.04,0.73,14.76,0.74,1.4,,,,0.39,,93.8,,,,,5.91,951.99,
2024-10-24 02:00:00,30.36,53.7,3.07,24.0,23.63,12.95,3.04,0.72,14.85,0.74,1.4,,,,0.39,,93.8,,,,,5.91,951.9,
2024-10-24 03:00:00,30.24,53.43,2.6,24.23,25.65,12.48,3.76,0.71,14.58,0.72,1.38,,,,0.39,,93.8,,,,,5.91,951.88,
2024-10-24 04:00:00,28.74,49.85,1.74,23.06,23.92,11.62,4.16,0.73,14.68,0.73,1.4,,,,0.39,,93.8,,,,,5.91,951.91,
2024-10-24 05:00:00,27.69,47.36,3.31,25.62,25.71,13.19,3.3,0.84,14.77,0.74,1.39,,,,0.4,,93.8,,,,,5.91,952.0,
2024-10-24 06:00:00,28.35,48.91,6.14,26.3,26.81,14.46,3.1,0.86,14.86,0.74,1.43,,,,0.38,,93.8,,,,,5.91,952.15,
2024-10-24 07:00:00,29.43,51.5,3.62,25.6,24.65,13.5,3.26,0.86,14.74,0.74,1.4,,,,0.38,,93.8,,,,,6.77,952.33,
2024-10-24 08:00:00,29.26,51.09,3.46,20.36,20.84,12.48,3.18,0.88,14.73,0.74,1.41,,,,0.4,,93.8,,,,,46.07,952.46,
2024-10-24 09:00:00,31.35,56.07,3.15,24.09,24.78,12.24,4.01,0.88,14.73,0.74,1.38,,,,0.38,,93.72,,,,,106.72,952.62,
2024-10-24 10:00:00,31.05,55.37,2.0,19.29,23.47,10.88,5.45,0.87,14.86,0.74,1.37,,,,0.4,,93.68,,,,,83.18,952.59,
2024-10-24 11:00:00,31.32,56.02,1.2,21.51,25.24,10.78,5.34,0.86,14.67,0.73,1.4,,,,0.38,,91.45,,,,,230.5,952.33,
2024-10-24 12:00:00,35.85,66.78,3.76,21.57,22.75,12.7,3.24,0.84,14.82,0.74,1.41,,,,0.39,,73.25,,,,,383.74,952.02,
2024-10-24 13:00:00,34.83,64.36,2.07,22.49,24.82,11.95,3.04,0.86,14.96,0.75,1.38,,,,0.38,,74.08,,,,,266.1,951.79,
2024-10-24 14:00:00,32.41,58.59,2.53,21.08,21.51,12.4,4.2,0.88,14.9,0.75,1.38,,,,0.37,,72.78,,,,,269.15,951.55,
2024-10-24 15:00:00,40.79,78.55,2.6,20.36,20.85,12.48,4.2,0.85,14.72,0.74,1.4,,,,0.38,,73.18,,,,,85.24,951.46,
2024-10-24 16:00:00,40.1,76.92,1.36,25.06,27.58,11.24,3.03,0.86,14.74,0.74,1.4,,,,0.38,,73.42,,,,,49.38,951.48,
2024-10-24 17:00:00,39.76,76.1,4.15,30.62,28.33,14.03,3.38,0.99,14.62,0.73,1.39,,,,0.39,,71.32,,,,,12.79,951.6,
2024-10-24 18:00:00,32.31,58.35,0.02,17.06,22.81,9.89,6.62,1.0,17.89,0.68,1.3,,,,0.46,,78.93,,,,,5.9,951.81,
2024-10-24 19:00:00,23.92,38.37,1.36,27.68,26.99,11.24,7.34,1.0,19.51,0.62,1.24,,,,0.5,,86.2,,,,,5.91,951.95,
2024-10-24 20:00:00,,,,,,,,,,,,,,,,,,,,,,,,
2024-10-24 21:00:00,,,,,,,,,,,,,,,,,,,,,,,,
2024-10-24 22:00:00,,,,,,,,,,,,,,,,,,,,,,,,
2024-10-24 23:00:00,,,,,,,,,,,,,,,,,,,,,,,,
2024-10-25 00:00:00,,,,,,,,,,,,,,,,,,,,,,,,
2024-10-25 01:00:00,,,,,,,,,,,,,,,,,,,,,,,,
2024-10-25 02:00:00,,,,,,,,,,,,,,,,,,,,,,,,
2024-10-25 03:00:00,,,,,,,,,,,,,,,,,,,,,,,,
2024-10-25 04:00:00,,,,,,,,,,,,,,,,,,,,,,,,
2024-10-25 05:00:00,,,,,,,,,,,,,,,,,,,,,,,,
2024-10-25 06:00:00,,,,,,,,,,,,,,,,,,,,,,,,
2024-10-25 07:00:00,23.92,38.37,5.21,27.8,28.65,5.95,,0.84,20.02,0.64,1.2,,,,0.5,,93.7,,,,,78.82,952.27,
2024-10-25 08:00:00,25.27,41.6,3.87,23.86,27.02,12.75,6.46,0.84,19.78,0.63,1.25,,,,0.54,,93.35,,,,,139.7,952.36,
2024-10-25 09:00:00,45.94,90.8,2.54,19.42,24.66,11.42,4.92,0.89,19.79,0.63,1.24,,,,0.52,,75.62,,,,,321.7,952.54,
2024-10-25 10:00:00,43.79,85.69,4.55,29.74,32.04,13.44,6.12,0.94,19.8,0.63,1.25,,,,0.54,,59.85,,,,,421.78,952.52,
2024-10-25 11:00:00,45.11,88.82,3.0,21.82,26.15,11.89,5.86,0.95,19.9,0.64,1.25,,,,0.53,,49.88,,,,,492.74,952.29,
2024-10-25 12:00:00,43.51,85.02,5.67,24.32,24.16,14.55,5.94,0.92,19.68,0.62,1.25,,,,0.54,,41.98,,,,,393.33,952.03,
2024-10-25 13:00:00,42.28,82.11,5.42,31.52,32.46,14.3,6.29,0.82,19.91,0.64,1.23,,,,0.52,,39.57,,,,,357.64,951.79,
2024-10-25 14:00:00,43.34,84.61,6.46,30.94,30.53,15.34,4.93,0.84,19.65,0.62,1.23,,,,0.53,,34.55,,,,,328.31,951.6,
2024-10-25 15:00:00,43.45,84.88,4.3,20.81,23.26,13.18,4.94,0.85,19.72,0.62,1.25,,,,0.53,,35.4,,,,,211.68,951.54,
2024-10-25 16:00:00,42.07,81.59,3.94,24.96,28.49,12.82,7.57,0.84,19.81,0.63,1.24,,,,0.53,,40.38,,,,,76.31,951.58,
2024-10-25 17:00:00,41.36,79.9,5.49,27.57,30.52,14.37,6.79,0.9,19.76,0.63,1.23,,,,0.52,,46.78,,,,,8.32,951.73,
2024-10-25 18:00:00,44.96,88.48,2.12,17.1,23.52,11.0,5.9,0.9,19.76,0.62,1.23,,,,0.52,,54.3,,,,,5.91,951.95,
2024-10-25 19:00:00,50.57,101.84,4.22,24.7,27.37,13.09,5.04,1.05,19.72,0.62,1.24,,,,0.52,,64.65,,,,,5.91,952.18,
2024-10-25 20:00:00,54.3,110.72,4.67,24.42,26.18,13.55,4.89,1.03,19.81,0.63,1.21,,,,0.53,,70.12,,,,,5.9,952.4,
2024-10-25 21:00:00,60.25,124.89,3.66,24.59,26.46,12.54,4.89,1.03,19.87,0.63,1.26,,,,0.54,,72.8,,,,,5.91,952.48,
2024-10-25 22:00:00,63.82,133.38,5.38,27.68,28.68,14.26,6.09,0.99,19.72,0.62,1.23,,,,0.55,,77.42,,,,,5.91,952.44,
2024-10-25 23:00:00,64.92,136.0,2.59,19.77,23.99,11.47,6.62,1.14,19.75,0.63,1.24,,,,0.55,,88.05,,,,,5.91,952.36,
2024-10-26 00:00:00,72.23,153.41,4.81,24.7,26.64,13.69,5.58,0.96,19.92,0.64,1.27,,,,0.54,,92.18,,,,,5.91,952.16,
2024-10-26 01:00:00,65.8,138.1,2.45,25.67,29.32,11.33,5.01,0.87,19.75,0.63,1.25,,,,0.53,,91.9,,,,,5.91,951.95,
2024-10-26 02:00:00,56.89,116.88,3.52,24.92,28.9,12.4,5.14,0.88,19.66,0.62,1.25,,,,0.54,,93.22,,,,,5.91,951.83,
2024-10-26 03:00:00,58.95,121.77,2.38,21.66,25.59,11.26,5.45,0.86,19.8,0.63,1.25,,,,0.53,,93.55,,,,,5.91,951.84,
2024-10-26 04:00:00,53.85,109.63,4.79,25.6,27.57,13.67,5.86,0.87,19.77,0.63,1.21,,,,0.53,,93.6,,,,,5.91,951.86,
2024-10-26 05:00:00,51.61,104.31,5.72,27.54,28.75,14.6,4.89,0.92,19.94,0.64,1.23,,,,0.53,,93.6,,,,,5.91,952.0,
2024-10-26 06:00:00,50.85,102.49,3.1,21.6,27.19,11.98,4.89,0.96,19.87,0.63,1.23,,,,0.54,,93.6,,,,,5.91,952.21,
2024-10-26 07:00:00,49.77,99.94,5.26,23.42,24.21,14.14,4.89,0.98,19.85,0.63,1.24,,,,0.53,,93.68,,,,,37.26,952.42,
2024-10-26 08:00:00,51.48,103.99,2.16,18.52,24.66,11.04,6.07,0.96,19.81,0.63,1.25,,,,0.53,,93.57,,,,,132.03,952.56,
2024-10-26 09:00:00,52.11,105.5,2.66,21.6,26.83,11.54,6.08,0.93,19.68,0.62,1.23,,,,0.53,,89.28,,,,,335.44,952.63,
2024-10-26 10:00:00,50.26,101.1,5.59,22.76,24.7,14.47,6.12,0.92,19.71,0.62,1.23,,,,0.52,,65.75,,,,,503.43,952.44,
2024-10-26 11:00:00,48.02,95.78,5.21,23.05,23.68,14.08,6.33,0.94,19.97,0.64,1.23,,,,0.52,,48.7,,,,,438.77,952.14,
2024-10-26 12:00:00,46.83,92.94,4.17,20.92,24.1,13.05,5.01,0.98,19.92,0.64,1.24,,,,0.54,,41.12,,,,,464.93,951.86,
2024-10-26 13:00:00,48.99,98.07,5.49,27.82,28.48,14.38,4.89,0.85,19.89,0.63,1.27,,,,0.54,,37.65,,,,,456.82,951.62,
2024-10-26 14:00:00,47.54,94.62,3.53,23.0,26.72,12.4,4.89,0.87,19.87,0.63,1.22,,,,0.52,,39.45,,,,,302.7,951.44,
2024-10-26 15:00:00,47.63,94.83,5.1,26.48,28.89,13.98,5.14,0.88,19.65,0.62,1.26,,,,0.54,,40.22,,,,,178.13,951.38,
2024-10-26 16:00:00,45.92,90.76,4.67,20.98,25.48,13.56,5.92,0.88,19.61,0.62,1.25,,,,0.53,,41.08,,,,,64.65,951.44,
2024-10-26 17:00:00,49.09,98.3,3.31,22.74,28.73,12.18,4.9,0.94,19.93,0.64,1.23,,,,0.53,,45.98,,,,,6.43,951.63,
2024-10-26 18:00:00,50.14,100.81,1.78,13.98,21.65,10.66,5.29,0.98,19.7,0.62,1.25,,,,0.52,,55.28,,,,,5.91,951.88,
2024-10-26 19:00:00,53.17,108.03,3.28,22.67,27.93,12.16,5.22,0.98,19.88,0.64,1.24,,,,0.52,,59.52,,,,,5.91,952.13,
2024-10-26 20:00:00,54.38,110.9,3.2,25.46,29.24,12.08,4.89,0.96,19.91,0.64,1.22,,,,0.53,,60.05,,,,,5.91,952.3,
2024-10-26 21:00:00,57.39,118.08,3.64,26.48,29.37,12.52,4.97,0.92,19.45,0.61,1.26,,,,0.54,,62.42,,,,,5.91,952.32,
2024-10-26 22:00:00,56.62,116.22,5.61,31.55,32.64,14.49,4.89,0.92,19.8,0.63,1.24,,,,0.53,,65.38,,,,,5.9,952.23,
2024-10-26 23:00:00,57.7,118.82,4.67,23.02,27.75,13.55,4.89,0.82,19.83,0.63,1.23,,,,0.53,,66.55,,,,,5.91,952.09,
2024-10-27 00:00:00,57.46,118.24,4.09,27.83,30.0,12.97,5.32,0.79,19.68,0.62,1.23,,,,0.52,,65.8,,,,,5.91,951.93,
2024-10-27 01:00:00,56.22,115.28,3.98,22.98,26.76,12.85,5.68,0.79,19.8,0.63,1.23,,,,0.54,,69.68,,,,,5.91,951.79,
2024-10-27 02:00:00,56.78,116.62,2.91,24.07,29.07,11.8,4.89,0.79,19.84,0.63,1.23,,,,0.52,,76.68,,,,,5.9,951.7,
2024-10-27 03:00:00,58.65,121.07,3.06,17.64,23.86,11.94,5.81,0.72,19.54,0.62,1.23,,,,0.53,,88.0,,,,,5.91,951.68,
2024-10-27 04:00:00,57.42,118.16,2.46,22.62,26.12,11.34,5.11,0.77,19.82,0.63,1.22,,,,0.53,,93.6,,,,,5.91,951.7,
2024-10-27 05:00:00,54.86,112.06,4.13,20.92,24.88,13.0,5.19,0.95,19.78,0.63,1.25,,,,0.52,,93.55,,,,,5.91,951.83,
2024-10-27 06:00:00,52.57,106.6,2.24,19.88,26.16,11.12,6.22,0.94,19.91,0.64,1.27,,,,0.53,,93.57,,,,,5.91,952.04,
2024-10-27 07:00:00,50.46,101.57,5.3,20.69,22.99,14.17,5.37,0.86,19.8,0.63,1.25,,,,0.52,,93.55,,,,,18.11,952.2,
2024-10-27 08:00:00,47.86,95.37,4.33,21.55,24.45,13.21,6.42,0.91,19.8,0.63,1.25,,,,0.53,,89.55,,,,,116.7,952.35,
2024-10-27 09:00:00,52.33,106.02,3.42,21.06,24.63,12.3,6.01,0.93,19.82,0.63,1.21,,,,0.54,,63.68,,,,,395.72,952.38,
2024-10-27 10:00:00,49.69,99.74,2.9,20.86,24.77,11.78,6.02,0.9,19.79,0.63,1.2,,,,0.52,,54.85,,,,,340.97,952.28,
2024-10-27 11:00:00,47.46,94.42,4.19,29.12,31.13,13.07,5.74,0.92,19.9,0.64,1.24,,,,0.54,,58.15,,,,,164.84,952.11,
2024-10-27 12:00:00,43.7,85.49,5.78,24.54,26.19,14.66,5.03,0.92,19.64,0.62,1.24,,,,0.54,,56.08,,,,,187.67,951.79,
2024-10-27 13:00:00,45.86,90.62,5.59,27.19,27.5,14.47,4.89,0.97,19.78,0.63,1.24,,,,0.54,,62.8,,,,,229.94,951.57,
2024-10-27 14:00:00,30.31,53.59,4.62,27.69,29.11,12.51,4.89,0.94,19.98,0.64,1.24,,,,0.52,,49.65,,,,,205.36,951.33,
2024-10-27 15:00:00,30.36,53.73,4.28,24.56,27.79,13.15,4.91,0.99,19.8,0.63,1.25,,,,0.53,,52.55,,,,,168.34,951.25,
2024-10-27 16:00:00,36.26,67.75,2.53,21.6,28.13,11.42,5.0,1.01,19.74,0.62,1.23,,,,0.52,,51.28,,,,,42.86,951.32,
2024-10-27 17:00:00,32.64,59.14,1.49,15.66,23.04,10.38,5.22,1.08,19.63,0.62,1.25,,,,0.54,,57.02,,,,,7.02,951.38,
2024-10-27 18:00:00,23.92,38.37,4.17,19.27,22.71,13.05,5.78,1.09,19.89,0.64,1.25,,,,0.54,,69.47,,,,,5.91,951.57,
2024-10-27 19:00:00,65.94,138.43,4.03,24.46,27.32,12.91,5.54,1.08,19.83,0.63,1.23,,,,0.54,,73.0,,,,,5.91,951.74,
2024-10-27 20:00:00,62.1,129.3,3.47,23.5,27.68,12.35,4.89,1.0,19.71,0.62,1.23,,,,0.52,,76.72,,,,,5.91,951.89,
2024-10-27 21:00:00,53.71,109.31,3.53,26.91,30.38,12.41,6.79,0.96,19.79,0.63,1.23,,,,0.51,,78.0,,,,,5.91,951.92,
2024-10-27 22:00:00,54.54,111.27,4.07,23.01,26.02,12.94,5.68,0.96,19.63,0.62,1.24,,,,0.54,,83.65,,,,,5.91,951.86,
2024-10-27 23:00:00,49.72,99.81,2.04,21.44,28.0,10.92,6.21,0.98,19.72,0.62,1.24,,,,0.53,,81.55,,,,,5.9,951.75,
2024-10-28 00:00:00,51.0,102.85,2.44,18.65,22.94,11.32,5.95,0.94,19.94,0.64,1.22,,,,0.55,,82.35,,,,,5.91,951.58,
2024-10-28 01:00:00,50.38,101.39,3.55,21.94,24.6,12.43,5.01,1.1,19.8,0.63,1.28,,,,0.54,,88.75,,,,,5.91,951.45,
2024-10-28 02:00:00,50.09,100.68,3.38,18.86,23.17,12.26,4.99,1.06,19.73,0.62,1.24,,,,0.52,,93.45,,,,,5.91,951.37,
2024-10-28 03:00:00,51.84,104.86,3.75,22.77,26.17,12.63,4.89,0.86,19.59,0.62,1.23,,,,0.54,,93.48,,,,,5.91,951.36,
2024-10-28 04:00:00,49.37,98.98,2.31,20.22,25.43,11.19,4.97,0.88,19.88,0.64,1.23,,,,0.53,,93.48,,,,,5.91,951.45,
2024-10-28 05:00:00,50.51,101.69,4.46,20.83,23.02,13.35,5.72,0.89,19.82,0.63,1.24,,,,0.54,,93.57,,,,,5.9,951.6,
2024-10-28 06:00:00,49.79,99.96,2.9,24.08,27.2,11.78,6.89,0.87,19.74,0.62,1.22,,,,0.52,,93.6,,,,,5.91,951.81,
2024-10-28 07:00:00,47.15,93.68,2.8,22.94,26.58,11.68,5.82,0.86,19.74,0.62,1.25,,,,0.53,,93.6,,,,,23.56,952.01,
2024-10-28 08:00:00,49.37,98.98,3.47,24.66,27.25,12.35,6.55,0.88,19.94,0.64,1.23,,,,0.54,,93.52,,,,,130.91,952.12,
2024-10-28 09:00:00,47.66,94.91,2.7,21.58,26.7,11.58,6.61,0.84,19.73,0.63,1.25,,,,0.54,,86.4,,,,,384.58,952.18,
2024-10-28 10:00:00,49.75,99.88,2.96,22.64,28.26,11.85,7.15,0.84,19.79,0.63,1.23,,,,0.53,,66.65,,,,,507.88,952.07,
2024-10-28 11:00:00,43.86,85.87,6.75,29.97,29.78,15.62,5.87,0.89,19.78,0.63,1.24,,,,0.55,,49.8,,,,,451.34,951.83,
2024-10-28 12:00:00,48.77,97.54,6.49,28.91,28.26,15.37,5.17,0.94,20.02,0.64,1.24,,,,0.53,,43.02,,,,,399.78,951.55,
2024-10-28 13:00:00,46.29,91.63,6.99,30.27,29.41,15.88,6.27,0.9,19.79,0.63,1.25,,,,0.55,,37.4,,,,,353.91,951.31,
2024-10-28 14:00:00,44.11,86.46,5.7,27.5,28.42,14.58,5.09,0.89,19.73,0.62,1.22,,,,0.54,,37.12,,,,,251.33,951.19,
2024-10-28 15:00:00,49.42,99.1,6.26,28.56,28.32,15.14,4.89,0.91,19.89,0.64,1.23,,,,0.53,,38.45,,,,,122.7,951.12,
2024-10-28 16:00:00,45.72,90.28,4.88,24.44,26.7,13.76,4.89,0.92,19.7,0.62,1.26,,,,0.52,,42.7,,,,,68.33,951.12,
2024-10-28 17:00:00,44.68,87.81,4.25,24.24,29.83,13.12,5.01,0.98,19.72,0.62,1.23,,,,0.54,,49.9,,,,,5.91,951.3,
2024-10-28 18:00:00,27.21,46.2,2.7,20.39,25.5,11.58,5.09,1.01,14.2,0.5,1.02,,,,0.33,,54.78,,,,,5.91,951.47,
2024-10-28 19:00:00,57.54,118.44,5.82,24.83,26.74,14.7,5.68,1.04,13.28,0.48,1.01,,,,0.3,,59.9,,,,,5.91,951.65,
2024-10-28 20:00:00,63.18,131.88,4.6,26.91,29.18,13.48,5.43,1.01,13.34,0.49,1.0,,,,0.3,,62.72,,,,,5.9,951.91,
2024-10-28 21:00:00,66.82,140.52,2.3,20.53,26.78,11.18,4.9,0.88,13.3,0.48,0.98,,,,0.31,,66.8,,,,,5.9,952.04,
2024-10-28 22:00:00,62.41,130.01,2.87,18.34,22.87,11.75,4.92,0.83,13.18,0.48,1.0,,,,0.3,,70.8,,,,,5.91,952.06,
2024-10-28 23:00:00,57.08,117.35,3.68,25.94,29.85,12.56,5.02,0.84,13.3,0.49,0.96,,,,0.3,,77.25,,,,,5.91,951.94,
2024-10-29 00:00:00,53.94,109.86,3.11,27.02,29.81,11.99,5.34,0.77,13.25,0.48,1.01,,,,0.3,,92.9,,,,,5.91,951.82,
2024-10-29 01:00:00,48.12,96.01,2.22,21.12,27.22,11.1,5.88,0.69,13.38,0.49,0.98,,,,0.3,,93.52,,,,,5.91,951.69,
2024-10-29 02:00:00,46.36,91.8,3.8,22.75,26.23,12.68,5.58,0.7,13.18,0.48,0.98,,,,0.3,,93.6,,,,,5.91,951.62,
2024-10-29 03:00:00,44.96,88.48,4.15,28.28,29.67,13.03,5.0,0.7,13.2,0.48,0.98,,,,0.3,,93.6,,,,,5.91,951.59,
2024-10-29 04:00:00,48.27,96.35,4.71,26.84,28.37,13.59,5.26,0.76,13.17,0.48,1.0,,,,0.3,,93.62,,,,,5.9,951.69,
2024-10-29 05:00:00,45.85,90.58,5.16,27.36,29.06,14.04,6.94,0.86,13.28,0.49,1.02,,,,0.3,,93.7,,,,,5.91,951.8,
2024-10-29 06:00:00,44.33,86.98,2.88,22.22,26.01,11.76,6.28,0.85,12.96,0.46,1.0,,,,0.3,,93.7,,,,,5.91,951.94,
2024-10-29 07:00:00,44.46,87.28,6.66,32.52,31.81,15.54,4.92,0.87,13.28,0.48,1.0,,,,0.3,,93.65,,,,,23.12,952.15,
2024-10-29 08:00:00,40.5,77.85,3.68,25.03,28.47,12.56,5.0,0.92,13.28,0.48,0.98,,,,0.3,,92.3,,,,,139.94,952.34,
2024-10-29 09:00:00,43.82,85.77,3.57,25.06,30.31,12.45,5.45,0.89,13.42,0.5,1.0,,,,0.3,,72.22,,,,,408.5,952.41,
2024-10-29 10:00:00,41.97,81.36,4.98,26.92,27.61,13.86,6.08,0.82,13.28,0.49,1.02,,,,0.3,,57.42,,,,,499.46,952.33,
2024-10-29 11:00:00,40.66,78.24,5.65,25.61,25.32,14.54,5.69,0.9,13.26,0.49,0.98,,,,0.3,,49.02,,,,,520.22,952.12,
2024-10-29 12:00:00,41.11,79.3,10.73,37.1,31.47,19.6,7.14,0.88,13.17,0.48,1.02,,,,0.29,,46.48,,,,,383.94,951.87,
2024-10-29 13:00:00,41.23,79.58,10.92,37.98,31.67,19.81,5.44,0.89,13.22,0.48,0.98,,,,0.3,,44.42,,,,,307.26,951.7,
2024-10-29 14:00:00,39.54,75.58,5.48,24.63,26.04,14.36,5.32,0.94,13.38,0.49,1.02,,,,0.3,,43.62,,,,,146.22,951.55,
2024-10-29 15:00:00,36.28,67.79,5.7,26.68,27.65,14.57,6.14,0.98,13.16,0.48,1.0,,,,0.3,,45.48,,,,,63.39,951.48,
2024-10-29 16:00:00,39.7,75.96,3.8,19.48,25.18,12.68,4.99,0.97,13.33,0.49,1.01,,,,0.3,,44.75,,,,,101.16,951.48,
2024-10-29 17:00:00,25.42,41.93,5.28,21.14,22.5,14.14,5.22,1.0,12.34,0.49,1.0,,,,0.3,,49.1,,,,,8.03,951.62,
2024-10-29 18:00:00,42.62,82.92,3.63,20.88,26.7,12.51,5.6,0.97,,0.49,0.98,,,,0.3,,58.88,,,,,5.89,951.76,
2024-10-29 19:00:00,47.97,95.64,1.92,14.85,21.48,10.8,4.89,1.0,,0.47,1.0,,,,0.3,,68.68,,,,,5.89,951.9,
2024-10-29 20:00:00,49.21,98.61,3.23,22.81,28.7,12.11,5.4,0.98,,0.48,0.99,,,,0.3,,72.22,,,,,5.89,952.1,
2024-10-29 21:00:00,54.4,110.96,3.26,22.47,27.73,12.14,5.28,1.0,,0.49,1.0,,,,0.3,,78.75,,,,,5.89,952.15,
2024-10-29 22:00:00,54.29,110.7,3.88,17.2,25.16,12.76,5.1,0.94,,0.48,0.98,,,,0.3,,84.65,,,,,5.89,952.14,
2024-10-29 23:00:00,57.16,117.51,1.92,19.34,25.79,10.8,4.97,0.86,,0.48,1.01,,,,0.29,,93.02,,,,,5.89,952.07,
2024-10-30 00:00:00,55.0,112.37,3.36,17.71,24.64,12.24,5.13,0.77,,0.48,1.01,,,,0.3,,93.43,,,,,5.89,951.96,
2024-10-30 01:00:00,56.47,115.87,4.12,20.59,23.61,13.0,7.42,0.75,,0.48,0.98,,,,0.3,,92.38,,,,,5.89,951.78,
2024-10-30 02:00:00,57.14,117.48,3.33,23.39,27.94,12.21,5.68,0.7,,0.47,0.97,,,,0.29,,93.05,,,,,5.89,951.65,
2024-10-30 03:00:00,56.29,115.46,2.18,20.71,25.48,11.06,5.76,0.68,,0.49,1.01,,,,0.3,,93.52,,,,,5.89,951.61,
2024-10-30 04:00:00,51.23,103.4,4.69,24.1,26.83,13.57,5.37,0.73,,0.49,1.01,,,,0.3,,93.65,,,,,5.89,951.71,
2024-10-30 05:00:00,47.79,95.22,5.01,23.21,25.3,13.89,5.38,0.91,,0.49,1.02,,,,0.3,,93.7,,,,,5.89,951.85,
2024-10-30 06:00:00,49.17,98.5,3.8,27.08,29.53,12.68,6.37,0.89,,0.49,0.99,,,,0.3,,93.7,,,,,5.89,952.02,
2024-10-30 07:00:00,48.61,97.18,3.82,25.42,28.2,12.7,5.91,0.92,,0.48,0.97,,,,0.29,,93.65,,,,,28.64,952.24,
2024-10-30 08:00:00,52.04,105.32,4.56,27.06,28.38,13.44,7.48,1.0,,0.49,0.97,,,,0.3,,93.38,,,,,133.35,952.38,
2024-10-30 09:00:00,52.86,107.29,8.03,29.74,27.74,16.91,7.06,1.04,,0.49,0.98,,,,0.3,,82.92,,,,,222.28,952.45,
2024-10-30 10:00:00,51.14,103.18,4.73,25.54,27.49,13.62,5.01,1.02,,0.49,0.97,,,,0.29,,75.18,,,,,105.84,952.43,
2024-10-30 11:00:00,24.7,40.23,7.12,29.79,28.94,16.0,5.26,1.02,13.31,0.48,1.0,,,,0.3,,66.08,,,,,260.27,952.21,
2024-10-30 12:00:00,52.06,105.37,4.34,21.28,23.95,13.22,6.64,0.92,13.19,0.49,1.0,,,,0.3,,51.42,,,,,253.74,951.95,
2024-10-30 13:00:00,50.9,102.63,6.77,29.92,28.92,15.65,5.69,1.0,13.38,0.49,1.0,,,,0.3,,53.75,,,,,216.76,951.7,
2024-10-30 14:00:00,51.64,104.38,4.44,25.54,28.71,13.32,6.1,1.09,13.18,0.48,0.99,,,,0.31,,71.97,,,,,6.31,951.66,
2024-10-30 15:00:00,50.5,101.66,3.0,19.03,24.83,11.88,6.94,1.08,13.22,0.48,1.02,,,,0.3,,93.78,,,,,6.16,951.73,
2024-10-30 16:00:00,49.13,98.4,3.15,23.91,29.51,12.02,7.36,1.0,12.98,0.49,0.99,,,,0.29,,93.8,,,,,5.89,951.69,
2024-10-30 17:00:00,50.32,101.23,3.16,17.88,23.79,11.75,5.64,1.13,13.44,0.49,0.98,,,,0.29,,93.8,,,,,5.89,951.75,
2024-10-30 18:00:00,58.12,119.82,3.47,22.09,25.99,12.35,6.91,1.09,13.14,0.49,1.0,,,,0.3,,93.8,,,,,5.89,951.92,
2024-10-30 19:00:00,54.47,111.12,3.58,22.48,25.27,12.46,7.03,1.05,13.3,0.48,0.98,,,,0.3,,93.8,,,,,5.89,952.14,
2024-10-30 20:00:00,50.22,101.0,3.8,25.81,28.17,12.68,8.09,1.0,13.35,0.48,0.98,,,,0.3,,93.8,,,,,5.89,952.3,
2024-10-30 21:00:00,51.62,104.35,2.21,18.09,25.08,11.09,5.96,0.98,13.2,0.49,1.02,,,,0.3,,93.8,,,,,5.89,952.43,
2024-10-30 22:00:00,48.6,97.15,4.43,25.67,27.13,13.31,5.71,0.98,13.26,0.5,1.01,,,,0.3,,93.8,,,,,5.89,952.47,
2024-10-30 23:00:00,48.92,97.9,6.84,31.13,31.01,15.72,6.44,0.97,13.18,0.49,1.0,,,,0.3,,93.72,,,,,5.89,952.34,
2024-10-31 00:00:00,46.47,92.09,2.36,22.27,26.02,11.24,5.36,0.94,13.45,0.48,0.96,,,,0.3,,93.68,,,,,5.89,952.22,
2024-10-31 01:00:00,43.79,85.69,2.99,18.84,22.41,11.86,5.37,0.92,13.4,0.49,0.99,,,,0.3,,93.65,,,,,5.89,952.06,
2024-10-31 02:00:00,43.6,85.23,4.24,25.34,27.72,13.12,5.32,0.9,13.46,0.47,0.97,,,,0.3,,93.68,,,,,5.89,951.94,
2024-10-31 03:00:00,40.68,78.27,2.53,26.14,29.46,11.41,5.24,0.87,13.31,0.49,1.0,,,,0.29,,93.68,,,,,5.89,951.92,
2024-10-31 04:00:00,41.58,80.44,5.26,27.94,29.3,14.14,6.48,0.87,13.4,0.5,1.0,,,,0.3,,93.6,,,,,5.89,951.92,
2024-10-31 05:00:00,39.96,76.56,6.34,28.75,28.51,15.22,5.49,0.88,13.04,0.49,0.99,,,,0.3,,93.6,,,,,5.89,952.0,
2024-10-31 06:00:00,37.21,70.04,3.44,28.04,30.32,12.32,5.91,0.88,13.32,0.49,0.98,,,,0.3,,93.6,,,,,6.97,952.2,
2024-10-31 07:00:00,42.94,83.67,3.96,20.88,24.54,12.84,8.36,0.89,13.46,0.48,1.0,,,,0.3,,93.6,,,,,59.2,952.44,
2024-10-31 08:00:00,43.42,84.81,2.97,20.61,25.62,11.85,,0.89,13.34,0.47,0.98,,,,0.31,,93.48,,,,,138.81,952.58,
2024-10-31 09:00:00,41.4,80.02,2.92,21.45,26.36,11.8,,0.87,13.18,0.49,1.0,,,,0.3,,92.62,,,,,237.9,952.67,
2024-10-31 10:00:00,44.04,86.28,4.42,24.33,26.6,13.29,,0.86,13.46,0.48,1.0,,,,0.3,,85.48,,,,,346.94,952.63,
2024-10-31 11:00:00,29.02,50.51,3.14,21.4,25.18,12.02,9.43,0.86,13.17,0.48,1.0,,,,0.3,,73.9,,,,,400.14,952.42,
2024-10-31 12:00:00,36.46,68.23,5.5,25.1,25.36,14.38,9.4,0.86,13.22,0.48,1.0,,,,0.3,,65.78,,,,,348.16,952.18,
2024-10-31 13:00:00,44.97,88.5,6.37,29.04,29.49,15.26,9.44,0.85,13.22,0.48,1.01,,,,0.3,,66.05,,,,,261.45,951.96,
2024-10-31 14:00:00,44.96,88.46,7.64,33.72,31.99,16.52,9.37,0.93,13.25,0.48,1.0,,,,0.3,,66.18,,,,,143.86,951.76,
2024-10-31 15:00:00,47.12,93.61,3.87,24.91,27.09,12.75,9.43,0.94,13.15,0.48,1.0,,,,0.3,,60.8,,,,,236.5,951.62,
2024-10-31 16:00:00,27.24,46.28,5.82,24.43,25.69,14.7,13.14,0.94,18.42,0.85,1.51,,,,0.62,,55.4,,,,,107.58,951.65,
2024-10-31 17:00:00,36.0,67.15,5.76,20.02,24.18,14.64,13.76,0.98,19.08,0.9,1.56,,,,0.63,,72.1,,,,,10.86,951.82,
2024-10-31 18:00:00,49.07,89.28,4.49,19.6,25.51,13.86,13.89,0.99,18.92,1.2,2.26,,,,0.76,,74.18,,,,,5.89,951.97,
2024-10-31 19:00:00,65.53,112.2,10.3,41.88,45.03,20.26,13.89,1.0,19.17,1.92,3.89,,,,1.1,,90.4,,,,,5.89,952.21,
2024-10-31 20:00:00,65.5,120.9,5.98,24.86,38.99,16.86,13.84,1.38,19.03,1.9,3.89,,,,1.1,,93.68,,,,,5.89,952.44,
2024-10-31 21:00:00,84.9,156.9,12.28,37.48,38.73,23.16,13.84,1.6,18.89,1.89,3.9,,,,1.1,,93.72,,,,,5.89,952.53,
2024-10-31 22:00:00,76.32,136.46,8.09,34.58,43.61,18.97,13.97,3.42,19.07,1.9,3.9,,,,1.08,,93.65,,,,,5.89,952.48,
2024-10-31 23:00:00,119.7,239.74,5.1,30.88,41.93,15.98,13.8,3.4,18.95,1.89,3.9,,,,1.1,,93.65,,,,,5.89,952.43,
2024-11-01 00:00:00,74.28,102.49,6.35,29.04,39.64,17.23,13.86,3.38,18.84,1.88,3.91,,,,1.12,,93.7,,,,,5.89,952.39,
2024-11-01 01:00:00,95.14,151.29,6.91,29.85,39.13,17.79,13.6,3.33,19.02,1.9,3.9,,,,1.09,,93.7,,,,,5.89,952.22,
2024-11-01 02:00:00,93.23,146.74,8.2,36.64,42.17,19.09,13.77,3.32,18.92,1.89,3.9,,,,1.09,,93.7,,,,,5.89,952.12,
2024-11-01 03:00:00,90.23,139.59,7.75,34.67,44.51,18.63,13.66,3.32,18.98,1.9,3.87,,,,1.1,,93.7,,,,,5.89,952.05,
2024-11-01 04:00:00,43.2,74.2,5.09,24.86,32.51,10.2,10.98,1.86,18.86,1.88,3.92,,,,1.1,,93.7,,,,,5.89,952.12,
2024-11-01 05:00:00,42.01,89.44,3.89,25.25,33.02,6.77,10.08,1.35,19.01,1.9,3.9,,,,1.11,,93.68,,,,,5.89,952.28,
2024-11-01 06:00:00,47.87,103.41,9.82,35.9,35.84,12.7,9.92,1.35,18.76,1.87,3.9,,,,1.07,,93.65,,,,,5.9,952.48,
2024-11-01 07:00:00,43.75,93.59,7.31,31.78,33.86,10.19,9.96,1.34,19.06,1.9,3.9,,,,1.1,,93.55,,,,,48.18,952.67,
2024-11-01 08:00:00,44.84,96.18,5.63,23.72,28.74,8.51,9.95,1.34,18.93,1.89,3.91,,,,1.08,,91.8,,,,,110.58,952.86,
2024-11-01 09:00:00,43.64,93.34,6.16,28.09,33.01,9.04,10.0,1.35,19.21,1.92,3.88,,,,1.09,,82.62,,,,,222.61,952.96,
2024-11-01 10:00:00,43.37,92.7,5.7,22.9,27.54,8.58,9.97,1.36,19.22,1.92,3.9,,,,1.09,,69.65,,,,,595.41,952.91,
2024-11-01 11:00:00,43.84,93.82,5.18,29.47,35.01,8.06,9.92,1.34,19.07,1.9,3.9,,,,1.1,,55.9,,,,,593.44,952.7,
2024-11-01 12:00:00,44.03,94.27,6.76,33.53,36.58,9.64,10.06,1.38,18.97,1.9,3.91,,,,1.11,,53.4,,,,,310.97,952.45,
2024-11-01 13:00:00,43.16,92.19,9.14,33.48,34.34,12.02,10.09,1.48,19.16,1.92,3.9,,,,1.09,,47.08,,,,,458.6,952.19,
2024-11-01 14:00:00,39.6,83.69,7.66,31.1,34.56,10.54,9.89,1.49,18.86,1.88,3.88,,,,1.1,,46.52,,,,,277.44,951.96,
2024-11-01 15:00:00,37.65,79.07,7.13,27.59,30.93,10.02,9.85,1.5,19.0,1.9,3.89,,,,1.09,,48.4,,,,,266.04,951.86,
2024-11-01 16:00:00,38.98,82.24,5.74,19.92,27.92,8.62,9.76,1.51,18.93,1.89,3.91,,,,1.1,,51.02,,,,,53.5,951.88,
2024-11-01 17:00:00,59.53,94.9,5.31,24.84,31.81,8.19,9.86,1.5,19.25,1.92,3.89,,,,1.1,,58.52,,,,,8.87,952.06,
2024-11-01 18:00:00,65.96,105.03,4.93,24.3,31.61,7.79,11.15,1.92,17.7,1.71,3.32,,,,1.05,,68.47,,,,,5.89,952.2,
2024-11-01 19:00:00,100.21,160.27,3.76,16.88,26.72,6.64,12.33,2.49,15.94,1.47,2.76,,,,0.98,,73.9,,,,,5.89,952.46,
2024-11-01 20:00:00,124.63,199.66,5.73,27.65,32.62,8.61,12.3,2.47,15.97,1.48,2.82,,,,1.0,,79.9,,,,,5.89,952.72,
2024-11-01 21:00:00,133.67,214.24,4.15,22.28,32.63,7.03,12.3,2.39,15.98,1.48,2.75,,,,0.98,,80.25,,,,,5.89,952.86,
2024-11-01 22:00:00,149.58,239.9,6.62,26.19,30.77,9.5,12.4,2.37,15.94,1.48,2.8,,,,0.98,,89.42,,,,,5.89,952.82,
2024-11-01 23:00:00,123.71,198.17,5.89,25.75,32.34,8.77,12.48,2.37,16.07,1.49,2.73,,,,0.98,,93.43,,,,,5.89,952.78,
2024-11-02 00:00:00,29.91,46.89,3.98,25.46,32.24,6.86,12.35,2.0,16.1,1.48,2.85,,,,0.98,,93.5,,,,,5.89,952.66,
2024-11-02 01:00:00,51.99,82.5,5.06,24.39,31.6,7.94,12.39,1.92,16.09,1.45,2.76,,,,0.99,,93.52,,,,,5.89,952.48,
2024-11-02 02:00:00,50.22,79.66,4.58,22.68,31.0,7.46,12.46,1.88,15.88,1.47,2.79,,,,0.97,,93.6,,,,,5.89,952.38,
2024-11-02 03:00:00,50.5,80.09,4.39,21.45,28.69,7.26,12.34,1.85,16.07,1.46,2.78,,,,0.98,,93.6,,,,,5.89,952.31,
2024-11-02 04:00:00,44.29,70.09,6.26,27.01,31.92,9.14,12.35,1.84,16.03,1.47,2.79,,,,0.99,,93.62,,,,,5.89,952.29,
2024-11-02 05:00:00,49.94,79.2,5.33,26.26,31.6,8.21,12.46,2.09,16.23,1.47,2.78,,,,0.98,,93.7,,,,,5.89,952.38,
2024-11-02 06:00:00,43.29,68.47,5.4,25.88,29.77,8.29,12.28,1.84,16.03,1.48,2.8,,,,0.98,,93.62,,,,,5.89,952.56,
2024-11-02 07:00:00,39.17,61.83,7.56,30.6,32.6,10.44,12.43,1.17,16.14,1.5,2.8,,,,0.99,,93.52,,,,,27.17,952.76,
2024-11-02 08:00:00,57.98,92.16,6.08,30.93,34.47,8.96,12.48,1.19,15.95,1.47,2.76,,,,0.96,,85.82,,,,,177.26,952.91,
2024-11-02 09:00:00,55.62,88.34,8.2,32.68,34.98,11.08,12.25,1.18,15.86,1.46,2.77,,,,0.98,,61.15,,,,,356.13,952.98,
2024-11-02 10:00:00,54.9,87.19,8.28,30.77,31.82,11.16,12.26,1.2,15.82,1.46,2.84,,,,0.99,,51.68,,,,,537.54,952.94,
2024-11-02 11:00:00,52.85,83.89,9.22,32.48,32.66,12.1,12.26,1.25,15.85,1.46,2.84,,,,0.98,,47.38,,,,,451.37,952.71,
2024-11-02 12:00:00,51.04,80.96,12.27,38.16,35.57,15.15,12.42,1.28,16.12,1.49,2.78,,,,0.99,,42.6,,,,,535.19,952.5,
2024-11-02 13:00:00,52.93,84.02,7.34,33.75,36.24,10.22,12.59,1.06,15.87,1.46,2.81,,,,0.99,,41.65,,,,,380.98,952.2,
2024-11-02 14:00:00,53.93,85.64,13.08,38.6,35.6,15.96,12.34,1.11,15.96,1.48,2.8,,,,0.97,,40.3,,,,,304.46,951.96,
2024-11-02 15:00:00,47.86,75.84,9.59,33.09,34.79,12.46,12.46,1.16,15.8,1.46,2.84,,,,1.01,,43.38,,,,,174.41,951.79,
2024-11-02 16:00:00,47.1,74.61,11.36,36.37,36.17,14.24,12.37,1.15,15.98,1.48,2.79,,,,0.98,,45.92,,,,,75.83,951.86,
2024-11-02 17:00:00,49.08,77.8,7.32,30.3,34.89,10.2,12.44,1.16,16.24,1.5,2.8,,,,0.99,,52.9,,,,,6.76,952.0,
2024-11-02 18:00:00,47.8,75.73,6.12,18.3,26.41,9.0,12.39,1.23,15.92,1.47,2.8,,,,0.98,,58.25,,,,,5.89,952.14,
2024-11-02 19:00:00,55.62,88.35,3.99,18.93,28.81,6.86,12.47,1.16,16.02,1.48,2.77,,,,0.99,,61.4,,,,,5.89,952.33,
2024-11-02 20:00:00,56.38,83.25,5.72,24.52,31.51,8.6,12.2,1.08,15.8,1.46,2.82,,,,0.98,,91.58,,,,,5.89,952.62,
2024-11-02 21:00:00,53.01,74.46,3.41,15.73,25.59,6.29,12.39,0.98,15.96,1.48,2.77,,,,1.0,,93.68,,,,,5.89,952.75,
2024-11-02 22:00:00,66.74,96.62,7.51,32.22,35.05,10.39,12.31,0.93,16.07,1.49,2.8,,,,0.98,,93.6,,,,,5.89,952.81,
2024-11-02 23:00:00,76.78,112.8,4.89,21.72,30.04,7.76,12.54,0.86,15.83,1.46,2.8,,,,0.99,,93.6,,,,,5.89,952.73,
2024-11-03 00:00:00,77.55,114.05,5.9,24.09,31.25,8.78,12.44,0.84,15.96,1.48,2.78,,,,0.98,,93.7,,,,,5.89,952.59,
2024-11-03 01:00:00,72.68,106.18,4.86,28.16,35.07,7.74,12.5,0.84,16.04,1.48,2.76,,,,0.98,,93.7,,,,,5.89,952.42,
2024-11-03 02:00:00,66.94,96.94,8.04,30.9,33.08,10.92,12.41,0.81,16.03,1.48,2.83,,,,0.99,,93.7,,,,,5.89,952.28,
2024-11-03 03:00:00,63.74,91.78,7.53,25.6,30.48,10.41,12.53,0.78,15.76,1.46,2.74,,,,0.99,,93.68,,,,,5.89,952.21,
2024-11-03 04:00:00,61.41,88.0,5.5,26.72,31.34,8.38,12.27,0.82,16.0,1.48,2.81,,,,0.99,,93.6,,,,,5.89,952.21,
2024-11-03 05:00:00,59.46,84.87,7.66,27.02,29.06,10.54,12.31,0.99,16.03,1.48,2.8,,,,0.99,,93.6,,,,,5.89,952.31,
2024-11-03 06:00:00,59.61,85.12,6.64,26.49,29.6,9.52,12.53,0.95,15.98,1.48,2.82,,,,0.99,,93.6,,,,,5.97,952.46,
2024-11-03 07:00:00,62.67,90.04,5.8,27.02,32.89,8.68,12.42,0.88,15.92,1.47,2.79,,,,0.98,,93.55,,,,,31.33,952.64,
2024-11-03 08:00:00,63.17,90.85,6.92,28.57,32.6,9.81,12.45,0.84,15.95,1.48,2.76,,,,0.98,,89.52,,,,,273.88,952.79,
2024-11-03 09:00:00,60.88,87.18,6.96,28.27,32.17,9.84,12.44,0.86,15.98,1.48,2.8,,,,1.0,,67.18,,,,,638.48,952.85,
2024-11-03 10:00:00,59.68,85.22,7.05,31.64,34.17,9.94,12.48,0.9,15.95,1.48,2.8,,,,1.0,,52.05,,,,,742.89,952.8,
2024-11-03 11:00:00,39.17,52.14,12.48,37.61,34.3,15.36,12.31,0.99,15.99,1.48,2.82,,,,0.98,,48.2,,,,,490.77,952.63,
2024-11-03 12:00:00,41.21,55.43,8.4,29.12,32.21,11.28,12.26,1.05,16.2,1.5,2.77,,,,1.0,,47.92,,,,,289.4,952.4,
2024-11-03 13:00:00,40.28,53.92,9.89,34.75,33.49,12.77,12.38,1.02,16.02,1.48,2.8,,,,0.98,,49.35,,,,,156.61,952.19,
2024-11-03 14:00:00,39.87,53.27,7.77,31.64,35.38,10.63,12.29,1.01,15.92,1.47,2.83,,,,0.97,,46.8,,,,,265.85,951.96,
2024-11-03 15:00:00,40.94,55.01,5.72,25.94,30.34,8.6,12.3,1.03,16.22,1.5,2.81,,,,0.99,,46.58,,,,,135.94,951.84,
2024-11-03 16:00:00,38.93,51.76,5.37,23.62,30.6,8.25,12.49,1.08,15.96,1.48,2.76,,,,1.0,,49.52,,,,,27.18,951.87,
2024-11-03 17:00:00,39.63,52.89,5.06,23.32,30.36,7.94,12.42,1.07,16.16,1.5,2.77,,,,1.0,,57.12,,,,,5.89,951.99,
2024-11-03 18:00:00,38.64,51.3,5.77,24.51,29.21,8.65,12.24,1.04,15.86,1.47,2.79,,,,1.0,,60.45,,,,,5.89,952.19,
2024-11-03 19:00:00,29.47,36.5,5.19,23.16,29.19,8.07,10.0,1.18,16.06,1.48,2.8,,,,0.99,,70.12,,,,,5.89,952.46,
2024-11-03 20:00:00,66.02,95.45,5.68,23.12,29.7,8.56,9.33,1.2,16.07,1.49,2.83,,,,0.98,,76.1,,,,,5.89,952.6,
2024-11-03 21:00:00,71.76,104.71,6.72,24.88,31.36,9.6,9.37,1.18,16.04,1.48,2.79,,,,1.01,,76.42,,,,,5.89,952.75,
2024-11-03 22:00:00,41.97,56.66,4.55,23.43,31.22,7.43,10.16,1.13,16.05,1.47,2.79,,,,0.97,,88.72,,,,,5.89,952.78,
2024-11-03 23:00:00,44.22,60.3,4.54,25.72,32.81,7.42,10.4,1.06,15.91,1.48,2.77,,,,0.98,,93.5,,,,,5.89,952.7,
2024-11-04 00:00:00,46.84,64.52,5.71,22.6,26.92,8.59,10.43,1.09,16.0,1.49,2.76,,,,0.97,,93.5,,,,,5.89,952.56,
2024-11-04 01:00:00,44.4,60.57,6.5,29.08,32.1,9.38,10.5,1.06,15.88,1.48,2.76,,,,1.01,,93.5,,,,,5.89,952.4,
2024-11-04 02:00:00,46.52,64.0,3.83,19.22,28.41,6.71,10.45,1.04,15.91,1.47,2.78,,,,0.97,,93.6,,,,,5.89,952.25,
2024-11-04 03:00:00,44.91,61.4,5.67,28.94,34.24,8.53,10.46,1.04,15.84,1.47,2.8,,,,0.98,,93.6,,,,,5.89,952.14,
2024-11-04 04:00:00,47.29,65.26,6.18,31.2,35.91,9.06,10.32,1.09,16.0,1.48,2.8,,,,0.97,,93.6,,,,,5.89,952.16,
2024-11-04 05:00:00,46.26,63.58,6.88,26.6,30.09,9.76,10.39,1.25,16.06,1.48,2.78,,,,0.98,,93.57,,,,,5.89,952.26,
2024-11-04 06:00:00,43.52,59.16,7.46,28.67,32.99,10.34,10.28,1.27,15.96,1.47,2.76,,,,0.99,,93.5,,,,,5.89,952.33,
2024-11-04 07:00:00,43.65,59.37,5.59,21.7,27.08,8.47,10.32,1.27,15.98,1.48,2.78,,,,1.0,,93.48,,,,,56.52,952.52,
2024-11-04 08:00:00,49.56,68.9,4.92,30.16,35.19,7.8,10.36,1.31,15.92,1.48,2.76,,,,1.0,,84.88,,,,,131.67,952.68,
2024-11-04 09:00:00,49.65,69.04,5.29,28.42,33.97,8.17,10.22,1.29,16.13,1.46,2.8,,,,0.98,,66.05,,,,,361.08,952.72,
2024-11-04 10:00:00,43.92,64.59,8.02,28.42,30.01,10.9,9.91,1.26,17.48,1.36,2.54,,,,0.89,,55.68,,,,,376.12,952.63,
2024-11-04 11:00:00,25.76,46.94,8.4,39.64,39.89,11.28,8.18,1.28,22.3,1.01,1.73,,,,0.54,,49.08,,,,,469.27,952.44,
2024-11-04 12:00:00,27.68,50.7,7.02,32.65,35.78,9.9,8.1,1.31,21.98,0.99,1.73,,,,0.54,,46.48,,,,,369.6,952.17,
2024-11-04 13:00:00,30.7,56.64,4.88,23.53,30.24,7.76,8.14,1.4,21.85,0.98,1.76,,,,0.55,,49.32,,,,,131.76,951.94,
2024-11-04 14:00:00,31.1,57.4,7.6,32.43,35.09,10.48,8.22,1.42,21.93,0.98,1.74,,,,0.55,,46.52,,,,,267.29,951.69,
2024-11-04 15:00:00,35.13,65.32,6.8,28.98,33.0,9.67,8.06,1.41,21.86,0.98,1.73,,,,0.55,,43.15,,,,,221.35,951.57,
2024-11-04 16:00:00,36.02,67.07,5.02,21.74,26.79,7.9,8.16,1.38,21.7,0.97,1.74,,,,0.54,,49.82,,,,,80.78,951.62,
2024-11-04 17:00:00,37.02,69.03,7.96,26.86,31.5,10.84,8.1,1.35,22.16,1.0,1.76,,,,0.55,,57.4,,,,,5.89,951.76,
2024-11-04 18:00:00,37.48,69.91,5.18,25.44,34.16,8.05,8.12,1.34,21.86,0.98,1.73,,,,0.54,,62.62,,,,,5.89,952.02,
2024-11-04 19:00:00,25.47,46.37,5.54,20.13,25.03,8.45,8.0,1.34,22.21,1.0,1.75,,,,0.55,,78.4,,,,,5.89,952.36,
2024-11-04 20:00:00,35.19,65.43,6.98,31.01,34.68,9.86,8.08,1.33,22.09,0.99,1.76,,,,0.53,,83.62,,,,,5.89,952.46,
2024-11-04 21:00:00,45.64,85.92,4.59,18.62,26.18,7.48,8.11,1.22,21.81,0.98,1.72,,,,0.55,,78.58,,,,,5.89,952.58,
2024-11-04 22:00:00,42.69,80.13,7.18,27.08,31.68,10.06,8.19,1.18,22.04,0.99,1.75,,,,0.55,,79.47,,,,,5.89,952.56,
2024-11-04 23:00:00,40.69,76.22,5.44,26.87,31.98,8.32,8.12,1.08,21.77,0.97,1.75,,,,0.55,,82.3,,,,,5.89,952.51,
2024-11-05 00:00:00,39.72,74.31,4.6,21.33,30.74,7.48,8.19,1.03,21.96,0.98,1.75,,,,0.54,,93.42,,,,,5.89,952.42,
2024-11-05 01:00:00,36.58,68.16,4.17,20.9,29.56,7.06,8.14,1.01,21.95,0.99,1.69,,,,0.54,,93.5,,,,,5.89,952.3,
2024-11-05 02:00:00,36.82,68.63,6.25,28.34,32.86,9.13,8.06,0.99,21.88,0.98,1.74,,,,0.55,,93.5,,,,,5.89,952.16,
2024-11-05 03:00:00,37.01,68.99,4.93,26.54,32.36,7.81,8.15,1.0,21.99,0.99,1.76,,,,0.53,,93.5,,,,,5.89,952.14,
2024-11-05 04:00:00,36.74,68.48,6.7,31.27,34.76,9.58,8.01,1.07,22.14,1.0,1.72,,,,0.54,,93.6,,,,,5.89,952.14,
2024-11-05 05:00:00,38.65,72.2,6.53,27.37,32.33,9.41,8.15,1.19,21.91,0.98,1.72,,,,0.54,,93.6,,,,,5.89,952.26,
2024-11-05 06:00:00,37.06,69.1,4.2,22.21,30.12,7.08,8.16,1.15,21.98,0.98,1.76,,,,0.55,,93.55,,,,,5.89,952.5,
2024-11-05 07:00:00,36.9,68.78,3.76,26.27,35.17,6.64,8.15,1.17,21.93,0.98,1.76,,,,0.54,,93.48,,,,,19.72,952.66,
2024-11-05 08:00:00,40.58,76.0,5.69,27.34,32.81,8.57,8.17,1.19,22.06,1.0,1.76,,,,0.55,,77.15,,,,,192.49,952.82,
2024-11-05 09:00:00,46.06,86.76,5.76,27.17,31.44,8.64,8.12,1.2,22.08,0.99,1.73,,,,0.53,,51.48,,,,,438.83,952.83,
2024-11-05 10:00:00,48.16,90.87,6.05,23.45,29.41,8.94,8.05,1.2,22.04,0.99,1.76,,,,0.54,,47.0,,,,,414.77,952.77,
2024-11-05 11:00:00,46.56,87.71,7.78,35.86,37.39,10.66,8.04,1.25,21.89,0.98,1.74,,,,0.53,,44.1,,,,,513.76,952.57,
2024-11-05 12:00:00,46.03,86.68,10.7,39.97,38.72,13.56,8.08,1.32,21.94,0.98,1.75,,,,0.55,,39.1,,,,,478.01,952.25,
2024-11-05 13:00:00,46.31,87.24,9.68,39.57,39.07,12.58,8.18,1.25,21.86,0.98,1.74,,,,0.54,,41.85,,,,,294.67,952.06,
2024-11-05 14:00:00,46.3,87.24,11.09,32.72,31.28,13.98,8.22,1.26,21.92,0.98,1.71,,,,0.54,,39.9,,,,,280.93,951.88,
2024-11-05 15:00:00,48.31,91.16,11.58,39.64,38.33,14.45,8.15,1.31,21.85,0.98,1.74,,,,0.55,,40.0,,,,,178.7,951.83,
2024-11-05 16:00:00,49.47,93.43,9.37,34.51,37.44,12.24,8.09,1.31,21.89,0.98,1.74,,,,0.54,,42.35,,,,,84.55,951.89,
2024-11-05 17:00:00,47.58,89.72,8.61,30.52,33.7,11.49,8.01,1.31,21.64,0.96,1.75,,,,0.55,,46.58,,,,,7.54,952.05,
2024-11-05 18:00:00,50.98,96.4,5.54,18.98,25.44,8.43,8.24,1.33,22.06,0.99,1.76,,,,0.55,,54.68,,,,,5.89,952.24,
2024-11-05 19:00:00,55.34,104.94,4.86,19.17,29.08,7.74,8.15,1.3,21.89,0.98,1.76,,,,0.53,,59.95,,,,,5.89,952.45,
2024-11-05 20:00:00,59.5,113.1,4.85,21.84,29.9,7.73,8.15,1.28,22.03,0.99,1.77,,,,0.53,,64.82,,,,,5.89,952.63,
2024-11-05 21:00:00,59.62,113.32,4.15,24.9,33.28,7.03,8.12,1.23,21.92,0.98,1.73,,,,0.55,,69.58,,,,,5.89,952.7,
2024-11-05 22:00:00,56.72,107.64,4.99,26.32,33.3,7.87,8.16,1.09,22.23,1.0,1.76,,,,0.53,,72.65,,,,,5.89,952.69,
2024-11-05 23:00:00,56.48,107.18,4.28,23.7,30.52,7.16,8.09,1.12,22.02,0.99,1.74,,,,0.54,,73.6,,,,,5.89,952.65,
2024-11-06 00:00:00,55.08,104.43,4.54,22.93,31.56,7.42,7.99,1.09,22.11,1.0,1.74,,,,0.54,,78.53,,,,,5.89,952.53,
2024-11-06 01:00:00,54.46,103.2,5.24,26.8,32.79,8.1,8.1,1.02,22.16,1.0,1.73,,,,0.54,,89.25,,,,,5.89,952.4,
2024-11-06 02:00:00,54.92,104.11,6.03,29.1,32.85,8.91,8.02,1.01,21.87,0.98,1.76,,,,0.55,,93.45,,,,,5.89,952.28,
2024-11-06 03:00:00,53.78,101.9,7.92,35.14,37.52,10.79,8.18,1.0,22.05,0.99,1.72,,,,0.54,,93.48,,,,,5.89,952.23,
2024-11-06 04:00:00,51.61,97.63,4.76,22.44,30.2,7.64,8.06,1.06,21.87,0.98,1.74,,,,0.54,,93.5,,,,,5.89,952.26,
2024-11-06 05:00:00,51.65,97.7,5.28,26.02,32.01,8.16,8.28,1.23,22.04,0.99,1.75,,,,0.55,,93.55,,,,,5.89,952.42,
2024-11-06 06:00:00,53.24,100.83,3.74,19.95,28.24,6.62,8.12,1.22,22.19,1.0,1.76,,,,0.54,,93.6,,,,,5.89,952.61,
2024-11-06 07:00:00,53.63,101.59,8.67,27.58,29.32,11.56,8.15,1.24,21.9,0.98,1.76,,,,0.55,,90.7,,,,,16.18,952.78,
2024-11-06 08:00:00,56.24,106.71,4.48,19.91,29.04,7.36,8.04,1.25,21.81,0.98,1.73,,,,0.55,,62.2,,,,,195.32,952.91,
2024-11-06 09:00:00,57.26,108.7,4.2,16.64,25.17,7.08,8.11,1.25,22.25,1.01,1.73,,,,0.55,,48.1,,,,,433.3,952.94,
2024-11-06 10:00:00,58.72,111.56,8.51,36.15,37.24,11.39,8.16,1.25,22.0,0.99,1.73,,,,0.54,,44.45,,,,,507.13,952.88,
2024-11-06 11:00:00,60.86,115.77,11.42,37.33,35.57,14.3,7.98,1.31,22.29,1.01,1.74,,,,0.56,,41.2,,,,,541.43,952.68,
2024-11-06 12:00:00,29.1,53.48,9.4,38.35,39.21,12.28,6.46,1.37,24.74,0.76,1.62,,,,0.58,,38.38,,,,,479.54,952.36,
2024-11-06 13:00:00,61.14,116.31,8.89,30.73,33.31,11.77,6.27,1.29,25.02,0.75,1.56,,,,0.6,,37.35,,,,,371.34,952.14,
2024-11-06 14:00:00,60.41,114.89,10.24,31.12,30.94,13.12,6.32,1.3,24.87,0.74,1.58,,,,0.59,,38.6,,,,,228.94,951.96,
2024-11-06 15:00:00,61.21,116.45,8.64,32.71,36.21,11.51,6.42,1.32,24.86,0.74,1.59,,,,0.57,,37.65,,,,,102.27,951.93,
2024-11-06 16:00:00,54.95,104.18,5.04,23.15,32.44,7.91,6.38,1.3,25.2,0.76,1.58,,,,0.58,,40.67,,,,,34.89,951.94,
2024-11-06 17:00:00,52.83,100.02,7.93,29.31,32.02,10.81,6.36,1.3,25.01,0.75,1.58,,,,0.6,,46.62,,,,,5.89,952.05,
2024-11-06 18:00:00,65.76,125.36,6.83,23.46,31.72,9.7,6.38,1.3,24.9,0.74,1.62,,,,0.59,,54.48,,,,,5.89,952.21,
2024-11-06 19:00:00,64.16,122.24,4.82,20.02,26.7,7.7,6.44,1.33,25.06,0.75,1.58,,,,0.59,,58.25,,,,,5.89,952.42,
2024-11-06 20:00:00,73.33,140.21,6.59,25.74,31.88,9.48,6.37,1.31,25.06,0.75,1.62,,,,0.59,,57.88,,,,,5.89,952.6,
2024-11-06 21:00:00,69.29,132.3,4.92,23.5,30.65,7.81,6.39,1.3,25.08,0.75,1.61,,,,0.59,,59.7,,,,,5.89,952.6,
2024-11-06 22:00:00,63.52,120.98,5.21,27.13,32.24,8.1,6.29,1.21,24.94,0.74,1.59,,,,0.6,,64.05,,,,,5.89,952.55,
2024-11-06 23:00:00,59.14,112.38,5.97,30.68,35.84,8.85,6.36,1.16,24.93,0.74,1.55,,,,0.6,,68.88,,,,,5.89,952.5,
2024-11-07 00:00:00,56.96,108.12,8.07,30.78,32.7,10.95,6.37,1.14,25.03,0.75,1.61,,,,0.59,,84.12,,,,,5.89,952.35,
2024-11-07 01:00:00,56.85,107.89,5.38,29.51,34.36,8.26,6.44,1.1,24.72,0.73,1.59,,,,0.6,,93.45,,,,,5.89,952.24,
2024-11-07 02:00:00,57.92,110.0,5.56,25.17,32.22,8.44,6.54,1.11,24.98,0.74,1.6,,,,0.6,,93.5,,,,,5.89,952.13,
2024-11-07 03:00:00,54.36,103.03,6.26,24.34,28.9,9.14,6.44,1.1,25.01,0.75,1.62,,,,0.6,,93.5,,,,,5.89,952.07,
2024-11-07 04:00:00,55.82,105.88,7.04,34.16,36.52,9.92,6.53,1.13,24.85,0.74,1.61,,,,0.58,,93.52,,,,,5.89,952.08,
2024-11-07 05:00:00,53.06,100.47,6.22,31.42,35.45,9.1,6.32,1.28,25.2,0.76,1.58,,,,0.6,,93.6,,,,,5.89,952.22,
2024-11-07 06:00:00,51.1,96.62,5.16,28.84,33.47,8.04,6.42,1.26,25.0,0.75,1.61,,,,0.6,,93.6,,,,,5.89,952.4,
2024-11-07 07:00:00,51.43,97.27,4.3,23.82,31.29,7.18,6.48,1.3,25.08,0.75,1.56,,,,0.59,,93.3,,,,,10.58,952.63,
2024-11-07 08:00:00,48.47,91.47,4.91,19.74,28.07,7.78,6.41,1.31,25.05,0.75,1.61,,,,0.61,,90.95,,,,,53.12,952.8,
2024-11-07 09:00:00,59.21,112.53,4.65,19.34,27.49,7.53,6.45,1.29,24.94,0.74,1.59,,,,0.6,,73.85,,,,,229.79,952.88,
2024-11-07 10:00:00,75.77,145.01,5.97,25.55,31.12,8.85,6.38,1.29,25.09,0.75,1.59,,,,0.6,,57.12,,,,,301.16,952.79,
2024-11-07 11:00:00,64.63,123.17,6.83,30.66,33.53,9.7,6.37,1.31,25.07,0.75,1.56,,,,0.59,,54.52,,,,,168.63,952.6,
2024-11-07 12:00:00,57.11,108.43,5.91,27.5,31.92,8.78,6.47,1.32,25.03,0.75,1.6,,,,0.58,,58.6,,,,,76.19,952.36,
2024-11-07 13:00:00,58.04,110.23,7.28,29.14,31.92,10.16,6.43,1.31,24.95,0.74,1.58,,,,0.59,,62.55,,,,,68.7,952.2,
2024-11-07 14:00:00,58.25,110.65,5.22,25.62,31.86,8.1,6.38,1.32,24.78,0.73,1.59,,,,0.59,,60.08,,,,,75.16,952.02,
2024-11-07 15:00:00,54.19,102.69,7.52,31.47,34.26,10.4,6.32,1.3,25.12,0.76,1.57,,,,0.58,,61.72,,,,,34.52,951.98,
2024-11-07 16:00:00,56.11,106.46,6.3,27.1,31.43,9.18,6.48,1.28,25.15,0.76,1.56,,,,0.6,,60.7,,,,,9.3,952.01,
2024-11-07 17:00:00,33.41,64.03,6.7,36.34,39.22,9.58,7.44,1.12,21.59,0.85,1.66,,,,0.54,,62.85,,,,,5.89,952.13,
2024-11-07 18:00:00,35.21,69.14,7.59,30.52,32.11,10.46,8.43,1.0,19.05,0.95,1.77,,,,0.51,,67.4,,,,,5.89,952.3,
2024-11-07 19:00:00,49.93,98.01,7.29,27.83,32.61,10.17,8.38,1.02,19.2,0.96,1.73,,,,0.51,,71.88,,,,,5.89,952.48,
2024-11-07 20:00:00,49.85,97.84,5.18,21.62,29.79,8.06,8.31,1.02,18.96,0.94,1.74,,,,0.51,,75.45,,,,,5.89,952.66,
2024-11-07 21:00:00,47.44,93.13,6.04,27.44,33.36,8.91,8.41,1.06,19.08,0.95,1.76,,,,0.51,,81.65,,,,,5.89,952.73,
2024-11-07 22:00:00,41.2,80.89,6.36,27.23,31.54,9.25,8.38,1.02,18.96,0.94,1.76,,,,0.51,,84.85,,,,,5.89,952.67,
2024-11-07 23:00:00,38.59,75.77,6.94,26.36,28.96,9.83,8.37,0.99,18.85,0.94,1.72,,,,0.52,,93.45,,,,,5.89,952.55,
2024-11-08 00:00:00,38.83,76.23,5.5,25.67,33.33,8.4,8.54,0.97,18.93,0.94,1.71,,,,0.52,,93.5,,,,,5.89,952.48,
2024-11-08 01:00:00,35.5,69.71,6.89,29.4,32.86,9.76,8.29,0.94,18.99,0.94,1.75,,,,0.52,,93.57,,,,,5.89,952.32,
2024-11-08 02:00:00,31.74,62.34,5.13,24.34,30.81,8.01,8.38,0.92,18.91,0.94,1.74,,,,0.52,,93.6,,,,,5.89,952.24,
2024-11-08 03:00:00,30.39,59.68,4.68,21.98,28.89,7.55,8.38,0.91,18.84,0.94,1.76,,,,0.52,,93.6,,,,,5.89,952.17,
2024-11-08 04:00:00,30.79,60.47,4.23,22.08,30.55,7.11,8.36,0.92,19.06,0.95,1.74,,,,0.51,,93.6,,,,,5.89,952.2,
2024-11-08 05:00:00,31.99,62.84,6.08,24.98,29.32,8.96,8.46,0.94,18.97,0.95,1.79,,,,0.52,,93.65,,,,,5.89,952.28,
2024-11-08 06:00:00,18.48,36.33,4.94,23.89,29.76,8.99,8.38,0.97,19.4,0.98,1.78,,,,0.51,,93.6,,,,,5.89,952.44,
2024-11-08 07:00:00,19.9,39.12,6.43,25.39,31.72,9.3,8.43,0.97,18.99,0.95,1.75,,,,0.51,,93.55,,,,,7.54,952.59,
2024-11-08 08:00:00,30.58,60.06,5.95,24.71,31.16,8.83,8.61,0.98,19.15,0.93,1.75,,,,0.51,,78.1,,,,,224.23,952.72,
2024-11-08 09:00:00,17.36,34.14,4.76,21.29,29.94,7.64,10.42,0.96,23.2,0.88,1.7,,,,0.55,,51.6,,,,,463.74,952.77,
2024-11-08 10:00:00,26.54,52.13,9.06,34.97,34.62,11.94,10.48,1.04,23.25,0.88,1.66,,,,0.56,,45.82,,,,,554.73,952.66,
2024-11-08 11:00:00,30.78,60.45,10.98,37.85,36.9,13.87,10.43,1.13,23.29,0.89,1.67,,,,0.54,,40.67,,,,,538.16,952.46,
2024-11-08 12:00:00,29.9,58.71,11.66,38.25,35.93,14.54,10.43,1.12,23.22,0.88,1.67,,,,0.56,,37.35,,,,,496.86,952.22,
2024-11-08 13:00:00,33.7,66.19,12.08,35.12,32.07,14.96,10.42,1.01,23.22,0.88,1.7,,,,0.56,,32.45,,,,,503.96,952.01,
2024-11-08 14:00:00,34.3,67.35,11.68,38.42,36.9,14.56,10.24,1.02,23.0,0.86,1.71,,,,0.56,,31.18,,,,,357.3,951.85,
2024-11-08 15:00:00,34.24,67.23,9.38,32.83,33.94,12.26,10.34,1.04,23.2,0.88,1.68,,,,0.54,,37.55,,,,,148.12,951.78,
2024-11-08 16:00:00,34.42,67.57,8.48,28.23,31.26,11.36,10.48,1.03,23.19,0.88,1.71,,,,0.57,,41.98,,,,,28.89,951.84,
2024-11-08 17:00:00,36.22,71.11,7.92,23.66,28.96,10.8,10.42,1.0,23.13,0.88,1.69,,,,0.56,,45.52,,,,,5.89,951.98,
2024-11-08 18:00:00,37.26,73.14,5.49,18.63,26.55,8.37,10.26,1.04,23.12,0.88,1.68,,,,0.56,,52.18,,,,,5.89,952.18,
2024-11-08 19:00:00,44.02,86.42,3.82,17.95,26.04,6.7,10.36,1.04,23.35,0.89,1.7,,,,0.56,,56.42,,,,,5.89,952.39,
2024-11-08 20:00:00,52.74,103.5,4.05,19.07,30.16,6.93,10.52,1.03,23.03,0.87,1.72,,,,0.56,,55.9,,,,,5.89,952.54,
2024-11-08 21:00:00,47.13,92.5,4.11,17.02,25.38,7.0,10.27,1.03,23.25,0.88,1.67,,,,0.55,,61.08,,,,,5.89,952.64,
2024-11-08 22:00:00,43.03,84.46,8.6,27.87,29.56,11.47,10.45,0.97,23.18,0.88,1.69,,,,0.56,,74.18,,,,,5.89,952.6,
2024-11-08 23:00:00,42.08,82.62,6.62,23.08,28.98,9.5,10.6,0.87,22.94,0.86,1.69,,,,0.56,,89.3,,,,,5.89,952.5,
2024-11-09 00:00:00,38.68,75.94,8.09,30.17,33.78,10.97,10.38,0.82,23.17,0.88,1.72,,,,0.56,,93.48,,,,,5.89,952.39,
2024-11-09 01:00:00,32.67,64.16,5.65,29.34,33.86,8.53,10.41,0.77,23.03,0.87,1.68,,,,0.57,,93.5,,,,,5.89,952.29,
2024-11-09 02:00:00,35.52,69.75,6.52,27.47,31.86,9.4,10.38,0.76,23.17,0.88,1.72,,,,0.57,,93.5,,,,,5.89,952.24,
2024-11-09 03:00:00,30.54,59.98,5.51,26.01,32.89,8.39,10.32,0.74,23.23,0.88,1.7,,,,0.57,,93.5,,,,,5.89,952.18,
2024-11-09 04:00:00,27.12,53.26,7.18,27.12,30.34,10.06,10.46,0.8,22.92,0.86,1.67,,,,0.56,,93.5,,,,,5.89,952.24,
2024-11-09 05:00:00,27.5,54.02,5.78,28.78,34.16,8.66,10.38,0.95,23.04,0.87,1.68,,,,0.56,,93.52,,,,,5.89,952.37,
2024-11-09 06:00:00,27.89,54.78,5.34,22.0,29.96,8.22,10.46,0.95,23.22,0.88,1.68,,,,0.55,,93.6,,,,,5.9,952.54,
2024-11-09 07:00:00,26.24,51.55,8.21,26.87,30.75,11.09,10.42,0.95,22.96,0.86,1.69,,,,0.56,,88.02,,,,,26.91,952.72,
2024-11-09 08:00:00,30.1,59.13,6.52,27.59,32.24,9.4,10.24,0.98,23.37,0.89,1.68,,,,0.56,,57.68,,,,,152.17,952.84,
2024-11-09 09:00:00,32.66,64.14,7.52,34.17,36.02,10.4,10.42,1.0,23.14,0.88,1.62,,,,0.56,,47.3,,,,,395.86,952.88,
2024-11-09 10:00:00,35.48,69.67,9.13,32.64,33.51,12.01,10.6,0.99,23.18,0.88,1.67,,,,0.57,,38.67,,,,,524.71,952.81,
2024-11-09 11:00:00,35.88,70.44,10.73,36.18,35.68,13.63,10.46,1.03,23.2,0.88,1.69,,,,0.56,,35.15,,,,,548.77,952.56,
2024-11-09 12:00:00,34.97,68.68,12.76,42.35,38.21,15.64,10.35,1.07,22.87,0.86,1.7,,,,0.58,,36.28,,,,,399.61,952.3,
2024-11-09 13:00:00,36.66,71.99,10.94,30.76,30.77,13.84,10.34,1.0,23.24,0.88,1.69,,,,0.56,,33.83,,,,,415.35,952.07,
2024-11-09 14:00:00,33.66,66.1,7.38,27.9,33.24,10.26,10.46,1.05,23.09,0.87,1.65,,,,0.56,,33.4,,,,,290.61,951.94,
2024-11-09 15:00:00,32.83,64.47,5.48,23.52,29.12,8.37,10.4,1.08,23.2,0.88,1.67,,,,0.55,,33.67,,,,,228.26,951.86,
2024-11-09 16:00:00,28.94,56.84,7.3,34.01,37.21,10.18,10.57,1.1,23.26,0.88,1.72,,,,0.55,,38.52,,,,,50.46,951.96,
2024-11-09 17:00:00,33.38,65.54,5.04,20.95,33.12,7.92,10.15,1.08,23.25,0.89,1.67,,,,0.55,,45.4,,,,,5.89,952.1,
2024-11-09 18:00:00,35.28,69.28,3.87,15.44,26.19,6.75,10.3,1.08,23.43,0.9,1.7,,,,0.56,,49.4,,,,,5.89,952.22,
2024-11-09 19:00:00,37.17,72.97,3.88,16.9,25.54,6.76,10.37,1.04,23.27,0.89,1.68,,,,0.55,,51.45,,,,,5.89,952.41,
2024-11-09 20:00:00,41.8,82.04,4.53,17.28,26.86,7.41,10.21,1.02,23.09,0.88,1.7,,,,0.56,,55.6,,,,,5.89,952.52,
2024-11-09 21:00:00,41.76,81.98,4.53,23.26,30.54,7.41,10.39,0.98,23.24,0.88,1.66,,,,0.56,,60.35,,,,,5.89,952.61,
2024-11-09 22:00:00,37.33,73.3,6.2,26.85,31.69,9.08,10.36,0.88,23.0,0.87,1.66,,,,0.57,,65.75,,,,,5.89,952.66,
2024-11-09 23:00:00,38.42,75.44,5.92,24.74,30.92,8.8,10.32,0.85,23.16,0.88,1.66,,,,0.55,,69.45,,,,,5.89,952.58,
2024-11-10 00:00:00,36.35,71.37,5.93,27.43,32.36,8.81,10.32,0.82,23.45,0.9,1.7,,,,0.56,,75.7,,,,,5.89,952.51,
2024-11-10 01:00:00,35.56,69.82,8.6,34.53,35.21,11.48,10.43,0.81,22.86,0.86,1.66,,,,0.57,,92.72,,,,,5.89,952.42,
2024-11-10 02:00:00,36.6,71.86,4.29,23.8,30.84,7.16,10.35,0.81,23.36,0.9,1.67,,,,0.57,,93.57,,,,,5.89,952.32,
2024-11-10 03:00:00,34.02,66.8,6.6,23.86,28.06,9.48,10.51,0.79,23.28,0.88,1.7,,,,0.56,,93.6,,,,,5.89,952.24,
2024-11-10 04:00:00,34.38,67.5,7.15,28.08,31.98,10.04,10.6,0.85,23.28,0.88,1.68,,,,0.57,,93.6,,,,,5.89,952.27,
2024-11-10 05:00:00,30.38,59.68,6.78,27.73,32.53,9.65,10.36,0.96,23.0,0.87,1.68,,,,0.55,,93.62,,,,,5.89,952.38,
2024-11-10 06:00:00,35.28,69.29,5.49,23.84,29.2,8.36,10.3,0.94,23.19,0.88,1.66,,,,0.55,,93.62,,,,,5.89,952.5,
2024-11-10 07:00:00,36.1,70.9,4.71,23.06,30.0,7.59,10.34,0.89,22.75,0.85,1.69,,,,0.56,,93.45,,,,,14.86,952.66,
2024-11-10 08:00:00,38.58,75.74,5.95,26.7,30.94,8.83,10.27,0.88,23.02,0.87,1.69,,,,0.57,,73.3,,,,,222.04,952.8,
2024-11-10 09:00:00,36.1,70.88,5.59,28.82,33.22,8.47,10.38,0.9,22.92,0.86,1.7,,,,0.57,,51.6,,,,,446.04,952.86,
2024-11-10 10:00:00,33.59,65.96,8.15,29.88,31.74,11.03,10.48,0.86,23.3,0.89,1.69,,,,0.56,,43.62,,,,,512.58,952.76,
2024-11-10 11:00:00,31.56,61.98,11.88,38.66,35.28,14.76,10.21,0.95,22.98,0.87,1.65,,,,0.56,,39.55,,,,,501.22,952.52,
2024-11-10 12:00:00,32.33,63.49,14.95,43.5,37.43,17.83,10.42,1.03,22.98,0.87,1.68,,,,0.57,,32.85,,,,,556.65,952.25,
2024-11-10 13:00:00,30.61,60.12,8.41,28.42,30.18,11.29,10.35,0.97,23.0,0.87,1.66,,,,0.57,,28.35,,,,,513.92,952.03,
2024-11-10 14:00:00,34.98,68.68,8.96,36.65,37.47,11.84,10.32,1.03,23.26,0.88,1.71,,,,0.55,,30.0,,,,,288.5,951.87,
2024-11-10 15:00:00,34.0,66.77,11.27,32.95,32.44,14.15,10.36,1.03,23.13,0.88,1.67,,,,0.57,,32.1,,,,,170.21,951.83,
2024-11-10 16:00:00,32.93,64.66,6.04,23.62,30.48,8.93,10.49,1.03,23.35,0.89,1.72,,,,0.57,,33.85,,,,,90.51,951.88,
2024-11-10 17:00:00,29.92,58.77,6.16,22.48,31.13,9.03,10.37,1.04,23.4,0.9,1.64,,,,0.56,,40.42,,,,,6.93,951.97,
2024-11-10 18:00:00,32.76,64.32,6.75,24.3,30.48,9.63,10.3,1.0,23.06,0.87,1.69,,,,0.55,,47.08,,,,,5.89,952.08,
2024-11-10 19:00:00,36.46,71.6,4.84,18.72,28.27,7.72,10.49,0.94,23.04,0.87,1.68,,,,0.55,,49.92,,,,,5.89,952.26,
2024-11-10 20:00:00,32.62,64.06,3.82,20.98,30.09,6.7,10.53,0.92,22.8,0.85,1.68,,,,0.57,,53.02,,,,,5.89,952.46,
2024-11-10 21:00:00,38.91,76.4,5.48,20.02,28.04,8.37,10.42,0.97,23.25,0.88,1.68,,,,0.56,,59.28,,,,,5.89,952.57,
2024-11-10 22:00:00,40.46,79.42,5.23,24.92,31.06,8.11,10.39,0.91,23.34,0.89,1.67,,,,0.57,,64.1,,,,,5.89,952.58,
2024-11-10 23:00:00,42.33,83.09,5.16,23.31,29.79,8.05,10.24,0.85,23.22,0.88,1.7,,,,0.56,,74.35,,,,,5.89,952.46,
2024-11-11 00:00:00,39.81,78.16,5.49,24.42,31.15,8.37,10.42,0.81,23.1,0.88,1.72,,,,0.56,,88.38,,,,,5.89,952.32,
2024-11-11 01:00:00,41.85,82.15,5.0,27.4,34.57,7.88,10.51,0.79,23.05,0.87,1.69,,,,0.57,,93.48,,,,,5.89,952.22,
2024-11-11 02:00:00,42.81,84.04,5.7,28.72,33.14,8.58,10.55,0.79,23.4,0.9,1.66,,,,0.57,,93.4,,,,,5.89,952.1,
2024-11-11 03:00:00,38.21,75.02,10.9,31.56,29.15,13.78,10.32,0.81,23.11,0.88,1.72,,,,0.57,,93.25,,,,,5.89,952.01,
2024-11-11 04:00:00,37.35,73.32,5.6,25.82,31.74,8.48,10.32,0.82,23.25,0.88,1.69,,,,0.57,,93.18,,,,,5.89,952.06,
2024-11-11 05:00:00,35.08,68.88,6.15,24.42,29.96,9.03,10.38,0.96,23.17,0.88,1.68,,,,0.57,,93.22,,,,,5.89,952.18,
2024-11-11 06:00:00,37.08,72.8,5.44,23.01,30.64,8.32,10.36,0.96,23.15,0.88,1.68,,,,0.56,,93.4,,,,,5.89,952.38,
2024-11-11 07:00:00,36.14,70.96,5.32,25.01,31.22,8.2,10.44,0.96,23.14,0.88,1.69,,,,0.56,,93.6,,,,,25.08,952.56,
2024-11-11 08:00:00,42.68,83.79,6.07,26.43,32.1,8.93,10.2,0.96,23.35,0.89,1.65,,,,0.56,,85.68,,,,,188.29,952.68,
2024-11-11 09:00:00,40.44,79.4,6.34,28.05,32.1,9.23,10.52,0.98,23.2,0.88,1.71,,,,0.57,,55.55,,,,,395.6,952.66,
2024-11-11 10:00:00,45.64,89.58,6.2,31.27,33.94,9.08,10.3,1.0,23.24,0.88,1.67,,,,0.57,,48.45,,,,,497.91,952.52,
2024-11-11 11:00:00,47.68,93.58,9.83,33.59,35.63,12.72,10.28,1.06,23.21,0.88,1.68,,,,0.56,,40.88,,,,,548.64,952.29,
2024-11-11 12:00:00,45.44,89.18,12.67,37.7,34.14,15.56,10.37,1.13,23.08,0.88,1.7,,,,0.57,,34.52,,,,,547.06,952.02,
2024-11-11 13:00:00,47.57,93.38,6.57,28.93,33.43,9.46,10.35,1.0,23.09,0.88,1.68,,,,0.56,,31.98,,,,,489.17,951.81,
2024-11-11 14:00:00,46.69,91.65,11.0,41.12,41.23,13.88,10.35,0.98,23.32,0.89,1.68,,,,0.55,,33.98,,,,,337.18,951.66,
2024-11-11 15:00:00,45.34,89.01,6.44,28.53,34.24,9.32,10.5,0.96,23.28,0.89,1.7,,,,0.57,,35.9,,,,,221.33,951.56,
2024-11-11 16:00:00,42.59,83.6,6.57,26.08,32.41,9.45,10.42,0.98,23.3,0.89,1.7,,,,0.55,,41.22,,,,,34.16,951.62,
2024-11-11 17:00:00,45.85,90.0,5.92,18.63,24.14,8.8,10.58,0.99,23.39,0.9,1.68,,,,0.56,,44.3,,,,,6.16,951.77,
2024-11-11 18:00:00,42.57,83.57,4.22,16.37,25.79,7.1,10.35,0.98,22.92,0.86,1.68,,,,0.55,,50.22,,,,,5.89,951.9,
2024-11-11 19:00:00,46.72,91.7,5.69,23.1,30.32,8.57,10.36,0.98,23.1,0.88,1.68,,,,0.57,,56.18,,,,,5.89,952.1,
2024-11-11 20:00:00,48.24,94.68,4.94,21.22,29.8,7.82,10.29,0.97,23.05,0.87,1.68,,,,0.56,,59.65,,,,,5.89,952.28,
2024-11-11 21:00:00,52.94,103.92,4.44,17.43,26.47,7.32,10.56,1.01,23.24,0.88,1.7,,,,0.56,,61.28,,,,,5.89,952.39,
2024-11-11 22:00:00,51.12,100.33,5.18,19.48,25.31,8.06,10.49,0.94,23.06,0.87,1.66,,,,0.56,,62.38,,,,,5.89,952.34,
2024-11-11 23:00:00,49.76,97.67,5.19,27.72,34.32,8.08,10.56,0.84,23.06,0.87,1.66,,,,0.56,,62.25,,,,,5.89,952.26,
2024-11-12 00:00:00,46.34,90.95,3.68,25.65,34.17,6.56,10.56,0.94,23.06,0.87,1.66,,,,0.55,,65.6,,,,,5.89,952.1,
2024-11-12 01:00:00,44.99,88.32,4.3,22.22,30.61,7.18,10.34,0.93,23.2,0.88,1.69,,,,0.57,,68.38,,,,,5.89,951.97,
2024-11-12 02:00:00,43.56,85.52,5.42,25.17,32.22,8.3,10.56,0.93,23.01,0.87,1.71,,,,0.56,,70.42,,,,,5.89,951.8,
2024-11-12 03:00:00,44.38,87.12,4.16,24.38,31.15,7.04,10.3,0.92,22.82,0.86,1.65,,,,0.56,,71.03,,,,,5.89,951.78,
2024-11-12 04:00:00,43.68,85.74,5.66,25.37,32.15,8.55,10.54,0.9,23.4,0.9,1.71,,,,0.56,,74.38,,,,,5.89,951.84,
2024-11-12 05:00:00,41.5,81.47,6.29,26.56,32.69,9.17,10.38,0.94,23.53,0.9,1.69,,,,0.56,,79.58,,,,,5.89,951.92,
2024-11-12 06:00:00,46.1,90.49,4.2,24.64,31.77,7.08,10.42,0.93,23.36,0.9,1.69,,,,0.56,,83.2,,,,,5.89,952.05,
2024-11-12 07:00:00,44.13,86.62,6.12,27.44,32.82,9.0,10.24,0.94,23.24,0.89,1.68,,,,0.55,,78.68,,,,,22.83,952.23,
2024-11-12 08:00:00,45.64,89.58,3.7,25.84,32.85,6.58,10.24,0.92,22.95,0.86,1.64,,,,0.55,,69.22,,,,,34.81,952.38,
2024-11-12 09:00:00,52.72,103.48,5.44,25.99,32.52,8.32,10.36,0.92,23.38,0.9,1.69,,,,0.56,,66.78,,,,,67.52,952.44,
2024-11-12 10:00:00,53.05,104.11,6.5,27.9,33.64,9.38,10.33,0.92,23.12,0.88,1.69,,,,0.55,,68.82,,,,,66.94,952.43,
2024-11-12 11:00:00,52.56,103.15,6.3,30.38,34.81,9.18,10.37,0.93,23.29,0.89,1.68,,,,0.57,,72.32,,,,,117.86,952.25,
2024-11-12 12:00:00,46.65,91.58,4.56,21.2,29.96,7.44,10.47,0.94,23.62,0.91,1.66,,,,0.56,,67.03,,,,,111.16,951.96,
2024-11-12 13:00:00,53.14,104.29,8.15,30.17,32.92,11.04,10.53,0.99,23.18,0.88,1.64,,,,0.56,,71.15,,,,,41.74,951.72,
2024-11-12 14:00:00,48.87,95.92,9.01,35.01,35.44,11.87,10.48,0.99,23.34,0.89,1.69,,,,0.56,,75.03,,,,,22.64,951.58,
2024-11-12 15:00:00,48.57,95.34,7.49,34.3,36.8,10.38,10.24,0.91,23.26,0.88,1.69,,,,0.56,,72.95,,,,,47.32,951.49,
2024-11-12 16:00:00,47.23,92.7,6.74,26.54,30.42,9.62,10.33,0.9,23.31,0.89,1.71,,,,0.57,,74.88,,,,,6.33,951.54,
2024-11-12 17:00:00,47.57,93.36,5.36,25.3,31.97,8.25,10.35,0.96,23.34,0.89,1.67,,,,0.56,,86.48,,,,,5.89,951.64,
2024-11-12 18:00:00,45.96,90.22,5.28,26.94,31.61,8.16,10.48,0.96,22.97,0.87,1.68,,,,0.58,,93.45,,,,,5.89,951.78,
2024-11-12 19:00:00,47.39,93.01,5.52,27.24,32.83,8.39,10.43,0.88,23.16,0.88,1.68,,,,0.55,,93.5,,,,,5.89,951.94,
2024-11-12 20:00:00,40.94,80.37,7.46,27.83,31.46,10.34,10.44,0.92,23.34,0.89,1.7,,,,0.56,,93.5,,,,,5.89,952.09,
2024-11-12 21:00:00,40.39,79.29,4.84,27.71,33.76,7.72,10.28,1.08,23.34,0.89,1.69,,,,0.57,,93.5,,,,,5.89,952.16,
2024-11-12 22:00:00,37.97,74.54,8.41,31.61,32.58,11.29,10.41,1.1,23.36,0.89,1.66,,,,0.57,,93.5,,,,,5.89,952.11,
2024-11-12 23:00:00,34.61,67.96,5.91,29.86,34.18,8.79,10.38,1.04,23.37,0.9,1.72,,,,0.56,,93.52,,,,,5.89,952.02,
2024-11-13 00:00:00,34.9,68.54,4.88,23.42,31.4,7.76,10.44,0.97,23.04,0.87,1.65,,,,0.55,,93.6,,,,,5.89,951.86,
2024-11-13 01:00:00,29.82,58.58,4.68,26.59,32.55,7.56,10.35,0.98,23.15,0.88,1.68,,,,0.55,,93.62,,,,,5.89,951.68,
2024-11-13 02:00:00,27.95,54.9,4.76,23.44,30.4,7.64,10.33,0.98,23.06,0.87,1.66,,,,0.56,,93.7,,,,,5.89,951.57,
2024-11-13 03:00:00,28.5,55.98,6.32,24.68,31.29,9.2,10.4,0.96,23.14,0.88,1.66,,,,0.55,,93.7,,,,,5.89,951.52,
2024-11-13 04:00:00,26.0,51.08,5.88,27.66,31.51,8.76,10.4,0.94,22.74,0.85,1.72,,,,0.56,,93.7,,,,,5.89,951.58,
2024-11-13 05:00:00,23.64,46.45,6.14,26.8,31.11,9.02,10.21,0.97,23.25,0.88,1.69,,,,0.57,,93.7,,,,,5.89,951.71,
2024-11-13 06:00:00,21.99,43.21,4.63,19.96,29.06,7.51,10.28,0.98,23.19,0.88,1.66,,,,0.57,,93.7,,,,,5.89,951.89,
2024-11-13 07:00:00,21.31,41.88,6.94,28.96,33.99,9.81,10.38,0.99,22.96,0.86,1.67,,,,0.56,,93.68,,,,,28.7,952.11,
2024-11-13 08:00:00,23.67,46.51,5.41,26.33,30.8,8.31,10.49,0.99,23.13,0.88,1.68,,,,0.57,,93.57,,,,,44.22,952.27,
2024-11-13 09:00:00,23.51,46.2,7.8,29.38,31.5,10.68,10.36,1.06,23.57,0.91,1.69,,,,0.56,,89.72,,,,,193.55,952.34,
2024-11-13 10:00:00,25.31,49.72,6.71,25.79,30.16,9.58,10.4,1.01,22.96,0.87,1.69,,,,0.57,,72.78,,,,,330.26,952.28,
2024-11-13 11:00:00,23.65,46.48,9.69,31.64,31.04,12.57,10.33,0.99,23.22,0.88,1.67,,,,0.57,,57.38,,,,,556.64,952.03,
2024-11-13 12:00:00,29.39,57.72,11.58,35.26,32.66,14.46,10.53,1.0,23.29,0.89,1.71,,,,0.56,,55.9,,,,,393.32,951.74,
2024-11-13 13:00:00,20.38,40.06,9.69,32.96,34.57,12.57,7.9,1.02,25.48,0.78,2.01,,,,0.48,,60.0,,,,,232.4,951.53,
2024-11-13 14:00:00,22.4,44.01,7.16,31.12,33.92,10.04,7.31,1.1,26.36,0.76,2.07,,,,0.47,,57.28,,,,,212.77,951.38,
2024-11-13 15:00:00,26.93,52.91,7.78,32.92,34.8,10.66,7.24,1.09,26.26,0.76,2.1,,,,0.46,,59.5,,,,,37.19,951.36,
2024-11-13 16:00:00,26.98,53.02,6.38,28.05,33.04,9.26,7.3,1.12,26.31,0.76,2.1,,,,0.48,,60.5,,,,,16.13,951.45,
2024-11-13 17:00:00,26.21,51.49,5.63,26.77,32.88,8.51,7.16,1.14,26.32,0.76,2.08,,,,0.47,,65.8,,,,,5.94,951.6,
2024-11-13 18:00:00,29.88,58.68,6.51,26.2,30.18,9.39,7.03,1.1,26.19,0.75,2.1,,,,0.48,,71.68,,,,,5.89,951.78,
2024-11-13 19:00:00,31.69,62.24,5.88,19.83,26.39,8.76,7.21,1.02,26.24,0.76,2.12,,,,0.46,,85.48,,,,,5.89,951.93,
2024-11-13 20:00:00,33.15,65.11,5.83,29.09,33.38,8.71,7.16,1.0,26.3,0.76,2.12,,,,0.48,,93.45,,,,,5.89,952.08,
2024-11-13 21:00:00,31.74,62.34,5.44,25.37,31.48,8.32,7.18,1.0,26.13,0.74,2.09,,,,0.46,,93.5,,,,,5.89,952.17,
2024-11-13 22:00:00,29.65,58.24,5.44,27.01,33.69,8.32,7.04,0.98,26.08,0.74,2.08,,,,0.46,,93.5,,,,,5.89,952.23,
2024-11-13 23:00:00,27.82,54.65,6.19,27.18,32.58,9.08,7.36,0.96,25.79,0.72,2.11,,,,0.47,,93.52,,,,,5.89,952.12,
2024-11-14 00:00:00,28.18,55.36,8.0,26.98,27.96,10.89,7.13,0.93,26.11,0.74,2.1,,,,0.47,,93.55,,,,,5.89,951.91,
2024-11-14 01:00:00,26.71,52.48,6.89,31.88,34.22,9.76,7.18,0.91,26.34,0.76,2.12,,,,0.47,,93.5,,,,,5.89,951.76,
2024-11-14 02:00:00,27.05,53.15,5.3,30.65,35.48,8.18,7.12,0.9,26.32,0.76,2.13,,,,0.46,,93.5,,,,,5.89,951.65,
2024-11-14 03:00:00,26.59,52.24,4.19,21.11,29.3,7.07,7.19,0.9,26.26,0.76,2.13,,,,0.47,,93.5,,,,,5.89,951.76,
2024-11-14 04:00:00,25.1,49.32,5.2,26.46,31.96,8.09,7.2,0.96,25.93,0.73,2.13,,,,0.47,,93.5,,,,,5.89,951.86,
2024-11-14 05:00:00,23.45,46.09,6.56,27.31,29.52,9.44,6.81,1.14,26.06,0.74,2.12,,,,0.48,,93.55,,,,,5.89,951.92,
2024-11-14 06:00:00,24.98,49.08,7.98,30.24,33.17,10.86,7.08,1.15,25.95,0.74,2.13,,,,0.48,,93.6,,,,,6.22,952.06,
2024-11-14 07:00:00,23.92,47.0,4.89,22.14,29.62,7.77,7.22,1.15,26.56,0.78,2.11,,,,0.45,,93.08,,,,,22.81,952.22,
2024-11-14 08:00:00,24.06,47.28,4.42,24.52,31.57,7.3,7.24,1.19,26.11,0.74,2.12,,,,0.46,,93.02,,,,,25.33,952.46,
2024-11-14 09:00:00,29.73,58.39,5.32,25.46,30.99,8.19,7.3,1.2,26.22,0.75,2.13,,,,0.46,,93.1,,,,,70.79,952.66,
2024-11-14 10:00:00,29.46,57.85,4.78,25.32,31.57,7.65,7.22,1.19,26.33,0.76,2.1,,,,0.47,,92.3,,,,,144.43,952.6,
2024-11-14 11:00:00,33.61,66.0,5.22,29.29,33.78,8.1,7.09,1.18,26.17,0.75,2.09,,,,0.48,,89.62,,,,,146.22,952.45,
2024-11-14 12:00:00,31.28,61.42,6.48,30.08,33.49,9.36,7.1,1.13,26.12,0.74,2.13,,,,0.48,,91.12,,,,,343.17,952.24,
2024-11-14 13:00:00,29.67,58.28,7.83,34.24,37.15,10.71,7.0,1.0,26.24,0.75,2.08,,,,0.47,,72.25,,,,,471.39,951.96,
2024-11-14 14:00:00,28.47,55.92,6.99,25.1,30.9,9.87,7.2,1.01,26.61,0.78,2.09,,,,0.48,,84.82,,,,,98.04,951.76,
2024-11-14 15:00:00,29.01,56.98,7.02,25.53,29.54,9.91,7.22,1.02,26.1,0.74,2.14,,,,0.47,,93.7,,,,,92.75,951.74,
2024-11-14 16:00:00,30.82,60.53,6.37,24.45,30.4,9.25,7.26,1.02,25.98,0.74,2.11,,,,0.46,,93.55,,,,,25.19,951.83,
2024-11-14 17:00:00,28.51,56.0,4.23,22.08,29.94,7.11,7.28,1.08,26.11,0.74,2.13,,,,0.48,,93.52,,,,,6.26,952.04,
2024-11-14 18:00:00,29.16,57.28,6.38,30.35,34.46,9.26,7.26,1.07,26.24,0.75,2.13,,,,0.45,,93.6,,,,,5.89,952.26,
2024-11-14 19:00:00,30.16,59.22,4.99,28.72,33.74,7.87,7.27,1.02,26.05,0.74,2.12,,,,0.46,,93.68,,,,,5.89,952.52,
2024-11-14 20:00:00,31.1,61.08,5.34,22.34,28.68,8.22,7.14,1.02,26.1,0.74,2.13,,,,0.48,,93.7,,,,,5.89,952.7,
2024-11-14 21:00:00,30.54,59.99,6.72,29.8,33.79,9.6,7.22,1.0,26.32,0.76,2.08,,,,0.48,,93.7,,,,,5.89,952.79,
2024-11-14 22:00:00,27.56,54.12,5.12,23.66,30.2,8.0,7.22,0.98,26.3,0.76,2.11,,,,0.46,,93.75,,,,,5.89,952.74,
2024-11-14 23:00:00,26.0,51.08,5.45,28.31,32.8,8.33,7.08,0.97,26.4,0.76,2.07,,,,0.46,,93.8,,,,,5.89,952.64,
2024-11-15 00:00:00,24.01,47.18,3.3,18.39,28.06,6.18,7.31,0.98,26.12,0.74,2.09,,,,0.47,,93.8,,,,,5.89,952.4,
2024-11-15 01:00:00,23.91,46.98,3.87,21.26,28.24,6.74,7.18,0.98,25.71,0.72,2.12,,,,0.46,,93.8,,,,,5.89,952.17,
2024-11-15 02:00:00,22.7,44.61,6.0,24.86,29.37,8.88,7.22,0.95,26.0,0.74,2.12,,,,0.47,,93.8,,,,,5.89,952.09,
2024-11-15 03:00:00,21.24,41.73,6.59,27.65,32.49,9.47,7.2,0.93,26.18,0.75,2.12,,,,0.47,,93.7,,,,,5.89,952.03,
2024-11-15 04:00:00,20.38,40.04,7.35,25.34,29.84,10.23,7.26,0.88,26.1,0.74,2.12,,,,0.47,,93.7,,,,,5.89,952.1,
2024-11-15 05:00:00,19.56,38.45,4.7,23.46,29.75,7.57,7.3,0.98,25.87,0.73,2.12,,,,0.46,,93.7,,,,,5.89,952.22,
2024-11-15 06:00:00,20.09,39.5,7.16,30.92,34.99,10.06,7.18,1.0,26.18,0.75,2.11,,,,0.46,,93.7,,,,,5.89,952.41,
2024-11-15 07:00:00,21.47,42.21,4.48,24.98,31.18,7.36,7.14,1.01,26.27,0.75,2.09,,,,0.47,,93.62,,,,,41.23,952.6,
2024-11-15 08:00:00,23.42,46.02,7.36,27.8,31.27,10.24,7.18,1.04,26.02,0.74,2.08,,,,0.47,,93.6,,,,,38.14,952.78,
2024-11-15 09:00:00,27.69,54.39,6.36,27.86,31.35,9.24,7.2,1.03,26.12,0.74,2.14,,,,0.47,,91.85,,,,,177.04,952.85,
2024-11-15 10:00:00,27.11,53.25,5.16,24.92,31.84,8.04,7.14,1.04,25.99,0.74,2.12,,,,0.46,,76.2,,,,,334.58,952.75,
2024-11-15 11:00:00,23.1,42.38,5.39,26.44,31.67,8.27,7.19,1.09,26.04,0.74,2.11,,,,0.49,,69.28,,,,,227.75,952.54,
2024-11-15 12:00:00,24.56,48.27,8.0,34.3,37.51,10.88,7.17,1.05,26.27,0.75,2.12,,,,0.46,,67.95,,,,,182.62,952.32,
2024-11-15 13:00:00,42.41,83.26,9.02,28.39,29.28,11.9,6.99,1.08,26.36,0.75,2.1,,,,0.47,,64.53,,,,,288.04,952.04,
2024-11-15 14:00:00,18.71,36.78,7.37,27.96,33.14,10.25,7.08,1.1,23.33,,,,,,,,61.55,,,,,431.55,951.82,
2024-11-15 15:00:00,20.37,40.04,14.7,41.98,36.84,17.58,7.42,1.02,22.91,0.56,1.81,,,,0.35,,74.72,,,,,162.0,951.68,
2024-11-15 16:00:00,19.61,38.55,4.13,15.25,25.84,7.01,7.16,0.92,23.11,0.57,1.84,,,,0.34,,93.65,,,,,17.61,951.84,
2024-11-15 17:00:00,22.14,43.5,4.55,14.33,24.12,7.42,7.28,1.05,23.24,0.57,1.86,,,,0.36,,93.72,,,,,5.89,952.0,
2024-11-15 18:00:00,22.82,44.86,3.36,18.66,28.08,6.24,7.22,1.15,23.09,0.56,1.86,,,,0.35,,93.8,,,,,5.89,952.18,
2024-11-15 19:00:00,26.99,53.03,3.64,19.15,28.61,6.52,7.33,1.23,23.26,0.57,1.86,,,,0.35,,93.8,,,,,5.89,952.38,
2024-11-15 20:00:00,30.92,60.71,5.94,26.85,31.08,8.82,7.36,1.16,23.19,0.57,1.83,,,,0.37,,93.8,,,,,5.9,952.52,
2024-11-15 21:00:00,34.64,68.02,7.89,30.87,33.89,10.78,7.15,1.15,23.29,0.57,1.87,,,,0.35,,93.8,,,,,5.89,952.64,
2024-11-15 22:00:00,35.53,69.76,14.51,41.91,36.22,17.39,7.34,1.03,23.04,0.56,1.81,,,,0.35,,93.8,,,,,5.89,952.61,
2024-11-15 23:00:00,31.08,61.04,9.63,36.3,36.67,12.51,7.23,0.98,23.19,0.57,1.86,,,,0.34,,93.72,,,,,5.89,952.42,
2024-11-16 00:00:00,28.81,56.58,13.23,39.67,35.8,16.11,7.24,0.95,22.98,0.56,1.88,,,,0.34,,93.7,,,,,5.89,952.28,
2024-11-16 01:00:00,27.76,54.52,10.86,39.08,38.32,13.74,7.19,0.98,23.23,0.57,1.85,,,,0.36,,93.7,,,,,5.89,952.15,
2024-11-16 02:00:00,26.46,51.98,13.54,39.13,35.72,16.42,7.22,1.09,23.22,0.57,1.83,,,,0.34,,93.7,,,,,5.89,952.09,
2024-11-16 03:00:00,25.95,50.98,9.4,33.97,35.61,12.28,7.18,1.1,23.28,0.57,1.84,,,,0.35,,93.62,,,,,5.89,952.01,
2024-11-16 04:00:00,23.71,46.58,15.19,37.52,32.66,18.07,7.2,1.08,23.32,0.57,1.83,,,,0.35,,93.68,,,,,5.89,952.0,
2024-11-16 05:00:00,22.72,44.64,14.88,47.58,43.83,17.76,7.22,0.96,23.3,0.57,1.84,,,,0.36,,93.7,,,,,5.89,952.07,
2024-11-16 06:00:00,23.37,45.91,13.24,39.85,36.41,16.12,6.98,0.98,23.05,0.56,1.8,,,,0.36,,93.6,,,,,6.22,952.23,
2024-11-16 07:00:00,26.13,51.33,15.78,35.79,31.9,18.64,7.28,0.98,23.16,0.57,1.84,,,,0.35,,93.57,,,,,37.12,952.4,
2024-11-16 08:00:00,27.26,53.54,13.37,35.43,33.81,16.25,7.21,0.99,22.88,0.56,1.81,,,,0.36,,93.05,,,,,245.91,952.53,
2024-11-16 09:00:00,26.56,52.18,18.18,48.8,40.38,21.06,7.19,1.02,22.93,0.56,1.84,,,,0.35,,89.62,,,,,163.0,952.71,
2024-11-16 10:00:00,28.38,55.74,15.14,42.17,37.92,18.02,7.09,1.03,23.03,0.56,1.86,,,,0.36,,79.1,,,,,274.56,952.67,
2024-11-16 11:00:00,30.1,59.12,,,,,7.17,1.0,23.24,0.57,1.85,,,,0.35,,58.12,,,,,611.52,952.43,
2024-11-16 12:00:00,31.4,61.67,,,471.49,,7.25,1.02,23.24,0.57,1.86,,,,0.35,,53.97,,,,,441.4,952.19,
2024-11-16 13:00:00,30.28,59.48,,,496.28,,7.26,0.99,23.22,0.57,1.84,,,,0.35,,50.4,,,,,394.63,952.01,
2024-11-16 14:00:00,29.8,58.51,,,430.28,,7.2,1.02,22.93,0.56,1.84,,,,0.35,,54.45,,,,,227.1,951.78,
2024-11-16 15:00:00,31.02,60.92,,,,,7.16,1.06,23.02,0.56,1.85,,,,0.35,,50.6,,,,,239.46,951.6,
2024-11-16 16:00:00,32.72,64.26,,,400.1,,7.12,1.1,23.27,0.57,1.83,,,,0.36,,62.82,,,,,52.04,951.66,
2024-11-16 17:00:00,32.44,63.7,,,400.0,,7.17,1.15,23.34,0.58,1.86,,,,0.34,,81.55,,,,,5.89,951.89,
2024-11-16 18:00:00,30.08,59.06,,,400.0,,7.05,1.15,23.04,0.56,1.86,,,,0.35,,93.62,,,,,5.89,952.06,
2024-11-16 19:00:00,33.22,65.24,,,400.0,,7.11,1.16,23.37,0.58,1.85,,,,0.34,,93.62,,,,,5.89,952.21,
2024-11-16 20:00:00,34.49,67.74,,,400.0,,7.09,1.13,23.12,0.57,1.87,,,,0.36,,93.57,,,,,5.89,952.4,
2024-11-16 21:00:00,31.3,61.46,,,400.0,,7.24,0.97,23.26,0.57,1.86,,,,0.36,,93.5,,,,,5.89,952.51,
2024-11-16 22:00:00,31.27,61.41,,,400.0,,7.23,0.94,23.18,0.57,1.83,,,,0.35,,93.5,,,,,5.89,952.5,
2024-11-16 23:00:00,30.29,59.48,,,400.0,,7.13,0.92,23.06,0.56,1.84,,,,0.34,,93.52,,,,,5.89,952.43,
2024-11-17 00:00:00,28.85,56.66,,,400.0,,7.17,0.92,23.42,0.58,1.84,,,,0.36,,93.52,,,,,5.89,952.31,
2024-11-17 01:00:00,28.56,56.11,,,400.0,,7.35,0.89,23.03,0.56,1.86,,,,0.34,,93.55,,,,,5.89,952.15,
2024-11-17 02:00:00,29.14,57.24,,,400.0,,7.16,0.86,23.08,0.56,1.83,,,,0.36,,93.55,,,,,5.89,952.02,
2024-11-17 03:00:00,30.76,60.42,,,400.0,,7.3,0.84,23.18,0.57,1.81,,,,0.36,,93.57,,,,,5.89,951.88,
2024-11-17 04:00:00,31.37,61.62,,,400.0,,7.02,0.86,23.17,0.57,1.83,,,,0.34,,93.6,,,,,5.89,951.86,
2024-11-17 05:00:00,31.49,61.84,,,400.0,,6.98,0.96,22.98,0.56,1.88,,,,0.36,,93.6,,,,,5.89,951.96,
2024-11-17 06:00:00,33.94,66.65,,,400.0,,7.1,0.97,23.34,0.58,1.82,,,,0.36,,93.3,,,,,6.98,952.15,
2024-11-17 07:00:00,33.88,66.53,,,400.0,,7.0,0.95,23.13,0.56,1.84,,,,0.34,,93.08,,,,,47.37,952.3,
2024-11-17 08:00:00,34.06,66.87,,,400.0,,7.14,0.96,23.42,0.58,1.82,,,,0.35,,88.8,,,,,244.32,952.46,
2024-11-17 09:00:00,31.71,62.26,3.0,4.0,301.75,5.88,7.1,0.98,23.22,0.58,1.83,,,,0.36,,74.47,,,,,268.29,952.53,
2024-11-17 10:00:00,16.97,33.37,57.27,97.04,45.99,60.15,7.09,1.01,23.23,0.57,1.83,,,,0.34,,71.5,,,,,205.24,952.53,
2024-11-17 11:00:00,32.82,64.46,,,451.42,,7.17,1.06,23.02,0.57,1.84,,,,0.36,,61.28,,,,,442.68,952.4,
2024-11-17 12:00:00,38.25,75.1,,,,,7.2,1.07,22.99,0.57,1.82,,,,0.34,,53.28,,,,,409.52,952.18,
2024-11-17 13:00:00,37.04,72.72,,,458.02,,7.23,1.0,23.0,0.55,1.81,,,,0.34,,48.42,,,,,422.77,951.96,
2024-11-17 14:00:00,42.06,82.58,,,428.76,,7.17,1.05,23.3,0.57,1.86,,,,0.35,,51.95,,,,,245.19,951.8,
2024-11-17 15:00:00,18.78,36.93,64.99,122.5,66.43,12.74,7.29,1.1,23.22,0.57,1.85,,,,0.35,,52.22,,,,,141.64,951.75,
2024-11-17 16:00:00,23.62,46.42,11.0,33.0,31.0,13.88,7.22,1.12,22.96,0.56,1.84,,,,0.35,,53.78,,,,,43.88,951.79,
2024-11-17 17:00:00,28.84,56.63,11.0,33.0,31.0,13.88,7.28,1.15,23.06,0.56,1.86,,,,0.34,,59.95,,,,,5.89,951.86,
2024-11-17 18:00:00,33.71,66.2,11.0,33.0,31.0,13.88,7.01,1.12,23.24,0.57,1.82,,,,0.34,,71.22,,,,,5.89,952.0,
2024-11-17 19:00:00,32.42,63.66,8.33,23.33,23.0,9.47,7.0,1.1,22.52,0.54,1.87,,,,0.35,,77.05,,,,,5.89,952.21,
2024-11-17 20:00:00,17.84,35.06,3.0,4.0,7.0,5.88,7.2,1.03,23.24,0.57,1.84,,,,0.35,,83.88,,,,,5.89,952.44,
2024-11-17 21:00:00,61.38,120.45,3.0,4.0,7.0,5.88,7.14,0.98,23.07,0.56,1.88,,,,0.36,,92.3,,,,,5.89,952.54,
2024-11-17 22:00:00,30.65,60.19,3.0,4.0,7.0,5.88,7.06,0.91,23.22,0.57,1.85,,,,0.35,,93.47,,,,,5.89,952.51,
2024-11-17 23:00:00,,,,,,,,,,,,,,,,,,,,,,,,
2024-11-18 00:00:00,,,,,,,,,,,,,,,,,,,,,,,,
2024-11-18 01:00:00,,,,,,,,,,,,,,,,,,,,,,,,
2024-11-18 02:00:00,,,,,,,,,,,,,,,,,,,,,,,,
2024-11-18 03:00:00,,,,,,,,,,,,,,,,,,,,,,,,
2024-11-18 04:00:00,,,,,,,,,,,,,,,,,,,,,,,,
2024-11-18 05:00:00,,,,,,,,,,,,,,,,,,,,,,,,
2024-11-18 06:00:00,,,,,,,,,,,,,,,,,,,,,,,,
2024-11-18 07:00:00,,,,,,,,,,,,,,,,,,,,,,,,
2024-11-18 08:00:00,,,,,,,,,,,,,,,,,,,,,,,,
2024-11-18 09:00:00,,,,,,,,,,,,,,,,,,,,,,,,
2024-11-18 10:00:00,,,,,,,,,,,,,,,,,,,,,,,,
2024-11-18 11:00:00,18.47,36.32,143.88,11.28,158.28,227.35,7.09,0.9,23.04,0.56,1.82,,,,0.35,,52.78,,,,,515.2,952.42,
2024-11-18 12:00:00,40.36,79.23,4.3,14.4,28.07,7.16,7.18,0.84,23.08,0.56,1.84,,,,0.35,,48.12,,,,,390.62,952.21,
2024-11-18 13:00:00,43.02,84.46,14.3,39.54,36.18,17.2,7.31,0.96,23.15,0.57,1.84,,,,0.34,,46.3,,,,,283.55,951.96,
2024-11-18 14:00:00,46.29,90.86,50.76,108.31,66.34,53.53,7.26,0.97,23.22,0.57,1.84,,,,0.35,,41.25,,,,,318.34,951.8,
2024-11-18 15:00:00,35.22,69.17,96.91,164.18,165.61,50.98,7.07,0.94,22.97,0.56,1.83,,,,0.35,,43.88,,,,,172.58,951.74,
2024-11-18 16:00:00,22.1,43.42,46.18,100.32,64.3,49.12,7.24,0.92,23.04,0.56,1.86,,,,0.36,,47.58,,,,,44.67,951.75,
2024-11-18 17:00:00,64.07,125.73,,,455.4,,7.4,0.99,23.56,0.59,1.83,,,,0.35,,53.92,,,,,5.89,951.89,
2024-11-18 18:00:00,62.99,123.61,,,,,7.28,1.15,22.87,0.56,1.86,,,,0.35,,62.45,,,,,5.89,952.04,
2024-11-18 19:00:00,67.1,131.66,,,433.2,,7.33,1.15,22.86,0.55,1.84,,,,0.35,,65.2,,,,,5.89,952.31,
2024-11-18 20:00:00,61.32,120.34,,,389.67,,7.17,1.14,23.08,0.57,1.86,,,,0.35,,69.0,,,,,5.89,952.61,
2024-11-18 21:00:00,55.12,108.17,488.3,,360.65,481.88,7.22,1.0,22.98,0.56,1.84,,,,0.34,,86.6,,,,,5.89,952.75,
2024-11-18 22:00:00,54.62,107.19,,,411.0,,7.16,0.99,23.37,0.58,1.84,,,,0.35,,93.4,,,,,5.89,952.74,
2024-11-18 23:00:00,51.84,101.76,,,411.0,,7.18,0.97,23.1,0.56,1.84,,,,0.35,,93.5,,,,,5.89,952.68,
2024-11-19 00:00:00,47.21,92.66,,,411.0,,7.26,0.96,22.84,0.55,1.84,,,,0.36,,93.5,,,,,5.89,952.6,
2024-11-19 01:00:00,48.13,94.48,,,411.0,,7.13,0.94,23.16,0.57,1.84,,,,0.34,,93.5,,,,,5.89,952.46,
2024-11-19 02:00:00,46.71,91.68,,,411.0,,7.31,0.92,23.32,0.58,1.83,,,,0.36,,93.38,,,,,5.89,952.34,
2024-11-19 03:00:00,47.18,92.62,,,411.0,,7.16,0.9,23.24,0.57,1.85,,,,0.35,,93.2,,,,,5.89,952.24,
2024-11-19 04:00:00,46.01,90.32,,,411.0,,7.15,0.92,23.24,0.57,1.85,,,,0.35,,93.12,,,,,5.89,952.22,
2024-11-19 05:00:00,47.0,92.24,,,411.0,,7.14,0.98,23.08,0.56,1.82,,,,0.36,,93.15,,,,,5.89,952.32,
2024-11-19 06:00:00,47.6,93.44,,,411.0,,7.25,0.95,23.1,0.57,1.85,,,,0.34,,93.28,,,,,5.89,952.52,
2024-11-19 07:00:00,47.98,94.18,,,411.0,,7.07,0.94,22.63,0.55,1.89,,,,0.34,,93.45,,,,,24.48,952.72,
2024-11-19 08:00:00,48.16,94.52,,,411.0,,7.16,0.95,23.31,0.58,1.84,,,,0.35,,88.05,,,,,111.42,952.89,
2024-11-19 09:00:00,49.45,97.06,,,411.0,,7.23,0.95,23.14,0.57,1.87,,,,0.34,,62.4,,,,,331.15,953.01,
2024-11-19 10:00:00,52.71,103.45,,,412.17,,7.08,0.93,23.24,0.57,1.85,,,,0.35,,54.02,,,,,447.93,952.98,
2024-11-19 11:00:00,52.94,103.91,,,,,7.26,0.93,23.12,0.57,1.84,,,,0.35,,46.95,,,,,518.54,952.8,
2024-11-19 12:00:00,51.34,100.75,,,,,7.2,0.88,22.82,0.55,1.83,,,,0.33,,46.58,,,,,365.15,952.53,
2024-11-19 13:00:00,53.7,105.38,3.0,6.75,11.5,5.88,7.16,0.96,23.08,0.56,1.86,,,,0.34,,42.75,,,,,349.81,952.23,
2024-11-19 14:00:00,29.47,57.88,,,,,3.86,0.94,23.27,0.57,1.86,,,,0.34,,39.55,,,,,312.82,952.04,
2024-11-19 15:00:00,35.62,69.94,,,,,3.17,0.9,23.38,0.58,1.88,,,,0.34,,39.98,,,,,164.08,951.91,
2024-11-19 16:00:00,32.46,63.74,7.39,13.26,20.59,14.0,4.77,0.85,23.2,0.57,1.84,,,,0.35,,44.25,,,,,67.54,951.86,
2024-11-19 17:00:00,37.2,73.04,8.2,16.76,24.91,16.98,5.47,0.84,23.1,0.57,1.89,,,,0.35,,51.42,,,,,5.9,951.92,
2024-11-19 18:00:00,55.17,108.27,8.19,16.68,24.93,16.94,5.02,0.85,23.04,0.56,1.86,,,,0.35,,59.35,,,,,5.89,952.06,
2024-11-19 19:00:00,56.48,110.85,8.25,16.61,24.95,16.93,5.68,0.84,22.9,0.56,1.83,,,,0.34,,65.12,,,,,5.89,952.25,
2024-11-19 20:00:00,58.74,115.26,8.2,16.62,24.86,16.88,6.06,0.91,23.08,0.56,1.82,,,,0.34,,71.85,,,,,5.89,952.39,
2024-11-19 21:00:00,56.01,109.92,8.26,16.62,24.93,16.89,5.06,1.05,23.43,0.58,1.82,,,,0.34,,83.25,,,,,5.89,952.5,
2024-11-19 22:00:00,51.64,101.35,8.28,16.66,24.96,16.84,6.51,0.92,22.95,0.56,1.91,,,,0.34,,93.0,,,,,5.89,952.53,
2024-11-19 23:00:00,47.02,92.28,8.25,16.56,25.02,16.94,5.39,0.86,22.75,0.55,1.84,,,,0.35,,93.5,,,,,5.89,952.52,
2024-11-20 00:00:00,46.78,91.81,8.22,16.58,25.05,16.91,4.74,0.87,23.24,0.57,1.88,,,,0.34,,93.5,,,,,5.89,952.42,
2024-11-20 01:00:00,46.6,91.48,8.2,16.6,24.94,16.88,4.43,0.86,22.72,0.55,1.84,,,,0.35,,93.57,,,,,5.89,952.29,
2024-11-20 02:00:00,45.56,89.44,8.28,16.71,24.97,16.93,4.94,0.86,23.35,0.57,1.86,,,,0.35,,93.5,,,,,5.89,952.2,
2024-11-20 03:00:00,45.57,89.45,8.28,16.66,24.92,16.93,3.53,0.84,23.43,0.58,1.81,,,,0.35,,93.55,,,,,5.89,952.08,
2024-11-20 04:00:00,43.75,85.89,8.34,16.66,24.91,16.92,4.18,0.83,23.3,0.57,1.82,,,,0.36,,93.5,,,,,5.89,952.1,
2024-11-20 05:00:00,44.31,86.98,8.18,16.63,25.02,16.87,5.27,1.04,23.06,0.56,1.83,,,,0.36,,93.6,,,,,5.89,952.23,
2024-11-20 06:00:00,46.92,92.11,8.24,16.68,24.9,16.98,5.79,1.08,23.18,0.57,1.83,,,,0.36,,93.6,,,,,5.89,952.4,
2024-11-20 07:00:00,46.84,91.94,8.22,16.66,24.8,16.87,2.88,1.02,22.93,0.56,1.84,,,,0.36,,93.55,,,,,29.04,952.6,
2024-11-20 08:00:00,47.84,93.9,8.25,16.74,24.91,16.82,3.1,0.91,23.19,0.57,1.84,,,,0.34,,84.48,,,,,199.45,952.79,
2024-11-20 09:00:00,50.74,99.59,8.15,16.59,25.0,16.92,2.4,0.96,23.19,0.57,1.83,,,,0.35,,60.42,,,,,281.24,952.85,
2024-11-20 10:00:00,50.83,99.76,8.32,16.62,24.97,16.96,2.35,0.96,23.07,0.56,1.83,,,,0.35,,52.58,,,,,511.84,952.76,
2024-11-20 11:00:00,48.94,96.06,8.25,16.58,25.01,16.92,3.39,0.95,23.11,0.57,1.83,,,,0.34,,47.18,,,,,534.79,952.56,
2024-11-20 12:00:00,48.91,96.01,8.28,16.6,24.86,16.96,6.58,1.13,23.11,0.57,1.87,,,,0.33,,45.25,,,,,400.82,952.29,
2024-11-20 13:00:00,49.67,97.5,8.27,16.62,24.96,17.0,5.16,1.06,23.11,0.56,1.84,,,,0.34,,43.7,,,,,231.64,952.07,
2024-11-20 14:00:00,50.28,98.7,8.29,16.68,24.86,16.88,3.68,1.05,22.99,0.56,1.84,,,,0.34,,47.55,,,,,76.52,951.9,
2024-11-20 15:00:00,51.06,100.22,8.24,16.57,24.93,16.77,4.52,1.06,23.01,0.56,1.86,,,,0.36,,53.65,,,,,52.41,951.86,
2024-11-20 16:00:00,43.66,85.71,8.76,17.38,26.22,16.8,4.75,1.05,23.4,0.58,1.83,,,,0.37,,55.5,,,,,57.97,951.88,
2024-11-20 17:00:00,26.9,52.83,10.16,19.68,30.02,16.88,4.4,0.94,23.06,0.56,1.84,,,,0.35,,60.82,,,,,6.55,952.0,
2024-11-20 18:00:00,56.07,110.04,10.34,19.73,29.88,16.87,4.4,0.92,23.04,0.56,1.85,,,,0.34,,65.97,,,,,5.89,952.16,
2024-11-20 19:00:00,59.01,115.81,10.24,19.53,29.9,16.89,6.06,0.84,23.48,0.58,1.85,,,,0.35,,67.42,,,,,5.89,952.34,
2024-11-20 20:00:00,54.56,107.08,10.25,19.6,29.99,16.9,6.04,0.8,22.93,0.56,1.83,,,,0.35,,69.75,,,,,5.89,952.48,
2024-11-20 21:00:00,51.81,101.69,10.19,19.6,29.97,16.88,4.2,0.8,23.2,0.57,1.86,,,,0.34,,76.0,,,,,5.89,952.46,
2024-11-20 22:00:00,52.7,103.43,10.22,19.62,29.9,16.88,5.68,0.75,22.93,0.56,1.83,,,,0.35,,87.48,,,,,5.89,952.37,
2024-11-20 23:00:00,52.51,103.06,10.3,19.58,29.81,16.81,4.43,0.77,23.04,0.56,1.82,,,,0.36,,93.48,,,,,5.89,952.21,
2024-11-21 00:00:00,49.87,97.88,10.33,19.61,29.97,16.86,4.1,0.74,23.07,0.56,1.85,,,,0.34,,93.5,,,,,5.89,952.05,
2024-11-21 01:00:00,50.38,98.87,10.24,19.58,29.94,16.89,3.24,0.78,23.05,0.56,1.81,,,,0.35,,93.6,,,,,5.89,951.9,
2024-11-21 02:00:00,48.11,94.44,10.27,19.71,29.98,16.95,2.76,0.71,23.17,0.57,1.83,,,,0.34,,93.6,,,,,5.89,951.81,
2024-11-21 03:00:00,44.9,88.15,10.25,19.64,29.87,16.87,3.49,0.7,23.05,0.56,1.83,,,,0.33,,93.6,,,,,5.89,951.78,
2024-11-21 04:00:00,41.38,81.24,10.15,19.6,29.91,16.92,1.86,0.72,23.39,0.58,1.83,,,,0.34,,93.6,,,,,5.89,951.9,
2024-11-21 05:00:00,41.63,81.73,10.32,19.67,29.96,16.9,6.02,0.77,23.3,0.57,1.87,,,,0.34,,93.5,,,,,5.89,952.09,
2024-11-21 06:00:00,37.09,72.83,10.22,19.7,29.86,16.9,7.8,0.74,23.07,0.56,1.87,,,,0.34,,93.5,,,,,5.89,952.28,
2024-11-21 07:00:00,42.07,82.59,10.32,19.65,29.92,16.86,5.32,0.72,23.07,0.56,1.85,,,,0.34,,93.5,,,,,7.24,952.56,
2024-11-21 08:00:00,39.37,77.3,10.26,19.73,29.69,16.87,5.25,0.75,23.39,0.58,1.87,,,,0.35,,88.6,,,,,99.87,952.8,
2024-11-21 09:00:00,40.19,78.89,10.24,19.49,29.95,16.89,7.28,0.71,23.11,0.57,1.85,,,,0.34,,70.08,,,,,218.74,952.83,
2024-11-21 10:00:00,40.01,78.55,10.15,19.55,29.95,16.86,5.93,0.7,23.07,0.56,1.82,,,,0.36,,58.62,,,,,418.4,952.82,
2024-11-21 11:00:00,44.26,86.88,10.26,19.64,30.0,16.93,1.86,0.71,23.4,0.58,1.84,,,,0.35,,55.02,,,,,185.49,952.67,
2024-11-21 12:00:00,23.93,47.02,7.85,16.5,25.36,16.96,1.0,0.84,23.18,0.57,1.85,,,,0.35,,48.25,,,,,262.8,952.43,
2024-11-21 13:00:00,32.65,64.12,7.28,15.57,23.89,16.94,3.68,0.91,23.17,0.57,1.86,,,,0.35,,48.6,,,,,168.51,952.14,
2024-11-21 14:00:00,19.06,37.47,7.04,14.81,16.89,10.59,4.93,0.96,44.11,0.55,1.86,,,,0.34,,44.9,,,,,173.22,951.95,
2024-11-21 15:00:00,25.26,49.63,6.19,11.26,16.82,9.07,3.38,0.93,16.63,0.56,1.85,,,,0.34,,44.38,,,,,115.03,951.93,
2024-11-21 16:00:00,31.88,62.62,4.6,7.17,10.94,7.48,4.74,0.86,2.2,0.57,1.85,,,,0.35,,43.1,,,,,86.41,951.93,
2024-11-21 17:00:00,33.52,65.82,5.9,8.61,14.13,8.79,6.2,0.81,2.03,0.57,1.86,,,,0.35,,49.52,,,,,6.18,952.04,
2024-11-21 18:00:00,36.45,71.58,3.28,5.52,8.77,6.16,6.31,0.91,2.29,0.56,1.86,,,,0.35,,58.1,,,,,5.89,952.2,
2024-11-21 19:00:00,41.82,82.1,3.76,6.09,9.98,6.64,9.3,0.78,2.24,0.56,1.84,,,,0.35,,61.48,,,,,5.89,952.42,
2024-11-21 20:00:00,45.32,88.96,3.66,5.0,8.74,6.54,5.77,0.79,1.67,0.56,1.83,,,,0.35,,63.02,,,,,5.89,952.54,
2024-11-21 21:00:00,49.56,97.27,3.67,5.73,9.51,6.55,6.38,0.86,1.36,0.56,1.88,,,,0.35,,67.92,,,,,5.89,952.6,
2024-11-21 22:00:00,49.7,97.55,3.97,6.0,9.94,6.85,3.42,0.88,1.77,0.56,1.81,,,,0.34,,68.7,,,,,5.89,952.58,
2024-11-21 23:00:00,48.17,94.54,3.42,5.17,8.56,6.3,5.07,0.84,1.51,0.58,1.84,,,,0.34,,70.88,,,,,5.89,952.5,
2024-11-22 00:00:00,44.26,86.89,3.31,4.82,8.27,6.19,5.8,0.8,1.21,0.57,1.82,,,,0.34,,84.6,,,,,5.89,952.42,
2024-11-22 01:00:00,45.36,89.05,3.44,6.05,9.07,6.32,4.18,0.8,1.81,0.57,1.81,,,,0.37,,93.45,,,,,5.89,952.26,
2024-11-22 02:00:00,48.22,94.65,3.28,4.9,8.11,6.16,2.2,0.84,1.61,0.56,1.86,,,,0.35,,93.52,,,,,5.89,952.12,
2024-11-22 03:00:00,44.34,87.04,3.63,4.94,8.62,6.51,5.32,0.79,1.93,0.56,1.84,,,,0.36,,93.57,,,,,5.89,952.02,
2024-11-22 04:00:00,41.44,81.36,3.56,4.9,8.64,6.44,7.1,0.77,1.5,0.57,1.86,,,,0.35,,93.3,,,,,5.89,952.07,
2024-11-22 05:00:00,43.06,84.52,3.83,5.61,9.53,6.71,7.18,0.8,1.62,0.56,1.83,,,,0.36,,93.3,,,,,5.89,952.14,
2024-11-22 06:00:00,43.35,85.1,3.74,6.47,10.24,6.62,6.19,0.78,1.07,0.56,1.82,,,,0.34,,93.25,,,,,5.89,952.26,
2024-11-22 07:00:00,43.69,85.76,3.59,5.22,8.84,6.47,6.01,0.78,1.84,0.58,1.9,,,,0.37,,93.32,,,,,16.68,952.4,
2024-11-22 08:00:00,46.95,92.16,3.78,6.17,10.02,6.66,8.44,0.8,1.36,0.57,1.86,,,,0.35,,81.98,,,,,274.34,952.56,
2024-11-22 09:00:00,48.49,95.17,3.43,5.21,8.76,6.31,4.87,0.81,2.06,0.56,1.86,,,,0.33,,56.25,,,,,445.55,952.62,
2024-11-22 10:00:00,39.83,78.2,4.44,5.94,10.37,7.32,4.86,0.84,3.46,0.57,1.87,,,,0.34,,47.58,,,,,566.35,952.53,
2024-11-22 11:00:00,16.97,33.37,5.27,13.21,18.4,10.12,8.5,0.92,25.47,0.78,1.69,,,,0.47,,40.4,,,,,610.18,952.32,
2024-11-22 12:00:00,21.2,41.65,6.67,16.13,22.74,11.67,8.2,0.9,26.44,0.83,1.66,,,,0.49,,33.1,,,,,591.87,952.07,
2024-11-22 13:00:00,27.7,54.4,7.3,16.69,24.07,12.3,8.64,0.78,26.45,0.83,1.67,,,,0.5,,29.38,,,,,522.26,951.84,
2024-11-22 14:00:00,31.15,61.18,6.73,15.92,22.79,11.73,6.96,0.8,26.28,0.83,1.71,,,,0.51,,30.58,,,,,392.99,951.67,
2024-11-22 15:00:00,30.45,59.82,6.78,16.02,22.76,11.78,6.86,0.82,26.38,0.81,1.65,,,,0.5,,31.2,,,,,248.56,951.66,
2024-11-22 16:00:00,32.13,63.1,7.61,17.76,25.55,12.61,8.06,0.81,25.94,0.81,1.68,,,,0.5,,34.58,,,,,98.98,951.71,
2024-11-22 17:00:00,35.25,69.22,7.24,15.54,22.84,12.24,5.58,0.8,26.45,0.81,1.69,,,,0.5,,40.52,,,,,6.16,951.88,
2024-11-22 18:00:00,37.53,73.69,6.25,16.6,22.52,11.25,7.34,0.79,26.84,0.83,1.64,,,,0.5,,47.42,,,,,5.89,952.1,
2024-11-22 19:00:00,40.85,80.2,6.26,16.77,23.1,11.26,8.71,0.81,26.79,0.82,1.69,,,,0.5,,52.1,,,,,5.89,952.32,
2024-11-22 20:00:00,44.84,88.02,6.4,17.48,23.83,11.4,8.26,0.78,26.48,0.83,1.71,,,,0.49,,56.18,,,,,5.89,952.56,
2024-11-22 21:00:00,52.74,103.52,6.92,17.22,24.01,11.92,8.25,0.82,25.65,0.81,1.65,,,,0.5,,62.7,,,,,5.89,952.61,
2024-11-22 22:00:00,52.73,103.48,5.47,15.08,20.18,10.47,8.54,0.8,26.52,0.84,1.66,,,,0.48,,68.05,,,,,5.89,952.56,
2024-11-22 23:00:00,38.8,76.16,6.07,16.96,22.33,8.87,6.99,0.78,25.86,0.84,1.7,,,,0.49,,69.35,,,,,5.89,952.44,
2024-11-23 00:00:00,16.97,33.37,7.68,16.7,22.67,12.68,,0.76,,0.85,1.64,,,,0.5,,74.4,,,,,5.89,952.38,
2024-11-23 01:00:00,,,,,,,,,,,,,,,,,,,,,,,,
2024-11-23 02:00:00,,,,,,,,,,,,,,,,,,,,,,,,
2024-11-23 03:00:00,,,,,,,,,,,,,,,,,,,,,,,,
2024-11-23 04:00:00,,,,,,,,,,,,,,,,,,,,,,,,
2024-11-23 05:00:00,,,,,,,,,,,,,,,,,,,,,,,,
2024-11-23 06:00:00,,,,,,,,,,,,,,,,,,,,,,,,
2024-11-23 07:00:00,,,,,,,,,,,,,,,,,,,,,,,,
2024-11-23 08:00:00,,,,,,,,,,,,,,,,,,,,,,,,
2024-11-23 09:00:00,,,,,,,,,,,,,,,,,,,,,,,,
2024-11-23 10:00:00,,,,,,,,,,,,,,,,,,,,,,,,
2024-11-23 11:00:00,,,,,,,,,,,,,,,,,,,,,,,,
2024-11-23 12:00:00,,,,,,,,,,,,,,,,,,,,,,,,
2024-11-23 13:00:00,,,,,,,,,,,,,,,,,,,,,,,,
2024-11-23 14:00:00,,,,,,,,,,,,,,,,,,,,,,,,
2024-11-23 15:00:00,,,,,,,,,,,,,,,,,,,,,,,,
2024-11-23 16:00:00,,,,,,,,,,,,,,,,,,,,,,,,
2024-11-23 17:00:00,,,,,,,,,,,,,,,,,,,,,,,,
2024-11-23 18:00:00,,,,,,,,,,,,,,,,,,,,,,,,
2024-11-23 19:00:00,,,,,,,,,,,,,,,,,,,,,,,,
2024-11-23 20:00:00,,,,,,,,,,,,,,,,,,,,,,,,
2024-11-23 21:00:00,,,,,,,,,,,,,,,,,,,,,,,,
2024-11-23 22:00:00,,,,,,,,,,,,,,,,,,,,,,,,
2024-11-23 23:00:00,,,,,,,,,,,,,,,,,,,,,,,,
2024-11-24 00:00:00,,,,,,,,,,,,,,,,,,,,,,,,
2024-11-24 01:00:00,,,,,,,,,,,,,,,,,,,,,,,,
2024-11-24 02:00:00,,,,,,,,,,,,,,,,,,,,,,,,
2024-11-24 03:00:00,,,,,,,,,,,,,,,,,,,,,,,,
2024-11-24 04:00:00,,,,,,,,,,,,,,,,,,,,,,,,
2024-11-24 05:00:00,,,,,,,,,,,,,,,,,,,,,,,,
2024-11-24 06:00:00,,,,,,,,,,,,,,,,,,,,,,,,
2024-11-24 07:00:00,,,,,,,,,,,,,,,,,,,,,,,,
2024-11-24 08:00:00,,,,,,,,,,,,,,,,,,,,,,,,
2024-11-24 09:00:00,,,,,,,,,,,,,,,,,,,,,,,,
2024-11-24 10:00:00,,,,,,,,,,,,,,,,,,,,,,,,
2024-11-24 11:00:00,,,,,,,,,,,,,,,,,,,,,,,,
2024-11-24 12:00:00,,,,,,,,,,,,,,,,,,,,,,,,
2024-11-24 13:00:00,,,,,,,,,,,,,,,,,,,,,,,,
2024-11-24 14:00:00,16.97,33.37,6.53,15.51,21.67,11.23,,0.82,,0.84,1.68,,,,0.52,,36.7,,,,,173.56,951.94,
2024-11-24 15:00:00,16.97,33.37,7.34,16.14,23.04,11.36,8.14,0.84,13.86,0.82,1.67,,,,0.51,,34.93,,,,,174.24,951.88,
2024-11-24 16:00:00,30.11,59.13,9.02,16.88,25.94,14.02,6.7,0.85,23.57,0.83,1.67,,,,0.51,,40.3,,,,,33.23,951.93,
2024-11-24 17:00:00,37.67,73.96,7.63,16.61,24.02,12.63,5.98,0.84,26.5,0.83,1.66,,,,0.5,,47.08,,,,,5.89,952.1,
2024-11-24 18:00:00,37.19,73.01,6.52,16.52,22.42,11.52,7.04,0.81,26.34,0.82,1.7,,,,0.49,,51.05,,,,,5.89,952.24,
2024-11-24 19:00:00,35.42,69.56,7.1,16.65,24.02,12.1,8.31,0.79,26.96,0.82,1.67,,,,0.5,,53.53,,,,,5.89,952.38,
2024-11-24 20:00:00,38.24,75.07,6.89,16.86,23.98,11.89,8.0,0.79,26.54,0.82,1.7,,,,0.5,,60.85,,,,,5.89,952.5,
2024-11-24 21:00:00,42.18,82.8,7.54,17.45,25.32,12.54,7.78,0.8,25.58,0.82,1.71,,,,0.51,,69.2,,,,,5.89,952.57,
2024-11-24 22:00:00,40.65,79.8,6.23,16.43,22.91,11.23,7.21,0.78,25.98,0.84,1.67,,,,0.49,,84.08,,,,,5.89,952.55,
2024-11-24 23:00:00,42.32,83.08,7.64,17.03,24.45,12.64,7.75,0.74,25.77,0.84,1.65,,,,0.49,,93.4,,,,,5.89,952.39,
2024-11-25 00:00:00,42.07,82.6,6.73,17.19,23.88,11.73,7.64,0.62,25.77,0.82,1.65,,,,0.5,,93.5,,,,,5.89,952.28,
2024-11-25 01:00:00,42.71,83.85,6.73,18.21,25.19,11.73,7.99,0.58,26.06,0.82,1.71,,,,0.48,,93.52,,,,,5.89,952.16,
2024-11-25 02:00:00,41.62,81.69,7.21,17.18,24.76,12.21,6.08,0.58,26.12,0.8,1.68,,,,0.5,,93.6,,,,,5.89,952.02,
2024-11-25 03:00:00,39.18,76.92,6.98,16.09,22.96,11.98,7.62,0.62,26.36,0.82,1.68,,,,0.51,,93.6,,,,,5.89,951.93,
2024-11-25 04:00:00,37.6,73.82,6.21,15.97,22.22,11.21,8.3,0.67,26.27,0.82,1.67,,,,0.48,,93.6,,,,,5.89,951.92,
2024-11-25 05:00:00,38.06,74.73,6.2,15.24,21.73,11.2,8.73,0.75,26.19,0.8,1.66,,,,0.48,,93.6,,,,,5.89,952.01,
2024-11-25 06:00:00,40.7,79.9,6.76,16.36,23.54,11.76,8.1,0.72,25.64,0.83,1.69,,,,0.5,,93.6,,,,,5.89,952.22,
2024-11-25 07:00:00,38.31,75.22,6.92,16.48,23.66,11.92,7.62,0.74,25.9,0.82,1.66,,,,0.5,,93.55,,,,,12.08,952.38,
2024-11-25 08:00:00,40.41,79.33,7.49,17.32,24.73,12.49,7.45,0.76,26.0,0.82,1.67,,,,0.5,,93.48,,,,,52.4,952.55,
2024-11-25 09:00:00,42.62,83.67,7.99,17.61,25.9,12.99,8.51,0.8,26.53,0.83,1.7,,,,0.5,,84.68,,,,,210.9,952.61,
2024-11-25 10:00:00,42.53,83.49,7.51,16.29,24.11,12.51,7.65,0.8,26.51,0.83,1.67,,,,0.5,,62.38,,,,,345.79,952.56,
2024-11-25 11:00:00,21.99,43.22,6.71,16.92,23.72,11.71,6.48,0.77,29.52,0.8,1.31,,,,0.41,,44.22,,,,,563.83,952.36,
2024-11-25 12:00:00,28.71,56.4,8.68,15.03,23.36,13.68,6.81,0.75,29.36,0.79,1.24,,,,0.4,,35.67,,,,,542.36,952.14,
2024-11-25 13:00:00,33.12,65.02,6.99,17.56,23.96,11.99,6.75,0.74,30.65,0.76,1.28,,,,0.38,,35.07,,,,,394.88,951.96,
2024-11-25 14:00:00,34.26,67.26,6.8,16.45,23.09,11.8,7.97,0.72,50.36,0.78,1.22,,,,0.4,,34.4,,,,,319.11,951.73,
2024-11-25 15:00:00,34.46,67.67,8.52,17.63,26.02,13.52,8.66,0.74,27.11,0.78,1.28,,,,0.4,,35.85,,,,,230.72,951.7,
2024-11-25 16:00:00,37.86,74.33,7.66,16.52,24.3,12.66,8.67,0.77,26.84,0.78,1.22,,,,0.39,,37.48,,,,,85.47,951.77,
2024-11-25 17:00:00,19.34,38.02,6.26,16.58,22.5,12.49,8.38,0.86,19.68,0.78,1.28,,,,0.41,,45.58,,,,,6.49,951.91,
2024-11-25 18:00:00,39.97,78.46,6.71,17.73,24.86,11.71,9.94,0.89,19.33,0.79,1.14,,,,0.41,,51.1,,,,,5.89,952.04,
2024-11-25 19:00:00,,,,,,,,,,,,,,,,,,,,,,,,
2024-11-25 20:00:00,,,,,,,,,,,,,,,,,,,,,,,,
2024-11-25 21:00:00,,,,,,,,,,,,,,,,,,,,,,,,
2024-11-25 22:00:00,,,,,,,,,,,,,,,,,,,,,,,,
2024-11-25 23:00:00,,,,,,,,,,,,,,,,,,,,,,,,
2024-11-26 00:00:00,,,,,,,,,,,,,,,,,,,,,,,,
2024-11-26 01:00:00,,,,,,,,,,,,,,,,,,,,,,,,
2024-11-26 02:00:00,39.97,78.46,6.71,17.73,,11.71,9.94,0.89,19.33,0.79,1.14,,,,0.41,,51.1,,,,,5.89,952.04,
2024-11-26 03:00:00,17.69,34.81,7.84,17.78,26.04,12.84,6.56,0.79,33.84,0.77,1.37,,,,0.41,,,,,,,147.19,952.09,
2024-11-26 04:00:00,,,,,,,,,,,,,,,,,,,,,,,,
2024-11-26 05:00:00,,,,,,,,,,,,,,,,,,,,,,,,
2024-11-26 06:00:00,,,,,,,,,,,,,,,,,,,,,,,,
2024-11-26 07:00:00,,,,,,,,,,,,,,,,,,,,,,,,
2024-11-26 08:00:00,,,,,,,,,,,,,,,,,,,,,,,,
2024-11-26 09:00:00,,,,,,,,,,,,,,,,,,,,,,,,
2024-11-26 10:00:00,,,,,,,,,,,,,,,,,,,,,,,,
2024-11-26 11:00:00,,,,,,,,,,,,,,,,,,,,,,,,
2024-11-26 12:00:00,16.97,33.37,7.06,18.22,25.72,12.07,5.87,0.76,33.56,0.77,1.27,,,,0.39,,61.85,,,,,130.5,952.02,
2024-11-26 13:00:00,22.14,43.52,7.4,16.91,24.79,12.4,7.63,0.79,38.92,0.78,1.22,,,,0.39,,65.88,,,,,61.07,951.85,
2024-11-26 14:00:00,28.27,55.53,6.46,15.21,22.01,11.46,8.88,0.81,40.5,0.78,1.25,,,,0.39,,72.38,,,,,15.85,951.7,
2024-11-26 15:00:00,33.7,66.16,6.08,16.61,23.06,11.08,6.36,0.8,33.63,0.77,1.24,,,,0.39,,78.88,,,,,13.19,951.55,
2024-11-26 16:00:00,38.73,76.04,6.83,18.26,25.53,11.83,5.75,0.8,27.67,0.78,1.28,,,,0.4,,92.72,,,,,5.89,951.63,
2024-11-26 17:00:00,42.72,83.86,6.59,17.33,24.39,11.59,7.09,0.79,26.68,0.78,1.21,,,,0.4,,93.58,,,,,5.89,951.76,
2024-11-26 18:00:00,41.29,81.06,5.92,17.11,23.23,10.92,7.97,0.76,26.89,0.79,1.26,,,,0.4,,93.6,,,,,5.89,952.01,
2024-11-26 19:00:00,40.18,78.88,6.7,15.81,22.82,11.7,7.68,0.77,27.44,0.77,1.26,,,,0.4,,93.6,,,,,5.89,952.25,
2024-11-26 20:00:00,39.91,78.36,7.99,16.96,25.15,12.99,9.21,0.73,28.44,0.77,1.23,,,,0.4,,93.6,,,,,5.89,952.36,
2024-11-26 21:00:00,39.57,77.68,6.2,16.62,23.26,11.2,6.28,0.91,27.24,0.76,1.25,,,,0.39,,93.6,,,,,5.89,952.41,
2024-11-26 22:00:00,41.91,82.28,6.22,17.59,24.12,11.22,6.02,0.84,27.61,0.77,1.23,,,,0.4,,93.62,,,,,5.89,952.35,
2024-11-26 23:00:00,41.81,82.08,5.93,15.68,21.87,10.93,6.69,0.78,27.79,0.77,1.27,,,,0.39,,93.7,,,,,5.89,952.23,
2024-11-27 00:00:00,44.97,88.27,6.28,16.15,22.76,11.28,5.74,0.79,27.88,0.78,1.26,,,,0.4,,93.7,,,,,5.89,952.08,
2024-11-27 01:00:00,52.02,102.09,5.62,16.89,22.54,10.62,6.17,0.82,29.03,0.76,1.25,,,,0.39,,93.6,,,,,5.89,951.88,
2024-11-27 02:00:00,52.87,103.77,6.36,16.18,22.81,11.36,7.2,0.8,28.31,0.76,1.25,,,,0.39,,93.6,,,,,5.89,951.69,
2024-11-27 03:00:00,51.3,100.7,5.87,16.02,22.22,10.87,7.9,0.78,28.1,0.77,1.22,,,,0.41,,93.6,,,,,5.89,951.56,
2024-11-27 04:00:00,50.0,98.14,6.32,16.22,22.67,11.32,7.12,0.76,29.6,0.78,1.21,,,,0.39,,93.6,,,,,5.89,951.55,
2024-11-27 05:00:00,48.32,94.85,6.92,17.95,25.19,11.92,6.95,0.81,27.79,0.77,1.25,,,,0.41,,93.6,,,,,5.89,951.66,
2024-11-27 06:00:00,48.76,95.7,7.75,15.93,23.9,12.75,8.18,0.8,28.03,0.79,1.25,,,,0.4,,93.6,,,,,5.89,951.84,
2024-11-27 07:00:00,47.4,93.04,7.07,16.34,23.92,12.07,8.24,0.85,27.5,0.77,1.25,,,,0.42,,93.6,,,,,18.15,952.04,
2024-11-27 08:00:00,45.75,89.8,6.34,17.04,23.3,11.34,6.88,0.85,27.4,0.78,1.22,,,,0.41,,87.32,,,,,147.71,952.18,
2024-11-27 09:00:00,45.17,88.67,6.3,16.88,23.51,11.3,8.14,0.82,27.46,0.78,1.23,,,,0.4,,66.4,,,,,196.39,952.23,
2024-11-27 10:00:00,47.08,92.4,7.05,16.49,23.63,12.05,8.11,0.79,27.73,0.78,1.26,,,,0.38,,62.58,,,,,243.76,952.15,
2024-11-27 11:00:00,48.61,95.41,6.78,16.56,23.76,11.78,8.22,0.82,27.44,0.79,1.21,,,,0.39,,59.92,,,,,211.21,952.02,
2024-11-27 12:00:00,31.41,61.68,5.89,16.8,23.06,10.89,7.77,0.81,28.16,0.69,1.63,,,,0.46,,58.25,,,,,193.96,951.8,
2024-11-27 13:00:00,17.38,34.17,6.12,16.91,22.9,11.12,7.28,0.76,29.53,0.59,1.95,,,,0.52,,57.12,,,,,163.19,951.53,
2024-11-27 14:00:00,25.06,49.24,5.83,18.26,24.08,10.83,7.28,0.75,30.73,0.6,1.93,,,,0.52,,57.98,,,,,67.57,951.44,
2024-11-27 15:00:00,33.18,65.16,7.3,17.58,25.31,12.31,8.48,0.73,30.68,0.6,1.95,,,,0.53,,58.02,,,,,83.97,951.38,
2024-11-27 16:00:00,38.35,75.29,6.41,16.1,22.87,11.41,7.86,0.78,30.67,0.59,1.93,,,,0.52,,59.75,,,,,27.85,951.4,
2024-11-27 17:00:00,42.98,84.37,6.62,16.31,23.26,11.62,8.24,0.8,31.21,0.59,1.92,,,,0.52,,65.72,,,,,5.89,951.53,
2024-11-27 18:00:00,47.15,92.56,5.76,16.6,22.63,10.76,7.21,0.77,31.37,0.62,1.96,,,,0.54,,70.9,,,,,5.89,951.64,
2024-11-27 19:00:00,49.93,98.0,5.05,15.85,21.26,10.05,6.98,0.78,31.09,0.6,1.94,,,,0.54,,75.38,,,,,5.89,951.77,
2024-11-27 20:00:00,54.46,106.87,6.48,16.55,23.43,11.48,6.6,0.74,30.64,0.59,1.96,,,,0.51,,84.58,,,,,5.89,951.93,
2024-11-27 21:00:00,56.42,110.72,6.36,16.36,23.19,11.36,7.58,0.79,30.4,0.58,1.92,,,,0.52,,92.7,,,,,5.89,952.06,
2024-11-27 22:00:00,52.9,103.82,6.06,16.37,22.47,11.06,7.87,0.82,30.27,0.59,1.92,,,,0.51,,93.48,,,,,5.89,952.05,
2024-11-27 23:00:00,52.39,102.82,6.16,17.32,24.03,11.16,7.77,0.74,29.54,0.62,1.97,,,,0.52,,93.43,,,,,5.89,951.91,
2024-11-28 00:00:00,51.45,100.98,5.1,16.39,21.61,10.1,7.72,0.78,30.01,0.6,1.92,,,,0.52,,93.5,,,,,5.89,951.76,
2024-11-28 01:00:00,49.82,97.8,6.14,16.36,22.83,11.14,8.08,0.82,27.8,0.6,1.97,,,,0.52,,93.5,,,,,5.89,951.56,
2024-11-28 02:00:00,50.01,98.15,7.36,16.9,24.9,12.36,5.48,0.83,27.5,0.6,1.96,,,,0.53,,93.55,,,,,5.89,951.38,
2024-11-28 03:00:00,49.0,96.18,7.04,17.8,25.24,12.04,6.68,0.85,27.46,0.59,1.92,,,,0.52,,93.6,,,,,5.89,951.34,
2024-11-28 04:00:00,47.24,92.73,5.75,16.68,22.87,10.75,8.38,0.8,28.08,0.59,1.93,,,,0.52,,93.52,,,,,5.89,951.4,
2024-11-28 05:00:00,47.13,92.51,7.88,18.13,26.3,12.88,7.31,0.76,27.62,0.6,1.97,,,,0.52,,93.5,,,,,5.89,951.53,
2024-11-28 06:00:00,47.27,92.78,7.08,16.6,24.05,12.08,7.58,0.76,27.45,0.62,1.95,,,,0.52,,92.5,,,,,5.89,951.7,
2024-11-28 07:00:00,45.58,89.46,6.14,17.03,22.94,11.14,7.56,0.74,26.31,0.58,1.92,,,,0.52,,84.32,,,,,27.33,951.98,
2024-11-28 08:00:00,46.84,91.93,7.26,16.97,24.48,12.26,8.5,0.75,26.67,0.6,1.96,,,,0.53,,58.35,,,,,272.07,952.14,
2024-11-28 09:00:00,48.41,95.01,6.75,18.45,25.22,11.75,7.19,0.79,26.52,0.6,1.97,,,,0.51,,44.98,,,,,379.36,952.31,
2024-11-28 10:00:00,48.68,95.54,4.9,16.22,20.9,9.9,7.68,0.78,27.32,0.6,1.93,,,,0.53,,39.5,,,,,429.48,952.24,
2024-11-28 11:00:00,49.44,97.04,6.08,17.5,23.83,11.08,8.6,0.78,27.5,0.6,1.97,,,,0.52,,34.55,,,,,398.5,951.99,
2024-11-28 12:00:00,47.56,93.36,6.2,15.59,22.08,11.2,7.22,0.78,27.49,0.6,1.97,,,,0.52,,29.28,,,,,536.37,951.68,
2024-11-28 13:00:00,42.54,83.5,6.53,15.79,22.68,11.53,7.35,0.79,27.76,0.6,1.95,,,,0.52,,28.55,,,,,510.64,951.46,
2024-11-28 14:00:00,40.28,79.09,4.47,15.08,19.69,9.48,8.51,0.76,27.86,0.59,1.95,,,,0.53,,30.92,,,,,272.31,951.35,
2024-11-28 15:00:00,38.63,75.85,6.16,17.02,23.7,11.16,9.03,0.76,27.34,0.6,1.96,,,,0.52,,30.1,,,,,204.49,951.3,
2024-11-28 16:00:00,39.11,76.78,5.73,15.62,21.8,10.73,8.13,0.75,28.88,0.6,1.94,,,,0.52,,31.0,,,,,77.04,951.35,
2024-11-28 17:00:00,41.8,82.05,5.62,14.58,20.4,10.62,8.12,0.76,32.72,0.6,1.95,,,,0.52,,29.95,,,,,5.94,951.49,
2024-11-28 18:00:00,45.63,89.57,6.7,17.74,24.64,11.7,8.08,0.78,32.19,0.58,1.96,,,,0.53,,37.02,,,,,5.89,951.64,
2024-11-28 19:00:00,49.21,96.6,5.61,16.53,22.31,10.61,7.26,0.8,31.87,0.6,1.96,,,,0.53,,44.72,,,,,5.89,951.8,
2024-11-28 20:00:00,50.84,99.79,6.37,16.65,23.48,11.37,8.54,0.78,33.34,0.6,1.94,,,,0.52,,47.85,,,,,5.89,951.93,
2024-11-28 21:00:00,50.18,98.5,7.91,16.6,24.94,12.91,6.59,0.78,29.88,0.61,1.94,,,,0.52,,49.32,,,,,5.89,952.04,
2024-11-28 22:00:00,50.4,98.94,6.21,16.67,23.41,11.21,6.68,0.76,30.71,0.59,1.94,,,,0.52,,52.62,,,,,5.89,951.95,
2024-11-28 23:00:00,50.49,99.1,5.99,16.29,22.26,10.99,7.36,0.75,29.03,0.6,1.93,,,,0.52,,56.1,,,,,5.89,951.78,
2024-11-29 00:00:00,48.2,94.6,6.84,17.47,24.68,11.84,7.22,0.74,29.83,0.59,1.94,,,,0.52,,60.6,,,,,5.89,951.68,
2024-11-29 01:00:00,47.96,94.14,6.25,18.29,24.99,11.25,7.14,0.76,28.78,0.59,1.92,,,,0.52,,61.65,,,,,5.89,951.58,
2024-11-29 02:00:00,47.37,92.98,6.01,16.5,22.74,11.02,7.23,0.75,29.31,0.6,1.97,,,,0.52,,64.15,,,,,5.89,951.45,
2024-11-29 03:00:00,43.93,86.24,6.73,17.25,24.1,11.74,7.84,0.76,26.92,0.61,1.94,,,,0.54,,62.55,,,,,5.89,951.37,
2024-11-29 04:00:00,44.08,86.54,6.18,18.11,24.58,11.18,6.44,0.73,26.65,0.6,1.94,,,,0.52,,64.25,,,,,5.89,951.38,
2024-11-29 05:00:00,44.52,87.38,6.06,17.13,23.64,11.05,5.65,0.77,27.7,0.59,1.93,,,,0.5,,63.3,,,,,5.89,951.53,
2024-11-29 06:00:00,43.78,85.94,6.14,16.49,23.0,11.14,5.89,0.8,26.78,0.59,1.98,,,,0.52,,63.97,,,,,5.89,951.68,
2024-11-29 07:00:00,47.6,93.42,5.25,17.28,22.71,10.26,8.35,0.8,27.04,0.59,1.92,,,,0.52,,62.5,,,,,5.9,951.87,
2024-11-29 08:00:00,51.08,100.26,6.66,17.7,24.89,11.66,7.95,0.76,26.6,0.61,1.96,,,,0.52,,60.18,,,,,70.88,952.04,
2024-11-29 09:00:00,52.21,102.47,7.11,17.02,24.36,12.11,6.56,0.76,26.67,0.59,1.93,,,,0.52,,56.03,,,,,160.89,952.11,
2024-11-29 10:00:00,46.78,91.84,7.04,16.55,24.05,12.04,9.03,0.76,27.89,0.64,1.91,,,,0.56,,53.75,,,,,215.17,952.06,
2024-11-29 11:00:00,20.18,39.66,6.34,16.34,22.92,11.34,8.39,0.78,27.04,0.84,1.86,,,,0.72,,55.7,,,,,181.4,951.89,
2024-11-29 12:00:00,33.16,65.13,6.1,17.48,23.5,11.1,8.2,0.74,62.75,0.85,1.86,,,,0.71,,55.95,,,,,243.64,951.67,
2024-11-29 13:00:00,37.47,73.56,6.72,16.55,23.46,11.72,7.94,0.76,60.36,0.84,1.85,,,,0.71,,52.22,,,,,346.77,951.41,
2024-11-29 14:00:00,39.42,77.39,6.92,15.28,21.79,11.92,8.45,0.77,28.96,0.84,1.86,,,,0.73,,51.3,,,,,275.9,951.25,
2024-11-29 15:00:00,38.67,75.91,7.67,18.95,26.49,12.67,8.02,0.73,26.49,0.83,1.86,,,,0.72,,53.45,,,,,145.06,951.24,
2024-11-29 16:00:00,37.54,73.72,7.17,16.5,23.88,12.17,6.98,0.76,26.88,0.84,1.86,,,,0.72,,58.15,,,,,50.88,951.24,
2024-11-29 17:00:00,39.18,76.92,8.36,17.49,26.12,13.36,6.49,0.74,26.7,0.85,1.86,,,,0.72,,62.42,,,,,5.98,951.32,
2024-11-29 18:00:00,38.26,75.11,6.44,17.34,23.88,11.44,7.73,0.74,26.52,0.84,1.86,,,,0.72,,65.18,,,,,5.89,951.52,
2024-11-29 19:00:00,36.67,72.0,6.8,17.17,24.08,11.8,7.78,0.74,26.5,0.86,1.83,,,,0.71,,66.23,,,,,5.89,951.72,
2024-11-29 20:00:00,45.96,90.21,5.72,15.3,21.08,10.72,7.44,0.78,26.17,0.85,1.85,,,,0.71,,67.95,,,,,5.89,951.85,
2024-11-29 21:00:00,45.02,88.36,7.3,17.54,24.91,12.3,8.37,0.82,26.53,0.84,1.86,,,,0.71,,69.57,,,,,5.89,951.9,
2024-11-29 22:00:00,44.96,88.25,7.14,16.4,23.69,12.14,6.36,0.8,25.68,0.84,1.84,,,,0.72,,73.65,,,,,5.89,951.87,
2024-11-29 23:00:00,41.82,82.1,6.18,15.59,21.64,11.18,6.23,0.76,26.56,0.84,1.86,,,,0.72,,89.75,,,,,5.89,951.76,
2024-11-30 00:00:00,42.55,83.52,7.96,16.53,24.42,12.96,6.08,0.72,26.34,0.84,1.86,,,,0.73,,93.48,,,,,5.89,951.61,
2024-11-30 01:00:00,40.16,78.84,7.49,16.8,24.33,12.49,7.86,0.7,26.01,0.86,1.88,,,,0.7,,93.55,,,,,5.89,951.4,
2024-11-30 02:00:00,40.06,78.66,5.78,16.55,22.54,10.78,5.94,0.76,26.32,0.86,1.84,,,,0.72,,93.6,,,,,5.89,951.18,
2024-11-30 03:00:00,37.24,73.11,7.19,17.51,25.1,12.19,7.1,0.76,26.24,0.86,1.84,,,,0.71,,93.6,,,,,5.89,951.05,
2024-11-30 04:00:00,35.56,69.83,6.24,16.63,22.98,11.24,9.82,0.71,25.96,0.84,1.83,,,,0.7,,93.6,,,,,5.89,951.12,
2024-11-30 05:00:00,33.06,64.94,6.9,18.55,25.72,11.9,8.96,0.76,26.26,0.84,1.82,,,,0.72,,93.6,,,,,5.89,951.22,
2024-11-30 06:00:00,32.47,63.75,7.49,16.56,24.29,12.49,6.75,0.79,25.85,0.84,1.84,,,,0.71,,93.6,,,,,5.89,951.36,
2024-11-30 07:00:00,36.97,72.58,7.14,17.24,24.18,12.14,8.9,0.83,26.2,0.85,1.86,,,,0.72,,93.6,,,,,5.89,951.58,
2024-11-30 08:00:00,32.68,64.17,6.47,16.18,22.8,11.47,7.37,0.86,25.82,0.84,1.86,,,,0.72,,93.6,,,,,6.84,951.76,
2024-11-30 09:00:00,31.56,61.97,6.6,17.37,23.96,11.6,6.56,0.81,26.12,0.84,1.86,,,,0.72,,93.6,,,,,23.1,951.83,
2024-11-30 10:00:00,34.17,67.1,7.58,17.58,25.4,12.58,6.52,0.86,26.18,0.83,1.89,,,,0.71,,93.5,,,,,20.02,951.75,
2024-11-30 11:00:00,37.36,73.35,6.32,16.1,22.58,11.32,6.88,0.92,26.44,0.87,1.85,,,,0.72,,93.5,,,,,27.67,951.51,
2024-11-30 12:00:00,42.54,83.52,5.98,15.5,21.32,10.98,6.32,0.86,26.35,0.83,1.85,,,,0.72,,93.5,,,,,23.56,951.29,
2024-11-30 13:00:00,40.36,79.24,7.07,16.42,23.7,12.07,5.67,0.74,26.4,0.85,1.9,,,,0.71,,93.5,,,,,14.89,951.13,
2024-11-30 14:00:00,34.92,68.56,5.23,16.24,21.41,10.23,6.39,0.73,26.11,0.84,1.85,,,,0.72,,93.5,,,,,8.69,950.88,
2024-11-30 15:00:00,35.38,69.48,6.58,16.84,23.55,11.58,6.76,0.7,26.76,0.83,1.85,,,,0.72,,93.5,,,,,5.89,950.85,
2024-11-30 16:00:00,32.15,63.14,6.84,17.53,24.55,11.84,9.04,0.71,26.54,0.84,1.86,,,,0.7,,93.52,,,,,5.89,950.9,
2024-11-30 17:00:00,34.21,67.18,5.88,17.08,22.94,10.88,7.51,0.74,26.38,0.84,1.83,,,,0.71,,93.6,,,,,5.89,950.94,
2024-11-30 18:00:00,36.81,72.28,6.62,16.01,22.36,11.62,6.12,0.74,25.92,0.84,1.84,,,,0.7,,93.6,,,,,5.89,951.07,
2024-11-30 19:00:00,34.03,66.82,6.18,15.55,21.69,11.18,7.61,0.69,26.3,0.83,1.84,,,,0.72,,93.6,,,,,5.89,951.23,
2024-11-30 20:00:00,34.6,67.94,5.9,16.61,22.7,10.9,7.44,0.71,26.65,0.84,1.91,,,,0.72,,93.6,,,,,5.89,951.36,
2024-11-30 21:00:00,33.6,65.99,6.41,18.34,24.89,11.41,7.37,0.8,26.62,0.85,1.85,,,,0.72,,93.6,,,,,5.89,951.42,
2024-11-30 22:00:00,31.91,62.66,6.74,16.76,23.82,11.74,6.49,0.79,25.94,0.86,1.86,,,,0.71,,93.65,,,,,5.89,951.46,
2024-11-30 23:00:00,36.18,71.05,7.79,18.56,26.54,12.79,7.24,0.76,26.6,0.82,1.85,,,,0.72,,93.7,,,,,5.89,951.38,
2024-12-01 00:00:00,21.99,43.21,5.76,16.63,22.59,10.7,6.05,0.78,21.99,0.87,1.85,,,,0.7,,93.7,,,,,5.89,951.24,
2024-12-01 01:00:00,37.02,72.68,7.4,16.75,24.23,12.4,5.92,0.82,22.0,0.84,1.84,,,,0.71,,93.7,,,,,5.89,951.0,
2024-12-01 02:00:00,39.94,78.42,7.84,17.56,25.74,12.84,7.96,0.79,26.66,0.82,1.85,,,,0.71,,93.78,,,,,5.89,950.87,
2024-12-01 03:00:00,33.8,66.38,7.82,16.81,24.79,12.81,8.76,0.8,26.35,0.82,1.83,,,,0.72,,93.8,,,,,5.89,950.78,
2024-12-01 04:00:00,30.25,59.42,6.01,15.71,21.72,11.01,6.79,0.79,26.33,0.84,1.85,,,,0.72,,93.8,,,,,5.89,950.82,
2024-12-01 05:00:00,26.28,51.62,6.2,17.59,24.17,9.72,6.68,0.76,26.26,0.86,1.86,,,,0.73,,93.8,,,,,5.89,950.92,
2024-12-01 06:00:00,16.97,33.37,7.14,18.07,25.3,12.14,5.86,0.77,14.56,0.84,1.84,,,,0.73,,93.8,,,,,5.89,951.08,
2024-12-01 07:00:00,42.57,83.57,6.96,19.46,26.56,11.95,7.02,0.8,24.98,0.85,1.86,,,,0.7,,93.8,,,,,5.89,951.18,
2024-12-01 08:00:00,39.51,77.58,6.76,17.03,23.8,11.76,9.35,0.76,26.8,0.84,1.87,,,,0.7,,93.8,,,,,8.09,951.34,
2024-12-01 09:00:00,32.68,64.17,6.85,15.71,22.85,11.85,8.15,0.76,26.24,0.84,1.87,,,,0.72,,93.8,,,,,10.78,951.4,
2024-12-01 10:00:00,29.06,57.08,6.42,17.49,23.72,11.42,7.78,0.75,26.44,0.84,1.84,,,,0.71,,93.7,,,,,35.18,951.32,
2024-12-01 11:00:00,31.42,61.71,6.68,16.34,23.2,11.67,6.62,0.74,26.65,0.84,1.82,,,,0.72,,93.7,,,,,35.22,951.11,
2024-12-01 12:00:00,28.6,56.17,6.3,16.73,23.12,11.29,6.62,0.74,26.27,0.84,1.85,,,,0.7,,93.62,,,,,47.44,950.87,
2024-12-01 13:00:00,28.2,55.39,6.34,16.43,22.7,11.36,7.14,0.78,26.05,0.85,1.84,,,,0.72,,93.57,,,,,50.08,950.69,
2024-12-01 14:00:00,25.98,51.04,6.98,16.39,23.5,11.98,6.65,0.75,25.78,0.85,1.86,,,,0.71,,93.62,,,,,16.01,950.52,
2024-12-01 15:00:00,27.1,53.23,6.02,15.78,21.49,11.02,7.38,0.74,26.46,0.84,1.87,,,,0.72,,93.7,,,,,9.84,950.46,
2024-12-01 16:00:00,25.06,49.24,8.08,16.83,24.84,13.08,7.59,0.72,26.1,0.84,1.85,,,,0.7,,93.8,,,,,5.89,950.49,
2024-12-01 17:00:00,23.62,46.41,7.45,17.82,25.3,12.45,6.28,0.75,26.08,0.85,1.86,,,,0.73,,93.8,,,,,5.89,950.56,
2024-12-01 18:00:00,24.4,47.94,6.6,16.27,22.9,11.6,5.56,0.74,26.53,0.84,1.84,,,,0.7,,93.8,,,,,5.89,950.63,
2024-12-01 19:00:00,24.85,48.81,7.33,17.02,24.44,12.33,6.1,0.74,26.6,0.86,1.86,,,,0.72,,93.8,,,,,5.89,950.84,
2024-12-01 20:00:00,23.32,45.81,7.78,17.89,26.0,12.78,7.38,0.72,25.98,0.82,1.81,,,,0.72,,93.8,,,,,5.89,950.94,
2024-12-01 21:00:00,21.53,42.31,7.12,16.34,23.3,12.12,7.93,0.76,26.2,0.84,1.82,,,,0.71,,93.8,,,,,5.89,950.99,
2024-12-01 22:00:00,20.49,40.28,6.36,16.19,22.7,11.36,6.81,0.76,26.48,0.85,1.86,,,,0.72,,93.8,,,,,5.89,950.94,
2024-12-01 23:00:00,21.34,41.92,6.43,15.84,22.52,11.43,6.62,0.79,26.4,0.83,1.83,,,,0.7,,93.8,,,,,5.89,950.88,
2024-12-02 00:00:00,20.62,40.54,6.49,16.69,23.48,11.49,7.52,0.76,26.69,0.86,1.89,,,,0.7,,93.8,,,,,5.89,950.71,
2024-12-02 01:00:00,20.01,39.33,7.87,17.29,25.56,12.87,7.9,0.74,26.25,0.86,1.83,,,,0.72,,93.8,,,,,5.89,950.6,
2024-12-02 02:00:00,19.48,38.29,5.98,16.66,23.04,10.98,5.95,0.76,26.12,0.86,1.86,,,,0.71,,93.8,,,,,5.89,950.42,
2024-12-02 03:00:00,18.98,37.31,6.13,16.96,23.17,11.13,7.6,0.76,26.16,0.85,1.86,,,,0.7,,93.8,,,,,5.89,950.28,
2024-12-02 04:00:00,22.61,44.42,6.96,16.74,23.98,11.96,8.73,0.79,26.6,0.86,1.84,,,,0.71,,93.8,,,,,5.89,950.32,
2024-12-02 05:00:00,22.14,43.5,7.16,15.4,22.72,12.16,8.26,0.67,26.26,0.84,1.86,,,,0.73,,93.8,,,,,5.89,950.43,
2024-12-02 06:00:00,20.7,40.68,8.02,17.66,25.97,13.02,8.82,0.64,26.62,0.84,1.84,,,,0.72,,93.8,,,,,5.89,950.66,
2024-12-02 07:00:00,23.3,45.79,5.81,16.31,22.22,10.81,8.08,0.64,26.19,0.83,1.86,,,,0.72,,93.8,,,,,6.45,950.86,
2024-12-02 08:00:00,22.32,43.87,6.7,15.4,22.02,11.7,8.57,0.68,26.06,0.83,1.83,,,,0.74,,93.8,,,,,24.75,951.08,
2024-12-02 09:00:00,20.93,41.15,5.94,17.13,22.82,10.94,5.5,0.68,26.33,0.85,1.86,,,,0.7,,93.8,,,,,38.03,951.17,
2024-12-02 10:00:00,20.06,39.44,6.5,16.47,23.37,11.5,5.64,0.7,26.37,0.85,1.84,,,,0.72,,93.8,,,,,78.67,951.12,
2024-12-02 11:00:00,20.17,39.64,7.95,17.07,24.49,12.95,6.81,0.73,25.96,0.85,1.88,,,,0.72,,93.8,,,,,115.76,951.04,
2024-12-02 12:00:00,24.73,48.59,6.8,15.97,22.74,11.8,7.82,0.72,26.2,0.86,1.85,,,,0.72,,93.8,,,,,78.09,950.84,
2024-12-02 13:00:00,23.12,45.43,7.0,16.72,23.84,9.08,8.34,0.8,26.35,0.84,1.82,,,,0.7,,93.8,,,,,83.85,950.66,
2024-12-02 14:00:00,24.3,47.75,7.45,18.14,25.82,12.46,8.01,0.82,18.12,0.86,1.85,,,,0.71,,93.8,,,,,86.62,950.58,
2024-12-02 15:00:00,44.08,86.52,6.54,16.9,23.6,11.55,6.85,0.85,26.58,0.85,1.85,,,,0.72,,93.78,,,,,66.66,950.56,
2024-12-02 16:00:00,40.07,78.66,6.98,16.35,23.58,11.98,6.88,0.88,26.5,0.86,1.83,,,,0.71,,93.78,,,,,10.11,950.6,
2024-12-02 17:00:00,36.54,71.75,6.1,16.88,22.95,11.1,8.81,0.88,26.62,0.87,1.88,,,,0.71,,93.8,,,,,5.89,950.7,
2024-12-02 18:00:00,35.97,70.64,6.67,16.66,23.64,11.67,8.59,0.91,26.35,0.84,1.87,,,,0.72,,93.8,,,,,5.89,950.88,
2024-12-02 19:00:00,35.06,68.84,7.34,17.9,25.69,12.34,6.12,0.89,26.8,0.85,1.89,,,,0.71,,93.8,,,,,5.89,951.08,
2024-12-02 20:00:00,33.84,66.45,7.03,17.25,24.73,12.03,7.76,0.86,26.32,0.82,1.84,,,,0.71,,93.8,,,,,5.89,951.19,
2024-12-02 21:00:00,29.34,57.64,6.09,17.18,22.5,11.09,7.34,0.84,26.29,0.84,1.84,,,,0.72,,93.8,,,,,5.89,951.28,
2024-12-02 22:00:00,27.12,53.28,7.38,18.0,25.66,12.38,7.89,0.82,26.44,0.84,1.87,,,,0.73,,93.8,,,,,5.89,951.34,
2024-12-02 23:00:00,21.8,42.84,6.1,16.48,22.7,8.4,11.67,0.8,25.84,0.83,1.86,,,,0.71,,93.8,,,,,5.89,951.34,
2024-12-03 00:00:00,16.97,33.37,7.34,17.65,25.29,12.34,,0.78,13.77,0.86,1.89,,,,0.71,,93.8,,,,,5.89,951.27,
2024-12-03 01:00:00,17.02,33.47,5.55,16.56,22.04,10.55,7.96,0.83,22.74,0.85,1.84,,,,0.72,,93.8,,,,,5.89,951.18,
2024-12-03 02:00:00,17.44,34.3,6.57,16.23,23.07,11.57,8.67,0.8,26.17,0.85,1.86,,,,0.72,,93.8,,,,,5.89,951.08,
2024-12-03 03:00:00,17.18,33.79,7.22,16.22,23.4,12.22,8.26,0.75,26.35,0.86,1.84,,,,0.72,,93.8,,,,,5.89,950.94,
2024-12-03 04:00:00,17.7,34.8,6.82,16.59,23.36,11.82,8.05,0.74,19.66,0.84,1.87,,,,0.72,,93.8,,,,,5.89,951.1,
2024-12-03 05:00:00,18.52,36.4,6.12,16.89,22.98,11.12,7.9,0.75,26.56,0.84,1.86,,,,0.72,,93.8,,,,,5.89,951.29,
2024-12-03 06:00:00,18.58,36.53,6.21,16.95,23.17,11.21,8.26,0.77,26.34,0.84,1.84,,,,0.71,,93.8,,,,,5.89,951.5,
2024-12-03 07:00:00,18.48,36.34,5.37,17.15,22.65,10.37,6.93,0.8,26.44,0.85,1.84,,,,0.71,,93.78,,,,,8.72,951.78,
2024-12-03 08:00:00,18.38,36.13,6.91,16.67,23.73,11.91,7.28,0.82,26.32,0.84,1.84,,,,0.72,,93.72,,,,,32.95,951.99,
2024-12-03 09:00:00,19.77,38.87,7.27,16.22,23.83,12.26,7.95,0.84,26.0,0.83,1.85,,,,0.72,,93.62,,,,,329.09,952.06,
2024-12-03 10:00:00,21.85,42.94,6.6,18.87,25.58,11.6,7.38,0.84,26.62,0.84,1.84,,,,0.72,,92.95,,,,,399.4,952.06,
2024-12-03 11:00:00,23.96,47.08,7.28,16.48,23.86,12.28,5.32,0.8,27.11,0.85,1.86,,,,0.71,,90.65,,,,,178.77,951.97,
2024-12-03 12:00:00,28.67,56.31,5.76,18.12,23.88,10.76,6.53,0.79,27.01,0.85,1.84,,,,0.72,,92.6,,,,,57.46,951.8,
2024-12-03 13:00:00,30.07,59.06,6.45,16.7,23.47,11.44,7.09,0.8,26.87,0.84,1.83,,,,0.72,,92.8,,,,,39.88,951.6,
2024-12-03 14:00:00,24.71,48.55,6.92,16.08,23.38,11.92,6.81,0.8,26.59,0.79,1.7,,,,0.65,,93.78,,,,,31.86,951.55,
2024-12-03 15:00:00,19.49,38.31,5.09,15.42,20.62,10.09,6.47,0.81,26.15,0.66,1.43,,,,0.49,,93.8,,,,,37.27,951.48,
2024-12-03 16:00:00,23.9,46.95,7.65,15.24,23.16,12.65,7.26,0.85,26.08,0.66,1.46,,,,0.5,,93.7,,,,,67.21,951.46,
2024-12-03 17:00:00,24.63,48.38,7.02,17.48,24.82,12.02,7.43,0.98,26.39,0.66,1.44,,,,0.49,,93.7,,,,,5.89,951.6,
2024-12-03 18:00:00,28.81,56.59,6.85,17.06,24.36,11.85,8.02,1.05,26.7,0.68,1.46,,,,0.49,,93.7,,,,,5.89,951.8,
2024-12-03 19:00:00,29.72,58.38,7.12,17.42,24.56,12.12,6.89,1.05,26.7,0.66,1.39,,,,0.49,,93.8,,,,,5.89,951.94,
2024-12-03 20:00:00,31.04,60.96,5.35,16.92,21.67,10.35,6.62,0.95,26.0,0.66,1.43,,,,0.51,,93.7,,,,,5.89,952.04,
2024-12-03 21:00:00,32.28,63.4,7.08,15.29,22.77,12.08,8.78,0.95,26.67,0.64,1.46,,,,0.49,,93.7,,,,,5.89,952.07,
2024-12-03 22:00:00,31.3,61.48,7.31,15.14,22.34,12.31,7.47,0.9,26.42,0.66,1.46,,,,0.5,,93.7,,,,,5.89,952.06,
2024-12-03 23:00:00,28.67,56.33,6.74,16.39,23.36,11.74,9.41,0.84,26.41,0.65,1.46,,,,0.49,,93.7,,,,,5.89,951.99,
2024-12-04 00:00:00,28.7,56.38,8.27,16.92,25.21,13.27,6.29,0.79,26.29,0.66,1.44,,,,0.49,,93.7,,,,,5.89,951.96,
2024-12-04 01:00:00,29.27,57.5,6.86,18.41,25.51,11.86,5.98,0.76,26.27,0.66,1.43,,,,0.49,,93.7,,,,,5.89,951.86,
2024-12-04 02:00:00,30.2,59.32,7.37,17.23,24.99,12.37,7.09,0.77,26.23,0.66,1.42,,,,0.5,,93.62,,,,,5.89,951.79,
2024-12-04 03:00:00,28.13,55.26,7.69,17.5,25.52,12.7,8.67,0.77,26.21,0.66,1.41,,,,0.49,,93.6,,,,,5.89,951.72,
2024-12-04 04:00:00,27.55,54.11,6.73,17.38,23.52,11.73,7.26,0.73,26.16,0.66,1.44,,,,0.48,,93.65,,,,,5.89,951.73,
2024-12-04 05:00:00,28.06,55.12,7.39,17.12,24.68,12.39,5.28,0.7,26.58,0.67,1.42,,,,0.49,,93.7,,,,,5.89,951.88,
2024-12-04 06:00:00,27.5,54.02,6.9,18.13,25.22,11.9,6.79,0.7,26.18,0.68,1.43,,,,0.49,,93.62,,,,,5.89,952.1,
2024-12-04 07:00:00,27.52,54.06,6.98,17.1,24.11,11.98,7.21,0.69,26.52,0.66,1.45,,,,0.48,,93.6,,,,,52.99,952.35,
2024-12-04 08:00:00,30.27,59.44,8.37,16.13,24.72,13.37,7.5,0.71,25.92,0.65,1.42,,,,0.5,,91.55,,,,,218.01,952.55,
2024-12-04 09:00:00,30.01,58.93,7.36,17.33,24.82,12.36,7.0,0.73,26.79,0.64,1.46,,,,0.49,,69.62,,,,,493.26,952.62,
2024-12-04 10:00:00,27.74,54.49,7.68,16.36,24.39,12.68,6.68,0.72,26.69,0.65,1.45,,,,0.5,,55.48,,,,,728.84,952.56,
2024-12-04 11:00:00,22.66,44.52,5.73,17.81,23.65,10.73,6.29,0.74,28.49,0.8,1.88,,,,0.59,,51.75,,,,,794.6,952.4,
2024-12-04 12:00:00,38.88,76.34,8.38,17.47,25.56,13.38,9.36,0.83,32.12,0.85,1.98,,,,0.62,,47.47,,,,,629.06,952.18,
2024-12-04 13:00:00,74.28,145.73,7.6,16.82,24.36,12.6,17.38,0.78,28.19,0.81,2.0,,,,0.64,,52.12,,,,,267.72,951.98,
2024-12-04 14:00:00,61.24,120.18,7.3,18.77,25.65,12.3,14.43,0.82,24.03,,,,,,,,54.6,,,,,181.6,951.86,
2024-12-04 15:00:00,67.42,132.29,7.29,17.85,25.29,12.29,10.54,0.82,23.76,0.78,1.92,,,,0.66,,54.65,,,,,226.07,951.77,
2024-12-04 16:00:00,69.05,135.5,7.28,17.19,24.24,12.28,10.3,0.61,25.29,0.86,2.02,,,,0.62,,55.35,,,,,114.71,951.76,
2024-12-04 17:00:00,56.04,109.97,6.26,14.86,21.19,11.26,12.18,0.61,23.76,0.86,2.02,,,,0.62,,62.82,,,,,5.89,951.87,
2024-12-04 18:00:00,50.78,99.68,6.61,17.28,23.92,11.61,9.9,0.68,22.88,0.85,1.98,,,,0.62,,72.7,,,,,5.89,952.03,
2024-12-04 19:00:00,51.04,100.18,7.49,17.71,25.44,12.49,11.29,0.65,22.65,0.86,1.98,,,,0.63,,92.68,,,,,5.89,952.21,
2024-12-04 20:00:00,51.86,101.8,7.28,16.51,23.74,12.28,11.08,0.75,23.14,0.86,1.98,,,,0.63,,93.6,,,,,5.89,952.44,
2024-12-04 21:00:00,49.82,97.79,7.57,16.8,24.7,12.58,9.98,0.69,23.15,0.87,1.99,,,,0.61,,93.7,,,,,5.89,952.57,
2024-12-04 22:00:00,45.61,89.53,6.56,16.3,22.84,11.56,11.03,0.67,22.91,0.86,2.03,,,,0.62,,93.7,,,,,5.89,952.56,
2024-12-04 23:00:00,42.97,84.36,8.0,17.9,26.14,13.0,12.0,0.63,22.98,0.87,1.98,,,,0.61,,93.62,,,,,5.89,952.46,
2024-12-05 00:00:00,38.37,75.33,7.74,18.4,26.2,12.75,12.34,0.66,23.3,0.86,2.0,,,,0.62,,93.68,,,,,5.89,952.41,
2024-12-05 01:00:00,35.82,70.34,7.26,16.56,23.77,12.26,11.82,0.66,23.26,0.84,2.0,,,,0.63,,93.75,,,,,5.89,952.23,
2024-12-05 02:00:00,31.57,61.99,6.96,16.7,23.8,11.97,11.0,0.64,23.26,0.85,1.98,,,,0.63,,93.8,,,,,5.89,952.06,
2024-12-05 03:00:00,29.56,58.06,7.2,15.02,21.94,12.2,9.03,0.63,23.57,0.86,1.98,,,,0.62,,93.8,,,,,5.89,952.0,
2024-12-05 04:00:00,26.53,52.13,7.5,16.9,24.7,12.5,10.78,0.63,23.21,0.84,2.0,,,,0.61,,93.8,,,,,5.89,952.04,
2024-12-05 05:00:00,25.07,49.26,7.38,16.95,24.38,12.38,9.5,0.66,23.48,0.84,2.02,,,,0.61,,93.8,,,,,5.89,952.14,
2024-12-05 06:00:00,24.51,48.16,7.93,17.15,25.3,12.93,8.24,0.63,23.3,0.86,1.99,,,,0.62,,93.8,,,,,5.89,952.33,
2024-12-05 07:00:00,25.03,49.18,7.35,18.08,25.52,12.35,9.64,0.63,23.13,0.86,2.02,,,,0.62,,93.8,,,,,20.02,952.49,
2024-12-05 08:00:00,23.18,45.54,7.17,16.34,23.74,12.17,10.33,0.66,23.21,0.86,1.97,,,,0.61,,93.6,,,,,201.18,952.68,
2024-12-05 09:00:00,22.98,45.17,8.34,18.07,26.65,13.34,10.55,0.66,23.16,0.88,1.98,,,,0.61,,88.35,,,,,246.65,952.8,
2024-12-05 10:00:00,25.6,50.3,7.52,15.9,23.33,12.52,10.52,0.66,23.05,0.86,1.99,,,,0.62,,76.0,,,,,317.96,952.75,
2024-12-05 11:00:00,26.68,52.4,7.45,18.41,26.0,12.45,11.21,0.66,23.89,0.86,2.02,,,,0.62,,64.38,,,,,555.92,952.57,
2024-12-05 12:00:00,30.51,59.92,5.98,16.31,22.24,10.98,10.58,0.66,22.47,0.86,2.02,,,,0.62,,59.72,,,,,349.58,952.34,
2024-12-05 13:00:00,38.14,74.88,6.41,15.72,21.76,11.41,10.34,0.66,22.84,0.86,1.98,,,,0.63,,58.22,,,,,269.52,952.1,
2024-12-05 14:00:00,35.45,69.6,6.87,14.82,21.66,11.87,10.42,0.64,23.4,0.86,2.03,,,,0.62,,51.32,,,,,350.5,951.92,
2024-12-05 15:00:00,21.82,42.87,6.81,17.68,24.74,11.81,10.42,0.62,23.56,0.7,1.66,,,,0.5,,47.3,,,,,341.59,951.81,
2024-12-05 16:00:00,67.77,132.98,7.06,17.54,24.91,12.06,10.52,0.6,23.28,0.66,1.6,,,,0.45,,57.52,,,,,25.26,951.84,
2024-12-05 17:00:00,67.55,132.55,7.22,17.18,24.3,12.23,10.6,0.74,23.31,0.64,1.59,,,,0.44,,67.18,,,,,5.89,951.92,
2024-12-05 18:00:00,57.6,113.02,9.0,18.79,28.04,14.0,11.74,0.78,22.94,0.66,1.57,,,,0.45,,78.3,,,,,5.89,952.12,
2024-12-05 19:00:00,53.43,104.85,7.35,15.29,22.63,12.35,9.53,0.82,23.17,0.65,1.59,,,,0.44,,84.38,,,,,5.89,952.4,
2024-12-05 20:00:00,53.16,104.34,7.26,16.06,23.56,12.26,10.72,0.84,23.18,0.65,1.58,,,,0.45,,89.8,,,,,5.89,952.59,
2024-12-05 21:00:00,47.53,93.28,6.43,17.06,23.39,11.43,11.22,0.83,23.09,0.65,1.58,,,,0.44,,93.5,,,,,5.89,952.67,
2024-12-05 22:00:00,43.81,86.0,6.96,16.35,23.31,11.96,9.64,0.77,23.46,0.65,1.57,,,,0.45,,93.5,,,,,5.89,952.64,
2024-12-05 23:00:00,43.54,85.48,8.18,17.48,25.61,13.18,10.77,0.73,23.0,0.62,1.56,,,,0.45,,93.57,,,,,5.89,952.52,
2024-12-06 00:00:00,39.62,77.78,6.78,17.19,24.28,11.78,11.71,0.74,23.91,0.67,1.56,,,,0.44,,93.6,,,,,5.89,952.39,
2024-12-06 01:00:00,38.4,75.4,6.65,17.43,24.26,11.65,12.02,0.75,22.49,0.64,1.58,,,,0.45,,93.6,,,,,5.89,952.23,
2024-12-06 02:00:00,34.93,68.58,7.54,18.96,26.38,12.54,11.29,0.72,23.0,0.66,1.57,,,,0.44,,93.6,,,,,5.89,952.14,
2024-12-06 03:00:00,30.2,59.32,6.18,16.01,22.1,11.18,9.4,0.68,22.73,0.64,1.57,,,,0.45,,93.6,,,,,5.89,952.09,
2024-12-06 04:00:00,27.44,53.91,5.49,15.7,21.18,10.49,10.62,0.68,22.98,0.64,1.56,,,,0.46,,93.6,,,,,5.89,952.14,
2024-12-06 05:00:00,31.43,61.72,6.31,16.67,22.99,11.31,11.7,0.72,23.1,0.65,1.58,,,,0.44,,93.6,,,,,5.89,952.25,
2024-12-06 06:00:00,31.24,61.36,6.95,16.74,23.59,11.95,10.6,0.72,23.24,0.66,1.56,,,,0.45,,93.57,,,,,5.97,952.38,
2024-12-06 07:00:00,29.84,58.62,7.09,16.8,23.97,12.09,10.35,0.77,23.55,0.64,1.59,,,,0.46,,93.5,,,,,41.0,952.58,
2024-12-06 08:00:00,33.89,66.55,6.28,16.46,22.94,11.28,10.17,0.7,23.62,0.64,1.58,,,,0.45,,84.45,,,,,283.23,952.77,
2024-12-06 09:00:00,36.03,70.76,6.97,17.32,24.05,11.97,12.12,0.68,23.46,0.66,1.56,,,,0.44,,61.42,,,,,481.45,952.83,
2024-12-06 10:00:00,35.81,70.32,8.38,18.81,27.28,13.4,9.56,0.7,23.52,0.67,1.58,,,,0.45,,55.2,,,,,575.26,952.77,
2024-12-06 11:00:00,35.73,70.15,6.45,16.4,22.91,11.45,9.92,0.72,23.36,0.64,1.59,,,,0.45,,47.7,,,,,588.35,952.55,
2024-12-06 12:00:00,21.28,41.83,7.54,17.12,25.18,12.55,11.0,0.72,24.12,0.94,1.78,,,,0.52,,43.4,,,,,603.4,952.35,
2024-12-06 13:00:00,,,,,,,,,,,,,,,,,,,,,,,,
2024-12-06 14:00:00,,,,,,,,,,,,,,,,,,,,,,,,
2024-12-06 15:00:00,,,,,,,,,,,,,,,,,,,,,,,,
2024-12-06 16:00:00,,,,,,,,,,,,,,,,,,,,,,,,
2024-12-06 17:00:00,,,,,,,,,,,,,,,,,,,,,,,,
2024-12-06 18:00:00,,,,,,,,,,,,,,,,,,,,,,,,
2024-12-06 19:00:00,,,,,,,,,,,,,,,,,,,,,,,,
2024-12-06 20:00:00,,,,,,,,,,,,,,,,,,,,,,,,
2024-12-06 21:00:00,,,,,,,,,,,,,,,,,,,,,,,,
2024-12-06 22:00:00,,,,,,,,,,,,,,,,,,,,,,,,
2024-12-06 23:00:00,,,,,,,,,,,,,,,,,,,,,,,,
2024-12-07 00:00:00,,,,,,,,,,,,,,,,,,,,,,,,
2024-12-07 01:00:00,,,,,,,,,,,,,,,,,,,,,,,,
2024-12-07 02:00:00,,,,,,,,,,,,,,,,,,,,,,,,
2024-12-07 03:00:00,,,,,,,,,,,,,,,,,,,,,,,,
2024-12-07 04:00:00,,,,,,,,,,,,,,,,,,,,,,,,
2024-12-07 05:00:00,,,,,,,,,,,,,,,,,,,,,,,,
2024-12-07 06:00:00,,,,,,,,,,,,,,,,,,,,,,,,
2024-12-07 07:00:00,,,,,,,,,,,,,,,,,,,,,,,,
2024-12-07 08:00:00,,,,,,,,,,,,,,,,,,,,,,,,
2024-12-07 09:00:00,,,,,,,,,,,,,,,,,,,,,,,,
2024-12-07 10:00:00,,,,,,,,,,,,,,,,,,,,,,,,
2024-12-07 11:00:00,17.08,33.59,6.9,16.99,23.92,11.9,13.1,0.72,31.16,0.98,1.85,,,,0.52,,53.33,,,,,464.01,952.43,
2024-12-07 12:00:00,24.63,48.39,7.42,16.42,23.66,9.4,13.14,0.73,25.85,0.98,1.86,,,,0.54,,45.42,,,,,506.47,952.24,
2024-12-07 13:00:00,37.19,73.02,5.72,16.34,21.77,10.72,11.87,0.71,35.86,0.98,1.83,,,,0.53,,45.8,,,,,339.89,952.01,
2024-12-07 14:00:00,49.8,97.75,7.16,16.12,23.48,12.16,10.95,0.62,42.13,0.97,1.85,,,,0.52,,41.03,,,,,388.27,951.86,
2024-12-07 15:00:00,40.33,79.18,6.28,16.34,22.72,11.28,11.69,0.62,28.78,1.0,1.86,,,,0.54,,41.3,,,,,233.89,951.78,
2024-12-07 16:00:00,39.05,76.68,6.86,16.09,23.19,11.86,10.3,0.69,23.92,0.98,1.82,,,,0.52,,47.2,,,,,34.38,951.78,
2024-12-07 17:00:00,41.36,81.21,6.66,15.83,22.31,11.66,12.1,0.77,23.59,0.99,1.84,,,,0.53,,53.15,,,,,5.89,951.88,
2024-12-07 18:00:00,44.5,87.35,5.08,16.16,21.07,10.07,13.1,0.79,23.49,1.0,1.85,,,,0.53,,60.2,,,,,5.89,952.06,
2024-12-07 19:00:00,46.1,90.5,6.94,17.0,24.31,11.94,11.41,0.84,23.66,0.99,1.86,,,,0.51,,66.18,,,,,5.89,952.28,
2024-12-07 20:00:00,46.26,90.8,6.72,17.0,23.82,11.72,10.96,0.75,23.72,0.98,1.86,,,,0.52,,72.4,,,,,5.89,952.39,
2024-12-07 21:00:00,46.38,91.04,6.61,15.48,22.27,11.61,10.97,0.68,23.48,0.98,1.84,,,,0.51,,77.42,,,,,5.89,952.43,
2024-12-07 22:00:00,42.86,84.15,7.85,16.43,24.55,12.85,11.45,0.66,23.1,0.98,1.86,,,,0.52,,92.35,,,,,5.89,952.38,
2024-12-07 23:00:00,39.74,78.03,6.89,16.65,23.62,11.89,10.95,0.6,23.08,0.98,1.83,,,,0.52,,93.57,,,,,5.89,952.31,
2024-12-08 00:00:00,38.57,75.72,6.45,17.39,24.15,11.45,12.07,0.58,22.86,0.98,1.86,,,,0.53,,93.55,,,,,5.89,952.21,
2024-12-08 01:00:00,35.35,69.41,6.2,15.7,22.47,11.2,12.46,0.56,23.71,0.97,1.84,,,,0.52,,93.5,,,,,5.89,952.12,
2024-12-08 02:00:00,32.03,62.9,6.7,17.14,23.83,11.7,10.06,0.53,23.88,0.98,1.86,,,,0.51,,93.55,,,,,5.89,951.98,
2024-12-08 03:00:00,30.7,60.28,6.71,17.8,24.99,11.71,10.67,0.51,24.24,0.97,1.83,,,,0.51,,93.6,,,,,5.89,951.92,
2024-12-08 04:00:00,29.7,58.34,6.5,16.13,23.07,11.5,10.57,0.53,24.0,1.0,1.85,,,,0.54,,93.52,,,,,5.89,951.91,
2024-12-08 05:00:00,27.94,54.87,6.53,16.15,23.11,11.53,10.27,0.6,23.86,1.0,1.83,,,,0.52,,93.5,,,,,5.89,952.03,
2024-12-08 06:00:00,28.13,55.26,7.14,16.95,24.55,12.14,11.7,0.62,23.18,1.0,1.89,,,,0.51,,93.5,,,,,5.89,952.2,
2024-12-08 07:00:00,31.82,62.49,6.88,16.32,23.4,11.88,10.74,0.63,23.08,1.0,1.83,,,,0.52,,93.5,,,,,28.56,952.41,
2024-12-08 08:00:00,34.21,67.17,6.19,16.14,22.7,11.19,10.38,0.62,23.58,0.99,1.83,,,,0.54,,85.2,,,,,244.64,952.58,
2024-12-08 09:00:00,36.05,70.78,5.18,17.57,22.92,10.18,11.6,0.58,26.93,0.98,1.88,,,,0.52,,56.05,,,,,401.21,952.68,
2024-12-08 10:00:00,38.76,76.1,5.58,16.07,21.76,10.58,12.53,0.57,28.98,0.97,1.9,,,,0.52,,44.32,,,,,513.31,952.63,
2024-12-08 11:00:00,37.66,73.95,5.59,15.77,21.32,10.59,11.6,0.61,28.49,0.98,1.83,,,,0.52,,42.88,,,,,553.86,952.46,
2024-12-08 12:00:00,35.86,70.42,6.71,15.3,22.11,11.71,11.51,0.65,28.76,0.99,1.85,,,,0.52,,39.95,,,,,545.1,952.24,
2024-12-08 13:00:00,31.26,61.4,6.74,18.18,24.97,11.74,12.62,0.76,28.46,0.98,1.9,,,,0.53,,37.48,,,,,439.43,952.01,
2024-12-08 14:00:00,19.7,38.72,6.52,18.7,25.02,11.52,10.6,0.85,20.56,1.0,1.86,,,,0.54,,34.9,,,,,362.05,951.79,
2024-12-08 15:00:00,28.8,56.58,8.0,17.4,25.48,13.0,12.44,0.91,25.85,0.99,1.85,,,,0.54,,33.95,,,,,152.57,951.7,
2024-12-08 16:00:00,29.74,58.41,6.89,17.02,23.93,11.89,11.78,0.91,24.37,1.0,1.83,,,,0.52,,36.35,,,,,71.28,951.76,
2024-12-08 17:00:00,27.7,54.41,6.14,16.92,22.95,11.14,12.25,0.9,23.35,1.0,1.85,,,,0.52,,40.92,,,,,6.78,951.85,
2024-12-08 18:00:00,28.71,56.39,7.26,18.78,26.06,12.26,12.96,0.91,23.48,1.0,1.86,,,,0.53,,47.32,,,,,5.89,952.01,
2024-12-08 19:00:00,30.22,59.34,7.4,17.63,25.19,12.4,12.4,0.87,23.68,0.98,1.87,,,,0.52,,53.98,,,,,5.89,952.18,
2024-12-08 20:00:00,34.53,67.8,8.05,16.48,24.63,13.05,11.08,0.76,24.04,0.99,1.86,,,,0.51,,59.98,,,,,5.89,952.3,
2024-12-08 21:00:00,36.67,72.01,6.35,15.93,22.05,11.35,9.02,0.66,24.37,1.0,1.85,,,,0.53,,63.62,,,,,5.89,952.37,
2024-12-08 22:00:00,39.61,77.76,6.84,17.58,24.66,11.84,8.21,0.66,24.29,0.98,1.84,,,,0.52,,67.85,,,,,5.89,952.32,
2024-12-08 23:00:00,41.03,80.54,7.96,17.1,25.58,12.96,10.18,0.65,23.76,0.98,1.88,,,,0.52,,73.25,,,,,5.89,952.21,
2024-12-09 00:00:00,38.77,76.13,6.45,17.71,24.46,11.45,10.32,0.61,23.02,0.97,1.82,,,,0.53,,87.08,,,,,5.89,952.1,
2024-12-09 01:00:00,41.29,81.05,6.46,15.43,22.09,11.46,10.78,0.6,23.19,0.98,1.82,,,,0.52,,93.4,,,,,5.89,952.05,
2024-12-09 02:00:00,36.6,71.86,5.7,16.79,22.54,10.7,10.99,0.58,23.97,0.97,1.83,,,,0.53,,92.45,,,,,5.89,951.89,
2024-12-09 03:00:00,31.62,62.09,6.34,16.5,23.17,11.34,11.76,0.54,24.19,1.0,1.84,,,,0.52,,93.45,,,,,5.89,951.88,
2024-12-09 04:00:00,31.23,61.32,7.67,17.31,25.26,12.67,10.88,0.55,24.66,0.99,1.88,,,,0.52,,93.5,,,,,5.89,951.98,
2024-12-09 05:00:00,34.88,68.48,6.79,16.49,23.72,11.79,10.59,0.64,24.8,0.99,1.86,,,,0.52,,93.6,,,,,5.89,952.06,
2024-12-09 06:00:00,34.11,66.98,5.41,16.39,22.02,10.41,10.75,0.67,24.65,0.98,1.84,,,,0.53,,93.6,,,,,5.89,952.21,
2024-12-09 07:00:00,35.89,70.48,5.71,17.26,23.0,10.71,11.42,0.7,24.3,0.98,1.85,,,,0.52,,93.57,,,,,27.26,952.43,
2024-12-09 08:00:00,38.54,75.67,5.88,17.01,23.38,10.88,10.9,0.72,24.6,0.98,1.86,,,,0.52,,92.42,,,,,188.2,952.58,
2024-12-09 09:00:00,40.88,80.26,5.94,16.75,22.75,10.94,12.14,0.68,26.84,0.98,1.84,,,,0.52,,71.58,,,,,329.14,952.67,
2024-12-09 10:00:00,43.63,85.66,5.41,16.29,22.12,10.41,11.52,0.69,27.77,0.98,1.86,,,,0.53,,56.88,,,,,454.46,952.55,
2024-12-09 11:00:00,45.39,89.09,5.77,15.84,21.74,10.77,12.14,0.7,27.43,0.99,1.83,,,,0.52,,48.3,,,,,421.88,952.37,
2024-12-09 12:00:00,47.29,92.83,6.27,15.25,21.44,11.27,11.84,0.7,27.21,0.99,1.86,,,,0.52,,45.8,,,,,311.3,952.17,
2024-12-09 13:00:00,47.18,92.6,6.11,17.13,23.52,11.11,13.36,0.64,24.83,0.99,1.83,,,,0.52,,45.58,,,,,164.36,951.92,
2024-12-09 14:00:00,43.51,85.41,6.5,15.59,21.81,11.5,12.71,0.69,24.44,0.99,1.82,,,,0.54,,42.52,,,,,154.05,951.77,
2024-12-09 15:00:00,44.6,87.54,6.36,16.2,22.67,11.36,12.07,0.69,24.42,1.0,1.85,,,,0.54,,40.03,,,,,101.06,951.68,
2024-12-09 16:00:00,44.6,87.55,6.06,16.86,22.68,11.06,12.08,0.7,23.35,0.98,1.85,,,,0.54,,44.42,,,,,22.99,951.71,
2024-12-09 17:00:00,46.2,90.68,6.18,17.69,23.94,11.18,11.69,0.79,24.12,0.99,1.84,,,,0.54,,50.3,,,,,5.89,951.8,
2024-12-09 18:00:00,51.9,101.88,6.93,16.26,23.39,11.92,10.12,0.88,23.76,0.98,1.86,,,,0.52,,57.95,,,,,5.89,951.92,
2024-12-09 19:00:00,57.95,113.74,8.48,17.23,26.06,13.48,10.9,0.94,23.46,0.99,1.83,,,,0.53,,60.35,,,,,5.89,952.12,
2024-12-09 20:00:00,62.7,123.03,7.39,15.38,22.96,12.39,12.21,0.87,23.29,0.98,1.83,,,,0.53,,64.08,,,,,5.89,952.26,
2024-12-09 21:00:00,61.74,121.16,7.99,16.55,25.04,13.0,12.24,0.76,23.41,0.98,1.84,,,,0.52,,70.45,,,,,5.89,952.36,
2024-12-09 22:00:00,56.47,110.82,7.28,17.9,25.63,12.28,11.22,0.68,24.09,0.98,1.85,,,,0.51,,81.58,,,,,5.89,952.4,
2024-12-09 23:00:00,51.56,101.18,6.62,16.0,23.17,11.63,11.39,0.63,23.82,0.99,1.87,,,,0.52,,93.18,,,,,5.89,952.3,
2024-12-10 00:00:00,48.58,95.36,7.41,17.44,24.92,12.41,11.69,0.6,26.57,0.99,1.82,,,,0.52,,93.5,,,,,5.89,952.19,
2024-12-10 01:00:00,46.26,90.82,6.6,14.93,21.89,11.6,12.1,0.58,28.18,0.99,1.8,,,,0.52,,93.6,,,,,5.89,952.07,
2024-12-10 02:00:00,45.94,90.18,7.16,16.68,24.02,12.16,12.02,0.55,28.53,0.99,1.88,,,,0.53,,93.6,,,,,5.89,951.92,
2024-12-10 03:00:00,45.44,89.19,6.08,16.58,22.98,11.09,10.01,0.53,30.33,0.98,1.84,,,,0.53,,93.6,,,,,5.89,951.84,
2024-12-10 04:00:00,47.22,92.7,7.07,18.03,25.43,12.07,10.01,0.56,30.47,0.99,1.83,,,,0.53,,93.6,,,,,5.89,951.84,
2024-12-10 05:00:00,42.55,83.53,6.62,16.92,23.97,11.62,10.82,0.66,29.24,1.0,1.84,,,,0.53,,93.6,,,,,5.89,951.94,
2024-12-10 06:00:00,42.77,83.96,5.32,16.64,22.01,10.32,11.46,0.73,25.45,1.0,1.88,,,,0.51,,93.7,,,,,5.89,952.11,
2024-12-10 07:00:00,46.38,91.04,6.78,16.35,23.62,11.78,11.35,0.74,25.07,0.97,1.83,,,,0.5,,93.65,,,,,31.12,952.36,
2024-12-10 08:00:00,48.84,95.88,7.18,17.22,24.88,12.18,10.59,0.78,23.71,0.98,1.86,,,,0.54,,90.85,,,,,168.64,952.54,
2024-12-10 09:00:00,50.42,98.96,6.2,16.9,23.36,11.2,10.12,0.76,23.42,0.98,1.82,,,,0.52,,63.0,,,,,347.68,952.6,
2024-12-10 10:00:00,49.22,96.61,5.04,17.41,22.74,10.04,11.65,0.75,23.3,0.99,1.86,,,,0.52,,50.18,,,,,462.11,952.58,
2024-12-10 11:00:00,49.98,98.1,5.2,16.91,21.83,10.2,11.95,0.74,23.22,1.0,1.83,,,,0.51,,44.58,,,,,498.26,952.44,
2024-12-10 12:00:00,17.14,33.7,7.64,17.28,25.23,12.64,12.01,0.73,23.18,0.77,1.58,,,,0.46,,40.2,,,,,411.57,952.12,
2024-12-10 13:00:00,38.25,75.11,6.06,16.78,22.66,11.06,11.95,0.72,23.61,0.77,1.58,,,,0.46,,41.45,,,,,348.69,951.85,
2024-12-10 14:00:00,37.38,73.39,7.14,16.46,23.76,12.14,12.1,0.72,23.42,0.76,1.58,,,,0.47,,40.2,,,,,205.6,951.65,
2024-12-10 15:00:00,36.49,71.65,6.89,17.12,24.04,11.89,11.16,0.8,23.58,0.76,1.57,,,,0.46,,41.05,,,,,63.69,951.58,
2024-12-10 16:00:00,36.63,71.91,6.55,17.54,24.29,11.55,10.81,0.84,23.74,0.76,1.59,,,,0.46,,46.18,,,,,13.4,951.68,
2024-12-10 17:00:00,40.11,78.75,7.07,17.37,24.81,12.07,11.96,0.86,23.64,0.76,1.56,,,,0.46,,50.92,,,,,7.53,951.84,
2024-12-10 18:00:00,45.06,88.45,7.44,15.38,22.95,12.44,10.28,0.82,23.13,0.78,1.58,,,,0.46,,59.15,,,,,5.89,952.01,
2024-12-10 19:00:00,46.54,91.36,6.87,16.9,24.07,11.87,11.98,0.75,24.07,0.76,1.57,,,,0.46,,63.7,,,,,5.89,952.23,
2024-12-10 20:00:00,51.74,101.55,6.15,16.12,21.71,11.15,11.47,0.71,24.96,0.77,1.62,,,,0.46,,67.6,,,,,5.89,952.42,
2024-12-10 21:00:00,46.84,91.95,6.97,17.18,24.63,11.97,9.62,0.76,24.54,0.78,1.59,,,,0.46,,71.12,,,,,5.89,952.64,
2024-12-10 22:00:00,50.4,98.93,6.52,16.56,23.35,11.52,10.07,0.73,24.43,0.78,1.58,,,,0.46,,77.58,,,,,5.89,952.64,
2024-12-10 23:00:00,47.57,93.36,8.42,16.58,25.3,13.42,10.56,0.7,24.81,0.76,1.6,,,,0.46,,82.65,,,,,5.89,952.5,
2024-12-11 00:00:00,37.59,73.79,6.52,16.23,22.98,11.52,10.79,0.68,25.37,0.76,1.58,,,,0.46,,81.9,,,,,5.89,952.37,
2024-12-11 01:00:00,38.95,76.47,6.36,17.43,24.27,11.36,11.61,0.68,26.28,0.78,1.62,,,,0.46,,88.32,,,,,5.89,952.22,
2024-12-11 02:00:00,39.05,76.67,7.34,16.21,24.12,12.34,11.1,0.59,25.6,0.78,1.58,,,,0.46,,93.42,,,,,5.89,952.06,
2024-12-11 03:00:00,35.61,69.92,6.95,16.95,24.34,11.95,9.76,0.67,27.3,0.77,1.6,,,,0.46,,93.42,,,,,5.89,951.98,
2024-12-11 04:00:00,36.25,71.18,7.99,16.67,25.15,12.99,10.72,0.66,27.54,0.77,1.6,,,,0.45,,93.25,,,,,5.89,952.0,
2024-12-11 05:00:00,36.65,71.96,6.29,16.07,22.83,11.29,10.88,0.64,27.24,0.76,1.56,,,,0.46,,93.35,,,,,5.89,952.08,
2024-12-11 06:00:00,36.68,72.01,6.54,16.9,23.8,11.54,9.34,0.64,27.96,0.76,1.59,,,,0.45,,93.25,,,,,5.89,952.26,
2024-12-11 07:00:00,38.63,75.85,6.77,17.33,24.52,11.77,9.86,0.68,27.74,0.77,1.6,,,,0.46,,93.3,,,,,57.27,952.43,
2024-12-11 08:00:00,41.19,80.86,6.0,16.86,22.84,11.0,11.77,0.71,26.14,0.76,1.58,,,,0.45,,90.95,,,,,107.14,952.63,
2024-12-11 09:00:00,17.37,34.16,6.29,15.93,22.4,11.29,10.42,0.67,24.94,0.77,2.0,,,,0.57,,77.35,,,,,188.47,952.73,
2024-12-11 10:00:00,52.94,103.9,6.39,16.66,23.26,11.39,9.94,0.61,23.85,0.78,2.0,,,,0.58,,53.55,,,,,344.98,952.64,
2024-12-11 11:00:00,51.29,100.68,5.58,16.17,21.74,10.58,10.72,0.62,23.43,0.77,2.02,,,,0.57,,48.92,,,,,355.4,952.49,
2024-12-11 12:00:00,50.04,98.22,5.4,17.25,22.23,10.4,11.59,0.66,23.1,0.77,1.96,,,,0.58,,44.4,,,,,294.0,952.32,
2024-12-11 13:00:00,51.5,101.08,6.44,16.96,23.62,11.44,11.17,0.7,23.21,0.77,1.99,,,,0.57,,44.7,,,,,235.25,952.08,
2024-12-11 14:00:00,49.95,98.04,6.93,16.52,23.86,11.93,12.04,0.68,23.1,0.76,1.98,,,,0.57,,45.55,,,,,145.67,951.92,
2024-12-11 15:00:00,47.78,93.77,6.51,15.18,21.74,11.51,12.41,0.67,23.82,0.76,2.01,,,,0.57,,49.48,,,,,61.04,951.91,
2024-12-11 16:00:00,46.75,91.76,7.08,17.06,24.42,12.07,13.47,0.64,23.66,0.76,1.97,,,,0.58,,52.8,,,,,46.74,951.85,
2024-12-11 17:00:00,50.1,98.32,7.7,16.39,24.35,12.7,11.22,0.65,23.52,0.77,1.95,,,,0.58,,60.55,,,,,5.89,951.84,
2024-12-11 18:00:00,50.48,99.08,6.57,16.73,23.48,11.57,10.05,0.64,24.32,0.76,2.02,,,,0.58,,66.82,,,,,5.89,951.93,
2024-12-11 19:00:00,49.19,96.54,6.69,17.16,24.12,11.69,10.4,0.66,24.52,0.77,1.97,,,,0.57,,72.32,,,,,5.89,952.12,
2024-12-11 20:00:00,48.07,94.36,7.2,17.53,24.98,12.2,10.28,0.75,24.42,0.76,2.0,,,,0.57,,81.05,,,,,5.89,952.26,
2024-12-11 21:00:00,48.38,94.95,6.48,16.72,23.52,11.48,11.39,0.69,25.56,0.8,2.0,,,,0.57,,89.9,,,,,5.89,952.29,
2024-12-11 22:00:00,45.56,89.44,6.7,17.36,24.36,11.7,10.54,0.68,26.04,0.77,2.01,,,,0.57,,93.5,,,,,5.89,952.28,
2024-12-11 23:00:00,45.92,90.15,7.18,16.63,24.4,12.18,10.58,0.66,25.83,0.77,2.0,,,,0.57,,93.5,,,,,5.89,952.2,
2024-12-12 00:00:00,38.52,75.64,7.12,17.94,25.18,12.12,11.02,0.66,27.26,0.77,1.99,,,,0.58,,93.5,,,,,5.89,952.11,
2024-12-12 01:00:00,42.87,84.16,6.9,16.34,23.69,11.9,12.03,0.64,26.65,0.77,2.0,,,,0.58,,93.5,,,,,5.89,951.89,
2024-12-12 02:00:00,35.86,70.41,6.26,17.02,23.57,11.26,11.54,0.64,29.44,0.77,2.02,,,,0.59,,93.5,,,,,5.89,951.73,
2024-12-12 03:00:00,37.16,72.96,7.08,16.77,24.08,12.08,9.41,0.64,29.64,0.76,1.98,,,,0.58,,93.5,,,,,5.89,951.66,
2024-12-12 04:00:00,38.2,74.98,6.32,16.74,23.18,11.32,10.3,0.63,31.33,0.76,2.0,,,,0.59,,93.5,,,,,5.89,951.67,
2024-12-12 05:00:00,37.79,74.19,6.79,17.55,24.76,11.79,10.84,0.68,30.0,0.76,2.01,,,,0.57,,93.52,,,,,5.89,951.78,
2024-12-12 06:00:00,33.34,65.47,7.54,17.94,25.8,12.54,12.14,0.68,27.97,0.78,1.99,,,,0.58,,93.6,,,,,5.89,951.9,
2024-12-12 07:00:00,37.01,72.68,7.54,17.6,25.64,12.54,11.67,0.7,29.96,0.77,1.97,,,,0.56,,93.6,,,,,5.89,952.12,
2024-12-12 08:00:00,37.25,73.15,5.92,17.27,23.68,10.92,11.13,0.75,27.59,0.78,2.0,,,,0.57,,93.6,,,,,6.06,952.36,
2024-12-12 09:00:00,42.97,84.35,5.88,16.75,22.98,10.88,11.4,0.7,29.51,0.78,2.0,,,,0.57,,93.57,,,,,13.29,952.49,
2024-12-12 10:00:00,42.98,84.35,5.58,16.79,22.84,10.58,10.76,0.71,28.13,0.76,2.0,,,,0.58,,93.6,,,,,29.95,952.52,
2024-12-12 11:00:00,44.84,88.02,4.77,16.56,21.4,9.77,9.78,0.74,26.78,0.76,2.0,,,,0.58,,93.68,,,,,66.07,952.43,
2024-12-12 12:00:00,45.27,88.87,6.17,17.25,23.91,11.17,9.64,0.72,25.75,0.76,2.01,,,,0.58,,93.7,,,,,108.18,952.23,
2024-12-12 13:00:00,43.13,84.67,5.28,16.14,21.67,10.28,11.48,0.74,26.6,0.77,2.0,,,,0.57,,93.7,,,,,73.39,952.0,
2024-12-12 14:00:00,38.02,74.64,6.5,17.31,24.14,11.5,11.58,0.74,25.5,0.76,2.03,,,,0.58,,93.7,,,,,29.77,951.85,
2024-12-12 15:00:00,35.81,70.32,5.61,16.33,22.28,10.61,10.38,0.73,25.66,0.77,2.0,,,,0.58,,93.68,,,,,59.22,951.73,
2024-12-12 16:00:00,37.84,74.31,6.42,17.51,24.33,11.42,10.1,0.73,26.09,0.77,1.99,,,,0.58,,93.68,,,,,5.89,951.78,
2024-12-12 17:00:00,36.05,70.78,5.02,16.34,21.25,10.02,10.89,0.84,25.03,0.77,2.0,,,,0.58,,93.7,,,,,5.89,951.85,
2024-12-12 18:00:00,37.96,74.53,6.19,15.57,22.14,11.19,11.48,0.78,24.38,0.76,1.99,,,,0.58,,93.8,,,,,5.89,951.91,
2024-12-12 19:00:00,33.4,65.58,6.7,16.29,23.36,11.7,11.49,0.79,25.27,0.77,2.02,,,,0.57,,93.8,,,,,5.89,952.1,
2024-12-12 20:00:00,31.66,62.17,7.32,16.7,24.31,12.32,11.52,0.78,24.61,0.78,2.02,,,,0.58,,93.8,,,,,5.89,952.22,
2024-12-12 21:00:00,28.34,55.67,5.34,16.46,22.17,10.34,10.36,0.72,25.88,0.78,2.01,,,,0.58,,93.8,,,,,5.89,952.32,
2024-12-12 22:00:00,28.71,56.38,6.18,16.49,23.08,11.18,9.48,0.74,26.78,0.78,2.02,,,,0.58,,93.8,,,,,5.89,952.38,
2024-12-12 23:00:00,27.8,54.6,6.72,17.44,24.56,11.72,10.39,0.72,26.74,0.78,2.0,,,,0.58,,93.8,,,,,5.89,952.3,
2024-12-13 00:00:00,27.6,54.22,6.32,17.16,23.9,11.32,10.87,0.7,26.1,0.76,1.94,,,,0.58,,93.8,,,,,5.89,952.14,
2024-12-13 01:00:00,24.92,48.96,5.78,16.57,22.69,10.77,9.72,0.68,28.75,0.76,2.02,,,,0.57,,93.78,,,,,5.89,952.04,
2024-12-13 02:00:00,28.75,56.48,6.56,16.36,23.28,11.56,11.22,0.7,28.54,0.78,1.98,,,,0.57,,93.7,,,,,5.89,951.9,
2024-12-13 03:00:00,32.3,63.44,6.38,17.13,24.03,11.38,11.09,0.69,30.15,0.77,2.01,,,,0.58,,93.7,,,,,5.89,951.8,
2024-12-13 04:00:00,33.37,65.52,6.8,16.62,23.76,11.8,11.02,0.7,29.61,0.78,2.02,,,,0.57,,93.7,,,,,5.89,951.8,
2024-12-13 05:00:00,32.64,64.1,5.88,16.02,22.21,10.88,9.48,0.74,30.02,0.78,1.99,,,,0.57,,93.7,,,,,5.89,951.88,
2024-12-13 06:00:00,32.9,64.61,6.64,16.56,23.63,11.64,9.03,0.71,30.07,0.76,2.0,,,,0.57,,93.7,,,,,5.89,952.07,
2024-12-13 07:00:00,42.5,83.45,6.87,16.48,23.94,11.87,9.49,0.71,29.12,0.76,1.96,,,,0.57,,93.7,,,,,5.89,952.28,
2024-12-13 08:00:00,42.07,82.58,6.75,16.45,23.63,11.75,10.92,0.78,27.2,0.77,1.98,,,,0.58,,93.7,,,,,5.89,952.56,
2024-12-13 09:00:00,40.69,79.88,6.81,16.69,23.94,11.81,12.03,0.68,26.99,0.76,2.02,,,,0.58,,93.72,,,,,52.38,952.68,
2024-12-13 10:00:00,36.6,71.85,6.3,17.4,24.15,11.3,10.85,0.66,26.52,0.77,1.99,,,,0.58,,93.57,,,,,100.22,952.68,
2024-12-13 11:00:00,34.67,68.09,5.36,15.93,21.68,10.36,11.84,0.67,26.46,0.72,1.94,,,,0.54,,93.28,,,,,168.57,952.54,
2024-12-13 12:00:00,17.22,33.85,5.19,16.97,22.4,10.19,9.95,0.64,23.96,0.65,1.8,,,,0.43,,76.5,,,,,320.35,952.26,
2024-12-13 13:00:00,21.21,41.68,5.89,15.98,22.32,10.89,9.94,0.74,23.98,0.62,1.76,,,,0.45,,73.0,,,,,152.8,952.01,
2024-12-13 14:00:00,33.51,65.8,6.38,15.66,22.04,11.38,10.5,0.75,24.78,0.64,1.74,,,,0.43,,71.9,,,,,179.99,951.8,
2024-12-13 15:00:00,38.5,75.58,5.84,16.38,22.5,10.84,11.25,0.6,22.84,0.65,1.77,,,,0.44,,65.32,,,,,154.68,951.68,
2024-12-13 16:00:00,38.64,75.86,5.51,16.26,21.82,10.51,9.77,0.7,23.91,0.64,1.8,,,,0.43,,70.08,,,,,23.14,951.76,
2024-12-13 17:00:00,40.76,80.02,6.18,16.53,22.94,11.18,11.29,0.88,24.71,0.65,1.77,,,,0.43,,75.38,,,,,5.89,951.88,
2024-12-13 18:00:00,44.2,86.75,5.92,16.78,23.2,10.92,12.06,0.87,24.11,0.66,1.78,,,,0.44,,85.02,,,,,5.89,952.04,
2024-12-13 19:00:00,49.75,97.65,6.62,16.34,22.97,11.62,11.27,0.8,25.47,0.65,1.76,,,,0.44,,92.9,,,,,5.89,952.28,
2024-12-13 20:00:00,48.46,95.12,7.0,15.97,23.2,12.0,11.49,0.75,26.94,0.65,1.8,,,,0.43,,93.5,,,,,5.89,952.5,
2024-12-13 21:00:00,48.64,95.46,6.71,17.53,24.76,11.71,11.21,0.73,28.22,0.64,1.76,,,,0.43,,93.55,,,,,5.89,952.64,
2024-12-13 22:00:00,50.16,98.45,6.34,16.74,23.46,11.34,10.02,0.73,28.87,0.66,1.77,,,,0.44,,93.6,,,,,5.89,952.68,
2024-12-13 23:00:00,49.49,97.12,6.57,16.86,23.63,11.57,10.49,0.74,26.98,0.64,1.77,,,,0.43,,93.65,,,,,5.89,952.58,
2024-12-14 00:00:00,47.18,92.62,7.0,17.77,25.26,12.0,10.17,0.71,28.22,0.64,1.76,,,,0.44,,93.7,,,,,5.89,952.44,
2024-12-14 01:00:00,45.28,88.86,5.94,15.44,21.77,10.94,10.19,0.71,28.24,0.65,1.78,,,,0.43,,93.7,,,,,5.89,952.24,
2024-12-14 02:00:00,45.5,89.3,6.52,16.83,23.49,11.52,10.35,0.71,29.06,0.64,1.8,,,,0.43,,93.7,,,,,5.89,952.15,
2024-12-14 03:00:00,42.93,84.26,5.81,17.32,23.53,10.81,10.0,0.7,28.9,0.64,1.79,,,,0.45,,93.7,,,,,5.89,952.09,
2024-12-14 04:00:00,43.69,85.76,6.37,17.13,23.91,11.37,11.33,0.7,30.73,0.64,1.78,,,,0.44,,93.7,,,,,5.89,952.16,
2024-12-14 05:00:00,44.65,87.64,5.94,17.12,23.44,10.94,11.48,0.68,30.73,0.64,1.75,,,,0.44,,93.55,,,,,5.89,952.24,
2024-12-14 06:00:00,40.83,80.17,5.46,17.16,22.78,10.46,12.56,0.7,30.18,0.64,1.77,,,,0.43,,93.28,,,,,5.89,952.35,
2024-12-14 07:00:00,39.64,77.82,5.34,16.5,22.12,10.34,11.8,0.72,30.5,0.63,1.8,,,,0.44,,93.3,,,,,10.72,952.54,
2024-12-14 08:00:00,45.78,89.85,6.45,16.23,23.11,11.45,12.99,0.82,28.24,0.64,1.79,,,,0.46,,93.15,,,,,48.71,952.78,
2024-12-14 09:00:00,35.47,69.65,5.67,16.05,22.01,10.08,13.2,0.74,24.53,0.63,1.78,,,,0.44,,84.32,,,,,298.52,952.84,
2024-12-14 10:00:00,16.97,33.37,5.24,16.36,21.41,8.9,15.0,0.74,,0.62,1.8,,,,0.43,,59.77,,,,,526.46,952.84,
2024-12-14 11:00:00,17.76,34.93,6.77,17.72,24.66,10.69,11.38,0.74,12.49,0.65,1.77,,,,0.44,,53.08,,,,,601.2,952.72,
2024-12-14 12:00:00,20.74,40.75,5.94,16.87,22.74,10.94,12.83,,12.21,0.66,1.76,,,,0.42,,49.68,,,,,471.74,952.48,
2024-12-14 13:00:00,44.44,87.24,6.05,16.14,22.34,11.05,12.08,,23.0,0.64,1.81,,,,0.44,,44.92,,,,,479.21,952.22,
2024-12-14 14:00:00,46.92,92.09,5.84,16.1,22.13,10.84,11.9,,23.24,0.65,1.78,,,,0.44,,47.08,,,,,221.34,952.04,
2024-12-14 15:00:00,48.08,94.38,6.23,16.32,22.54,11.23,13.26,,23.41,0.64,1.72,,,,0.45,,51.9,,,,,62.09,951.99,
2024-12-14 16:00:00,49.14,96.46,8.12,18.16,26.62,13.12,12.86,,23.54,0.63,1.77,,,,0.45,,53.62,,,,,35.1,952.04,
2024-12-14 17:00:00,49.63,97.4,6.76,18.28,25.29,11.76,11.33,,23.16,0.64,1.75,,,,0.44,,57.15,,,,,5.89,952.18,
2024-12-14 18:00:00,55.89,109.68,7.23,16.2,23.56,12.23,11.06,,23.55,0.65,1.77,,,,0.43,,59.7,,,,,5.89,952.4,
2024-12-14 19:00:00,53.51,105.02,7.52,17.35,25.28,12.52,9.7,,23.62,0.64,1.76,,,,0.44,,60.62,,,,,5.89,952.6,
2024-12-14 20:00:00,55.91,109.73,6.78,17.02,24.32,11.78,9.16,,24.08,0.64,1.79,,,,0.44,,67.05,,,,,5.89,952.8,
2024-12-14 21:00:00,54.45,106.86,7.02,16.19,23.68,12.02,11.6,,24.61,0.64,1.75,,,,0.44,,73.3,,,,,5.89,952.99,
2024-12-14 22:00:00,53.82,105.63,7.73,17.86,25.86,12.73,10.69,,25.21,0.67,1.79,,,,0.44,,79.12,,,,,5.89,953.01,
2024-12-14 23:00:00,54.76,107.46,7.61,16.37,24.32,12.61,10.12,,24.57,0.66,1.73,,,,0.44,,93.32,,,,,5.89,952.9,
2024-12-15 00:00:00,54.0,105.97,6.7,16.59,23.13,11.7,11.42,,25.04,0.62,1.79,,,,0.44,,93.55,,,,,5.89,952.74,
2024-12-15 01:00:00,52.68,103.4,7.39,16.98,24.9,12.39,11.18,,26.82,0.64,1.8,,,,0.45,,93.6,,,,,5.89,952.62,
2024-12-15 02:00:00,50.38,98.88,6.82,16.35,23.7,11.82,10.87,,25.9,0.64,1.77,,,,0.43,,93.6,,,,,5.89,952.44,
2024-12-15 03:00:00,45.55,89.42,6.04,17.18,23.8,11.04,11.51,,26.59,0.64,1.77,,,,0.44,,93.65,,,,,5.89,952.31,
2024-12-15 04:00:00,49.68,97.5,6.43,17.98,24.94,11.43,11.54,,27.58,0.65,1.78,,,,0.44,,93.68,,,,,5.89,952.36,
2024-12-15 05:00:00,44.61,87.56,5.63,16.0,22.05,10.64,10.05,,27.9,0.64,1.8,,,,0.44,,93.7,,,,,5.89,952.5,
2024-12-15 06:00:00,38.79,76.16,7.02,17.32,24.86,12.02,10.54,,28.18,0.62,1.76,,,,0.44,,93.7,,,,,5.89,952.71,
2024-12-15 07:00:00,40.81,80.12,6.21,17.28,24.04,11.22,10.74,,28.32,0.64,1.76,,,,0.44,,93.65,,,,,5.89,952.93,
2024-12-15 08:00:00,48.73,95.65,5.7,17.08,22.99,10.7,11.0,,27.17,0.64,1.76,,,,0.44,,91.2,,,,,69.86,953.16,
2024-12-15 09:00:00,42.04,82.53,6.2,15.85,22.44,11.2,11.27,,23.81,0.63,1.78,,,,0.45,,67.28,,,,,328.75,953.28,
2024-12-15 10:00:00,42.92,84.25,5.01,17.17,22.42,10.01,11.02,,23.9,0.65,1.77,,,,0.45,,52.98,,,,,493.42,953.21,
2024-12-15 11:00:00,45.32,88.95,5.36,16.76,22.41,10.36,11.09,,23.99,0.65,1.75,,,,0.43,,43.92,,,,,557.35,953.04,
2024-12-15 12:00:00,43.73,85.84,5.4,17.56,22.64,10.4,11.57,,23.58,0.65,1.79,,,,0.44,,36.65,,,,,555.28,952.8,
2024-12-15 13:00:00,40.65,79.8,6.64,16.72,23.71,11.64,12.04,,23.1,0.63,1.77,,,,0.43,,34.5,,,,,497.6,952.51,
2024-12-15 14:00:00,40.22,78.95,5.66,15.1,20.92,10.66,11.01,,22.84,0.65,1.77,,,,0.44,,33.17,,,,,385.12,952.3,
2024-12-15 15:00:00,39.65,77.84,6.59,17.71,24.22,11.59,12.57,,,0.64,1.78,,,,0.44,,33.9,,,,,254.79,952.2,
2024-12-15 16:00:00,39.89,78.32,6.47,17.66,23.92,11.47,12.1,,,0.63,1.82,,,,0.43,,38.75,,,,,95.66,952.26,
2024-12-15 17:00:00,40.54,79.59,6.55,16.55,23.14,11.55,12.39,,,0.65,1.8,,,,0.44,,46.65,,,,,6.86,952.37,
2024-12-15 18:00:00,41.91,82.27,7.24,17.32,24.62,12.24,11.52,,,0.65,1.76,,,,0.44,,55.7,,,,,5.89,952.53,
2024-12-15 19:00:00,41.32,81.11,7.0,17.25,24.36,12.0,10.96,,,0.63,1.78,,,,0.44,,61.78,,,,,5.89,952.72,
2024-12-15 20:00:00,45.67,89.66,6.52,16.09,22.86,11.52,10.2,,,0.62,1.76,,,,0.44,,66.42,,,,,5.89,952.85,
2024-12-15 21:00:00,45.71,89.72,7.34,16.9,24.75,12.34,10.46,,,0.65,1.76,,,,0.44,,72.18,,,,,5.89,952.93,
2024-12-15 22:00:00,48.22,94.64,6.84,19.92,27.1,11.84,10.94,,22.77,0.64,1.81,,,,0.44,,79.12,,,,,5.89,952.92,
2024-12-15 23:00:00,47.05,92.36,7.55,17.56,25.6,12.55,11.18,,23.45,0.62,1.75,,,,0.44,,92.32,,,,,5.89,952.81,
2024-12-16 00:00:00,50.26,98.64,6.81,17.49,24.86,11.81,10.84,,24.69,0.66,1.76,,,,0.45,,93.5,,,,,5.89,952.74,
2024-12-16 01:00:00,50.0,98.12,7.07,17.4,24.96,12.07,11.39,,25.46,0.64,1.78,,,,0.44,,93.6,,,,,5.89,952.6,
2024-12-16 02:00:00,47.52,93.28,6.36,17.56,24.37,11.36,10.63,,25.86,0.65,1.77,,,,0.44,,93.65,,,,,5.89,952.44,
2024-12-16 03:00:00,49.48,97.13,7.34,16.34,24.19,12.34,10.97,,25.69,0.65,1.8,,,,0.44,,93.7,,,,,5.89,952.3,
2024-12-16 04:00:00,47.94,94.09,7.24,16.9,24.72,12.24,10.72,,26.04,0.66,1.77,,,,0.44,,93.7,,,,,5.89,952.31,
2024-12-16 05:00:00,43.89,86.16,6.4,17.27,24.13,11.4,11.34,,27.27,0.65,1.78,,,,0.44,,93.7,,,,,5.89,952.36,
2024-12-16 06:00:00,43.47,85.33,7.5,16.91,24.89,12.5,10.88,,27.48,0.63,1.75,,,,0.44,,93.7,,,,,5.89,952.48,
2024-12-16 07:00:00,46.46,91.19,6.53,17.13,24.2,11.53,9.86,,25.7,0.64,1.79,,,,0.44,,93.62,,,,,19.71,952.64,
2024-12-16 08:00:00,52.14,102.34,6.76,17.01,24.4,11.76,9.15,,23.57,0.64,1.76,,,,0.44,,80.68,,,,,234.98,952.84,
2024-12-16 09:00:00,55.22,108.36,5.98,16.88,23.19,10.98,10.43,,23.88,0.65,1.76,,,,0.44,,57.95,,,,,401.23,952.97,
2024-12-16 10:00:00,58.34,114.48,5.8,16.45,22.72,10.8,11.17,,23.76,0.64,1.76,,,,0.44,,43.65,,,,,514.74,952.89,
2024-12-16 11:00:00,67.36,132.19,5.58,17.08,23.09,10.58,11.58,,23.88,0.65,1.77,,,,0.44,,35.8,,,,,574.52,952.73,
2024-12-16 12:00:00,62.65,122.93,5.1,15.75,20.99,10.1,11.86,,23.53,0.64,1.74,,,,0.44,,26.67,,,,,574.91,952.41,
2024-12-16 13:00:00,56.13,110.16,7.16,15.56,22.96,12.16,12.04,,,0.62,1.75,,,,0.44,,23.82,,,,,514.62,952.2,
2024-12-16 14:00:00,57.25,112.35,6.52,17.15,23.26,11.52,11.53,,,0.64,1.79,,,,0.44,,23.35,,,,,395.39,952.03,
2024-12-16 15:00:00,52.92,103.87,6.75,16.29,22.8,11.76,11.58,,,0.64,1.81,,,,0.44,,26.0,,,,,245.66,951.96,
2024-12-16 16:00:00,59.18,116.12,6.29,16.71,23.26,11.29,11.66,,,0.66,1.78,,,,0.44,,27.75,,,,,88.62,951.93,
2024-12-16 17:00:00,58.89,115.56,7.11,16.84,24.06,12.11,12.24,,,0.65,1.79,,,,0.44,,35.7,,,,,8.51,952.05,
2024-12-16 18:00:00,59.47,116.71,6.62,16.86,23.15,11.62,11.75,,,0.64,1.78,,,,0.46,,41.78,,,,,5.89,952.18,
2024-12-16 19:00:00,64.56,126.68,5.72,16.8,22.3,10.72,11.52,,,0.64,1.73,,,,0.43,,48.42,,,,,5.89,952.34,
2024-12-16 20:00:00,69.74,136.84,7.44,18.06,25.81,12.45,11.02,,,0.63,1.76,,,,0.42,,56.55,,,,,5.89,952.55,
2024-12-16 21:00:00,70.08,137.52,7.11,16.31,23.77,12.11,11.42,,,0.62,1.75,,,,0.44,,66.47,,,,,5.89,952.61,
2024-12-16 22:00:00,63.73,125.07,6.85,17.34,24.56,11.85,9.74,,,0.64,1.78,,,,0.44,,75.68,,,,,5.89,952.53,
2024-12-16 23:00:00,62.6,122.86,6.38,19.1,25.78,11.38,10.6,,,0.65,1.76,,,,0.44,,91.02,,,,,5.89,952.44,
2024-12-17 00:00:00,61.51,120.71,6.08,17.68,24.18,11.08,10.41,,25.21,0.63,1.76,,,,0.45,,93.55,,,,,5.89,952.36,
2024-12-17 01:00:00,58.9,115.58,7.18,17.69,25.26,12.18,9.99,,24.5,0.66,1.74,,,,0.44,,93.6,,,,,5.89,952.24,
2024-12-17 02:00:00,63.27,124.16,6.38,16.52,23.08,11.38,9.64,,25.31,0.65,1.75,,,,0.44,,93.6,,,,,5.89,952.12,
2024-12-17 03:00:00,59.97,117.68,6.11,16.92,23.55,11.11,8.84,,24.66,0.64,1.79,,,,0.44,,93.7,,,,,5.89,951.99,
2024-12-17 04:00:00,61.24,120.17,5.58,15.66,21.4,10.58,10.2,,24.54,0.65,1.78,,,,0.44,,93.7,,,,,5.89,951.98,
2024-12-17 05:00:00,59.39,116.56,6.17,17.13,23.74,11.17,10.77,,24.69,0.66,1.78,,,,0.44,,93.7,,,,,5.89,952.09,
2024-12-17 06:00:00,53.6,105.18,6.52,16.72,23.76,11.52,11.34,,25.79,0.63,1.81,,,,0.43,,93.68,,,,,5.89,952.24,
2024-12-17 07:00:00,55.58,109.08,5.37,16.73,22.54,10.37,11.08,,26.55,0.63,1.76,,,,0.45,,92.58,,,,,18.14,952.4,
2024-12-17 08:00:00,58.14,114.1,6.66,16.51,23.5,11.66,10.26,,23.56,0.64,1.75,,,,0.44,,70.75,,,,,241.76,952.56,
2024-12-17 09:00:00,61.67,120.99,6.61,16.43,23.51,11.61,10.17,,23.64,0.64,1.76,,,,0.45,,60.88,,,,,361.99,952.64,
2024-12-17 10:00:00,64.09,125.77,4.76,16.08,21.13,9.76,10.86,,23.96,0.64,1.78,,,,0.44,,57.85,,,,,498.22,952.56,
2024-12-17 11:00:00,57.18,112.29,6.26,17.21,23.97,11.26,10.5,,23.78,0.64,1.74,,,,0.44,,51.35,,,,,559.4,952.3,
2024-12-17 12:00:00,47.13,92.51,6.82,16.32,23.42,11.82,13.33,,,0.64,1.74,,,,0.44,,45.88,,,,,553.26,952.04,
2024-12-17 13:00:00,41.59,81.65,6.19,15.51,21.94,11.19,11.86,,,0.63,1.74,,,,0.44,,43.75,,,,,428.0,951.82,
2024-12-17 14:00:00,40.33,79.18,6.72,15.8,22.72,11.72,11.72,,,0.65,1.79,,,,0.44,,42.15,,,,,275.03,951.64,
2024-12-17 15:00:00,39.55,77.64,6.03,15.58,21.44,11.03,11.12,,,0.63,1.78,,,,0.43,,42.62,,,,,188.55,951.56,
2024-12-17 16:00:00,35.39,69.48,8.6,17.1,25.62,13.6,11.9,,,0.64,1.77,,,,0.44,,45.28,,,,,101.1,951.57,
2024-12-17 17:00:00,38.23,75.06,7.6,16.76,24.4,12.6,12.18,,,0.64,1.76,,,,0.43,,54.2,,,,,5.89,951.73,
2024-12-17 18:00:00,47.34,92.93,6.4,16.96,23.53,11.4,11.94,,,0.65,1.74,,,,0.44,,63.1,,,,,5.89,951.96,
2024-12-17 19:00:00,49.36,96.88,7.47,17.68,25.42,12.47,11.42,,,0.64,1.75,,,,0.43,,68.15,,,,,5.89,952.24,
2024-12-17 20:00:00,52.46,102.97,7.3,17.05,24.74,12.3,10.85,,,0.64,1.8,,,,0.44,,80.4,,,,,5.89,952.43,
2024-12-17 21:00:00,50.88,99.86,7.55,17.5,25.54,12.55,11.46,,,0.63,1.81,,,,0.44,,93.43,,,,,5.89,952.54,
2024-12-17 22:00:00,52.87,103.76,6.74,16.64,23.59,11.74,11.42,,,0.64,1.77,,,,0.44,,93.45,,,,,5.89,952.53,
2024-12-17 23:00:00,52.56,103.16,7.01,18.54,26.06,12.01,10.94,,,0.66,1.78,,,,0.44,,93.5,,,,,5.89,952.4,
2024-12-18 00:00:00,50.3,98.72,6.62,16.9,23.86,11.62,10.33,,,0.64,1.76,,,,0.44,,93.5,,,,,5.89,952.34,
2024-12-18 01:00:00,46.78,91.83,6.97,17.84,25.19,11.97,10.2,,,0.64,1.82,,,,0.44,,93.52,,,,,5.89,952.22,
2024-12-18 02:00:00,44.88,88.09,6.87,17.51,24.74,11.87,11.17,,,0.64,1.81,,,,0.44,,93.57,,,,,5.89,952.01,
2024-12-18 03:00:00,43.94,86.26,6.84,16.26,23.52,11.82,11.66,,,0.64,1.76,,,,0.44,,93.6,,,,,5.89,951.88,
2024-12-18 04:00:00,45.92,90.14,5.8,16.45,22.66,10.8,10.8,,,0.64,1.73,,,,0.44,,93.6,,,,,5.89,951.85,
2024-12-18 05:00:00,44.35,87.06,7.16,17.07,24.48,12.16,11.44,,,0.64,1.78,,,,0.44,,93.6,,,,,5.89,951.86,
2024-12-18 06:00:00,40.32,79.16,6.8,18.11,24.94,11.8,9.91,,27.36,0.64,1.78,,,,0.45,,93.6,,,,,5.89,952.02,
2024-12-18 07:00:00,41.33,81.15,5.44,17.64,23.62,10.45,8.8,,28.23,0.65,1.74,,,,0.43,,93.6,,,,,14.83,952.11,
2024-12-18 08:00:00,45.39,89.1,6.26,16.75,23.4,11.25,9.62,,24.1,0.65,1.77,,,,0.44,,84.35,,,,,242.74,952.28,
2024-12-18 09:00:00,42.33,83.1,5.47,16.58,22.42,10.47,11.12,,23.62,0.64,1.77,,,,0.44,,64.55,,,,,392.72,952.3,
2024-12-18 10:00:00,43.82,86.02,6.74,17.51,24.51,11.75,11.33,,23.66,0.64,1.78,,,,0.43,,62.28,,,,,296.9,952.22,
2024-12-18 11:00:00,39.38,66.33,5.96,15.76,22.0,10.96,11.68,,,0.7,1.88,,,,0.47,,61.22,,,,,259.14,952.08,
2024-12-18 12:00:00,6.12,33.37,5.49,15.92,21.45,10.49,15.8,,,0.88,2.13,,,,0.6,,66.25,,,,,169.67,951.92,
2024-12-18 13:00:00,16.64,33.37,5.97,16.91,22.85,10.97,12.92,0.58,37.78,0.88,2.2,,,,0.6,,66.0,,,,,76.36,951.76,
2024-12-18 14:00:00,24.42,47.97,7.12,17.14,23.92,12.12,10.81,0.57,37.95,0.88,2.14,,,,0.6,,63.05,,,,,287.67,951.64,
2024-12-18 15:00:00,28.02,55.04,6.44,15.72,22.3,11.44,7.44,0.57,36.9,0.86,2.11,,,,0.6,,60.25,,,,,185.82,951.56,
2024-12-18 16:00:00,22.78,44.75,7.26,17.85,25.31,12.26,7.38,0.57,35.65,0.85,2.14,,,,0.6,,59.25,,,,,113.84,951.55,
2024-12-18 17:00:00,32.03,62.9,6.45,16.65,23.36,11.45,7.95,0.57,35.75,0.86,2.12,,,,0.6,,69.38,,,,,9.61,951.64,
2024-12-18 18:00:00,34.89,68.5,7.15,16.97,24.22,12.15,8.47,0.56,35.79,0.86,2.18,,,,0.6,,89.4,,,,,5.89,951.8,
2024-12-18 19:00:00,33.42,65.62,6.93,16.23,23.16,11.93,5.3,0.56,36.16,0.88,2.14,,,,0.61,,93.5,,,,,5.89,951.98,
2024-12-18 20:00:00,33.07,64.94,6.65,17.31,24.5,11.65,7.36,0.57,35.62,0.85,2.14,,,,0.6,,93.52,,,,,5.89,952.1,
2024-12-18 21:00:00,34.44,67.62,7.98,18.44,26.74,12.98,8.15,0.56,35.82,0.86,2.13,,,,0.58,,93.55,,,,,5.89,952.19,
2024-12-18 22:00:00,33.19,65.18,6.59,16.86,23.51,11.59,7.71,0.56,35.93,0.87,2.1,,,,0.6,,93.5,,,,,5.89,952.18,
2024-12-18 23:00:00,31.48,61.84,6.39,16.26,22.88,11.39,7.68,0.56,35.69,0.86,2.09,,,,0.59,,93.57,,,,,5.89,952.11,
2024-12-19 00:00:00,31.51,61.88,7.19,16.99,24.58,12.19,7.23,0.56,35.63,0.85,2.15,,,,0.6,,93.6,,,,,5.89,951.98,
2024-12-19 01:00:00,31.02,60.92,7.11,16.86,24.16,12.12,7.31,0.56,35.76,0.86,2.13,,,,0.59,,93.6,,,,,5.89,951.89,
2024-12-19 02:00:00,28.54,56.05,6.91,16.9,24.18,11.91,6.69,0.55,35.84,0.86,2.16,,,,0.6,,93.52,,,,,5.89,951.77,
2024-12-19 03:00:00,28.41,55.8,6.46,16.9,23.76,11.46,6.92,0.57,35.96,0.87,2.15,,,,0.59,,93.5,,,,,5.89,951.72,
2024-12-19 04:00:00,28.54,56.06,6.51,16.78,23.64,11.51,7.15,0.57,35.67,0.86,2.12,,,,0.61,,93.5,,,,,5.89,951.73,
2024-12-19 05:00:00,30.59,60.08,6.24,16.79,23.2,11.24,6.9,0.56,35.78,0.86,2.13,,,,0.6,,93.6,,,,,5.89,951.81,
2024-12-19 06:00:00,31.92,62.69,6.45,17.27,24.12,11.45,7.35,0.56,35.84,0.86,2.14,,,,0.6,,93.68,,,,,5.89,951.97,
2024-12-19 07:00:00,33.38,65.56,6.98,17.14,24.37,11.98,8.17,0.55,35.83,0.86,2.19,,,,0.6,,93.62,,,,,17.31,952.16,
2024-12-19 08:00:00,40.27,79.06,6.93,16.53,23.76,11.93,7.03,0.56,35.89,0.86,2.14,,,,0.62,,93.05,,,,,119.45,952.34,
2024-12-19 09:00:00,47.18,92.6,6.2,16.75,23.35,11.2,7.57,0.56,35.95,0.87,2.16,,,,0.59,,85.02,,,,,214.98,952.43,
2024-12-19 10:00:00,47.26,92.78,5.08,15.81,20.72,10.08,6.6,0.56,35.67,0.85,2.18,,,,0.6,,73.3,,,,,116.41,952.41,
2024-12-19 11:00:00,21.9,43.02,5.82,15.65,21.56,10.82,6.23,0.7,39.45,0.69,1.96,,,,0.7,,62.28,,,,,249.22,952.21,
2024-12-19 12:00:00,28.62,56.2,5.22,15.12,20.45,10.22,6.62,0.74,40.21,0.66,1.92,,,,0.71,,61.28,,,,,201.0,952.02,
2024-12-19 13:00:00,33.93,66.62,5.63,17.65,23.2,10.63,6.58,0.74,39.84,0.64,1.87,,,,0.71,,57.28,,,,,227.91,951.74,
2024-12-19 14:00:00,35.31,69.33,5.01,15.72,20.98,10.01,6.1,0.72,39.92,0.64,1.9,,,,0.71,,55.82,,,,,188.54,951.5,
2024-12-19 15:00:00,35.38,69.47,6.16,15.3,21.58,11.16,7.06,0.73,40.02,0.65,1.9,,,,0.72,,55.72,,,,,113.91,951.37,
2024-12-19 16:00:00,34.69,68.11,7.23,15.91,23.59,12.23,7.76,0.74,40.17,0.66,1.88,,,,0.73,,58.0,,,,,53.48,951.33,
2024-12-19 17:00:00,37.08,72.82,6.18,17.37,23.64,11.16,8.49,0.73,40.05,0.65,1.89,,,,0.7,,59.68,,,,,11.14,951.4,
2024-12-19 18:00:00,36.85,72.34,6.03,15.97,21.84,11.03,7.59,0.73,40.0,0.65,1.89,,,,0.72,,65.3,,,,,5.89,951.61,
2024-12-19 19:00:00,37.22,73.08,7.09,16.0,23.45,12.09,6.11,0.74,39.91,0.64,1.88,,,,0.72,,67.85,,,,,5.89,951.87,
2024-12-19 20:00:00,42.83,84.08,6.19,17.25,23.57,11.18,5.97,0.74,40.06,0.65,1.88,,,,0.71,,81.68,,,,,5.89,952.06,
2024-12-19 21:00:00,43.88,86.13,6.26,16.92,23.31,11.26,6.69,0.73,39.92,0.64,1.88,,,,0.71,,93.48,,,,,5.89,952.15,
2024-12-19 22:00:00,37.4,73.44,7.34,17.43,25.31,12.34,7.36,0.72,39.98,0.65,1.88,,,,0.7,,93.5,,,,,5.89,952.14,
2024-12-19 23:00:00,35.89,70.47,7.72,17.8,25.8,12.72,6.45,0.74,39.83,0.64,1.84,,,,0.71,,93.5,,,,,5.89,952.05,
2024-12-20 00:00:00,35.94,70.58,5.9,18.24,24.39,10.9,6.66,0.73,39.8,0.64,1.86,,,,0.72,,93.48,,,,,5.89,951.88,
2024-12-20 01:00:00,35.66,70.02,7.34,17.62,25.24,12.34,6.14,0.73,40.09,0.66,1.89,,,,0.71,,93.5,,,,,5.89,951.75,
2024-12-20 02:00:00,35.03,68.78,5.29,17.05,22.74,10.29,5.5,0.72,40.12,0.66,1.9,,,,0.72,,93.5,,,,,5.89,951.66,
2024-12-20 03:00:00,32.42,63.66,5.94,16.47,22.79,10.94,6.26,0.74,40.02,0.65,1.87,,,,0.72,,93.52,,,,,5.89,951.57,
2024-12-20 04:00:00,34.08,66.9,7.11,16.9,24.2,12.11,5.93,0.72,39.79,0.63,1.95,,,,0.72,,93.6,,,,,5.89,951.57,
2024-12-20 05:00:00,32.76,64.34,7.38,16.59,24.38,12.38,5.48,0.73,39.92,0.64,1.9,,,,0.71,,93.7,,,,,5.89,951.72,
2024-12-20 06:00:00,30.1,59.11,6.66,16.04,23.18,11.66,6.23,0.74,40.1,0.65,1.88,,,,0.72,,93.7,,,,,5.89,951.97,
2024-12-20 07:00:00,32.55,63.92,7.42,19.07,26.96,12.42,6.91,0.73,39.64,0.63,1.88,,,,0.71,,93.68,,,,,7.56,952.19,
2024-12-20 08:00:00,34.27,67.29,5.72,16.24,22.42,10.72,6.04,0.72,39.94,0.64,1.89,,,,0.72,,93.6,,,,,14.73,952.39,
2024-12-20 09:00:00,36.39,71.46,6.58,17.81,24.8,11.58,7.96,0.74,40.06,0.65,1.89,,,,0.72,,93.55,,,,,102.54,952.44,
2024-12-20 10:00:00,39.6,77.74,5.78,17.36,23.38,10.78,7.16,0.74,40.0,0.65,1.87,,,,0.71,,84.0,,,,,315.69,952.33,
2024-12-20 11:00:00,31.78,62.41,5.4,17.81,23.5,10.4,6.74,0.68,38.6,0.72,2.05,,,,0.69,,59.08,,,,,513.61,952.12,
2024-12-20 12:00:00,17.16,33.74,5.92,17.19,23.05,10.92,7.27,0.62,36.78,0.85,2.36,,,,0.64,,49.18,,,,,498.1,951.87,
2024-12-20 13:00:00,17.6,34.6,5.82,16.67,22.62,10.82,8.3,0.61,36.78,0.85,2.31,,,,0.66,,51.92,,,,,201.45,951.56,
2024-12-20 14:00:00,19.14,37.64,6.54,16.73,22.84,11.54,8.7,0.62,36.86,0.86,2.32,,,,0.65,,50.98,,,,,269.7,951.42,
2024-12-20 15:00:00,21.04,41.34,6.59,16.26,22.0,11.59,9.41,0.62,36.72,0.85,2.32,,,,0.64,,52.5,,,,,137.57,951.36,
2024-12-20 16:00:00,24.13,47.41,6.78,18.32,25.16,11.78,8.62,0.62,36.3,0.82,2.3,,,,0.64,,55.28,,,,,115.28,951.4,
2024-12-20 17:00:00,29.31,57.58,5.62,16.85,22.44,10.62,8.04,0.62,36.58,0.84,2.34,,,,0.64,,62.82,,,,,7.03,951.51,
2024-12-20 18:00:00,31.94,62.74,7.14,16.0,23.35,12.14,6.33,0.61,36.82,0.86,2.31,,,,0.64,,73.55,,,,,5.89,951.68,
2024-12-20 19:00:00,39.24,77.04,8.0,16.77,25.02,13.0,6.38,0.62,36.72,0.84,2.32,,,,0.64,,83.12,,,,,5.89,951.9,
2024-12-20 20:00:00,40.67,79.85,8.1,15.99,24.42,13.1,8.0,0.62,36.62,0.84,2.34,,,,0.64,,92.2,,,,,5.89,952.06,
2024-12-20 21:00:00,41.33,81.13,7.23,16.7,24.27,12.23,8.24,0.61,36.67,0.84,2.31,,,,0.67,,93.5,,,,,5.89,952.14,
2024-12-20 22:00:00,43.18,84.76,7.98,16.22,24.15,12.98,7.27,0.61,36.6,0.84,2.28,,,,0.64,,93.6,,,,,5.89,952.12,
2024-12-20 23:00:00,44.71,87.75,6.28,16.0,22.45,11.28,7.26,0.61,36.81,0.85,2.29,,,,0.65,,93.6,,,,,5.89,952.06,
2024-12-21 00:00:00,45.17,88.66,7.37,17.37,25.27,12.37,6.36,0.62,36.22,0.82,2.3,,,,0.64,,93.6,,,,,5.89,951.96,
2024-12-21 01:00:00,44.14,86.65,8.21,17.9,26.71,13.21,6.74,0.62,36.79,0.85,2.29,,,,0.65,,93.62,,,,,5.89,951.85,
2024-12-21 02:00:00,41.01,80.52,6.65,17.29,24.43,11.65,7.36,0.6,36.72,0.85,2.28,,,,0.64,,93.65,,,,,5.89,951.74,
2024-12-21 03:00:00,41.52,81.5,5.83,17.07,23.31,10.83,6.58,0.62,36.66,0.84,2.32,,,,0.65,,93.68,,,,,5.89,951.68,
2024-12-21 04:00:00,41.79,82.05,7.47,18.08,25.92,12.47,6.35,0.6,36.55,0.84,2.34,,,,0.66,,93.7,,,,,5.89,951.69,
2024-12-21 05:00:00,47.28,92.8,7.02,18.12,25.48,12.02,7.49,0.61,36.52,0.84,2.31,,,,0.64,,93.7,,,,,5.89,951.72,
2024-12-21 06:00:00,56.08,110.06,6.82,17.96,25.31,11.82,6.09,0.62,36.9,0.86,2.3,,,,0.65,,93.7,,,,,5.89,951.84,
2024-12-21 07:00:00,55.36,108.64,7.38,19.42,26.76,12.38,6.52,0.62,36.71,0.84,2.34,,,,0.65,,93.7,,,,,22.14,952.04,
2024-12-21 08:00:00,55.26,108.44,7.09,18.15,25.76,12.09,7.54,0.61,36.56,0.84,2.32,,,,0.65,,88.85,,,,,170.1,952.28,
2024-12-21 09:00:00,51.95,101.96,4.79,15.3,20.25,9.79,7.02,0.62,36.71,0.85,2.29,,,,0.65,,68.2,,,,,265.96,952.39,
2024-12-21 10:00:00,44.08,86.53,6.27,16.8,23.24,11.27,8.31,0.6,36.57,0.84,2.33,,,,0.64,,58.78,,,,,395.96,952.37,
2024-12-21 11:00:00,17.6,34.6,6.04,16.71,22.74,11.06,7.56,0.57,39.81,0.69,1.77,,,,0.52,,48.88,,,,,512.02,952.22,
2024-12-21 12:00:00,16.97,33.37,6.94,17.18,24.38,11.94,9.42,0.45,40.03,0.69,1.72,,,,0.51,,41.78,,,,,445.9,951.96,
2024-12-21 13:00:00,20.16,39.63,7.26,15.59,22.84,12.26,7.82,0.45,39.97,0.69,1.72,,,,0.5,,34.95,,,,,492.99,951.68,
2024-12-21 14:00:00,21.1,41.46,6.86,17.04,24.04,11.86,6.19,0.46,39.8,0.68,1.69,,,,0.5,,32.9,,,,,339.82,951.52,
2024-12-21 15:00:00,22.61,44.42,7.17,18.61,25.49,12.17,6.9,0.45,40.1,0.7,1.74,,,,0.51,,33.33,,,,,213.69,951.47,
2024-12-21 16:00:00,26.5,52.07,7.97,17.46,25.32,12.97,7.08,0.45,39.78,0.68,1.76,,,,0.51,,41.32,,,,,85.44,951.58,
2024-12-21 17:00:00,16.97,33.37,7.19,17.72,24.59,12.19,6.53,0.45,40.2,0.71,1.78,,,,0.51,,49.13,,,,,5.89,951.77,
2024-12-21 18:00:00,47.1,92.45,6.75,17.36,24.06,11.75,5.57,0.45,40.01,0.69,1.74,,,,0.52,,54.12,,,,,5.89,951.94,
2024-12-21 19:00:00,55.62,109.15,8.26,17.13,25.16,13.26,5.4,0.45,40.0,0.69,1.76,,,,0.52,,56.6,,,,,5.89,952.18,
2024-12-21 20:00:00,54.31,106.59,7.23,17.77,24.89,12.23,6.91,0.45,40.01,0.7,1.75,,,,0.51,,62.92,,,,,5.89,952.34,
2024-12-21 21:00:00,54.72,107.38,6.93,16.3,23.42,11.93,8.06,0.46,39.78,0.68,1.76,,,,0.52,,73.97,,,,,5.89,952.43,
2024-12-21 22:00:00,53.15,104.32,6.85,16.83,23.68,11.85,8.93,0.46,39.8,0.68,1.74,,,,0.51,,80.47,,,,,5.89,952.44,
2024-12-21 23:00:00,50.4,98.91,5.66,16.43,21.77,10.66,7.94,0.45,39.56,0.66,1.75,,,,0.52,,77.28,,,,,5.89,952.38,
2024-12-22 00:00:00,46.01,90.31,5.94,16.46,22.64,10.94,6.5,0.44,40.09,0.7,1.74,,,,0.52,,84.42,,,,,5.89,952.34,
2024-12-22 01:00:00,43.12,84.65,7.75,17.92,25.97,12.75,6.22,0.45,39.84,0.68,1.75,,,,0.51,,93.5,,,,,5.89,952.14,
2024-12-22 02:00:00,39.72,77.98,7.43,18.3,26.2,12.43,9.09,0.45,39.81,0.68,1.73,,,,0.5,,93.6,,,,,5.89,952.01,
2024-12-22 03:00:00,40.03,78.59,7.11,17.36,24.94,12.11,7.45,0.45,39.89,0.68,1.72,,,,0.52,,93.68,,,,,5.89,951.93,
2024-12-22 04:00:00,42.1,82.66,7.19,16.72,23.79,12.19,8.08,0.45,39.37,0.66,1.75,,,,0.51,,93.68,,,,,5.89,952.01,
2024-12-22 05:00:00,41.32,81.11,7.98,17.0,25.52,12.98,7.14,0.45,39.97,0.69,1.77,,,,0.51,,93.68,,,,,5.89,952.1,
2024-12-22 06:00:00,44.64,87.62,7.13,15.73,23.04,12.13,6.14,0.46,39.77,0.68,1.73,,,,0.52,,93.7,,,,,5.89,952.2,
2024-12-22 07:00:00,48.61,95.42,5.82,16.79,22.69,10.82,7.18,0.45,40.06,0.7,1.76,,,,0.52,,93.68,,,,,15.53,952.37,
2024-12-22 08:00:00,52.13,102.31,7.23,17.98,25.59,12.23,7.56,0.44,39.66,0.67,1.74,,,,0.52,,93.52,,,,,44.62,952.53,
2024-12-22 09:00:00,48.7,95.6,5.52,16.52,22.51,8.81,7.7,0.46,39.66,0.67,1.74,,,,0.51,,93.48,,,,,30.27,952.56,
2024-12-22 10:00:00,19.52,38.36,5.6,16.78,22.79,10.6,7.36,0.44,39.66,0.67,1.75,,,,0.5,,93.22,,,,,41.34,952.55,
2024-12-22 11:00:00,41.58,81.63,6.28,16.16,22.83,11.28,6.36,0.46,40.03,0.7,1.71,,,,0.52,,71.57,,,,,184.18,952.39,
2024-12-22 12:00:00,16.97,33.37,6.58,16.47,23.18,10.49,,0.44,39.85,0.68,1.7,,,,0.51,,50.6,,,,,416.43,952.11,
2024-12-22 13:00:00,35.33,69.36,6.1,15.61,21.9,11.1,6.78,0.44,40.09,0.7,1.73,,,,0.51,,46.22,,,,,298.81,951.88,
2024-12-22 14:00:00,27.46,53.94,7.51,16.59,23.85,9.87,7.47,0.44,39.87,0.69,1.76,,,,0.52,,39.8,,,,,256.86,951.62,
2024-12-22 15:00:00,36.06,70.81,6.14,15.75,21.32,11.14,7.51,0.46,39.82,0.68,1.74,,,,0.52,,40.45,,,,,124.78,951.49,
2024-12-22 16:00:00,49.82,97.78,6.92,17.72,24.74,11.92,8.23,0.45,40.25,0.71,1.75,,,,0.5,,43.45,,,,,43.68,951.5,
2024-12-22 17:00:00,44.24,86.85,7.93,17.55,25.67,12.93,8.76,0.45,40.26,0.71,1.73,,,,0.5,,49.0,,,,,6.04,951.61,
2024-12-22 18:00:00,42.39,83.21,6.23,17.28,23.72,11.23,7.24,0.44,40.01,0.69,1.72,,,,0.51,,52.58,,,,,5.59,951.78,
2024-12-22 19:00:00,43.4,85.2,6.71,16.52,23.61,11.71,7.12,0.45,40.03,0.7,1.75,,,,0.5,,58.45,,,,,5.59,952.01,
2024-12-22 20:00:00,45.04,88.42,7.24,18.15,25.81,12.24,6.9,0.46,40.22,0.7,1.7,,,,0.52,,70.32,,,,,5.59,952.2,
2024-12-22 21:00:00,45.4,89.13,7.58,18.38,26.32,12.58,6.48,0.45,39.91,0.69,1.73,,,,0.5,,77.77,,,,,5.59,952.29,
2024-12-22 22:00:00,41.61,81.7,8.06,17.88,26.33,13.06,4.86,0.44,39.89,0.69,1.72,,,,0.5,,84.42,,,,,5.59,952.26,
2024-12-22 23:00:00,39.53,77.6,7.52,17.81,25.64,12.52,5.0,0.44,40.19,0.7,1.76,,,,0.5,,91.3,,,,,5.59,952.19,
2024-12-23 00:00:00,39.52,77.59,6.85,17.86,25.22,11.85,5.72,0.45,39.93,0.69,1.77,,,,0.5,,93.45,,,,,5.59,952.14,
2024-12-23 01:00:00,38.49,75.56,6.86,17.85,24.98,11.86,6.64,0.44,39.89,0.68,1.71,,,,0.52,,93.5,,,,,5.59,951.99,
2024-12-23 02:00:00,37.95,74.51,6.02,16.74,23.08,11.02,6.29,0.46,39.8,0.68,1.69,,,,0.52,,93.5,,,,,5.59,951.88,
2024-12-23 03:00:00,37.44,73.51,6.44,16.31,23.15,11.44,5.91,0.45,40.16,0.7,1.76,,,,0.52,,93.5,,,,,5.59,951.86,
2024-12-23 04:00:00,36.14,70.95,7.06,17.32,24.78,12.06,5.24,0.45,39.92,0.69,1.74,,,,0.51,,93.6,,,,,5.59,951.89,
2024-12-23 05:00:00,34.44,67.62,7.42,16.28,24.12,12.42,5.97,0.45,39.8,0.68,1.74,,,,0.51,,93.6,,,,,5.59,952.02,
2024-12-23 06:00:00,33.99,66.74,7.37,18.54,26.25,12.37,6.51,0.45,39.9,0.69,1.72,,,,0.51,,93.6,,,,,5.59,952.14,
2024-12-23 07:00:00,38.16,74.92,6.31,16.88,23.46,11.3,6.52,0.44,39.93,0.69,1.74,,,,0.51,,93.52,,,,,12.96,952.29,
2024-12-23 08:00:00,40.52,79.55,6.59,16.86,23.85,11.59,7.19,0.44,39.87,0.68,1.72,,,,0.52,,90.65,,,,,78.72,952.5,
2024-12-23 09:00:00,40.98,80.44,6.34,17.9,24.44,11.34,8.15,0.45,40.2,0.7,1.73,,,,0.51,,82.15,,,,,103.43,952.53,
2024-12-23 10:00:00,42.68,83.78,6.35,15.52,22.1,11.35,7.88,0.44,39.78,0.68,1.74,,,,0.5,,74.4,,,,,178.02,952.5,
2024-12-23 11:00:00,46.37,91.02,6.35,15.06,21.57,11.35,8.09,0.45,40.22,0.7,1.73,,,,0.5,,58.8,,,,,410.04,952.36,
2024-12-23 12:00:00,19.06,37.46,6.53,16.93,23.55,11.52,7.98,0.73,41.59,0.85,1.96,,,,0.68,,49.92,,,,,356.0,952.1,
2024-12-23 13:00:00,48.94,96.05,5.34,14.11,19.5,10.34,8.57,0.73,41.79,0.86,2.0,,,,0.7,,50.1,,,,,97.62,951.81,
2024-12-23 14:00:00,50.95,100.0,6.18,15.91,22.25,11.18,7.67,0.73,41.38,0.84,2.0,,,,0.7,,50.45,,,,,60.49,951.64,
2024-12-23 15:00:00,53.48,104.96,5.85,17.36,23.12,10.85,7.45,0.74,41.64,0.86,1.98,,,,0.68,,48.03,,,,,95.2,951.59,
2024-12-23 16:00:00,53.07,104.15,6.64,16.02,22.55,11.64,7.34,0.75,41.47,0.84,2.02,,,,0.7,,47.62,,,,,18.08,951.62,
2024-12-23 17:00:00,56.63,111.14,7.52,16.14,23.45,12.52,7.72,0.74,41.49,0.85,1.96,,,,0.69,,51.42,,,,,5.59,951.65,
2024-12-23 18:00:00,54.27,106.5,6.86,18.3,25.46,11.86,7.18,0.74,41.46,0.85,2.01,,,,0.7,,56.12,,,,,5.59,951.75,
2024-12-23 19:00:00,60.94,119.6,8.16,16.66,25.22,13.16,6.1,0.73,41.67,0.86,2.0,,,,0.7,,62.22,,,,,5.59,951.9,
2024-12-23 20:00:00,63.62,124.84,7.65,17.12,24.98,12.65,5.27,0.72,41.82,0.87,1.99,,,,0.7,,62.8,,,,,5.59,952.08,
2024-12-23 21:00:00,67.07,131.61,6.29,15.44,21.74,11.29,6.86,0.72,41.42,0.84,1.96,,,,0.7,,65.42,,,,,5.59,952.22,
2024-12-23 22:00:00,54.84,107.64,5.85,17.24,23.3,10.85,7.56,0.73,41.27,0.84,2.0,,,,0.7,,72.85,,,,,5.59,952.24,
2024-12-23 23:00:00,50.17,98.46,6.63,16.28,23.1,11.63,6.44,0.72,41.62,0.86,2.0,,,,0.69,,78.38,,,,,5.59,952.15,
2024-12-24 00:00:00,50.62,99.34,6.36,16.35,22.84,11.36,6.11,0.75,41.35,0.84,1.99,,,,0.7,,91.4,,,,,5.59,952.07,
2024-12-24 01:00:00,47.1,92.45,7.14,17.57,25.22,12.14,7.47,0.74,41.47,0.85,2.01,,,,0.69,,89.8,,,,,5.59,951.93,
2024-12-24 02:00:00,44.02,86.42,6.68,18.01,25.1,11.68,6.42,0.73,41.73,0.86,2.0,,,,0.71,,93.5,,,,,5.59,951.77,
2024-12-24 03:00:00,36.85,72.35,5.96,17.46,23.78,10.96,6.98,0.73,41.58,0.86,2.01,,,,0.69,,93.5,,,,,5.59,951.73,
2024-12-24 04:00:00,37.97,74.55,6.65,17.89,24.88,11.65,6.94,0.74,41.39,0.84,2.03,,,,0.68,,93.5,,,,,5.59,951.78,
2024-12-24 05:00:00,39.07,76.72,7.89,16.8,24.98,12.89,6.57,0.74,41.61,0.86,2.03,,,,0.7,,93.5,,,,,5.59,951.89,
2024-12-24 06:00:00,38.23,75.05,6.32,16.67,23.54,11.32,7.17,0.74,41.81,0.87,2.02,,,,0.68,,93.5,,,,,5.59,952.04,
2024-12-24 07:00:00,41.52,81.51,7.09,17.11,24.7,12.09,7.18,0.74,41.66,0.86,1.99,,,,0.7,,92.4,,,,,15.3,952.22,
2024-12-24 08:00:00,50.34,98.82,6.22,16.5,22.86,11.22,7.51,0.72,41.54,0.85,2.01,,,,0.7,,66.95,,,,,180.6,952.39,
2024-12-24 09:00:00,54.1,106.16,5.02,17.21,22.64,10.02,7.43,0.74,41.47,0.85,1.98,,,,0.7,,44.92,,,,,326.4,952.46,
2024-12-24 10:00:00,53.45,104.9,5.84,15.61,21.87,10.84,7.05,0.74,41.5,0.85,1.99,,,,0.7,,37.05,,,,,405.36,952.44,
2024-12-24 11:00:00,28.9,56.77,6.17,17.5,23.52,11.17,7.21,0.63,39.88,0.94,2.08,,,,0.64,,36.58,,,,,363.99,952.27,
2024-12-24 12:00:00,22.23,43.68,5.82,17.7,23.64,10.82,7.83,0.6,39.27,0.99,2.16,,,,0.48,,36.38,,,,,309.12,952.01,
2024-12-24 13:00:00,35.6,69.9,5.33,15.36,20.12,10.33,7.56,0.58,39.16,0.98,2.12,,,,0.48,,38.0,,,,,195.06,951.74,
2024-12-24 14:00:00,35.11,68.94,6.09,18.54,24.94,11.09,8.14,0.58,39.24,0.99,2.2,,,,0.47,,39.65,,,,,108.98,951.58,
2024-12-24 15:00:00,36.06,70.82,7.26,16.16,23.65,12.26,8.5,0.59,38.97,0.97,2.14,,,,0.49,,42.02,,,,,61.8,951.54,
2024-12-24 16:00:00,37.78,74.18,5.56,16.87,22.47,10.56,6.92,0.59,39.2,0.98,2.13,,,,0.47,,44.18,,,,,26.73,951.59,
2024-12-24 17:00:00,40.99,80.47,6.74,16.79,23.63,11.74,6.68,0.59,38.89,0.96,2.19,,,,0.48,,48.0,,,,,5.59,951.73,
2024-12-24 18:00:00,42.01,82.47,7.09,17.31,24.77,12.09,7.98,0.59,39.42,1.0,2.14,,,,0.48,,51.45,,,,,5.59,951.88,
2024-12-24 19:00:00,43.53,85.44,6.44,16.85,23.62,11.44,7.96,0.59,39.16,0.98,2.17,,,,0.48,,56.1,,,,,5.59,952.1,
2024-12-24 20:00:00,46.57,91.42,6.32,17.34,24.06,11.32,7.44,0.59,39.3,0.99,2.13,,,,0.48,,65.08,,,,,5.59,952.3,
2024-12-24 21:00:00,47.3,92.84,6.59,17.0,23.93,11.58,7.0,0.58,39.54,1.0,2.15,,,,0.5,,83.65,,,,,5.59,952.42,
2024-12-24 22:00:00,46.18,90.64,7.12,17.41,24.8,12.12,6.78,0.59,39.18,0.98,2.14,,,,0.48,,93.5,,,,,5.59,952.4,
2024-12-24 23:00:00,41.43,81.34,6.82,16.78,24.08,11.81,7.06,0.6,38.99,0.97,2.11,,,,0.48,,93.57,,,,,5.59,952.27,
2024-12-25 00:00:00,37.0,72.64,6.95,16.69,23.93,11.95,6.92,0.58,39.32,0.99,2.15,,,,0.48,,93.6,,,,,5.59,952.2,
2024-12-25 01:00:00,36.63,71.92,7.05,16.79,24.09,12.04,6.9,0.59,39.53,1.0,2.12,,,,0.48,,93.65,,,,,5.59,952.07,
2024-12-25 02:00:00,34.55,67.85,7.53,17.22,25.23,12.53,7.93,0.59,39.12,0.98,2.16,,,,0.49,,93.7,,,,,5.59,951.9,
2024-12-25 03:00:00,34.18,67.11,6.46,16.6,23.4,11.46,7.94,0.59,39.16,0.98,2.15,,,,0.48,,93.7,,,,,5.59,951.82,
2024-12-25 04:00:00,35.21,69.13,5.37,17.39,23.11,10.37,6.02,0.58,39.17,0.98,2.15,,,,0.49,,93.7,,,,,5.59,951.9,
2024-12-25 05:00:00,31.36,61.58,6.64,16.55,23.28,11.64,6.24,0.58,39.27,0.99,2.18,,,,0.5,,93.72,,,,,5.59,952.08,
2024-12-25 06:00:00,31.55,61.97,5.99,16.17,22.6,10.99,7.3,0.59,39.32,0.99,2.15,,,,0.48,,93.8,,,,,5.59,952.24,
2024-12-25 07:00:00,31.68,62.22,6.73,17.04,24.14,11.73,7.96,0.57,39.18,0.98,2.11,,,,0.48,,93.8,,,,,5.59,952.43,
2024-12-25 08:00:00,32.37,63.57,5.97,17.11,23.41,10.97,6.9,0.57,39.38,1.0,2.14,,,,0.48,,93.62,,,,,43.6,952.63,
2024-12-25 09:00:00,35.4,69.5,6.7,17.36,24.35,11.7,7.3,0.6,39.37,1.0,2.15,,,,0.5,,92.15,,,,,101.74,952.77,
2024-12-25 10:00:00,36.69,72.04,5.95,16.33,22.3,10.95,7.55,0.6,39.25,0.99,2.14,,,,0.49,,80.82,,,,,215.72,952.79,
2024-12-25 11:00:00,31.99,62.83,6.07,16.58,23.03,11.08,6.72,0.56,39.22,0.98,2.13,,,,0.48,,62.0,,,,,470.62,952.62,
2024-12-25 12:00:00,32.33,63.48,6.58,16.49,23.41,11.58,7.42,0.6,39.39,1.0,2.15,,,,0.49,,56.78,,,,,344.3,952.39,
2024-12-25 13:00:00,33.36,65.51,5.52,16.67,22.09,10.52,7.73,0.6,39.19,0.98,2.18,,,,0.49,,56.68,,,,,299.55,952.14,
2024-12-25 14:00:00,31.71,62.27,5.21,16.61,21.16,10.21,7.68,0.58,38.95,0.97,2.15,,,,0.48,,54.85,,,,,58.78,951.95,
2024-12-25 15:00:00,30.72,60.33,6.9,17.19,24.2,11.9,6.94,0.59,39.28,0.99,2.14,,,,0.48,,58.55,,,,,26.42,951.92,
2024-12-25 16:00:00,29.75,58.42,5.9,15.93,21.69,10.9,7.12,0.58,39.06,0.98,2.13,,,,0.49,,61.88,,,,,5.59,952.0,
2024-12-25 17:00:00,31.67,62.19,7.38,17.15,24.87,12.38,7.76,0.6,39.27,0.99,2.13,,,,0.48,,64.55,,,,,5.59,952.12,
2024-12-25 18:00:00,31.97,62.78,5.43,16.96,22.54,10.43,7.16,0.59,39.25,0.98,2.18,,,,0.49,,68.78,,,,,5.59,952.26,
2024-12-25 19:00:00,32.78,64.38,7.88,16.07,24.48,12.88,7.09,0.59,38.92,0.97,2.17,,,,0.49,,77.7,,,,,5.59,952.48,
2024-12-25 20:00:00,39.62,77.79,6.53,17.74,24.5,11.53,7.72,0.57,39.26,0.98,2.16,,,,0.48,,92.22,,,,,5.59,952.68,
2024-12-25 21:00:00,37.51,73.65,7.48,17.22,24.87,12.48,8.21,0.59,39.12,0.98,2.16,,,,0.47,,93.08,,,,,5.59,952.78,
2024-12-25 22:00:00,32.53,63.88,6.19,16.85,23.24,11.19,6.76,0.58,39.22,0.98,2.13,,,,0.48,,93.22,,,,,5.59,952.8,
2024-12-25 23:00:00,31.29,61.45,7.63,16.33,24.37,12.63,7.38,0.59,39.08,0.98,2.11,,,,0.48,,93.3,,,,,5.59,952.65,
2024-12-26 00:00:00,29.77,58.48,7.04,18.19,25.7,12.04,7.84,0.57,39.12,0.98,2.17,,,,0.48,,93.52,,,,,5.59,952.55,
2024-12-26 01:00:00,29.02,56.99,6.55,16.56,23.59,11.55,7.39,0.59,39.24,0.99,2.17,,,,0.48,,93.6,,,,,5.59,952.5,
2024-12-26 02:00:00,26.33,51.72,6.26,17.38,23.71,11.26,6.6,0.57,39.15,0.98,2.15,,,,0.5,,93.6,,,,,5.59,952.36,
2024-12-26 03:00:00,25.62,50.32,7.14,17.04,24.67,12.14,7.25,0.59,39.34,0.99,2.12,,,,0.49,,93.6,,,,,5.59,952.26,
2024-12-26 04:00:00,24.78,48.68,6.18,17.79,24.4,11.18,6.68,0.59,39.2,0.98,2.16,,,,0.48,,93.6,,,,,5.59,952.3,
2024-12-26 05:00:00,23.15,45.48,6.04,16.07,22.24,11.04,6.6,0.58,39.18,0.98,2.18,,,,0.5,,93.62,,,,,5.59,952.48,
2024-12-26 06:00:00,23.31,45.8,7.5,17.38,25.36,12.5,5.82,0.6,39.24,0.99,2.15,,,,0.49,,93.7,,,,,5.59,952.68,
2024-12-26 07:00:00,25.47,50.04,6.64,16.82,23.89,11.64,7.32,0.6,39.43,1.0,2.12,,,,0.48,,93.6,,,,,5.7,952.91,
2024-12-26 08:00:00,26.75,52.56,6.37,16.9,23.69,11.37,8.17,0.6,39.06,0.98,2.15,,,,0.49,,93.6,,,,,21.23,953.14,
2024-12-26 09:00:00,28.81,56.59,5.68,16.56,22.19,10.67,7.87,0.59,39.17,0.98,2.13,,,,0.5,,93.5,,,,,67.8,953.22,
2024-12-26 10:00:00,30.89,60.67,6.28,16.68,23.13,11.28,6.59,0.58,39.14,0.98,2.13,,,,0.48,,91.88,,,,,103.39,953.18,
2024-12-26 11:00:00,21.01,41.29,6.42,17.93,24.48,11.42,7.43,0.72,37.9,0.8,2.08,,,,0.62,,72.32,,,,,158.66,953.01,
2024-12-26 12:00:00,38.34,75.28,6.57,16.58,23.43,11.57,8.23,0.78,36.9,0.68,1.98,,,,0.68,,73.53,,,,,68.98,952.83,
2024-12-26 13:00:00,46.91,92.08,6.07,17.16,23.75,11.08,7.94,0.76,36.88,0.68,2.02,,,,0.68,,89.8,,,,,112.35,952.62,
2024-12-26 14:00:00,44.23,86.83,5.92,17.3,23.64,10.92,7.52,0.79,37.23,0.7,2.0,,,,0.68,,90.5,,,,,273.12,952.35,
2024-12-26 15:00:00,40.49,79.49,7.18,16.13,23.6,12.18,7.67,0.78,36.87,0.68,1.96,,,,0.68,,87.02,,,,,86.71,952.24,
2024-12-26 16:00:00,36.64,71.94,6.48,16.9,23.78,11.48,8.0,0.77,37.15,0.7,1.96,,,,0.68,,93.35,,,,,14.73,952.28,
2024-12-26 17:00:00,37.43,73.5,6.72,16.82,23.77,11.72,7.16,0.78,36.97,0.68,2.04,,,,0.69,,93.7,,,,,5.68,952.38,
2024-12-26 18:00:00,37.76,74.13,6.78,16.21,23.12,11.78,6.83,0.77,37.07,0.69,1.98,,,,0.68,,93.7,,,,,5.59,952.52,
2024-12-26 19:00:00,39.6,77.74,6.6,18.53,25.28,11.6,7.1,0.77,36.9,0.68,1.98,,,,0.68,,93.7,,,,,5.59,952.74,
2024-12-26 20:00:00,40.23,78.98,6.62,16.76,23.64,11.62,7.24,0.78,36.8,0.68,2.0,,,,0.68,,93.7,,,,,5.59,952.92,
2024-12-26 21:00:00,37.81,74.24,6.98,17.12,24.48,11.98,7.07,0.77,36.94,0.68,2.0,,,,0.68,,93.68,,,,,5.59,953.02,
2024-12-26 22:00:00,35.58,69.86,6.71,18.4,25.48,11.71,8.17,0.78,36.89,0.68,1.99,,,,0.69,,93.6,,,,,5.59,953.01,
2024-12-26 23:00:00,33.22,65.23,5.68,17.62,23.53,10.68,7.7,0.79,36.93,0.68,1.98,,,,0.68,,93.6,,,,,5.59,952.96,
2024-12-27 00:00:00,30.24,59.38,7.25,17.58,25.22,12.25,7.14,0.77,37.0,0.69,1.96,,,,0.68,,93.6,,,,,5.59,952.97,
2024-12-27 01:00:00,30.59,60.08,6.74,15.06,22.12,11.74,6.75,0.77,37.09,0.69,1.99,,,,0.68,,93.6,,,,,5.59,952.85,
2024-12-27 02:00:00,29.93,58.77,6.12,16.47,22.88,11.12,6.46,0.78,36.84,0.68,1.98,,,,0.68,,93.6,,,,,5.59,952.64,
2024-12-27 03:00:00,29.86,58.64,5.76,16.55,22.88,10.76,7.22,0.77,36.85,0.68,1.99,,,,0.68,,93.6,,,,,5.59,952.55,
2024-12-27 04:00:00,28.64,56.26,6.26,16.49,23.15,11.26,6.46,0.78,37.08,0.69,2.0,,,,0.68,,93.6,,,,,5.59,952.54,
2024-12-27 05:00:00,28.21,55.42,7.29,18.1,25.68,12.29,6.7,0.76,37.04,0.69,1.98,,,,0.67,,93.7,,,,,5.59,952.62,
2024-12-27 06:00:00,26.32,51.71,7.04,16.17,23.28,12.04,6.17,0.77,36.94,0.68,1.96,,,,0.68,,93.7,,,,,5.59,952.85,
2024-12-27 07:00:00,26.4,51.86,6.36,17.25,23.99,11.36,7.34,0.78,36.8,0.68,2.0,,,,0.68,,93.6,,,,,13.62,953.1,
2024-12-27 08:00:00,31.68,62.22,5.5,17.32,23.3,10.5,7.25,0.78,36.84,0.68,1.98,,,,0.69,,93.52,,,,,86.5,953.32,
2024-12-27 09:00:00,37.08,72.81,5.21,16.24,21.81,10.21,6.16,0.78,36.72,0.67,1.98,,,,0.68,,91.75,,,,,134.69,953.46,
2024-12-27 10:00:00,37.54,73.69,5.86,16.69,22.92,10.86,7.58,0.78,37.14,0.7,1.98,,,,0.69,,76.8,,,,,363.36,953.4,
2024-12-27 11:00:00,35.03,68.77,6.08,17.16,23.22,11.08,8.46,0.76,36.99,0.68,2.0,,,,0.68,,79.18,,,,,79.8,953.28,
2024-12-27 12:00:00,34.97,68.66,6.36,16.66,23.1,11.36,8.19,0.78,37.34,0.71,1.99,,,,0.68,,87.82,,,,,91.5,953.05,
2024-12-27 13:00:00,32.74,64.3,6.9,18.1,25.22,11.9,7.37,0.78,37.02,0.69,1.99,,,,0.68,,93.57,,,,,93.98,952.85,
2024-12-27 14:00:00,29.84,58.62,6.52,16.7,23.52,11.52,6.27,0.78,36.86,0.68,2.01,,,,0.68,,93.45,,,,,59.64,952.69,
2024-12-27 15:00:00,28.37,55.72,6.61,15.51,22.5,11.61,7.02,0.78,37.18,0.7,1.96,,,,0.69,,91.68,,,,,138.26,952.62,
2024-12-27 16:00:00,29.68,58.28,6.38,17.79,24.38,11.38,6.48,0.76,36.74,0.67,1.94,,,,0.69,,92.8,,,,,25.45,952.63,
2024-12-27 17:00:00,30.95,60.79,5.54,16.65,22.2,10.54,6.98,0.78,36.47,0.66,2.01,,,,0.67,,93.28,,,,,5.59,952.8,
2024-12-27 18:00:00,32.69,64.2,6.07,16.98,23.5,11.07,7.13,0.77,36.84,0.68,2.01,,,,0.68,,93.5,,,,,5.59,952.92,
2024-12-27 19:00:00,32.06,62.96,6.48,16.83,23.84,11.48,6.36,0.78,36.92,0.68,2.0,,,,0.69,,93.52,,,,,5.59,953.08,
2024-12-27 20:00:00,34.08,66.92,7.68,16.61,24.77,12.68,6.74,0.78,37.0,0.68,2.0,,,,0.69,,93.5,,,,,5.59,953.23,
2024-12-27 21:00:00,34.02,66.8,6.75,16.91,23.89,11.74,6.13,0.78,36.94,0.68,1.98,,,,0.68,,93.45,,,,,5.59,953.34,
2024-12-27 22:00:00,32.98,64.76,6.63,17.56,24.54,11.62,6.33,0.78,36.9,0.68,1.99,,,,0.68,,93.5,,,,,5.59,953.35,
2024-12-27 23:00:00,30.38,59.66,6.63,17.92,25.02,11.63,6.14,0.76,37.01,0.69,1.99,,,,0.69,,93.55,,,,,5.59,953.28,
2024-12-28 00:00:00,29.52,57.97,5.86,16.0,22.33,10.86,6.1,0.78,36.83,0.68,1.99,,,,0.69,,93.52,,,,,5.59,953.16,
2024-12-28 01:00:00,29.6,58.14,6.08,16.62,23.15,11.08,7.41,0.78,36.65,0.67,2.01,,,,0.68,,93.6,,,,,5.59,952.99,
2024-12-28 02:00:00,31.46,61.79,6.05,17.15,23.72,11.05,7.5,0.77,37.12,0.69,1.97,,,,0.68,,93.6,,,,,5.59,952.87,
2024-12-28 03:00:00,33.52,65.82,5.99,17.31,23.83,10.99,7.22,0.76,36.95,0.68,1.97,,,,0.68,,93.6,,,,,5.59,952.71,
2024-12-28 04:00:00,30.97,60.83,6.62,16.29,23.22,11.62,7.41,0.78,37.09,0.7,2.02,,,,0.69,,93.65,,,,,5.59,952.67,
2024-12-28 05:00:00,27.78,54.57,5.51,16.17,22.05,10.51,6.7,0.77,36.96,0.68,1.95,,,,0.69,,93.62,,,,,5.59,952.72,
2024-12-28 06:00:00,35.5,69.72,6.17,17.32,23.78,11.17,6.4,0.79,36.92,0.68,1.99,,,,0.68,,93.68,,,,,5.59,952.88,
2024-12-28 07:00:00,35.39,69.5,5.94,15.86,22.1,10.93,7.33,0.78,37.18,0.7,1.97,,,,0.69,,93.6,,,,,15.96,953.1,
2024-12-28 08:00:00,35.42,69.53,6.14,16.92,23.54,11.14,7.77,0.78,36.84,0.68,1.99,,,,0.68,,93.55,,,,,31.52,953.32,
2024-12-28 09:00:00,37.4,73.44,6.25,16.82,23.31,11.25,7.49,0.78,37.08,0.69,1.99,,,,0.67,,86.88,,,,,164.34,953.47,
2024-12-28 10:00:00,41.17,80.82,5.99,16.66,22.89,10.99,7.29,0.78,37.01,0.69,1.98,,,,0.68,,62.08,,,,,436.57,953.46,
2024-12-28 11:00:00,42.89,84.18,5.82,16.66,22.75,10.82,7.94,0.78,36.99,0.68,1.98,,,,0.69,,52.6,,,,,597.98,953.26,
2024-12-28 12:00:00,41.5,81.47,5.77,16.97,22.84,10.77,8.54,0.78,36.84,0.68,1.96,,,,0.68,,46.28,,,,,687.65,952.98,
2024-12-28 13:00:00,42.27,82.98,6.11,16.93,23.09,11.11,7.16,0.77,37.01,0.69,2.0,,,,0.68,,44.0,,,,,487.97,952.74,
2024-12-28 14:00:00,39.62,77.79,7.17,17.8,25.26,12.17,7.12,0.78,36.82,0.68,1.98,,,,0.68,,41.35,,,,,339.57,952.5,
2024-12-28 15:00:00,44.75,87.84,5.83,15.34,21.0,10.83,7.03,0.78,36.91,0.68,1.97,,,,0.69,,40.7,,,,,187.88,952.41,
2024-12-28 16:00:00,45.67,89.65,6.98,17.99,25.29,11.98,6.95,0.76,36.99,0.69,1.99,,,,0.69,,40.48,,,,,140.57,952.39,
2024-12-28 17:00:00,45.18,88.68,7.51,16.18,24.12,12.51,7.68,0.78,36.92,0.68,1.99,,,,0.69,,46.02,,,,,9.17,952.48,
2024-12-28 18:00:00,45.54,89.39,6.88,15.94,23.02,11.88,6.75,0.78,37.03,0.69,2.0,,,,0.69,,54.42,,,,,5.59,952.66,
2024-12-28 19:00:00,50.08,98.3,7.0,19.48,26.74,12.0,7.38,0.78,36.87,0.68,2.01,,,,0.69,,59.9,,,,,5.59,952.82,
2024-12-28 20:00:00,53.29,104.58,7.74,17.86,25.92,12.74,7.12,0.78,37.11,0.69,2.0,,,,0.69,,67.92,,,,,5.59,953.03,
2024-12-28 21:00:00,52.44,102.94,6.68,17.84,24.68,11.68,7.19,0.76,36.66,0.67,1.94,,,,0.69,,75.22,,,,,5.59,953.14,
2024-12-28 22:00:00,50.65,99.41,7.33,16.56,24.34,12.33,7.81,0.78,36.91,0.68,1.93,,,,0.68,,90.95,,,,,5.59,953.13,
2024-12-28 23:00:00,48.62,95.42,6.2,16.64,23.16,11.2,6.79,0.77,36.75,0.67,1.99,,,,0.68,,93.6,,,,,5.59,953.04,
2024-12-29 00:00:00,47.22,92.69,7.12,16.68,24.13,12.12,6.48,0.79,37.12,0.69,1.97,,,,0.68,,93.57,,,,,5.59,952.97,
2024-12-29 01:00:00,42.26,82.96,7.19,18.5,26.14,12.19,7.2,0.78,37.01,0.69,2.0,,,,0.68,,93.57,,,,,5.59,952.89,
2024-12-29 02:00:00,38.5,75.59,5.62,16.22,22.32,10.62,7.03,0.77,37.02,0.69,1.98,,,,0.69,,93.6,,,,,5.59,952.78,
2024-12-29 03:00:00,34.67,68.09,6.64,16.66,23.73,11.64,6.76,0.78,36.9,0.68,1.99,,,,0.68,,93.6,,,,,5.59,952.68,
2024-12-29 04:00:00,31.78,62.4,6.23,17.0,23.7,11.23,5.9,0.78,36.66,0.67,1.93,,,,0.69,,93.62,,,,,5.59,952.71,
2024-12-29 05:00:00,33.13,65.05,7.38,19.62,27.36,12.38,7.12,0.76,37.2,0.7,1.97,,,,0.69,,93.7,,,,,5.59,952.82,
2024-12-29 06:00:00,32.56,63.93,6.91,16.8,23.88,11.91,7.21,0.79,37.06,0.69,1.94,,,,0.68,,93.7,,,,,5.59,952.99,
2024-12-29 07:00:00,33.16,65.12,7.32,17.1,24.88,12.32,5.63,0.76,36.9,0.68,1.96,,,,0.68,,93.62,,,,,6.03,953.16,
2024-12-29 08:00:00,36.89,72.42,6.1,16.59,23.16,11.1,5.2,0.78,37.04,0.69,2.02,,,,0.68,,85.88,,,,,239.24,953.33,
2024-12-29 09:00:00,36.06,70.79,6.46,17.85,24.73,11.46,6.68,0.78,36.9,0.68,1.97,,,,0.69,,64.97,,,,,389.93,953.42,
2024-12-29 10:00:00,36.08,70.83,6.81,15.72,22.88,11.8,6.85,0.78,36.94,0.68,1.98,,,,0.69,,53.92,,,,,508.02,953.36,
2024-12-29 11:00:00,37.9,74.41,5.7,14.84,20.78,10.7,6.66,0.78,36.9,0.68,2.0,,,,0.68,,47.08,,,,,568.21,953.14,
2024-12-29 12:00:00,36.44,71.54,6.07,17.18,23.44,11.07,7.16,0.78,37.11,0.69,2.01,,,,0.68,,35.5,,,,,584.33,952.89,
2024-12-29 13:00:00,37.86,74.34,6.8,16.56,23.64,11.8,6.86,0.78,37.1,0.69,2.01,,,,0.68,,31.72,,,,,515.97,952.59,
2024-12-29 14:00:00,36.94,72.51,6.59,15.77,22.44,11.59,7.45,0.77,37.03,0.69,1.98,,,,0.69,,28.58,,,,,419.8,952.38,
2024-12-29 15:00:00,34.89,68.5,7.14,17.72,24.69,12.14,7.22,0.77,36.92,0.68,1.98,,,,0.7,,29.52,,,,,263.48,952.25,
2024-12-29 16:00:00,33.66,66.09,8.38,16.96,24.77,13.37,6.65,0.77,37.14,0.7,1.97,,,,0.67,,31.42,,,,,132.26,952.28,
2024-12-29 17:00:00,30.24,59.4,6.94,16.16,23.16,11.94,7.47,0.78,36.94,0.68,1.97,,,,0.69,,39.88,,,,,11.47,952.44,
2024-12-29 18:00:00,31.89,62.62,6.4,15.92,22.04,11.4,6.54,0.78,37.24,0.7,2.0,,,,0.68,,50.72,,,,,5.59,952.64,
2024-12-29 19:00:00,33.28,65.35,7.22,18.2,25.69,12.22,7.26,0.76,37.08,0.69,1.97,,,,0.68,,58.12,,,,,5.59,952.88,
2024-12-29 20:00:00,33.93,66.62,5.98,17.66,23.55,10.98,6.84,0.75,36.93,0.68,1.96,,,,0.69,,64.07,,,,,5.59,953.09,
2024-12-29 21:00:00,31.5,61.86,7.05,16.32,23.41,12.05,7.35,0.77,36.92,0.68,1.96,,,,0.68,,71.58,,,,,5.59,953.14,
2024-12-29 22:00:00,31.51,61.89,6.29,17.74,24.18,11.29,5.6,0.79,37.39,0.71,2.02,,,,0.67,,81.68,,,,,5.59,953.07,
2024-12-29 23:00:00,34.34,67.44,5.97,17.5,23.55,10.97,6.27,0.76,36.68,0.67,2.02,,,,0.68,,93.02,,,,,5.59,952.92,
2024-12-30 00:00:00,35.85,70.39,6.52,17.69,24.43,11.52,6.52,0.79,36.91,0.68,1.99,,,,0.69,,93.5,,,,,5.59,952.84,
2024-12-30 01:00:00,34.12,67.0,7.11,16.64,24.23,12.11,6.99,0.78,36.98,0.68,1.96,,,,0.68,,93.57,,,,,5.59,952.76,
2024-12-30 02:00:00,31.75,62.35,7.06,16.94,24.07,12.06,7.22,0.78,37.33,0.71,1.95,,,,0.68,,93.6,,,,,5.59,952.66,
2024-12-30 03:00:00,29.9,58.72,6.62,16.68,23.58,11.62,6.92,0.76,36.83,0.68,1.96,,,,0.68,,93.68,,,,,5.59,952.62,
2024-12-30 04:00:00,30.46,59.82,7.12,17.12,24.67,12.12,7.22,0.78,37.04,0.69,1.98,,,,0.7,,93.7,,,,,5.59,952.63,
2024-12-30 05:00:00,31.84,62.53,5.67,16.66,22.46,10.67,7.01,0.78,36.8,0.68,1.96,,,,0.7,,93.7,,,,,5.59,952.75,
2024-12-30 06:00:00,32.05,62.94,6.82,17.0,24.4,11.82,6.7,0.76,37.02,0.69,2.0,,,,0.69,,93.65,,,,,5.59,952.87,
2024-12-30 07:00:00,39.19,76.94,5.74,16.89,22.84,10.74,6.42,0.77,36.89,0.68,1.99,,,,0.68,,93.4,,,,,9.26,953.04,
2024-12-30 08:00:00,44.49,87.34,6.46,16.91,23.85,11.46,7.19,0.76,36.79,0.67,1.97,,,,0.7,,84.2,,,,,80.9,953.24,
2024-12-30 09:00:00,44.48,87.33,5.54,16.82,22.79,10.54,6.98,0.77,37.23,0.7,1.98,,,,0.69,,66.23,,,,,192.36,953.36,
2024-12-30 10:00:00,48.24,94.69,5.77,16.12,22.13,10.77,7.62,0.78,36.71,0.67,1.97,,,,0.68,,57.7,,,,,423.52,953.28,
2024-12-30 11:00:00,51.42,100.93,5.32,16.87,22.09,10.32,7.59,0.78,37.04,0.69,1.94,,,,0.68,,54.65,,,,,205.38,953.07,
2024-12-30 12:00:00,47.15,92.55,6.47,17.42,24.22,11.47,6.32,0.75,37.3,0.7,2.02,,,,0.71,,52.58,,,,,161.79,952.82,
2024-12-30 13:00:00,18.4,36.17,6.34,17.72,24.28,11.34,6.92,0.57,40.87,0.88,2.28,,,,0.87,,52.2,,,,,95.6,952.6,
2024-12-30 14:00:00,32.96,64.73,5.52,17.13,22.32,10.52,7.1,0.58,41.02,0.89,2.31,,,,0.86,,53.5,,,,,99.91,952.47,
2024-12-30 15:00:00,36.94,72.53,6.53,16.0,22.79,11.53,6.91,0.55,41.02,0.89,2.28,,,,0.88,,48.92,,,,,130.03,952.38,
2024-12-30 16:00:00,37.63,73.88,6.13,15.4,21.74,11.13,7.54,0.55,40.96,0.88,2.27,,,,0.86,,52.2,,,,,64.53,952.4,
2024-12-30 17:00:00,37.23,73.09,7.34,17.45,24.91,12.34,8.05,0.57,40.97,0.89,2.29,,,,0.86,,56.98,,,,,13.38,952.49,
2024-12-30 18:00:00,48.85,95.88,5.8,15.87,22.0,10.8,6.3,0.56,40.88,0.88,2.28,,,,0.88,,67.08,,,,,5.59,952.68,
2024-12-30 19:00:00,41.78,82.03,5.86,17.11,23.18,10.86,5.61,0.57,41.01,0.89,2.31,,,,0.87,,74.9,,,,,5.59,952.87,
2024-12-30 20:00:00,46.79,91.84,7.12,16.55,24.04,12.12,6.25,0.58,41.02,0.89,2.3,,,,0.87,,80.2,,,,,5.59,953.07,
2024-12-30 21:00:00,47.55,93.34,8.09,17.91,26.5,13.08,6.46,0.56,40.7,0.87,2.29,,,,0.86,,82.42,,,,,5.59,953.23,
2024-12-30 22:00:00,45.61,89.53,7.08,17.51,24.96,12.08,6.65,0.57,41.06,0.89,2.28,,,,0.86,,78.0,,,,,5.59,953.26,
2024-12-30 23:00:00,44.54,87.42,6.2,17.59,24.24,11.19,5.84,0.57,40.92,0.88,2.28,,,,0.88,,67.47,,,,,5.59,953.19,
2024-12-31 00:00:00,38.39,75.38,6.94,17.79,25.17,11.95,6.66,0.57,41.04,0.89,2.33,,,,0.87,,63.8,,,,,5.59,953.08,
2024-12-31 01:00:00,37.83,74.29,5.82,17.77,23.68,10.82,6.43,0.58,40.84,0.88,2.24,,,,0.86,,64.68,,,,,5.59,952.94,
2024-12-31 02:00:00,36.44,71.56,7.45,17.11,25.0,12.45,5.56,0.57,40.87,0.88,2.28,,,,0.88,,65.97,,,,,5.59,952.79,
2024-12-31 03:00:00,33.08,64.96,7.2,17.38,25.04,12.2,6.36,0.57,41.0,0.88,2.33,,,,0.87,,66.7,,,,,5.59,952.74,
2024-12-31 04:00:00,31.83,62.51,5.6,16.92,22.76,10.6,6.83,0.56,41.08,0.89,2.28,,,,0.87,,65.78,,,,,5.59,952.75,
2024-12-31 05:00:00,32.33,63.49,6.56,17.88,24.92,11.57,6.28,0.57,40.8,0.88,2.3,,,,0.85,,67.85,,,,,5.59,952.8,
2024-12-31 06:00:00,30.92,60.72,6.58,17.69,24.74,11.58,6.3,0.56,40.92,0.88,2.29,,,,0.86,,68.38,,,,,5.59,952.92,
2024-12-31 07:00:00,31.77,62.4,5.77,15.74,21.88,10.77,7.0,0.58,40.95,0.88,2.31,,,,0.87,,69.5,,,,,5.59,953.14,
2024-12-31 08:00:00,37.39,73.42,5.76,15.69,21.73,10.76,6.38,0.56,41.1,0.89,2.29,,,,0.86,,54.15,,,,,259.7,953.34,
2024-12-31 09:00:00,39.01,76.58,6.28,16.29,22.81,11.28,6.39,0.57,40.85,0.88,2.32,,,,0.88,,41.9,,,,,408.65,953.44,
2024-12-31 10:00:00,41.1,80.67,5.19,17.2,22.62,10.19,6.98,0.57,41.1,0.89,2.3,,,,0.87,,33.3,,,,,522.21,953.41,
2024-12-31 11:00:00,9.41,33.37,7.65,17.04,25.08,12.65,5.51,0.84,37.85,0.67,1.94,,,,0.67,,27.38,,,,,576.04,953.21,
2024-12-31 12:00:00,26.33,51.72,5.97,16.22,22.48,10.97,9.33,0.88,36.62,0.65,1.91,,,,0.65,,25.1,,,,,578.0,952.92,
2024-12-31 13:00:00,18.57,36.51,6.34,18.37,24.69,11.34,7.05,0.88,32.85,,,,,,,,25.45,,,,,527.6,952.62,
2024-12-31 14:00:00,36.27,71.22,7.04,18.47,25.9,12.04,8.75,0.85,34.38,,,,,,,,24.05,,,,,424.56,952.38,
2024-12-31 15:00:00,37.26,73.17,5.97,16.0,22.13,10.97,8.75,0.86,35.3,0.67,1.99,,,,0.63,,24.82,,,,,293.66,952.25,
2024-12-31 16:00:00,37.44,73.51,6.78,19.44,25.54,11.78,6.88,0.88,32.47,0.66,1.87,,,,0.65,,27.95,,,,,142.09,952.26,
2024-12-31 17:00:00,38.53,75.64,7.62,18.32,25.91,12.62,8.62,0.87,32.49,0.64,1.89,,,,0.66,,35.45,,,,,13.89,952.35,
2024-12-31 18:00:00,38.12,74.84,6.99,15.68,22.5,11.99,8.4,0.88,32.99,0.65,1.86,,,,0.64,,46.22,,,,,5.59,952.5,
2024-12-31 19:00:00,47.51,93.25,8.17,16.86,24.9,13.17,6.3,0.88,33.42,0.65,1.9,,,,0.66,,53.72,,,,,5.59,952.69,
2024-12-31 20:00:00,51.44,100.96,6.49,18.45,25.18,11.49,7.24,0.86,32.75,0.64,1.87,,,,0.65,,61.85,,,,,5.59,952.9,
2024-12-31 21:00:00,48.74,95.65,6.7,17.37,23.98,11.7,8.88,0.87,32.44,0.64,1.9,,,,0.65,,75.3,,,,,5.59,953.08,
2024-12-31 22:00:00,50.46,99.04,6.7,17.0,23.83,11.7,7.74,0.86,32.32,0.64,1.88,,,,0.64,,80.55,,,,,5.59,953.1,
2024-12-31 23:00:00,46.94,92.14,5.51,15.59,20.76,10.51,8.02,0.87,32.44,0.65,1.86,,,,0.65,,88.52,,,,,5.59,953.01,
