Timestamp,PM2.5 (µg/m³),PM10 (µg/m³),NO (µg/m³),NO2 (µg/m³),NOx (ppb),NH3 (µg/m³),SO2 (µg/m³),CO (mg/m³),Ozone (µg/m³),Benzene (µg/m³),Toluene (µg/m³),Xylene (µg/m³),O Xylene (µg/m³),Eth-Benzene (µg/m³),MP-Xylene (µg/m³),AT (°C),RH (%),WS (m/s),WD (deg),RF (mm),TOT-RF (mm),SR (W/mt2),BP (mmHg),VWS (m/s)
2024-01-01 00:00:00,47.5,90.0,1.25,14.8,8.9,14.8,6.1,0.16,11.35,0.1,0.38,,,,,18.35,77.0,0.85,85.5,,0.0,,,
2024-01-01 01:00:00,53.75,108.75,1.3,15.45,9.28,14.62,6.2,0.41,15.14,0.2,0.97,,,,,18.08,78.75,0.82,81.25,,0.0,,,
2024-01-01 02:00:00,54.5,104.25,1.32,14.88,8.98,14.38,5.95,0.34,10.53,0.2,0.78,,,,,17.58,81.5,0.88,79.75,,0.0,,,
2024-01-01 03:00:00,40.75,81.5,1.32,14.48,8.78,14.28,6.02,0.3,11.21,0.18,0.68,,,,,17.12,84.25,1.18,75.75,,0.0,,,
2024-01-01 04:00:00,40.5,74.5,1.27,14.08,8.55,14.18,5.78,0.23,7.55,0.1,0.52,,,,,16.92,85.0,1.0,83.75,,0.0,,,
2024-01-01 05:00:00,44.0,75.75,1.35,13.92,8.5,14.05,6.15,0.29,6.16,0.2,0.7,,,,,16.98,85.0,1.05,87.0,,0.0,,,
2024-01-01 06:00:00,50.5,78.0,1.25,14.25,8.6,13.78,5.98,0.28,9.09,0.18,0.62,,,,,16.77,85.0,0.85,84.5,,0.0,,,
2024-01-01 07:00:00,51.75,93.5,1.38,14.68,8.88,13.82,5.68,0.33,9.95,0.2,0.75,,,,,16.42,84.75,0.92,91.0,,0.0,,,
2024-01-01 08:00:00,52.75,117.25,1.23,15.15,9.07,13.78,6.38,0.34,9.96,0.2,0.78,,,,,16.85,81.25,1.2,82.75,,0.0,,,
2024-01-01 09:00:00,55.5,129.75,1.38,15.38,9.3,14.15,6.18,0.3,11.46,0.2,0.7,,,,,18.52,71.75,1.2,93.0,,0.0,,,
2024-01-01 10:00:00,50.25,144.25,1.48,15.2,9.3,15.3,6.42,0.32,12.76,0.2,0.75,,,,,21.08,61.25,1.23,112.0,,0.0,,,
2024-01-01 11:00:00,53.75,174.75,1.23,16.0,9.5,16.32,5.9,0.34,,0.2,0.8,,,,,23.5,54.25,1.35,106.5,,0.0,,,
2024-01-01 12:00:00,43.5,123.25,1.75,16.98,10.45,17.27,5.72,0.44,24.89,0.2,1.0,,,,,25.02,48.75,1.27,145.0,,0.0,,,
2024-01-01 13:00:00,41.0,104.0,1.48,18.0,10.8,18.23,5.55,0.58,25.72,0.2,0.73,,,,,26.28,44.0,1.25,131.5,,0.0,,,
2024-01-01 14:00:00,36.75,95.5,1.18,19.12,11.15,18.85,5.6,0.36,,0.22,0.85,,,,,27.35,40.0,1.23,124.5,,0.0,,,
2024-01-01 15:00:00,31.75,85.25,1.23,19.02,11.12,19.77,5.45,0.34,,0.2,0.78,,,,,28.12,39.25,1.23,100.25,,0.0,,,
2024-01-01 16:00:00,28.75,74.0,1.2,16.8,9.88,20.25,4.42,0.32,,0.2,0.72,,,,,27.8,41.5,1.25,96.5,,0.0,,,
2024-01-01 17:00:00,32.0,71.75,1.2,15.95,9.45,20.1,4.12,0.27,,0.13,0.63,,,,,26.15,48.25,1.2,105.25,,0.0,,,
2024-01-01 18:00:00,36.0,99.0,0.98,16.12,9.38,19.38,4.85,0.34,,0.2,0.8,,,,,24.48,52.25,0.95,91.25,,0.0,,,
2024-01-01 19:00:00,43.5,123.25,1.1,16.73,9.8,18.65,5.8,0.47,,0.28,1.08,,,,,23.25,55.5,1.0,93.75,,0.0,,,
2024-01-01 20:00:00,54.75,127.5,1.08,16.35,9.6,18.0,5.72,0.41,,0.25,0.92,,,,,22.3,59.75,1.38,89.25,,0.0,,,
2024-01-01 21:00:00,45.0,102.75,1.27,14.78,8.88,17.3,4.62,0.26,,0.1,0.6,,,,,21.45,65.75,1.23,90.0,,0.0,,,
2024-01-01 22:00:00,35.75,77.5,1.27,14.0,8.5,16.6,4.85,0.24,,0.12,0.52,,,,,20.52,70.0,1.12,86.25,,0.0,,,
2024-01-01 23:00:00,35.25,75.0,1.02,13.88,8.2,16.12,5.42,0.19,,0.1,0.45,,,,,19.88,72.75,1.2,87.25,,0.0,,,
2024-01-02 00:00:00,36.75,73.75,1.42,13.8,8.5,15.85,5.6,0.16,,0.1,0.38,,,,,19.32,76.5,1.25,81.25,,0.0,,,
2024-01-02 01:00:00,42.0,80.25,1.38,13.52,8.32,15.62,6.4,0.23,,0.13,0.53,,,,,18.7,80.0,1.32,78.0,,0.0,,,
2024-01-02 02:00:00,50.25,83.25,1.32,13.48,8.25,15.42,7.0,0.24,,0.12,0.55,,,,,18.4,81.0,1.12,84.75,,0.0,,,
2024-01-02 03:00:00,50.75,83.5,1.35,13.32,8.15,15.22,6.8,0.21,,0.1,0.5,,,,,18.38,82.0,1.12,79.75,,0.0,,,
2024-01-02 04:00:00,58.25,88.25,1.27,13.62,8.3,15.12,7.12,0.21,,0.1,0.5,,,,,18.25,82.0,1.18,85.0,,0.0,,,
2024-01-02 05:00:00,56.75,81.75,1.38,13.82,8.48,15.02,7.0,0.22,,0.1,0.5,,,,,18.08,82.0,1.2,80.0,,0.0,,,
2024-01-02 06:00:00,58.5,88.25,1.25,14.02,8.48,14.9,7.57,0.24,,0.1,0.55,,,,,18.02,82.0,1.12,84.75,,0.0,,,
2024-01-02 07:00:00,58.25,95.0,1.3,14.62,8.82,14.82,7.78,0.29,,0.18,0.68,,,,,18.12,81.75,1.12,81.25,,0.0,,,
2024-01-02 08:00:00,60.75,106.0,1.3,15.45,9.28,14.8,7.22,0.32,,0.2,0.72,,,,,18.35,80.0,1.12,95.5,,0.0,,,
2024-01-02 09:00:00,58.25,115.0,1.2,15.48,9.2,15.02,7.68,0.35,,0.2,0.8,,,,,19.23,74.5,1.18,86.75,,0.0,,,
2024-01-02 10:00:00,60.75,124.0,1.38,16.12,9.7,15.45,7.3,0.38,,0.2,0.88,,,,,20.65,70.5,1.23,91.5,,0.0,,,
2024-01-02 11:00:00,55.25,120.0,1.3,15.92,9.55,16.18,7.82,0.4,,0.22,0.92,,,,,21.7,62.75,1.2,115.0,,0.0,,,
2024-01-02 12:00:00,48.0,110.25,1.4,18.45,10.9,16.85,7.02,0.46,,0.28,1.08,,,,,23.78,53.0,1.48,112.5,,0.0,,,
2024-01-02 13:00:00,42.0,112.75,1.38,17.95,10.68,17.95,6.68,0.41,,0.2,0.93,,,,,25.0,47.5,1.5,111.5,,0.0,,,
2024-01-02 14:00:00,42.0,104.25,1.3,17.0,10.1,18.82,7.05,0.4,,0.2,0.9,,,,,26.5,43.75,1.32,114.5,,0.0,,,
2024-01-02 15:00:00,40.25,108.25,1.25,17.58,10.35,19.5,6.25,0.42,,0.22,0.95,,,,,27.35,42.5,1.32,102.0,,0.0,,,
2024-01-02 16:00:00,32.25,79.75,1.15,16.0,9.43,19.92,6.0,0.38,,0.2,0.88,,,,,27.02,44.75,1.35,89.5,,0.0,,,
2024-01-02 17:00:00,25.75,78.5,1.32,16.8,10.05,19.65,5.8,0.18,,0.1,0.43,,,,,26.05,47.5,1.1,85.25,,0.0,,,
2024-01-02 18:00:00,33.0,101.25,1.23,16.1,9.55,19.15,6.72,0.26,,0.15,0.62,,,,,24.3,54.75,1.3,86.75,,0.0,,,
2024-01-02 19:00:00,39.5,118.0,1.25,14.75,8.82,18.4,7.58,0.28,,0.18,0.65,,,,,22.9,59.5,1.52,93.0,,0.0,,,
2024-01-02 20:00:00,41.0,109.5,1.27,14.88,8.93,17.27,7.35,0.33,,0.2,0.77,,,,,22.05,64.5,1.52,85.5,,0.0,,,
2024-01-02 21:00:00,41.75,98.75,1.38,14.85,9.05,16.27,5.95,0.29,,0.2,0.67,,,,,21.1,67.75,1.52,85.25,,0.0,,,
2024-01-02 22:00:00,43.5,85.5,1.42,13.75,8.45,15.78,6.18,0.25,,0.12,0.57,,,,,20.32,71.5,1.2,95.25,,0.0,,,
2024-01-02 23:00:00,42.5,76.0,1.25,13.48,8.15,15.35,6.22,0.2,2.04,0.1,0.48,,,,,19.6,75.5,1.4,88.5,,0.0,,,
2024-01-03 00:00:00,43.0,77.5,1.27,13.22,8.07,15.02,7.33,0.15,37.02,0.1,0.35,,,,,18.92,79.75,1.35,85.0,,0.0,,,
2024-01-03 01:00:00,42.5,73.25,1.38,12.72,7.88,14.88,7.88,0.13,45.04,0.1,0.3,,,,,18.68,81.0,1.23,88.5,,0.0,,,
2024-01-03 02:00:00,51.25,75.75,1.32,12.92,7.95,14.75,8.0,0.13,43.8,0.1,0.3,,,,,18.55,81.75,1.32,78.0,,0.0,,,
2024-01-03 03:00:00,54.25,81.75,1.3,13.05,7.98,14.6,8.05,0.12,46.42,0.1,0.3,,,,,18.35,82.0,1.18,80.25,,0.0,,,
2024-01-03 04:00:00,51.75,86.75,1.2,13.05,7.9,14.5,8.22,0.1,43.46,0.05,0.22,,,,,18.18,82.0,1.15,80.75,,0.0,,,
2024-01-03 05:00:00,53.0,96.0,1.35,13.58,8.32,14.38,8.15,0.17,44.28,0.1,0.37,,,,,18.03,82.0,1.08,79.25,,0.0,,,
2024-01-03 06:00:00,56.75,95.75,1.48,13.98,8.6,14.38,8.65,0.18,43.16,0.1,0.43,,,,,17.77,81.75,1.32,86.25,,0.0,,,
2024-01-03 07:00:00,50.5,90.0,1.27,14.82,8.95,14.0,9.2,0.2,40.86,0.1,0.48,,,,,17.75,80.0,1.3,86.25,,0.0,,,
2024-01-03 08:00:00,52.25,106.5,1.3,15.52,9.32,13.8,9.48,0.22,39.67,0.1,0.52,,,,,18.08,77.25,1.32,97.75,,0.0,,,
2024-01-03 09:00:00,51.75,119.0,1.32,15.4,9.28,14.22,8.72,0.3,41.36,0.2,0.67,,,,,18.92,73.25,1.27,88.5,,0.0,,,
2024-01-03 10:00:00,47.25,111.5,1.27,15.35,9.22,14.6,8.35,0.31,44.3,0.2,0.7,,,,,20.35,67.0,1.18,102.75,,0.0,,,
2024-01-03 11:00:00,41.25,98.75,1.3,14.7,8.88,14.88,9.02,0.28,51.5,0.18,0.62,,,,,22.0,61.75,1.15,120.5,,0.0,,,
2024-01-03 12:00:00,41.0,98.5,1.4,8.95,5.9,14.95,9.0,0.26,55.92,0.12,0.6,,,,,23.3,56.0,1.18,115.75,,0.0,,,
2024-01-03 13:00:00,39.75,95.0,1.6,13.58,8.52,13.6,9.22,0.26,47.32,0.13,0.63,,,,,24.62,50.5,1.23,104.25,,0.0,,,
2024-01-03 14:00:00,44.75,106.25,1.55,15.75,9.62,13.22,8.82,0.24,49.21,0.12,0.55,,,,,25.08,47.5,1.12,112.25,,0.0,,,
2024-01-03 15:00:00,43.5,103.0,1.15,18.08,10.52,13.3,8.65,0.28,46.03,0.15,0.65,,,,,25.2,46.0,1.08,88.5,,0.0,,,
2024-01-03 16:00:00,42.0,100.25,1.15,18.12,10.6,13.32,8.8,0.28,46.88,0.15,0.65,,,,,25.0,46.0,1.08,94.25,,0.0,,,
2024-01-03 17:00:00,41.5,99.75,1.45,15.6,9.5,13.48,8.65,0.28,47.18,0.2,0.67,,,,,24.98,50.25,1.15,94.75,,0.0,,,
2024-01-03 18:00:00,41.75,100.0,1.3,16.62,9.95,13.3,9.35,0.44,38.72,0.25,1.0,,,,,23.75,54.0,1.0,93.0,,0.0,,,
2024-01-03 19:00:00,47.25,112.75,1.05,16.32,9.52,12.92,11.4,0.46,42.05,0.25,1.05,,,,,22.8,57.0,1.32,93.0,,0.0,,,
2024-01-03 20:00:00,46.5,111.0,1.2,14.95,8.93,12.52,10.68,0.38,43.97,0.2,0.88,,,,,22.02,61.0,1.27,99.25,,0.0,,,
2024-01-03 21:00:00,40.5,95.5,1.32,13.88,8.45,12.38,10.32,0.33,47.5,0.2,0.77,,,,,21.35,67.0,1.42,92.5,,0.0,,,
2024-01-03 22:00:00,36.25,85.5,1.18,12.62,7.68,12.22,10.48,0.29,48.27,0.2,0.68,,,,,20.72,73.25,1.4,89.75,,0.0,,,
2024-01-03 23:00:00,37.0,87.5,1.32,12.38,7.65,11.82,10.8,0.26,43.96,0.15,0.62,,,,,20.12,76.0,1.23,86.25,,0.0,,,
2024-01-04 00:00:00,36.75,88.0,1.45,12.23,7.68,11.62,8.17,0.22,43.28,0.1,0.52,,,,,19.8,79.0,1.38,84.0,,0.0,,,
2024-01-04 01:00:00,36.0,85.25,1.38,11.82,7.38,11.25,6.82,0.21,43.06,0.1,0.5,,,,,19.38,81.25,1.2,82.5,,0.0,,,
2024-01-04 02:00:00,36.25,86.25,1.27,11.9,7.38,11.02,7.62,0.17,43.68,0.1,0.38,,,,,18.95,82.0,1.18,85.75,,0.0,,,
2024-01-04 03:00:00,37.75,89.0,1.27,11.72,7.28,10.82,7.3,0.18,43.22,0.1,0.4,,,,,18.75,82.0,1.25,78.5,,0.0,,,
2024-01-04 04:00:00,39.5,93.75,1.18,11.72,7.18,10.7,7.9,0.17,42.12,0.1,0.43,,,,,18.55,82.75,1.25,79.25,,0.0,,,
2024-01-04 05:00:00,37.5,89.0,1.38,11.78,7.38,10.4,7.15,0.15,42.14,0.1,0.33,,,,,18.38,83.0,1.27,80.5,,0.0,,,
2024-01-04 06:00:00,36.0,85.75,1.38,12.42,7.75,10.32,7.45,0.17,40.26,0.1,0.38,,,,,18.3,83.0,1.38,85.5,,0.0,,,
2024-01-04 07:00:00,36.25,86.0,1.3,12.9,7.88,10.2,7.55,0.16,39.14,0.1,0.38,,,,,18.32,82.5,1.23,91.0,,0.0,,,
2024-01-04 08:00:00,38.75,93.0,1.38,13.45,8.3,10.2,7.65,0.2,37.64,0.1,0.45,,,,,18.58,80.5,1.25,93.5,,0.0,,,
2024-01-04 09:00:00,46.5,110.75,1.45,14.15,8.72,10.4,7.55,0.46,38.47,0.27,1.07,,,,,19.62,73.25,1.4,93.25,,0.0,,,
2024-01-04 10:00:00,53.25,126.5,1.32,13.98,8.5,10.9,7.52,0.5,38.53,0.28,1.15,,,,,21.6,66.75,1.35,96.0,,0.0,,,
2024-01-04 11:00:00,51.25,122.25,1.25,15.5,9.22,11.42,8.38,0.53,38.63,0.3,1.23,,,,,23.1,61.75,1.2,102.75,,0.0,,,
2024-01-04 12:00:00,52.75,125.0,1.42,16.5,9.93,11.75,8.95,0.56,38.0,0.3,1.3,,,,,24.02,60.0,1.05,122.5,,0.0,,,
2024-01-04 13:00:00,51.0,121.75,1.35,14.5,8.82,12.35,8.2,0.36,41.53,0.2,0.83,,,,,24.28,56.0,1.0,112.75,,0.0,,,
2024-01-04 14:00:00,39.0,93.75,1.2,14.3,8.57,12.52,6.35,0.35,39.22,0.2,0.8,,,,,24.68,55.75,0.8,102.75,,0.0,,,
2024-01-04 15:00:00,44.5,106.25,1.15,16.75,9.8,12.52,6.4,0.44,32.24,0.25,1.02,,,,,24.15,56.0,0.72,94.75,,0.0,,,
2024-01-04 16:00:00,67.25,160.5,1.15,21.42,12.35,12.4,5.08,0.7,26.79,0.38,1.6,,,,,23.68,57.0,0.62,114.25,,0.0,,,
2024-01-04 17:00:00,86.0,204.0,1.08,24.0,13.62,12.08,4.53,0.48,26.98,0.27,1.1,,,,,23.42,57.0,0.7,122.5,,0.0,,,
2024-01-04 18:00:00,77.5,184.25,1.25,22.05,12.78,11.98,5.08,0.41,28.49,0.22,0.95,,,,,22.78,58.5,1.0,91.5,,0.0,,,
2024-01-04 19:00:00,53.0,127.25,1.2,21.7,12.5,11.75,5.9,0.51,28.76,0.28,1.2,,,,,22.3,64.25,1.15,109.0,,0.0,,,
2024-01-04 20:00:00,52.25,124.75,1.18,16.98,9.98,11.9,5.85,0.26,30.17,0.15,0.6,,,,,21.8,70.0,1.02,90.25,,0.0,,,
2024-01-04 21:00:00,40.0,95.0,1.25,15.32,9.18,11.78,7.38,0.42,29.56,0.23,0.97,,,,,21.15,73.0,1.02,96.25,,0.0,,,
2024-01-04 22:00:00,37.25,89.25,1.35,14.4,8.75,11.6,7.88,0.34,28.46,0.2,0.78,,,,,20.95,75.0,1.05,103.25,,0.0,,,
2024-01-04 23:00:00,36.5,86.5,1.3,13.15,8.02,11.45,8.55,0.24,29.81,0.12,0.57,,,,,20.72,76.75,1.45,99.75,,0.0,,,
2024-01-05 00:00:00,31.5,74.75,1.23,12.1,7.4,11.2,6.8,0.18,29.01,0.1,0.4,,,,,20.38,80.25,1.4,100.75,,0.0,,,
2024-01-05 01:00:00,28.5,67.25,1.27,11.35,7.08,11.08,7.18,0.33,29.71,0.2,0.77,,,,,19.88,82.0,1.12,90.25,,0.0,,,
2024-01-05 02:00:00,24.0,56.25,1.32,10.95,6.88,10.7,7.42,0.29,29.4,0.18,0.62,,,,,19.42,82.75,1.05,92.5,,0.0,,,
2024-01-05 03:00:00,24.0,57.0,1.27,11.08,6.93,10.48,7.42,0.27,28.38,0.15,0.62,,,,,19.12,82.0,0.98,99.0,,0.0,,,
2024-01-05 04:00:00,23.0,54.75,1.23,11.25,7.0,10.25,6.3,0.27,26.89,0.15,0.62,,,,,18.85,82.0,1.18,84.75,,0.0,,,
2024-01-05 05:00:00,20.0,48.0,1.35,11.22,7.07,10.0,5.7,0.12,28.16,0.1,0.3,,,,,18.6,82.5,1.05,90.75,,0.0,,,
2024-01-05 06:00:00,20.75,49.75,1.25,11.82,7.3,9.8,5.72,0.15,27.15,0.1,0.35,,,,,18.27,83.0,1.03,85.25,,0.0,,,
2024-01-05 07:00:00,23.25,55.25,1.18,12.15,7.4,9.75,6.0,0.19,26.26,0.1,0.45,,,,,18.27,83.0,1.23,93.25,,0.0,,,
2024-01-05 08:00:00,26.0,61.0,1.25,13.08,8.0,9.8,6.0,0.24,25.58,0.1,0.55,,,,,18.75,81.5,1.3,93.0,,0.0,,,
2024-01-05 09:00:00,32.75,77.75,1.32,13.05,8.02,10.18,6.25,0.27,24.41,0.17,0.63,,,,,20.12,70.75,1.4,98.75,,0.0,,,
2024-01-05 10:00:00,34.75,82.25,1.23,13.5,8.18,10.9,3.62,0.34,25.09,0.2,0.78,,,,,22.35,65.5,1.4,96.25,,0.0,,,
2024-01-05 11:00:00,33.5,79.0,1.3,13.75,8.38,11.65,2.15,0.36,24.19,0.2,0.82,,,,,23.75,61.75,1.38,118.0,,0.0,,,
2024-01-05 12:00:00,31.25,74.5,1.25,12.58,7.7,12.32,4.05,0.35,23.88,0.2,0.8,,,,,25.0,58.5,1.65,125.25,,0.0,,,
2024-01-05 13:00:00,29.0,69.75,1.32,12.08,7.52,13.05,3.92,0.3,24.35,0.2,0.67,,,,,25.58,59.5,1.72,106.75,,0.0,,,
2024-01-05 14:00:00,29.25,69.5,1.35,12.1,7.55,13.2,3.45,0.32,24.76,0.2,0.75,,,,,25.4,60.25,1.45,103.0,,0.0,,,
2024-01-05 15:00:00,30.75,72.75,1.25,12.42,7.65,13.28,3.55,0.33,21.88,0.2,0.8,,,,,24.95,62.75,1.32,100.5,,0.0,,,
2024-01-05 16:00:00,33.5,79.5,1.23,12.52,7.65,13.08,3.18,0.32,22.1,0.2,0.75,,,,,24.32,64.5,1.52,97.5,,0.0,,,
2024-01-05 17:00:00,34.5,82.75,1.27,12.55,7.7,12.72,4.45,0.35,22.16,0.2,0.8,,,,,23.55,67.5,1.5,102.25,,0.0,,,
2024-01-05 18:00:00,33.0,78.75,1.25,12.82,7.88,12.25,4.58,0.4,22.25,0.2,0.92,,,,,22.48,71.5,1.58,99.25,,0.0,,,
2024-01-05 19:00:00,34.0,80.75,1.25,12.72,7.78,11.55,4.9,0.42,21.55,0.22,1.0,,,,,21.32,75.5,1.55,92.5,,0.0,,,
2024-01-05 20:00:00,37.5,90.0,1.38,12.78,7.92,11.08,4.42,0.4,21.3,0.22,0.92,,,,,20.72,76.5,1.4,92.5,,0.0,,,
2024-01-05 21:00:00,39.25,93.5,1.1,13.08,7.88,10.6,4.08,0.38,21.47,0.2,0.87,,,,,20.48,76.25,1.3,92.75,,0.0,,,
2024-01-05 22:00:00,39.5,94.0,1.23,13.52,8.22,10.45,3.18,0.35,20.15,0.2,0.8,,,,,20.32,78.0,1.4,83.75,,0.0,,,
2024-01-05 23:00:00,36.25,86.5,1.18,12.95,7.82,10.28,3.72,0.27,19.47,0.12,0.6,,,,,20.03,79.25,1.2,85.25,,0.0,,,
2024-01-06 00:00:00,29.75,70.25,1.18,12.42,7.52,9.98,4.7,0.18,19.22,0.1,0.43,,,,,19.73,80.0,1.4,86.25,,0.0,,,
2024-01-06 01:00:00,25.25,60.0,1.4,11.62,7.28,9.93,5.5,0.23,19.2,0.1,0.53,,,,,19.42,79.25,1.25,81.0,,0.0,,,
2024-01-06 02:00:00,23.5,55.5,1.15,11.52,7.07,9.65,5.35,0.24,19.18,0.1,0.52,,,,,19.12,80.0,0.95,81.75,,0.0,,,
2024-01-06 03:00:00,24.0,57.75,1.4,11.7,7.38,9.5,6.3,0.22,19.62,0.1,0.5,,,,,18.82,81.0,1.15,78.5,,0.0,,,
2024-01-06 04:00:00,21.25,51.5,1.45,11.75,7.4,9.6,6.58,0.2,18.17,0.1,0.45,,,,,18.55,82.25,1.1,80.75,,0.0,,,
2024-01-06 05:00:00,22.0,52.75,1.32,11.72,7.3,9.48,7.15,0.21,18.25,0.1,0.5,,,,,18.38,83.25,0.98,91.5,,0.0,,,
2024-01-06 06:00:00,23.5,55.5,1.32,12.8,7.88,9.22,7.35,0.25,20.67,0.1,0.57,,,,,18.23,84.25,0.75,88.5,,0.0,,,
2024-01-06 07:00:00,28.25,67.0,1.32,13.65,8.3,9.18,7.65,0.29,20.74,0.18,0.65,,,,,18.05,85.0,1.15,81.25,,0.0,,,
2024-01-06 08:00:00,29.75,71.75,1.27,13.92,8.43,9.4,7.55,0.28,20.21,0.15,0.65,,,,,18.48,82.5,1.5,88.5,,0.0,,,
2024-01-06 09:00:00,31.0,74.25,1.4,12.65,7.85,9.72,7.98,0.34,17.87,0.2,0.77,,,,,19.73,75.75,1.42,94.75,,0.0,,,
2024-01-06 10:00:00,29.0,68.5,1.35,13.22,8.12,10.35,6.52,0.38,17.49,0.2,0.88,,,,,21.48,68.5,1.25,95.25,,0.0,,,
2024-01-06 11:00:00,31.25,74.0,1.12,12.65,7.62,11.12,5.98,0.4,14.74,0.22,0.92,,,,,23.4,61.25,1.45,96.75,,0.0,,,
2024-01-06 12:00:00,30.25,71.0,1.05,12.82,7.7,11.82,6.0,0.5,14.37,0.3,1.15,,,,,25.38,55.25,1.6,113.5,,0.0,,,
2024-01-06 13:00:00,33.5,78.75,1.25,12.22,7.48,12.58,4.97,0.34,13.61,0.2,0.77,,,,,27.18,51.25,1.42,100.0,,0.0,,,
2024-01-06 14:00:00,31.25,73.25,1.15,13.15,7.95,12.98,4.88,0.37,14.81,0.2,0.88,,,,,28.3,49.25,1.5,106.0,,0.0,,,
2024-01-06 15:00:00,30.5,71.75,1.18,12.4,7.52,13.45,4.88,0.34,13.59,0.2,0.78,,,,,28.18,50.5,1.68,106.75,,0.0,,,
2024-01-06 16:00:00,35.25,83.5,1.48,12.28,7.75,13.7,4.68,0.4,11.76,0.2,0.92,,,,,27.58,54.25,1.7,99.75,,0.0,,,
2024-01-06 17:00:00,35.0,83.0,1.38,12.65,7.88,13.27,4.03,0.28,12.96,0.13,0.67,,,,,26.35,59.5,1.67,91.0,,0.0,,,
2024-01-06 18:00:00,31.5,75.75,1.38,12.82,7.95,12.6,4.42,0.3,15.84,0.18,0.7,,,,,24.22,65.25,1.6,88.0,,0.0,,,
2024-01-06 19:00:00,30.25,72.5,1.18,12.72,7.75,11.85,5.0,0.34,14.94,0.2,0.78,,,,,22.58,70.5,1.58,92.0,,0.0,,,
2024-01-06 20:00:00,31.25,74.75,1.23,13.3,8.05,11.38,5.5,0.34,15.24,0.2,0.78,,,,,21.67,75.5,1.62,88.5,,0.0,,,
2024-01-06 21:00:00,30.5,73.5,1.25,13.18,8.05,10.8,4.95,0.33,16.89,0.2,0.8,,,,,20.88,77.75,1.52,83.75,,0.0,,,
2024-01-06 22:00:00,24.75,60.0,1.25,12.5,7.68,10.3,6.12,0.29,15.14,0.15,0.65,,,,,20.35,79.0,1.27,88.0,,0.0,,,
2024-01-06 23:00:00,21.75,52.5,1.18,12.15,7.42,10.0,3.85,0.21,15.58,0.1,0.5,,,,,19.8,80.0,1.27,88.25,,0.0,,,
2024-01-07 00:00:00,23.25,55.25,1.32,11.98,7.42,9.7,5.8,0.16,14.64,0.1,0.38,,,,,19.4,82.0,1.15,92.0,,0.0,,,
2024-01-07 01:00:00,20.25,48.5,1.12,11.52,7.07,9.5,6.1,0.26,14.36,0.1,0.6,,,,,19.08,83.0,1.27,86.75,,0.0,,,
2024-01-07 02:00:00,18.5,44.75,1.3,11.48,7.15,9.3,6.88,0.23,13.6,0.1,0.52,,,,,18.98,83.0,0.98,84.0,,0.0,,,
2024-01-07 03:00:00,20.5,48.5,1.38,11.58,7.28,9.32,7.32,0.19,15.35,0.1,0.45,,,,,18.85,83.0,1.12,78.0,,0.0,,,
2024-01-07 04:00:00,23.0,55.5,1.25,11.72,7.25,9.2,7.92,0.19,15.92,0.1,0.45,,,,,18.65,83.75,1.15,85.5,,0.0,,,
2024-01-07 05:00:00,26.25,63.25,1.2,12.27,7.52,9.1,8.02,0.26,17.32,0.1,0.6,,,,,18.48,83.0,1.1,97.5,,0.0,,,
2024-01-07 06:00:00,25.5,60.25,1.32,11.98,7.45,9.12,8.75,0.24,16.19,0.1,0.55,,,,,18.35,83.0,1.4,83.5,,0.0,,,
2024-01-07 07:00:00,23.0,54.0,1.45,12.18,7.68,9.05,9.43,0.29,16.6,0.18,0.65,,,,,18.25,82.75,1.23,88.75,,0.0,,,
2024-01-07 08:00:00,27.75,66.0,1.25,12.45,7.62,8.93,9.28,0.26,15.94,0.15,0.57,,,,,18.58,79.5,1.58,90.5,,0.0,,,
2024-01-07 09:00:00,24.5,58.25,1.4,12.22,7.62,9.18,9.12,0.34,14.74,0.2,0.73,,,,,19.68,69.75,1.55,84.75,,0.0,,,
2024-01-07 10:00:00,25.75,61.25,1.25,11.98,7.4,9.8,6.52,0.4,13.44,0.2,0.92,,,,,22.12,60.0,1.4,99.0,,0.0,,,
2024-01-07 11:00:00,25.75,61.0,1.25,11.75,7.28,10.65,7.48,0.46,12.88,0.28,1.08,,,,,24.72,52.5,1.75,96.0,,0.0,,,
2024-01-07 12:00:00,27.5,66.0,1.15,11.85,7.28,11.15,7.35,0.48,15.18,0.3,1.12,,,,,26.32,43.5,1.75,93.5,,0.0,,,
2024-01-07 13:00:00,26.5,63.75,1.02,11.62,7.02,11.45,6.98,0.25,13.29,0.13,0.6,,,,,27.48,41.5,1.78,89.75,,0.0,,,
2024-01-07 14:00:00,27.75,65.5,1.35,11.65,7.28,12.22,6.65,0.29,10.36,0.2,0.62,,,,,28.05,43.0,1.82,89.5,,0.0,,,
2024-01-07 15:00:00,25.25,60.0,1.15,12.08,7.35,12.82,6.0,0.32,10.86,0.2,0.72,,,,,28.15,45.75,1.68,97.0,,0.0,,,
2024-01-07 16:00:00,21.75,52.25,1.18,13.05,7.9,12.92,5.55,0.36,10.67,0.2,0.85,,,,,27.68,48.5,1.6,85.75,,0.0,,,
2024-01-07 17:00:00,27.75,66.5,1.38,13.5,8.3,12.9,5.52,0.19,12.88,0.1,0.47,,,,,26.2,58.25,1.68,88.75,,0.0,,,
2024-01-07 18:00:00,29.0,69.0,1.27,13.25,8.1,12.48,5.8,0.2,11.68,0.1,0.45,,,,,24.22,66.0,1.68,84.0,,0.0,,,
2024-01-07 19:00:00,25.25,61.0,1.4,12.68,7.85,11.65,5.88,0.2,12.04,0.1,0.48,,,,,22.55,70.0,1.42,90.75,,0.0,,,
2024-01-07 20:00:00,24.5,58.5,1.23,13.58,8.2,11.08,6.68,0.25,15.04,0.1,0.6,,,,,21.65,72.5,1.12,90.25,,0.0,,,
2024-01-07 21:00:00,28.75,68.25,1.27,13.15,8.0,10.7,6.82,0.27,12.3,0.17,0.63,,,,,21.05,76.25,1.55,85.0,,0.0,,,
2024-01-07 22:00:00,28.25,67.0,1.27,13.08,7.98,10.42,7.38,0.23,11.3,0.12,0.57,,,,,20.45,79.5,1.38,83.25,,0.0,,,
2024-01-07 23:00:00,28.0,67.5,1.18,12.18,7.45,10.05,6.48,0.16,12.29,0.1,0.38,,,,,19.88,81.5,1.55,83.0,,0.0,,,
2024-01-08 00:00:00,25.25,60.25,1.2,11.7,7.2,9.8,5.93,0.13,13.38,0.1,0.28,,,,,19.42,83.25,1.2,79.75,,0.0,,,
2024-01-08 01:00:00,26.0,61.0,1.2,11.55,7.12,9.6,5.05,0.17,11.72,0.1,0.4,,,,,19.23,84.0,1.35,83.5,,0.0,,,
2024-01-08 02:00:00,25.0,58.75,1.18,11.08,6.82,9.43,4.45,0.17,11.81,0.1,0.38,,,,,19.32,83.0,1.2,85.75,,0.0,,,
2024-01-08 03:00:00,21.75,51.75,1.32,11.2,7.02,9.25,6.02,0.14,12.39,0.1,0.3,,,,,19.35,83.0,1.2,87.0,,0.0,,,
2024-01-08 04:00:00,21.0,51.0,1.2,11.32,7.0,9.1,6.28,0.12,11.56,0.1,0.28,,,,,19.27,82.0,1.23,86.75,,0.0,,,
2024-01-08 05:00:00,19.75,48.0,1.2,11.28,6.98,9.07,7.4,0.16,12.13,0.1,0.37,,,,,19.5,82.0,1.38,87.75,,0.0,,,
2024-01-08 06:00:00,16.5,39.75,1.3,11.88,7.35,9.05,7.05,0.18,13.49,0.1,0.4,,,,,19.48,82.0,1.55,84.0,,0.0,,,
2024-01-08 07:00:00,17.75,41.5,1.32,12.15,7.55,8.98,6.48,0.16,12.64,0.1,0.38,,,,,19.38,81.25,1.58,83.75,,0.0,,,
2024-01-08 08:00:00,18.25,43.25,1.3,13.38,8.12,8.9,6.38,0.26,14.23,0.12,0.6,,,,,19.45,80.0,1.35,90.75,,0.0,,,
2024-01-08 09:00:00,23.75,57.25,1.48,14.48,8.9,8.98,6.3,0.38,13.53,0.2,0.9,,,,,20.15,77.5,1.38,108.5,,0.0,,,
2024-01-08 10:00:00,30.25,72.5,1.25,15.48,9.25,9.07,6.52,0.43,14.89,0.22,0.98,,,,,21.05,75.75,1.4,92.5,,0.0,,,
2024-01-08 11:00:00,31.5,74.25,1.38,15.52,9.38,9.3,5.72,0.37,16.4,0.2,0.85,,,,,21.55,75.0,1.48,80.5,,0.0,,,
2024-01-08 12:00:00,21.25,50.75,1.27,15.05,9.05,10.15,6.5,0.44,15.82,0.25,0.98,,,,,21.6,78.5,1.55,84.5,,0.0,,,
2024-01-08 13:00:00,11.75,28.75,1.23,15.18,9.07,12.32,5.25,0.32,17.76,0.17,0.73,,,,,21.28,81.25,1.4,88.5,,0.0,,,
2024-01-08 14:00:00,7.25,17.5,1.12,14.22,8.48,12.8,4.55,0.32,14.44,0.18,0.75,,,,,21.45,79.75,1.8,93.0,,0.0,,,
2024-01-08 15:00:00,6.25,15.75,1.32,13.23,8.1,11.05,4.9,0.24,15.22,0.12,0.52,,,,,21.98,77.75,1.78,83.75,,0.0,,,
2024-01-08 16:00:00,10.0,24.25,1.42,13.68,8.43,10.2,5.58,0.24,17.51,0.1,0.55,,,,,21.22,79.5,1.55,87.75,,0.0,,,
2024-01-08 17:00:00,10.75,26.25,1.32,14.32,8.7,9.57,6.48,0.25,16.68,0.13,0.57,,,,,21.0,77.75,1.62,82.75,,0.0,,,
2024-01-08 18:00:00,12.75,29.75,1.25,14.48,8.7,9.15,6.32,0.29,16.64,0.18,0.68,,,,,20.9,78.0,1.6,97.25,,0.0,,,
2024-01-08 19:00:00,11.0,26.25,1.27,13.38,8.15,8.9,6.42,0.24,14.36,0.12,0.6,,,,,20.52,79.5,1.38,92.5,,0.0,,,
2024-01-08 20:00:00,8.0,18.25,1.4,12.85,7.95,8.65,5.78,0.23,13.93,0.1,0.52,,,,,20.18,82.5,1.18,87.0,,0.0,,,
2024-01-08 21:00:00,7.75,18.5,1.35,14.48,8.78,8.32,6.7,0.25,17.82,0.1,0.6,,,,,19.62,85.75,1.12,80.0,,0.0,,,
2024-01-08 22:00:00,8.25,20.0,1.3,13.78,8.35,8.38,4.8,0.18,17.02,0.1,0.43,,,,,19.12,87.0,1.02,92.0,,0.0,,,
2024-01-08 23:00:00,12.5,30.25,1.3,12.85,7.93,8.28,3.78,0.11,14.24,0.1,0.22,,,,,19.23,87.0,1.02,89.75,,0.0,,,
2024-01-09 00:00:00,14.5,34.75,1.3,12.55,7.75,8.2,3.5,0.08,13.22,0.05,0.2,,,,,19.27,86.75,1.05,79.5,,0.0,,,
2024-01-09 01:00:00,16.5,38.5,1.27,11.88,7.38,8.18,4.6,0.23,9.82,0.1,0.53,,,,,19.12,86.0,1.15,86.0,,0.0,,,
2024-01-09 02:00:00,21.25,50.75,1.2,12.0,7.35,8.02,6.0,0.24,9.68,0.1,0.55,,,,,18.8,86.0,0.8,137.75,,0.0,,,
2024-01-09 03:00:00,29.5,70.5,1.18,12.0,7.32,7.92,6.1,0.23,10.47,0.1,0.52,,,,,18.5,85.75,1.08,103.5,,0.0,,,
2024-01-09 04:00:00,25.25,60.25,1.2,12.08,7.42,7.85,7.12,0.22,10.97,0.1,0.52,,,,,18.52,85.0,0.9,108.25,,0.0,,,
2024-01-09 05:00:00,25.0,58.75,1.18,12.4,7.55,7.82,8.38,0.27,11.92,0.1,0.6,,,,,18.6,84.25,0.98,97.75,,0.0,,,
2024-01-09 06:00:00,225.0,52.0,1.32,12.32,7.62,7.85,8.95,0.31,12.27,0.2,0.7,,,,,18.6,84.5,1.15,92.25,,0.0,,,
2024-01-09 07:00:00,834.0,,1.35,13.25,8.12,7.02,8.65,0.39,13.34,0.2,0.92,,,,,18.62,84.0,1.12,90.25,,0.0,,,
2024-01-09 08:00:00,834.0,,1.25,14.45,8.7,6.65,9.4,0.43,13.15,0.25,1.0,,,,,18.92,81.75,1.1,99.25,,0.0,,,
2024-01-09 09:00:00,834.0,,1.2,15.23,9.07,6.85,9.4,0.47,12.26,0.23,1.07,,,,,20.0,73.75,1.52,86.25,,0.0,,,
2024-01-09 10:00:00,834.0,,1.35,14.08,8.55,7.12,9.68,0.43,9.43,0.22,0.98,,,,,21.45,60.5,1.72,94.25,,0.0,,,
2024-01-09 11:00:00,834.0,,1.27,15.28,9.15,7.55,9.88,0.46,8.35,0.28,1.05,,,,,22.22,55.5,1.65,90.0,,0.0,,,
2024-01-09 12:00:00,834.0,,1.4,14.75,9.0,8.35,9.12,0.46,5.22,0.28,1.08,,,,,22.48,52.5,1.55,90.5,,0.0,,,
2024-01-09 13:00:00,834.0,,1.38,14.75,8.95,8.82,8.52,0.29,10.64,0.17,0.67,,,,,23.25,51.75,1.62,89.25,,0.0,,,
2024-01-09 14:00:00,834.0,,1.25,13.6,8.28,9.22,9.05,0.24,4.39,0.1,0.57,,,,,24.2,53.0,1.9,95.75,,0.0,,,
2024-01-09 15:00:00,834.0,,1.35,13.6,8.32,9.52,7.78,0.24,4.43,0.1,0.57,,,,,24.58,54.25,1.85,91.5,,0.0,,,
2024-01-09 16:00:00,834.0,,1.32,12.95,7.95,9.43,6.68,0.22,3.13,0.1,0.52,,,,,23.67,54.25,1.72,94.75,,0.0,,,
2024-01-09 17:00:00,834.0,,1.48,15.0,9.18,9.18,7.15,0.42,11.71,0.23,1.0,,,,,22.8,56.5,1.5,92.25,,0.0,,,
2024-01-09 18:00:00,834.0,,1.42,17.7,10.58,8.78,7.65,0.55,17.38,0.32,1.27,,,,,22.0,57.75,1.3,80.5,,0.0,,,
2024-01-09 19:00:00,834.0,,1.23,19.27,11.28,8.32,9.52,0.64,14.73,0.38,1.5,,,,,21.28,56.0,1.15,85.75,,0.0,,,
2024-01-09 20:00:00,834.0,,1.27,19.38,11.35,8.4,9.6,0.65,14.06,0.38,1.5,,,,,20.78,62.75,1.27,77.0,,0.0,,,
2024-01-09 21:00:00,834.0,,1.27,18.12,10.65,8.38,9.3,0.38,11.0,0.2,0.9,,,,,20.25,68.5,1.35,85.0,,0.0,,,
2024-01-09 22:00:00,834.0,,1.25,15.85,9.48,8.22,9.62,0.3,8.07,0.18,0.68,,,,,19.65,72.5,1.45,87.5,,0.0,,,
2024-01-09 23:00:00,834.0,,1.18,13.62,8.25,8.12,9.98,0.18,4.06,0.1,0.43,,,,,19.08,74.0,1.45,86.75,,0.0,,,
2024-01-10 00:00:00,834.0,,1.32,12.5,7.72,7.95,8.07,0.13,3.28,0.1,0.3,,,,,18.62,78.5,1.5,84.75,,0.0,,,
2024-01-10 01:00:00,834.0,,1.27,11.55,7.2,7.7,7.75,0.21,3.07,0.1,0.5,,,,,18.32,79.75,1.45,79.5,,0.0,,,
2024-01-10 02:00:00,834.0,,1.23,10.92,6.82,7.5,8.18,0.18,2.45,0.1,0.43,,,,,18.08,78.25,1.52,91.25,,0.0,,,
2024-01-10 03:00:00,834.0,,1.1,10.48,6.48,7.35,8.07,0.18,1.44,0.1,0.43,,,,,17.95,78.0,1.55,81.0,,0.0,,,
2024-01-10 04:00:00,834.0,,1.3,10.52,6.65,7.5,7.55,0.17,0.57,0.1,0.4,,,,,17.75,80.0,1.4,84.5,,0.0,,,
2024-01-10 05:00:00,834.0,,1.4,10.52,6.72,7.48,7.3,0.2,2.43,0.1,0.47,,,,,17.53,81.5,1.4,92.0,,0.0,,,
2024-01-10 06:00:00,834.0,,1.38,10.95,6.95,7.32,7.75,0.21,3.49,0.1,0.5,,,,,17.25,82.75,1.52,87.0,,0.0,,,
2024-01-10 07:00:00,834.0,,1.2,15.27,9.1,7.18,8.1,0.3,12.62,0.18,0.7,,,,,17.2,82.75,1.23,94.25,,0.0,,,
2024-01-10 08:00:00,834.0,,1.08,19.08,11.0,7.02,8.3,0.4,11.8,0.2,0.92,,,,,18.0,74.75,1.52,85.0,,0.0,,,
2024-01-10 09:00:00,834.0,,1.32,18.45,10.88,7.5,7.85,0.41,7.49,0.2,0.93,,,,,20.02,59.5,1.52,95.25,,0.0,,,
2024-01-10 10:00:00,834.0,,1.18,15.55,9.2,7.95,7.75,0.37,5.4,0.2,0.85,,,,,21.95,50.25,1.95,100.0,,0.0,,,
2024-01-10 11:00:00,834.0,,1.25,15.65,9.32,8.1,6.98,0.38,3.63,0.2,0.88,,,,,23.28,46.0,1.7,96.5,,0.0,,,
2024-01-10 12:00:00,834.0,,1.27,15.12,9.1,8.62,7.42,0.34,3.34,0.2,0.78,,,,,24.3,44.75,1.88,96.75,,0.0,,,
2024-01-10 13:00:00,834.0,,1.32,14.38,8.7,9.0,8.62,0.23,2.77,0.1,0.53,,,,,25.12,41.25,1.75,96.75,,0.0,,,
2024-01-10 14:00:00,834.0,,1.3,16.1,9.6,9.05,5.52,0.32,,0.2,0.75,,,,,25.75,42.25,1.68,101.5,,0.0,,,
2024-01-10 15:00:00,834.0,,0.98,13.45,7.95,9.65,4.6,0.32,19.6,0.2,0.72,,,,,25.6,44.5,1.65,95.75,,0.0,,,
2024-01-10 16:00:00,633.0,72.0,1.32,10.15,6.5,10.32,2.02,0.36,19.6,0.2,0.82,,,,,25.4,44.75,1.7,90.25,,0.0,,,
2024-01-10 17:00:00,31.25,75.0,1.23,11.62,7.2,10.48,2.65,0.36,19.6,0.2,0.8,,,,,24.48,49.5,1.5,91.0,,0.0,,,
2024-01-10 18:00:00,34.75,83.25,1.3,11.85,7.38,9.7,5.4,0.36,19.6,0.2,0.82,,,,,23.2,53.75,1.42,95.25,,0.0,,,
2024-01-10 19:00:00,36.0,85.75,1.35,14.48,8.8,9.02,5.07,0.56,19.6,0.32,1.3,,,,,22.15,59.5,1.3,88.5,,0.0,,,
2024-01-10 20:00:00,43.25,103.0,1.3,17.3,10.22,8.57,6.2,0.65,19.6,0.38,1.5,,,,,21.5,64.5,1.15,88.5,,0.0,,,
2024-01-10 21:00:00,47.75,113.75,1.12,17.73,10.35,8.32,4.9,0.38,19.6,0.2,0.83,,,,,20.8,67.5,0.95,78.75,,0.0,,,
2024-01-10 22:00:00,47.5,113.0,1.25,15.98,9.55,8.28,4.28,0.26,19.6,0.12,0.57,,,,,20.4,70.0,1.38,76.75,,0.0,,,
2024-01-10 23:00:00,39.5,94.0,1.3,14.32,8.65,8.1,5.48,0.18,19.6,0.1,0.43,,,,,19.98,73.0,1.38,77.75,,0.0,,,
2024-01-11 00:00:00,37.5,89.75,1.35,12.7,7.85,7.82,6.77,0.11,19.6,0.05,0.25,,,,,19.42,77.5,1.2,84.25,,0.0,,,
2024-01-11 01:00:00,34.75,82.75,1.3,11.58,7.22,7.68,5.88,0.19,19.6,0.1,0.43,,,,,18.77,80.75,1.3,84.75,,0.0,,,
2024-01-11 02:00:00,32.0,75.5,1.32,11.35,7.1,7.52,7.55,0.17,19.6,0.1,0.4,,,,,18.32,82.75,0.95,92.5,,0.0,,,
2024-01-11 03:00:00,33.75,80.25,1.32,11.22,7.02,7.32,8.9,0.13,19.6,0.1,0.3,,,,,18.05,84.0,1.23,82.25,,0.0,,,
2024-01-11 04:00:00,30.5,73.0,1.23,11.02,6.88,7.28,9.25,0.14,19.6,0.1,0.32,,,,,17.77,84.25,1.18,80.5,,0.0,,,
2024-01-11 05:00:00,32.0,75.75,1.2,11.45,7.08,7.2,11.12,0.22,19.6,0.1,0.53,,,,,17.3,85.0,1.02,89.5,,0.0,,,
2024-01-11 06:00:00,33.5,78.75,1.27,12.48,7.68,7.05,10.92,0.26,19.6,0.15,0.55,,,,,16.98,85.0,0.98,84.75,,0.0,,,
2024-01-11 07:00:00,41.25,97.75,1.3,14.2,8.6,6.85,11.38,0.29,19.6,0.2,0.68,,,,,16.97,84.5,1.25,95.5,,0.0,,,
2024-01-11 08:00:00,49.5,117.5,1.1,13.9,8.32,7.02,11.35,0.3,19.6,0.18,0.68,,,,,17.75,74.75,1.62,85.75,,0.0,,,
2024-01-11 09:00:00,44.75,106.5,1.18,13.9,8.38,7.15,8.82,0.27,19.6,0.17,0.63,,,,,20.05,56.5,1.82,88.5,,0.0,,,
2024-01-11 10:00:00,42.25,100.75,1.25,12.22,7.5,7.68,7.68,0.23,19.6,0.1,0.52,,,,,22.45,46.0,1.82,104.0,,0.0,,,
2024-01-11 11:00:00,36.75,87.25,1.38,11.48,7.2,8.12,8.32,0.24,19.6,0.1,0.57,,,,,24.25,44.0,1.72,92.25,,0.0,,,
2024-01-11 12:00:00,36.0,85.0,1.32,12.1,7.52,8.62,8.6,0.26,19.6,0.1,0.6,,,,,25.95,41.0,1.8,108.5,,0.0,,,
2024-01-11 13:00:00,35.0,82.75,1.3,11.75,7.3,9.28,7.9,0.31,28.84,0.17,0.73,,,,,27.35,38.75,1.65,98.0,,0.0,,,
2024-01-11 14:00:00,32.75,77.75,1.15,11.78,7.18,9.9,7.35,0.32,29.48,0.2,0.75,,,,,28.42,38.5,1.72,87.5,,0.0,,,
2024-01-11 15:00:00,36.75,87.5,1.52,13.3,8.3,10.07,6.85,0.36,58.94,0.2,0.82,,,,,28.6,37.25,1.58,90.0,,0.0,,,
2024-01-11 16:00:00,42.75,102.75,1.38,15.78,9.5,10.22,6.65,0.46,30.06,0.28,1.05,,,,,28.8,39.5,1.25,107.25,,0.0,,,
2024-01-11 17:00:00,44.5,106.5,1.23,17.05,10.05,10.28,6.18,0.4,29.96,0.2,0.93,,,,,27.95,44.25,1.32,81.0,,0.0,,,
2024-01-11 18:00:00,45.75,108.5,1.15,17.77,10.42,10.2,6.92,0.52,29.78,0.3,1.2,,,,,25.72,51.25,1.42,88.5,,0.0,,,
2024-01-11 19:00:00,52.25,123.75,1.38,17.48,10.45,9.62,7.58,0.64,29.94,0.38,1.45,,,,,23.62,56.75,1.35,83.25,,0.0,,,
2024-01-11 20:00:00,46.75,110.75,1.15,17.12,10.07,9.12,7.93,0.62,29.82,0.35,1.42,,,,,22.2,63.75,1.5,81.0,,0.0,,,
2024-01-11 21:00:00,44.0,105.0,1.18,18.9,11.0,12.15,7.2,0.54,24.63,0.3,1.25,,,,,21.05,69.5,1.7,89.0,,0.0,,,
2024-01-11 22:00:00,37.75,89.25,1.1,21.0,12.05,17.3,5.7,0.44,29.46,0.25,1.02,,,,,20.08,72.0,1.58,86.5,,0.0,,,
2024-01-11 23:00:00,35.25,83.0,1.35,16.52,9.88,13.88,6.82,0.25,30.18,0.13,0.57,,,,,19.22,74.75,1.35,83.5,,0.0,,,
2024-01-12 00:00:00,29.75,70.5,1.23,14.75,8.85,12.08,5.67,0.23,30.07,0.12,0.52,,,,,18.55,78.0,1.35,79.5,,0.0,,,
2024-01-12 01:00:00,27.75,65.75,1.15,13.7,8.23,11.22,6.48,0.25,29.44,0.13,0.6,,,,,17.95,79.5,1.42,74.0,,0.0,,,
2024-01-12 02:00:00,28.5,67.25,1.25,13.5,8.2,10.5,8.7,0.22,29.59,0.1,0.5,,,,,17.38,79.0,0.92,91.75,,0.0,,,
2024-01-12 03:00:00,39.0,93.5,1.3,13.22,8.1,10.0,10.42,0.17,30.13,0.1,0.4,,,,,16.9,78.5,1.08,78.0,,0.0,,,
2024-01-12 04:00:00,30.75,73.0,1.35,13.82,8.48,9.5,9.28,0.16,30.14,0.1,0.38,,,,,16.55,76.25,0.95,76.75,,0.0,,,
2024-01-12 05:00:00,32.75,78.5,1.23,14.35,8.65,9.15,9.12,0.24,29.5,0.1,0.6,,,,,16.35,73.75,1.18,83.25,,0.0,,,
2024-01-12 06:00:00,32.5,78.0,1.25,14.62,8.78,8.93,9.5,0.27,30.08,0.12,0.62,,,,,16.18,74.75,1.1,82.5,,0.0,,,
2024-01-12 07:00:00,36.5,87.0,1.38,16.85,10.07,8.9,9.5,0.3,30.55,0.2,0.68,,,,,16.23,76.0,1.02,95.0,,0.0,,,
2024-01-12 08:00:00,44.75,106.5,1.23,17.05,10.08,9.0,9.57,0.34,30.12,0.2,0.8,,,,,17.15,71.5,1.5,86.5,,0.0,,,
2024-01-12 09:00:00,47.5,112.25,1.1,17.18,10.05,9.6,9.88,0.47,29.79,0.27,1.1,,,,,19.45,62.0,1.92,85.25,,0.0,,,
2024-01-12 10:00:00,48.75,115.75,1.15,15.55,9.2,10.32,8.28,0.47,29.78,0.28,1.08,,,,,21.9,52.0,2.1,93.75,,0.0,,,
2024-01-12 11:00:00,48.25,115.25,1.27,13.38,8.15,11.1,6.55,0.44,30.55,0.22,1.0,,,,,23.82,46.75,2.15,102.25,,0.0,,,
2024-01-12 12:00:00,50.0,118.75,1.38,12.45,7.75,11.65,8.07,0.46,30.0,0.28,1.05,,,,,25.4,43.25,2.38,99.0,,0.0,,,
2024-01-12 13:00:00,51.25,122.75,1.45,13.3,8.22,13.38,6.68,0.33,26.96,0.2,0.77,,,,,26.45,41.5,2.38,93.5,,0.0,,,
2024-01-12 14:00:00,44.75,107.0,1.32,13.72,8.32,15.25,5.6,0.38,28.92,0.2,0.85,,,,,27.02,40.5,2.12,93.25,,0.0,,,
2024-01-12 15:00:00,40.75,97.5,1.3,15.02,9.05,16.4,5.48,0.32,28.02,0.15,0.72,,,,,27.48,40.25,1.82,96.25,,0.0,,,
2024-01-12 16:00:00,39.25,94.0,1.32,15.55,9.32,16.0,4.88,0.23,29.99,0.1,0.55,,,,,27.5,41.5,1.78,87.25,,0.0,,,
2024-01-12 17:00:00,38.25,90.75,1.3,17.25,10.25,14.58,5.05,0.29,29.63,0.2,0.7,,,,,26.5,43.25,1.7,81.25,,0.0,,,
2024-01-12 18:00:00,44.75,106.0,1.5,20.52,12.15,13.5,5.8,0.48,29.72,0.28,1.1,,,,,24.78,50.75,1.55,74.5,,0.0,,,
2024-01-12 19:00:00,53.0,127.0,1.42,21.3,12.5,12.77,5.98,0.53,30.1,0.3,1.23,,,,,22.88,57.5,1.65,81.25,,0.0,,,
2024-01-12 20:00:00,53.5,128.25,1.38,21.9,12.75,11.88,5.03,0.51,30.46,0.3,1.18,,,,,21.65,62.25,1.27,87.75,,0.0,,,
2024-01-12 21:00:00,55.75,133.25,1.38,21.2,12.4,11.45,5.5,0.52,30.94,0.3,1.23,,,,,20.7,68.25,1.15,85.5,,0.0,,,
2024-01-12 22:00:00,56.0,132.25,1.27,19.58,11.48,11.12,7.35,0.45,30.27,0.25,1.05,,,,,19.98,73.5,1.12,83.75,,0.0,,,
2024-01-12 23:00:00,50.0,118.5,1.18,17.3,10.12,10.78,8.8,0.33,29.73,0.2,0.72,,,,,19.45,77.5,1.0,90.25,,0.0,,,
2024-01-13 00:00:00,48.5,116.25,1.25,15.58,9.3,10.5,7.6,0.24,30.02,0.1,0.55,,,,,18.9,81.0,1.08,86.5,,0.0,,,
2024-01-13 01:00:00,44.25,105.75,1.27,14.1,8.52,10.25,7.08,0.36,29.63,0.2,0.8,,,,,18.5,83.5,1.02,91.5,,0.0,,,
2024-01-13 02:00:00,44.25,106.0,1.32,13.02,8.05,10.0,6.8,0.33,30.16,0.2,0.78,,,,,18.08,84.75,0.95,89.75,,0.0,,,
2024-01-13 03:00:00,41.75,99.25,1.2,12.5,7.6,9.65,8.05,0.3,30.0,0.2,0.68,,,,,17.55,85.5,0.65,93.0,,0.0,,,
2024-01-13 04:00:00,40.75,96.5,1.27,12.3,7.55,9.43,8.05,0.27,30.1,0.12,0.62,,,,,17.05,86.0,0.78,80.5,,0.0,,,
2024-01-13 05:00:00,40.5,96.5,1.32,12.92,7.95,9.05,6.8,0.32,30.41,0.2,0.73,,,,,16.8,87.0,0.78,89.25,,0.0,,,
2024-01-13 06:00:00,43.75,105.0,1.2,13.42,8.12,8.8,7.1,0.32,30.24,0.2,0.7,,,,,16.45,87.25,0.7,77.75,,0.0,,,
2024-01-13 07:00:00,52.5,125.0,1.23,17.08,10.07,8.5,8.07,0.43,29.82,0.22,0.98,,,,,16.32,87.75,0.92,102.5,,0.0,,,
2024-01-13 08:00:00,59.25,140.25,1.23,16.32,9.68,8.55,7.98,0.39,29.82,0.2,0.9,,,,,16.82,85.25,1.12,92.5,,0.0,,,
2024-01-13 09:00:00,48.75,116.0,1.12,15.25,9.07,9.05,8.68,0.37,29.45,0.2,0.87,,,,,18.65,77.0,1.35,87.0,,0.0,,,
2024-01-13 10:00:00,48.0,114.75,1.08,13.48,8.1,9.78,7.12,0.3,29.99,0.2,0.7,,,,,20.7,68.0,1.52,98.0,,0.0,,,
2024-01-13 11:00:00,38.75,92.25,1.1,12.75,7.65,10.32,5.05,0.3,29.72,0.18,0.68,,,,,22.2,62.5,1.5,109.75,,0.0,,,
2024-01-13 12:00:00,38.25,91.0,1.27,13.05,8.0,10.78,6.0,0.33,29.61,0.2,0.78,,,,,23.65,54.25,1.48,103.5,,0.0,,,
2024-01-13 13:00:00,38.0,91.5,1.15,13.22,7.98,11.32,5.85,0.23,29.73,0.1,0.5,,,,,25.7,47.25,1.65,102.0,,0.0,,,
2024-01-13 14:00:00,36.75,88.25,1.15,13.58,8.12,11.6,5.65,0.27,30.13,0.12,0.62,,,,,27.02,44.0,1.42,110.5,,0.0,,,
2024-01-13 15:00:00,40.75,97.5,1.35,13.35,8.2,11.98,5.28,0.26,29.93,0.15,0.62,,,,,27.5,43.0,1.48,96.25,,0.0,,,
2024-01-13 16:00:00,36.0,85.0,1.32,12.72,7.85,12.18,5.35,0.26,29.5,0.12,0.6,,,,,27.62,44.5,1.35,94.75,,0.0,,,
2024-01-13 17:00:00,36.25,86.75,1.25,14.12,8.55,12.12,4.9,0.35,29.38,0.17,0.8,,,,,26.65,48.5,1.1,88.25,,0.0,,,
2024-01-13 18:00:00,48.5,116.0,1.27,15.05,9.05,11.72,4.82,0.39,29.85,0.2,0.88,,,,,24.85,53.25,0.88,94.25,,0.0,,,
2024-01-13 19:00:00,55.25,132.25,1.27,14.62,8.8,11.18,5.78,0.43,29.64,0.22,1.0,,,,,23.25,56.5,1.03,80.0,,0.0,,,
2024-01-13 20:00:00,53.75,128.5,1.42,14.82,9.05,10.75,5.72,0.48,30.12,0.3,1.08,,,,,22.25,61.5,0.98,88.0,,0.0,,,
2024-01-13 21:00:00,55.5,132.0,1.3,14.9,8.98,10.28,5.82,0.38,30.14,0.2,0.83,,,,,21.3,67.5,0.92,81.0,,0.0,,,
2024-01-13 22:00:00,53.5,127.5,1.15,15.08,8.98,9.95,6.65,0.4,30.45,0.22,0.92,,,,,20.55,72.0,0.88,87.25,,0.0,,,
2024-01-13 23:00:00,51.5,122.25,1.25,15.4,9.22,9.52,5.5,0.4,29.78,0.2,0.9,,,,,19.92,74.5,0.85,74.75,,0.0,,,
2024-01-14 00:00:00,49.0,117.5,1.32,14.08,8.57,9.32,5.47,0.3,29.63,0.18,0.7,,,,,19.3,76.5,0.9,73.5,,0.0,,,
2024-01-14 01:00:00,45.75,109.5,1.38,13.72,8.4,9.2,6.48,0.32,30.29,0.2,0.73,,,,,18.92,78.5,0.9,75.5,,0.0,,,
2024-01-14 02:00:00,44.5,106.75,1.35,13.3,8.18,8.93,5.32,0.31,30.47,0.2,0.72,,,,,18.6,80.25,0.55,102.5,,0.0,,,
2024-01-14 03:00:00,45.25,108.0,1.2,13.55,8.18,8.68,5.25,0.29,29.75,0.2,0.68,,,,,18.15,82.0,0.45,70.75,,0.0,,,
2024-01-14 04:00:00,52.75,125.0,1.2,13.62,8.22,8.55,7.15,0.26,29.74,0.15,0.6,,,,,17.65,83.25,0.57,98.0,,0.0,,,
2024-01-14 05:00:00,59.25,141.0,1.25,14.08,8.5,8.25,8.57,0.34,29.77,0.2,0.77,,,,,17.42,84.75,0.4,73.0,,0.0,,,
2024-01-14 06:00:00,68.5,163.0,1.23,14.45,8.7,8.05,9.75,0.38,29.87,0.2,0.88,,,,,17.18,86.5,0.65,82.25,,0.0,,,
2024-01-14 07:00:00,62.75,150.25,1.32,15.88,9.52,7.75,9.8,0.44,30.09,0.25,1.05,,,,,17.1,88.75,0.68,77.75,,0.0,,,
2024-01-14 08:00:00,74.25,177.25,1.25,17.1,10.1,7.7,9.72,0.46,31.12,0.25,1.08,,,,,17.53,85.75,0.78,111.25,,0.0,,,
2024-01-14 09:00:00,62.75,149.25,1.3,15.95,9.57,8.07,6.62,0.35,29.32,0.2,0.8,,,,,19.65,67.25,1.25,94.25,,0.0,,,
2024-01-14 10:00:00,51.5,122.25,1.18,14.7,8.75,8.68,5.98,0.38,29.68,0.2,0.88,,,,,22.8,53.25,1.4,98.0,,0.0,,,
2024-01-14 11:00:00,50.25,119.0,1.32,15.55,9.35,9.43,6.58,0.4,29.52,0.2,0.9,,,,,25.05,45.25,1.7,125.75,,0.0,,,
2024-01-14 12:00:00,58.0,138.0,1.3,15.82,9.45,12.05,6.72,0.38,30.24,0.2,0.88,,,,,26.65,42.5,1.7,113.25,,0.0,,,
2024-01-14 13:00:00,50.75,120.25,1.32,15.2,9.2,13.42,6.7,0.32,29.36,0.17,0.73,,,,,27.65,40.25,1.62,100.75,,0.0,,,
2024-01-14 14:00:00,45.75,109.25,1.32,15.15,9.12,14.05,6.45,0.33,30.01,0.2,0.78,,,,,28.6,37.5,1.42,102.75,,0.0,,,
2024-01-14 15:00:00,42.75,102.25,1.48,16.98,10.22,14.5,6.1,0.41,30.05,0.2,0.95,,,,,29.3,36.0,1.32,108.25,,0.0,,,
2024-01-14 16:00:00,45.75,108.0,1.3,18.25,10.78,14.88,5.62,0.43,29.61,0.22,1.0,,,,,29.38,36.25,1.2,106.5,,0.0,,,
2024-01-14 17:00:00,49.75,118.5,1.42,20.1,11.82,15.0,5.4,0.35,29.6,0.2,0.8,,,,,28.3,40.0,0.95,105.0,,0.0,,,
2024-01-14 18:00:00,57.75,138.0,1.18,20.78,12.0,14.92,5.28,0.45,29.53,0.22,1.05,,,,,26.45,45.75,0.65,65.5,,0.0,,,
2024-01-14 19:00:00,71.5,169.25,1.42,23.85,13.82,13.88,5.75,0.7,29.99,0.4,1.6,,,,,24.15,49.25,0.68,132.5,,0.0,,,
2024-01-14 20:00:00,82.25,195.5,1.42,22.3,13.0,13.12,6.45,0.53,29.99,0.3,1.25,,,,,22.88,53.75,1.05,97.75,,0.0,,,
2024-01-14 21:00:00,61.75,147.0,1.05,18.77,10.82,12.82,7.0,0.34,29.97,0.2,0.77,,,,,21.9,64.0,1.27,86.0,,0.0,,,
2024-01-14 22:00:00,50.75,120.5,1.18,16.48,9.7,12.45,6.52,0.28,29.77,0.12,0.62,,,,,20.78,70.5,1.27,81.25,,0.0,,,
2024-01-14 23:00:00,47.75,114.75,1.27,15.22,9.12,11.9,6.52,0.24,29.95,0.12,0.55,,,,,19.92,74.0,1.1,96.5,,0.0,,,
2024-01-15 00:00:00,50.5,120.75,1.15,14.38,8.57,11.6,7.97,0.19,29.9,0.1,0.43,,,,,19.22,76.75,1.2,78.0,,0.0,,,
2024-01-15 01:00:00,51.0,121.0,1.3,13.65,8.32,11.25,8.52,0.33,30.0,0.2,0.77,,,,,18.55,78.75,1.02,78.75,,0.0,,,
2024-01-15 02:00:00,47.75,114.5,1.18,12.95,7.82,10.72,7.3,0.29,30.12,0.18,0.65,,,,,18.0,79.25,0.95,81.5,,0.0,,,
2024-01-15 03:00:00,47.0,112.5,1.3,13.32,8.12,10.4,8.7,0.26,29.67,0.15,0.57,,,,,17.6,80.0,0.88,73.0,,0.0,,,
2024-01-15 04:00:00,47.0,111.25,1.45,13.28,8.22,10.12,10.0,0.25,29.62,0.1,0.6,,,,,17.2,81.25,0.68,79.25,,0.0,,,
2024-01-15 05:00:00,45.75,109.25,1.32,12.95,7.95,9.8,11.3,0.24,30.04,0.1,0.53,,,,,16.8,82.0,0.55,78.5,,0.0,,,
2024-01-15 06:00:00,42.75,102.75,1.32,13.08,8.05,9.55,12.08,0.26,29.66,0.12,0.62,,,,,16.48,82.0,0.5,74.5,,0.0,,,
2024-01-15 07:00:00,52.75,126.0,1.48,17.75,10.62,9.38,11.58,0.47,29.43,0.28,1.12,,,,,16.5,81.75,0.48,68.5,,0.0,,,
2024-01-15 08:00:00,70.0,166.25,1.48,16.12,9.75,9.57,11.1,0.36,29.6,0.2,0.85,,,,,17.4,73.5,1.0,92.75,,0.0,,,
2024-01-15 09:00:00,51.75,124.25,1.32,15.35,9.25,9.93,10.75,0.42,29.72,0.2,0.97,,,,,19.9,60.25,1.0,101.75,,0.0,,,
2024-01-15 10:00:00,51.0,121.75,1.1,14.82,8.8,10.78,9.55,0.44,29.98,0.22,1.02,,,,,22.58,53.75,1.18,112.25,,0.0,,,
2024-01-15 11:00:00,50.5,120.0,1.15,14.75,8.78,11.58,9.72,0.47,29.73,0.28,1.1,,,,,24.68,48.5,1.32,120.0,,0.0,,,
2024-01-15 12:00:00,47.5,113.25,1.2,14.75,8.82,12.2,9.68,0.5,29.4,0.3,1.15,,,,,26.15,42.5,1.4,124.0,,0.0,,,
2024-01-15 13:00:00,42.25,100.5,1.15,14.18,8.45,12.6,9.28,0.3,29.6,0.2,0.7,,,,,27.45,37.25,1.27,118.5,,0.0,,,
2024-01-15 14:00:00,39.25,93.75,1.18,14.75,8.8,13.0,8.95,0.35,29.94,0.2,0.8,,,,,28.4,35.0,1.32,110.25,,0.0,,,
2024-01-15 15:00:00,38.0,89.75,1.23,14.9,8.93,13.58,8.43,0.35,29.22,0.2,0.8,,,,,29.1,34.5,1.2,127.0,,0.0,,,
2024-01-15 16:00:00,44.75,106.75,1.2,17.52,10.28,13.8,8.22,0.39,29.71,0.22,0.9,,,,,29.32,33.75,0.98,115.0,,0.0,,,
2024-01-15 17:00:00,52.5,125.0,1.18,17.3,10.15,13.92,8.05,0.39,30.08,0.2,0.93,,,,,28.7,35.5,0.72,90.0,,0.0,,,
2024-01-15 18:00:00,57.75,138.25,1.68,22.2,13.15,13.45,8.2,0.86,29.93,0.45,2.0,,,,,26.68,41.0,0.68,57.5,,0.0,,,
2024-01-15 19:00:00,93.5,222.75,1.3,20.75,12.1,12.85,7.8,0.66,30.28,0.38,1.52,,,,,23.95,47.0,1.1,81.75,,0.0,,,
2024-01-15 20:00:00,58.75,140.25,1.3,18.27,10.78,12.38,8.45,0.56,30.05,0.3,1.3,,,,,22.92,55.25,1.18,81.0,,0.0,,,
2024-01-15 21:00:00,56.0,133.25,1.4,16.27,9.78,11.92,8.57,0.32,30.08,0.2,0.73,,,,,21.8,63.0,1.32,84.5,,0.0,,,
2024-01-15 22:00:00,48.25,114.75,1.32,13.95,8.48,11.4,9.05,0.28,29.74,0.18,0.65,,,,,20.65,68.5,1.18,88.25,,0.0,,,
2024-01-15 23:00:00,43.5,103.25,1.27,13.2,8.02,10.92,9.22,0.2,30.48,0.1,0.48,,,,,19.72,72.75,1.15,80.5,,0.0,,,
2024-01-16 00:00:00,44.75,106.5,1.32,12.78,7.88,10.62,7.47,0.2,30.28,0.1,0.48,,,,,19.05,77.25,1.4,81.25,,0.0,,,
2024-01-16 01:00:00,43.75,104.25,1.3,11.6,7.22,10.4,7.5,0.36,29.86,0.2,0.8,,,,,18.48,80.25,1.55,79.0,,0.0,,,
2024-01-16 02:00:00,42.75,101.75,1.32,11.08,6.95,9.95,6.22,0.38,30.05,0.2,0.88,,,,,18.03,82.0,1.32,83.0,,0.0,,,
2024-01-16 03:00:00,41.5,99.75,1.25,10.5,6.62,9.62,5.42,0.33,30.19,0.2,0.75,,,,,17.82,81.0,1.2,88.75,,0.0,,,
2024-01-16 04:00:00,39.25,93.75,1.2,10.12,6.35,9.2,5.65,0.3,30.21,0.2,0.68,,,,,17.75,82.25,1.15,88.75,,0.0,,,
2024-01-16 05:00:00,37.5,88.5,1.23,10.3,6.5,9.07,6.78,0.18,30.4,0.1,0.4,,,,,17.23,83.0,1.12,87.25,,0.0,,,
2024-01-16 06:00:00,39.0,93.25,1.27,10.62,6.68,8.7,7.6,0.21,30.1,0.1,0.48,,,,,16.95,83.75,1.2,80.75,,0.0,,,
2024-01-16 07:00:00,41.25,99.25,1.3,11.75,7.32,8.4,8.35,0.25,30.1,0.12,0.57,,,,,16.8,83.75,1.02,80.5,,0.0,,,
2024-01-16 08:00:00,48.5,116.25,1.23,12.4,7.58,8.48,8.55,0.32,30.52,0.2,0.72,,,,,17.15,79.75,1.25,91.25,,0.0,,,
2024-01-16 09:00:00,52.0,124.75,1.18,13.9,8.32,8.95,7.2,0.31,29.59,0.17,0.73,,,,,18.82,66.75,1.25,94.25,,0.0,,,
2024-01-16 10:00:00,60.0,143.25,1.27,14.4,8.7,9.5,7.38,0.32,29.22,0.2,0.72,,,,,21.22,55.25,1.32,93.75,,0.0,,,
2024-01-16 11:00:00,62.75,148.75,1.08,14.32,8.5,10.45,8.02,0.38,29.55,0.2,0.85,,,,,23.32,49.5,1.15,145.25,,0.0,,,
2024-01-16 12:00:00,52.75,126.5,1.18,16.55,9.78,10.9,8.0,0.41,29.71,0.2,0.95,,,,,25.17,44.75,1.25,118.0,,0.0,,,
2024-01-16 13:00:00,50.5,121.0,1.3,14.9,8.98,11.72,7.65,0.33,29.16,0.2,0.77,,,,,26.4,40.5,1.12,128.5,,0.0,,,
2024-01-16 14:00:00,46.75,110.75,1.27,16.62,9.9,12.12,7.45,0.39,29.72,0.2,0.9,,,,,27.88,36.75,1.2,159.5,,0.0,,,
2024-01-16 15:00:00,48.0,114.0,1.02,17.15,9.98,12.9,7.4,0.42,30.12,0.25,0.98,,,,,28.8,35.0,1.05,110.25,,0.0,,,
2024-01-16 16:00:00,45.5,108.75,1.27,15.98,9.55,12.95,6.45,0.41,30.18,0.22,0.95,,,,,28.9,35.5,0.98,81.25,,0.0,,,
2024-01-16 17:00:00,46.5,109.75,1.23,15.1,9.02,12.92,5.82,0.36,30.16,0.2,0.8,,,,,27.88,36.75,0.72,92.5,,0.0,,,
2024-01-16 18:00:00,54.5,128.75,1.62,20.72,12.38,12.45,6.8,0.94,30.42,0.52,2.2,,,,,25.95,41.0,0.5,78.75,,0.0,,,
2024-01-16 19:00:00,97.0,230.5,1.32,32.17,18.2,11.68,9.02,2.01,29.74,1.12,4.62,,,,,23.75,46.0,0.92,69.5,,0.0,,,
2024-01-16 20:00:00,119.25,283.75,1.0,26.45,14.88,11.5,8.0,1.07,30.07,0.6,2.48,,,,,22.78,52.0,1.02,93.0,,0.0,,,
2024-01-16 21:00:00,56.0,132.5,1.2,19.55,11.38,11.2,7.2,0.54,30.08,0.3,1.23,,,,,21.83,59.75,1.27,93.75,,0.0,,,
2024-01-16 22:00:00,44.75,106.0,1.38,17.62,10.48,10.78,7.58,0.48,30.51,0.28,1.12,,,,,20.72,67.0,0.98,87.5,,0.0,,,
2024-01-16 23:00:00,46.0,109.5,1.2,15.48,9.2,10.35,7.55,0.32,29.4,0.2,0.75,,,,,19.7,71.0,1.02,82.25,,0.0,,,
2024-01-17 00:00:00,42.25,100.5,1.12,14.15,8.48,9.93,7.6,0.22,29.89,0.1,0.52,,,,,18.95,73.75,1.05,80.5,,0.0,,,
2024-01-17 01:00:00,38.75,93.0,1.23,13.22,8.05,9.5,8.32,0.28,30.04,0.17,0.67,,,,,18.4,76.0,0.95,85.25,,0.0,,,
2024-01-17 02:00:00,35.25,84.5,1.25,12.5,7.62,9.22,6.72,0.22,29.74,0.1,0.55,,,,,17.98,79.25,1.02,84.5,,0.0,,,
2024-01-17 03:00:00,35.25,84.25,1.35,11.92,7.42,8.95,6.4,0.18,29.91,0.1,0.43,,,,,17.53,81.5,0.78,83.25,,0.0,,,
2024-01-17 04:00:00,33.5,80.0,1.3,12.25,7.58,8.85,7.02,0.16,29.76,0.1,0.38,,,,,17.25,83.0,0.85,71.5,,0.0,,,
2024-01-17 05:00:00,34.75,82.75,1.23,12.42,7.6,8.5,8.2,0.28,29.94,0.2,0.6,,,,,17.03,84.5,0.92,82.0,,0.0,,,
2024-01-17 06:00:00,34.0,82.0,1.12,11.92,7.3,8.48,8.78,0.27,30.13,0.15,0.6,,,,,16.75,85.5,1.12,98.5,,0.0,,,
2024-01-17 07:00:00,35.75,85.75,1.27,11.62,7.25,8.28,9.7,0.31,30.54,0.2,0.7,,,,,16.62,86.0,1.1,92.0,,0.0,,,
2024-01-17 08:00:00,42.0,99.25,1.25,11.98,7.38,8.22,9.65,0.34,30.58,0.2,0.8,,,,,17.02,84.25,1.25,88.0,,0.0,,,
2024-01-17 09:00:00,45.5,107.5,1.27,11.75,7.28,8.48,7.88,0.38,29.72,0.2,0.9,,,,,18.65,74.5,1.2,103.75,,0.0,,,
2024-01-17 10:00:00,50.0,119.25,1.38,12.92,7.98,8.98,8.72,0.49,30.12,0.3,1.15,,,,,21.3,61.5,1.0,143.0,,0.0,,,
2024-01-17 11:00:00,60.0,143.25,1.3,14.78,8.88,9.68,8.72,0.62,30.34,0.35,1.42,,,,,23.75,54.25,1.23,187.25,,0.0,,,
2024-01-17 12:00:00,60.5,144.0,1.52,16.0,9.75,10.42,8.8,0.64,29.84,0.38,1.48,,,,,25.35,43.25,1.12,196.0,,0.0,,,
2024-01-17 13:00:00,53.5,127.25,1.45,16.3,9.85,10.8,8.55,0.49,29.34,0.27,1.1,,,,,27.28,39.25,1.23,207.75,,0.0,,,
2024-01-17 14:00:00,55.0,131.25,1.4,18.25,10.85,11.08,7.68,0.53,29.8,0.3,1.23,,,,,28.2,38.75,1.38,198.75,,0.0,,,
2024-01-17 15:00:00,55.0,131.5,1.23,17.73,10.42,11.5,7.32,0.53,29.47,0.3,1.23,,,,,28.72,37.5,0.95,137.0,,0.0,,,
2024-01-17 16:00:00,55.75,132.25,1.12,17.62,10.28,11.8,7.25,0.52,29.86,0.3,1.18,,,,,29.2,38.25,1.1,108.0,,0.0,,,
2024-01-17 17:00:00,58.0,138.5,1.3,16.68,9.95,11.68,6.78,0.52,30.25,0.3,1.2,,,,,28.15,40.75,0.85,81.5,,0.0,,,
2024-01-17 18:00:00,64.25,152.0,1.38,16.67,10.0,11.38,6.98,0.77,30.16,0.45,1.78,,,,,26.28,44.25,0.92,100.75,,0.0,,,
2024-01-17 19:00:00,81.25,193.25,1.35,15.88,9.52,10.65,7.62,0.79,29.85,0.45,1.82,,,,,24.45,47.25,1.25,98.75,,0.0,,,
2024-01-17 20:00:00,71.25,170.5,1.3,14.82,8.93,9.93,8.12,0.64,29.58,0.38,1.5,,,,,23.5,45.75,1.35,97.75,,0.0,,,
2024-01-17 21:00:00,55.75,133.25,1.25,14.42,8.65,9.35,8.38,0.44,30.21,0.23,1.03,,,,,22.62,49.0,1.1,85.25,,0.0,,,
2024-01-17 22:00:00,49.25,118.0,1.23,13.82,8.35,8.68,8.93,0.3,30.38,0.15,0.7,,,,,21.42,55.5,1.1,82.5,,0.0,,,
2024-01-17 23:00:00,39.25,93.25,1.23,12.25,7.52,8.55,9.1,0.16,29.8,0.1,0.38,,,,,20.12,62.25,1.08,100.75,,0.0,,,
2024-01-18 00:00:00,34.25,82.25,1.23,12.12,7.42,8.43,8.23,0.1,29.34,0.08,0.25,,,,,19.42,67.25,0.98,82.75,,0.0,,,
2024-01-18 01:00:00,33.5,79.25,1.23,11.48,7.1,8.2,8.57,0.15,30.0,0.1,0.33,,,,,18.72,72.25,1.02,78.75,,0.0,,,
2024-01-18 02:00:00,28.0,66.0,1.2,11.8,7.25,8.45,7.88,0.2,28.4,0.1,0.48,,,,,18.05,77.25,0.88,85.0,,0.0,,,
2024-01-18 03:00:00,26.25,63.0,1.32,11.7,7.3,8.98,8.15,0.16,28.48,0.1,0.38,,,,,17.55,81.5,1.0,88.0,,0.0,,,
2024-01-18 04:00:00,30.5,73.25,1.38,10.82,6.9,8.32,8.82,0.11,29.76,0.08,0.25,,,,,17.35,83.75,1.1,88.75,,0.0,,,
2024-01-18 05:00:00,32.75,78.5,1.35,10.58,6.72,7.85,8.48,0.18,29.54,0.1,0.43,,,,,17.18,84.5,1.05,89.0,,0.0,,,
2024-01-18 06:00:00,35.5,84.25,1.23,10.5,6.6,7.52,7.5,0.16,29.89,0.1,0.38,,,,,17.03,85.0,0.82,87.5,,0.0,,,
2024-01-18 07:00:00,39.75,94.75,1.27,11.58,7.2,7.2,8.43,0.23,30.0,0.12,0.52,,,,,16.85,84.75,0.78,106.5,,0.0,,,
2024-01-18 08:00:00,51.5,123.0,1.38,14.28,8.72,6.95,9.43,0.42,29.89,0.25,0.98,,,,,17.42,79.75,0.98,149.0,,0.0,,,
2024-01-18 09:00:00,63.5,151.0,1.2,15.1,9.02,7.28,10.5,0.35,29.22,0.2,0.83,,,,,19.25,68.25,1.3,154.75,,0.0,,,
2024-01-18 10:00:00,69.75,166.75,1.3,15.7,9.38,7.75,12.58,0.46,29.87,0.28,1.05,,,,,21.48,56.75,1.4,166.75,,0.0,,,
2024-01-18 11:00:00,69.25,164.5,1.35,14.92,9.02,8.28,13.68,0.37,29.96,0.2,0.82,,,,,23.7,47.5,1.35,160.75,,0.0,,,
2024-01-18 12:00:00,52.0,124.25,1.2,15.27,9.07,9.95,12.22,0.41,27.56,0.23,0.93,,,,,25.5,44.0,1.15,183.25,,0.0,,,
2024-01-18 13:00:00,50.25,120.5,1.38,15.7,9.45,10.72,9.55,0.31,28.14,0.13,0.7,,,,,26.67,40.25,1.23,186.75,,0.0,,,
2024-01-18 14:00:00,45.75,109.0,1.32,16.32,9.78,11.15,8.2,0.4,29.87,0.25,0.92,,,,,27.55,39.0,1.15,162.75,,0.0,,,
2024-01-18 15:00:00,49.0,117.5,1.35,15.95,9.62,11.0,8.2,0.4,29.46,0.22,0.92,,,,,28.02,36.75,1.42,190.0,,0.0,,,
2024-01-18 16:00:00,48.75,116.75,1.25,13.98,8.45,12.1,7.02,0.27,30.11,0.15,0.62,,,,,28.82,36.25,0.92,134.25,,0.0,,,
2024-01-18 17:00:00,46.0,108.75,1.45,16.85,10.15,12.25,7.55,0.45,29.44,0.23,1.0,,,,,28.0,38.5,0.88,147.5,,0.0,,,
2024-01-18 18:00:00,76.5,181.5,1.2,20.98,12.18,12.25,6.68,1.0,30.01,0.55,2.28,,,,,26.58,42.75,0.6,74.25,,0.0,,,
2024-01-18 19:00:00,99.5,236.0,1.48,19.92,11.82,11.92,6.18,1.05,29.9,0.55,2.43,,,,,24.7,45.75,0.88,93.25,,0.0,,,
2024-01-18 20:00:00,79.5,188.75,1.35,17.68,10.52,11.25,6.68,0.98,30.17,0.52,2.28,,,,,23.58,47.75,0.9,80.75,,0.0,,,
2024-01-18 21:00:00,69.0,164.0,1.15,17.38,10.15,10.5,6.55,0.75,30.2,0.43,1.73,,,,,22.65,50.5,1.02,70.0,,0.0,,,
2024-01-18 22:00:00,61.75,146.75,1.4,15.8,9.55,10.07,5.58,0.36,29.85,0.22,0.82,,,,,21.62,58.5,1.23,76.25,,0.0,,,
2024-01-18 23:00:00,37.25,88.5,1.27,14.95,8.98,11.18,6.02,0.25,28.1,0.12,0.57,,,,,20.58,66.75,1.18,82.25,,0.0,,,
2024-01-19 00:00:00,28.75,68.5,1.23,13.77,8.35,11.32,6.67,0.14,29.57,0.1,0.35,,,,,19.7,71.5,0.98,87.75,,0.0,,,
2024-01-19 01:00:00,28.0,66.75,1.2,13.32,8.07,10.58,7.68,0.17,30.29,0.1,0.37,,,,,18.95,74.5,1.08,84.75,,0.0,,,
2024-01-19 02:00:00,26.0,61.5,1.42,12.15,7.62,10.07,7.5,0.11,29.98,0.05,0.28,,,,,18.38,78.25,0.78,86.5,,0.0,,,
2024-01-19 03:00:00,20.5,49.25,1.42,12.28,7.65,9.78,7.55,0.06,29.87,0.02,0.18,,,,,17.9,80.25,0.52,81.25,,0.0,,,
2024-01-19 04:00:00,21.75,52.0,1.35,12.28,7.62,9.48,7.43,0.05,30.32,0.0,0.12,,,,,17.55,81.5,0.72,78.25,,0.0,,,
2024-01-19 05:00:00,22.0,51.75,1.4,12.3,7.65,9.25,7.85,0.22,30.31,0.1,0.5,,,,,17.38,83.0,1.02,77.5,,0.0,,,
2024-01-19 06:00:00,25.75,61.75,1.3,12.2,7.52,9.0,7.72,0.21,29.84,0.1,0.5,,,,,17.23,85.0,1.1,89.75,,0.0,,,
2024-01-19 07:00:00,29.75,71.0,1.48,12.38,7.75,8.8,7.72,0.23,29.96,0.1,0.52,,,,,17.05,86.0,1.0,83.5,,0.0,,,
2024-01-19 08:00:00,37.5,89.0,1.4,12.58,7.82,9.0,7.78,0.27,29.88,0.12,0.62,,,,,17.48,84.75,1.08,76.75,,0.0,,,
2024-01-19 09:00:00,45.25,107.5,1.32,13.0,7.98,9.15,8.05,0.4,29.91,0.23,0.9,,,,,19.15,74.5,0.92,131.5,,0.0,,,
2024-01-19 10:00:00,47.0,111.25,1.25,14.25,8.6,9.78,8.98,0.46,29.94,0.28,1.08,,,,,22.45,60.5,0.98,120.75,,0.0,,,
2024-01-19 11:00:00,47.75,112.75,1.05,13.48,8.02,10.98,8.5,,29.19,,,,,,,25.1,50.25,1.15,113.25,,0.0,,,
2024-01-19 12:00:00,39.75,96.0,1.27,14.92,8.98,12.75,6.8,,29.21,,,,,,,26.75,40.75,1.12,126.5,,0.0,,,
2024-01-19 13:00:00,34.25,93.75,1.1,15.55,9.18,16.5,6.42,,29.98,,,,,,,28.1,40.5,1.15,131.75,,0.0,,,
2024-01-19 14:00:00,30.0,96.25,1.2,9.35,4.23,7.37,6.6,0.31,30.07,0.2,0.7,,,,,28.48,37.75,1.27,98.75,,0.0,,,
2024-01-19 15:00:00,34.75,98.75,1.25,9.15,5.85,12.58,6.4,0.28,28.48,0.18,0.65,,,,,29.42,37.0,1.08,100.75,,0.0,,,
2024-01-19 16:00:00,40.5,113.75,,,,,5.65,0.3,28.73,0.2,0.67,,,,,28.9,35.75,1.02,95.0,,0.0,,,
2024-01-19 17:00:00,40.25,141.25,,,,,6.32,0.21,29.62,0.1,0.5,,,,,28.45,38.75,0.72,72.5,,0.0,,,
2024-01-19 18:00:00,37.75,143.25,1.3,14.62,8.85,16.45,7.18,0.29,29.9,0.15,0.7,,,,,26.55,47.5,1.08,89.5,,0.0,,,
2024-01-19 19:00:00,44.0,157.75,1.08,14.75,8.72,15.48,6.88,,29.6,,,,,,,24.65,53.5,1.2,85.5,,0.0,,,
2024-01-19 20:00:00,39.0,134.25,1.18,14.32,8.57,14.6,7.18,,30.49,,,,,,,23.52,61.5,1.52,89.5,,0.0,,,
2024-01-19 21:00:00,44.0,126.0,1.18,13.82,8.28,13.75,7.08,0.34,29.74,0.2,0.8,,,,,22.05,68.5,1.3,92.75,,0.0,,,
2024-01-19 22:00:00,52.25,115.75,1.35,13.05,8.02,13.05,7.1,0.48,29.95,0.28,1.08,,,,,20.8,72.25,1.18,88.25,,0.0,,,
2024-01-19 23:00:00,57.0,109.75,1.27,12.78,7.82,12.52,7.62,0.18,30.74,0.12,0.42,,,,,20.02,75.75,1.35,84.0,,0.0,,,
2024-01-20 00:00:00,50.75,97.0,1.38,12.6,7.82,12.15,6.73,0.03,29.99,0.0,0.05,,,,,19.4,80.25,1.35,83.25,,0.0,,,
2024-01-20 01:00:00,50.0,80.5,1.4,13.58,8.32,30.78,5.88,0.17,30.45,0.1,0.4,,,,,19.03,82.25,1.38,81.0,,0.0,,,
2024-01-20 02:00:00,49.25,84.0,1.18,16.95,9.98,17.48,6.3,0.21,30.1,0.12,0.5,,,,,18.73,83.0,1.25,84.5,,0.0,,,
2024-01-20 03:00:00,46.75,80.25,1.35,16.8,10.05,17.85,5.85,0.11,29.91,0.05,0.22,,,,,18.4,84.0,1.3,79.5,,0.0,,,
2024-01-20 04:00:00,45.75,79.0,1.18,16.32,9.65,17.8,5.95,0.15,29.76,0.1,0.33,,,,,17.98,84.5,1.02,84.5,,0.0,,,
2024-01-20 05:00:00,44.75,80.5,1.15,16.35,9.62,17.4,6.62,,29.46,,,,,,,17.58,85.0,1.15,85.75,,0.0,,,
2024-01-20 06:00:00,44.75,77.5,1.27,16.2,9.7,17.18,6.1,,29.88,,,,,,,17.42,86.0,0.98,89.75,,0.0,,,
2024-01-20 07:00:00,48.0,89.5,1.38,16.35,9.88,16.82,6.28,,30.34,,,,,,,17.2,85.75,0.92,77.5,,0.0,,,
2024-01-20 08:00:00,51.5,109.0,1.27,16.73,9.95,17.02,6.62,,29.57,,,,,,,17.75,75.25,1.02,107.25,,0.0,,,
2024-01-20 09:00:00,49.25,101.0,1.25,17.15,10.15,17.8,6.72,0.24,29.48,0.13,0.57,,,,,20.22,52.25,1.35,95.0,,0.0,,,
2024-01-20 10:00:00,40.0,101.0,1.3,18.08,10.68,18.9,6.65,0.18,30.16,0.12,0.42,,,,,23.12,44.5,1.6,85.75,,0.0,,,
2024-01-20 11:00:00,44.25,93.0,1.3,18.2,10.75,20.42,6.32,0.27,30.08,0.12,0.62,,,,,24.82,42.5,1.52,98.0,,0.0,,,
2024-01-20 12:00:00,37.0,92.5,1.25,18.18,10.68,21.98,6.85,0.24,29.61,0.15,0.57,,,,,26.48,41.0,1.27,130.0,,0.0,,,
2024-01-20 13:00:00,32.25,84.25,1.32,18.58,10.92,23.75,6.93,0.39,29.66,0.23,0.9,,,,,27.92,39.25,1.23,145.5,,0.0,,,
2024-01-20 14:00:00,36.5,94.0,1.42,19.25,11.4,25.92,6.48,0.48,29.87,0.25,1.1,,,,,28.98,38.0,1.2,157.0,,0.0,,,
2024-01-20 15:00:00,38.25,106.25,1.4,20.15,11.85,27.3,5.38,0.12,29.55,0.05,0.3,,,,,29.18,39.0,1.23,84.75,,0.0,,,
2024-01-20 16:00:00,39.75,116.5,1.45,20.6,12.1,27.88,5.18,0.5,29.66,0.3,1.17,,,,,28.95,39.5,1.05,130.25,,0.0,,,
2024-01-20 17:00:00,40.0,116.5,1.32,20.68,12.1,27.65,5.8,0.88,29.68,0.5,2.0,,,,,28.12,41.5,0.85,87.0,,0.0,,,
2024-01-20 18:00:00,38.5,124.0,1.42,19.98,11.78,27.0,5.55,0.9,28.55,0.48,2.1,,,,,26.45,48.5,1.12,98.0,,0.0,,,
2024-01-20 19:00:00,50.75,152.75,,,,,4.82,0.53,27.2,0.27,1.2,,,,,24.5,54.5,1.3,98.0,,0.0,,,
2024-01-20 20:00:00,44.75,125.0,,,,,4.22,0.18,29.92,0.12,0.43,,,,,23.25,59.25,1.58,96.75,,0.0,,,
2024-01-20 21:00:00,38.5,104.25,1.4,18.32,10.88,25.3,3.88,0.25,30.04,0.13,0.57,,,,,21.9,63.5,1.4,95.25,,0.0,,,
2024-01-20 22:00:00,39.5,90.75,1.38,17.38,10.35,23.2,5.7,0.08,30.18,0.05,0.18,,,,,20.75,68.75,1.4,82.75,,0.0,,,
2024-01-20 23:00:00,38.0,76.75,1.3,16.55,9.9,21.82,4.45,0.08,30.51,0.05,0.12,,,,,19.82,73.5,1.27,82.75,,0.0,,,
2024-01-21 00:00:00,38.75,81.0,1.32,16.42,9.8,20.7,5.8,0.05,29.68,0.0,0.1,,,,,19.2,76.25,1.1,89.75,,0.0,,,
2024-01-21 01:00:00,39.75,80.5,1.35,16.48,9.85,19.85,7.3,0.25,29.96,0.13,0.6,,,,,18.8,78.5,1.08,83.5,,0.0,,,
2024-01-21 02:00:00,38.0,85.75,1.42,16.58,9.95,19.08,7.32,0.27,30.05,0.12,0.6,,,,,18.38,81.0,1.05,76.25,,0.0,,,
2024-01-21 03:00:00,42.75,78.75,1.45,16.45,9.93,18.52,7.35,0.24,30.21,0.15,0.55,,,,,17.92,82.5,0.95,73.5,,0.0,,,
2024-01-21 04:00:00,38.75,77.0,1.38,16.42,9.85,18.0,7.02,0.22,30.01,0.12,0.48,,,,,17.62,83.75,0.92,84.0,,0.0,,,
2024-01-21 05:00:00,39.0,75.5,1.32,16.2,9.68,17.73,7.12,0.1,29.77,0.07,0.23,,,,,17.4,84.75,0.85,83.5,,0.0,,,
2024-01-21 06:00:00,42.75,85.0,1.5,16.27,9.85,17.23,7.12,0.15,29.8,0.1,0.35,,,,,17.35,85.0,0.55,73.5,,0.0,,,
2024-01-21 07:00:00,45.5,99.25,1.38,16.5,9.9,17.15,7.0,0.14,29.78,0.1,0.32,,,,,17.3,84.75,0.72,93.25,,0.0,,,
2024-01-21 08:00:00,46.5,97.25,1.32,17.32,10.32,17.27,7.75,0.12,30.33,0.07,0.3,,,,,18.15,76.75,1.08,95.75,,0.0,,,
2024-01-21 09:00:00,42.5,95.0,1.27,17.75,10.5,17.92,8.28,0.19,30.06,0.1,0.43,,,,,20.55,55.25,1.23,104.5,,0.0,,,
2024-01-21 10:00:00,36.0,87.75,1.3,18.65,10.98,21.1,7.52,0.23,27.51,0.1,0.5,,,,,23.22,49.75,1.6,108.75,,0.0,,,
2024-01-21 11:00:00,37.0,94.0,1.27,21.75,12.62,27.38,5.5,0.33,28.76,0.18,0.75,,,,,24.92,42.75,1.58,105.5,,0.0,,,
2024-01-21 12:00:00,33.75,100.75,1.45,19.62,11.62,26.25,5.88,0.19,29.85,0.13,0.43,,,,,26.72,38.25,1.23,135.5,,0.0,,,
2024-01-21 13:00:00,41.0,108.0,1.63,20.0,11.97,26.43,6.25,0.48,30.28,0.27,1.1,,,,,28.55,34.75,1.3,189.75,,0.0,,,
2024-01-21 14:00:00,38.25,97.5,1.6,20.65,12.35,27.6,6.0,0.52,29.21,0.3,1.2,,,,,29.58,33.5,1.02,167.75,,0.0,,,
2024-01-21 15:00:00,38.25,101.75,1.5,22.0,12.9,28.9,6.2,1.32,30.35,0.72,3.05,,,,,30.3,33.0,1.23,173.0,,0.0,,,
2024-01-21 16:00:00,36.5,103.5,,,,,6.78,1.26,30.42,0.7,2.9,,,,,30.0,33.75,0.98,145.0,,0.0,,,
2024-01-21 17:00:00,37.0,111.5,1.4,23.0,13.4,29.7,6.2,0.51,30.2,0.27,1.2,,,,,29.58,35.75,0.7,74.75,,0.0,,,
2024-01-21 18:00:00,43.0,163.5,1.63,23.17,13.63,29.03,7.08,1.22,29.88,0.68,2.82,,,,,27.52,40.75,0.7,46.0,,0.0,,,
2024-01-21 19:00:00,72.0,311.5,1.62,27.8,16.08,27.15,8.78,1.67,30.01,0.92,3.85,,,,,24.85,45.0,0.72,78.0,,0.0,,,
2024-01-21 20:00:00,72.25,263.5,1.32,26.92,15.4,25.88,7.52,0.78,30.24,0.45,1.82,,,,,23.75,48.75,1.27,91.25,,0.0,,,
2024-01-21 21:00:00,49.75,134.75,1.15,23.42,13.4,24.62,6.85,0.52,29.32,0.3,1.2,,,,,23.22,60.5,1.25,96.75,,0.0,,,
2024-01-21 22:00:00,33.0,82.75,1.3,22.4,13.0,25.9,6.27,0.41,25.29,0.22,0.92,,,,,21.85,67.25,1.15,82.5,,0.0,,,
2024-01-21 23:00:00,29.75,74.0,,,,,,0.45,28.93,0.28,1.05,,,,,20.88,71.5,1.15,80.5,,0.0,,,
2024-01-22 00:00:00,28.0,74.25,,,,,5.33,0.18,29.79,0.12,0.42,,,,,20.02,75.0,1.23,82.5,,0.0,,,
2024-01-22 01:00:00,24.5,63.25,1.27,18.2,10.7,24.92,6.48,0.12,30.48,0.1,0.27,,,,,19.38,78.0,1.2,86.5,,0.0,,,
2024-01-22 02:00:00,23.25,54.5,1.32,17.33,10.32,22.95,7.62,0.04,30.09,0.0,0.1,,,,,18.88,80.5,0.85,92.5,,0.0,,,
2024-01-22 03:00:00,25.25,53.75,1.42,16.92,10.15,21.58,6.48,,29.73,,,,,,,18.48,82.0,0.7,72.75,,0.0,,,
2024-01-22 04:00:00,30.25,64.25,1.1,17.05,9.98,20.8,6.9,0.01,29.7,0.0,0.0,,,,,18.35,82.0,0.48,54.0,,0.0,,,
2024-01-22 05:00:00,35.25,84.75,1.4,18.15,10.8,19.92,8.45,0.26,29.94,0.1,0.6,,,,,18.32,81.0,0.6,97.5,,0.0,,,
2024-01-22 06:00:00,41.25,83.5,1.23,18.65,10.92,19.45,7.48,0.35,30.1,0.2,0.8,,,,,18.65,78.25,0.55,63.25,,0.0,,,
2024-01-22 07:00:00,49.75,114.75,1.15,19.73,11.45,19.08,7.42,0.41,30.36,0.22,0.95,,,,,18.6,77.0,0.82,85.75,,0.0,,,
2024-01-22 08:00:00,53.75,111.5,1.12,20.02,11.55,19.23,7.7,0.43,30.34,0.25,0.98,,,,,19.47,65.75,1.12,94.0,,0.0,,,
2024-01-22 09:00:00,46.5,123.5,1.12,19.48,11.3,19.75,8.6,0.37,30.06,0.2,0.83,,,,,21.85,49.5,1.4,101.0,,0.0,,,
2024-01-22 10:00:00,36.75,103.0,1.25,19.2,11.22,21.08,9.52,0.4,29.86,0.22,0.92,,,,,24.22,46.5,1.52,104.5,,0.0,,,
2024-01-22 11:00:00,36.75,105.75,1.45,20.03,11.82,24.0,8.15,0.39,29.07,0.22,0.92,,,,,25.92,40.5,1.5,109.5,,0.0,,,
2024-01-22 12:00:00,31.25,96.75,1.25,20.5,11.95,27.12,8.1,0.4,30.07,0.22,0.92,,,,,27.42,38.5,1.55,131.25,,0.0,,,
2024-01-22 13:00:00,35.0,96.25,1.3,19.48,11.42,27.48,7.6,0.66,29.98,0.33,1.5,,,,,28.35,36.75,1.35,124.25,,0.0,,,
2024-01-22 14:00:00,34.5,90.5,1.55,19.6,11.7,28.05,7.65,0.61,30.02,0.32,1.38,,,,,29.3,35.0,1.32,120.25,,0.0,,,
2024-01-22 15:00:00,33.5,95.75,1.4,22.3,13.0,28.5,7.55,0.5,29.47,0.3,1.15,,,,,29.95,33.5,1.2,99.0,,0.0,,,
2024-01-22 16:00:00,34.0,88.75,1.5,21.2,12.5,29.0,7.3,0.41,29.6,0.2,0.95,,,,,29.92,34.5,1.12,105.25,,0.0,,,
2024-01-22 17:00:00,31.5,89.5,,,,,6.7,0.95,27.36,0.5,2.2,,,,,29.0,37.5,1.0,93.5,,0.0,,,
2024-01-22 18:00:00,35.25,102.0,,,,,6.3,0.93,29.99,0.52,2.15,,,,,27.2,41.75,1.05,87.5,,0.0,,,
2024-01-22 19:00:00,45.25,134.5,,,,,6.48,0.72,29.64,0.38,1.65,,,,,25.1,43.75,1.2,100.25,,0.0,,,
2024-01-22 20:00:00,55.25,161.0,1.42,17.95,10.75,21.83,6.9,0.98,29.99,0.55,2.22,,,,,23.9,50.25,1.35,93.25,,0.0,,,
2024-01-22 21:00:00,50.5,147.5,1.38,17.73,10.58,21.48,7.45,0.27,29.96,0.13,0.63,,,,,22.65,62.25,1.38,96.0,,0.0,,,
2024-01-22 22:00:00,32.75,93.0,1.55,16.75,10.15,20.95,7.22,0.36,30.4,0.2,0.82,,,,,21.35,67.5,1.23,81.0,,0.0,,,
2024-01-22 23:00:00,30.25,78.0,1.35,16.5,9.88,20.32,7.0,0.2,30.32,0.1,0.45,,,,,20.45,71.25,1.05,76.5,,0.0,,,
2024-01-23 00:00:00,35.0,77.0,1.52,16.62,10.1,19.52,5.9,0.12,30.12,0.05,0.28,,,,,19.88,74.0,1.15,86.0,,0.0,,,
2024-01-23 01:00:00,35.75,72.5,1.42,16.4,9.9,18.92,5.6,0.21,29.8,0.1,0.5,,,,,19.38,75.75,1.1,87.25,,0.0,,,
2024-01-23 02:00:00,30.25,67.0,1.42,16.4,9.85,18.48,4.28,0.22,29.7,0.12,0.52,,,,,18.92,75.5,0.82,89.75,,0.0,,,
2024-01-23 03:00:00,32.75,64.5,1.23,16.62,9.85,18.15,4.58,0.17,30.08,0.1,0.4,,,,,18.6,76.5,0.7,86.5,,0.0,,,
2024-01-23 04:00:00,30.75,69.5,1.5,16.75,10.15,17.9,5.1,0.18,29.84,0.1,0.4,,,,,18.32,75.25,0.92,129.5,,0.0,,,
2024-01-23 05:00:00,36.0,84.5,1.5,17.62,10.58,17.73,5.65,0.31,30.71,0.2,0.73,,,,,18.35,77.25,0.85,156.0,,0.0,,,
2024-01-23 06:00:00,37.25,99.5,1.48,18.48,11.05,17.52,6.18,0.38,30.4,0.2,0.9,,,,,18.08,78.0,0.42,151.5,,0.0,,,
2024-01-23 07:00:00,48.25,179.25,1.38,19.9,11.68,17.12,6.98,0.66,30.05,0.35,1.52,,,,,17.8,74.75,0.57,53.75,,0.0,,,
2024-01-23 08:00:00,63.0,338.0,1.58,21.58,12.75,17.4,7.02,0.49,30.48,0.28,1.15,,,,,18.88,54.25,1.05,84.25,,0.0,,,
2024-01-23 09:00:00,39.25,127.0,1.25,20.7,12.05,18.15,6.22,0.31,29.76,0.2,0.7,,,,,21.7,41.5,1.5,112.0,,0.0,,,
2024-01-23 10:00:00,30.5,93.0,1.1,20.38,11.72,19.55,6.6,0.24,30.06,0.12,0.55,,,,,23.62,39.25,1.4,114.25,,0.0,,,
2024-01-23 11:00:00,29.5,85.25,1.15,20.4,11.78,21.18,6.2,0.19,30.84,0.1,0.48,,,,,25.35,37.75,1.27,115.25,,0.0,,,
2024-01-23 12:00:00,33.0,100.5,1.3,20.52,11.98,23.1,6.02,0.38,30.62,0.2,0.88,,,,,27.05,36.75,1.27,125.5,,0.0,,,
2024-01-23 13:00:00,39.0,106.75,1.3,21.15,12.3,25.02,6.25,0.28,29.92,0.17,0.67,,,,,28.2,36.5,1.25,139.5,,0.0,,,
2024-01-23 14:00:00,36.75,103.5,1.48,21.2,12.45,26.85,5.58,0.32,29.91,0.18,0.75,,,,,28.7,35.0,1.23,139.5,,0.0,,,
2024-01-23 15:00:00,32.0,102.25,1.0,22.02,12.5,28.22,4.88,0.4,29.76,0.2,0.9,,,,,29.4,34.25,1.18,152.25,,0.0,,,
2024-01-23 16:00:00,39.0,105.0,1.25,22.4,12.95,28.8,4.85,0.53,29.52,0.32,1.23,,,,,29.62,34.25,1.0,105.0,,0.0,,,
2024-01-23 17:00:00,42.75,132.5,1.47,22.7,13.27,29.0,4.42,0.32,29.26,0.17,0.77,,,,,28.95,36.5,0.92,98.0,,0.0,,,
2024-01-23 18:00:00,46.25,127.25,1.7,21.68,12.9,27.85,5.03,0.45,30.08,0.25,1.08,,,,,27.0,41.75,1.0,94.0,,0.0,,,
2024-01-23 19:00:00,48.75,156.5,1.27,21.0,12.22,26.68,5.9,0.42,29.45,0.2,0.98,,,,,24.92,50.25,1.6,114.75,,0.0,,,
2024-01-23 20:00:00,44.0,140.25,1.38,19.73,11.6,25.2,5.1,0.42,29.73,0.22,0.95,,,,,23.78,56.5,1.18,102.25,,0.0,,,
2024-01-23 21:00:00,40.75,123.0,1.35,18.92,11.15,24.02,5.68,0.37,30.32,0.2,0.83,,,,,22.6,60.5,1.4,98.5,,0.0,,,
2024-01-23 22:00:00,38.25,93.25,1.52,18.32,10.98,22.95,6.18,0.42,30.24,0.25,0.95,,,,,21.68,67.5,1.27,97.0,,0.0,,,
2024-01-23 23:00:00,32.5,80.0,1.18,17.55,10.3,21.88,6.15,0.27,29.86,0.15,0.6,,,,,20.52,72.25,1.5,95.25,,0.0,,,
2024-01-24 00:00:00,32.25,64.0,1.35,17.22,10.25,20.95,5.67,0.13,29.74,0.1,0.25,,,,,19.85,74.5,1.2,101.5,,0.0,,,
2024-01-24 01:00:00,35.5,61.75,1.45,16.68,10.05,20.18,6.02,0.2,30.18,0.1,0.47,,,,,19.27,76.25,1.05,86.75,,0.0,,,
2024-01-24 02:00:00,33.25,61.25,1.4,16.35,9.88,19.45,6.68,0.22,30.35,0.1,0.52,,,,,18.77,77.5,0.9,81.0,,0.0,,,
2024-01-24 03:00:00,30.25,54.25,1.48,16.25,9.85,19.08,6.3,0.26,30.08,0.15,0.6,,,,,18.35,78.5,1.42,83.75,,0.0,,,
2024-01-24 04:00:00,28.5,59.5,1.18,16.5,9.78,18.65,6.28,0.24,30.04,0.15,0.55,,,,,18.18,79.25,0.78,76.75,,0.0,,,
2024-01-24 05:00:00,32.75,66.0,1.3,16.85,10.02,18.45,6.28,0.25,30.25,0.17,0.6,,,,,18.03,80.25,0.7,87.5,,0.0,,,
2024-01-24 06:00:00,44.5,83.25,1.27,17.35,10.25,18.25,5.98,0.26,29.8,0.15,0.6,,,,,17.85,80.75,0.85,109.0,,0.0,,,
2024-01-24 07:00:00,56.75,122.5,1.27,17.92,10.58,18.12,5.82,0.4,30.1,0.2,0.9,,,,,18.08,79.75,0.9,103.5,,0.0,,,
2024-01-24 08:00:00,62.0,142.75,1.18,18.88,11.0,18.3,7.1,0.5,30.13,0.28,1.15,,,,,18.75,73.25,1.15,136.25,,0.0,,,
2024-01-24 09:00:00,64.5,155.25,1.3,19.58,11.45,19.08,9.6,0.54,30.03,0.3,1.23,,,,,20.55,66.5,1.35,149.75,,0.0,,,
2024-01-24 10:00:00,70.0,152.5,1.2,19.68,11.48,20.08,9.5,0.59,30.2,0.32,1.38,,,,,22.2,63.0,1.23,182.25,,0.0,,,
2024-01-24 11:00:00,62.25,132.5,1.38,20.5,12.02,21.12,9.95,0.62,30.08,0.35,1.45,,,,,23.5,57.75,1.38,187.5,,0.0,,,
2024-01-24 12:00:00,56.75,133.25,1.42,21.22,12.45,22.55,9.75,0.6,29.55,0.32,1.38,,,,,25.22,50.25,1.25,211.25,,0.0,,,
2024-01-24 13:00:00,52.5,134.75,1.27,21.85,12.65,24.42,7.82,0.34,29.64,0.2,0.8,,,,,27.08,42.0,1.15,199.25,,0.0,,,
2024-01-24 14:00:00,40.25,108.5,1.0,22.3,12.68,26.28,6.22,0.32,30.39,0.18,0.75,,,,,28.15,36.75,1.3,195.75,,0.0,,,
2024-01-24 15:00:00,35.25,85.25,1.1,22.5,12.88,27.88,5.2,0.42,29.3,0.22,0.95,,,,,28.9,36.75,1.2,176.25,,0.0,,,
2024-01-24 16:00:00,37.0,105.5,1.15,23.05,13.18,28.68,4.65,0.38,29.81,0.22,0.9,,,,,28.9,36.0,0.9,132.25,,0.0,,,
2024-01-24 17:00:00,42.0,102.0,1.32,23.4,13.55,28.45,4.65,0.55,29.72,0.3,1.27,,,,,28.58,38.0,0.57,99.25,,0.0,,,
2024-01-24 18:00:00,51.25,149.5,1.5,23.75,13.82,27.6,5.42,0.99,30.5,0.55,2.28,,,,,27.1,42.25,0.7,133.5,,0.0,,,
2024-01-24 19:00:00,61.75,195.5,1.45,23.08,13.45,26.52,6.4,1.02,29.67,0.57,2.38,,,,,25.3,49.5,1.23,98.75,,0.0,,,
2024-01-24 20:00:00,63.25,176.75,1.42,21.8,12.75,25.6,5.12,0.94,30.24,0.52,2.17,,,,,24.25,50.0,1.23,115.0,,0.0,,,
2024-01-24 21:00:00,60.5,168.5,1.52,21.0,12.4,24.32,5.38,0.29,30.03,0.17,0.7,,,,,23.5,54.5,1.52,95.0,,0.0,,,
2024-01-24 22:00:00,61.75,133.75,1.4,19.7,11.62,23.25,5.95,0.43,30.38,0.22,1.0,,,,,22.18,63.75,1.38,84.75,,0.0,,,
2024-01-24 23:00:00,67.0,117.5,1.4,18.52,10.98,22.25,6.55,0.14,30.33,0.1,0.32,,,,,20.75,69.0,1.23,93.25,,0.0,,,
2024-01-25 00:00:00,54.75,93.5,1.32,17.68,10.48,21.4,6.27,,29.88,0.0,0.0,,,,,20.2,71.5,1.3,102.0,,0.0,,,
2024-01-25 01:00:00,43.75,78.75,1.35,17.23,10.25,20.72,6.1,0.04,29.99,0.0,0.1,,,,,19.75,73.5,1.08,84.25,,0.0,,,
2024-01-25 02:00:00,40.5,74.5,1.25,16.75,9.98,20.08,6.25,0.02,30.41,0.0,0.05,,,,,19.18,75.25,1.02,89.25,,0.0,,,
2024-01-25 03:00:00,41.25,71.25,1.32,16.52,9.82,19.68,6.02,0.18,29.91,0.1,0.4,,,,,18.75,76.25,1.1,87.0,,0.0,,,
2024-01-25 04:00:00,38.0,65.75,1.3,16.42,9.8,19.1,5.82,0.05,29.61,0.0,0.08,,,,,18.55,77.75,0.92,88.0,,0.0,,,
2024-01-25 05:00:00,36.0,65.75,1.32,16.25,9.7,18.7,6.42,0.11,29.96,0.07,0.27,,,,,18.4,78.0,1.02,93.5,,0.0,,,
2024-01-25 06:00:00,43.25,75.25,1.4,16.62,9.98,18.5,6.88,0.15,29.92,0.1,0.35,,,,,18.45,77.5,0.78,88.5,,0.0,,,
2024-01-25 07:00:00,59.25,106.75,1.4,17.27,10.32,18.45,7.3,0.22,29.99,0.12,0.52,,,,,18.75,75.25,0.82,103.25,,0.0,,,
2024-01-25 08:00:00,69.25,142.75,1.25,18.88,11.05,18.77,9.1,0.32,29.7,0.15,0.75,,,,,19.68,67.5,1.3,141.75,,0.0,,,
2024-01-25 09:00:00,68.0,160.5,1.5,20.05,11.88,19.7,9.28,0.4,30.12,0.2,0.95,,,,,21.68,59.75,1.35,157.25,,0.0,,,
2024-01-25 10:00:00,58.0,145.75,1.27,20.38,11.92,21.22,9.38,0.32,29.57,0.2,0.73,,,,,23.82,54.5,1.32,175.5,,0.0,,,
2024-01-25 11:00:00,46.0,121.5,1.27,20.52,11.98,22.72,7.82,0.45,30.21,0.25,1.02,,,,,25.42,48.0,1.32,168.75,,0.0,,,
2024-01-25 12:00:00,45.75,114.5,1.27,20.7,12.0,24.15,7.05,0.21,29.9,0.1,0.5,,,,,26.72,42.5,1.18,115.0,,0.0,,,
2024-01-25 13:00:00,43.5,115.25,1.3,20.8,12.12,25.9,6.32,0.22,30.24,0.1,0.5,,,,,27.95,39.25,1.42,131.25,,0.0,,,
2024-01-25 14:00:00,43.25,121.25,1.38,21.95,12.8,27.15,7.0,0.8,29.92,0.42,1.85,,,,,28.6,37.5,1.35,174.75,,0.0,,,
2024-01-25 15:00:00,54.75,137.25,1.32,23.4,13.55,28.15,7.42,0.74,30.52,0.43,1.7,,,,,28.62,35.25,1.1,108.25,,0.0,,,
2024-01-25 16:00:00,50.25,111.0,1.23,23.27,13.37,29.17,7.7,0.67,29.66,0.38,1.55,,,,,29.45,35.5,1.0,120.75,,0.0,,,
2024-01-25 17:00:00,47.25,113.75,1.12,22.62,12.92,28.28,7.05,0.32,30.31,0.2,0.73,,,,,28.55,38.5,1.05,84.25,,0.0,,,
2024-01-25 18:00:00,44.75,132.25,1.48,20.4,12.05,26.25,7.18,0.46,31.2,0.25,1.1,,,,,26.65,41.5,0.8,81.5,,0.0,,,
2024-01-25 19:00:00,47.25,162.75,1.42,19.5,11.52,25.7,7.18,0.55,29.05,0.3,1.27,,,,,24.72,44.5,1.18,85.75,,0.0,,,
2024-01-25 20:00:00,54.0,154.0,1.15,22.05,12.68,28.3,7.1,0.44,29.02,0.25,1.02,,,,,23.6,53.75,1.62,99.25,,0.0,,,
2024-01-25 21:00:00,43.25,122.5,1.25,19.73,11.52,26.12,6.38,0.31,30.29,0.2,0.73,,,,,22.42,61.0,1.48,91.0,,0.0,,,
2024-01-25 22:00:00,36.25,97.5,1.35,18.82,11.12,23.8,4.68,0.23,29.76,0.12,0.55,,,,,21.38,64.5,1.4,87.0,,0.0,,,
2024-01-25 23:00:00,31.75,87.0,1.32,18.4,10.88,22.58,6.08,0.12,30.49,0.05,0.28,,,,,20.55,67.75,1.38,80.0,,0.0,,,
2024-01-26 00:00:00,33.0,76.25,1.27,18.2,10.7,21.58,5.3,0.08,30.32,0.03,0.17,,,,,19.95,71.5,1.25,84.0,,0.0,,,
2024-01-26 01:00:00,29.25,69.0,1.5,17.68,10.6,20.98,4.68,0.28,29.96,0.13,0.67,,,,,19.35,75.0,1.27,84.0,,0.0,,,
2024-01-26 02:00:00,27.5,62.75,1.48,17.15,10.3,20.23,4.45,0.29,30.18,0.15,0.68,,,,,18.72,79.5,1.25,82.0,,0.0,,,
2024-01-26 03:00:00,29.5,60.5,1.3,16.82,10.02,19.52,4.18,0.24,30.49,0.12,0.52,,,,,18.12,82.75,1.3,87.75,,0.0,,,
2024-01-26 04:00:00,29.25,56.5,1.5,16.3,9.9,19.1,4.0,0.18,30.34,0.1,0.4,,,,,17.82,83.75,1.32,87.75,,0.0,,,
2024-01-26 05:00:00,25.0,58.0,1.45,16.27,9.82,18.83,4.0,0.25,30.12,0.1,0.6,,,,,17.53,84.0,1.18,84.75,,0.0,,,
2024-01-26 06:00:00,27.75,58.25,1.35,16.02,9.62,18.42,4.8,0.22,30.12,0.1,0.52,,,,,17.25,84.0,1.32,90.75,,0.0,,,
2024-01-26 07:00:00,28.0,60.25,1.42,16.05,9.7,17.95,5.0,0.26,29.62,0.15,0.6,,,,,17.12,83.5,1.08,99.75,,0.0,,,
2024-01-26 08:00:00,30.75,65.5,1.2,16.35,9.67,18.0,4.95,0.2,29.62,0.1,0.48,,,,,17.7,76.25,1.23,97.25,,0.0,,,
2024-01-26 09:00:00,29.25,70.75,1.27,16.4,9.75,18.92,4.8,0.22,30.05,0.1,0.5,,,,,19.88,58.0,1.58,105.75,,0.0,,,
2024-01-26 10:00:00,26.25,83.0,1.2,16.68,9.82,19.98,5.08,0.16,29.85,0.08,0.35,,,,,22.42,44.25,2.02,96.0,,0.0,,,
2024-01-26 11:00:00,25.0,104.5,1.2,16.42,9.7,21.02,4.53,0.2,29.9,0.12,0.45,,,,,24.35,38.75,1.95,97.0,,0.0,,,
2024-01-26 12:00:00,27.0,76.25,1.4,16.67,10.02,22.25,3.68,0.21,30.24,0.12,0.5,,,,,25.75,35.0,1.6,113.0,,0.0,,,
2024-01-26 13:00:00,22.75,68.75,1.35,17.88,10.62,24.02,3.52,0.18,29.65,0.1,0.4,,,,,27.0,34.5,1.67,107.25,,0.0,,,
2024-01-26 14:00:00,20.25,72.0,1.45,18.68,11.1,25.62,3.08,0.39,29.71,0.2,0.9,,,,,27.8,33.5,1.58,117.0,,0.0,,,
2024-01-26 15:00:00,23.5,72.75,1.42,19.23,11.38,26.65,4.0,0.28,30.31,0.15,0.65,,,,,28.4,32.75,1.62,106.0,,0.0,,,
2024-01-26 16:00:00,22.25,64.0,1.38,19.45,11.45,27.3,4.32,0.36,29.93,0.2,0.82,,,,,28.42,32.25,1.18,100.25,,0.0,,,
2024-01-26 17:00:00,21.75,58.75,1.18,19.32,11.25,27.3,3.85,0.03,30.22,0.0,0.1,,,,,28.08,35.25,1.1,93.5,,0.0,,,
2024-01-26 18:00:00,19.75,66.25,1.32,19.42,11.42,26.55,3.5,0.13,30.01,0.1,0.3,,,,,26.18,41.5,1.18,84.5,,0.0,,,
2024-01-26 19:00:00,25.0,83.5,1.23,19.38,11.3,25.12,2.98,0.15,29.85,0.08,0.32,,,,,23.95,46.75,1.18,80.25,,0.0,,,
2024-01-26 20:00:00,24.5,85.75,1.38,19.08,11.25,23.98,3.62,0.19,29.49,0.1,0.42,,,,,22.65,52.5,1.2,83.0,,0.0,,,
2024-01-26 21:00:00,24.75,79.0,1.35,18.82,11.1,22.9,3.75,0.23,30.44,0.13,0.57,,,,,21.65,58.25,1.05,91.75,,0.0,,,
2024-01-26 22:00:00,30.25,77.0,1.4,18.3,10.88,22.18,4.6,0.07,30.04,0.05,0.15,,,,,20.57,64.5,1.15,85.25,,0.0,,,
2024-01-26 23:00:00,32.0,72.0,1.32,18.0,10.65,21.42,5.4,0.23,29.76,0.12,0.55,,,,,19.72,71.5,1.3,91.75,,0.0,,,
2024-01-27 00:00:00,34.75,70.0,1.4,17.15,10.28,20.82,7.4,0.17,30.15,0.1,0.38,,,,,19.1,78.25,1.58,83.25,,0.0,,,
2024-01-27 01:00:00,33.0,69.5,1.15,16.38,9.7,20.2,8.93,,29.9,,,,,,,18.75,80.0,1.45,83.5,,0.0,,,
2024-01-27 02:00:00,28.75,57.5,1.2,15.6,9.25,19.7,8.68,,29.98,,,,,,,18.58,78.5,1.3,81.0,,0.0,,,
2024-01-27 03:00:00,24.25,51.75,1.32,15.52,9.32,19.3,8.73,,30.7,,,,,,,18.45,78.75,1.02,95.25,,0.0,,,
2024-01-27 04:00:00,22.25,47.25,1.48,15.45,9.43,18.95,8.25,,30.54,,,,,,,18.12,81.0,1.12,88.25,,0.0,,,
2024-01-27 05:00:00,22.0,46.25,1.52,15.7,9.6,18.45,7.95,0.11,30.12,0.1,0.23,,,,,17.4,82.75,1.05,74.0,,0.0,,,
2024-01-27 06:00:00,20.5,51.0,1.23,15.78,9.38,18.1,8.12,0.11,29.98,0.08,0.25,,,,,16.73,83.75,1.23,91.0,,0.0,,,
2024-01-27 07:00:00,27.0,55.75,1.25,15.72,9.38,17.6,8.1,0.16,30.1,0.1,0.38,,,,,16.52,83.25,1.35,84.5,,0.0,,,
2024-01-27 08:00:00,31.75,60.75,1.4,15.65,9.45,17.58,8.25,0.12,29.67,0.08,0.28,,,,,16.98,77.25,1.5,84.5,,0.0,,,
2024-01-27 09:00:00,27.75,63.5,1.23,16.1,9.57,18.27,8.43,0.06,30.25,0.0,0.05,,,,,18.9,60.75,1.45,82.25,,0.0,,,
2024-01-27 10:00:00,27.0,79.5,1.3,17.05,10.15,19.55,9.2,0.2,30.05,0.1,0.5,,,,,21.88,48.5,1.45,106.75,,0.0,,,
2024-01-27 11:00:00,26.25,94.75,1.18,17.73,10.35,21.12,8.05,0.22,30.49,0.1,0.38,,,,,24.08,40.75,1.62,104.25,,0.0,,,
2024-01-27 12:00:00,22.5,85.75,1.25,18.08,10.65,22.45,7.9,0.16,30.44,0.1,0.4,,,,,25.8,37.75,1.8,103.25,,0.0,,,
2024-01-27 13:00:00,19.25,77.5,1.48,18.02,10.8,24.0,7.6,0.15,30.32,0.1,0.33,,,,,26.8,37.5,1.62,107.0,,0.0,,,
2024-01-27 14:00:00,22.0,94.5,1.23,19.27,11.28,25.52,7.22,0.32,29.7,0.2,0.75,,,,,27.38,36.25,1.58,100.25,,0.0,,,
2024-01-27 15:00:00,20.0,79.25,1.2,20.08,11.68,26.88,7.65,0.4,29.96,0.2,0.92,,,,,28.3,37.0,1.48,105.5,,0.0,,,
2024-01-27 16:00:00,22.25,79.25,1.12,19.98,11.58,27.72,7.8,0.3,30.3,0.18,0.68,,,,,28.42,38.25,1.45,88.5,,0.0,,,
2024-01-27 17:00:00,19.5,69.5,1.15,19.7,11.38,27.5,7.38,0.39,29.89,0.2,0.9,,,,,27.5,40.5,1.35,95.25,,0.0,,,
2024-01-27 18:00:00,21.0,80.5,1.18,19.55,11.35,26.45,7.98,0.45,29.29,0.22,1.02,,,,,25.75,43.75,1.18,78.75,,0.0,,,
2024-01-27 19:00:00,29.75,99.75,1.38,20.15,11.82,25.3,7.28,0.57,29.29,0.3,1.3,,,,,23.78,47.5,1.05,83.75,,0.0,,,
2024-01-27 20:00:00,30.0,95.75,1.35,20.02,11.75,24.15,7.55,0.53,31.02,0.3,1.23,,,,,22.58,51.75,1.18,87.0,,0.0,,,
2024-01-27 21:00:00,30.5,85.5,1.27,19.85,11.58,23.12,8.2,0.34,29.99,0.2,0.77,,,,,21.65,59.5,1.35,85.0,,0.0,,,
2024-01-27 22:00:00,25.5,82.25,1.48,18.88,11.28,22.28,8.22,0.26,29.51,0.12,0.6,,,,,20.72,65.5,1.38,86.75,,0.0,,,
2024-01-27 23:00:00,30.25,72.5,1.15,17.82,10.45,21.38,8.7,0.25,30.05,0.12,0.6,,,,,20.05,72.0,1.4,79.75,,0.0,,,
2024-01-28 00:00:00,22.5,60.0,1.25,17.15,10.15,20.7,6.9,0.3,30.27,0.18,0.7,,,,,19.42,77.25,1.27,86.75,,0.0,,,
2024-01-28 01:00:00,22.75,61.75,1.42,16.62,9.98,20.1,5.95,0.12,30.57,0.07,0.27,,,,,18.77,79.75,1.25,79.0,,0.0,,,
2024-01-28 02:00:00,22.0,57.75,1.32,16.15,9.62,19.52,6.38,0.04,29.89,0.0,0.08,,,,,18.32,81.5,1.38,88.75,,0.0,,,
2024-01-28 03:00:00,29.25,52.75,1.35,15.82,9.55,19.02,5.9,0.05,30.53,0.0,0.1,,,,,17.98,83.0,1.18,83.5,,0.0,,,
2024-01-28 04:00:00,22.75,42.0,1.3,15.7,9.4,18.5,6.2,0.02,30.13,0.0,0.0,,,,,17.55,84.0,1.2,84.25,,0.0,,,
2024-01-28 05:00:00,20.0,46.75,1.32,15.92,9.55,18.27,5.48,0.31,29.96,0.2,0.7,,,,,17.27,84.5,0.82,97.5,,0.0,,,
2024-01-28 06:00:00,21.5,45.0,1.4,16.15,9.7,17.82,5.88,0.28,30.35,0.15,0.62,,,,,16.82,85.25,0.95,88.25,,0.0,,,
2024-01-28 07:00:00,19.5,53.75,1.23,16.68,9.82,17.7,5.78,0.26,29.88,0.12,0.6,,,,,16.73,85.75,1.23,84.25,,0.0,,,
2024-01-28 08:00:00,26.0,60.25,1.38,16.82,10.05,17.77,6.42,0.24,29.69,0.12,0.55,,,,,17.45,82.25,1.27,86.75,,0.0,,,
2024-01-28 09:00:00,25.75,54.5,1.27,16.6,9.82,18.58,6.85,0.29,30.16,0.17,0.63,,,,,19.18,69.75,1.42,100.0,,0.0,,,
2024-01-28 10:00:00,29.75,52.75,1.18,16.45,9.7,19.62,7.08,0.27,30.17,0.15,0.6,,,,,21.75,57.25,1.72,98.25,,0.0,,,
2024-01-28 11:00:00,17.75,52.75,1.05,16.27,9.52,20.98,6.38,0.3,30.04,0.2,0.68,,,,,23.72,49.0,1.7,93.0,,0.0,,,
2024-01-28 12:00:00,19.5,54.25,1.5,16.5,10.0,22.2,5.8,0.34,30.02,0.2,0.78,,,,,24.82,47.25,1.58,90.75,,0.0,,,
2024-01-28 13:00:00,18.5,51.5,1.32,16.7,9.95,22.98,5.12,0.08,30.38,0.03,0.2,,,,,25.35,44.5,1.5,99.5,,0.0,,,
2024-01-28 14:00:00,21.0,50.75,1.18,16.77,9.88,23.85,5.0,0.08,30.26,0.02,0.22,,,,,26.08,42.25,1.58,98.5,,0.0,,,
2024-01-28 15:00:00,22.25,53.75,1.35,16.9,10.07,24.58,4.42,0.13,29.12,0.1,0.3,,,,,26.82,42.0,1.42,95.5,,0.0,,,
2024-01-28 16:00:00,18.25,54.5,1.35,17.35,10.32,25.12,4.42,0.09,30.14,0.05,0.2,,,,,26.72,40.5,1.35,96.25,,0.0,,,
2024-01-28 17:00:00,22.25,54.5,1.38,17.38,10.38,25.25,4.4,0.13,29.9,0.07,0.3,,,,,26.85,42.25,1.05,92.25,,0.0,,,
2024-01-28 18:00:00,24.25,71.5,1.5,17.77,10.65,24.88,3.68,0.26,29.99,0.15,0.6,,,,,25.52,45.5,0.85,82.75,,0.0,,,
2024-01-28 19:00:00,30.5,89.75,1.52,18.65,11.18,23.92,4.88,0.42,29.96,0.2,0.98,,,,,23.48,49.5,0.82,83.75,,0.0,,,
2024-01-28 20:00:00,36.75,106.25,1.42,19.0,11.3,22.9,5.45,0.44,30.5,0.25,0.98,,,,,22.3,54.25,1.0,86.5,,0.0,,,
2024-01-28 21:00:00,33.0,87.5,1.4,18.88,11.18,22.02,5.22,0.34,30.09,0.17,0.77,,,,,21.48,58.5,0.92,83.75,,0.0,,,
2024-01-28 22:00:00,32.5,88.25,1.38,18.52,10.95,21.22,5.72,0.24,29.82,0.12,0.55,,,,,20.6,65.0,1.32,84.25,,0.0,,,
2024-01-28 23:00:00,31.75,76.0,1.3,17.95,10.62,20.4,6.68,0.16,30.21,0.1,0.38,,,,,19.8,72.25,1.18,81.75,,0.0,,,
2024-01-29 00:00:00,34.0,72.25,1.38,17.3,10.32,19.9,4.67,0.11,29.61,0.08,0.25,,,,,19.02,77.25,1.4,79.5,,0.0,,,
2024-01-29 01:00:00,33.0,67.75,1.42,16.2,9.75,19.5,4.62,0.18,30.11,0.1,0.4,,,,,18.4,79.25,1.18,83.75,,0.0,,,
2024-01-29 02:00:00,28.5,59.25,1.23,15.95,9.5,18.88,4.62,0.16,30.12,0.1,0.35,,,,,18.08,80.0,1.3,86.25,,0.0,,,
2024-01-29 03:00:00,25.0,53.5,1.38,15.82,9.55,18.5,4.3,0.09,30.01,0.05,0.2,,,,,17.98,79.25,1.15,93.25,,0.0,,,
2024-01-29 04:00:00,30.0,53.0,1.35,15.72,9.48,18.23,4.35,0.02,29.85,0.0,0.03,,,,,17.82,77.5,1.2,87.5,,0.0,,,
2024-01-29 05:00:00,34.25,55.25,1.45,15.68,9.55,17.75,4.12,0.14,30.37,0.1,0.33,,,,,17.53,77.0,1.23,85.5,,0.0,,,
2024-01-29 06:00:00,32.0,57.25,1.38,15.88,9.57,17.4,3.82,0.16,29.36,0.1,0.38,,,,,17.23,78.25,1.1,79.5,,0.0,,,
2024-01-29 07:00:00,41.0,75.25,1.23,16.32,9.7,17.23,4.35,0.25,29.79,0.12,0.57,,,,,17.05,79.75,1.25,84.5,,0.0,,,
2024-01-29 08:00:00,39.5,92.25,1.4,16.85,10.07,17.27,4.88,0.25,30.14,0.12,0.55,,,,,17.7,71.5,1.45,88.25,,0.0,,,
2024-01-29 09:00:00,36.75,98.0,1.38,17.12,10.28,18.12,4.38,0.44,29.77,0.23,1.03,,,,,19.73,62.75,1.42,93.25,,0.0,,,
2024-01-29 10:00:00,40.0,101.5,1.27,18.1,10.65,19.35,4.65,0.44,29.5,0.25,1.02,,,,,21.78,51.25,1.42,103.25,,0.0,,,
2024-01-29 11:00:00,33.25,92.75,1.38,19.05,11.3,20.68,4.75,0.39,30.32,0.2,0.9,,,,,23.55,44.75,1.6,98.25,,0.0,,,
2024-01-29 12:00:00,30.0,89.0,1.35,19.85,11.65,22.08,4.35,0.41,29.26,0.2,0.98,,,,,24.92,40.25,1.6,111.75,,0.0,,,
2024-01-29 13:00:00,25.75,85.75,1.38,20.35,11.92,23.72,4.28,0.33,29.84,0.2,0.77,,,,,26.2,36.0,1.5,92.75,,0.0,,,
2024-01-29 14:00:00,22.0,81.0,1.38,20.6,12.08,25.32,3.45,0.34,29.89,0.2,0.78,,,,,27.33,34.25,1.6,123.0,,0.0,,,
2024-01-29 15:00:00,23.5,92.0,1.35,21.0,12.28,26.72,4.08,0.33,30.2,0.2,0.75,,,,,28.08,34.0,1.3,116.25,,0.0,,,
2024-01-29 16:00:00,29.5,85.0,1.45,21.28,12.5,27.72,4.1,0.44,30.38,0.22,1.02,,,,,28.25,34.25,1.28,105.0,,0.0,,,
2024-01-29 17:00:00,35.25,100.25,1.38,22.05,12.82,27.42,4.38,0.3,29.56,0.17,0.7,,,,,27.65,36.75,1.12,89.25,,0.0,,,
2024-01-29 18:00:00,41.0,108.75,1.3,21.52,12.52,26.7,4.92,0.47,29.78,0.28,1.1,,,,,25.8,40.25,0.85,83.25,,0.0,,,
2024-01-29 19:00:00,46.75,130.25,1.48,21.58,12.68,25.55,3.7,0.46,29.74,0.25,1.05,,,,,23.98,47.5,1.25,83.75,,0.0,,,
2024-01-29 20:00:00,45.0,121.5,1.35,20.72,12.1,24.38,3.5,0.36,30.11,0.2,0.82,,,,,22.72,52.5,1.18,86.0,,0.0,,,
2024-01-29 21:00:00,42.0,108.75,1.45,20.02,11.82,23.18,4.05,0.35,29.69,0.17,0.8,,,,,21.65,55.0,1.35,87.5,,0.0,,,
2024-01-29 22:00:00,40.5,99.0,1.42,19.42,11.52,22.05,4.3,0.26,29.69,0.15,0.62,,,,,20.67,58.0,1.42,82.5,,0.0,,,
2024-01-29 23:00:00,35.5,87.0,1.18,18.15,10.6,21.02,4.75,0.26,30.18,0.15,0.6,,,,,19.73,63.5,1.42,81.75,,0.0,,,
2024-01-30 00:00:00,35.25,76.5,1.23,17.3,10.22,20.3,5.8,0.16,30.3,0.1,0.38,,,,,18.67,69.75,1.62,79.0,,0.0,,,
2024-01-30 01:00:00,37.0,72.25,1.3,16.35,9.78,19.52,6.02,0.22,30.21,0.1,0.53,,,,,17.8,75.25,1.3,78.0,,0.0,,,
2024-01-30 02:00:00,33.5,73.25,1.2,16.08,9.52,18.8,5.65,0.25,29.23,0.12,0.57,,,,,17.05,78.5,1.32,78.5,,0.0,,,
2024-01-30 03:00:00,40.25,71.5,1.23,16.12,9.55,18.12,5.75,0.21,29.97,0.12,0.48,,,,,16.48,81.0,1.32,84.0,,0.0,,,
2024-01-30 04:00:00,37.5,65.75,1.38,15.8,9.5,17.5,5.32,0.17,29.8,0.1,0.4,,,,,15.98,82.0,1.05,79.5,,0.0,,,
2024-01-30 05:00:00,34.75,69.0,1.32,16.02,9.57,17.23,5.35,0.13,30.7,0.1,0.3,,,,,15.55,82.0,0.8,84.25,,0.0,,,
2024-01-30 06:00:00,32.75,65.75,1.35,16.3,9.78,16.98,5.88,0.14,29.97,0.1,0.32,,,,,15.38,82.0,0.78,83.25,,0.0,,,
2024-01-30 07:00:00,41.0,84.5,1.35,17.15,10.2,16.62,5.5,0.19,29.96,0.1,0.43,,,,,15.4,81.25,0.82,94.75,,0.0,,,
2024-01-30 08:00:00,48.5,112.75,1.38,17.98,10.7,16.73,5.48,0.24,29.9,0.12,0.55,,,,,16.3,73.75,1.0,107.25,,0.0,,,
2024-01-30 09:00:00,44.0,111.25,1.35,18.42,10.9,17.68,6.82,0.39,29.76,0.2,0.9,,,,,18.9,61.5,1.0,124.75,,0.0,,,
2024-01-30 10:00:00,41.75,129.25,1.25,18.98,11.1,19.27,6.72,0.42,29.98,0.22,0.98,,,,,22.02,51.0,1.0,115.0,,0.0,,,
2024-01-30 11:00:00,35.75,104.5,1.18,19.4,11.28,21.25,6.42,0.44,29.91,0.25,1.0,,,,,24.58,44.0,1.1,153.5,,0.0,,,
2024-01-30 12:00:00,37.25,94.75,1.35,20.8,12.15,23.02,6.12,0.45,29.45,0.25,1.02,,,,,26.05,40.5,1.42,159.5,,0.0,,,
2024-01-30 13:00:00,35.75,109.75,1.3,21.78,12.62,24.92,5.28,0.55,29.94,0.33,1.3,,,,,27.35,36.5,1.25,202.75,,0.0,,,
2024-01-30 14:00:00,38.25,118.5,1.38,23.05,13.38,26.88,4.7,0.49,30.43,0.3,1.15,,,,,28.48,31.25,1.05,122.5,,0.0,,,
2024-01-30 15:00:00,39.75,113.25,1.35,23.45,13.58,28.35,4.97,0.66,29.65,0.38,1.5,,,,,29.75,29.75,1.0,215.75,,0.0,,,
2024-01-30 16:00:00,44.75,129.25,1.3,25.77,14.77,29.13,5.05,0.82,30.74,0.48,1.88,,,,,30.05,30.25,1.1,133.0,,0.0,,,
2024-01-30 17:00:00,55.5,169.75,1.45,27.7,15.92,29.55,5.42,0.76,29.67,0.43,1.77,,,,,29.25,32.5,0.78,104.0,,0.0,,,
2024-01-30 18:00:00,63.0,214.5,1.6,28.6,16.55,28.5,6.45,1.33,30.01,0.75,3.05,,,,,27.42,35.5,0.45,77.5,,0.0,,,
2024-01-30 19:00:00,78.0,345.75,1.95,34.85,20.12,26.8,9.45,3.75,29.93,2.1,8.68,,,,,24.62,40.75,0.45,62.5,,0.0,,,
2024-01-30 20:00:00,124.5,653.25,2.05,46.02,26.15,25.38,11.55,4.38,29.78,2.45,10.12,,,,,23.05,43.25,0.52,161.5,,0.0,,,
2024-01-30 21:00:00,117.5,489.0,1.0,46.92,25.78,24.48,8.5,1.04,30.45,0.57,2.4,,,,,22.65,45.75,0.78,91.5,,0.0,,,
2024-01-30 22:00:00,74.75,223.75,0.98,39.17,21.62,23.72,6.85,0.3,29.83,0.1,0.52,,,,,22.5,55.25,1.23,73.75,,0.0,,,
2024-01-30 23:00:00,47.5,144.25,1.18,31.22,17.58,23.02,5.68,,29.67,,,,,,,21.28,63.25,1.02,73.25,,0.0,,,
2024-01-31 00:00:00,42.0,123.25,1.32,27.25,15.55,22.12,6.43,,30.3,,,,,,,20.05,65.0,0.88,77.25,,0.0,,,
2024-01-31 01:00:00,47.0,155.75,1.3,24.5,14.08,21.38,6.28,0.61,30.38,0.33,1.43,,,,,19.15,70.75,1.32,86.75,,0.0,,,
2024-01-31 02:00:00,42.5,94.5,1.2,21.7,12.45,20.52,6.12,0.42,30.02,0.22,0.95,,,,,18.48,79.25,1.2,85.5,,0.0,,,
2024-01-31 03:00:00,40.0,82.5,1.25,19.02,11.12,20.3,5.62,0.32,30.76,0.2,0.72,,,,,17.82,82.0,1.23,89.5,,0.0,,,
2024-01-31 04:00:00,46.5,79.0,1.32,17.85,10.6,19.82,5.58,0.26,30.22,0.15,0.6,,,,,17.92,82.5,1.42,86.75,,0.0,,,
2024-01-31 05:00:00,49.0,82.25,1.3,17.1,10.12,19.27,5.25,0.25,30.68,0.13,0.57,,,,,17.98,83.0,1.1,91.0,,0.0,,,
2024-01-31 06:00:00,51.5,85.25,1.45,16.65,10.02,18.85,5.88,0.24,30.26,0.12,0.55,,,,,17.85,83.25,0.98,95.75,,0.0,,,
2024-01-31 07:00:00,52.0,96.5,1.45,16.92,10.15,18.52,5.42,0.28,30.11,0.18,0.65,,,,,17.73,83.75,0.98,93.5,,0.0,,,
2024-01-31 08:00:00,60.25,119.25,1.5,17.18,10.35,18.73,6.0,0.38,29.46,0.2,0.88,,,,,18.2,79.5,1.05,106.5,,0.0,,,
2024-01-31 09:00:00,66.75,153.0,1.48,18.35,10.92,19.58,6.45,0.59,30.22,0.33,1.37,,,,,20.17,67.5,1.08,155.0,,0.0,,,
2024-01-31 10:00:00,65.25,168.0,1.45,19.8,11.7,21.1,6.3,0.7,30.08,0.4,1.62,,,,,23.08,58.5,1.25,179.75,,0.0,,,
2024-01-31 11:00:00,57.5,158.75,1.55,20.88,12.38,23.12,6.08,0.67,30.11,0.38,1.55,,,,,25.42,47.75,1.45,199.25,,0.0,,,
2024-01-31 12:00:00,42.0,148.25,1.45,22.08,12.92,25.08,5.35,0.64,30.25,0.35,1.5,,,,,27.58,41.0,1.7,205.5,,0.0,,,
2024-01-31 13:00:00,44.25,117.25,1.25,23.22,13.38,27.35,5.3,0.6,29.78,0.33,1.37,,,,,28.65,36.5,1.62,217.5,,0.0,,,
2024-01-31 14:00:00,41.75,118.0,1.47,25.07,14.53,28.8,6.12,0.72,30.85,0.4,1.65,,,,,29.62,34.0,1.82,253.0,,0.0,,,
2024-01-31 15:00:00,41.75,134.75,1.1,27.0,15.25,30.05,5.6,0.7,28.92,0.4,1.6,,,,,30.45,33.25,1.52,255.5,,0.0,,,
2024-01-31 16:00:00,41.25,129.5,,,,,5.35,0.72,29.89,0.4,1.65,,,,,30.85,30.0,1.5,248.5,,0.0,,,
2024-01-31 17:00:00,36.0,145.5,,,,,5.48,1.1,30.08,0.63,2.53,,,,,30.45,31.0,1.12,253.75,,0.0,,,
2024-01-31 18:00:00,53.5,235.25,,,,,7.65,1.9,29.66,1.05,4.4,,,,,29.15,35.5,0.78,217.25,,0.0,,,
2024-01-31 19:00:00,84.25,395.25,1.75,38.88,22.1,29.78,10.25,3.86,29.9,2.17,8.9,,,,,26.9,41.5,0.42,138.75,,0.0,,,
2024-01-31 20:00:00,103.5,646.5,1.48,48.18,26.82,27.92,12.82,4.47,30.47,2.48,10.3,,,,,24.83,45.0,0.45,72.5,,0.0,,,
2024-01-31 21:00:00,109.0,623.25,0.78,53.68,29.2,26.75,9.78,1.41,30.81,0.8,3.27,,,,,23.8,50.75,1.02,82.0,,0.0,,,
2024-01-31 22:00:00,79.5,268.75,0.75,43.15,23.52,25.42,6.02,0.12,30.64,0.1,0.3,,,,,22.95,64.0,1.35,97.5,,0.0,,,
2024-01-31 23:00:00,36.0,103.0,1.1,33.7,18.8,24.1,5.83,,29.59,,,,,,,22.2,69.0,0.97,90.67,,0.0,,,
2024-02-01 00:00:00,24.75,77.0,1.1,26.78,15.15,23.28,6.17,,29.72,,,,,,,21.45,73.5,1.1,106.0,,0.0,,,
2024-02-01 01:00:00,25.0,60.75,1.18,23.15,13.25,22.32,6.18,0.28,30.64,0.17,0.63,,,,,20.88,76.5,1.08,86.0,,0.0,,,
2024-02-01 02:00:00,26.75,56.75,1.42,20.48,12.02,21.42,5.5,0.12,30.27,0.05,0.3,,,,,20.35,79.75,1.08,89.5,,0.0,,,
2024-02-01 03:00:00,22.0,55.25,1.38,18.8,11.12,21.02,6.05,0.03,30.36,0.0,0.07,,,,,19.85,82.0,1.12,113.25,,0.0,,,
2024-02-01 04:00:00,22.5,55.0,1.3,18.55,10.92,20.62,6.18,0.02,29.82,0.0,0.03,,,,,19.62,83.5,1.08,120.25,,0.0,,,
2024-02-01 05:00:00,34.75,64.75,1.32,18.32,10.85,20.1,5.75,0.12,29.57,0.07,0.27,,,,,19.3,84.5,0.82,131.0,,0.0,,,
2024-02-01 06:00:00,43.75,88.5,1.52,19.27,11.5,19.88,6.45,0.24,30.15,0.12,0.52,,,,,18.95,84.5,0.82,165.0,,0.0,,,
2024-02-01 07:00:00,57.0,130.0,1.38,20.4,11.98,19.7,6.7,0.34,31.2,0.2,0.78,,,,,18.82,84.25,0.72,175.5,,0.0,,,
2024-02-01 08:00:00,61.75,139.25,1.32,21.5,12.5,19.82,7.35,0.36,31.06,0.2,0.82,,,,,19.4,75.0,1.1,176.25,,0.0,,,
2024-02-01 09:00:00,53.25,130.67,1.23,22.38,12.9,20.92,7.25,0.63,30.88,0.37,1.5,,,,,21.77,62.0,1.38,197.75,,0.0,,,
2024-02-01 10:00:00,40.25,130.5,1.25,23.0,13.25,22.5,7.15,0.73,29.44,0.4,1.7,,,,,23.9,55.0,1.62,235.0,,0.0,,,
2024-02-01 11:00:00,41.5,123.25,1.32,24.28,14.0,24.4,6.05,0.52,30.56,0.3,1.23,,,,,25.52,45.5,1.4,197.5,,0.0,,,
2024-02-01 12:00:00,33.0,98.0,1.45,24.92,14.42,26.12,5.4,0.53,30.14,0.3,1.23,,,,,27.18,40.0,1.32,214.5,,0.0,,,
2024-02-01 13:00:00,30.0,101.0,1.32,24.8,14.28,28.22,6.12,0.48,29.97,0.3,1.1,,,,,28.65,36.75,1.18,198.5,,0.0,,,
2024-02-01 14:00:00,28.75,96.0,1.45,25.0,14.5,29.25,5.9,0.46,29.82,0.28,1.08,,,,,30.0,34.5,1.15,170.75,,0.0,,,
2024-02-01 15:00:00,24.25,81.0,1.3,25.0,14.4,30.3,4.6,0.45,30.16,0.25,1.0,,,,,30.78,34.5,1.27,144.5,,0.0,,,
2024-02-01 16:00:00,24.75,90.75,,,,,4.75,0.48,30.31,0.28,1.12,,,,,30.38,34.0,1.05,179.25,,0.0,,,
2024-02-01 17:00:00,35.75,128.25,,,,,4.8,0.78,30.18,0.43,1.8,,,,,29.85,36.75,0.88,175.25,,0.0,,,
2024-02-01 18:00:00,43.0,169.5,,,,,6.2,2.04,29.98,1.15,4.7,,,,,27.95,39.75,0.6,68.25,,0.0,,,
2024-02-01 19:00:00,50.0,271.25,1.47,30.2,17.23,29.5,10.3,3.31,29.46,1.85,7.62,,,,,26.0,43.25,0.5,117.25,,0.0,,,
2024-02-01 20:00:00,83.75,470.0,1.45,40.72,22.82,27.9,13.22,4.79,29.64,2.68,11.05,,,,,24.98,45.5,0.32,101.5,,0.0,,,
2024-02-01 21:00:00,95.5,581.0,1.52,51.3,28.52,26.48,12.5,2.2,30.3,1.23,5.1,,,,,24.3,49.25,0.7,53.5,,0.0,,,
2024-02-01 22:00:00,82.25,429.0,0.38,48.92,26.35,25.22,7.7,0.38,29.82,0.2,0.9,,,,,23.22,64.5,1.23,90.25,,0.0,,,
2024-02-01 23:00:00,37.25,100.25,0.52,37.88,20.62,24.25,6.82,,30.56,,,,,,,22.48,70.5,1.0,94.5,,0.0,,,
2024-02-02 00:00:00,34.75,73.75,0.82,30.38,16.85,23.52,4.1,,29.58,,,,,,,21.7,74.25,1.1,88.5,,0.0,,,
2024-02-02 01:00:00,32.5,64.0,0.98,25.45,14.3,22.68,3.22,0.36,29.75,0.2,0.83,,,,,21.32,76.75,1.05,85.25,,0.0,,,
2024-02-02 02:00:00,27.25,62.0,1.02,21.32,12.18,22.12,2.8,0.81,30.04,0.45,1.88,,,,,20.98,81.25,1.08,86.25,,0.0,,,
2024-02-02 03:00:00,26.25,56.5,1.38,19.27,11.35,21.4,3.02,0.4,30.64,0.25,0.9,,,,,20.5,83.75,0.82,81.5,,0.0,,,
2024-02-02 04:00:00,32.75,66.0,1.38,18.9,11.18,20.98,2.85,0.27,30.66,0.12,0.62,,,,,20.12,84.0,0.6,181.75,,0.0,,,
2024-02-02 05:00:00,42.0,93.5,1.3,19.7,11.55,20.58,3.88,0.31,30.26,0.2,0.7,,,,,19.82,84.5,0.5,123.25,,0.0,,,
2024-02-02 06:00:00,46.25,104.5,1.45,19.8,11.73,20.48,3.45,0.29,30.42,0.15,0.68,,,,,19.58,85.0,0.9,97.5,,0.0,,,
2024-02-02 07:00:00,52.0,112.25,1.35,20.18,11.85,20.25,3.75,0.27,29.82,0.15,0.62,,,,,19.55,84.0,0.9,121.25,,0.0,,,
2024-02-02 08:00:00,61.75,137.75,1.18,20.4,11.82,20.27,3.75,1.13,29.56,0.62,2.6,,,,,20.08,78.25,0.95,114.5,,0.0,,,
2024-02-02 09:00:00,66.75,151.25,1.35,20.25,11.88,20.98,3.82,0.18,29.79,0.1,0.4,,,,,21.92,62.75,1.1,141.25,,0.0,,,
2024-02-02 10:00:00,46.5,125.0,1.15,20.52,11.85,22.35,4.2,0.14,30.26,0.08,0.32,,,,,24.52,55.75,1.15,151.75,,0.0,,,
2024-02-02 11:00:00,40.0,103.75,1.52,20.68,12.25,23.85,3.3,0.26,29.9,0.15,0.57,,,,,25.98,52.5,1.08,184.5,,0.0,,,
2024-02-02 12:00:00,35.75,99.75,1.4,21.5,12.6,25.65,3.12,0.79,29.7,0.42,1.82,,,,,26.9,45.5,1.35,213.5,,0.0,,,
2024-02-02 13:00:00,38.0,110.0,1.32,22.32,12.95,27.42,3.35,,29.25,,,,,,,28.48,41.75,1.3,171.75,,0.0,,,
2024-02-02 14:00:00,28.75,87.25,1.4,22.1,12.9,28.7,2.7,,29.72,,,,,,,29.78,39.5,1.4,179.5,,0.0,,,
2024-02-02 15:00:00,29.25,85.25,,,,,1.83,,29.95,,,,,,,30.32,38.75,1.12,190.0,,0.0,,,
2024-02-02 16:00:00,32.5,93.25,,,,,1.27,,29.68,,,,,,,30.15,39.5,0.9,147.75,,0.0,,,
2024-02-02 17:00:00,31.75,94.0,,,,,1.42,0.46,30.68,0.23,1.03,,,,,29.12,41.0,0.78,85.5,,0.0,,,
2024-02-02 18:00:00,40.0,125.75,,,,,1.88,0.49,31.04,0.3,1.12,,,,,27.9,49.25,0.9,90.25,,0.0,,,
2024-02-02 19:00:00,63.25,181.0,1.8,22.55,13.45,29.05,2.68,0.84,29.24,0.45,1.92,,,,,26.42,53.75,0.9,90.75,,0.0,,,
2024-02-02 20:00:00,81.25,227.0,1.18,22.42,12.88,27.9,3.5,1.46,29.08,0.8,3.4,,,,,25.4,57.0,0.72,79.75,,0.0,,,
2024-02-02 21:00:00,84.0,220.75,1.52,22.6,13.25,26.8,3.3,0.15,31.49,0.1,0.33,,,,,24.75,58.75,1.23,101.75,,0.0,,,
2024-02-02 22:00:00,65.75,151.25,1.3,22.4,13.0,25.95,2.25,,28.16,,,,,,,24.18,66.5,1.3,83.25,,0.0,,,
2024-02-02 23:00:00,43.0,101.5,1.5,20.82,12.3,27.02,2.58,,30.33,,,,,,,22.67,71.5,1.08,78.75,,0.0,,,
2024-02-03 00:00:00,30.0,81.75,1.02,19.32,11.12,24.72,5.23,,30.77,,,,,,,21.88,75.5,1.15,85.75,,0.0,,,
2024-02-03 01:00:00,26.5,71.0,1.2,18.42,10.78,23.35,6.18,1.55,29.9,0.73,3.1,,,,,21.35,79.5,1.18,86.25,,0.0,,,
2024-02-03 02:00:00,25.5,67.5,1.5,17.1,10.35,22.5,7.72,0.7,29.8,0.15,0.6,,,,,20.85,82.75,1.18,86.5,,0.0,,,
2024-02-03 03:00:00,27.25,65.5,1.3,16.95,10.07,21.98,7.85,0.68,29.82,0.1,0.48,,,,,20.75,82.0,0.98,88.25,,0.0,,,
2024-02-03 04:00:00,29.25,63.75,1.23,17.02,10.05,21.42,8.45,0.66,30.34,0.1,0.4,,,,,20.85,82.5,0.92,85.5,,0.0,,,
2024-02-03 05:00:00,33.75,65.25,1.48,17.38,10.42,21.02,8.78,0.67,30.18,0.1,0.43,,,,,20.65,83.0,0.85,84.25,,0.0,,,
2024-02-03 06:00:00,34.25,71.5,1.42,17.4,10.45,21.02,8.9,0.69,30.08,0.1,0.55,,,,,20.48,83.5,1.05,84.5,,0.0,,,
2024-02-03 07:00:00,31.5,73.25,1.35,17.4,10.35,20.7,9.15,0.68,30.51,0.1,0.52,,,,,20.38,83.75,1.05,86.5,,0.0,,,
2024-02-03 08:00:00,38.75,83.5,1.18,17.2,10.1,20.62,8.7,0.67,30.4,0.1,0.45,,,,,20.55,80.25,1.35,94.0,,0.0,,,
2024-02-03 09:00:00,38.0,85.25,1.35,17.18,10.28,20.9,8.95,0.65,30.18,0.1,0.33,,,,,21.7,72.75,1.45,109.0,,0.0,,,
2024-02-03 10:00:00,34.75,86.25,1.25,17.12,10.18,21.7,9.1,0.65,30.33,0.1,0.38,,,,,23.45,62.5,1.55,106.75,,0.0,,,
2024-02-03 11:00:00,27.25,88.25,1.3,17.15,10.17,23.0,8.55,0.67,30.43,0.1,0.45,,,,,25.52,55.25,1.48,113.25,,0.0,,,
2024-02-03 12:00:00,35.75,90.25,1.23,17.65,10.38,24.48,8.07,0.69,30.69,0.12,0.55,,,,,27.1,47.5,1.23,106.75,,0.0,,,
2024-02-03 13:00:00,39.5,88.25,1.4,18.37,10.9,25.63,8.35,0.66,29.07,0.1,0.43,,,,,28.18,44.25,1.4,122.25,,0.0,,,
2024-02-03 14:00:00,35.25,97.75,,,,,6.95,0.73,29.5,0.18,0.68,,,,,28.92,42.5,1.38,109.5,,0.0,,,
2024-02-03 15:00:00,35.5,100.75,,,,,7.3,0.73,30.55,0.2,0.72,,,,,29.6,42.25,1.4,96.5,,0.0,,,
2024-02-03 16:00:00,35.5,114.75,,,,,7.05,0.76,29.79,0.2,0.88,,,,,29.45,42.75,1.3,92.25,,0.0,,,
2024-02-03 17:00:00,37.5,116.0,,,,,6.82,0.71,29.78,0.17,0.67,,,,,28.72,43.25,1.1,90.0,,0.0,,,
2024-02-03 18:00:00,33.0,102.5,,,,,7.7,0.76,30.02,0.2,0.88,,,,,27.45,45.5,0.9,85.0,,0.0,,,
2024-02-03 19:00:00,41.5,126.25,,,,,8.32,0.78,29.66,0.22,0.95,,,,,25.83,49.5,1.1,87.0,,0.0,,,
2024-02-03 20:00:00,40.0,124.75,1.55,20.15,11.98,25.9,8.52,0.73,30.75,0.2,0.78,,,,,24.78,53.75,1.58,82.25,,0.0,,,
2024-02-03 21:00:00,37.25,107.0,1.32,19.33,11.38,24.58,8.28,0.69,29.73,0.13,0.57,,,,,23.78,59.5,1.52,80.75,,0.0,,,
2024-02-03 22:00:00,29.5,97.25,1.38,18.38,10.9,23.38,6.72,0.65,30.45,0.1,0.4,,,,,22.55,65.0,1.55,84.5,,0.0,,,
2024-02-03 23:00:00,31.75,84.25,1.32,18.18,10.78,22.22,6.75,0.6,30.34,0.02,0.15,,,,,21.62,69.0,1.62,75.75,,0.0,,,
2024-02-04 00:00:00,35.0,78.75,1.38,17.52,10.42,21.4,6.27,0.58,29.63,0.0,0.05,,,,,20.92,73.5,1.4,78.5,,0.0,,,
2024-02-04 01:00:00,37.25,80.0,1.38,17.38,10.38,20.85,7.35,0.68,30.29,0.1,0.47,,,,,20.22,76.0,1.25,80.25,,0.0,,,
2024-02-04 02:00:00,35.25,85.5,1.35,17.12,10.22,20.25,7.42,0.64,30.36,0.08,0.3,,,,,19.55,78.5,1.1,84.5,,0.0,,,
2024-02-04 03:00:00,37.25,84.0,1.42,16.88,10.1,19.85,7.65,0.63,29.98,0.1,0.3,,,,,18.95,81.75,1.08,80.0,,0.0,,,
2024-02-04 04:00:00,41.75,82.25,1.42,16.52,9.98,19.32,7.95,0.63,30.49,0.1,0.25,,,,,18.35,84.0,1.02,90.75,,0.0,,,
2024-02-04 05:00:00,44.5,78.75,1.38,16.7,10.02,19.0,7.7,0.66,29.56,0.1,0.4,,,,,17.92,85.0,1.32,91.5,,0.0,,,
2024-02-04 06:00:00,45.0,86.0,1.32,16.45,9.82,18.62,7.05,0.65,29.28,0.1,0.38,,,,,17.92,84.25,1.1,86.75,,0.0,,,
2024-02-04 07:00:00,43.0,98.5,1.4,16.32,9.82,18.2,7.08,0.67,30.36,0.1,0.45,,,,,17.73,84.25,0.88,93.75,,0.0,,,
2024-02-04 08:00:00,48.25,117.0,1.65,16.68,10.22,18.27,7.7,0.72,30.2,0.2,0.68,,,,,18.3,78.0,0.88,121.5,,0.0,,,
2024-02-04 09:00:00,53.75,112.75,1.45,17.42,10.42,19.25,7.6,0.69,29.77,0.13,0.57,,,,,20.48,62.0,1.3,112.25,,0.0,,,
2024-02-04 10:00:00,47.5,107.0,1.35,17.75,10.5,20.52,7.62,0.68,30.25,0.1,0.5,,,,,23.18,47.25,1.42,100.5,,0.0,,,
2024-02-04 11:00:00,37.5,100.25,1.55,17.98,10.8,22.22,7.42,0.72,30.55,0.15,0.65,,,,,25.65,39.5,1.75,92.25,,0.0,,,
2024-02-04 12:00:00,31.0,102.5,1.27,17.98,10.62,23.9,6.65,0.75,30.1,0.2,0.82,,,,,27.48,35.0,1.55,103.25,,0.0,,,
2024-02-04 13:00:00,34.0,111.75,1.32,19.27,11.32,25.75,6.48,0.66,29.8,0.07,0.37,,,,,29.0,32.0,1.7,106.5,,0.0,,,
2024-02-04 14:00:00,32.5,97.75,1.45,19.9,11.75,26.8,7.92,0.73,30.14,0.2,0.75,,,,,29.52,30.75,1.58,99.0,,0.0,,,
2024-02-04 15:00:00,28.0,91.75,1.4,20.95,12.25,28.4,7.28,0.79,29.88,0.25,0.98,,,,,30.25,30.0,1.4,87.75,,0.0,,,
2024-02-04 16:00:00,28.0,83.25,,,,,7.28,0.73,30.42,0.2,0.72,,,,,30.28,30.75,1.35,103.0,,0.0,,,
2024-02-04 17:00:00,27.25,79.0,,,,,7.28,0.68,30.4,0.1,0.47,,,,,29.58,31.75,1.18,89.0,,0.0,,,
2024-02-04 18:00:00,28.5,85.5,,,,,6.32,0.7,29.57,0.12,0.6,,,,,27.92,35.0,0.92,90.5,,0.0,,,
2024-02-04 19:00:00,40.25,100.75,1.4,20.72,12.12,26.98,6.65,0.75,30.25,0.2,0.8,,,,,25.55,37.75,1.0,82.5,,0.0,,,
2024-02-04 20:00:00,42.75,111.5,1.38,20.52,12.0,25.52,5.72,0.72,29.75,0.15,0.65,,,,,24.22,42.5,1.2,86.25,,0.0,,,
2024-02-04 21:00:00,38.75,101.25,1.35,19.55,11.5,24.4,5.92,0.75,30.3,0.2,0.87,,,,,23.15,49.75,1.1,91.75,,0.0,,,
2024-02-04 22:00:00,38.25,100.75,1.5,18.75,11.2,23.48,6.08,0.74,30.49,0.2,0.78,,,,,22.15,56.25,1.05,88.75,,0.0,,,
2024-02-04 23:00:00,39.75,95.75,1.27,18.15,10.72,22.48,6.78,0.72,29.96,0.2,0.7,,,,,21.17,60.5,1.25,77.25,,0.0,,,
2024-02-05 00:00:00,38.5,90.0,1.2,18.0,10.6,21.72,6.83,0.68,30.17,0.1,0.52,,,,,20.35,63.5,1.18,78.0,,0.0,,,
2024-02-05 01:00:00,28.75,81.5,1.4,17.92,10.62,21.15,6.3,0.74,30.26,0.2,0.8,,,,,19.8,66.5,1.05,78.75,,0.0,,,
2024-02-05 02:00:00,30.75,72.5,1.45,17.45,10.48,20.78,7.0,0.74,30.08,0.2,0.78,,,,,19.38,70.5,1.0,83.5,,0.0,,,
2024-02-05 03:00:00,30.25,66.5,1.4,17.38,10.38,20.42,7.2,0.72,30.31,0.2,0.68,,,,,18.85,74.5,1.1,83.25,,0.0,,,
2024-02-05 04:00:00,31.5,62.75,1.25,17.48,10.32,19.77,7.35,0.7,30.41,0.12,0.6,,,,,18.27,79.25,0.95,85.25,,0.0,,,
2024-02-05 05:00:00,34.75,67.0,1.32,17.27,10.25,19.4,7.02,0.7,30.2,0.1,0.57,,,,,17.8,82.0,0.82,74.0,,0.0,,,
2024-02-05 06:00:00,40.0,75.5,1.45,17.6,10.55,19.02,7.35,0.72,30.7,0.18,0.65,,,,,17.42,84.0,0.85,85.0,,0.0,,,
2024-02-05 07:00:00,41.75,90.5,1.5,17.88,10.7,18.83,7.4,0.75,30.29,0.2,0.82,,,,,17.23,84.5,0.88,74.75,,0.0,,,
2024-02-05 08:00:00,47.25,116.0,1.18,18.73,10.92,18.85,7.9,0.75,30.25,0.2,0.8,,,,,17.98,70.0,1.1,101.0,,0.0,,,
2024-02-05 09:00:00,45.5,125.25,1.2,19.5,11.35,19.77,8.2,0.64,29.98,0.2,0.7,,,,,20.78,46.25,1.62,81.0,,0.0,,,
2024-02-05 10:00:00,36.75,120.25,1.4,19.7,11.62,21.38,7.98,0.58,29.3,0.25,1.1,,,,,23.68,42.75,1.52,97.0,,0.0,,,
2024-02-05 11:00:00,34.75,112.5,1.4,20.75,12.18,23.22,8.25,0.88,30.32,0.47,1.97,,,,,25.88,37.25,1.5,127.75,,0.0,,,
2024-02-05 12:00:00,38.5,140.5,1.2,22.05,12.7,25.15,7.22,0.97,29.38,0.45,1.8,,,,,27.7,32.5,1.68,105.0,,0.0,,,
2024-02-05 13:00:00,32.25,128.5,1.23,22.88,13.18,27.1,7.18,0.66,29.77,0.1,0.4,,,,,29.25,28.75,1.52,119.75,,0.0,,,
2024-02-05 14:00:00,26.5,98.5,1.35,23.1,13.4,28.45,6.88,0.67,29.61,0.1,0.48,,,,,30.52,27.25,1.62,105.5,,0.0,,,
2024-02-05 15:00:00,25.75,101.25,1.5,24.1,14.0,29.6,7.02,0.66,30.3,0.1,0.45,,,,,31.2,27.0,1.65,94.75,,0.0,,,
2024-02-05 16:00:00,26.0,95.5,,,,,6.2,0.65,30.82,0.08,0.35,,,,,31.1,28.75,1.55,89.0,,0.0,,,
2024-02-05 17:00:00,19.75,90.5,,,,,6.55,0.59,30.47,0.05,0.2,,,,,30.38,30.5,1.45,95.75,,0.0,,,
2024-02-05 18:00:00,24.0,93.5,,,,,6.18,0.66,30.06,0.17,0.6,,,,,28.48,32.75,1.15,89.5,,0.0,,,
2024-02-05 19:00:00,39.75,133.25,1.3,20.87,12.13,26.77,6.55,0.74,29.99,0.18,0.78,,,,,26.15,35.25,0.98,89.5,,0.0,,,
2024-02-05 20:00:00,41.0,125.25,1.5,21.0,12.42,25.78,6.08,0.72,29.97,0.18,0.65,,,,,24.55,40.5,1.42,95.75,,0.0,,,
2024-02-05 21:00:00,36.25,104.25,1.38,20.18,11.85,24.78,4.58,0.72,29.8,0.17,0.67,,,,,23.52,51.0,1.55,100.0,,0.0,,,
2024-02-05 22:00:00,32.25,88.5,1.45,18.73,11.12,23.8,5.25,0.68,29.95,0.1,0.45,,,,,22.42,57.0,1.42,94.25,,0.0,,,
2024-02-05 23:00:00,36.0,74.75,1.25,17.73,10.45,22.92,5.68,0.64,30.33,0.1,0.32,,,,,21.33,63.25,1.3,78.0,,0.0,,,
2024-02-06 00:00:00,37.0,76.25,1.4,17.2,10.28,22.05,4.57,0.62,30.12,0.02,0.2,,,,,20.27,67.5,0.9,85.75,,0.0,,,
2024-02-06 01:00:00,39.75,82.25,1.5,17.88,10.72,21.32,4.7,0.68,30.75,0.1,0.5,,,,,19.48,69.25,0.85,91.0,,0.0,,,
2024-02-06 02:00:00,39.5,80.5,1.23,17.8,10.48,20.95,5.18,0.68,29.42,0.1,0.45,,,,,19.0,71.0,0.88,80.25,,0.0,,,
2024-02-06 03:00:00,42.0,83.0,1.15,17.75,10.38,20.62,4.75,0.66,29.71,0.1,0.42,,,,,18.6,73.75,1.08,74.75,,0.0,,,
2024-02-06 04:00:00,45.25,90.5,1.27,17.8,10.52,20.15,4.55,0.6,30.27,0.1,0.37,,,,,18.18,77.5,0.9,71.0,,0.0,,,
2024-02-06 05:00:00,49.75,127.5,1.4,18.15,10.78,19.62,4.95,1.0,30.14,0.47,2.0,,,,,17.6,81.5,0.48,98.25,,0.0,,,
2024-02-06 06:00:00,60.5,181.0,1.32,18.88,11.1,19.18,4.78,1.12,30.19,0.6,2.5,,,,,16.95,84.5,0.5,70.5,,0.0,,,
2024-02-06 07:00:00,62.5,142.5,1.35,20.23,11.85,19.02,5.08,1.23,30.08,0.75,3.02,,,,,16.88,85.25,0.6,116.75,,0.0,,,
2024-02-06 08:00:00,72.0,184.75,1.48,22.6,13.2,19.65,6.12,1.36,29.35,0.88,3.62,,,,,17.7,76.5,0.95,114.0,,0.0,,,
2024-02-06 09:00:00,66.0,194.75,1.12,25.35,14.4,23.42,6.02,0.99,29.97,0.47,1.9,,,,,20.55,53.25,1.18,94.25,,0.0,,,
2024-02-06 10:00:00,50.25,162.25,1.05,23.95,13.6,23.62,5.62,0.7,29.61,0.15,0.6,,,,,24.35,40.25,1.68,95.25,,0.0,,,
2024-02-06 11:00:00,30.0,111.5,1.35,22.68,13.18,24.8,5.55,0.74,30.73,0.2,0.75,,,,,26.82,35.75,1.55,112.75,,0.0,,,
2024-02-06 12:00:00,29.25,130.75,1.48,22.62,13.25,26.62,5.38,0.72,29.63,0.18,0.68,,,,,28.88,31.75,1.68,98.25,,0.0,,,
2024-02-06 13:00:00,24.5,110.75,1.25,22.9,13.15,27.8,6.55,0.7,29.95,0.13,0.57,,,,,30.62,29.5,1.72,96.0,,0.0,,,
2024-02-06 14:00:00,18.25,101.25,1.3,23.0,13.3,28.9,5.68,0.72,29.78,0.15,0.65,,,,,31.65,27.5,1.88,92.5,,0.0,,,
2024-02-06 15:00:00,22.75,92.0,,,,,4.53,0.76,29.56,0.2,0.9,,,,,31.9,27.25,1.68,97.5,,0.0,,,
2024-02-06 16:00:00,25.5,109.75,,,,,4.08,0.8,29.65,0.28,1.05,,,,,32.05,27.5,1.58,86.5,,0.0,,,
2024-02-06 17:00:00,28.0,100.0,,,,,4.0,0.76,29.14,0.2,0.83,,,,,31.25,30.5,1.32,84.0,,0.0,,,
2024-02-06 18:00:00,31.5,126.5,,,,,4.2,0.73,29.33,0.2,0.75,,,,,29.48,35.25,1.27,89.75,,0.0,,,
2024-02-06 19:00:00,34.75,126.25,,,,,5.2,0.74,29.28,0.2,0.75,,,,,26.88,39.5,1.32,92.5,,0.0,,,
2024-02-06 20:00:00,43.0,128.25,1.35,21.0,12.25,26.68,4.8,0.8,29.92,0.25,1.02,,,,,25.28,45.75,1.4,86.0,,0.0,,,
2024-02-06 21:00:00,48.5,119.0,1.42,20.15,11.9,25.35,3.85,0.7,30.23,0.13,0.57,,,,,23.92,52.75,1.38,86.25,,0.0,,,
2024-02-06 22:00:00,40.25,109.25,1.38,19.75,11.62,24.22,3.42,0.74,30.01,0.2,0.77,,,,,22.5,62.25,1.23,75.0,,0.0,,,
2024-02-06 23:00:00,45.75,110.75,1.32,19.38,11.35,23.22,3.75,0.66,31.55,0.1,0.43,,,,,21.38,68.0,1.3,76.0,,0.0,,,
2024-02-07 00:00:00,45.5,95.75,1.48,18.58,11.08,22.52,4.4,0.63,30.22,0.08,0.28,,,,,20.52,72.25,1.15,75.5,,0.0,,,
2024-02-07 01:00:00,56.75,117.25,1.32,18.55,10.95,21.82,4.62,0.74,30.05,0.2,0.8,,,,,19.8,75.0,0.65,86.0,,0.0,,,
2024-02-07 02:00:00,60.75,170.25,1.18,19.18,11.2,21.18,4.6,0.74,30.16,0.2,0.72,,,,,19.05,78.0,0.8,77.25,,0.0,,,
2024-02-07 03:00:00,68.25,162.0,1.38,19.52,11.5,20.72,5.28,0.7,29.8,0.15,0.57,,,,,18.5,80.0,0.42,92.0,,0.0,,,
2024-02-07 04:00:00,73.25,174.75,1.35,19.58,11.5,20.08,5.25,0.74,30.98,0.2,0.72,,,,,18.05,82.5,0.55,90.0,,0.0,,,
2024-02-07 05:00:00,69.5,160.0,1.45,19.8,11.72,19.65,4.42,0.78,30.91,0.23,0.97,,,,,17.55,83.5,0.42,90.0,,0.0,,,
2024-02-07 06:00:00,77.5,187.25,1.45,20.92,12.3,18.98,4.78,0.89,30.04,0.32,1.45,,,,,17.3,84.75,0.38,47.25,,0.0,,,
2024-02-07 07:00:00,89.5,264.5,1.38,23.15,13.45,18.67,5.1,0.99,29.7,0.48,1.95,,,,,17.12,84.0,0.4,56.5,,0.0,,,
2024-02-07 08:00:00,86.0,260.75,1.52,24.75,14.4,18.82,6.05,0.93,30.18,0.4,1.68,,,,,18.55,65.25,0.82,107.25,,0.0,,,
2024-02-07 09:00:00,55.0,198.25,0.88,34.92,19.3,26.98,9.15,0.96,30.03,0.43,1.8,,,,,22.68,40.75,1.15,108.25,,0.0,,,
2024-02-07 10:00:00,35.75,173.75,1.12,22.5,12.9,19.95,7.48,0.85,27.24,0.33,1.3,,,,,26.25,35.75,1.4,116.0,,0.0,,,
2024-02-07 11:00:00,,,,,,,,,,,,,,,,,,,,,0.0,,,
2024-02-07 12:00:00,,,,,,,,,,,,,,,,,,,,,0.0,,,
2024-02-07 13:00:00,,,,,,,,,,,,,,,,,,,,,0.0,,,
2024-02-07 14:00:00,,,,,,,,,,,,,,,,33.1,,,,,0.0,,,
2024-02-07 15:00:00,28.0,132.0,1.6,13.7,8.5,15.7,12.2,2.28,61.98,1.9,7.9,,,,,33.08,23.0,1.48,99.0,,0.0,,,
2024-02-07 16:00:00,26.5,109.5,1.32,16.32,9.75,15.75,12.85,2.68,29.41,2.35,9.75,,,,,32.7,22.75,1.48,93.0,,0.0,,,
2024-02-07 17:00:00,18.5,80.0,1.27,21.5,12.48,15.32,13.32,0.74,30.07,0.17,0.77,,,,,31.7,23.75,1.38,91.5,,0.0,,,
2024-02-07 18:00:00,12.75,85.75,1.5,23.98,14.0,16.0,13.27,0.85,29.21,0.3,1.25,,,,,30.28,27.5,0.95,87.75,,0.0,,,
2024-02-07 19:00:00,29.75,131.5,1.25,24.78,14.18,16.8,13.72,0.91,30.22,0.38,1.55,,,,,27.65,31.25,1.1,90.5,,0.0,,,
2024-02-07 20:00:00,38.0,148.0,1.4,23.28,13.5,18.73,13.02,0.96,29.86,0.45,1.8,,,,,25.95,35.0,1.23,83.75,,0.0,,,
2024-02-07 21:00:00,35.75,122.0,1.45,22.05,12.92,19.5,8.75,0.82,29.27,0.3,1.17,,,,,24.4,40.25,1.15,82.0,,0.0,,,
2024-02-07 22:00:00,32.25,111.5,1.25,22.5,13.02,19.52,10.7,0.78,29.89,0.22,0.92,,,,,23.15,42.75,1.08,75.0,,0.0,,,
2024-02-07 23:00:00,40.0,121.5,1.27,22.52,13.02,19.77,10.38,0.78,28.66,0.25,0.95,,,,,22.15,47.0,0.92,74.25,,0.0,,,
2024-02-08 00:00:00,34.0,102.0,,,,,8.2,0.68,24.82,0.15,0.55,,,,,21.4,53.0,0.9,82.0,,0.0,,,
2024-02-08 01:00:00,,,,,,,,,,,,,,,,,,,,,0.0,,,
2024-02-08 02:00:00,,,,,,,,,,,,,,,,,,,,,0.0,,,
2024-02-08 03:00:00,,,,,,,,,,,,,,,,,,,,,0.0,,,
2024-02-08 04:00:00,,,,,,,,,,,,,,,,,,,,,0.0,,,
2024-02-08 05:00:00,,,,,,,,,,,,,,,,,,,,,0.0,,,
2024-02-08 06:00:00,,,,,,,,,,,,,,,,,,,,,0.0,,,
2024-02-08 07:00:00,,,,,,,,,,,,,,,,,,,,,0.0,,,
2024-02-08 08:00:00,,,,,,,,,,,,,,,,,,,,,0.0,,,
2024-02-08 09:00:00,,,,,,,,,,,,,,,,,,,,,0.0,,,
2024-02-08 10:00:00,,,,,,,,,,,,,,,,,,,,,0.0,,,
2024-02-08 11:00:00,,,,,,,,,,,,,,,,,,,,,0.0,,,
2024-02-08 12:00:00,,,,,,,,,,,,,,,,,,,,,0.0,,,
2024-02-08 13:00:00,,,,,,,,,,,,,,,,,,,,,0.0,,,
2024-02-08 14:00:00,,,,,,,,,,,,,,,,,,,,,0.0,,,
2024-02-08 15:00:00,,60.0,,,,,,0.84,27.34,0.3,1.2,,,,,33.5,19.0,1.6,114.0,,0.0,,,
2024-02-08 16:00:00,18.0,88.0,,,,,,0.89,29.64,0.4,1.5,,,,,32.5,21.0,1.3,64.0,,0.0,,,
2024-02-08 17:00:00,19.75,106.33,1.1,24.3,13.8,,13.22,0.3,31.0,,,,,,,31.93,22.5,1.02,81.5,,0.0,,,
2024-02-08 18:00:00,26.5,141.33,1.27,20.38,11.85,,12.98,0.49,31.23,0.1,0.5,,,,,29.97,25.5,0.98,92.0,,0.0,,,
2024-02-08 19:00:00,35.0,141.67,1.6,22.1,13.08,,13.02,0.62,31.02,0.13,0.43,,,,,27.7,32.0,1.2,89.5,,0.0,,,
2024-02-08 20:00:00,43.0,142.0,1.5,22.18,13.02,,11.78,0.53,30.58,0.1,0.5,,,,,26.12,36.25,1.25,80.25,,0.0,,,
2024-02-08 21:00:00,31.5,117.75,1.42,21.9,12.8,,11.9,0.69,29.88,0.13,0.57,,,,,24.68,42.0,1.38,83.75,,0.0,,,
2024-02-08 22:00:00,32.25,103.5,1.4,21.22,12.42,,12.4,0.66,30.76,0.1,0.42,,,,,23.42,45.5,1.25,84.25,,0.0,,,
2024-02-08 23:00:00,28.0,86.33,1.3,20.82,12.15,,13.4,0.61,30.25,0.05,0.18,,,,,22.33,49.75,0.9,82.75,,0.0,,,
2024-02-09 00:00:00,24.75,78.75,1.3,20.27,11.82,,8.67,0.57,29.52,0.0,0.0,,,,,21.58,54.5,0.92,75.5,,0.0,,,
2024-02-09 01:00:00,29.5,75.0,1.5,19.68,11.7,,5.82,0.57,29.83,,,,,,,20.67,59.75,0.92,78.0,,0.0,,,
2024-02-09 02:00:00,21.25,71.0,1.42,19.38,11.45,,5.42,0.57,30.02,0.0,0.1,,,,,20.05,64.0,0.92,63.75,,0.0,,,
2024-02-09 03:00:00,27.0,77.5,1.38,19.6,11.55,,4.92,0.52,31.38,,,,,,,19.42,68.5,0.65,77.0,,0.0,,,
2024-02-09 04:00:00,24.0,77.5,1.48,19.4,11.52,,5.48,0.5,31.5,,,,,,,18.9,70.75,0.9,94.25,,0.0,,,
2024-02-09 05:00:00,25.25,76.0,1.52,19.4,11.58,,4.78,0.61,29.15,0.03,0.17,,,,,18.82,71.5,0.65,69.75,,0.0,,,
2024-02-09 06:00:00,30.0,79.5,1.18,19.8,11.45,,5.15,0.6,29.44,0.03,0.17,,,,,18.55,69.5,0.57,64.75,,0.0,,,
2024-02-09 07:00:00,34.25,98.25,1.25,20.48,11.9,,5.1,0.63,30.06,0.08,0.25,,,,,18.62,61.5,0.92,85.25,,0.0,,,
2024-02-09 08:00:00,37.0,122.0,1.3,21.48,12.5,4.73,5.3,0.58,29.48,0.05,0.2,,,,,20.15,42.5,1.08,86.25,,0.0,,,
2024-02-09 09:00:00,34.0,118.25,1.45,21.58,12.65,5.1,4.88,0.69,29.46,0.1,0.53,,,,,23.32,36.75,1.32,112.5,,0.0,,,
2024-02-09 10:00:00,32.25,113.0,1.23,21.38,12.38,5.03,3.9,0.65,29.88,0.1,0.35,,,,,26.35,33.25,1.55,115.0,,0.0,,,
2024-02-09 11:00:00,26.5,107.5,0.9,21.38,12.1,5.0,3.2,0.64,29.28,0.1,0.3,,,,,27.95,30.75,1.58,90.5,,0.0,,,
2024-02-09 12:00:00,25.75,110.0,1.3,22.08,12.8,4.88,2.82,0.66,29.24,0.1,0.38,,,,,29.73,28.75,1.62,108.75,,0.0,,,
2024-02-09 13:00:00,25.25,119.25,1.0,21.95,12.45,5.05,2.58,0.57,29.71,0.0,0.0,,,,,30.98,26.75,1.5,96.0,,0.0,,,
2024-02-09 14:00:00,20.25,85.5,,,,,1.85,0.57,29.88,0.0,0.0,,,,,32.2,24.75,1.6,96.75,,0.0,,,
2024-02-09 15:00:00,28.5,87.75,,,,,1.9,0.57,30.09,0.0,0.1,,,,,32.52,23.5,1.6,130.5,,0.0,,,
2024-02-09 16:00:00,24.0,107.25,1.2,19.75,11.5,2.65,2.4,0.46,30.75,,,,,,,32.4,23.75,1.55,104.75,,0.0,,,
2024-02-09 17:00:00,25.25,108.75,1.2,21.05,12.2,2.25,1.55,0.76,29.88,0.23,0.9,,,,,31.48,26.75,1.27,90.75,,0.0,,,
2024-02-09 18:00:00,29.0,117.75,,,,,1.23,0.88,29.44,0.32,1.42,,,,,29.82,31.5,1.12,90.5,,0.0,,,
2024-02-09 19:00:00,32.75,117.25,1.45,22.6,13.2,5.45,,0.96,29.42,0.4,1.75,,,,,27.4,34.75,1.17,90.25,,0.0,,,
2024-02-09 20:00:00,42.5,132.0,1.42,22.2,12.98,5.8,,0.92,29.95,0.4,1.6,,,,,25.85,41.75,1.58,83.5,,0.0,,,
2024-02-09 21:00:00,36.0,115.75,1.32,20.52,12.0,6.3,1.4,0.81,29.42,0.23,1.1,,,,,24.42,53.25,1.6,88.0,,0.0,,,
2024-02-09 22:00:00,29.75,99.25,1.4,18.77,11.12,6.55,0.62,0.69,29.78,0.12,0.55,,,,,23.02,61.75,1.32,88.25,,0.0,,,
2024-02-09 23:00:00,29.25,84.75,1.35,17.95,10.62,6.35,0.48,0.53,30.28,0.05,0.2,,,,,21.95,69.0,1.18,93.0,,0.0,,,
2024-02-10 00:00:00,31.0,74.75,1.25,18.4,10.8,5.88,2.87,0.66,29.89,0.13,0.6,,,,,21.05,73.5,1.25,84.5,,0.0,,,
2024-02-10 01:00:00,34.25,76.0,1.12,18.55,10.8,5.7,4.32,0.53,29.87,0.0,0.1,,,,,20.53,76.0,1.45,94.0,,0.0,,,
2024-02-10 02:00:00,34.5,77.0,1.2,18.05,10.58,5.72,4.53,0.48,30.27,0.1,0.2,,,,,20.3,77.25,1.5,86.0,,0.0,,,
2024-02-10 03:00:00,33.5,68.75,1.35,17.42,10.38,5.78,4.72,0.4,30.36,,,,,,,19.88,77.0,1.4,90.5,,0.0,,,
2024-02-10 04:00:00,35.25,72.0,1.42,16.8,10.1,5.9,5.03,0.45,29.81,0.0,0.0,,,,,19.43,78.0,1.48,89.0,,0.0,,,
2024-02-10 05:00:00,36.75,74.75,1.18,16.6,9.78,5.93,5.05,0.81,29.73,0.23,1.07,,,,,19.18,80.5,1.5,87.25,,0.0,,,
2024-02-10 06:00:00,38.0,78.0,1.27,16.73,9.9,5.72,4.42,0.68,28.92,0.12,0.52,,,,,18.7,81.75,1.35,87.25,,0.0,,,
2024-02-10 07:00:00,34.75,83.25,1.42,16.38,9.88,5.85,4.55,0.74,29.33,0.2,0.82,,,,,18.38,82.5,1.48,86.25,,0.0,,,
2024-02-10 08:00:00,33.75,90.5,1.5,16.4,9.93,5.8,4.65,0.68,30.22,0.17,0.67,,,,,18.65,77.25,1.3,87.75,,0.0,,,
2024-02-10 09:00:00,35.0,94.75,1.18,17.45,10.22,5.8,3.95,0.7,27.84,0.17,0.57,,,,,20.38,65.0,1.52,93.5,,0.0,,,
2024-02-10 10:00:00,38.5,106.25,1.15,18.02,10.52,5.82,2.6,0.74,29.63,0.2,0.8,,,,,22.92,55.5,1.62,99.75,,0.0,,,
2024-02-10 11:00:00,31.5,114.0,1.2,18.55,10.88,5.3,1.23,0.69,29.25,0.12,0.57,,,,,25.02,47.0,1.75,90.25,,0.0,,,
2024-02-10 12:00:00,34.5,109.25,1.12,19.55,11.32,5.22,2.5,0.72,28.86,0.18,0.68,,,,,27.0,41.25,1.78,95.5,,0.0,,,
2024-02-10 13:00:00,38.0,109.75,0.95,20.6,11.75,5.2,2.05,0.64,30.09,0.07,0.33,,,,,28.55,37.75,1.78,100.0,,0.0,,,
2024-02-10 14:00:00,34.0,102.5,,,,,2.33,0.67,29.81,0.1,0.48,,,,,29.78,34.5,1.78,95.75,,0.0,,,
2024-02-10 15:00:00,32.75,109.25,,,,,2.62,0.69,29.93,0.1,0.55,,,,,30.32,34.5,1.88,94.5,,0.0,,,
2024-02-10 16:00:00,37.0,106.5,,,,,1.95,0.67,31.05,0.1,0.42,,,,,30.28,34.0,1.8,90.75,,0.0,,,
2024-02-10 17:00:00,34.0,101.5,,,,,1.58,0.61,31.08,0.03,0.17,,,,,29.52,36.25,1.6,93.25,,0.0,,,
2024-02-10 18:00:00,32.5,93.0,,,,,1.15,0.78,30.13,0.22,0.98,,,,,27.8,40.5,1.45,85.5,,0.0,,,
2024-02-10 19:00:00,32.0,99.0,,,,,0.75,0.75,30.13,0.2,0.8,,,,,25.65,46.0,1.48,89.75,,0.0,,,
2024-02-10 20:00:00,43.0,98.0,1.25,20.58,11.95,5.38,1.32,0.72,30.16,0.2,0.72,,,,,24.33,52.25,1.4,86.75,,0.0,,,
2024-02-10 21:00:00,39.75,96.5,1.2,19.82,11.52,5.52,0.65,0.6,29.09,0.1,0.25,,,,,23.25,57.5,1.32,88.75,,0.0,,,
2024-02-10 22:00:00,39.5,100.0,1.23,19.82,11.52,5.45,,0.67,30.41,0.1,0.42,,,,,22.28,61.5,1.05,84.25,,0.0,,,
2024-02-10 23:00:00,42.0,100.0,1.5,19.92,11.82,5.48,0.6,0.67,30.18,0.1,0.43,,,,,21.4,67.0,1.12,91.0,,0.0,,,
2024-02-11 00:00:00,43.75,105.0,1.35,19.4,11.42,5.43,5.1,0.63,29.1,0.1,0.25,,,,,20.65,73.5,1.35,94.0,,0.0,,,
2024-02-11 01:00:00,40.5,92.25,1.1,18.48,10.72,5.7,7.62,0.61,30.61,0.03,0.2,,,,,19.98,77.5,1.3,83.5,,0.0,,,
2024-02-11 02:00:00,41.5,88.33,1.25,17.55,10.35,5.82,6.85,0.6,31.1,0.02,0.15,,,,,19.1,79.5,1.05,88.75,,0.0,,,
2024-02-11 03:00:00,39.75,83.0,1.23,17.27,10.2,5.8,7.0,0.6,30.8,0.0,0.1,,,,,18.6,82.0,1.35,79.5,,0.0,,,
2024-02-11 04:00:00,38.25,78.5,1.2,16.98,10.0,5.8,6.78,0.57,30.55,0.0,0.1,,,,,18.32,83.75,1.4,87.75,,0.0,,,
2024-02-11 05:00:00,37.5,76.75,1.38,16.68,10.0,5.75,6.72,0.66,30.5,0.1,0.4,,,,,18.08,82.75,1.58,83.0,,0.0,,,
2024-02-11 06:00:00,39.75,75.67,1.3,16.2,9.7,5.78,7.15,0.66,29.57,0.08,0.42,,,,,17.97,82.0,1.4,86.25,,0.0,,,
2024-02-11 07:00:00,35.0,82.75,1.32,16.68,9.93,5.65,7.35,0.65,30.46,0.1,0.32,,,,,17.9,81.0,1.58,79.0,,0.0,,,
2024-02-11 08:00:00,42.75,103.0,1.32,16.98,10.1,5.6,6.85,0.75,30.33,0.2,0.88,,,,,18.25,76.25,1.48,87.25,,0.0,,,
2024-02-11 09:00:00,47.0,96.25,1.23,17.35,10.22,5.62,7.0,0.52,30.0,0.0,0.1,,,,,20.0,65.5,1.7,86.75,,0.0,,,
2024-02-11 10:00:00,41.5,101.25,1.15,17.82,10.4,5.52,7.5,0.69,30.02,0.1,0.52,,,,,22.75,51.5,1.62,90.0,,0.0,,,
2024-02-11 11:00:00,33.0,97.0,1.23,18.4,10.82,5.22,3.42,0.68,29.81,0.1,0.48,,,,,25.2,41.25,1.82,93.25,,0.0,,,
2024-02-11 12:00:00,30.25,102.0,1.25,18.45,10.88,5.4,2.1,0.68,31.22,0.1,0.48,,,,,27.08,38.5,1.78,117.5,,0.0,,,
2024-02-11 13:00:00,31.5,105.25,1.42,18.75,11.15,5.5,4.4,0.51,30.68,,,,,,,28.4,36.0,1.98,86.5,,0.0,,,
2024-02-11 14:00:00,32.25,94.33,1.4,18.65,11.05,5.45,4.7,0.56,24.59,0.0,0.1,,,,,29.3,33.5,1.92,98.5,,0.0,,,
2024-02-11 15:00:00,30.0,88.5,,,,,,0.72,31.33,0.18,0.68,,,,,29.88,32.25,2.05,99.25,,0.0,,,
2024-02-11 16:00:00,27.5,87.0,,,,,,0.66,29.5,0.1,0.45,,,,,29.8,35.0,1.78,92.5,,0.0,,,
2024-02-11 17:00:00,22.25,69.25,,,,,,0.65,30.43,0.1,0.33,,,,,28.78,36.25,1.75,91.75,,0.0,,,
2024-02-11 18:00:00,31.5,73.75,,,,,4.12,0.58,29.96,0.03,0.17,,,,,27.22,40.75,1.35,83.0,,0.0,,,
2024-02-11 19:00:00,39.75,96.75,,,,,4.2,0.65,30.13,0.1,0.35,,,,,25.22,44.0,1.32,84.25,,0.0,,,
2024-02-11 20:00:00,41.5,104.25,1.3,19.6,11.5,5.4,1.8,0.66,29.14,0.1,0.4,,,,,24.1,52.25,1.38,81.25,,0.0,,,
2024-02-11 21:00:00,39.0,100.75,1.38,19.55,11.52,5.45,1.23,0.69,29.04,0.1,0.53,,,,,22.92,57.5,1.3,87.5,,0.0,,,
2024-02-11 22:00:00,38.0,98.75,1.35,19.12,11.3,5.6,1.65,0.7,29.94,0.15,0.6,,,,,21.85,63.0,1.18,85.5,,0.0,,,
2024-02-11 23:00:00,45.0,103.33,1.3,19.23,11.28,5.45,3.22,0.66,29.48,0.1,0.38,,,,,20.83,68.5,1.48,84.25,,0.0,,,
2024-02-12 00:00:00,47.75,100.5,1.42,19.27,11.42,5.28,6.07,0.63,30.18,0.1,0.25,,,,,20.08,73.5,1.23,75.5,,0.0,,,
2024-02-12 01:00:00,47.0,94.67,1.35,18.92,11.15,5.28,7.92,0.64,30.08,0.1,0.3,,,,,19.13,77.25,1.18,80.0,,0.0,,,
2024-02-12 02:00:00,45.75,91.5,1.25,18.18,10.72,5.45,7.72,0.63,30.04,0.1,0.3,,,,,18.45,80.5,1.12,85.0,,0.0,,,
2024-02-12 03:00:00,,,,,,,,,,,,,,,,,,,,,0.0,,,
2024-02-12 04:00:00,,,,,,,,,,,,,,,,,,,,,0.0,,,
2024-02-12 05:00:00,,,,,,,,,,,,,,,,,,,,,0.0,,,
2024-02-12 06:00:00,,,,,,,,,,,,,,,,,,,,,0.0,,,
2024-02-12 07:00:00,,,,,,,,,,,,,,,,,,,,,0.0,,,
2024-02-12 08:00:00,,,,,,,,,,,,,,,,,,,,,0.0,,,
2024-02-12 09:00:00,,,,,,,,,,,,,,,,,,,,,0.0,,,
2024-02-12 10:00:00,25.0,117.33,0.95,20.3,11.55,4.75,8.55,0.68,29.57,0.1,0.5,,,,,24.23,22.5,1.9,93.5,,0.0,,,
2024-02-12 11:00:00,18.5,98.75,1.23,19.75,11.5,5.03,8.12,0.7,29.45,0.1,0.57,,,,,26.55,22.75,1.88,97.5,,0.0,,,
2024-02-12 12:00:00,20.75,84.0,1.27,20.15,11.72,5.15,4.53,0.71,28.96,0.15,0.62,,,,,28.25,23.75,1.9,91.5,,0.0,,,
2024-02-12 13:00:00,15.5,84.0,1.4,21.33,12.45,4.95,5.22,0.72,28.75,0.2,0.7,,,,,29.52,25.0,1.68,99.0,,0.0,,,
2024-02-12 14:00:00,21.25,75.75,1.1,21.77,12.47,5.17,6.1,0.74,29.92,0.18,0.78,,,,,30.32,26.25,1.9,92.5,,0.0,,,
2024-02-12 15:00:00,23.75,79.25,1.2,21.3,12.3,5.2,5.38,0.77,30.9,0.22,0.9,,,,,30.72,24.5,1.72,99.5,,0.0,,,
2024-02-12 16:00:00,20.5,82.5,,,,,5.4,0.76,29.84,0.2,0.88,,,,,30.62,27.0,1.75,96.5,,0.0,,,
2024-02-12 17:00:00,22.75,83.25,,,,,5.2,0.66,28.72,0.1,0.4,,,,,29.78,28.75,1.65,86.0,,0.0,,,
2024-02-12 18:00:00,28.25,95.0,,,,,4.92,0.72,29.86,0.15,0.7,,,,,28.12,35.0,1.38,86.25,,0.0,,,
2024-02-12 19:00:00,39.0,115.25,1.33,25.8,14.8,4.8,5.18,0.78,30.12,0.22,0.95,,,,,25.7,40.5,1.42,81.0,,0.0,,,
2024-02-12 20:00:00,41.0,126.33,1.23,24.6,14.1,5.38,5.32,0.73,29.6,0.18,0.72,,,,,24.03,46.5,1.35,79.0,,0.0,,,
2024-02-12 21:00:00,37.0,112.25,1.25,22.15,12.8,6.15,3.42,0.69,29.85,0.1,0.53,,,,,22.8,54.25,1.25,89.75,,0.0,,,
2024-02-12 22:00:00,34.5,96.33,1.32,20.88,12.18,6.1,1.27,0.63,29.44,0.08,0.25,,,,,21.5,62.75,1.4,83.25,,0.0,,,
2024-02-12 23:00:00,36.5,92.25,1.38,20.3,11.92,5.82,2.12,0.6,29.36,0.0,0.15,,,,,20.5,68.5,1.08,87.5,,0.0,,,
2024-02-13 00:00:00,37.5,88.5,1.2,19.85,11.55,5.88,3.53,0.56,30.22,,,,,,,19.72,71.0,1.3,80.0,,0.0,,,
2024-02-13 01:00:00,34.25,82.25,1.2,19.27,11.25,6.0,4.75,0.73,29.02,0.17,0.77,,,,,19.05,74.0,1.12,74.75,,0.0,,,
2024-02-13 02:00:00,30.75,76.0,1.2,19.02,11.12,5.93,4.8,0.72,30.32,0.15,0.68,,,,,18.43,76.75,1.18,78.5,,0.0,,,
2024-02-13 03:00:00,35.75,75.25,1.1,18.65,10.82,6.02,4.62,0.76,29.56,0.2,0.88,,,,,17.92,81.0,1.15,80.0,,0.0,,,
2024-02-13 04:00:00,35.75,76.75,1.25,18.12,10.68,6.15,4.7,0.75,30.63,0.2,0.82,,,,,17.3,82.25,1.0,79.5,,0.0,,,
2024-02-13 05:00:00,36.25,71.75,1.25,17.92,10.55,6.15,4.35,0.67,30.08,0.1,0.5,,,,,16.92,83.25,1.08,80.0,,0.0,,,
2024-02-13 06:00:00,33.0,76.0,1.42,18.48,10.98,6.0,4.55,0.67,31.82,0.1,0.45,,,,,16.67,84.0,1.0,84.25,,0.0,,,
2024-02-13 07:00:00,36.0,74.25,1.25,18.52,10.9,6.08,3.68,0.62,29.06,0.08,0.25,,,,,16.7,82.25,1.2,81.5,,0.0,,,
2024-02-13 08:00:00,27.0,76.75,1.4,18.58,11.02,6.22,3.8,0.66,30.34,0.1,0.38,,,,,17.58,74.5,1.23,90.75,,0.0,,,
2024-02-13 09:00:00,24.25,83.0,1.27,18.73,11.0,6.28,4.5,0.72,31.07,0.17,0.67,,,,,19.92,63.25,1.48,117.25,,0.0,,,
2024-02-13 10:00:00,16.5,88.25,1.2,19.05,11.12,6.48,4.32,0.75,30.0,0.2,0.82,,,,,22.52,51.5,1.6,114.0,,0.0,,,
2024-02-13 11:00:00,17.5,89.25,1.35,18.92,11.12,6.5,1.23,0.74,31.4,0.2,0.75,,,,,25.1,44.75,1.8,118.25,,0.0,,,
2024-02-13 12:00:00,17.75,75.25,1.2,18.92,11.05,6.42,0.57,0.75,30.38,0.2,0.82,,,,,26.7,41.0,1.72,112.5,,0.0,,,
2024-02-13 13:00:00,20.75,82.5,1.4,18.7,11.1,6.3,2.12,0.69,28.62,0.17,0.6,,,,,28.15,37.5,1.72,99.0,,0.0,,,
2024-02-13 14:00:00,14.0,73.0,,,,,2.22,0.69,29.48,0.1,0.52,,,,,29.08,37.0,1.75,92.0,,0.0,,,
2024-02-13 15:00:00,14.0,66.25,,,,,1.4,0.68,29.66,0.1,0.5,,,,,29.65,35.75,1.78,99.0,,0.0,,,
2024-02-13 16:00:00,14.75,62.25,,,,,1.95,0.7,30.85,0.12,0.6,,,,,29.8,37.0,1.42,113.25,,0.0,,,
2024-02-13 17:00:00,17.0,62.25,,,,,2.52,0.71,30.35,0.17,0.67,,,,,29.4,39.5,1.55,86.25,,0.0,,,
2024-02-13 18:00:00,18.25,80.5,,,,,2.05,0.72,30.91,0.18,0.7,,,,,27.68,42.5,1.23,90.25,,0.0,,,
2024-02-13 19:00:00,24.0,97.0,,,,,2.2,0.83,30.09,0.3,1.2,,,,,25.78,45.5,1.12,87.0,,0.0,,,
2024-02-13 20:00:00,30.0,116.0,1.0,22.03,12.5,5.53,1.62,0.8,29.45,0.25,1.08,,,,,24.58,51.5,1.4,87.5,,0.0,,,
2024-02-13 21:00:00,28.0,86.75,1.27,20.9,12.15,5.85,0.9,0.7,29.94,0.17,0.57,,,,,23.62,57.75,1.52,94.25,,0.0,,,
2024-02-13 22:00:00,22.75,68.25,1.42,19.42,11.5,6.05,0.4,0.68,31.0,0.1,0.5,,,,,22.6,61.5,1.45,86.5,,0.0,,,
2024-02-13 23:00:00,25.0,62.5,1.35,18.98,11.2,5.9,,0.65,29.62,0.1,0.38,,,,,21.8,67.25,1.4,80.5,,0.0,,,
2024-02-14 00:00:00,26.25,70.33,1.3,18.9,11.08,5.68,5.93,0.63,30.36,0.08,0.28,,,,,20.9,75.25,1.35,75.5,,0.0,,,
2024-02-14 01:00:00,32.25,71.75,1.32,19.1,11.22,5.55,9.65,0.66,29.07,0.1,0.43,,,,,20.12,79.5,1.2,86.75,,0.0,,,
2024-02-14 02:00:00,37.0,70.75,1.35,18.52,10.95,5.75,12.25,0.68,31.04,0.1,0.5,,,,,19.45,83.0,1.32,81.75,,0.0,,,
2024-02-14 03:00:00,31.75,61.25,1.4,18.12,10.8,5.88,13.58,0.66,29.81,0.1,0.35,,,,,18.9,84.25,1.15,72.75,,0.0,,,
2024-02-14 04:00:00,33.25,62.25,1.35,18.05,10.7,5.88,14.42,0.62,29.58,0.05,0.25,,,,,18.55,85.0,1.3,87.25,,0.0,,,
2024-02-14 05:00:00,31.0,60.0,1.38,17.45,10.4,6.02,14.45,0.71,31.06,0.17,0.63,,,,,18.35,84.75,1.35,81.75,,0.0,,,
2024-02-14 06:00:00,30.5,57.5,1.1,17.4,10.15,5.98,13.78,0.68,29.03,0.12,0.5,,,,,18.27,84.0,1.08,91.25,,0.0,,,
2024-02-14 07:00:00,29.5,67.0,1.3,18.08,10.68,5.88,14.12,0.76,29.88,0.2,0.88,,,,,18.23,83.0,1.18,83.0,,0.0,,,
2024-02-14 08:00:00,31.5,84.25,1.08,19.02,11.0,5.82,13.42,0.76,30.25,0.2,0.85,,,,,18.73,77.0,1.35,90.25,,0.0,,,
2024-02-14 09:00:00,32.25,92.67,1.4,19.18,11.32,5.93,13.42,0.78,29.6,0.2,0.93,,,,,20.77,67.75,1.52,90.5,,0.0,,,
2024-02-14 10:00:00,30.0,102.0,1.18,19.8,11.5,5.78,10.15,0.79,31.28,0.2,1.0,,,,,22.98,57.0,1.48,101.0,,0.0,,,
2024-02-14 11:00:00,28.25,94.0,1.1,20.78,11.95,5.8,10.9,0.76,29.91,0.2,0.88,,,,,25.63,46.5,1.52,110.25,,0.0,,,
2024-02-14 12:00:00,23.25,79.5,1.2,20.65,11.95,5.82,10.2,0.77,29.73,0.22,0.9,,,,,27.25,39.0,1.9,113.5,,0.0,,,
2024-02-14 13:00:00,21.5,80.33,1.25,20.25,11.75,5.95,10.75,0.76,28.83,0.23,0.87,,,,,28.57,38.5,1.8,107.5,,0.0,,,
2024-02-14 14:00:00,15.0,74.0,,,,,11.1,0.79,29.39,0.25,1.02,,,,,29.35,36.75,1.72,100.5,,0.0,,,
2024-02-14 15:00:00,19.0,75.5,,,,,11.12,0.75,29.92,0.2,0.8,,,,,30.05,36.75,1.62,96.75,,0.0,,,
2024-02-14 16:00:00,21.5,71.0,,,,,11.5,0.75,30.15,0.2,0.82,,,,,29.85,36.0,1.7,91.75,,0.0,,,
2024-02-14 17:00:00,22.0,75.67,,,,,11.72,0.78,29.47,0.23,0.97,,,,,29.17,38.75,1.58,90.5,,0.0,,,
2024-02-14 18:00:00,28.25,87.25,,,,,11.2,0.81,30.6,0.28,1.1,,,,,27.6,42.5,1.5,83.75,,0.0,,,
2024-02-14 19:00:00,30.0,98.0,,,,,10.77,0.84,30.1,0.3,1.25,,,,,25.78,47.0,1.52,95.0,,0.0,,,
2024-02-14 20:00:00,32.25,107.75,1.38,20.48,12.05,5.6,10.62,0.81,30.36,0.25,1.1,,,,,24.48,53.5,1.48,89.0,,0.0,,,
2024-02-14 21:00:00,32.25,101.0,1.27,19.92,11.65,5.65,10.1,0.73,29.17,0.2,0.7,,,,,23.13,57.25,1.38,89.75,,0.0,,,
2024-02-14 22:00:00,38.75,96.25,1.38,19.35,11.4,5.7,9.28,0.71,29.51,0.15,0.65,,,,,22.22,59.75,1.48,89.75,,0.0,,,
2024-02-14 23:00:00,37.5,81.5,1.25,18.75,10.98,5.52,7.75,0.72,30.94,0.15,0.68,,,,,21.52,63.5,1.45,92.25,,0.0,,,
2024-02-15 00:00:00,37.25,82.5,1.3,18.3,10.8,5.65,8.27,0.72,30.14,0.18,0.7,,,,,20.82,68.5,1.45,84.75,,0.0,,,
2024-02-15 01:00:00,39.0,86.0,1.35,18.0,10.68,5.62,8.57,0.69,31.14,0.1,0.53,,,,,20.08,72.5,1.2,78.75,,0.0,,,
2024-02-15 02:00:00,34.25,75.0,1.45,18.23,10.88,5.43,10.05,0.69,30.7,0.1,0.57,,,,,19.13,76.25,0.95,81.5,,0.0,,,
2024-02-15 03:00:00,34.0,75.5,1.5,18.38,11.0,5.45,11.7,0.68,30.4,0.1,0.48,,,,,18.45,79.0,0.88,85.5,,0.0,,,
2024-02-15 04:00:00,23.25,71.25,1.32,18.73,11.02,5.55,12.68,0.66,31.9,0.1,0.43,,,,,17.85,81.0,0.82,76.0,,0.0,,,
2024-02-15 05:00:00,27.75,72.5,1.27,18.82,11.05,5.62,12.42,0.66,30.78,0.1,0.4,,,,,17.32,82.5,0.92,75.5,,0.0,,,
2024-02-15 06:00:00,32.0,78.5,1.2,19.3,11.25,5.78,11.68,0.7,29.52,0.12,0.57,,,,,17.03,84.25,0.88,83.25,,0.0,,,
2024-02-15 07:00:00,39.0,95.5,1.18,19.88,11.58,5.78,11.85,0.73,29.52,0.2,0.72,,,,,16.77,84.25,1.12,85.0,,0.0,,,
2024-02-15 08:00:00,45.25,111.0,1.2,20.65,11.95,5.68,12.4,0.78,29.52,0.2,0.9,,,,,17.08,79.25,1.3,84.75,,0.0,,,
2024-02-15 09:00:00,50.75,120.5,1.3,21.15,12.3,5.6,13.08,0.77,30.07,0.2,0.93,,,,,19.12,57.5,1.55,85.0,,0.0,,,
2024-02-15 10:00:00,34.5,102.0,1.02,21.25,12.15,5.48,10.72,0.76,30.12,0.2,0.88,,,,,22.6,41.0,1.75,92.75,,0.0,,,
2024-02-15 11:00:00,22.25,90.0,1.27,20.58,12.0,5.55,9.98,0.73,28.06,0.2,0.72,,,,,25.25,34.0,1.82,97.25,,0.0,,,
2024-02-15 12:00:00,17.5,74.25,1.27,19.88,11.58,5.7,9.22,0.71,29.18,0.18,0.62,,,,,27.3,29.75,1.7,107.5,,0.0,,,
2024-02-15 13:00:00,18.5,78.25,1.18,20.18,11.7,5.75,9.5,0.69,29.58,0.1,0.53,,,,,28.8,27.5,1.68,90.0,,0.0,,,
2024-02-15 14:00:00,17.75,67.25,1.25,20.85,12.15,5.5,10.52,0.75,30.1,0.2,0.8,,,,,29.9,27.25,1.5,101.75,,0.0,,,
2024-02-15 15:00:00,21.0,63.75,,,,,10.32,0.78,30.4,0.2,0.95,,,,,30.58,28.25,1.6,104.0,,0.0,,,
2024-02-15 16:00:00,25.0,83.25,,,,,10.85,0.8,29.98,0.28,1.05,,,,,30.4,30.0,1.7,90.25,,0.0,,,
2024-02-15 17:00:00,27.25,97.33,,,,,11.23,0.79,29.98,0.23,0.97,,,,,28.7,32.25,1.6,85.5,,0.0,,,
2024-02-15 18:00:00,28.75,98.0,,,,,10.55,0.83,29.73,0.3,1.2,,,,,27.22,33.75,1.4,84.0,,0.0,,,
2024-02-15 19:00:00,36.75,110.67,1.5,24.7,14.3,4.6,10.22,0.87,29.18,0.32,1.35,,,,,25.37,34.75,1.48,81.75,,0.0,,,
2024-02-15 20:00:00,29.25,108.75,1.32,23.05,13.32,5.1,9.2,0.78,30.82,0.22,0.98,,,,,24.15,48.0,1.78,89.75,,0.0,,,
2024-02-15 21:00:00,37.25,97.25,1.23,21.15,12.25,5.65,8.3,0.75,30.58,0.2,0.8,,,,,22.8,54.5,1.78,83.5,,0.0,,,
2024-02-15 22:00:00,39.75,91.75,1.2,20.48,11.88,5.65,7.9,0.73,29.36,0.2,0.75,,,,,21.67,59.0,1.62,83.5,,0.0,,,
2024-02-15 23:00:00,36.5,91.0,1.3,19.52,11.45,6.05,8.18,0.7,30.72,0.12,0.55,,,,,20.8,64.25,1.38,86.25,,0.0,,,
2024-02-16 00:00:00,38.25,88.0,1.27,19.5,11.42,6.12,7.67,0.68,31.1,0.1,0.55,,,,,20.02,69.5,1.62,78.0,,0.0,,,
2024-02-16 01:00:00,41.0,79.75,1.3,19.77,11.58,6.22,7.62,0.7,29.74,0.1,0.6,,,,,19.27,74.5,1.45,82.5,,0.0,,,
2024-02-16 02:00:00,46.5,89.33,1.27,19.0,11.15,6.32,9.05,0.7,31.36,0.1,0.6,,,,,18.37,79.25,1.52,80.5,,0.0,,,
2024-02-16 03:00:00,44.0,101.75,1.3,18.65,10.98,6.43,10.32,0.68,30.02,0.1,0.48,,,,,17.8,82.5,1.2,84.75,,0.0,,,
2024-02-16 04:00:00,38.0,88.25,1.38,19.1,11.28,6.22,11.3,0.66,30.22,0.1,0.38,,,,,17.42,77.5,1.2,83.0,,0.0,,,
2024-02-16 05:00:00,29.0,67.5,1.42,19.3,11.4,6.15,10.8,0.72,30.07,0.2,0.7,,,,,17.23,68.25,1.25,82.0,,0.0,,,
2024-02-16 06:00:00,30.0,67.25,1.3,19.77,11.55,5.9,10.9,0.72,31.86,0.18,0.65,,,,,17.25,67.5,1.4,80.0,,0.0,,,
2024-02-16 07:00:00,34.75,77.5,1.27,20.1,11.72,6.02,11.62,0.74,29.9,0.2,0.8,,,,,17.1,73.75,1.45,85.75,,0.0,,,
2024-02-16 08:00:00,39.0,98.25,1.2,20.3,11.78,6.12,11.8,0.74,30.02,0.2,0.78,,,,,17.6,71.0,2.0,80.25,,0.0,,,
2024-02-16 09:00:00,34.5,102.75,1.25,19.85,11.58,6.08,12.05,0.72,30.47,0.13,0.7,,,,,19.62,67.0,1.82,90.25,,0.0,,,
2024-02-16 10:00:00,29.75,104.25,1.3,19.95,11.68,6.28,10.42,0.73,28.4,0.2,0.72,,,,,21.85,56.0,2.08,94.25,,0.0,,,
2024-02-16 11:00:00,26.5,107.25,1.35,19.85,11.68,6.2,8.65,0.74,29.34,0.2,0.75,,,,,24.2,49.75,2.15,92.0,,0.0,,,
2024-02-16 12:00:00,19.25,118.75,1.35,19.25,11.35,6.28,8.02,0.73,30.28,0.2,0.7,,,,,25.75,44.25,2.1,90.25,,0.0,,,
2024-02-16 13:00:00,19.5,100.25,1.32,19.65,11.52,6.1,7.5,0.68,30.4,0.1,0.47,,,,,27.18,41.75,2.0,98.25,,0.0,,,
2024-02-16 14:00:00,18.25,83.5,1.3,19.77,11.57,6.3,7.95,0.72,28.99,0.2,0.7,,,,,28.5,40.75,1.82,97.25,,0.0,,,
2024-02-16 15:00:00,18.25,85.0,1.3,20.1,11.8,6.2,8.12,0.74,29.73,0.2,0.78,,,,,29.15,40.0,1.85,106.5,,0.0,,,
2024-02-16 16:00:00,18.25,88.0,,,,,8.65,0.77,30.39,0.2,0.9,,,,,29.12,41.25,1.85,95.25,,0.0,,,
2024-02-16 17:00:00,24.5,93.0,,,,,8.18,0.71,30.98,0.17,0.63,,,,,28.33,43.25,1.78,102.5,,0.0,,,
2024-02-16 18:00:00,22.75,83.0,,,,,8.0,0.74,30.51,0.2,0.8,,,,,27.02,46.75,1.65,106.75,,0.0,,,
2024-02-16 19:00:00,22.75,96.33,1.4,20.9,12.2,6.0,8.35,0.77,31.22,0.2,0.92,,,,,25.2,50.5,1.38,103.5,,0.0,,,
2024-02-16 20:00:00,27.0,107.25,1.23,21.48,12.42,5.72,7.72,0.8,30.24,0.22,1.02,,,,,24.17,54.5,1.38,89.5,,0.0,,,
2024-02-16 21:00:00,33.5,95.25,1.25,22.02,12.72,5.28,6.75,0.78,30.67,0.2,0.97,,,,,23.25,59.25,1.4,82.5,,0.0,,,
2024-02-16 22:00:00,34.5,92.25,1.27,22.45,12.98,5.0,7.15,0.77,30.22,0.2,0.92,,,,,22.25,65.5,1.23,85.75,,0.0,,,
2024-02-16 23:00:00,34.25,88.75,1.38,22.52,13.1,4.97,6.5,0.74,29.84,0.2,0.75,,,,,21.32,67.75,1.2,87.0,,0.0,,,
2024-02-17 00:00:00,34.0,82.75,1.2,21.68,12.52,5.2,6.17,0.67,29.68,0.1,0.48,,,,,20.6,68.0,1.2,90.0,,0.0,,,
2024-02-17 01:00:00,22.5,74.0,1.35,21.05,12.28,5.4,5.45,0.68,30.66,0.1,0.47,,,,,19.73,69.5,0.95,84.25,,0.0,,,
2024-02-17 02:00:00,24.75,69.25,1.27,20.62,12.02,5.4,5.1,0.66,32.09,0.1,0.42,,,,,19.05,72.0,1.2,85.75,,0.0,,,
2024-02-17 03:00:00,28.75,70.75,1.1,20.2,11.65,5.72,7.52,0.68,30.65,0.1,0.5,,,,,18.5,75.5,1.23,83.75,,0.0,,,
2024-02-17 04:00:00,34.5,82.33,1.15,19.9,11.55,5.78,8.38,0.68,30.0,0.1,0.5,,,,,18.03,77.75,0.82,86.75,,0.0,,,
2024-02-17 05:00:00,33.75,81.25,1.23,20.27,11.8,5.6,9.02,0.64,29.56,0.1,0.33,,,,,17.65,72.25,0.92,77.75,,0.0,,,
2024-02-17 06:00:00,29.0,78.67,1.48,20.75,12.25,5.55,9.0,0.65,30.7,0.1,0.35,,,,,17.5,63.0,0.72,86.5,,0.0,,,
2024-02-17 07:00:00,34.5,87.75,1.18,21.6,12.42,5.57,8.1,0.66,29.47,0.1,0.43,,,,,17.7,55.0,0.9,85.25,,0.0,,,
2024-02-17 08:00:00,33.25,98.33,1.38,22.22,12.95,5.7,8.75,0.66,29.44,0.1,0.4,,,,,19.53,41.25,1.45,90.75,,0.0,,,
2024-02-17 09:00:00,31.25,94.0,1.23,21.28,12.3,5.72,8.22,0.72,30.06,0.2,0.67,,,,,22.62,33.75,1.78,91.0,,0.0,,,
2024-02-17 10:00:00,23.25,84.25,1.3,20.18,11.78,5.82,5.75,0.72,28.78,0.18,0.65,,,,,24.98,32.0,1.7,96.75,,0.0,,,
2024-02-17 11:00:00,21.5,80.0,1.18,20.82,12.05,5.55,6.58,0.76,28.3,0.2,0.88,,,,,26.78,31.5,1.68,98.0,,0.0,,,
2024-02-17 12:00:00,15.5,78.0,1.35,21.78,12.68,5.45,6.05,0.79,30.42,0.2,1.0,,,,,28.2,30.0,1.65,88.0,,0.0,,,
2024-02-17 13:00:00,18.25,87.5,1.17,22.97,13.13,5.23,6.52,0.74,29.74,0.17,0.77,,,,,29.4,28.75,1.68,102.25,,0.0,,,
2024-02-17 14:00:00,15.25,81.0,1.1,24.8,14.1,4.85,7.35,0.77,29.64,0.2,0.9,,,,,30.45,28.25,1.65,99.75,,0.0,,,
2024-02-17 15:00:00,23.5,82.67,,,,,7.15,0.77,29.93,0.22,0.9,,,,,31.1,27.5,1.48,108.0,,0.0,,,
2024-02-17 16:00:00,27.75,80.5,,,,,7.45,0.8,30.03,0.25,1.05,,,,,31.4,28.0,1.38,92.25,,0.0,,,
2024-02-17 17:00:00,26.25,83.0,,,,,8.0,0.67,30.25,0.1,0.43,,,,,30.72,31.25,1.3,81.25,,0.0,,,
2024-02-17 18:00:00,24.75,89.25,,,,,7.6,0.71,30.04,0.18,0.65,,,,,29.0,35.5,1.25,86.0,,0.0,,,
2024-02-17 19:00:00,28.75,102.75,,,,,6.6,0.74,30.1,0.2,0.75,,,,,26.82,38.75,1.45,86.75,,0.0,,,
2024-02-17 20:00:00,31.25,112.75,1.5,24.3,14.1,5.5,6.65,0.69,30.66,0.1,0.52,,,,,25.38,47.0,1.6,94.75,,0.0,,,
2024-02-17 21:00:00,26.75,105.0,1.42,21.98,12.82,6.12,5.2,0.72,29.63,0.2,0.7,,,,,24.08,51.25,1.7,89.0,,0.0,,,
2024-02-17 22:00:00,37.25,92.25,1.2,21.58,12.48,5.85,5.1,0.7,29.66,0.15,0.6,,,,,22.85,54.0,1.55,86.0,,0.0,,,
2024-02-17 23:00:00,35.0,88.5,1.32,21.02,12.28,5.82,5.22,0.66,29.72,0.1,0.42,,,,,21.9,59.25,1.35,82.25,,0.0,,,
2024-02-18 00:00:00,36.5,83.5,1.18,20.78,12.0,5.78,5.8,0.64,29.7,0.1,0.3,,,,,21.1,63.0,1.35,85.25,,0.0,,,
2024-02-18 01:00:00,38.5,82.25,1.23,20.1,11.68,5.95,5.72,0.71,28.58,0.17,0.6,,,,,20.32,65.0,1.3,82.5,,0.0,,,
2024-02-18 02:00:00,30.75,83.25,1.32,19.62,11.52,6.0,5.32,0.69,31.26,0.1,0.52,,,,,19.65,67.25,1.1,84.25,,0.0,,,
2024-02-18 03:00:00,30.75,82.25,1.3,19.75,11.6,5.95,6.62,0.68,30.82,0.1,0.52,,,,,19.1,68.25,0.88,71.0,,0.0,,,
2024-02-18 04:00:00,34.25,79.5,1.27,20.65,12.05,5.45,8.2,0.68,29.64,0.1,0.48,,,,,18.7,69.75,0.82,71.75,,0.0,,,
2024-02-18 05:00:00,38.0,87.75,1.32,21.08,12.3,5.32,9.88,0.71,28.88,0.13,0.63,,,,,18.35,70.75,0.75,69.0,,0.0,,,
2024-02-18 06:00:00,39.75,110.67,1.4,22.02,12.85,5.4,9.18,0.76,29.74,0.2,0.85,,,,,18.07,73.25,0.55,80.0,,0.0,,,
2024-02-18 07:00:00,45.25,160.75,1.27,23.18,13.38,5.38,9.5,0.82,30.59,0.3,1.15,,,,,17.9,71.5,0.6,90.25,,0.0,,,
2024-02-18 08:00:00,44.25,168.75,1.23,24.02,13.78,5.68,8.25,0.79,28.32,0.22,1.0,,,,,19.15,53.75,0.92,91.25,,0.0,,,
2024-02-18 09:00:00,36.75,109.5,1.27,24.48,14.05,6.3,6.82,0.69,30.39,0.1,0.53,,,,,22.72,41.25,1.2,116.75,,0.0,,,
2024-02-18 10:00:00,30.0,96.75,1.13,24.27,13.8,6.27,6.42,0.69,27.91,0.1,0.57,,,,,25.42,41.0,1.18,116.0,,0.0,,,
2024-02-18 11:00:00,28.5,95.75,,,,,7.18,0.75,28.63,0.2,0.8,,,,,27.4,37.5,1.15,136.75,,0.0,,,
2024-02-18 12:00:00,23.5,85.25,,,,,7.62,0.73,29.92,0.2,0.7,,,,,28.95,33.25,1.32,136.25,,0.0,,,
2024-02-18 13:00:00,22.0,82.75,,,,,7.3,0.78,27.15,0.23,0.97,,,,,30.32,28.0,1.32,169.25,,0.0,,,
2024-02-18 14:00:00,22.25,78.0,,,,,,0.76,30.62,0.22,0.88,,,,,31.35,27.0,1.35,118.0,,0.0,,,
2024-02-18 15:00:00,25.0,74.5,,,,,,0.88,29.33,0.35,1.42,,,,,31.7,25.5,1.35,145.25,,0.0,,,
2024-02-18 16:00:00,29.25,94.75,,,,,,0.85,29.29,0.3,1.27,,,,,32.22,25.0,1.05,192.25,,0.0,,,
2024-02-18 17:00:00,24.0,78.0,,,,,,0.7,29.18,0.13,0.57,,,,,31.65,26.5,0.82,102.5,,0.0,,,
2024-02-18 18:00:00,29.75,87.5,,,,,,0.96,30.17,0.43,1.78,,,,,29.92,31.75,0.85,75.5,,0.0,,,
2024-02-18 19:00:00,43.75,123.0,,,,,7.1,0.86,30.46,0.3,1.3,,,,,27.52,35.25,1.2,85.0,,0.0,,,
2024-02-18 20:00:00,32.5,114.75,,,,,6.82,0.78,30.04,0.22,0.98,,,,,26.02,41.75,1.52,86.75,,0.0,,,
2024-02-18 21:00:00,27.0,99.75,,,,,7.05,0.73,30.59,0.2,0.7,,,,,24.5,50.25,1.4,81.0,,0.0,,,
2024-02-18 22:00:00,22.75,76.33,1.25,23.12,13.35,5.72,6.85,0.73,30.46,0.18,0.72,,,,,22.93,56.5,1.52,85.0,,0.0,,,
2024-02-18 23:00:00,21.5,76.75,1.3,22.42,13.0,5.78,6.0,0.63,29.89,0.07,0.37,,,,,22.02,61.25,1.58,84.75,,0.0,,,
2024-02-19 00:00:00,27.75,68.67,1.3,21.48,12.48,6.08,4.53,0.63,30.69,0.08,0.28,,,,,21.27,65.25,1.3,90.5,,0.0,,,
2024-02-19 01:00:00,26.75,63.25,1.32,20.9,12.18,6.12,2.82,0.58,30.36,0.1,0.35,,,,,20.6,67.5,1.25,81.0,,0.0,,,
2024-02-19 02:00:00,30.75,54.67,1.1,20.05,11.55,6.28,4.75,0.62,30.37,0.1,0.43,,,,,19.77,68.0,1.1,89.75,,0.0,,,
2024-02-19 03:00:00,20.25,53.75,1.23,19.5,11.4,6.25,5.98,0.57,31.17,0.05,0.3,,,,,19.15,68.25,1.1,85.75,,0.0,,,
2024-02-19 04:00:00,27.75,54.75,1.15,19.08,11.1,6.35,7.57,0.57,29.27,0.0,0.1,,,,,18.6,73.25,1.12,81.0,,0.0,,,
2024-02-19 05:00:00,29.25,61.75,1.32,19.08,11.22,6.22,8.3,0.68,29.43,0.1,0.5,,,,,18.18,76.5,0.92,76.75,,0.0,,,
2024-02-19 06:00:00,29.75,82.75,1.45,20.82,12.25,5.9,8.6,0.74,29.99,0.18,0.78,,,,,17.7,76.25,0.7,91.75,,0.0,,,
2024-02-19 07:00:00,39.0,129.5,1.27,22.7,13.08,5.75,8.35,0.78,30.4,0.25,0.95,,,,,17.62,71.75,0.8,103.5,,0.0,,,
2024-02-19 08:00:00,40.0,122.25,1.25,23.2,13.38,5.93,8.2,0.76,29.26,0.2,0.88,,,,,19.1,51.25,1.23,89.25,,0.0,,,
2024-02-19 09:00:00,32.5,103.75,1.1,23.12,13.18,5.95,8.0,0.7,29.96,0.13,0.6,,,,,22.28,34.5,1.62,98.5,,0.0,,,
2024-02-19 10:00:00,25.5,94.0,1.05,22.28,12.7,5.93,5.72,0.68,29.54,0.1,0.52,,,,,25.25,27.0,1.6,103.0,,0.0,,,
2024-02-19 11:00:00,18.5,80.0,1.02,22.42,12.75,5.8,5.5,0.7,29.14,0.12,0.6,,,,,27.7,26.25,1.58,101.0,,0.0,,,
2024-02-19 12:00:00,18.25,83.25,1.15,23.08,13.2,5.45,5.05,0.7,28.88,0.1,0.57,,,,,29.05,24.0,1.55,109.75,,0.0,,,
2024-02-19 13:00:00,14.0,73.0,1.45,23.9,13.9,5.4,6.92,0.65,30.04,0.1,0.33,,,,,30.33,24.5,1.52,119.5,,0.0,,,
2024-02-19 14:00:00,17.75,80.0,,,,,6.75,0.67,29.46,0.1,0.48,,,,,31.15,23.25,1.35,132.25,,0.0,,,
2024-02-19 15:00:00,18.5,69.0,,,,,6.92,0.69,30.08,0.1,0.52,,,,,31.6,23.0,1.38,109.75,,0.0,,,
2024-02-19 16:00:00,17.25,78.0,,,,,7.18,0.73,29.84,0.18,0.7,,,,,31.52,23.0,1.05,105.25,,0.0,,,
2024-02-19 17:00:00,28.5,89.25,,,,,6.85,0.72,29.88,0.17,0.7,,,,,31.0,25.0,0.92,98.75,,0.0,,,
2024-02-19 18:00:00,33.25,122.25,,,,,6.68,0.81,30.9,0.28,1.1,,,,,29.48,30.0,0.88,86.0,,0.0,,,
2024-02-19 19:00:00,35.0,149.25,,,,,6.82,0.84,29.4,0.3,1.25,,,,,27.2,38.75,1.27,94.75,,0.0,,,
2024-02-19 20:00:00,37.0,146.25,,,,,6.92,0.81,30.12,0.25,1.08,,,,,25.62,47.5,1.58,96.5,,0.0,,,
2024-02-19 21:00:00,33.0,114.0,1.3,22.78,13.2,6.55,6.38,0.74,29.35,0.2,0.73,,,,,24.22,56.75,1.72,96.75,,0.0,,,
2024-02-19 22:00:00,30.0,73.0,1.35,20.45,11.92,6.82,5.0,0.72,32.78,0.2,0.7,,,,,22.6,63.5,1.52,85.25,,0.0,,,
2024-02-19 23:00:00,29.25,74.25,1.23,20.0,11.65,6.57,3.97,0.68,30.27,0.12,0.52,,,,,22.38,65.75,1.23,84.0,,0.0,,,
2024-02-20 00:00:00,27.0,73.75,1.35,20.02,11.78,6.42,5.73,0.63,30.1,0.05,0.25,,,,,21.52,67.5,1.2,90.25,,0.0,,,
2024-02-20 01:00:00,27.0,62.5,1.27,19.45,11.4,6.7,6.9,0.67,29.92,0.1,0.43,,,,,20.85,73.25,1.18,83.25,,0.0,,,
2024-02-20 02:00:00,26.5,66.5,1.42,19.1,11.3,6.72,6.5,0.68,31.03,0.12,0.48,,,,,20.25,78.0,1.05,106.5,,0.0,,,
2024-02-20 03:00:00,27.5,69.25,1.32,19.23,11.3,7.0,6.85,0.66,30.8,0.1,0.38,,,,,19.8,78.0,1.02,128.25,,0.0,,,
2024-02-20 04:00:00,32.25,75.33,1.2,19.92,11.58,6.6,8.43,0.64,29.45,0.1,0.32,,,,,19.77,72.0,0.85,110.0,,0.0,,,
2024-02-20 05:00:00,26.25,62.25,1.2,20.27,11.78,6.18,8.45,0.7,29.94,0.13,0.6,,,,,19.73,64.5,0.88,101.75,,0.0,,,
2024-02-20 06:00:00,34.25,73.33,1.4,21.25,12.45,5.6,10.12,0.73,31.05,0.2,0.75,,,,,19.63,65.5,0.68,77.5,,0.0,,,
2024-02-20 07:00:00,39.5,95.5,1.23,21.92,12.68,5.5,11.62,0.7,30.48,0.15,0.55,,,,,19.45,64.5,0.95,77.25,,0.0,,,
2024-02-20 08:00:00,42.0,103.75,1.35,21.68,12.62,6.08,11.2,0.71,29.87,0.15,0.62,,,,,20.55,55.5,1.23,101.5,,0.0,,,
2024-02-20 09:00:00,38.25,120.5,1.18,21.98,12.65,6.25,9.85,0.73,28.88,0.2,0.77,,,,,23.12,49.5,1.12,111.5,,0.0,,,
2024-02-20 10:00:00,42.25,132.25,1.3,23.02,13.3,6.12,10.25,0.67,29.62,0.17,0.7,,,,,25.58,38.5,1.32,114.75,,0.0,,,
2024-02-20 11:00:00,32.75,110.0,1.27,23.17,13.37,5.93,9.6,0.56,29.5,0.0,0.05,,,,,27.75,31.0,1.38,115.75,,0.0,,,
2024-02-20 12:00:00,27.25,82.5,1.3,23.25,13.4,5.65,9.57,0.6,29.06,0.0,0.15,,,,,29.42,28.0,1.3,132.75,,0.0,,,
2024-02-20 13:00:00,22.5,75.0,1.5,24.1,14.0,5.7,11.02,0.75,28.8,0.2,0.8,,,,,30.55,27.25,1.5,143.75,,0.0,,,
2024-02-20 14:00:00,23.75,82.67,,,,,10.52,0.86,30.43,0.32,1.32,,,,,31.23,25.75,1.4,176.0,,0.0,,,
2024-02-20 15:00:00,24.5,84.0,,,,,10.07,0.89,29.96,0.38,1.5,,,,,31.82,25.25,1.18,179.0,,0.0,,,
2024-02-20 16:00:00,30.0,102.0,,,,,9.95,0.88,30.35,0.35,1.4,,,,,32.05,26.0,1.1,141.0,,0.0,,,
2024-02-20 17:00:00,34.75,123.5,,,,,10.6,0.78,29.7,0.27,0.97,,,,,31.33,26.25,0.75,125.5,,0.0,,,
2024-02-20 18:00:00,51.5,207.5,,,,,12.48,1.47,30.54,1.0,4.12,,,,,29.88,30.0,0.65,55.75,,0.0,,,
2024-02-20 19:00:00,83.25,407.0,,,,,14.25,1.89,30.17,1.48,6.08,,,,,27.58,34.25,0.7,70.25,,0.0,,,
2024-02-20 20:00:00,72.0,299.33,,,,,11.65,1.2,29.82,0.7,2.92,,,,,26.07,37.0,0.98,86.0,,0.0,,,
2024-02-20 21:00:00,57.25,185.25,,,,,10.02,0.86,31.16,0.3,1.33,,,,,25.25,49.0,1.4,95.25,,0.0,,,
2024-02-20 22:00:00,39.75,105.25,1.33,29.73,16.93,5.8,8.8,0.73,31.62,0.15,0.72,,,,,23.95,56.0,1.35,91.25,,0.0,,,
2024-02-20 23:00:00,38.75,88.0,1.3,25.5,14.6,6.12,7.85,0.65,30.49,0.1,0.38,,,,,23.0,59.5,1.2,89.25,,0.0,,,
2024-02-21 00:00:00,39.0,84.75,1.32,23.35,13.5,6.35,6.53,0.61,30.11,0.0,0.18,,,,,22.22,63.0,1.05,92.5,,0.0,,,
2024-02-21 01:00:00,40.5,77.25,1.3,21.72,12.62,6.65,6.35,0.7,30.58,0.1,0.6,,,,,21.6,67.25,1.2,98.75,,0.0,,,
2024-02-21 02:00:00,38.5,89.33,1.32,20.95,12.25,6.95,7.18,0.7,30.96,0.1,0.57,,,,,21.23,69.25,1.12,120.0,,0.0,,,
2024-02-21 03:00:00,46.25,99.0,1.3,21.05,12.28,6.8,7.18,0.7,31.18,0.12,0.57,,,,,21.15,67.5,1.23,128.5,,0.0,,,
2024-02-21 04:00:00,48.25,102.5,1.3,21.2,12.32,6.68,7.82,0.69,30.46,0.1,0.55,,,,,21.22,67.75,1.3,157.0,,0.0,,,
2024-02-21 05:00:00,54.25,123.5,1.23,21.75,12.55,6.52,8.2,0.78,29.58,0.2,0.97,,,,,20.88,71.0,1.23,154.75,,0.0,,,
2024-02-21 06:00:00,59.5,126.0,1.55,22.32,13.12,6.4,8.43,0.8,30.38,0.28,1.02,,,,,20.43,72.25,1.15,162.0,,0.0,,,
2024-02-21 07:00:00,54.0,129.75,1.45,23.55,13.7,6.0,9.22,0.83,30.49,0.28,1.18,,,,,20.38,72.25,1.25,181.75,,0.0,,,
2024-02-21 08:00:00,49.5,154.25,1.35,24.8,14.3,5.9,10.48,0.89,28.92,0.35,1.42,,,,,21.02,66.25,1.17,189.25,,0.0,,,
2024-02-21 09:00:00,44.0,155.0,1.25,26.02,14.88,6.07,9.32,0.86,30.46,0.3,1.33,,,,,22.85,58.5,1.55,175.0,,0.0,,,
2024-02-21 10:00:00,40.5,141.25,1.1,26.52,15.0,6.15,9.55,0.84,30.41,0.3,1.2,,,,,24.9,52.5,1.58,183.25,,0.0,,,
2024-02-21 11:00:00,38.75,122.5,1.35,26.75,15.25,6.25,8.35,0.8,29.61,0.28,1.05,,,,,26.45,47.25,1.38,171.25,,0.0,,,
2024-02-21 12:00:00,40.0,110.0,1.4,26.4,15.2,6.2,9.65,0.82,29.97,0.28,1.18,,,,,27.92,42.25,1.38,194.25,,0.0,,,
2024-02-21 13:00:00,45.75,114.75,,,,,10.05,0.84,29.73,0.3,1.2,,,,,29.65,37.0,1.28,179.0,,0.0,,,
2024-02-21 14:00:00,45.5,123.5,,,,,9.45,0.89,29.46,0.35,1.45,,,,,31.2,33.5,1.6,233.25,,0.0,,,
2024-02-21 15:00:00,47.0,132.75,,,,,9.4,0.97,30.97,0.45,1.82,,,,,31.65,34.5,1.2,255.25,,0.0,,,
2024-02-21 16:00:00,45.25,126.0,,,,,9.65,0.95,29.56,0.4,1.72,,,,,31.08,34.0,0.95,188.5,,0.0,,,
2024-02-21 17:00:00,41.75,118.25,,,,,8.9,0.84,29.53,0.27,1.23,,,,,30.62,34.25,0.75,131.75,,0.0,,,
2024-02-21 18:00:00,49.0,159.75,,,,,10.28,1.36,30.06,0.88,3.6,,,,,30.02,36.5,0.57,98.0,,0.0,,,
2024-02-21 19:00:00,58.0,306.67,,,,,11.15,1.83,29.93,1.42,5.8,,,,,28.73,38.25,0.45,159.0,,0.0,,,
2024-02-21 20:00:00,70.0,376.75,,,,,12.15,2.11,30.91,1.72,7.12,,,,,28.25,40.25,0.5,112.0,,0.0,,,
2024-02-21 21:00:00,74.5,320.33,,,,,10.92,0.85,30.38,0.3,1.3,,,,,27.63,43.25,0.68,121.25,,0.0,,,
2024-02-21 22:00:00,56.75,176.25,,,,,9.4,0.51,31.8,0.2,0.9,,,,,26.9,49.5,1.32,89.0,,0.0,,,
2024-02-21 23:00:00,42.0,115.33,,,,,9.18,0.24,29.97,0.3,1.2,,,,,25.33,51.5,1.23,95.5,,0.0,,,
2024-02-22 00:00:00,35.5,81.5,1.3,26.7,15.3,6.1,5.8,0.11,29.92,,,,,,,24.4,53.75,1.32,85.75,,0.0,,,
2024-02-22 01:00:00,36.75,82.0,1.4,22.8,13.25,6.35,4.3,0.58,31.54,0.2,0.6,,,,,23.58,58.5,1.02,96.5,,0.0,,,
2024-02-22 02:00:00,45.25,91.25,1.25,21.25,12.35,6.5,4.68,0.38,30.94,,,,,,,22.78,61.75,0.92,117.0,,0.0,,,
2024-02-22 03:00:00,44.25,101.0,1.35,21.25,12.38,6.35,3.62,0.32,29.18,,,,,,,22.38,66.5,1.6,172.5,,0.0,,,
2024-02-22 04:00:00,37.75,97.25,1.32,21.12,12.3,6.38,3.08,0.29,30.1,,,,,,,22.2,74.25,1.32,193.25,,0.0,,,
2024-02-22 05:00:00,34.0,85.0,1.27,22.62,13.1,6.32,3.5,0.76,29.94,0.2,0.83,,,,,21.8,77.25,1.35,222.5,,0.0,,,
2024-02-22 06:00:00,36.0,89.75,1.25,24.08,13.82,6.35,4.0,0.6,30.92,0.2,0.8,,,,,21.4,79.5,1.05,227.75,,0.0,,,
2024-02-22 07:00:00,42.75,118.5,1.32,26.0,14.9,6.15,4.95,0.49,30.06,0.0,0.0,,,,,21.18,78.25,1.05,231.0,,0.0,,,
2024-02-22 08:00:00,47.0,137.25,1.3,27.82,15.88,6.15,5.52,0.69,30.63,0.12,0.55,,,,,21.85,66.75,1.15,220.25,,0.0,,,
2024-02-22 09:00:00,50.0,141.25,1.27,29.02,16.45,5.92,6.2,0.92,31.35,0.37,1.6,,,,,23.82,52.5,1.08,222.75,,0.0,,,
2024-02-22 10:00:00,40.75,139.0,1.4,30.3,17.25,5.7,5.5,1.03,29.01,0.5,2.08,,,,,26.1,44.0,1.5,247.25,,0.0,,,
2024-02-22 11:00:00,38.25,150.5,1.2,31.6,17.8,5.6,6.6,0.88,29.58,0.32,1.42,,,,,27.75,36.75,1.5,242.75,,0.0,,,
2024-02-22 12:00:00,34.25,132.0,,,,,7.55,0.88,29.43,0.32,1.45,,,,,29.42,33.75,1.58,231.75,,0.0,,,
2024-02-22 13:00:00,38.5,131.0,,,,,7.02,0.91,29.86,0.37,1.6,,,,,30.7,31.5,1.5,193.5,,0.0,,,
2024-02-22 14:00:00,38.75,123.0,,,,,7.23,0.91,30.95,0.4,1.58,,,,,31.52,29.5,1.48,199.75,,0.0,,,
2024-02-22 15:00:00,35.0,123.25,,,,,7.0,0.65,29.0,0.07,0.37,,,,,32.28,28.5,1.3,165.25,,0.0,,,
2024-02-22 16:00:00,37.5,122.25,,,,,,0.81,20.93,0.28,1.08,,,,,32.5,28.25,1.0,127.75,,0.0,,,
2024-02-22 17:00:00,44.75,136.0,,,,,,0.84,35.36,0.3,1.27,,,,,32.15,29.5,0.92,113.75,,0.0,,,
2024-02-22 18:00:00,47.0,215.0,,,,,,1.06,30.4,0.55,2.22,,,,,30.33,32.5,0.55,65.25,,0.0,,,
2024-02-22 19:00:00,65.5,325.25,,,,,,2.29,29.64,1.9,7.9,,,,,28.32,37.5,0.55,70.25,,0.0,,,
2024-02-22 20:00:00,89.75,436.33,,,,,,1.97,30.01,1.58,6.45,,,,,26.9,38.5,0.75,167.5,,0.0,,,
2024-02-22 21:00:00,75.25,264.0,,,,,9.07,1.36,30.25,0.87,3.63,,,,,26.58,40.0,0.6,114.25,,0.0,,,
2024-02-22 22:00:00,67.0,259.75,,,,,7.82,1.04,29.82,0.5,2.15,,,,,25.52,44.75,0.65,150.75,,0.0,,,
2024-02-22 23:00:00,60.25,213.25,,,,,6.82,0.74,29.51,0.18,0.75,,,,,25.1,55.0,0.9,103.25,,0.0,,,
2024-02-23 00:00:00,58.5,169.25,,,,,5.43,0.38,29.8,,,,,,,24.4,50.0,1.68,176.25,,0.0,,,
2024-02-23 01:00:00,31.75,97.25,,,,,4.85,1.21,31.41,0.73,2.93,,,,,23.78,52.75,1.1,197.5,,0.0,,,
2024-02-23 02:00:00,28.5,93.75,1.4,27.35,15.7,6.7,4.5,1.3,30.5,0.82,3.32,,,,,22.7,54.25,0.92,218.25,,0.0,,,
2024-02-23 03:00:00,29.5,92.67,1.5,26.35,15.25,6.65,4.18,1.11,28.89,0.6,2.48,,,,,22.3,55.75,0.82,213.5,,0.0,,,
2024-02-23 04:00:00,28.25,97.75,1.35,26.02,14.95,6.78,5.08,0.97,30.51,0.45,1.85,,,,,22.02,56.75,0.9,222.25,,0.0,,,
2024-02-23 05:00:00,30.25,107.0,1.32,26.62,15.28,6.45,4.2,0.8,30.46,0.27,1.03,,,,,21.8,56.0,1.25,256.0,,0.0,,,
2024-02-23 06:00:00,32.75,126.25,1.58,28.08,16.2,6.38,4.25,0.86,30.08,0.3,1.32,,,,,21.8,54.5,0.95,240.25,,0.0,,,
2024-02-23 07:00:00,33.0,138.5,1.5,29.95,17.12,6.15,5.85,0.94,29.75,0.4,1.7,,,,,21.85,54.0,0.75,241.25,,0.0,,,
2024-02-23 08:00:00,44.0,172.0,1.1,31.78,17.82,6.2,6.68,0.94,29.72,0.43,1.72,,,,,22.93,46.25,0.95,245.0,,0.0,,,
2024-02-23 09:00:00,39.5,149.0,1.2,32.67,18.38,6.05,5.35,0.79,30.18,0.23,0.97,,,,,25.3,38.5,1.27,253.25,,0.0,,,
2024-02-23 10:00:00,34.0,137.5,1.15,32.8,18.4,6.05,5.8,0.67,30.13,0.7,3.0,,,,,27.15,34.0,1.42,229.25,,0.0,,,
2024-02-23 11:00:00,31.5,123.0,1.2,33.3,18.7,5.7,6.78,0.47,29.61,0.0,0.0,,,,,28.52,33.5,1.35,203.25,,0.0,,,
2024-02-23 12:00:00,32.5,99.33,,,,,6.25,0.61,31.7,0.07,0.3,,,,,29.83,32.75,1.42,180.25,,0.0,,,
2024-02-23 13:00:00,30.75,92.5,,,,,5.85,0.83,30.22,0.27,1.17,,,,,30.8,30.0,1.15,186.5,,0.0,,,
2024-02-23 14:00:00,27.5,87.5,,,,,6.55,0.81,29.44,0.28,1.1,,,,,31.92,29.0,1.27,204.5,,0.0,,,
2024-02-23 15:00:00,22.25,90.0,,,,,,0.82,29.93,0.28,1.15,,,,,32.65,28.75,1.25,164.5,,0.0,,,
2024-02-23 16:00:00,30.0,101.75,,,,,,0.76,30.36,0.2,0.82,,,,,32.78,28.25,1.12,135.75,,0.0,,,
2024-02-23 17:00:00,33.5,102.25,,,,,,0.85,30.11,0.3,1.27,,,,,32.43,29.5,0.78,156.5,,0.0,,,
2024-02-23 18:00:00,37.5,133.0,,,,,7.7,1.35,29.92,0.85,3.55,,,,,31.05,32.25,0.5,97.25,,0.0,,,
2024-02-23 19:00:00,48.0,237.5,1.85,58.9,32.85,,7.0,2.34,30.84,1.95,8.15,,,,,29.17,35.0,0.72,210.25,,0.0,,,
2024-02-23 20:00:00,54.75,269.0,1.6,47.25,26.4,2.35,8.15,1.92,31.24,1.5,6.2,,,,,28.4,36.0,1.02,183.5,,0.0,,,
2024-02-23 21:00:00,53.0,230.25,1.3,40.7,22.7,4.8,9.05,1.92,28.22,1.5,6.23,,,,,27.75,40.5,0.52,71.5,,0.0,,,
2024-02-23 22:00:00,65.75,305.5,,,,,8.18,1.84,30.54,1.42,5.85,,,,,26.17,52.5,1.08,84.0,,0.0,,,
2024-02-23 23:00:00,54.5,155.33,,,,,6.7,1.71,30.0,1.25,5.25,,,,,25.27,61.5,0.9,90.25,,0.0,,,
2024-02-24 00:00:00,42.25,105.75,1.3,29.4,16.7,6.7,5.37,1.44,29.74,0.98,3.98,,,,,24.65,64.0,1.23,89.25,,0.0,,,
2024-02-24 01:00:00,44.25,93.25,1.32,24.2,13.92,7.3,4.68,0.72,30.51,0.17,0.7,,,,,24.02,67.75,1.23,87.25,,0.0,,,
2024-02-24 02:00:00,39.25,90.67,1.18,21.25,12.28,7.55,4.12,0.66,30.18,0.1,0.42,,,,,23.33,64.5,1.05,126.5,,0.0,,,
2024-02-24 03:00:00,37.0,82.5,1.38,20.32,11.9,7.2,3.35,0.58,30.21,0.0,0.1,,,,,22.98,55.0,1.32,171.75,,0.0,,,
2024-02-24 04:00:00,27.0,75.5,1.4,20.4,12.0,6.82,4.85,0.57,30.3,0.0,0.05,,,,,22.78,56.5,1.02,198.0,,0.0,,,
2024-02-24 05:00:00,26.5,68.75,1.23,21.28,12.3,6.62,6.52,0.74,30.4,0.2,0.77,,,,,22.3,57.0,1.2,176.25,,0.0,,,
2024-02-24 06:00:00,33.0,78.33,1.32,22.1,12.85,6.45,7.35,0.77,30.48,0.22,0.92,,,,,21.83,58.75,1.05,177.5,,0.0,,,
2024-02-24 07:00:00,32.75,100.0,1.27,22.85,13.22,6.38,8.2,0.79,30.02,0.25,1.0,,,,,21.58,56.5,0.9,165.25,,0.0,,,
2024-02-24 08:00:00,38.5,120.67,1.4,23.27,13.47,6.23,8.82,0.78,27.88,0.2,0.95,,,,,22.47,50.0,1.02,168.75,,0.0,,,
2024-02-24 09:00:00,30.25,113.25,,,,,7.3,0.68,19.42,0.15,0.5,,,,,24.28,45.0,1.3,175.5,,0.0,,,
2024-02-24 10:00:00,28.0,94.75,,,,,,0.82,42.35,0.25,1.1,,,,,26.15,41.75,1.32,192.0,,0.0,,,
2024-02-24 11:00:00,27.75,98.5,,,,,,1.25,46.73,0.78,3.12,,,,,27.82,41.25,1.55,182.75,,0.0,,,
2024-02-24 12:00:00,28.0,95.5,,,,,,1.24,29.83,0.72,3.08,,,,,29.02,42.75,1.6,170.5,,0.0,,,
2024-02-24 13:00:00,31.75,100.25,,,,,,0.62,28.37,0.07,0.27,,,,,29.8,43.75,1.23,163.0,,0.0,,,
2024-02-24 14:00:00,35.5,105.0,,,,,,0.67,29.78,0.1,0.45,,,,,30.08,45.75,1.3,90.5,,0.0,,,
2024-02-24 15:00:00,40.5,114.67,,,,,,0.65,28.97,0.08,0.38,,,,,29.97,44.25,1.0,111.5,,0.0,,,
2024-02-24 16:00:00,42.0,110.75,,,,,,0.9,29.18,0.35,1.52,,,,,30.17,42.0,1.38,127.75,,0.0,,,
2024-02-24 17:00:00,41.0,113.75,,,,,,0.66,29.18,0.1,0.4,,,,,30.68,45.5,1.52,109.0,,0.0,,,
2024-02-24 18:00:00,38.75,114.75,,,,,,0.74,29.14,0.2,0.78,,,,,29.28,49.75,1.3,93.5,,0.0,,,
2024-02-24 19:00:00,42.25,114.25,,,,,,0.82,29.9,0.3,1.18,,,,,27.82,52.25,1.32,94.25,,0.0,,,
2024-02-24 20:00:00,44.5,121.75,,,,,5.35,0.86,29.68,0.32,1.32,,,,,27.05,58.5,1.6,105.75,,0.0,,,
2024-02-24 21:00:00,38.75,116.25,,,,,5.48,0.69,29.8,0.1,0.53,,,,,26.0,62.0,1.72,110.75,,0.0,,,
2024-02-24 22:00:00,36.75,117.25,,,,,4.18,0.66,29.49,0.12,0.4,,,,,24.83,68.25,1.88,102.75,,0.0,,,
2024-02-24 23:00:00,38.75,102.0,,,,,3.7,0.62,29.66,0.07,0.3,,,,,23.75,74.5,1.6,110.75,,0.0,,,
2024-02-25 00:00:00,30.0,77.67,1.33,16.4,9.8,6.6,3.67,0.61,27.73,0.02,0.18,,,,,22.73,73.5,1.5,99.25,,0.0,,,
2024-02-25 01:00:00,32.5,69.0,1.18,16.2,9.6,6.15,5.8,0.64,29.73,0.1,0.3,,,,,22.1,55.25,1.72,102.5,,0.0,,,
2024-02-25 02:00:00,29.25,58.0,1.23,15.55,9.3,6.07,6.25,0.53,29.84,0.1,0.3,,,,,21.7,53.25,1.38,96.25,,0.0,,,
2024-02-25 03:00:00,23.75,53.25,1.3,15.5,9.3,6.1,6.15,0.5,29.84,,,,,,,21.45,56.25,1.5,94.25,,0.0,,,
2024-02-25 04:00:00,24.0,53.75,1.3,15.55,9.35,5.92,6.8,0.55,29.22,,,,,,,20.95,56.5,1.18,92.75,,0.0,,,
2024-02-25 05:00:00,26.5,55.5,1.32,15.85,9.5,6.02,6.88,0.63,29.52,0.1,0.27,,,,,20.72,59.75,1.35,101.25,,0.0,,,
2024-02-25 06:00:00,24.5,63.75,1.35,16.0,9.62,6.25,7.32,0.64,29.42,0.1,0.3,,,,,20.48,61.25,1.18,97.75,,0.0,,,
2024-02-25 07:00:00,25.5,71.5,1.35,17.3,10.28,5.98,8.3,0.64,29.83,0.1,0.32,,,,,20.4,65.75,1.08,92.25,,0.0,,,
2024-02-25 08:00:00,34.25,87.67,1.27,17.5,10.38,6.02,8.88,0.64,30.1,0.1,0.35,,,,,20.8,63.5,1.52,98.0,,0.0,,,
2024-02-25 09:00:00,38.5,89.25,1.2,17.2,10.1,6.25,9.55,0.7,29.87,0.13,0.6,,,,,22.02,57.75,1.23,115.5,,0.0,,,
2024-02-25 10:00:00,38.5,93.67,1.35,17.58,10.45,6.05,8.62,0.75,30.2,0.2,0.82,,,,,24.03,49.75,1.5,100.75,,0.0,,,
2024-02-25 11:00:00,33.0,88.25,1.25,17.4,10.25,6.08,4.32,0.76,29.25,0.2,0.9,,,,,25.95,45.0,1.62,116.75,,0.0,,,
2024-02-25 12:00:00,31.25,89.5,1.4,17.53,10.43,6.1,5.0,0.77,28.82,0.2,0.92,,,,,27.7,43.75,1.58,120.25,,0.0,,,
2024-02-25 13:00:00,35.0,98.5,1.3,17.8,10.5,6.2,5.82,0.63,28.86,0.07,0.23,,,,,29.25,42.0,1.48,135.0,,0.0,,,
2024-02-25 14:00:00,35.75,94.5,,,,,5.45,0.63,29.91,0.07,0.37,,,,,30.3,42.0,1.65,109.25,,0.0,,,
2024-02-25 15:00:00,37.25,95.5,,,,,5.05,0.69,29.13,0.15,0.55,,,,,30.38,41.5,1.62,89.75,,0.0,,,
2024-02-25 16:00:00,34.75,91.75,,,,,5.15,0.64,29.31,0.1,0.32,,,,,30.58,41.25,1.5,94.75,,0.0,,,
2024-02-25 17:00:00,34.25,83.25,,,,,5.72,0.77,31.23,0.2,0.9,,,,,30.22,42.0,1.45,96.0,,0.0,,,
2024-02-25 18:00:00,34.75,81.25,,,,,5.88,1.02,30.02,0.48,2.08,,,,,28.9,46.25,1.25,89.25,,0.0,,,
2024-02-25 19:00:00,34.5,95.5,,,,,5.75,1.05,29.98,0.52,2.17,,,,,27.12,49.75,1.6,86.75,,0.0,,,
2024-02-25 20:00:00,34.75,106.25,,,,,5.75,0.78,30.64,0.22,0.95,,,,,25.92,54.25,1.9,88.5,,0.0,,,
2024-02-25 21:00:00,31.5,94.75,1.5,16.8,10.15,5.8,5.0,0.71,29.22,0.17,0.6,,,,,24.5,60.5,1.75,81.0,,0.0,,,
2024-02-25 22:00:00,30.75,81.5,1.27,16.98,10.02,5.75,5.15,0.72,30.1,0.18,0.7,,,,,23.38,65.0,1.68,84.0,,0.0,,,
2024-02-25 23:00:00,24.0,69.0,1.1,16.6,9.75,5.8,3.55,0.69,30.22,0.12,0.5,,,,,22.5,67.5,1.58,88.75,,0.0,,,
2024-02-26 00:00:00,24.0,61.25,1.3,16.3,9.75,5.88,3.13,0.66,30.94,0.1,0.4,,,,,21.7,71.5,1.42,90.5,,0.0,,,
2024-02-26 01:00:00,23.5,55.25,1.18,15.72,9.32,6.02,4.5,0.67,30.23,0.1,0.4,,,,,20.88,76.0,1.52,84.75,,0.0,,,
2024-02-26 02:00:00,21.25,51.33,1.27,15.15,9.1,6.18,7.02,0.62,31.2,0.05,0.25,,,,,19.97,80.0,1.58,89.75,,0.0,,,
2024-02-26 03:00:00,18.75,48.25,1.35,14.98,9.1,6.15,7.9,0.57,29.66,0.0,0.05,,,,,19.38,80.0,4.92,89.75,,0.0,,,
2024-02-26 04:00:00,18.0,46.75,1.45,14.7,8.98,6.25,7.9,0.29,29.48,,,,,,,18.88,81.5,1.38,85.0,,0.0,,,
2024-02-26 05:00:00,18.0,39.5,1.32,14.62,8.85,6.25,7.4,0.62,29.12,0.03,0.23,,,,,18.42,82.75,1.68,85.0,,0.0,,,
2024-02-26 06:00:00,19.0,40.5,1.25,14.08,8.48,6.48,7.2,0.6,30.54,0.0,0.15,,,,,18.2,82.5,1.75,85.5,,0.0,,,
2024-02-26 07:00:00,21.5,50.5,1.4,14.28,8.75,6.48,7.3,0.62,29.57,0.05,0.2,,,,,18.32,79.5,1.65,93.5,,0.0,,,
2024-02-26 08:00:00,19.0,63.0,1.23,14.68,8.8,6.45,7.8,0.62,29.45,0.08,0.22,,,,,19.47,68.5,1.85,103.75,,0.0,,,
2024-02-26 09:00:00,14.0,76.75,1.2,14.4,8.62,6.62,8.0,0.53,29.55,,,,,,,21.4,63.0,2.08,104.75,,0.0,,,
2024-02-26 10:00:00,10.25,92.5,1.2,14.4,8.6,6.65,6.82,0.57,28.84,0.0,0.2,,,,,23.02,57.0,2.2,103.5,,0.0,,,
2024-02-26 11:00:00,15.75,97.0,1.25,14.68,8.82,6.58,5.4,0.64,30.06,0.08,0.28,,,,,24.97,50.0,2.08,106.75,,0.0,,,
2024-02-26 12:00:00,13.75,88.75,1.25,14.75,8.85,6.6,5.25,0.64,29.42,0.1,0.3,,,,,26.6,45.5,2.25,114.0,,0.0,,,
2024-02-26 13:00:00,18.25,112.75,1.25,14.75,8.9,6.55,5.65,0.71,29.26,0.17,0.63,,,,,27.82,42.5,2.12,108.5,,0.0,,,
2024-02-26 14:00:00,16.0,90.5,1.4,14.7,9.0,6.5,5.92,0.65,29.76,0.1,0.35,,,,,28.88,41.25,1.98,112.0,,0.0,,,
2024-02-26 15:00:00,15.25,69.75,,,,,6.52,0.67,29.69,0.1,0.48,,,,,29.25,40.0,1.88,121.0,,0.0,,,
2024-02-26 16:00:00,14.25,65.5,,,,,6.88,0.69,29.94,0.15,0.55,,,,,29.68,40.0,1.78,117.0,,0.0,,,
2024-02-26 17:00:00,19.25,68.25,,,,,7.05,0.67,31.63,0.1,0.47,,,,,29.38,41.25,1.72,113.5,,0.0,,,
2024-02-26 18:00:00,22.75,86.0,,,,,6.82,0.71,30.2,0.15,0.65,,,,,28.18,46.75,1.65,102.25,,0.0,,,
2024-02-26 19:00:00,23.75,105.5,,,,,6.52,0.73,30.38,0.2,0.7,,,,,26.3,50.0,1.5,99.25,,0.0,,,
2024-02-26 20:00:00,28.0,110.25,1.3,17.95,10.65,5.5,6.35,0.73,30.62,0.2,0.78,,,,,25.15,52.5,1.55,89.5,,0.0,,,
2024-02-26 21:00:00,22.75,78.25,1.3,17.6,10.42,5.32,4.97,0.65,30.27,0.1,0.33,,,,,24.12,55.5,1.5,90.25,,0.0,,,
2024-02-26 22:00:00,15.25,60.0,1.25,17.0,10.05,5.48,4.65,0.62,29.68,0.05,0.18,,,,,23.08,61.5,1.55,90.0,,0.0,,,
2024-02-26 23:00:00,14.25,59.5,1.15,16.23,9.6,5.68,4.62,0.62,29.94,0.05,0.22,,,,,22.15,70.75,1.55,90.0,,0.0,,,
2024-02-27 00:00:00,19.25,66.75,1.2,16.25,9.6,5.7,6.37,0.6,29.76,0.0,0.12,,,,,21.2,76.5,1.35,90.25,,0.0,,,
2024-02-27 01:00:00,22.25,65.0,1.27,16.08,9.57,5.72,7.65,0.66,30.03,0.1,0.4,,,,,20.48,78.75,1.4,93.0,,0.0,,,
2024-02-27 02:00:00,19.75,58.67,1.23,15.25,9.12,6.02,9.85,0.57,30.19,0.07,0.3,,,,,19.97,79.5,1.7,90.75,,0.0,,,
2024-02-27 03:00:00,,,,,,,,,,,,,,,,,,,,,0.0,,,
2024-02-27 04:00:00,,,,,,,,,,,,,,,,,,,,,0.0,,,
2024-02-27 05:00:00,,,,,,,,,,,,,,,,,,,,,0.0,,,
2024-02-27 06:00:00,,,,,,,,,,,,,,,,,,,,,0.0,,,
2024-02-27 07:00:00,,,,,,,,,,,,,,,,,,,,,0.0,,,
2024-02-27 08:00:00,,,,,,,,,,,,,,,,,,,,,0.0,,,
2024-02-27 09:00:00,,,,,,,,,,,,,,,,,,,,,0.0,,,
2024-02-27 10:00:00,25.33,89.0,1.1,17.67,10.33,5.87,9.57,0.72,29.24,0.13,0.7,,,,,23.1,56.33,1.67,100.67,,0.0,,,
2024-02-27 11:00:00,20.5,79.75,1.2,17.65,10.38,5.93,9.5,0.66,29.26,0.12,0.42,,,,,25.0,49.5,1.68,100.25,,0.0,,,
2024-02-27 12:00:00,22.5,85.0,1.23,18.15,10.65,5.78,8.57,0.69,29.54,0.15,0.55,,,,,27.4,44.0,1.68,99.0,,0.0,,,
2024-02-27 13:00:00,23.75,81.5,1.2,18.35,10.75,5.6,8.38,0.74,30.23,0.17,0.77,,,,,28.58,41.25,1.68,106.5,,0.0,,,
2024-02-27 14:00:00,20.75,77.0,1.2,17.9,10.5,5.9,9.22,0.68,27.91,0.1,0.5,,,,,29.73,38.5,1.75,109.5,,0.0,,,
2024-02-27 15:00:00,16.5,74.25,,,,,9.07,0.77,26.8,0.23,0.93,,,,,30.5,37.75,1.62,101.25,,0.0,,,
2024-02-27 16:00:00,26.5,79.33,,,,,,0.65,27.9,0.08,0.35,,,,,30.63,37.5,1.6,99.25,,0.0,,,
2024-02-27 17:00:00,30.25,73.0,,,,,,0.81,29.77,0.27,1.1,,,,,30.0,39.0,1.55,94.75,,0.0,,,
2024-02-27 18:00:00,20.25,87.5,1.6,10.8,7.1,6.1,8.28,0.77,31.52,0.22,0.92,,,,,28.55,43.25,1.48,92.5,,0.0,,,
2024-02-27 19:00:00,26.75,105.75,,,,,8.67,0.83,29.98,0.3,1.18,,,,,26.55,48.5,1.58,83.5,,0.0,,,
2024-02-27 20:00:00,35.25,109.5,1.1,17.5,10.2,4.9,9.32,0.77,28.97,0.22,0.88,,,,,25.2,53.5,1.58,88.5,,0.0,,,
2024-02-27 21:00:00,34.75,99.25,1.2,16.95,10.0,5.52,9.43,0.74,29.84,0.2,0.77,,,,,24.08,56.5,1.58,89.25,,0.0,,,
2024-02-27 22:00:00,32.0,82.5,1.23,15.88,9.45,6.05,7.22,0.74,29.49,0.22,0.75,,,,,23.2,61.0,1.5,90.25,,0.0,,,
2024-02-27 23:00:00,33.75,82.0,1.42,15.6,9.45,6.22,7.2,0.7,29.56,0.12,0.55,,,,,22.3,65.5,1.45,91.0,,0.0,,,
2024-02-28 00:00:00,26.75,76.25,1.32,15.5,9.32,6.2,2.67,0.66,29.18,0.1,0.38,,,,,21.52,69.75,1.48,92.75,,0.0,,,
2024-02-28 01:00:00,18.25,76.0,1.25,15.3,9.18,6.38,2.2,0.68,29.28,0.1,0.5,,,,,20.82,74.5,1.27,91.5,,0.0,,,
2024-02-28 02:00:00,21.5,82.0,1.27,15.28,9.18,6.18,4.53,0.66,30.98,0.1,0.4,,,,,20.12,78.0,1.15,89.0,,0.0,,,
2024-02-28 03:00:00,20.0,52.5,1.27,15.52,9.32,6.18,4.08,0.6,29.74,0.07,0.23,,,,,19.48,81.0,1.2,85.5,,0.0,,,
2024-02-28 04:00:00,,46.5,1.4,15.38,9.3,6.25,4.12,0.63,29.81,0.08,0.25,,,,,19.03,83.5,1.27,79.75,,0.0,,,
2024-02-28 05:00:00,,51.25,1.27,15.82,9.45,6.05,4.15,0.74,29.83,0.17,0.77,,,,,18.7,85.0,1.05,93.5,,0.0,,,
2024-02-28 06:00:00,,53.25,1.2,16.27,9.62,6.02,4.42,0.62,29.58,0.05,0.25,,,,,18.35,85.0,1.1,89.0,,0.0,,,
2024-02-28 07:00:00,,61.75,1.05,10.95,6.68,8.28,6.25,0.66,30.16,0.17,0.73,,,,,18.3,83.0,1.02,92.25,,0.0,,,
2024-02-28 08:00:00,,85.0,1.38,12.02,7.52,7.15,7.2,0.7,30.39,0.12,0.57,,,,,19.35,73.0,0.98,99.5,,0.0,,,
2024-02-28 09:00:00,,110.0,1.38,16.17,9.7,5.7,7.7,0.7,29.61,0.13,0.57,,,,,22.5,56.5,1.23,121.25,,0.0,,,
2024-02-28 10:00:00,42.0,106.0,1.32,17.75,10.52,5.7,7.5,0.92,30.2,0.38,1.6,,,,,24.3,41.75,2.08,110.25,,0.0,,,
2024-02-28 11:00:00,35.67,89.0,1.32,18.7,11.0,5.3,5.3,0.88,29.41,0.32,1.38,,,,,28.0,31.0,1.68,92.75,,0.0,,,
2024-02-28 12:00:00,36.0,90.25,1.4,19.18,11.32,5.2,5.3,0.87,30.07,0.32,1.38,,,,,29.75,29.0,1.68,111.0,,0.0,,,
2024-02-28 13:00:00,33.5,83.25,1.3,19.02,11.18,5.3,4.8,0.65,30.31,0.1,0.33,,,,,31.0,25.75,1.75,107.0,,0.0,,,
2024-02-28 14:00:00,32.75,81.25,1.27,17.77,10.48,5.28,4.82,0.66,29.69,0.1,0.4,,,,,31.72,24.0,1.65,102.0,,0.0,,,
2024-02-28 15:00:00,26.5,65.75,1.18,10.8,6.75,5.08,5.35,0.6,30.43,0.07,0.2,,,,,32.22,23.75,1.48,120.75,,0.0,,,
2024-02-28 16:00:00,30.0,75.75,1.12,14.62,8.7,4.32,6.02,0.67,29.38,0.1,0.45,,,,,32.52,25.25,1.35,100.5,,0.0,,,
2024-02-28 17:00:00,36.5,91.5,1.3,17.8,10.55,4.05,4.85,0.81,29.38,0.27,1.07,,,,,31.98,26.0,1.32,80.75,,0.0,,,
2024-02-28 18:00:00,39.0,98.0,1.15,20.27,11.72,4.15,5.1,0.82,31.4,0.28,1.18,,,,,30.32,28.0,1.23,88.25,,0.0,,,
2024-02-28 19:00:00,46.5,115.75,1.12,21.55,12.38,4.35,6.0,0.94,30.6,0.4,1.7,,,,,27.88,35.5,1.38,92.75,,0.0,,,
2024-02-28 20:00:00,56.5,142.25,1.27,20.5,11.95,5.08,5.12,0.89,29.67,0.38,1.48,,,,,26.22,43.5,1.38,91.25,,0.0,,,
2024-02-28 21:00:00,43.5,109.25,1.15,19.48,11.3,5.43,4.82,0.79,29.88,0.23,1.0,,,,,24.8,48.25,1.58,80.75,,0.0,,,
2024-02-28 22:00:00,35.5,87.75,1.4,18.73,11.08,5.42,5.3,0.76,29.61,0.2,0.9,,,,,23.65,52.5,1.7,85.5,,0.0,,,
2024-02-28 23:00:00,34.5,85.5,1.35,17.98,10.68,5.38,5.92,0.72,29.77,0.18,0.68,,,,,22.7,57.5,1.68,92.25,,0.0,,,
2024-02-29 00:00:00,33.67,84.33,1.38,17.4,10.35,5.48,6.6,0.64,29.72,0.08,0.32,,,,,21.8,60.5,1.3,82.75,,0.0,,,
2024-02-29 01:00:00,29.75,74.5,1.35,16.92,10.12,5.68,8.48,0.64,29.99,0.1,0.33,,,,,20.98,63.25,1.15,74.75,,0.0,,,
2024-02-29 02:00:00,32.75,81.0,1.35,17.1,10.17,5.7,9.1,0.68,30.62,0.12,0.52,,,,,20.12,64.5,1.05,76.25,,0.0,,,
2024-02-29 03:00:00,32.67,81.0,1.45,17.2,10.32,5.75,8.9,0.64,29.3,0.08,0.3,,,,,19.47,66.5,0.95,81.0,,0.0,,,
2024-02-29 04:00:00,30.75,76.0,1.25,17.5,10.35,5.8,9.25,0.65,30.2,0.1,0.35,,,,,19.02,69.5,0.68,127.5,,0.0,,,
2024-02-29 05:00:00,40.0,99.75,1.38,18.95,11.2,5.55,9.45,0.89,30.23,0.33,1.47,,,,,18.27,74.25,0.62,151.5,,0.0,,,
2024-02-29 06:00:00,40.0,100.5,1.35,19.2,11.3,5.6,9.05,0.79,30.97,0.22,0.98,,,,,17.53,66.25,0.8,78.75,,0.0,,,
2024-02-29 07:00:00,32.5,81.75,1.25,19.42,11.38,5.68,12.02,0.88,30.03,0.32,1.42,,,,,17.68,51.0,1.12,80.5,,0.0,,,
2024-02-29 08:00:00,38.75,97.25,1.38,20.35,11.92,5.82,12.68,0.89,29.04,0.38,1.45,,,,,19.65,46.75,1.23,88.5,,0.0,,,
2024-02-29 09:00:00,43.0,107.75,1.12,20.85,12.0,5.65,11.7,0.87,30.58,0.37,1.4,,,,,22.82,38.75,1.52,97.25,,0.0,,,
2024-02-29 10:00:00,39.0,98.0,1.23,19.6,11.42,5.8,10.07,0.82,29.78,0.3,1.15,,,,,25.35,29.25,1.68,100.0,,0.0,,,
2024-02-29 11:00:00,35.5,88.0,1.4,19.5,11.52,5.7,9.38,0.83,30.0,0.28,1.15,,,,,27.75,25.0,1.78,99.0,,0.0,,,
2024-02-29 12:00:00,33.25,83.0,1.18,19.4,11.3,5.75,8.65,0.82,29.66,0.3,1.1,,,,,29.5,21.25,1.8,95.0,,0.0,,,
2024-02-29 13:00:00,31.0,77.0,1.25,18.75,10.98,5.7,8.0,0.63,29.32,0.1,0.3,,,,,30.95,19.75,1.88,99.0,,0.0,,,
2024-02-29 14:00:00,30.75,76.75,1.1,19.35,11.18,5.35,7.6,0.66,29.92,0.1,0.4,,,,,31.82,20.75,1.72,103.25,,0.0,,,
2024-02-29 15:00:00,30.5,77.25,1.08,20.3,11.68,4.97,7.65,0.7,29.24,0.12,0.6,,,,,32.25,20.75,1.88,106.75,,0.0,,,
2024-02-29 16:00:00,32.5,82.25,1.25,12.62,7.72,4.82,8.9,0.69,30.16,0.15,0.55,,,,,32.2,23.0,1.72,92.75,,0.0,,,
2024-02-29 17:00:00,45.0,113.0,1.4,17.95,10.65,4.08,8.82,0.81,30.13,0.3,1.13,,,,,31.13,26.25,1.3,106.25,,0.0,,,
2024-02-29 18:00:00,64.0,159.5,1.23,21.75,12.58,4.05,7.4,0.82,30.08,0.3,1.1,,,,,29.58,30.75,1.42,88.75,,0.0,,,
2024-02-29 19:00:00,52.75,131.25,1.27,22.25,12.88,4.32,10.72,0.81,28.54,0.3,1.08,,,,,27.32,35.5,1.65,89.5,,0.0,,,
2024-02-29 20:00:00,44.5,110.75,1.27,20.52,11.95,5.25,8.48,0.82,30.69,0.28,1.12,,,,,25.88,41.0,1.45,87.25,,0.0,,,
2024-02-29 21:00:00,40.0,101.0,1.23,19.1,11.15,5.95,8.43,0.74,31.2,0.2,0.77,,,,,24.62,46.25,1.15,94.5,,0.0,,,
2024-02-29 22:00:00,39.0,98.25,1.12,18.68,10.85,6.3,9.38,0.73,30.24,0.18,0.72,,,,,23.55,49.0,1.02,92.75,,0.0,,,
2024-02-29 23:00:00,36.0,90.0,1.23,18.07,10.6,6.13,9.1,0.63,30.43,0.15,0.45,,,,,22.8,53.0,1.13,82.67,,0.0,,,
2024-03-01 00:00:00,33.5,84.25,1.25,17.58,10.4,5.95,8.5,0.64,30.51,0.1,0.28,,,,,21.9,57.0,1.2,76.75,,0.0,,,
2024-03-01 01:00:00,33.25,83.5,1.32,17.1,10.18,5.88,7.92,0.65,30.08,0.1,0.4,,,,,21.1,62.25,1.15,85.75,,0.0,,,
2024-03-01 02:00:00,27.0,67.75,1.42,16.73,10.05,6.05,8.45,0.66,30.48,0.1,0.4,,,,,20.35,67.5,1.25,85.5,,0.0,,,
2024-03-01 03:00:00,23.5,59.5,1.4,16.0,9.62,6.52,8.98,0.64,29.03,0.1,0.3,,,,,19.77,73.25,1.18,81.5,,0.0,,,
2024-03-01 04:00:00,22.75,56.75,1.4,15.9,9.6,6.55,8.65,0.62,30.18,0.05,0.2,,,,,19.22,76.5,1.1,84.25,,0.0,,,
2024-03-01 05:00:00,25.25,62.75,1.32,16.2,9.68,6.45,8.93,0.69,30.38,0.1,0.53,,,,,18.62,78.5,0.82,84.75,,0.0,,,
2024-03-01 06:00:00,28.5,71.25,1.38,16.9,10.1,6.38,9.05,0.74,29.71,0.18,0.75,,,,,18.3,79.75,0.62,84.25,,0.0,,,
2024-03-01 07:00:00,39.5,99.0,1.4,18.9,11.18,6.1,9.05,0.8,30.29,0.28,1.05,,,,,18.15,78.25,0.78,107.0,,0.0,,,
2024-03-01 08:00:00,47.0,118.0,1.23,19.27,11.25,6.35,8.62,0.76,29.42,0.2,0.85,,,,,19.4,64.25,1.52,109.25,,0.0,,,
2024-03-01 09:00:00,38.5,95.5,1.32,18.58,10.95,6.6,8.4,0.73,29.26,0.2,0.73,,,,,22.48,48.25,1.88,113.75,,0.0,,,
2024-03-01 10:00:00,40.5,101.25,1.3,17.52,10.42,6.65,9.45,0.73,28.58,0.2,0.72,,,,,25.08,40.25,1.88,117.75,,0.0,,,
2024-03-01 11:00:00,40.25,100.5,1.23,16.82,9.95,6.6,7.92,0.72,29.03,0.18,0.62,,,,,27.28,35.75,1.9,106.0,,0.0,,,
2024-03-01 12:00:00,35.5,88.25,1.32,17.3,10.3,6.12,6.75,0.72,30.02,0.2,0.7,,,,,29.08,32.25,1.78,101.5,,0.0,,,
2024-03-01 13:00:00,36.0,89.5,1.27,17.5,10.32,5.95,6.68,0.71,30.36,0.13,0.63,,,,,30.45,29.25,1.92,107.5,,0.0,,,
2024-03-01 14:00:00,30.0,74.67,1.45,17.0,10.23,6.07,7.18,0.73,30.88,0.2,0.72,,,,,31.47,27.5,1.88,103.5,,0.0,,,
2024-03-01 15:00:00,26.0,64.75,1.12,17.27,10.12,5.7,7.92,0.76,30.17,0.2,0.82,,,,,32.05,25.25,1.72,93.25,,0.0,,,
2024-03-01 16:00:00,31.25,77.25,1.12,20.88,12.0,3.92,6.92,0.76,28.99,0.2,0.85,,,,,32.12,24.5,1.75,95.25,,0.0,,,
2024-03-01 17:00:00,32.75,81.75,1.32,22.3,12.92,4.3,6.28,0.78,31.05,0.2,0.93,,,,,31.55,25.25,1.5,92.25,,0.0,,,
2024-03-01 18:00:00,44.25,111.25,1.35,22.85,13.3,4.25,4.62,0.84,30.49,0.3,1.23,,,,,29.88,29.5,1.58,81.25,,0.0,,,
2024-03-01 19:00:00,46.0,114.5,1.27,22.95,13.25,4.55,5.08,0.87,29.14,0.35,1.4,,,,,27.6,35.25,1.58,94.0,,0.0,,,
2024-03-01 20:00:00,47.5,118.25,1.25,20.65,12.0,5.48,7.95,0.8,30.43,0.25,1.05,,,,,26.05,42.25,1.5,91.75,,0.0,,,
2024-03-01 21:00:00,40.75,101.5,1.18,18.42,10.75,6.12,7.7,0.77,30.82,0.2,0.93,,,,,24.75,46.5,1.45,88.5,,0.0,,,
2024-03-01 22:00:00,34.0,84.5,1.2,17.1,10.05,6.3,8.48,0.74,30.26,0.2,0.8,,,,,23.55,49.5,1.32,83.75,,0.0,,,
2024-03-01 23:00:00,34.0,84.0,1.38,17.02,10.15,6.18,8.4,0.71,29.26,0.15,0.65,,,,,22.95,52.25,1.3,88.5,,0.0,,,
2024-03-02 00:00:00,33.0,82.0,1.38,17.38,10.35,6.02,8.5,0.69,28.97,0.1,0.52,,,,,22.3,56.0,0.92,77.5,,0.0,,,
2024-03-02 01:00:00,29.5,74.5,1.4,17.68,10.55,5.88,7.45,0.7,29.63,0.1,0.57,,,,,21.55,58.75,1.15,77.0,,0.0,,,
2024-03-02 02:00:00,28.25,70.5,1.3,17.2,10.22,5.95,7.12,0.69,31.28,0.1,0.6,,,,,20.92,61.0,1.0,76.75,,0.0,,,
2024-03-02 03:00:00,30.5,76.0,1.32,17.55,10.42,5.98,6.22,0.67,31.58,0.1,0.45,,,,,20.25,63.75,0.9,71.25,,0.0,,,
2024-03-02 04:00:00,34.25,86.25,1.3,17.88,10.58,5.88,7.62,0.64,31.03,0.08,0.3,,,,,19.68,66.25,0.95,76.5,,0.0,,,
2024-03-02 05:00:00,35.0,87.5,1.35,17.85,10.6,5.98,8.32,0.71,29.16,0.17,0.63,,,,,19.1,68.5,0.85,81.75,,0.0,,,
2024-03-02 06:00:00,38.5,95.75,1.25,18.3,10.78,6.08,8.75,0.74,29.93,0.2,0.78,,,,,18.85,69.5,0.88,86.0,,0.0,,,
2024-03-02 07:00:00,39.75,100.25,1.25,18.42,10.78,6.28,8.57,0.74,29.49,0.2,0.8,,,,,18.98,65.25,0.88,91.25,,0.0,,,
2024-03-02 08:00:00,40.25,100.75,1.3,19.0,11.15,6.45,8.93,0.73,29.4,0.2,0.75,,,,,20.6,52.0,1.1,112.5,,0.0,,,
2024-03-02 09:00:00,42.33,105.33,1.25,19.0,11.08,6.52,7.2,0.7,30.61,0.1,0.6,,,,,23.8,38.25,1.85,110.0,,0.0,,,
2024-03-02 10:00:00,40.5,102.0,1.15,17.38,10.15,6.58,8.48,0.7,31.08,0.1,0.57,,,,,26.4,32.5,1.92,110.25,,0.0,,,
2024-03-02 11:00:00,41.0,103.0,1.27,14.75,8.85,6.82,7.08,0.73,29.92,0.2,0.72,,,,,27.82,29.75,1.98,110.75,,0.0,,,
2024-03-02 12:00:00,38.25,95.0,1.23,14.25,8.6,6.57,6.6,0.76,30.17,0.2,0.85,,,,,29.25,28.5,2.02,117.0,,0.0,,,
2024-03-02 13:00:00,38.5,96.5,1.23,15.2,9.1,6.6,6.22,0.7,29.84,0.1,0.6,,,,,30.02,27.0,1.95,113.75,,0.0,,,
2024-03-02 14:00:00,34.5,86.5,1.25,16.28,9.68,6.25,5.5,0.68,30.21,0.1,0.52,,,,,31.5,25.0,1.58,118.0,,0.0,,,
2024-03-02 15:00:00,32.0,80.5,1.23,9.52,6.05,5.85,5.75,0.68,29.88,0.1,0.5,,,,,31.95,25.5,1.72,115.5,,0.0,,,
2024-03-02 16:00:00,31.75,78.75,1.52,4.88,3.82,6.72,3.3,0.65,30.66,0.08,0.38,,,,,31.38,27.25,1.62,103.75,,0.0,,,
2024-03-02 17:00:00,32.0,80.5,1.2,9.95,6.3,5.88,3.0,0.75,29.08,0.2,0.8,,,,,29.9,29.5,1.62,104.25,,0.0,,,
2024-03-02 18:00:00,36.25,91.0,1.33,14.17,8.6,5.23,2.6,0.64,29.94,0.1,0.5,,,,,28.75,31.5,1.45,103.25,,0.0,,,
2024-03-02 19:00:00,45.67,114.33,1.42,16.92,10.2,4.92,3.65,0.78,30.25,0.22,0.95,,,,,26.7,33.25,0.9,96.0,,0.0,,,
2024-03-02 20:00:00,57.0,142.75,1.3,18.45,10.88,4.68,3.92,0.8,29.84,0.25,1.0,,,,,25.75,34.5,0.92,95.5,,0.0,,,
2024-03-02 21:00:00,55.0,137.25,1.3,19.45,11.42,4.53,3.72,0.77,30.15,0.2,0.9,,,,,25.15,36.0,1.08,98.25,,0.0,,,
2024-03-02 22:00:00,46.75,117.0,1.18,19.1,11.12,4.85,3.42,0.7,29.47,0.15,0.57,,,,,24.5,42.0,1.45,97.5,,0.0,,,
2024-03-02 23:00:00,41.0,101.5,1.32,17.85,10.58,5.42,5.0,0.62,30.92,0.1,0.4,,,,,23.65,48.25,1.2,95.0,,0.0,,,
2024-03-03 00:00:00,44.75,111.0,1.38,17.3,10.3,5.62,7.47,0.6,30.31,0.03,0.23,,,,,22.75,51.5,1.18,100.5,,0.0,,,
2024-03-03 01:00:00,47.67,118.67,1.35,16.77,10.02,5.8,8.82,0.72,29.93,0.2,0.7,,,,,22.07,54.75,0.92,85.75,,0.0,,,
2024-03-03 02:00:00,52.25,130.25,1.5,17.75,10.65,5.5,8.9,0.78,29.06,0.22,0.95,,,,,21.45,58.75,0.78,79.5,,0.0,,,
2024-03-03 03:00:00,60.75,151.75,1.32,17.48,10.4,5.57,10.05,0.77,30.4,0.2,0.92,,,,,20.9,62.5,0.72,72.5,,0.0,,,
2024-03-03 04:00:00,56.5,141.0,1.5,17.27,10.4,5.52,9.6,0.76,29.74,0.2,0.85,,,,,20.52,66.0,0.7,59.75,,0.0,,,
2024-03-03 05:00:00,60.75,152.0,1.38,19.5,11.5,5.25,7.98,0.73,31.35,0.17,0.7,,,,,20.18,68.5,0.45,62.0,,0.0,,,
2024-03-03 06:00:00,81.5,203.25,1.42,22.17,12.9,5.22,8.43,0.8,30.66,0.28,1.08,,,,,19.75,69.0,0.65,56.75,,0.0,,,
2024-03-03 07:00:00,90.0,226.0,1.3,22.32,12.95,5.62,9.32,0.77,29.93,0.2,0.9,,,,,19.8,67.75,0.8,85.25,,0.0,,,
2024-03-03 08:00:00,79.67,199.67,1.27,21.15,12.3,6.12,11.28,0.78,29.88,0.2,0.95,,,,,21.07,62.75,0.85,95.0,,0.0,,,
2024-03-03 09:00:00,70.0,174.67,1.32,21.1,12.32,6.42,15.32,0.83,29.96,0.3,1.17,,,,,23.3,51.0,1.0,162.25,,0.0,,,
2024-03-03 10:00:00,66.25,165.5,1.25,21.18,12.3,6.5,15.4,0.84,28.88,0.3,1.2,,,,,25.78,42.5,1.02,122.75,,0.0,,,
2024-03-03 11:00:00,61.25,152.5,1.1,21.6,12.38,6.28,13.2,0.84,28.9,0.3,1.25,,,,,28.08,39.5,1.25,166.75,,0.0,,,
2024-03-03 12:00:00,58.75,146.0,1.15,21.85,12.55,6.3,13.38,0.79,29.13,0.22,1.0,,,,,29.25,35.25,1.38,142.5,,0.0,,,
2024-03-03 13:00:00,49.0,122.0,,,,,13.3,0.75,29.97,0.2,0.83,,,,,30.7,31.5,1.3,116.5,,0.0,,,
2024-03-03 14:00:00,46.0,114.5,,,,,12.25,0.77,30.24,0.22,0.95,,,,,32.02,28.0,1.4,114.75,,0.0,,,
2024-03-03 15:00:00,37.0,92.0,,,,,16.88,0.83,29.39,0.28,1.2,,,,,32.37,27.75,1.55,130.0,,0.0,,,
2024-03-03 16:00:00,36.25,90.5,1.3,4.8,3.6,7.2,16.52,0.76,30.07,0.22,0.85,,,,,32.3,27.75,1.3,123.0,,0.0,,,
2024-03-03 17:00:00,33.5,84.25,,,,,11.5,0.7,30.32,0.13,0.6,,,,,32.02,28.0,1.0,98.75,,0.0,,,
2024-03-03 18:00:00,35.25,87.25,1.23,7.6,5.03,6.23,13.92,0.74,31.62,0.18,0.8,,,,,30.58,32.75,0.95,99.0,,0.0,,,
2024-03-03 19:00:00,49.75,123.75,1.25,8.98,5.78,6.1,13.02,0.76,29.86,0.22,0.82,,,,,28.35,36.0,0.98,99.5,,0.0,,,
2024-03-03 20:00:00,62.25,155.0,1.3,13.15,8.0,5.03,9.82,0.75,29.91,0.2,0.82,,,,,27.08,37.0,1.12,94.75,,0.0,,,
2024-03-03 21:00:00,55.25,138.25,1.3,15.38,9.22,4.85,7.9,0.62,30.81,0.05,0.3,,,,,26.1,44.75,1.65,97.75,,0.0,,,
2024-03-03 22:00:00,46.5,115.75,1.3,15.08,9.07,5.48,6.95,0.54,28.71,,,,,,,24.92,50.5,1.4,98.25,,0.0,,,
2024-03-03 23:00:00,36.0,90.5,1.42,14.95,9.1,5.82,6.92,0.58,29.93,0.0,0.05,,,,,23.9,54.25,1.2,86.75,,0.0,,,
2024-03-04 00:00:00,35.5,87.75,1.4,15.3,9.25,5.92,6.23,0.54,30.35,,,,,,,23.12,58.75,1.18,100.75,,0.0,,,
2024-03-04 01:00:00,34.0,83.33,1.23,15.58,9.3,6.08,5.75,0.74,30.0,0.2,0.77,,,,,22.4,63.25,1.12,113.5,,0.0,,,
2024-03-04 02:00:00,35.75,82.0,1.23,15.98,9.48,6.15,6.5,0.66,29.42,0.12,0.42,,,,,21.98,64.0,0.92,107.75,,0.0,,,
2024-03-04 03:00:00,41.25,84.67,1.2,16.58,9.8,6.07,5.6,0.73,29.94,0.15,0.72,,,,,21.83,63.25,0.92,101.25,,0.0,,,
2024-03-04 04:00:00,42.0,91.25,1.27,16.88,10.02,5.88,6.22,0.76,29.14,0.2,0.88,,,,,21.5,65.75,0.6,92.5,,0.0,,,
2024-03-04 05:00:00,45.75,102.5,1.32,17.58,10.42,5.8,6.7,0.7,29.16,0.17,0.6,,,,,20.95,65.25,0.92,159.75,,0.0,,,
2024-03-04 06:00:00,60.25,137.0,1.18,18.95,11.02,5.9,7.7,0.92,29.66,0.38,1.6,,,,,21.02,67.75,0.92,192.75,,0.0,,,
2024-03-04 07:00:00,70.75,168.67,1.25,20.42,11.85,5.85,7.42,0.82,28.9,0.28,1.18,,,,,21.07,65.0,1.08,178.25,,0.0,,,
2024-03-04 08:00:00,69.25,161.0,1.23,21.85,12.6,5.88,8.57,0.82,28.16,0.28,1.12,,,,,22.2,60.0,1.38,225.0,,0.0,,,
2024-03-04 09:00:00,54.75,157.5,1.27,22.82,13.2,6.18,8.4,0.99,30.94,0.47,1.93,,,,,24.48,53.0,1.42,204.0,,0.0,,,
2024-03-04 10:00:00,44.25,131.25,1.25,23.1,13.3,6.48,7.78,1.08,29.16,0.57,2.33,,,,,26.38,42.75,1.38,176.5,,0.0,,,
2024-03-04 11:00:00,41.5,106.75,1.3,23.05,13.3,6.4,7.75,1.01,30.26,0.48,2.0,,,,,28.35,37.0,1.2,188.75,,0.0,,,
2024-03-04 12:00:00,39.75,100.0,,,,,7.58,0.95,30.45,0.42,1.75,,,,,30.32,33.5,1.38,195.75,,0.0,,,
2024-03-04 13:00:00,42.25,134.75,,,,,7.6,0.57,29.95,0.3,1.2,,,,,31.68,31.0,1.45,178.0,,0.0,,,
2024-03-04 14:00:00,47.5,165.25,,,,,7.2,0.54,29.74,0.1,0.3,,,,,33.02,28.75,1.3,170.0,,0.0,,,
2024-03-04 15:00:00,35.0,106.0,,,,,,0.55,30.27,0.15,0.5,,,,,33.8,26.75,1.35,156.5,,0.0,,,
2024-03-04 16:00:00,39.0,114.5,,,,,,0.7,29.56,0.18,0.6,,,,,34.08,26.75,1.02,155.25,,0.0,,,
2024-03-04 17:00:00,42.5,148.25,,,,,,0.87,30.0,0.33,1.37,,,,,33.65,28.0,0.78,92.5,,0.0,,,
2024-03-04 18:00:00,44.5,176.5,,,,,8.4,0.98,30.79,0.45,1.82,,,,,32.02,30.5,0.8,80.75,,0.0,,,
2024-03-04 19:00:00,47.75,189.0,,,,,7.55,0.84,30.61,0.32,1.27,,,,,29.83,33.5,1.3,94.5,,0.0,,,
2024-03-04 20:00:00,48.5,184.25,,,,,7.18,0.62,29.83,0.1,0.47,,,,,28.4,40.5,1.68,91.25,,0.0,,,
2024-03-04 21:00:00,37.5,145.75,,,,,6.28,1.3,30.86,0.8,3.33,,,,,26.55,43.25,1.4,84.75,,0.0,,,
2024-03-04 22:00:00,43.5,106.25,,,,,6.28,1.23,29.32,0.72,3.05,,,,,25.25,48.0,1.18,93.25,,0.0,,,
2024-03-04 23:00:00,40.75,95.75,1.35,16.1,9.65,5.8,6.18,1.13,30.45,0.65,2.55,,,,,24.28,54.5,1.27,87.25,,0.0,,,
2024-03-05 00:00:00,42.75,88.25,1.45,15.52,9.43,6.1,6.13,1.12,28.84,0.62,2.52,,,,,23.42,59.5,1.15,91.25,,0.0,,,
2024-03-05 01:00:00,34.5,87.5,1.32,15.77,9.5,6.28,6.25,1.21,29.85,0.73,2.97,,,,,22.82,62.25,1.0,104.0,,0.0,,,
2024-03-05 02:00:00,38.25,92.0,1.38,16.58,9.95,6.38,6.4,1.17,29.37,0.68,2.78,,,,,22.47,64.5,0.82,125.75,,0.0,,,
2024-03-05 03:00:00,36.5,91.67,1.38,16.7,9.98,6.42,6.5,1.18,29.54,0.7,2.8,,,,,22.03,67.0,0.9,127.75,,0.0,,,
2024-03-05 04:00:00,39.5,93.5,1.38,17.05,10.2,6.45,6.65,1.15,29.4,0.68,2.68,,,,,21.55,69.25,0.68,107.0,,0.0,,,
2024-03-05 05:00:00,44.0,98.25,1.32,17.12,10.18,6.22,7.22,0.7,30.06,0.1,0.6,,,,,20.95,70.0,0.6,80.75,,0.0,,,
2024-03-05 06:00:00,44.75,98.75,1.3,17.75,10.52,6.02,7.6,0.75,29.65,0.2,0.82,,,,,20.55,66.75,0.45,131.0,,0.0,,,
2024-03-05 07:00:00,55.25,145.25,1.38,19.58,11.55,5.82,8.1,0.88,30.56,0.32,1.42,,,,,21.02,62.75,0.75,200.5,,0.0,,,
2024-03-05 08:00:00,81.25,197.0,1.2,21.12,12.2,5.95,11.95,0.84,29.04,0.32,1.25,,,,,22.87,52.5,1.08,184.0,,0.0,,,
2024-03-05 09:00:00,80.25,173.25,1.08,21.7,12.4,6.3,15.78,0.79,30.45,0.27,1.0,,,,,25.28,40.5,1.08,188.75,,0.0,,,
2024-03-05 10:00:00,62.5,151.75,1.0,20.9,11.9,6.3,15.15,0.68,29.99,0.17,0.7,,,,,27.98,30.75,1.2,145.25,,0.0,,,
2024-03-05 11:00:00,46.5,126.67,1.4,9.45,6.15,7.05,11.25,0.58,29.2,0.05,0.1,,,,,30.5,25.5,1.58,117.0,,0.0,,,
2024-03-05 12:00:00,30.0,100.25,1.35,8.78,5.8,6.02,11.02,0.58,29.52,0.5,2.3,,,,,31.95,24.5,1.52,96.5,,0.0,,,
2024-03-05 13:00:00,28.25,93.25,1.1,8.0,5.1,5.9,9.7,0.57,29.69,0.0,0.0,,,,,33.52,23.25,1.42,115.25,,0.0,,,
2024-03-05 14:00:00,23.25,86.5,,,,,9.18,0.52,29.98,,,,,,,34.3,22.25,1.55,135.0,,0.0,,,
2024-03-05 15:00:00,22.25,82.5,,,,,9.5,0.49,29.38,,,,,,,34.67,22.25,1.35,145.75,,0.0,,,
2024-03-05 16:00:00,20.5,86.0,,,,,,0.58,29.49,0.05,0.3,,,,,34.78,22.0,1.3,88.75,,0.0,,,
2024-03-05 17:00:00,30.5,91.75,,,,,,0.63,30.98,0.07,0.23,,,,,34.02,24.0,1.42,103.0,,0.0,,,
2024-03-05 18:00:00,30.5,107.5,,,,,,0.28,30.02,0.1,0.5,,,,,32.22,28.5,1.58,103.75,,0.0,,,
2024-03-05 19:00:00,32.5,156.75,,,,,9.1,0.54,30.53,0.1,0.6,,,,,29.7,34.25,1.82,105.5,,0.0,,,
2024-03-05 20:00:00,26.25,145.0,,,,,8.85,0.51,30.36,,,,,,,27.85,39.5,1.62,90.25,,0.0,,,
2024-03-05 21:00:00,29.75,106.5,,,,,8.98,0.73,30.6,0.2,0.77,,,,,26.52,43.5,1.45,95.0,,0.0,,,
2024-03-05 22:00:00,30.0,87.0,,,,,9.05,0.71,29.92,0.18,0.62,,,,,25.33,48.25,1.3,90.5,,0.0,,,
2024-03-05 23:00:00,32.5,81.75,1.45,16.15,9.75,5.95,8.43,0.69,29.75,0.1,0.52,,,,,24.38,52.5,1.1,94.25,,0.0,,,
2024-03-06 00:00:00,31.75,85.25,1.25,15.95,9.48,6.12,6.6,0.68,29.73,0.27,1.07,,,,,23.58,57.75,1.18,123.75,,0.0,,,
2024-03-06 01:00:00,33.0,90.0,1.23,16.1,9.6,6.38,5.62,1.09,30.51,0.6,2.4,,,,,23.1,60.25,1.1,143.75,,0.0,,,
2024-03-06 02:00:00,29.75,89.25,1.12,16.62,9.78,6.28,5.72,1.08,28.63,0.55,2.35,,,,,22.7,59.5,0.92,111.25,,0.0,,,
2024-03-06 03:00:00,31.5,81.67,1.27,17.1,10.1,6.1,6.52,1.01,29.98,0.5,2.0,,,,,22.4,54.5,0.9,145.5,,0.0,,,
2024-03-06 04:00:00,44.0,103.25,1.23,17.6,10.35,6.02,5.8,1.18,29.38,0.68,2.78,,,,,22.35,55.25,0.92,191.0,,0.0,,,
2024-03-06 05:00:00,61.25,147.25,1.3,18.7,10.98,5.8,8.38,0.69,29.36,0.2,1.0,,,,,22.08,59.0,0.77,192.75,,0.0,,,
2024-03-06 06:00:00,66.5,155.75,1.3,20.48,11.95,5.65,10.88,0.71,29.29,0.2,0.87,,,,,21.72,61.25,0.85,211.75,,0.0,,,
2024-03-06 07:00:00,58.25,164.0,1.27,21.9,12.68,5.98,11.0,0.72,29.44,0.18,0.73,,,,,22.0,61.25,1.25,235.5,,0.0,,,
2024-03-06 08:00:00,46.75,148.5,1.3,22.78,13.18,6.3,10.78,0.96,29.8,0.42,1.8,,,,,23.1,56.75,1.4,235.0,,0.0,,,
2024-03-06 09:00:00,48.5,156.0,1.12,23.12,13.25,6.35,11.05,1.06,29.91,0.53,2.27,,,,,25.2,51.75,1.55,223.0,,0.0,,,
2024-03-06 10:00:00,55.0,157.5,1.35,23.9,13.85,6.3,11.68,1.14,29.99,0.62,2.6,,,,,26.95,42.5,1.5,250.75,,0.0,,,
2024-03-06 11:00:00,50.25,150.0,1.2,24.8,14.1,6.2,10.78,1.01,29.22,0.5,2.0,,,,,29.05,34.25,1.32,199.75,,0.0,,,
2024-03-06 12:00:00,43.75,113.25,,,,,10.62,1.01,30.76,0.5,2.02,,,,,30.72,30.75,1.38,197.75,,0.0,,,
2024-03-06 13:00:00,37.75,108.75,,,,,9.85,0.69,29.76,0.13,0.57,,,,,32.05,27.25,1.35,140.75,,0.0,,,
2024-03-06 14:00:00,32.75,100.5,,,,,9.13,0.68,29.69,0.1,0.48,,,,,33.17,26.25,1.32,98.0,,0.0,,,
2024-03-06 15:00:00,37.5,97.5,,,,,9.1,0.72,30.15,0.18,0.68,,,,,33.52,25.0,1.15,151.75,,0.0,,,
2024-03-06 16:00:00,36.0,106.25,,,,,,0.68,30.2,0.12,0.52,,,,,33.62,25.75,1.03,163.0,,0.0,,,
2024-03-06 17:00:00,35.5,123.0,,,,,,0.67,29.09,0.2,0.75,,,,,32.55,26.75,0.9,89.0,,0.0,,,
2024-03-06 18:00:00,38.5,168.0,,,,,,0.94,29.94,0.38,1.7,,,,,31.48,28.25,0.65,65.5,,0.0,,,
2024-03-06 19:00:00,52.0,259.5,,,,,10.0,0.74,30.68,0.2,0.78,,,,,30.05,32.0,1.68,95.0,,0.0,,,
2024-03-06 20:00:00,49.5,208.5,,,,,10.07,0.62,29.9,0.07,0.3,,,,,28.18,35.75,1.7,96.75,,0.0,,,
2024-03-06 21:00:00,42.75,121.5,,,,,10.0,0.69,30.37,0.1,0.53,,,,,26.33,37.25,1.52,104.5,,0.0,,,
2024-03-06 22:00:00,46.5,115.5,1.35,6.9,4.75,7.75,12.92,0.6,29.46,0.03,0.17,,,,,25.3,41.25,1.5,101.75,,0.0,,,
2024-03-06 23:00:00,53.5,111.0,,,,,11.8,0.59,30.08,0.1,0.33,,,,,24.5,46.0,1.12,108.75,,0.0,,,
2024-03-07 00:00:00,62.25,119.33,1.45,15.35,9.3,6.0,11.73,0.7,30.44,0.23,0.9,,,,,23.8,47.25,1.02,145.5,,0.0,,,
2024-03-07 01:00:00,66.25,131.75,1.25,16.35,9.75,5.9,10.85,0.61,29.76,0.1,0.25,,,,,23.35,49.0,0.62,83.0,,0.0,,,
2024-03-07 02:00:00,67.25,121.0,1.23,17.07,10.07,5.33,10.78,0.65,30.0,0.1,0.35,,,,,22.48,51.25,0.55,61.5,,0.0,,,
2024-03-07 03:00:00,67.5,135.0,1.4,18.7,11.08,5.08,9.82,0.69,30.08,0.12,0.55,,,,,22.02,52.25,0.57,113.75,,0.0,,,
2024-03-07 04:00:00,69.0,157.0,,,,,11.28,0.72,27.24,0.15,0.68,,,,,21.97,52.0,0.82,199.5,,0.0,,,
2024-03-07 05:00:00,78.25,156.75,,,,,10.72,0.81,29.85,0.27,1.1,,,,,22.1,55.75,0.48,195.25,,0.0,,,
2024-03-07 06:00:00,77.5,185.25,1.6,21.45,12.75,5.35,9.55,0.9,30.28,0.35,1.55,,,,,21.48,56.5,0.57,136.25,,0.0,,,
2024-03-07 07:00:00,70.75,206.5,1.42,23.8,13.82,5.5,10.25,0.94,29.44,0.43,1.7,,,,,22.15,53.25,0.95,190.25,,0.0,,,
2024-03-07 08:00:00,58.0,165.5,1.6,23.7,13.9,5.55,10.45,0.95,31.57,0.43,1.72,,,,,23.42,47.75,1.12,197.0,,0.0,,,
2024-03-07 09:00:00,37.5,131.75,1.3,23.6,13.6,6.0,9.95,0.78,29.47,0.23,1.0,,,,,25.5,42.0,1.27,187.0,,0.0,,,
2024-03-07 10:00:00,30.25,121.0,,,,,9.1,0.69,30.06,0.12,0.52,,,,,27.5,34.0,1.2,191.0,,0.0,,,
2024-03-07 11:00:00,28.75,108.33,1.37,14.43,8.8,5.7,8.93,0.52,30.78,0.05,0.35,,,,,29.43,32.0,1.27,208.5,,0.0,,,
2024-03-07 12:00:00,26.0,104.25,1.3,16.8,10.0,5.4,9.2,0.63,29.56,0.2,0.85,,,,,30.65,27.75,1.38,201.75,,0.0,,,
2024-03-07 13:00:00,37.0,102.75,,,,,10.13,0.77,30.37,0.2,0.9,,,,,32.0,26.25,1.45,190.5,,0.0,,,
2024-03-07 14:00:00,34.5,118.5,,,,,,0.55,29.95,0.1,0.35,,,,,33.15,24.75,1.38,116.75,,0.0,,,
2024-03-07 15:00:00,38.5,119.75,,,,,,0.74,29.87,0.3,1.27,,,,,33.9,24.25,1.32,230.0,,0.0,,,
2024-03-07 16:00:00,44.75,157.5,,,,,,0.73,29.09,0.18,0.72,,,,,33.85,24.0,1.15,146.0,,0.0,,,
2024-03-07 17:00:00,40.25,136.75,,,,,,0.8,30.12,0.27,1.03,,,,,33.4,24.75,0.92,118.5,,0.0,,,
2024-03-07 18:00:00,38.5,138.25,,,,,10.82,0.98,31.26,0.45,1.88,,,,,31.9,27.25,0.7,82.0,,0.0,,,
2024-03-07 19:00:00,41.5,163.25,1.4,16.42,9.9,4.35,11.6,0.86,29.94,0.33,1.3,,,,,29.78,30.0,0.88,92.25,,0.0,,,
2024-03-07 20:00:00,48.5,190.0,1.42,14.25,8.73,4.88,11.68,0.78,29.94,0.25,0.98,,,,,28.52,33.5,1.5,101.25,,0.0,,,
2024-03-07 21:00:00,59.0,180.5,1.32,15.32,9.22,5.05,16.6,0.72,30.17,0.17,0.7,,,,,27.3,38.5,1.35,85.0,,0.0,,,
2024-03-07 22:00:00,72.25,160.5,1.35,16.12,9.65,5.52,24.2,0.64,30.2,0.1,0.5,,,,,25.88,41.25,1.1,112.75,,0.0,,,
2024-03-07 23:00:00,84.5,158.25,1.35,16.35,9.78,6.05,32.8,0.63,30.51,0.05,0.28,,,,,25.12,43.5,1.23,111.0,,0.0,,,
2024-03-08 00:00:00,80.75,148.75,1.23,16.12,9.57,6.3,35.03,0.55,29.99,0.0,0.2,,,,,24.72,47.25,1.05,108.0,,0.0,,,
2024-03-08 01:00:00,74.0,126.5,1.2,15.08,9.0,6.52,33.67,0.59,28.92,0.05,0.2,,,,,24.12,49.25,0.9,112.0,,0.0,,,
2024-03-08 02:00:00,71.0,119.67,1.27,15.3,9.2,6.32,30.02,0.6,29.77,0.03,0.2,,,,,23.73,50.0,0.88,96.0,,0.0,,,
2024-03-08 03:00:00,61.75,108.67,1.4,15.3,9.3,6.12,27.28,0.65,29.77,0.1,0.38,,,,,23.3,51.0,0.85,112.5,,0.0,,,
2024-03-08 04:00:00,62.75,113.75,1.32,15.42,9.33,6.22,25.72,0.67,30.1,0.12,0.45,,,,,23.0,51.5,0.6,127.5,,0.0,,,
2024-03-08 05:00:00,70.75,140.5,1.27,16.55,9.85,6.0,24.5,0.73,30.71,0.17,0.73,,,,,22.68,51.25,0.85,163.0,,0.0,,,
2024-03-08 06:00:00,80.0,174.0,1.35,18.3,10.85,5.95,23.88,0.93,30.0,0.4,1.65,,,,,22.55,53.75,0.78,215.5,,0.0,,,
2024-03-08 07:00:00,75.0,175.0,1.35,20.12,11.8,5.93,19.58,0.93,30.19,0.4,1.65,,,,,22.58,49.0,1.05,196.25,,0.0,,,
2024-03-08 08:00:00,47.25,126.0,1.27,20.27,11.82,6.2,17.62,0.88,29.79,0.32,1.4,,,,,24.1,44.5,1.2,184.25,,0.0,,,
2024-03-08 09:00:00,37.0,117.0,1.12,19.9,11.48,6.32,15.65,0.94,30.38,0.43,1.7,,,,,25.6,40.5,1.4,173.0,,0.0,,,
2024-03-08 10:00:00,37.0,111.0,1.35,19.95,11.7,6.4,15.82,0.96,29.44,0.45,1.8,,,,,27.55,37.75,1.82,205.25,,0.0,,,
2024-03-08 11:00:00,29.5,106.25,,,,,14.3,0.96,28.66,0.45,1.8,,,,,29.25,35.75,1.45,183.75,,0.0,,,
2024-03-08 12:00:00,33.25,90.25,,,,,13.6,0.89,29.6,0.35,1.48,,,,,30.68,32.5,1.42,167.0,,0.0,,,
2024-03-08 13:00:00,30.5,88.0,,,,,13.2,0.64,30.66,0.15,0.6,,,,,32.23,29.75,1.27,183.25,,0.0,,,
2024-03-08 14:00:00,30.75,99.25,,,,,,0.72,28.9,0.15,0.7,,,,,33.25,28.75,1.3,211.0,,0.0,,,
2024-03-08 15:00:00,37.5,114.25,,,,,,0.77,29.48,0.22,0.92,,,,,33.53,28.5,1.38,234.75,,0.0,,,
2024-03-08 16:00:00,41.25,119.0,,,,,,0.76,30.45,0.22,0.88,,,,,32.35,29.0,0.82,147.5,,0.0,,,
2024-03-08 17:00:00,41.25,127.5,,,,,,0.71,29.67,0.17,0.63,,,,,31.62,29.5,0.65,101.5,,0.0,,,
2024-03-08 18:00:00,50.75,159.25,,,,,,1.14,29.89,0.62,2.62,,,,,30.95,32.0,0.62,70.75,,0.0,,,
2024-03-08 19:00:00,62.75,239.0,,,,,,1.12,29.47,0.62,2.5,,,,,29.05,32.5,0.72,82.25,,0.0,,,
2024-03-08 20:00:00,71.25,224.5,,,,,13.38,1.04,29.84,0.5,2.12,,,,,28.42,33.5,1.3,114.5,,0.0,,,
2024-03-08 21:00:00,58.5,174.75,,,,,11.72,1.06,29.76,0.53,2.23,,,,,27.92,37.25,1.52,101.75,,0.0,,,
2024-03-08 22:00:00,40.75,122.33,,,,,10.58,0.9,29.77,0.38,1.5,,,,,26.67,42.25,1.3,104.0,,0.0,,,
2024-03-08 23:00:00,28.5,91.5,,,,,10.2,0.79,28.58,0.22,1.0,,,,,25.65,45.5,1.23,96.5,,0.0,,,
2024-03-09 00:00:00,30.75,89.0,,,,,6.87,0.84,28.82,0.32,1.23,,,,,25.2,47.0,0.95,126.75,,0.0,,,
2024-03-09 01:00:00,33.0,79.0,,,,,4.88,0.73,29.77,0.17,0.73,,,,,25.12,46.75,0.85,113.75,,0.0,,,
2024-03-09 02:00:00,33.75,84.5,1.4,15.7,9.45,6.0,4.8,0.66,30.3,0.1,0.45,,,,,24.75,48.25,0.7,100.0,,0.0,,,
2024-03-09 03:00:00,35.5,88.75,1.2,15.55,9.25,5.9,4.97,0.68,28.7,0.12,0.48,,,,,24.25,48.5,0.98,143.25,,0.0,,,
2024-03-09 04:00:00,38.5,113.25,1.3,16.03,9.6,6.07,4.15,0.76,29.84,0.2,0.9,,,,,23.95,52.5,0.98,178.0,,0.0,,,
2024-03-09 05:00:00,52.25,135.25,1.35,16.9,10.1,5.95,4.9,0.84,29.7,0.27,1.23,,,,,23.35,55.5,0.75,183.5,,0.0,,,
2024-03-09 06:00:00,54.0,141.75,1.35,18.48,10.95,5.85,5.52,0.79,29.47,0.25,1.0,,,,,22.85,56.0,0.95,189.75,,0.0,,,
2024-03-09 07:00:00,53.75,153.75,1.25,18.65,10.95,6.02,6.8,0.86,30.1,0.3,1.35,,,,,22.9,54.25,1.02,180.25,,0.0,,,
2024-03-09 08:00:00,42.5,132.5,1.08,18.6,10.8,6.12,7.5,0.81,29.81,0.28,1.12,,,,,24.0,52.0,1.2,178.75,,0.0,,,
2024-03-09 09:00:00,36.0,113.25,1.3,18.4,10.8,6.3,6.98,0.87,27.34,0.33,1.37,,,,,26.05,45.0,1.42,178.0,,0.0,,,
2024-03-09 10:00:00,28.75,100.25,,,,,7.12,0.77,30.07,0.22,0.92,,,,,28.22,37.5,1.55,180.0,,0.0,,,
2024-03-09 11:00:00,25.5,86.5,,,,,5.73,0.75,29.26,0.2,0.85,,,,,30.3,31.0,1.52,143.75,,0.0,,,
2024-03-09 12:00:00,27.75,89.5,,,,,,0.74,29.54,0.18,0.78,,,,,32.05,30.0,1.4,188.75,,0.0,,,
2024-03-09 13:00:00,32.0,91.5,,,,,,0.68,28.22,0.15,0.75,,,,,33.05,28.5,1.48,137.0,,0.0,,,
2024-03-09 14:00:00,38.0,91.0,,,,,,0.83,30.73,0.3,1.2,,,,,34.07,26.5,1.2,179.0,,0.0,,,
2024-03-09 15:00:00,35.25,101.75,,,,,,0.76,31.17,0.2,0.85,,,,,34.5,25.5,1.2,123.5,,0.0,,,
2024-03-09 16:00:00,28.0,90.5,,,,,,0.67,29.32,0.1,0.42,,,,,34.0,26.25,1.15,114.75,,0.0,,,
2024-03-09 17:00:00,32.0,90.0,,,,,,0.66,25.6,0.1,0.4,,,,,33.0,27.75,1.12,97.0,,0.0,,,
2024-03-09 18:00:00,37.5,108.0,,,,,,0.86,34.65,0.33,1.37,,,,,31.7,31.75,0.82,90.25,,0.0,,,
2024-03-09 19:00:00,47.5,146.5,0.9,10.15,6.15,6.25,37.5,,30.42,,,,,,,29.92,33.5,1.02,99.75,,0.0,,,
2024-03-09 20:00:00,51.5,179.25,1.1,10.75,6.6,6.05,5.28,,28.72,,,,,,,28.92,37.25,1.72,101.75,,0.0,,,
2024-03-09 21:00:00,38.25,174.75,1.3,10.9,6.85,6.15,4.9,0.55,29.44,0.0,0.1,,,,,27.98,45.0,1.52,104.75,,0.0,,,
2024-03-09 22:00:00,32.25,95.75,1.3,11.4,7.1,6.4,5.1,0.52,29.63,0.0,0.0,,,,,26.48,52.0,1.65,99.0,,0.0,,,
2024-03-09 23:00:00,39.5,93.0,1.25,11.6,7.2,6.5,6.45,0.34,29.38,,,,,,,25.62,56.5,1.42,105.0,,0.0,,,
2024-03-10 00:00:00,46.75,93.0,1.27,11.8,7.33,6.53,11.47,0.47,29.99,0.0,0.2,,,,,24.98,62.25,1.4,100.75,,0.0,,,
2024-03-10 01:00:00,65.0,117.25,1.3,11.97,7.4,6.53,13.3,0.69,31.02,0.1,0.53,,,,,24.5,67.25,1.38,117.25,,0.0,,,
2024-03-10 02:00:00,67.0,129.75,1.2,11.95,7.35,6.72,12.12,0.72,29.72,0.18,0.68,,,,,24.12,68.75,1.27,111.0,,0.0,,,
2024-03-10 03:00:00,60.75,108.25,1.25,11.88,7.32,6.8,10.92,0.68,29.84,0.2,0.83,,,,,23.85,69.25,1.3,115.5,,0.0,,,
2024-03-10 04:00:00,50.0,96.75,1.35,12.05,7.5,6.82,10.2,0.82,29.77,0.28,1.12,,,,,23.62,71.25,1.23,119.0,,0.0,,,
2024-03-10 05:00:00,46.25,88.0,1.2,11.98,7.3,6.78,8.72,0.61,30.16,0.05,0.3,,,,,23.3,73.75,1.55,110.0,,0.0,,,
2024-03-10 06:00:00,46.25,93.25,1.23,11.95,7.35,6.68,8.65,0.64,29.13,0.13,0.53,,,,,22.9,75.75,1.42,120.75,,0.0,,,
2024-03-10 07:00:00,52.25,106.0,1.3,12.52,7.72,6.6,8.38,0.68,30.13,0.12,0.48,,,,,22.6,76.25,1.35,117.75,,0.0,,,
2024-03-10 08:00:00,49.5,117.0,1.25,12.65,7.75,6.52,10.73,0.58,29.0,0.1,0.4,,,,,23.0,69.0,1.32,132.25,,0.0,,,
2024-03-10 09:00:00,46.0,117.5,1.13,12.6,7.63,6.57,10.98,0.78,29.1,0.23,0.97,,,,,24.7,61.0,1.65,148.0,,0.0,,,
2024-03-10 10:00:00,39.75,120.75,1.4,12.7,7.9,6.5,10.5,0.74,29.48,0.18,0.78,,,,,26.65,51.75,1.58,132.0,,0.0,,,
2024-03-10 11:00:00,38.25,98.0,,,,,10.58,0.72,28.87,0.18,0.68,,,,,28.58,40.25,1.6,131.75,,0.0,,,
2024-03-10 12:00:00,35.75,96.0,,,,,10.35,0.75,28.51,0.2,0.8,,,,,30.6,36.0,1.62,135.5,,0.0,,,
2024-03-10 13:00:00,35.0,98.25,,,,,8.98,0.62,28.82,0.05,0.35,,,,,31.65,35.25,1.72,140.75,,0.0,,,
2024-03-10 14:00:00,34.75,96.67,1.25,10.55,6.65,6.9,8.6,0.62,30.26,0.05,0.22,,,,,32.3,33.75,1.5,111.75,,0.0,,,
2024-03-10 15:00:00,32.75,94.5,1.25,11.65,7.2,6.35,7.42,0.58,29.8,0.1,0.3,,,,,32.72,33.5,1.38,120.0,,0.0,,,
2024-03-10 16:00:00,29.5,83.75,1.3,11.72,7.3,6.38,6.22,0.56,30.4,0.05,0.2,,,,,32.55,34.25,1.27,102.0,,0.0,,,
2024-03-10 17:00:00,33.0,85.0,1.38,11.82,7.45,6.15,6.65,0.84,29.98,0.27,1.23,,,,,31.35,38.5,1.5,96.5,,0.0,,,
2024-03-10 18:00:00,39.0,94.25,1.23,11.58,7.15,6.18,7.82,0.93,30.37,0.4,1.65,,,,,29.72,39.0,1.17,100.25,,0.0,,,
2024-03-10 19:00:00,44.0,111.0,1.35,11.8,7.35,6.3,7.2,1.0,29.69,0.5,1.95,,,,,28.67,40.5,1.1,96.75,,0.0,,,
2024-03-10 20:00:00,57.25,130.5,1.18,12.22,7.48,6.15,11.1,0.98,29.4,0.45,1.88,,,,,27.82,41.0,1.3,94.25,,0.0,,,
2024-03-10 21:00:00,53.25,127.25,1.32,11.92,7.42,6.1,13.0,0.7,30.09,0.17,0.6,,,,,27.0,44.0,1.68,91.0,,0.0,,,
2024-03-10 22:00:00,62.5,132.5,1.35,11.3,7.1,6.18,20.12,0.63,29.7,0.1,0.37,,,,,25.83,48.5,1.52,95.25,,0.0,,,
2024-03-10 23:00:00,77.75,134.0,1.38,11.08,7.02,6.25,19.3,0.63,29.09,0.08,0.28,,,,,24.82,51.25,1.3,93.0,,0.0,,,
2024-03-11 00:00:00,72.0,117.33,1.18,10.98,6.82,6.32,15.77,0.53,28.88,0.0,0.1,,,,,24.1,54.0,1.1,111.25,,0.0,,,
2024-03-11 01:00:00,65.0,103.75,1.25,10.88,6.78,6.42,13.45,0.75,29.28,0.2,0.8,,,,,23.62,54.75,0.88,95.0,,0.0,,,
2024-03-11 02:00:00,58.0,103.75,1.32,10.92,6.9,6.32,11.68,0.7,30.0,0.18,0.62,,,,,23.3,56.5,1.0,102.5,,0.0,,,
2024-03-11 03:00:00,44.25,86.0,1.27,10.62,6.7,6.3,10.42,0.7,28.6,0.15,0.58,,,,,22.88,59.5,1.15,83.5,,0.0,,,
2024-03-11 04:00:00,36.25,77.25,1.27,9.88,6.3,6.52,9.22,0.8,29.71,0.25,1.02,,,,,22.32,63.0,1.42,92.5,,0.0,,,
2024-03-11 05:00:00,28.25,69.75,1.35,9.35,6.08,6.62,8.6,0.64,29.81,0.07,0.33,,,,,21.6,63.5,1.23,94.5,,0.0,,,
2024-03-11 06:00:00,29.25,71.75,1.42,9.6,6.28,6.58,8.45,0.64,30.38,0.1,0.3,,,,,20.88,65.0,1.08,102.0,,0.0,,,
2024-03-11 07:00:00,32.0,79.0,1.3,10.15,6.42,6.57,8.55,0.72,29.98,0.2,0.7,,,,,20.68,65.0,0.95,93.5,,0.0,,,
2024-03-11 08:00:00,37.5,106.5,1.1,10.88,6.7,6.57,9.5,0.72,29.3,0.15,0.7,,,,,21.82,56.75,1.1,100.0,,0.0,,,
2024-03-11 09:00:00,35.5,124.0,1.08,11.95,7.2,6.5,10.85,0.84,30.07,0.3,1.23,,,,,24.42,45.0,1.2,150.0,,0.0,,,
2024-03-11 10:00:00,36.75,148.33,1.15,12.25,7.45,7.95,12.12,0.79,29.83,0.4,1.67,,,,,27.3,41.0,1.4,175.75,,0.0,,,
2024-03-11 11:00:00,42.5,146.25,1.25,11.22,6.95,9.62,11.82,0.2,29.63,0.1,0.5,,,,,29.2,33.75,1.6,135.0,,0.0,,,
2024-03-11 12:00:00,36.5,115.25,1.43,10.87,6.93,9.77,7.48,0.32,30.48,0.17,0.7,,,,,30.98,30.25,1.72,135.25,,0.0,,,
2024-03-11 13:00:00,41.0,102.75,1.5,11.8,7.55,9.6,7.2,0.47,30.06,0.27,1.13,,,,,32.1,29.0,1.62,115.5,,0.0,,,
2024-03-11 14:00:00,38.5,102.75,1.3,14.4,8.7,9.0,6.72,0.42,28.86,0.22,0.88,,,,,33.02,29.75,1.62,107.0,,0.0,,,
2024-03-11 15:00:00,30.25,90.5,,,,,5.9,0.46,30.84,0.25,1.08,,,,,33.17,29.0,1.55,123.75,,0.0,,,
2024-03-11 16:00:00,29.75,105.0,,,,,6.55,0.5,30.38,0.3,1.25,,,,,33.28,30.5,1.45,105.0,,0.0,,,
2024-03-11 17:00:00,32.5,112.0,,,,,6.15,0.62,31.36,0.47,1.8,,,,,32.55,31.25,1.25,102.25,,0.0,,,
2024-03-11 18:00:00,30.0,105.75,,,,,7.0,0.73,30.7,0.55,2.3,,,,,31.05,32.75,1.08,88.75,,0.0,,,
2024-03-11 19:00:00,45.75,132.0,1.3,14.48,8.75,8.78,7.55,0.76,29.14,0.6,2.45,,,,,29.38,37.5,1.55,100.75,,0.0,,,
2024-03-11 20:00:00,47.0,137.0,1.2,13.65,8.25,9.18,6.98,0.75,29.91,0.57,2.38,,,,,28.02,43.5,1.55,96.75,,0.0,,,
2024-03-11 21:00:00,41.5,130.75,1.2,12.92,7.85,9.4,7.18,0.46,28.64,0.3,1.07,,,,,26.62,48.5,1.55,95.5,,0.0,,,
2024-03-11 22:00:00,36.5,108.0,1.32,12.02,7.48,9.65,6.65,0.4,29.88,0.18,0.78,,,,,25.55,54.25,1.7,87.25,,0.0,,,
2024-03-11 23:00:00,44.0,96.5,1.1,10.8,6.62,9.93,8.78,0.37,29.14,0.15,0.62,,,,,24.62,56.25,1.48,100.25,,0.0,,,
2024-03-12 00:00:00,43.25,98.25,1.35,10.72,6.8,9.93,8.37,0.3,27.54,0.08,0.32,,,,,23.92,57.75,1.12,102.0,,0.0,,,
2024-03-12 01:00:00,41.25,97.25,1.35,11.05,7.0,9.98,7.75,0.35,30.07,0.1,0.57,,,,,23.3,61.25,1.4,109.0,,0.0,,,
2024-03-12 02:00:00,41.75,92.75,1.38,11.2,7.08,10.07,8.95,0.42,30.18,0.22,0.88,,,,,22.9,63.25,1.18,118.5,,0.0,,,
2024-03-12 03:00:00,42.5,96.75,1.3,11.55,7.22,10.05,12.98,0.51,29.59,0.3,1.27,,,,,22.5,64.25,1.0,114.5,,0.0,,,
2024-03-12 04:00:00,49.25,103.5,1.3,12.32,7.6,10.12,17.4,0.46,29.7,0.28,1.1,,,,,22.1,65.75,1.02,123.5,,0.0,,,
2024-03-12 05:00:00,56.25,113.5,1.25,12.82,7.82,10.05,15.78,0.26,31.54,0.1,0.4,,,,,21.78,66.75,1.42,160.0,,0.0,,,
2024-03-12 06:00:00,57.25,127.5,1.25,13.85,8.4,9.93,11.98,0.38,29.72,0.18,0.68,,,,,21.68,66.5,1.35,165.25,,0.0,,,
2024-03-12 07:00:00,54.5,124.0,1.42,15.08,9.2,9.88,11.42,0.44,30.02,0.25,1.0,,,,,21.75,66.0,1.45,177.75,,0.0,,,
2024-03-12 08:00:00,44.75,135.75,1.23,16.02,9.52,9.75,13.28,0.44,30.24,0.22,0.98,,,,,22.6,59.75,1.68,180.0,,0.0,,,
2024-03-12 09:00:00,45.75,135.0,1.25,16.58,9.85,9.8,13.62,0.51,29.38,0.3,1.3,,,,,24.42,46.5,1.65,185.0,,0.0,,,
2024-03-12 10:00:00,42.5,,1.15,16.97,9.98,9.75,13.02,0.42,28.69,0.22,0.88,,,,,26.85,38.75,1.6,164.75,,0.0,,,
2024-03-12 11:00:00,41.75,,1.15,16.68,9.82,9.7,11.38,0.32,29.73,0.13,0.53,,,,,28.9,33.25,1.75,161.25,,0.0,,,
2024-03-12 12:00:00,35.0,77.0,1.3,16.25,9.7,9.55,7.9,0.31,28.92,0.08,0.4,,,,,30.55,31.25,1.6,134.75,,0.0,,,
2024-03-12 13:00:00,35.25,77.5,1.27,16.95,10.07,9.12,6.42,0.42,28.89,0.2,0.87,,,,,32.1,31.0,1.62,106.75,,0.0,,,
2024-03-12 14:00:00,37.0,81.25,1.32,18.38,10.85,8.45,8.57,0.3,29.2,0.17,0.7,,,,,32.88,30.0,1.58,115.5,,0.0,,,
2024-03-12 15:00:00,40.5,89.0,1.35,19.4,11.42,8.05,8.52,0.49,30.21,0.3,1.2,,,,,33.4,29.75,1.32,111.0,,0.0,,,
2024-03-12 16:00:00,43.25,94.75,1.4,20.28,11.92,8.12,10.25,0.58,29.75,0.4,1.62,,,,,33.45,29.25,1.25,146.0,,0.0,,,
2024-03-12 17:00:00,46.25,101.5,1.32,20.0,11.72,8.48,10.22,0.62,31.38,0.43,1.77,,,,,33.1,31.25,1.23,84.75,,0.0,,,
2024-03-12 18:00:00,44.25,97.5,1.25,19.2,11.22,8.57,8.88,0.62,30.52,0.42,1.8,,,,,31.18,33.0,0.95,97.75,,0.0,,,
2024-03-12 19:00:00,48.5,106.75,1.2,18.55,10.82,8.57,7.38,0.84,29.66,0.68,2.85,,,,,29.55,35.25,0.9,90.75,,0.0,,,
2024-03-12 20:00:00,59.0,130.0,1.27,18.38,10.8,8.57,10.02,0.7,29.54,0.52,2.15,,,,,28.25,37.75,1.48,93.25,,0.0,,,
2024-03-12 21:00:00,54.25,119.5,1.2,16.48,9.75,8.93,9.68,0.31,29.4,0.07,0.37,,,,,27.15,43.25,1.6,90.75,,0.0,,,
2024-03-12 22:00:00,41.25,90.75,1.32,14.65,8.85,9.52,9.75,0.45,30.41,0.25,1.0,,,,,25.9,46.25,1.45,99.5,,0.0,,,
2024-03-12 23:00:00,44.25,97.25,1.32,13.88,8.45,9.78,10.3,0.35,29.3,0.12,0.57,,,,,25.15,49.5,1.3,95.25,,0.0,,,
2024-03-13 00:00:00,44.0,96.5,1.35,13.05,8.02,9.95,11.0,0.33,28.02,0.17,0.77,,,,,24.58,52.5,1.35,107.25,,0.0,,,
2024-03-13 01:00:00,54.0,118.75,1.2,12.65,7.65,10.15,14.18,0.56,29.28,0.33,1.5,,,,,24.18,53.25,1.18,126.5,,0.0,,,
2024-03-13 02:00:00,64.25,141.25,1.35,15.9,9.52,11.22,15.8,0.42,30.38,0.22,0.88,,,,,23.92,55.0,0.73,153.5,,0.0,,,
2024-03-13 03:00:00,56.25,124.0,1.25,18.25,10.72,11.18,13.45,0.5,29.92,0.3,1.25,,,,,23.35,55.5,1.23,154.25,,0.0,,,
2024-03-13 04:00:00,47.25,104.25,1.18,18.73,10.9,10.8,12.18,0.36,29.43,0.15,0.62,,,,,23.12,57.25,1.02,160.0,,0.0,,,
2024-03-13 05:00:00,45.5,100.0,1.3,19.55,11.42,10.4,13.72,0.41,29.24,0.2,0.83,,,,,22.85,59.0,1.27,187.0,,0.0,,,
2024-03-13 06:00:00,48.0,105.25,1.38,21.18,12.38,9.72,12.7,0.38,29.42,0.18,0.73,,,,,22.62,60.75,1.05,189.5,,0.0,,,
2024-03-13 07:00:00,50.75,111.5,1.2,23.3,13.4,9.65,11.02,0.4,30.43,0.18,0.75,,,,,22.6,60.25,1.3,204.5,,0.0,,,
2024-03-13 08:00:00,49.25,108.25,1.12,24.45,13.92,10.0,10.55,0.5,30.74,0.32,1.27,,,,,23.58,61.25,1.5,200.75,,0.0,,,
2024-03-13 09:00:00,45.25,99.25,1.15,24.52,13.98,10.25,10.0,0.64,29.64,0.47,1.87,,,,,25.15,52.75,1.65,192.75,,0.0,,,
2024-03-13 10:00:00,40.5,89.0,1.2,24.65,14.08,10.05,10.75,0.58,28.95,0.38,1.6,,,,,26.95,42.75,1.7,193.0,,0.0,,,
2024-03-13 11:00:00,42.0,92.0,1.25,24.5,14.08,9.85,10.2,0.55,30.08,0.35,1.45,,,,,28.75,38.25,1.62,193.5,,0.0,,,
2024-03-13 12:00:00,42.0,92.0,1.2,24.02,13.75,9.9,9.15,0.55,30.58,0.38,1.45,,,,,30.52,34.5,1.42,195.75,,0.0,,,
2024-03-13 13:00:00,41.5,91.0,1.15,23.9,13.65,9.78,8.4,0.55,29.01,0.33,1.47,,,,,31.98,33.25,1.6,195.25,,0.0,,,
2024-03-13 14:00:00,42.75,94.0,1.33,25.77,14.8,9.03,8.25,0.55,24.52,0.37,1.47,,,,,32.65,31.75,1.23,200.25,,0.0,,,
2024-03-13 15:00:00,48.5,106.5,,,,,,0.56,20.85,0.35,1.55,,,,,33.3,30.5,1.2,141.0,,0.0,,,
2024-03-13 16:00:00,43.25,95.0,,,,,,0.39,49.72,0.18,0.75,,,,,33.65,30.75,0.95,149.5,,0.0,,,
2024-03-13 17:00:00,50.5,111.0,,,,,,0.64,46.02,0.47,1.9,,,,,32.65,32.0,0.7,192.25,,0.0,,,
2024-03-13 18:00:00,53.0,116.25,1.45,38.85,21.9,8.0,5.68,1.12,29.96,1.0,4.1,,,,,31.58,33.75,0.5,90.75,,0.0,,,
2024-03-13 19:00:00,66.0,145.0,1.78,44.62,25.18,7.9,9.72,1.9,30.51,1.88,7.75,,,,,30.33,36.75,0.55,60.5,,0.0,,,
2024-03-13 20:00:00,87.5,192.25,0.98,49.1,26.9,7.95,8.3,1.26,30.44,1.15,4.75,,,,,29.5,35.0,1.12,115.0,,0.0,,,
2024-03-13 21:00:00,58.25,127.75,0.85,38.05,20.95,9.45,7.65,0.46,30.71,0.27,1.1,,,,,29.0,39.5,1.62,100.0,,0.0,,,
2024-03-13 22:00:00,47.25,103.75,1.1,29.28,16.45,10.15,7.2,0.24,29.44,0.03,0.1,,,,,27.15,44.25,1.5,104.0,,0.0,,,
2024-03-13 23:00:00,47.25,104.25,1.1,25.25,14.32,10.35,6.98,0.19,31.23,0.0,0.1,,,,,25.92,46.75,1.18,104.5,,0.0,,,
2024-03-14 00:00:00,45.25,99.5,1.45,22.78,13.25,10.3,8.8,0.13,29.34,,,,,,,25.32,46.5,1.08,140.25,,0.0,,,
2024-03-14 01:00:00,48.5,106.5,1.42,22.1,12.92,10.1,9.9,0.41,30.68,0.2,0.8,,,,,25.05,45.25,1.05,148.0,,0.0,,,
2024-03-14 02:00:00,55.25,121.5,1.38,21.65,12.62,10.0,10.58,0.4,28.86,0.2,0.8,,,,,24.82,52.25,1.12,176.75,,0.0,,,
2024-03-14 03:00:00,47.5,104.75,1.15,20.55,11.88,10.28,10.38,0.3,29.41,0.13,0.63,,,,,24.38,70.25,1.7,175.25,,0.0,,,
2024-03-14 04:00:00,31.5,69.25,1.15,19.02,11.05,10.75,10.5,0.39,29.76,0.2,0.78,,,,,23.58,76.0,1.45,181.75,,0.0,,,
2024-03-14 05:00:00,34.5,76.25,1.18,19.95,11.58,10.62,10.12,0.43,30.31,0.23,0.93,,,,,23.15,77.25,1.18,209.75,,0.0,,,
2024-03-14 06:00:00,39.5,87.0,1.18,21.7,12.5,10.52,11.65,0.49,30.6,0.3,1.18,,,,,22.92,78.75,1.12,233.75,,0.0,,,
2024-03-14 07:00:00,42.0,92.25,1.23,24.0,13.7,10.35,10.9,0.55,29.61,0.35,1.48,,,,,22.8,78.5,1.23,219.5,,0.0,,,
2024-03-14 08:00:00,44.75,98.5,1.25,24.05,13.82,10.45,10.48,0.6,30.12,0.42,1.7,,,,,23.45,72.5,1.42,202.25,,0.0,,,
2024-03-14 09:00:00,44.0,97.0,1.15,24.35,13.9,10.25,10.98,0.48,30.61,0.27,1.17,,,,,25.0,60.0,1.6,200.0,,0.0,,,
2024-03-14 10:00:00,44.25,97.5,1.08,24.1,13.7,10.1,11.22,0.51,30.35,0.32,1.35,,,,,26.95,52.25,1.52,198.75,,0.0,,,
2024-03-14 11:00:00,44.0,96.75,1.1,23.75,13.5,10.0,11.45,0.4,29.81,0.18,0.8,,,,,28.75,44.0,1.4,184.5,,0.0,,,
2024-03-14 12:00:00,43.25,95.0,1.12,24.3,13.88,9.65,10.35,0.44,27.33,0.22,0.98,,,,,30.48,41.0,1.4,192.75,,0.0,,,
2024-03-14 13:00:00,49.25,108.25,1.2,24.1,13.78,9.55,10.98,0.51,28.18,0.33,1.27,,,,,31.92,38.5,1.25,184.5,,0.0,,,
2024-03-14 14:00:00,47.75,104.75,1.23,25.5,14.52,8.98,10.15,0.55,28.9,0.32,1.48,,,,,33.17,35.25,1.27,202.0,,0.0,,,
2024-03-14 15:00:00,48.75,107.25,1.02,24.88,14.1,8.62,6.45,0.54,27.7,0.32,1.42,,,,,34.0,33.75,1.3,208.0,,0.0,,,
2024-03-14 16:00:00,46.75,102.75,1.55,22.02,12.98,8.0,6.68,0.57,29.63,0.35,1.58,,,,,33.85,33.25,1.15,190.75,,0.0,,,
2024-03-14 17:00:00,52.75,115.75,1.62,24.25,14.22,61.85,6.58,0.72,29.66,0.57,2.27,,,,,33.22,34.0,0.82,183.75,,0.0,,,
2024-03-14 18:00:00,57.25,126.0,1.52,29.75,17.05,43.48,7.02,0.96,29.94,0.82,3.4,,,,,32.25,37.25,0.55,95.0,,0.0,,,
2024-03-14 19:00:00,66.75,147.0,1.38,42.68,23.85,38.98,9.32,1.56,30.95,1.5,6.12,,,,,30.7,40.0,0.7,196.0,,0.0,,,
2024-03-14 20:00:00,73.5,161.75,1.5,38.47,21.65,36.08,9.1,1.54,29.94,1.48,6.02,,,,,29.95,42.75,0.62,152.25,,0.0,,,
2024-03-14 21:00:00,65.0,143.25,1.25,33.17,18.7,34.1,8.45,0.39,30.67,0.2,0.77,,,,,29.28,39.25,1.27,97.5,,0.0,,,
2024-03-14 22:00:00,49.75,109.75,1.38,26.35,15.15,32.2,8.07,0.23,28.99,0.1,0.5,,,,,28.25,41.25,1.38,100.5,,0.0,,,
2024-03-14 23:00:00,37.75,83.0,1.48,22.42,13.12,30.88,10.98,0.08,28.62,,,,,,,27.05,44.25,1.27,102.25,,0.0,,,
2024-03-15 00:00:00,33.5,73.5,1.52,21.1,12.42,29.98,7.5,0.03,30.76,,,,,,,26.5,44.5,1.15,123.75,,0.0,,,
2024-03-15 01:00:00,41.25,90.5,1.27,19.82,11.6,29.18,5.28,0.58,31.23,0.4,1.6,,,,,26.08,44.0,0.92,133.5,,0.0,,,
2024-03-15 02:00:00,42.5,93.25,1.42,19.4,11.45,28.5,6.1,0.55,29.7,0.32,1.45,,,,,25.58,48.0,1.1,150.5,,0.0,,,
2024-03-15 03:00:00,43.5,95.75,1.27,18.98,11.12,28.1,4.88,0.51,29.37,0.3,1.27,,,,,25.0,66.25,1.2,187.75,,0.0,,,
2024-03-15 04:00:00,41.75,91.5,1.2,18.65,10.92,27.6,5.3,0.54,30.56,0.35,1.42,,,,,24.25,73.75,1.2,187.75,,0.0,,,
2024-03-15 05:00:00,42.0,92.25,1.27,19.95,11.62,27.15,5.78,0.39,29.11,0.2,0.7,,,,,23.72,75.25,1.3,224.25,,0.0,,,
2024-03-15 06:00:00,44.25,97.25,1.42,21.78,12.72,26.83,6.28,0.4,29.2,0.2,0.8,,,,,23.5,75.0,1.23,233.0,,0.0,,,
2024-03-15 07:00:00,44.5,97.5,1.4,23.6,13.75,26.45,6.92,0.44,30.46,0.25,0.98,,,,,23.62,73.25,1.08,213.5,,0.0,,,
2024-03-15 08:00:00,52.75,115.75,1.48,24.95,14.48,26.82,6.6,0.63,30.5,0.42,1.85,,,,,24.4,67.0,1.52,233.25,,0.0,,,
2024-03-15 09:00:00,55.75,122.75,1.18,26.7,15.18,27.78,7.62,0.85,29.21,0.7,2.87,,,,,26.1,58.25,1.48,231.75,,0.0,,,
2024-03-15 10:00:00,55.0,121.25,1.35,26.08,14.98,30.6,7.12,0.79,29.82,0.62,2.6,,,,,28.0,51.25,1.58,226.75,,0.0,,,
2024-03-15 11:00:00,44.0,96.75,1.27,22.95,13.28,35.05,3.18,0.68,29.2,0.52,2.08,,,,,29.6,42.5,1.58,189.5,,0.0,,,
2024-03-15 12:00:00,39.5,87.25,1.32,20.55,12.0,39.22,4.25,0.6,30.6,0.43,1.72,,,,,31.25,38.0,1.5,170.0,,0.0,,,
2024-03-15 13:00:00,43.0,94.75,1.3,19.98,11.68,44.35,3.92,0.41,29.5,0.2,0.8,,,,,32.88,35.25,1.25,140.25,,0.0,,,
2024-03-15 14:00:00,41.25,90.75,1.35,18.95,11.18,46.85,3.02,0.36,30.34,0.18,0.65,,,,,33.55,35.5,1.32,131.5,,0.0,,,
2024-03-15 15:00:00,45.5,100.0,1.3,18.32,10.82,45.65,2.85,0.36,29.52,0.18,0.57,,,,,33.05,34.25,1.3,128.0,,0.0,,,
2024-03-15 16:00:00,46.25,101.5,1.35,18.38,10.88,45.85,3.88,0.33,29.73,0.1,0.48,,,,,32.9,32.25,1.75,131.25,,0.0,,,
2024-03-15 17:00:00,43.0,94.75,1.18,18.25,10.68,42.7,4.25,0.34,29.6,0.17,0.53,,,,,32.5,33.5,1.58,104.0,,0.0,,,
2024-03-15 18:00:00,41.0,90.25,1.35,19.02,11.25,40.48,3.5,0.44,29.54,0.22,0.98,,,,,31.4,34.5,1.3,101.0,,0.0,,,
2024-03-15 19:00:00,46.0,101.25,1.32,19.92,11.7,38.8,4.2,0.46,30.54,0.25,1.08,,,,,30.22,37.25,1.3,108.25,,0.0,,,
2024-03-15 20:00:00,50.0,109.75,1.27,19.68,11.52,36.67,4.65,0.47,29.52,0.28,1.1,,,,,29.25,38.25,1.5,106.5,,0.0,,,
2024-03-15 21:00:00,41.5,91.5,1.45,18.62,11.12,35.02,3.12,0.33,28.57,0.2,0.85,,,,,28.52,42.75,1.58,109.25,,0.0,,,
2024-03-15 22:00:00,33.75,74.5,1.45,17.38,10.4,33.75,6.12,0.28,29.77,0.08,0.25,,,,,27.45,47.75,1.3,112.75,,0.0,,,
2024-03-15 23:00:00,34.75,76.75,1.4,18.27,10.85,32.42,6.52,0.41,28.83,0.2,0.8,,,,,26.65,50.0,1.3,120.25,,0.0,,,
2024-03-16 00:00:00,39.5,87.0,1.42,18.27,10.9,31.62,7.73,0.32,29.43,0.08,0.4,,,,,26.28,53.5,1.27,118.25,,0.0,,,
2024-03-16 01:00:00,38.25,84.5,1.4,17.27,10.32,30.6,8.45,0.39,30.26,0.17,0.73,,,,,25.45,56.25,1.0,105.75,,0.0,,,
2024-03-16 02:00:00,39.25,86.5,1.42,16.6,9.98,29.82,8.18,0.49,29.04,0.28,1.2,,,,,24.92,57.5,1.15,132.75,,0.0,,,
2024-03-16 03:00:00,40.0,88.0,1.12,16.82,9.85,29.05,8.4,0.42,29.88,0.22,0.88,,,,,24.55,60.5,1.27,143.5,,0.0,,,
2024-03-16 04:00:00,42.0,92.5,1.35,16.7,9.98,28.48,9.23,0.5,30.15,0.28,1.23,,,,,23.9,64.0,1.12,144.25,,0.0,,,
2024-03-16 05:00:00,47.75,105.25,1.48,17.2,10.38,27.62,9.85,0.39,29.96,0.17,0.77,,,,,23.2,66.5,1.1,164.75,,0.0,,,
2024-03-16 06:00:00,47.25,103.75,1.18,17.8,10.42,27.38,11.05,0.38,29.0,0.18,0.68,,,,,22.78,69.75,1.12,136.25,,0.0,,,
2024-03-16 07:00:00,48.75,107.5,1.0,18.27,10.55,26.88,11.68,0.38,29.99,0.18,0.7,,,,,22.5,67.75,1.02,159.5,,0.0,,,
2024-03-16 08:00:00,51.5,113.25,1.32,19.5,11.42,26.88,13.0,0.56,29.29,0.38,1.48,,,,,23.22,62.5,1.2,185.5,,0.0,,,
2024-03-16 09:00:00,49.75,109.75,1.18,19.25,11.2,27.8,12.58,0.64,29.62,0.47,1.9,,,,,24.98,57.0,1.32,175.5,,0.0,,,
2024-03-16 10:00:00,41.25,90.75,1.2,19.98,11.6,29.17,12.65,0.58,29.76,0.4,1.6,,,,,26.9,50.75,1.3,204.25,,0.0,,,
2024-03-16 11:00:00,41.25,90.75,1.3,20.2,11.8,30.82,12.08,0.51,30.0,0.32,1.3,,,,,28.88,43.0,1.3,188.25,,0.0,,,
2024-03-16 12:00:00,32.25,71.0,1.27,17.85,10.52,32.52,6.88,0.47,29.74,0.28,1.1,,,,,30.7,39.0,1.32,140.5,,0.0,,,
2024-03-16 13:00:00,39.25,86.5,1.2,18.25,10.7,33.62,7.32,0.42,30.21,0.2,0.9,,,,,32.05,36.0,1.58,183.75,,0.0,,,
2024-03-16 14:00:00,38.5,84.75,1.12,19.32,11.2,34.88,7.7,0.42,29.76,0.2,0.88,,,,,32.78,32.25,1.5,118.75,,0.0,,,
2024-03-16 15:00:00,34.0,75.0,1.3,19.27,11.28,35.88,7.22,0.4,29.83,0.2,0.78,,,,,33.6,30.25,1.65,105.5,,0.0,,,
2024-03-16 16:00:00,35.25,77.75,1.23,18.95,11.1,35.9,6.3,0.28,28.76,0.15,0.7,,,,,33.33,33.25,1.78,109.0,,0.0,,,
2024-03-16 17:00:00,36.5,80.5,1.32,18.53,10.92,35.42,6.4,0.33,29.3,0.2,0.7,,,,,32.08,34.0,1.62,105.0,,0.0,,,
2024-03-16 18:00:00,30.75,67.75,1.35,18.58,11.0,33.8,6.78,0.49,29.59,0.3,1.2,,,,,30.45,34.75,1.27,103.5,,0.0,,,
2024-03-16 19:00:00,36.0,79.0,1.4,19.0,11.25,32.78,6.8,0.51,29.21,0.3,1.3,,,,,29.15,40.0,1.3,102.5,,0.0,,,
2024-03-16 20:00:00,34.25,75.25,1.25,18.25,10.7,31.6,6.08,0.47,29.66,0.28,1.12,,,,,28.22,39.25,1.38,103.5,,0.0,,,
2024-03-16 21:00:00,30.25,66.75,1.32,17.58,10.42,30.2,6.9,0.29,30.63,0.07,0.3,,,,,27.48,42.5,1.6,106.0,,0.0,,,
2024-03-16 22:00:00,31.75,70.0,1.27,16.4,9.72,29.45,8.55,0.35,29.62,0.1,0.57,,,,,26.58,46.5,1.6,103.0,,0.0,,,
2024-03-16 23:00:00,25.5,56.0,1.12,15.68,9.28,28.6,9.02,0.28,30.9,0.05,0.22,,,,,25.75,50.0,1.32,113.75,,0.0,,,
2024-03-17 00:00:00,27.25,59.75,1.32,15.7,9.43,27.92,7.83,0.27,29.89,0.15,0.5,,,,,25.15,52.75,0.9,85.25,,0.0,,,
2024-03-17 01:00:00,28.25,62.5,1.3,15.88,9.48,27.35,8.05,0.39,30.26,0.2,0.73,,,,,24.6,54.25,1.0,103.25,,0.0,,,
2024-03-17 02:00:00,29.0,64.0,1.2,15.78,9.38,26.78,7.25,0.37,30.46,0.18,0.62,,,,,24.05,60.25,0.92,70.75,,0.0,,,
2024-03-17 03:00:00,29.25,64.5,1.32,15.55,9.35,26.3,7.1,0.33,30.19,0.12,0.48,,,,,23.12,68.25,0.8,64.0,,0.0,,,
2024-03-17 04:00:00,31.0,68.25,1.27,15.6,9.35,25.92,7.8,0.36,30.06,0.12,0.6,,,,,22.5,74.5,0.85,71.5,,0.0,,,
2024-03-17 05:00:00,34.5,76.0,1.35,16.0,9.6,27.25,7.35,0.37,27.15,0.13,0.63,,,,,22.08,78.75,1.1,88.5,,0.0,,,
2024-03-17 06:00:00,34.75,76.25,1.23,15.22,9.1,26.45,7.82,0.34,29.9,0.13,0.5,,,,,21.58,81.5,1.05,88.25,,0.0,,,
2024-03-17 07:00:00,34.5,75.75,1.23,14.9,8.93,25.98,9.25,0.47,29.04,0.28,1.15,,,,,21.35,80.25,1.0,100.0,,0.0,,,
2024-03-17 08:00:00,46.5,102.25,1.38,15.8,9.52,26.15,10.4,0.42,29.16,0.2,0.88,,,,,22.32,72.5,1.08,114.75,,0.0,,,
2024-03-17 09:00:00,53.0,116.5,1.25,16.77,9.93,27.22,8.4,0.35,29.07,0.13,0.6,,,,,24.48,59.25,1.15,142.5,,0.0,,,
2024-03-17 10:00:00,55.5,122.25,1.2,17.27,10.18,28.58,7.28,0.34,28.49,0.12,0.52,,,,,26.68,48.25,1.45,131.0,,0.0,,,
2024-03-17 11:00:00,43.75,96.25,1.38,16.5,9.88,29.78,7.02,0.3,28.31,0.1,0.43,,,,,28.48,37.75,1.75,130.0,,0.0,,,
2024-03-17 12:00:00,39.0,85.75,1.38,14.08,8.62,30.92,8.52,0.29,30.96,0.08,0.3,,,,,29.95,35.5,1.7,118.75,,0.0,,,
2024-03-17 13:00:00,35.25,77.5,1.45,15.38,9.35,32.2,10.32,0.16,29.3,,,,,,,31.32,29.25,1.88,114.25,,0.0,,,
2024-03-17 14:00:00,33.0,73.0,1.45,16.1,9.72,33.35,9.2,0.1,28.19,,,,,,,32.42,28.75,1.98,97.25,,0.0,,,
2024-03-17 15:00:00,32.5,71.75,1.25,17.45,10.3,33.9,7.58,0.1,29.0,,,,,,,32.78,29.0,1.92,103.5,,0.0,,,
2024-03-17 16:00:00,33.75,74.0,1.38,18.4,10.9,34.35,13.22,0.11,29.7,,,,,,,32.5,31.0,1.9,107.0,,0.0,,,
2024-03-17 17:00:00,44.75,98.25,1.4,17.0,10.18,33.3,19.15,0.19,29.59,,,,,,,31.5,33.25,1.75,102.25,,0.0,,,
2024-03-17 18:00:00,50.75,112.0,1.35,16.42,9.85,31.7,15.35,0.23,30.07,0.05,0.2,,,,,29.88,35.0,1.33,96.0,,0.0,,,
2024-03-17 19:00:00,46.0,101.25,1.32,16.8,10.0,30.28,13.38,0.2,30.65,0.0,0.0,,,,,28.33,36.5,1.32,99.75,,0.0,,,
2024-03-17 20:00:00,51.5,113.0,1.23,16.42,9.75,29.15,12.52,0.18,30.35,0.0,0.2,,,,,27.28,38.75,1.68,101.0,,0.0,,,
2024-03-17 21:00:00,52.75,116.0,1.42,15.82,9.57,28.4,12.95,0.22,30.24,0.0,0.15,,,,,26.38,46.5,1.65,98.0,,0.0,,,
2024-03-17 22:00:00,62.25,136.75,1.42,15.4,9.35,27.62,14.0,0.17,29.78,,,,,,,25.5,51.5,1.48,97.75,,0.0,,,
2024-03-17 23:00:00,67.75,149.0,1.35,14.8,8.98,26.88,16.05,0.12,29.61,,,,,,,24.75,53.75,1.1,102.5,,0.0,,,
2024-03-18 00:00:00,72.25,159.25,1.3,14.98,9.02,26.1,19.43,0.18,30.22,,,,,,,24.2,55.5,1.05,124.75,,0.0,,,
2024-03-18 01:00:00,68.5,150.75,1.25,15.3,9.15,25.55,20.5,0.33,30.3,0.1,0.47,,,,,23.78,57.0,0.92,127.75,,0.0,,,
2024-03-18 02:00:00,63.25,139.25,1.32,15.08,9.07,25.08,20.52,0.29,30.65,0.1,0.4,,,,,23.32,58.5,0.85,109.25,,0.0,,,
2024-03-18 03:00:00,58.75,129.0,1.25,15.08,9.02,24.55,16.68,0.37,29.5,0.18,0.68,,,,,23.0,59.75,0.78,128.75,,0.0,,,
2024-03-18 04:00:00,56.25,123.5,1.38,16.12,9.7,24.05,14.1,0.37,30.35,0.15,0.7,,,,,22.68,60.5,0.85,189.25,,0.0,,,
2024-03-18 05:00:00,72.0,158.5,1.27,17.62,10.42,24.02,12.72,0.39,29.56,0.17,0.77,,,,,22.48,61.75,0.62,207.0,,0.0,,,
2024-03-18 06:00:00,82.0,180.25,1.48,20.38,12.05,23.75,12.02,0.43,30.09,0.25,0.92,,,,,22.1,62.5,0.8,202.0,,0.0,,,
2024-03-18 07:00:00,79.25,174.25,1.35,20.65,12.1,23.78,10.02,0.48,30.71,0.28,1.15,,,,,22.25,66.75,1.12,178.0,,0.0,,,
2024-03-18 08:00:00,59.0,129.5,1.18,20.32,11.78,24.25,9.95,0.52,30.58,0.3,1.32,,,,,23.12,64.5,1.45,181.5,,0.0,,,
2024-03-18 09:00:00,49.0,107.75,1.27,20.95,12.18,25.12,10.55,0.72,29.5,0.53,2.23,,,,,24.92,57.25,1.5,239.5,,0.0,,,
2024-03-18 10:00:00,44.25,97.25,1.12,21.98,12.6,26.38,10.73,0.54,29.52,0.35,1.45,,,,,27.02,45.5,1.12,196.0,,0.0,,,
2024-03-18 11:00:00,38.75,85.5,1.08,21.88,12.5,27.7,10.9,0.48,30.55,0.25,1.12,,,,,28.85,40.0,1.5,188.25,,0.0,,,
2024-03-18 12:00:00,39.0,86.0,1.45,20.78,12.25,29.4,9.28,0.46,30.54,0.28,1.05,,,,,29.98,36.5,1.35,185.0,,0.0,,,
2024-03-18 13:00:00,41.0,90.0,1.32,19.9,11.62,31.65,5.62,0.53,29.62,0.33,1.37,,,,,31.55,33.5,1.38,169.5,,0.0,,,
2024-03-18 14:00:00,38.5,85.0,1.27,19.82,11.62,34.38,5.82,0.48,29.42,0.3,1.18,,,,,33.05,30.75,1.32,127.75,,0.0,,,
2024-03-18 15:00:00,39.5,87.0,1.4,21.65,12.68,35.42,5.85,0.47,29.86,0.28,1.12,,,,,33.52,29.25,1.42,114.0,,0.0,,,
2024-03-18 16:00:00,37.25,82.25,1.5,23.28,13.58,35.85,5.48,0.33,29.69,0.1,0.48,,,,,33.38,31.25,1.6,95.75,,0.0,,,
2024-03-18 17:00:00,35.0,77.0,1.35,23.3,13.5,35.98,5.6,0.47,28.55,0.27,1.13,,,,,32.33,31.5,1.42,107.25,,0.0,,,
2024-03-18 18:00:00,36.75,80.75,1.4,23.15,13.48,35.6,5.5,0.48,29.57,0.28,1.2,,,,,30.72,33.25,1.4,99.5,,0.0,,,
2024-03-18 19:00:00,42.0,92.0,1.5,21.8,12.82,33.5,5.95,0.48,30.54,0.28,1.15,,,,,29.0,36.0,1.42,101.75,,0.0,,,
2024-03-18 20:00:00,41.75,91.5,1.27,20.48,11.95,31.78,6.3,0.52,29.84,0.32,1.35,,,,,27.9,36.75,1.6,111.5,,0.0,,,
2024-03-18 21:00:00,41.0,90.0,1.25,19.2,11.2,30.2,9.9,0.37,30.78,0.17,0.67,,,,,27.02,37.75,1.78,110.25,,0.0,,,
2024-03-18 22:00:00,41.75,91.75,1.3,17.53,10.38,28.98,12.18,0.25,29.8,0.1,0.4,,,,,25.92,42.0,1.58,102.0,,0.0,,,
2024-03-18 23:00:00,46.75,103.0,1.42,16.82,10.1,28.15,18.58,0.21,30.33,0.1,0.35,,,,,24.92,43.5,1.23,89.25,,0.0,,,
2024-03-19 00:00:00,58.75,129.25,1.35,16.75,10.0,27.5,31.07,0.25,30.04,0.07,0.27,,,,,24.3,45.25,1.2,104.25,,0.0,,,
2024-03-19 01:00:00,74.5,164.0,1.4,16.77,10.05,26.9,52.75,0.24,29.81,0.1,0.3,,,,,23.9,47.75,0.92,128.0,,0.0,,,
2024-03-19 02:00:00,87.5,192.75,1.35,16.9,10.1,26.3,52.45,0.36,30.16,0.23,0.83,,,,,23.52,48.25,1.12,145.75,,0.0,,,
2024-03-19 03:00:00,80.0,175.75,1.35,16.98,10.12,25.7,31.72,0.44,30.74,0.2,0.92,,,,,23.22,49.75,1.08,135.75,,0.0,,,
2024-03-19 04:00:00,60.5,132.75,1.12,17.0,9.98,25.1,25.12,0.41,31.12,0.22,0.88,,,,,22.9,51.5,0.88,158.5,,0.0,,,
2024-03-19 05:00:00,61.25,134.5,1.32,18.2,10.78,24.8,21.2,0.5,30.16,0.3,1.23,,,,,22.52,54.75,0.75,214.5,,0.0,,,
2024-03-19 06:00:00,75.25,165.25,1.38,20.3,11.92,24.5,18.08,0.52,29.7,0.32,1.32,,,,,22.25,56.25,0.7,173.5,,0.0,,,
2024-03-19 07:00:00,65.0,143.0,1.1,20.85,11.98,24.32,17.48,0.53,30.76,0.35,1.38,,,,,22.42,52.75,1.02,192.5,,0.0,,,
2024-03-19 08:00:00,47.0,103.5,1.18,21.62,12.45,24.82,13.58,0.54,30.1,0.35,1.45,,,,,23.85,48.5,1.32,191.75,,0.0,,,
2024-03-19 09:00:00,36.0,79.5,1.33,21.68,12.62,26.12,13.72,0.51,29.64,0.3,1.33,,,,,25.68,42.75,1.27,206.25,,0.0,,,
2024-03-19 10:00:00,30.25,66.5,1.25,21.58,12.45,27.62,13.0,0.44,29.35,0.22,0.98,,,,,27.52,37.5,1.23,151.0,,0.0,,,
2024-03-19 11:00:00,32.25,70.75,1.1,21.62,12.42,29.25,11.88,0.42,30.18,0.2,0.9,,,,,29.2,31.5,1.25,168.25,,0.0,,,
2024-03-19 12:00:00,36.75,80.75,1.27,23.55,13.58,31.2,11.35,0.33,29.25,0.08,0.48,,,,,30.78,28.75,1.38,164.5,,0.0,,,
2024-03-19 13:00:00,38.75,85.5,1.27,26.85,15.32,33.8,11.8,0.37,27.48,0.13,0.67,,,,,32.12,26.25,1.38,153.75,,0.0,,,
2024-03-19 14:00:00,37.25,82.25,1.32,25.55,14.65,36.0,8.85,0.38,29.62,0.2,0.7,,,,,32.97,25.25,1.4,138.75,,0.0,,,
2024-03-19 15:00:00,36.75,80.75,1.35,22.3,12.95,34.85,6.88,0.44,29.94,0.22,0.95,,,,,33.5,25.0,1.38,131.75,,0.0,,,
2024-03-19 16:00:00,40.5,88.75,1.45,20.92,12.3,33.75,7.98,0.51,30.87,0.3,1.32,,,,,33.42,25.25,1.32,99.75,,0.0,,,
2024-03-19 17:00:00,35.5,78.0,1.35,19.82,11.65,32.88,8.22,0.23,29.77,0.1,0.4,,,,,32.83,26.25,1.1,98.5,,0.0,,,
2024-03-19 18:00:00,36.5,80.5,1.32,19.55,11.5,31.65,8.1,0.34,29.42,0.17,0.7,,,,,31.18,29.5,0.98,101.5,,0.0,,,
2024-03-19 19:00:00,45.0,99.25,1.25,20.25,11.78,30.48,7.65,0.57,30.42,0.35,1.58,,,,,29.3,31.75,0.95,103.25,,0.0,,,
2024-03-19 20:00:00,48.0,106.0,1.23,20.4,11.88,29.58,11.35,0.44,30.38,0.25,1.0,,,,,28.12,34.5,1.42,102.0,,0.0,,,
2024-03-19 21:00:00,48.5,107.0,1.18,19.0,11.05,28.52,16.62,0.56,30.12,0.4,1.5,,,,,26.95,40.25,1.6,108.75,,0.0,,,
2024-03-19 22:00:00,47.75,105.0,1.27,17.95,10.6,27.88,13.02,0.51,29.96,0.32,1.3,,,,,25.67,42.75,1.5,98.75,,0.0,,,
2024-03-19 23:00:00,42.0,92.25,1.23,17.48,10.3,27.38,11.35,0.45,30.76,0.25,1.02,,,,,24.82,46.5,1.18,109.0,,0.0,,,
2024-03-20 00:00:00,45.25,99.5,1.4,17.4,10.4,26.75,12.4,0.42,30.78,0.2,0.88,,,,,24.1,50.0,0.95,89.75,,0.0,,,
2024-03-20 01:00:00,44.0,96.75,1.38,16.73,10.02,26.45,11.35,0.26,29.47,0.0,0.2,,,,,23.35,54.0,1.12,113.5,,0.0,,,
2024-03-20 02:00:00,39.5,87.25,1.3,16.25,9.68,25.82,11.35,0.3,29.99,0.08,0.3,,,,,22.85,57.75,1.18,100.5,,0.0,,,
2024-03-20 03:00:00,43.0,94.75,1.27,15.12,9.1,25.2,10.78,0.28,29.59,0.05,0.2,,,,,22.48,63.25,1.05,95.5,,0.0,,,
2024-03-20 04:00:00,42.0,92.5,1.15,14.68,8.75,24.38,10.0,0.26,30.54,0.0,0.1,,,,,21.7,66.5,0.95,85.0,,0.0,,,
2024-03-20 05:00:00,49.25,108.75,1.2,15.02,9.0,23.95,9.95,0.41,30.34,0.2,0.83,,,,,21.28,69.0,0.6,102.75,,0.0,,,
2024-03-20 06:00:00,55.25,121.75,1.3,15.8,9.48,23.6,12.62,0.47,31.2,0.28,1.1,,,,,20.98,67.5,0.9,111.5,,0.0,,,
2024-03-20 07:00:00,63.5,139.5,1.32,16.95,10.1,23.58,19.12,0.57,30.01,0.4,1.6,,,,,21.42,65.0,1.15,157.0,,0.0,,,
2024-03-20 08:00:00,66.5,146.5,1.23,18.3,10.72,23.95,18.4,0.65,30.48,0.48,1.92,,,,,22.55,59.75,1.38,173.75,,0.0,,,
2024-03-20 09:00:00,58.5,128.5,1.3,18.98,11.12,25.12,19.77,0.58,30.21,0.37,1.6,,,,,24.42,48.5,1.42,180.25,,0.0,,,
2024-03-20 10:00:00,46.25,102.0,1.3,19.58,11.48,26.5,22.48,0.61,29.86,0.45,1.75,,,,,26.62,36.0,1.55,170.0,,0.0,,,
2024-03-20 11:00:00,43.75,96.0,1.35,19.58,11.5,28.15,22.8,0.57,28.85,0.38,1.6,,,,,29.02,33.0,1.38,169.0,,0.0,,,
2024-03-20 12:00:00,51.75,113.5,1.25,20.05,11.65,30.15,22.45,0.59,29.56,0.4,1.65,,,,,30.85,31.75,1.4,170.5,,0.0,,,
2024-03-20 13:00:00,51.0,112.0,1.18,21.85,12.58,32.02,22.15,0.42,29.12,0.23,0.9,,,,,31.92,30.0,1.3,191.0,,0.0,,,
2024-03-20 14:00:00,51.5,113.25,1.08,24.15,13.75,34.22,19.3,0.47,30.12,0.28,1.1,,,,,33.17,29.0,1.35,167.75,,0.0,,,
2024-03-20 15:00:00,54.5,120.25,1.35,26.17,14.98,35.65,14.82,0.47,29.36,0.25,1.12,,,,,33.83,29.25,1.35,129.5,,0.0,,,
2024-03-20 16:00:00,57.25,126.0,1.25,26.42,15.1,36.0,12.22,0.45,28.76,0.22,1.0,,,,,33.28,29.0,1.2,93.75,,0.0,,,
2024-03-20 17:00:00,51.0,112.0,1.32,26.42,15.15,35.38,14.0,0.46,29.34,0.27,1.07,,,,,32.88,28.5,1.08,102.0,,0.0,,,
2024-03-20 18:00:00,47.25,104.25,1.38,24.5,14.15,33.83,13.02,0.41,30.07,0.18,0.82,,,,,31.42,32.0,1.1,101.5,,0.0,,,
2024-03-20 19:00:00,45.75,100.75,1.35,22.3,12.95,32.2,11.68,0.36,29.37,0.15,0.65,,,,,29.65,34.0,1.45,97.0,,0.0,,,
2024-03-20 20:00:00,50.0,110.25,1.4,20.38,11.98,30.58,15.08,0.3,28.7,0.08,0.35,,,,,28.22,38.0,1.92,98.5,,0.0,,,
2024-03-20 21:00:00,55.75,122.5,1.38,17.88,10.65,29.18,18.02,0.33,29.58,0.1,0.47,,,,,26.72,45.5,1.78,99.0,,0.0,,,
2024-03-20 22:00:00,51.5,113.25,1.38,15.9,9.6,28.1,14.4,0.28,28.29,0.05,0.28,,,,,25.33,51.0,1.68,88.0,,0.0,,,
2024-03-20 23:00:00,40.25,88.5,1.35,14.28,8.68,26.85,10.95,0.35,30.37,0.12,0.57,,,,,24.28,58.25,1.65,95.25,,0.0,,,
2024-03-21 00:00:00,37.25,82.25,1.27,13.3,8.12,25.75,8.43,0.3,28.94,0.1,0.4,,,,,23.33,68.25,1.65,104.0,,0.0,,,
2024-03-21 01:00:00,32.5,71.5,1.4,13.12,8.1,24.72,7.9,0.31,30.09,0.1,0.4,,,,,22.3,72.25,1.23,83.0,,0.0,,,
2024-03-21 02:00:00,25.75,56.75,1.27,13.22,8.1,24.08,8.68,0.35,30.16,0.12,0.57,,,,,21.5,76.5,1.5,82.0,,0.0,,,
2024-03-21 03:00:00,27.75,61.25,1.35,13.28,8.15,23.6,8.35,0.38,29.86,0.18,0.7,,,,,20.8,78.0,1.58,82.0,,0.0,,,
2024-03-21 04:00:00,26.5,58.0,1.27,13.02,7.98,23.02,7.72,0.38,29.48,0.18,0.68,,,,,20.4,76.5,1.7,81.0,,0.0,,,
2024-03-21 05:00:00,23.5,51.75,1.35,12.88,7.93,22.5,7.92,0.28,29.05,0.07,0.2,,,,,20.03,75.75,1.7,83.0,,0.0,,,
2024-03-21 06:00:00,20.0,44.25,1.2,13.0,7.88,22.52,8.15,0.2,28.39,,,,,,,19.82,74.0,1.65,78.5,,0.0,,,
2024-03-21 07:00:00,23.5,52.0,1.2,15.05,9.0,23.8,7.38,0.28,30.32,0.05,0.2,,,,,20.05,72.5,1.52,94.25,,0.0,,,
2024-03-21 08:00:00,24.25,53.25,1.4,16.42,9.88,23.5,8.1,0.43,29.15,0.2,0.92,,,,,21.0,65.5,1.62,103.5,,0.0,,,
2024-03-21 09:00:00,22.0,48.0,1.27,16.58,9.88,24.45,8.43,0.32,29.13,0.1,0.43,,,,,23.05,54.5,1.72,106.25,,0.0,,,
2024-03-21 10:00:00,20.5,44.75,1.3,15.92,9.55,25.68,9.65,0.29,29.91,0.08,0.25,,,,,25.28,43.5,1.78,106.25,,0.0,,,
2024-03-21 11:00:00,16.0,35.0,1.32,16.58,9.88,27.1,8.9,0.32,29.49,0.1,0.45,,,,,27.4,39.75,1.72,101.0,,0.0,,,
2024-03-21 12:00:00,16.0,35.0,1.4,16.88,10.1,28.58,6.1,0.25,29.26,0.0,0.13,,,,,28.78,39.25,1.62,107.0,,0.0,,,
2024-03-21 13:00:00,16.5,36.25,1.3,17.7,10.45,30.02,3.18,0.46,29.45,0.27,1.1,,,,,29.42,38.75,1.45,121.0,,0.0,,,
2024-03-21 14:00:00,18.5,41.0,1.27,17.65,10.4,30.95,4.25,0.3,29.84,0.13,0.63,,,,,29.98,38.5,1.52,110.25,,0.0,,,
2024-03-21 15:00:00,21.0,46.25,1.42,17.65,10.55,31.88,5.2,0.66,28.1,0.5,2.0,,,,,30.78,35.75,1.38,116.5,,0.0,,,
2024-03-21 16:00:00,24.25,53.5,1.38,17.8,10.58,32.7,5.28,0.44,27.95,0.22,0.98,,,,,31.58,35.75,1.27,120.0,,0.0,,,
2024-03-21 17:00:00,25.75,56.75,1.1,18.82,10.9,33.1,5.03,0.32,29.09,0.13,0.43,,,,,31.28,36.5,1.2,100.25,,0.0,,,
2024-03-21 18:00:00,29.75,65.75,1.4,19.1,11.27,32.35,5.75,0.53,30.5,0.35,1.4,,,,,30.12,39.5,1.1,82.5,,0.0,,,
2024-03-21 19:00:00,35.75,78.75,1.55,19.73,11.72,30.75,5.9,0.64,29.62,0.48,1.9,,,,,28.45,42.5,1.08,84.25,,0.0,,,
2024-03-21 20:00:00,36.75,81.25,1.5,19.38,11.52,29.2,5.55,0.5,29.26,0.3,1.25,,,,,27.55,45.0,1.12,81.75,,0.0,,,
2024-03-21 21:00:00,32.0,70.75,1.45,18.0,10.75,28.32,6.75,0.33,30.5,0.13,0.47,,,,,26.8,53.5,1.85,85.0,,0.0,,,
2024-03-21 22:00:00,29.25,64.5,1.32,16.75,9.98,27.02,9.48,0.26,29.28,0.13,0.5,,,,,25.45,66.75,1.68,86.75,,0.0,,,
2024-03-21 23:00:00,28.75,63.25,1.32,15.35,9.22,25.88,8.6,0.33,30.88,0.1,0.45,,,,,23.88,70.0,1.48,82.25,,0.0,,,
2024-03-22 00:00:00,26.0,57.25,1.42,14.6,8.93,25.0,7.0,0.3,28.81,0.08,0.3,,,,,23.02,73.0,1.3,84.25,,0.0,,,
2024-03-22 01:00:00,49.25,108.5,1.35,14.4,8.75,24.42,7.28,0.35,30.02,0.13,0.53,,,,,22.35,75.5,1.25,84.75,,0.0,,,
2024-03-22 02:00:00,87.25,192.0,1.38,13.85,8.45,23.85,6.88,0.45,29.52,0.37,1.6,,,,,21.82,77.75,1.4,84.75,,0.0,,,
2024-03-22 03:00:00,20.0,44.25,1.3,13.28,8.1,23.25,7.42,0.26,29.39,0.1,0.4,,,,,21.58,76.75,1.4,95.25,,0.0,,,
2024-03-22 04:00:00,23.0,51.0,1.3,12.9,7.9,22.9,8.2,0.24,29.93,0.05,0.2,,,,,21.38,77.5,1.23,77.25,,0.0,,,
2024-03-22 05:00:00,22.25,49.25,1.25,12.9,7.88,22.42,7.32,0.35,29.5,0.1,0.57,,,,,20.92,79.5,1.23,88.75,,0.0,,,
2024-03-22 06:00:00,21.25,46.75,1.42,13.27,8.22,22.25,7.88,0.26,30.48,0.07,0.27,,,,,20.7,81.0,1.2,92.5,,0.0,,,
2024-03-22 07:00:00,26.0,57.25,1.4,13.45,8.28,22.2,7.75,0.25,29.88,0.05,0.25,,,,,20.85,79.25,0.98,85.75,,0.0,,,
2024-03-22 08:00:00,30.0,66.25,1.27,14.38,8.7,22.28,7.82,0.29,29.78,0.08,0.28,,,,,21.75,72.75,0.95,114.75,,0.0,,,
2024-03-22 09:00:00,33.25,73.5,1.3,15.15,9.12,23.05,8.65,0.49,28.69,0.3,1.2,,,,,23.78,59.75,1.1,116.5,,0.0,,,
2024-03-22 10:00:00,34.5,76.0,1.12,16.82,9.82,25.75,8.75,0.52,27.42,0.32,1.35,,,,,26.42,45.5,1.3,125.25,,0.0,,,
2024-03-22 11:00:00,36.0,79.0,1.27,17.73,10.48,27.02,9.7,0.54,27.68,0.35,1.45,,,,,28.6,41.75,1.42,167.25,,0.0,,,
2024-03-22 12:00:00,35.5,78.0,1.27,18.42,10.8,28.8,5.4,0.54,29.18,0.32,1.42,,,,,29.75,38.25,1.15,139.0,,0.0,,,
2024-03-22 13:00:00,33.25,73.25,1.25,18.45,10.82,30.0,3.48,0.52,30.73,0.33,1.33,,,,,30.75,35.25,1.6,100.5,,0.0,,,
2024-03-22 14:00:00,33.0,72.5,1.42,18.2,10.8,31.0,4.82,0.51,28.18,0.32,1.32,,,,,31.52,33.75,1.2,129.5,,0.0,,,
2024-03-22 15:00:00,36.5,80.5,1.4,19.18,11.3,31.7,5.12,0.56,28.78,0.38,1.5,,,,,31.95,30.75,1.25,139.25,,0.0,,,
2024-03-22 16:00:00,30.0,66.25,1.32,20.6,12.02,32.62,5.15,0.5,30.44,0.3,1.23,,,,,32.83,31.0,1.42,89.25,,0.0,,,
2024-03-22 17:00:00,33.25,73.5,1.42,22.88,13.32,33.0,5.68,0.48,29.67,0.27,1.17,,,,,32.0,31.0,1.18,86.5,,0.0,,,
2024-03-22 18:00:00,36.5,80.5,1.55,23.65,13.85,32.17,7.07,0.68,29.73,0.5,2.08,,,,,30.6,33.0,0.78,94.25,,0.0,,,
2024-03-22 19:00:00,44.75,98.5,1.42,24.08,13.95,30.62,6.52,0.79,29.61,0.62,2.58,,,,,28.8,36.75,0.92,83.75,,0.0,,,
2024-03-22 20:00:00,43.5,95.5,1.23,22.35,12.88,29.3,4.5,0.52,29.24,0.32,1.35,,,,,27.62,47.5,1.52,97.5,,0.0,,,
2024-03-22 21:00:00,30.75,68.0,1.18,18.45,10.8,28.05,7.65,0.39,29.03,0.17,0.7,,,,,26.5,52.0,1.55,86.5,,0.0,,,
2024-03-22 22:00:00,29.75,65.5,1.35,15.7,9.48,26.78,8.62,0.32,29.85,0.45,1.75,,,,,25.4,54.25,1.42,88.5,,0.0,,,
2024-03-22 23:00:00,42.75,93.75,1.45,14.72,9.02,25.85,7.42,0.41,29.72,0.27,1.2,,,,,24.62,56.0,1.4,92.5,,0.0,,,
2024-03-23 00:00:00,28.75,63.25,1.32,14.1,8.6,25.02,8.43,0.33,29.26,0.35,1.55,,,,,23.85,61.5,1.18,91.0,,0.0,,,
2024-03-23 01:00:00,24.5,54.0,1.4,13.7,8.35,24.42,8.98,0.29,29.39,0.1,0.3,,,,,22.92,67.25,1.23,86.75,,0.0,,,
2024-03-23 02:00:00,23.25,51.5,1.35,13.65,8.35,23.85,8.98,0.01,29.31,,,,,,,22.28,72.25,1.0,84.5,,0.0,,,
2024-03-23 03:00:00,24.75,54.5,1.2,13.92,8.4,23.5,9.72,0.08,30.27,,,,,,,21.78,76.5,0.85,74.75,,0.0,,,
2024-03-23 04:00:00,27.5,60.25,1.3,14.52,8.8,23.05,9.45,0.02,30.65,,,,,,,21.3,78.0,0.68,85.0,,0.0,,,
2024-03-23 05:00:00,30.75,67.75,1.23,14.78,8.85,22.85,9.6,0.14,30.5,,,,,,,21.0,78.25,0.7,131.25,,0.0,,,
2024-03-23 06:00:00,37.5,82.25,1.25,15.45,9.22,22.72,9.4,0.32,30.65,0.1,0.4,,,,,21.0,79.75,0.65,127.5,,0.0,,,
2024-03-23 07:00:00,42.75,93.75,1.38,17.0,10.15,22.7,9.4,0.36,29.69,0.27,1.0,,,,,21.3,76.75,0.85,182.75,,0.0,,,
2024-03-23 08:00:00,45.75,100.75,1.1,17.95,10.45,23.12,10.28,0.33,30.05,0.2,0.75,,,,,22.72,65.25,0.98,191.75,,0.0,,,
2024-03-23 09:00:00,45.75,101.0,1.3,18.18,10.72,24.35,10.4,0.83,29.53,0.7,2.8,,,,,25.08,45.75,1.1,137.75,,0.0,,,
2024-03-23 10:00:00,36.75,81.0,1.2,18.45,10.8,25.5,10.42,0.68,30.8,0.5,2.08,,,,,27.9,37.75,1.5,117.75,,0.0,,,
2024-03-23 11:00:00,29.75,65.5,1.32,17.6,10.45,26.95,11.15,0.67,30.27,0.48,2.03,,,,,29.8,36.0,1.48,106.75,,0.0,,,
2024-03-23 12:00:00,30.0,66.25,1.3,16.92,10.07,28.35,10.28,0.66,30.32,0.48,1.92,,,,,31.18,33.0,1.52,113.0,,0.0,,,
2024-03-23 13:00:00,32.25,71.25,1.18,17.6,10.35,29.7,7.78,0.32,29.56,0.1,0.43,,,,,32.08,29.5,1.62,116.75,,0.0,,,
2024-03-23 14:00:00,28.5,62.75,1.32,19.95,11.68,31.1,6.68,0.22,29.92,0.1,0.3,,,,,33.4,26.5,1.7,97.0,,0.0,,,
2024-03-23 15:00:00,24.75,54.5,1.2,21.82,12.55,31.85,6.3,0.36,29.2,0.12,0.6,,,,,33.98,26.75,1.6,90.0,,0.0,,,
2024-03-23 16:00:00,27.0,59.0,1.2,19.8,11.52,31.62,7.28,0.37,29.39,0.15,0.62,,,,,33.78,26.75,1.4,99.0,,0.0,,,
2024-03-23 17:00:00,28.5,62.5,1.35,19.12,11.25,30.95,6.58,0.41,30.75,0.2,0.83,,,,,33.15,27.75,1.25,79.0,,0.0,,,
2024-03-23 18:00:00,32.0,70.75,1.42,19.32,11.45,30.05,7.38,0.46,29.45,0.25,1.02,,,,,31.88,30.5,1.1,82.25,,0.0,,,
2024-03-23 19:00:00,31.25,69.0,1.42,19.23,11.42,29.0,7.55,0.35,30.58,0.12,0.55,,,,,29.95,36.5,1.35,89.0,,0.0,,,
2024-03-23 20:00:00,37.25,82.25,1.42,18.62,11.1,28.12,7.62,0.44,29.97,0.25,0.95,,,,,28.6,41.5,1.5,87.25,,0.0,,,
2024-03-23 21:00:00,36.25,79.75,1.38,16.98,10.15,27.45,7.8,0.38,29.72,0.17,0.67,,,,,27.42,45.5,1.48,96.75,,0.0,,,
2024-03-23 22:00:00,37.75,83.0,1.27,15.35,9.18,26.52,9.82,0.34,29.88,0.15,0.5,,,,,26.35,49.5,1.52,89.75,,0.0,,,
2024-03-23 23:00:00,32.0,70.25,1.32,14.55,8.8,25.68,10.02,0.24,29.23,0.0,0.1,,,,,25.38,52.5,1.4,94.0,,0.0,,,
2024-03-24 00:00:00,33.25,73.25,1.35,13.92,8.5,24.9,8.83,0.26,29.66,0.02,0.15,,,,,24.5,56.75,1.2,88.75,,0.0,,,
2024-03-24 01:00:00,28.25,62.5,1.32,13.7,8.35,24.33,8.4,0.37,29.2,0.17,0.67,,,,,23.7,60.5,1.05,97.75,,0.0,,,
2024-03-24 02:00:00,29.25,64.5,1.35,13.88,8.5,23.75,8.57,0.39,30.22,0.27,1.0,,,,,22.9,64.25,1.08,99.5,,0.0,,,
2024-03-24 03:00:00,29.5,65.0,1.42,14.12,8.67,23.3,9.35,0.38,30.08,0.18,0.72,,,,,22.2,64.75,1.18,141.75,,0.0,,,
2024-03-24 04:00:00,28.0,62.0,1.32,14.4,8.75,23.02,8.7,0.42,30.7,0.22,0.88,,,,,21.75,62.0,1.15,123.75,,0.0,,,
2024-03-24 05:00:00,28.5,63.0,1.18,15.0,8.93,22.68,11.08,,29.18,,,,,,,21.3,53.75,0.82,155.5,,0.0,,,
2024-03-24 06:00:00,31.0,68.25,1.12,16.32,9.62,22.42,11.95,0.1,29.54,,,,,,,21.38,50.0,0.8,140.5,,0.0,,,
2024-03-24 07:00:00,37.0,81.5,1.27,17.2,10.2,22.62,13.8,0.2,29.96,0.1,0.4,,,,,21.92,48.75,0.78,180.75,,0.0,,,
2024-03-24 08:00:00,43.5,95.5,1.1,17.82,10.38,23.22,13.72,0.06,29.99,,,,,,,23.48,45.5,1.18,167.75,,0.0,,,
2024-03-24 09:00:00,37.0,81.25,1.1,17.67,10.3,24.58,15.77,0.31,29.37,0.1,0.4,,,,,25.88,36.5,1.27,153.25,,0.0,,,
2024-03-24 10:00:00,40.0,88.0,1.38,17.73,10.55,26.22,14.82,0.32,29.25,0.1,0.45,,,,,28.4,31.5,1.48,147.25,,0.0,,,
2024-03-24 11:00:00,37.75,83.0,1.38,19.52,11.5,29.08,12.45,0.3,26.98,0.1,0.32,,,,,30.3,27.75,1.7,110.25,,0.0,,,
2024-03-24 12:00:00,31.0,68.0,1.23,19.85,11.52,30.45,7.4,0.33,28.65,0.1,0.45,,,,,31.82,25.75,1.7,104.5,,0.0,,,
2024-03-24 13:00:00,30.5,67.0,1.32,19.85,11.62,31.08,6.45,0.42,29.13,0.2,0.87,,,,,33.0,24.75,1.8,115.5,,0.0,,,
2024-03-24 14:00:00,26.75,59.0,1.2,17.58,10.35,31.25,9.22,0.36,29.99,0.12,0.57,,,,,33.78,24.75,1.6,109.5,,0.0,,,
2024-03-24 15:00:00,21.0,46.25,1.27,16.85,10.0,30.98,9.48,0.38,27.74,0.15,0.72,,,,,34.17,25.75,1.83,95.5,,0.0,,,
2024-03-24 16:00:00,23.5,51.75,1.32,16.12,9.65,30.55,7.98,0.4,30.27,0.2,0.75,,,,,33.72,24.0,1.72,92.25,,0.0,,,
2024-03-24 17:00:00,20.5,44.75,1.35,15.8,9.5,29.18,6.5,0.32,29.29,0.1,0.4,,,,,33.25,23.75,1.4,100.25,,0.0,,,
2024-03-24 18:00:00,19.0,41.75,1.48,15.98,9.68,27.98,8.3,0.39,28.62,0.18,0.75,,,,,31.88,27.5,1.25,103.5,,0.0,,,
2024-03-24 19:00:00,31.25,69.0,1.3,16.18,9.62,27.3,10.42,0.4,30.23,0.18,0.82,,,,,29.6,30.5,1.32,101.5,,0.0,,,
2024-03-24 20:00:00,43.5,95.5,1.32,16.62,9.9,26.35,10.88,0.44,28.99,0.22,0.98,,,,,28.1,34.25,1.27,98.25,,0.0,,,
2024-03-24 21:00:00,49.5,108.75,1.3,16.15,9.65,25.75,13.28,0.36,30.6,0.17,0.6,,,,,26.95,37.75,1.4,95.25,,0.0,,,
2024-03-24 22:00:00,42.25,93.0,1.25,16.15,9.62,25.32,11.15,0.3,29.21,0.2,0.85,,,,,25.95,45.0,1.33,102.25,,0.0,,,
2024-03-24 23:00:00,33.0,72.75,1.35,15.82,9.5,25.2,9.28,0.23,30.16,0.05,0.35,,,,,24.98,51.5,1.38,90.75,,0.0,,,
2024-03-25 00:00:00,29.25,64.25,1.27,15.0,9.02,24.92,9.03,0.29,30.6,0.08,0.28,,,,,24.02,56.5,1.35,83.5,,0.0,,,
2024-03-25 01:00:00,28.5,62.5,1.4,14.08,8.65,24.42,8.1,0.34,29.68,0.13,0.53,,,,,22.98,62.25,1.18,84.0,,0.0,,,
2024-03-25 02:00:00,31.0,68.5,1.48,13.75,8.52,23.82,8.02,0.2,29.86,0.1,0.3,,,,,22.15,66.25,1.12,76.75,,0.0,,,
2024-03-25 03:00:00,26.25,57.75,1.35,13.88,8.48,23.38,7.85,0.26,29.86,0.07,0.17,,,,,21.6,71.25,0.92,93.75,,0.0,,,
2024-03-25 04:00:00,32.0,70.5,1.32,14.3,8.65,23.05,8.05,0.26,29.84,0.2,1.0,,,,,21.2,73.25,0.62,111.0,,0.0,,,
2024-03-25 05:00:00,41.25,91.0,1.32,15.78,9.48,22.9,8.25,0.49,30.32,0.3,1.17,,,,,20.9,74.5,0.6,178.25,,0.0,,,
2024-03-25 06:00:00,47.0,103.25,1.23,17.4,10.25,22.7,8.28,0.42,31.15,0.22,0.9,,,,,20.92,73.5,0.8,147.75,,0.0,,,
2024-03-25 07:00:00,37.25,82.0,1.32,17.95,10.62,22.88,8.75,0.5,28.91,0.3,1.27,,,,,21.4,60.5,0.9,152.5,,0.0,,,
2024-03-25 08:00:00,43.0,94.75,1.27,18.95,11.12,23.88,9.12,0.52,26.4,0.33,1.33,,,,,23.3,46.0,1.02,177.75,,0.0,,,
2024-03-25 09:00:00,37.75,83.0,1.05,21.7,12.35,29.2,7.18,0.6,23.76,0.4,1.7,,,,,26.05,34.75,1.35,104.25,,0.0,,,
2024-03-25 10:00:00,31.5,69.25,,,,,4.1,0.97,31.77,0.82,3.4,,,,,28.62,28.5,1.58,107.25,,0.0,,,
2024-03-25 11:00:00,30.25,66.75,1.35,21.45,12.5,32.1,5.15,1.11,28.52,0.98,4.05,,,,,30.78,27.0,1.6,123.25,,0.0,,,
2024-03-25 12:00:00,24.25,53.0,1.35,20.8,12.18,32.0,6.7,0.54,29.92,0.35,1.45,,,,,31.88,27.0,1.75,110.75,,0.0,,,
2024-03-25 13:00:00,31.0,68.0,1.32,19.27,11.3,31.22,6.82,0.37,29.9,0.13,0.63,,,,,32.88,27.25,1.72,97.75,,0.0,,,
2024-03-25 14:00:00,30.75,67.5,1.23,17.45,10.3,30.55,4.9,0.21,31.14,0.05,0.25,,,,,33.6,26.25,1.75,103.25,,0.0,,,
2024-03-25 15:00:00,30.25,66.5,1.18,16.48,9.72,29.98,4.47,0.19,28.84,0.0,0.0,,,,,34.15,25.75,1.88,92.5,,0.0,,,
2024-03-25 16:00:00,30.25,66.5,1.32,16.98,10.1,29.25,4.92,0.24,29.81,0.0,0.15,,,,,33.83,26.0,1.7,83.0,,0.0,,,
2024-03-25 17:00:00,29.5,65.25,1.38,17.32,10.32,28.48,5.62,0.3,30.44,0.1,0.33,,,,,32.97,27.25,1.42,83.5,,0.0,,,
2024-03-25 18:00:00,34.25,75.5,1.32,18.33,10.8,27.75,5.05,0.36,29.46,0.15,0.65,,,,,31.48,30.5,1.18,86.0,,0.0,,,
2024-03-25 19:00:00,36.5,80.25,1.45,18.42,10.95,27.1,7.42,0.4,30.8,0.18,0.78,,,,,29.52,36.0,1.6,90.0,,0.0,,,
2024-03-25 20:00:00,39.25,86.25,1.45,17.4,10.4,26.58,7.35,0.36,29.56,0.23,0.87,,,,,28.05,43.5,1.52,89.0,,0.0,,,
2024-03-25 21:00:00,32.5,71.75,1.35,16.68,9.98,26.2,7.5,0.37,28.95,0.17,0.67,,,,,26.7,48.75,1.55,86.0,,0.0,,,
2024-03-25 22:00:00,27.25,60.25,1.3,15.68,9.43,25.95,7.45,0.38,29.45,0.18,0.7,,,,,25.58,54.5,1.48,81.0,,0.0,,,
2024-03-25 23:00:00,26.0,57.25,1.3,14.58,8.8,25.25,7.9,0.36,30.14,0.15,0.6,,,,,24.72,57.25,1.4,92.0,,0.0,,,
2024-03-26 00:00:00,28.0,61.75,1.15,13.92,8.38,24.52,8.37,0.32,31.07,0.13,0.6,,,,,24.0,59.5,1.27,83.0,,0.0,,,
2024-03-26 01:00:00,26.0,57.25,1.52,13.88,8.62,23.92,8.07,0.31,30.32,0.1,0.4,,,,,23.28,61.0,1.25,78.25,,0.0,,,
2024-03-26 02:00:00,27.5,60.75,1.42,13.65,8.45,23.68,7.48,0.3,30.2,0.13,0.5,,,,,22.82,61.25,1.05,93.25,,0.0,,,
2024-03-26 03:00:00,22.25,49.25,1.32,14.05,8.55,23.42,8.43,0.35,29.21,0.12,0.55,,,,,22.42,62.5,0.78,83.75,,0.0,,,
2024-03-26 04:00:00,22.0,48.5,1.3,14.68,8.85,23.25,8.75,0.35,28.99,0.15,0.6,,,,,21.75,63.75,0.65,78.75,,0.0,,,
2024-03-26 05:00:00,30.5,67.5,1.45,15.25,9.3,23.0,8.05,0.31,30.38,0.07,0.37,,,,,21.32,63.5,1.02,145.0,,0.0,,,
2024-03-26 06:00:00,38.25,84.5,1.32,16.68,9.98,22.88,9.43,0.4,30.34,0.18,0.78,,,,,21.42,63.75,0.8,193.25,,0.0,,,
2024-03-26 07:00:00,39.5,87.0,1.18,18.23,10.65,22.88,10.72,0.4,30.24,0.2,0.8,,,,,21.88,56.25,0.78,193.75,,0.0,,,
2024-03-26 08:00:00,38.5,84.5,1.3,19.18,11.25,23.5,9.8,0.44,30.49,0.25,1.0,,,,,23.65,44.75,0.92,185.5,,0.0,,,
2024-03-26 09:00:00,31.0,68.0,1.25,19.38,11.35,24.82,9.82,0.45,30.44,0.23,1.03,,,,,26.1,36.75,1.08,187.0,,0.0,,,
2024-03-26 10:00:00,30.5,67.0,1.12,20.05,11.6,26.22,10.45,0.46,30.04,0.25,1.05,,,,,28.3,29.25,1.38,130.0,,0.0,,,
2024-03-26 11:00:00,30.0,66.25,1.3,22.08,12.82,28.17,10.35,0.4,28.56,0.18,0.8,,,,,30.78,25.5,1.7,94.75,,0.0,,,
2024-03-26 12:00:00,32.0,70.75,1.3,20.88,12.18,29.4,9.6,0.4,28.61,0.2,0.77,,,,,32.17,26.0,1.8,97.25,,0.0,,,
2024-03-26 13:00:00,31.25,69.0,1.3,19.45,11.42,29.8,11.15,0.38,30.08,0.17,0.7,,,,,33.12,25.5,1.82,101.75,,0.0,,,
2024-03-26 14:00:00,35.5,78.5,1.42,19.15,11.35,29.98,8.3,0.33,28.71,0.12,0.45,,,,,33.78,24.25,1.8,109.25,,0.0,,,
2024-03-26 15:00:00,29.5,65.25,1.25,19.35,11.28,30.02,5.68,0.37,30.65,0.12,0.62,,,,,34.62,23.0,1.78,87.25,,0.0,,,
2024-03-26 16:00:00,32.75,72.25,1.27,19.0,11.15,29.85,2.82,0.4,29.45,0.18,0.8,,,,,34.55,24.25,1.6,90.0,,0.0,,,
2024-03-26 17:00:00,30.25,66.75,1.47,19.2,11.37,29.6,6.28,0.35,26.74,0.1,0.55,,,,,33.7,25.75,1.7,97.0,,0.0,,,
2024-03-26 18:00:00,34.25,75.5,,,,,5.43,0.42,28.78,0.2,0.85,,,,,31.9,29.5,1.62,87.5,,0.0,,,
2024-03-26 19:00:00,35.0,77.0,1.63,18.97,11.4,28.53,6.05,0.32,30.58,0.2,0.8,,,,,29.72,33.5,1.48,92.0,,0.0,,,
2024-03-26 20:00:00,34.5,76.0,1.45,18.27,10.88,27.6,7.02,0.4,29.77,0.2,0.8,,,,,28.28,37.25,1.2,91.5,,0.0,,,
2024-03-26 21:00:00,32.5,71.75,1.48,17.82,10.65,26.92,6.82,0.24,30.29,0.0,0.15,,,,,27.0,40.0,1.2,91.5,,0.0,,,
2024-03-26 22:00:00,32.25,70.75,1.4,17.7,10.55,26.28,7.52,0.28,30.26,0.02,0.2,,,,,25.85,42.75,1.12,92.75,,0.0,,,
2024-03-26 23:00:00,32.5,71.25,1.23,17.62,10.35,25.72,7.62,0.16,29.19,0.1,0.3,,,,,24.88,49.75,1.18,84.25,,0.0,,,
2024-03-27 00:00:00,24.75,54.25,1.42,17.27,10.35,25.45,7.63,0.14,28.8,,,,,,,23.95,56.5,1.02,75.5,,0.0,,,
2024-03-27 01:00:00,32.0,70.75,1.35,16.1,9.68,24.85,7.15,0.36,29.46,0.17,0.6,,,,,22.98,61.5,1.02,84.75,,0.0,,,
2024-03-27 02:00:00,28.5,62.75,1.32,15.38,9.25,24.18,6.68,0.33,29.25,0.08,0.45,,,,,22.22,64.5,1.12,108.0,,0.0,,,
2024-03-27 03:00:00,25.75,56.25,1.23,14.65,8.78,23.68,6.32,0.28,29.24,0.05,0.22,,,,,21.9,65.75,0.92,102.0,,0.0,,,
2024-03-27 04:00:00,20.5,44.75,1.2,14.4,8.62,23.3,6.82,0.41,29.37,0.2,0.85,,,,,21.45,67.25,0.88,75.75,,0.0,,,
2024-03-27 05:00:00,16.75,36.75,1.3,14.55,8.78,22.98,6.7,0.5,30.49,0.3,1.23,,,,,20.92,68.5,0.68,69.5,,0.0,,,
2024-03-27 06:00:00,21.25,47.0,1.25,15.82,9.43,22.95,8.68,0.48,30.36,0.28,1.15,,,,,20.62,69.5,0.65,76.5,,0.0,,,
2024-03-27 07:00:00,28.0,62.0,1.38,16.9,10.12,22.88,8.82,0.46,31.7,0.25,1.08,,,,,20.85,64.25,0.85,88.0,,0.0,,,
2024-03-27 08:00:00,32.5,71.75,1.2,17.42,10.25,23.55,8.07,0.62,29.94,0.43,1.78,,,,,22.82,58.25,1.05,96.25,,0.0,,,
2024-03-27 09:00:00,42.75,94.0,1.27,18.18,10.75,24.65,8.35,0.42,29.72,0.2,0.9,,,,,25.2,50.5,1.4,97.0,,0.0,,,
2024-03-27 10:00:00,30.25,66.75,1.1,18.05,10.48,25.85,8.05,0.4,29.85,0.2,0.78,,,,,27.2,39.0,1.4,102.75,,0.0,,,
2024-03-27 11:00:00,21.5,47.0,1.23,17.35,10.25,27.1,7.12,0.36,29.28,0.18,0.65,,,,,29.15,34.0,1.65,107.5,,0.0,,,
2024-03-27 12:00:00,20.75,45.75,1.27,18.77,11.02,28.78,7.85,0.36,29.6,0.15,0.57,,,,,30.88,29.25,1.68,104.75,,0.0,,,
2024-03-27 13:00:00,22.25,49.25,1.3,20.88,12.15,30.28,8.45,0.33,28.98,0.1,0.47,,,,,32.3,26.75,1.82,100.0,,0.0,,,
2024-03-27 14:00:00,20.0,44.0,1.25,19.4,11.35,30.6,6.65,0.32,29.58,0.1,0.42,,,,,33.38,23.5,2.08,93.0,,0.0,,,
2024-03-27 15:00:00,19.5,43.0,1.38,18.95,11.2,30.28,4.15,0.32,29.08,0.1,0.45,,,,,33.88,24.25,2.0,100.75,,0.0,,,
2024-03-27 16:00:00,20.25,44.75,1.15,19.0,11.05,30.35,6.9,0.27,29.7,0.05,0.18,,,,,33.65,28.0,1.88,102.75,,0.0,,,
2024-03-27 17:00:00,27.0,59.0,1.32,18.02,10.68,30.12,7.35,0.27,29.92,0.03,0.2,,,,,32.88,31.5,1.68,107.5,,0.0,,,
2024-03-27 18:00:00,28.75,63.0,1.1,17.75,10.32,29.55,8.55,0.38,30.0,0.18,0.72,,,,,31.32,35.5,1.52,113.5,,0.0,,,
2024-03-27 19:00:00,32.75,72.25,1.3,18.45,10.85,28.7,6.25,0.48,29.88,0.3,1.12,,,,,29.3,36.0,1.25,99.25,,0.0,,,
2024-03-27 20:00:00,28.75,63.5,1.48,18.9,11.25,27.7,4.8,0.48,29.17,0.28,1.18,,,,,28.12,37.5,1.05,100.75,,0.0,,,
2024-03-27 21:00:00,28.75,63.5,1.32,18.85,11.12,27.2,8.8,0.33,29.95,0.13,0.5,,,,,27.08,44.25,1.32,102.75,,0.0,,,
2024-03-27 22:00:00,33.0,72.5,1.3,18.18,10.72,26.95,8.75,0.3,29.59,0.08,0.32,,,,,26.15,53.75,1.15,97.5,,0.0,,,
2024-03-27 23:00:00,40.25,88.75,1.25,17.68,10.42,27.7,5.98,0.25,28.98,0.1,0.3,,,,,25.22,58.5,1.15,100.0,,0.0,,,
2024-03-28 00:00:00,43.5,95.75,1.42,17.27,10.32,26.7,8.67,0.28,29.28,0.05,0.22,,,,,24.5,64.25,0.98,79.0,,0.0,,,
2024-03-28 01:00:00,41.5,91.0,1.32,16.52,9.88,25.52,11.48,0.44,29.37,0.23,1.0,,,,,23.67,71.0,1.0,69.5,,0.0,,,
2024-03-28 02:00:00,40.0,88.0,1.4,15.93,9.6,24.93,10.93,0.44,29.2,0.2,0.97,,,,,23.0,76.67,1.03,71.67,,0.0,,,
2024-03-28 03:00:00,,,,,,,,,,,,,,,,,,,,,0.0,,,
2024-03-28 04:00:00,,,,,,,,,,,,,,,,,,,,,0.0,,,
2024-03-28 05:00:00,,,,,,,,,,,,,,,,,,,,,0.0,,,
2024-03-28 06:00:00,,,,,,,,,,,,,,,,,,,,,0.0,,,
2024-03-28 07:00:00,,,,,,,,,,,,,,,,,,,,,0.0,,,
2024-03-28 08:00:00,,,,,,,,,,,,,,,,,,,,,0.0,,,
2024-03-28 09:00:00,62.0,136.5,1.25,18.4,10.8,25.0,15.9,0.52,28.92,0.3,1.35,,,,,26.05,55.5,1.45,173.5,,0.0,,,
2024-03-28 10:00:00,54.5,120.25,1.1,18.27,10.6,25.8,17.62,0.44,29.83,0.22,0.98,,,,,27.68,47.0,1.27,129.5,,0.0,,,
2024-03-28 11:00:00,42.5,93.75,1.4,17.35,10.38,27.1,17.82,0.3,29.8,0.08,0.35,,,,,29.85,38.25,1.38,126.75,,0.0,,,
2024-03-28 12:00:00,35.25,77.75,1.38,17.12,10.22,28.72,11.05,0.29,30.08,0.1,0.4,,,,,31.68,32.75,1.52,121.0,,0.0,,,
2024-03-28 13:00:00,26.0,57.0,1.4,17.8,10.62,30.15,9.38,0.35,29.86,0.1,0.57,,,,,33.25,30.5,1.8,116.25,,0.0,,,
2024-03-28 14:00:00,21.25,47.0,1.23,20.18,11.72,31.68,8.82,0.4,29.96,0.2,0.82,,,,,33.98,28.0,1.75,99.5,,0.0,,,
2024-03-28 15:00:00,18.25,40.0,1.4,21.72,12.65,32.6,8.78,0.42,29.19,0.22,0.88,,,,,34.92,25.5,1.52,111.25,,0.0,,,
2024-03-28 16:00:00,24.5,54.0,1.38,21.05,12.32,32.22,8.82,0.42,30.07,0.22,0.85,,,,,35.3,24.25,1.42,102.5,,0.0,,,
2024-03-28 17:00:00,22.75,50.25,1.35,21.05,12.3,28.72,8.15,0.45,29.42,0.27,1.0,,,,,34.9,24.25,1.42,79.25,,0.0,,,
2024-03-28 18:00:00,24.0,52.5,1.38,22.02,12.8,23.05,8.93,0.59,29.64,0.43,1.68,,,,,33.08,25.25,1.18,86.25,,0.0,,,
2024-03-28 19:00:00,33.0,72.5,1.25,22.78,13.15,21.95,9.6,0.66,30.66,0.48,1.98,,,,,30.8,28.5,1.27,85.25,,0.0,,,
2024-03-28 20:00:00,41.0,90.0,1.25,21.42,12.38,20.72,10.38,0.52,28.95,0.32,1.35,,,,,29.33,36.25,1.55,100.5,,0.0,,,
2024-03-28 21:00:00,39.0,86.0,1.38,18.8,11.12,20.12,12.3,0.35,30.0,0.1,0.57,,,,,28.25,40.75,1.42,94.25,,0.0,,,
2024-03-28 22:00:00,39.0,85.5,1.38,17.68,10.52,19.65,12.6,0.38,29.67,0.2,0.72,,,,,27.22,44.5,1.25,85.75,,0.0,,,
2024-03-28 23:00:00,29.75,65.5,1.4,17.02,10.22,19.45,13.5,0.28,29.88,0.1,0.55,,,,,26.2,48.0,1.05,96.5,,0.0,,,
2024-03-29 00:00:00,32.25,71.0,1.32,16.62,9.93,18.92,10.97,0.38,30.21,0.18,0.7,,,,,25.48,51.5,0.92,97.0,,0.0,,,
2024-03-29 01:00:00,43.0,94.25,1.35,16.08,9.65,18.62,10.22,0.39,31.15,0.2,0.73,,,,,25.02,54.75,1.02,127.25,,0.0,,,
2024-03-29 02:00:00,49.0,107.75,1.4,15.72,9.52,18.25,12.08,0.36,32.27,0.15,0.6,,,,,24.68,57.5,0.98,112.25,,0.0,,,
2024-03-29 03:00:00,60.0,132.25,1.4,15.42,9.35,17.7,11.58,0.41,29.06,0.2,0.82,,,,,24.18,58.5,1.08,150.25,,0.0,,,
2024-03-29 04:00:00,65.0,142.75,1.25,15.65,9.3,17.38,12.32,0.37,30.78,0.15,0.68,,,,,23.72,59.0,1.0,112.5,,0.0,,,
2024-03-29 05:00:00,60.75,133.25,1.5,15.8,9.65,17.08,12.68,0.48,29.92,0.3,1.17,,,,,23.48,60.5,1.1,166.5,,0.0,,,
2024-03-29 06:00:00,55.75,122.25,1.4,16.9,10.15,16.8,11.78,0.47,30.6,0.28,1.15,,,,,23.3,64.5,0.88,188.25,,0.0,,,
2024-03-29 07:00:00,49.0,107.5,1.42,18.3,10.88,16.62,11.58,0.54,30.48,0.32,1.42,,,,,23.25,69.0,1.1,189.25,,0.0,,,
2024-03-29 08:00:00,39.5,87.0,1.55,19.15,11.42,17.18,10.23,0.54,28.6,0.32,1.42,,,,,24.42,64.25,1.3,200.25,,0.0,,,
2024-03-29 09:00:00,38.0,84.0,1.23,19.18,11.2,18.3,9.9,0.53,30.12,0.33,1.4,,,,,26.18,56.5,1.2,195.0,,0.0,,,
2024-03-29 10:00:00,37.25,82.25,1.1,19.0,11.0,19.62,10.4,0.5,29.44,0.32,1.27,,,,,28.12,45.25,1.25,193.5,,0.0,,,
2024-03-29 11:00:00,34.0,74.75,1.3,19.25,11.28,21.3,7.43,0.46,29.83,0.28,1.1,,,,,30.42,35.0,1.38,135.5,,0.0,,,
2024-03-29 12:00:00,31.0,68.0,1.3,19.32,11.3,22.9,6.2,0.4,28.22,0.2,0.8,,,,,32.95,29.75,1.65,118.25,,0.0,,,
2024-03-29 13:00:00,31.0,68.0,1.3,20.18,11.82,24.22,5.95,0.43,29.35,0.2,0.9,,,,,34.17,28.25,1.78,105.5,,0.0,,,
2024-03-29 14:00:00,32.75,72.0,1.4,21.2,12.4,26.8,6.0,0.39,20.88,0.2,0.73,,,,,34.85,27.25,1.88,97.5,,0.0,,,
2024-03-29 15:00:00,38.0,84.0,,,,,,0.54,28.69,0.32,1.42,,,,,35.2,28.5,1.62,86.75,,0.0,,,
2024-03-29 16:00:00,37.25,82.25,,,,,5.35,0.43,30.38,0.23,0.93,,,,,34.62,30.75,1.85,104.25,,0.0,,,
2024-03-29 17:00:00,36.25,79.75,,,,,5.92,0.35,30.14,0.1,0.53,,,,,33.52,31.0,1.58,105.5,,0.0,,,
2024-03-29 18:00:00,39.75,87.5,1.67,18.47,11.17,23.73,7.08,0.37,28.64,0.15,0.68,,,,,32.22,34.25,1.55,109.75,,0.0,,,
2024-03-29 19:00:00,38.25,84.25,1.45,18.42,10.98,22.75,6.43,0.37,29.62,0.17,0.67,,,,,30.58,34.5,1.72,110.75,,0.0,,,
2024-03-29 20:00:00,35.25,77.5,1.42,18.23,10.82,21.55,6.02,0.21,31.42,0.0,0.2,,,,,29.6,36.5,1.4,101.0,,0.0,,,
2024-03-29 21:00:00,33.25,73.5,1.38,18.23,10.8,20.8,6.15,0.44,27.86,0.23,1.0,,,,,28.42,38.25,1.25,91.0,,0.0,,,
2024-03-29 22:00:00,34.0,75.0,1.45,18.42,10.98,20.0,6.8,0.45,29.08,0.25,1.0,,,,,27.38,40.75,1.2,98.0,,0.0,,,
2024-03-29 23:00:00,35.5,78.25,1.3,18.23,10.78,19.45,7.55,0.39,30.61,0.18,0.75,,,,,26.55,42.5,1.18,92.75,,0.0,,,
2024-03-30 00:00:00,39.5,87.0,1.4,17.82,10.58,18.98,8.17,0.57,29.23,0.35,1.58,,,,,25.9,45.25,0.85,97.0,,0.0,,,
2024-03-30 01:00:00,38.25,84.5,1.27,18.02,10.6,18.75,9.12,0.88,29.19,0.73,2.97,,,,,25.3,46.75,1.08,147.25,,0.0,,,
2024-03-30 02:00:00,38.75,85.5,1.3,17.82,10.58,18.48,13.3,0.69,29.74,0.5,2.15,,,,,25.18,48.75,1.1,147.25,,0.0,,,
2024-03-30 03:00:00,38.5,85.0,1.45,17.75,10.6,18.0,13.98,0.71,29.47,0.52,2.2,,,,,24.7,50.75,1.65,168.75,,0.0,,,
2024-03-30 04:00:00,40.0,88.0,1.4,17.68,10.52,17.65,11.18,0.79,28.94,0.6,2.55,,,,,24.28,55.0,0.82,178.5,,0.0,,,
2024-03-30 05:00:00,38.75,85.25,1.38,18.55,11.0,17.4,8.88,0.41,29.21,0.2,0.83,,,,,23.78,65.75,0.98,214.5,,0.0,,,
2024-03-30 06:00:00,36.0,79.25,1.35,19.27,11.38,17.1,8.38,0.4,30.3,0.2,0.82,,,,,23.28,70.75,1.1,173.0,,0.0,,,
2024-03-30 07:00:00,41.0,90.25,1.1,19.08,11.02,16.88,8.28,0.4,29.62,0.2,0.75,,,,,23.1,70.5,1.12,163.25,,0.0,,,
2024-03-30 08:00:00,43.75,96.0,1.23,18.65,10.9,17.38,8.02,0.39,30.74,0.2,0.75,,,,,24.18,65.0,1.38,181.0,,0.0,,,
2024-03-30 09:00:00,35.25,77.75,1.32,18.65,11.0,18.65,8.02,0.47,30.54,0.27,1.13,,,,,26.02,57.75,1.35,178.25,,0.0,,,
2024-03-30 10:00:00,38.75,85.5,1.18,18.75,10.92,20.02,9.05,0.42,29.75,0.2,0.92,,,,,27.82,47.0,1.32,176.0,,0.0,,,
2024-03-30 11:00:00,38.0,84.0,1.25,18.9,11.05,21.3,9.07,0.38,29.23,0.18,0.7,,,,,29.88,40.5,1.32,141.5,,0.0,,,
2024-03-30 12:00:00,35.75,79.0,1.27,18.68,10.98,22.58,6.05,0.34,29.12,0.1,0.5,,,,,31.7,34.25,1.48,119.75,,0.0,,,
2024-03-30 13:00:00,27.75,61.25,1.27,18.38,10.8,23.68,4.22,0.32,30.46,0.1,0.4,,,,,33.28,28.0,1.6,100.75,,0.0,,,
2024-03-30 14:00:00,24.0,53.0,1.32,19.95,11.7,24.6,4.18,0.12,29.47,0.0,0.1,,,,,34.65,24.5,1.75,105.0,,0.0,,,
2024-03-30 15:00:00,25.5,56.25,1.4,20.02,11.82,25.02,4.38,0.18,29.3,0.1,0.3,,,,,35.42,23.75,1.75,103.25,,0.0,,,
2024-03-30 16:00:00,27.25,60.0,1.35,19.08,11.25,24.28,5.4,0.26,30.58,0.02,0.1,,,,,35.38,21.5,1.92,87.25,,0.0,,,
2024-03-30 17:00:00,19.75,43.5,1.38,18.2,10.82,23.0,5.92,0.27,29.72,0.15,0.6,,,,,34.7,23.25,1.35,77.75,,0.0,,,
2024-03-30 18:00:00,24.75,54.25,1.1,18.65,10.8,22.02,5.85,0.38,30.38,0.15,0.7,,,,,33.17,25.75,1.55,84.75,,0.0,,,
2024-03-30 19:00:00,31.75,70.25,1.35,18.55,10.95,20.88,5.38,0.38,30.39,0.2,0.7,,,,,30.88,32.25,1.32,90.0,,0.0,,,
2024-03-30 20:00:00,28.75,63.5,1.27,17.82,10.5,20.2,4.2,0.36,30.39,0.15,0.62,,,,,29.28,36.0,1.3,103.75,,0.0,,,
2024-03-30 21:00:00,31.0,68.0,1.27,17.55,10.38,19.58,3.85,0.39,30.32,0.2,0.73,,,,,27.95,40.25,0.9,83.0,,0.0,,,
2024-03-30 22:00:00,31.5,69.25,1.32,18.0,10.65,19.25,7.3,0.42,29.93,0.2,0.88,,,,,26.62,42.75,0.85,69.25,,0.0,,,
2024-03-30 23:00:00,33.5,74.0,1.3,18.98,11.15,18.77,8.75,0.38,28.86,0.18,0.68,,,,,25.65,43.75,0.95,68.25,,0.0,,,
2024-03-31 00:00:00,39.0,85.75,1.32,19.12,11.22,18.55,11.4,0.34,30.53,0.1,0.5,,,,,25.02,44.75,0.75,79.5,,0.0,,,
2024-03-31 01:00:00,50.75,111.5,1.27,18.23,10.7,18.38,12.85,0.41,30.02,0.2,0.87,,,,,24.35,46.5,0.82,73.25,,0.0,,,
2024-03-31 02:00:00,52.0,114.5,1.15,17.7,10.35,17.9,13.25,0.4,28.88,0.2,0.82,,,,,23.7,49.5,0.78,76.0,,0.0,,,
2024-03-31 03:00:00,,,,,,,,,,,,,,,,,,,,,0.0,,,
2024-03-31 04:00:00,,,,,,,,,,,,,,,,,,,,,0.0,,,
2024-03-31 05:00:00,,,,,,,,,,,,,,,,,,,,,0.0,,,
2024-03-31 06:00:00,,,,,,,,,,,,,,,,,,,,,0.0,,,
2024-03-31 07:00:00,,,,,,,,,,,,,,,,,,,,,0.0,,,
2024-03-31 08:00:00,,,,,,,,,,,,,,,,,,,,,0.0,,,
2024-03-31 09:00:00,,,,,,,,,,,,,,,,,,,,,0.0,,,
2024-03-31 10:00:00,,,,,,,,,,,,,,,,,,,,,0.0,,,
2024-03-31 11:00:00,,,,,,,,,,,,,,,,,,,,,0.0,,,
2024-03-31 12:00:00,,,,,,,,,,,,,,,,,,,,,0.0,,,
2024-03-31 13:00:00,,,,,,,,,,,,,,,,,,,,,0.0,,,
2024-03-31 14:00:00,,,,,,,,,,,,,,,,,,,,,0.0,,,
2024-03-31 15:00:00,,,,,,,,,,,,,,,,,,,,,0.0,,,
2024-03-31 16:00:00,,,,,,,,,,,,,,,,,,,,,0.0,,,
2024-03-31 17:00:00,,,,,,,,,,,,,,,,,,,,,0.0,,,
2024-03-31 18:00:00,,,,,,,,,,,,,,,,,,,,,0.0,,,
2024-03-31 19:00:00,,,,,,,,,,,,,,,,,,,,,0.0,,,
2024-03-31 20:00:00,,,,,,,,,,,,,,,,,,,,,0.0,,,
2024-03-31 21:00:00,,,,,,,,,,,,,,,,,,,,,0.0,,,
2024-03-31 22:00:00,,,,,,,,,,,,,,,,,,,,,0.0,,,
2024-03-31 23:00:00,,,,,,,,,,,,,,,,,,,,,0.0,,,
2024-04-01 00:00:00,,,,,,,,,,,,,,,,,,,,,0.0,,,
2024-04-01 01:00:00,,,,,,,,,,,,,,,,,,,,,0.0,,,
2024-04-01 02:00:00,,,,,,,,,,,,,,,,,,,,,0.0,,,
2024-04-01 03:00:00,,,,,,,,,,,,,,,,,,,,,0.0,,,
2024-04-01 04:00:00,,,,,,,,,,,,,,,,,,,,,0.0,,,
2024-04-01 05:00:00,,,,,,,,,,,,,,,,,,,,,0.0,,,
2024-04-01 06:00:00,,,,,,,,,,,,,,,,,,,,,0.0,,,
2024-04-01 07:00:00,,,,,,,,,,,,,,,,,,,,,0.0,,,
2024-04-01 08:00:00,,,,,,,,,,,,,,,,,,,,,0.0,,,
2024-04-01 09:00:00,27.33,60.0,1.1,18.3,10.6,18.2,10.5,0.5,30.12,0.3,1.25,,,,,25.03,62.5,1.85,173.5,,0.0,,,
2024-04-01 10:00:00,28.0,62.0,1.23,18.4,10.8,19.2,12.45,0.5,30.19,0.3,1.27,,,,,26.48,57.75,1.7,187.75,,0.0,,,
2024-04-01 11:00:00,28.5,63.0,1.27,17.98,10.58,20.58,7.92,0.46,29.29,0.28,1.08,,,,,28.08,47.75,1.42,182.5,,0.0,,,
2024-04-01 12:00:00,29.75,65.5,1.1,18.5,10.72,22.0,5.92,0.5,28.15,0.3,1.25,,,,,30.02,41.5,1.38,178.25,,0.0,,,
2024-04-01 13:00:00,30.0,66.25,1.38,19.33,11.35,23.4,5.72,0.49,29.61,0.3,1.2,,,,,32.0,36.75,1.48,201.25,,0.0,,,
2024-04-01 14:00:00,31.5,69.5,1.32,20.08,11.75,24.7,7.22,0.42,31.2,0.2,0.85,,,,,33.45,32.0,1.42,96.0,,0.0,,,
2024-04-01 15:00:00,28.75,63.0,1.38,20.85,12.22,25.55,6.95,0.49,30.52,0.3,1.2,,,,,34.48,28.5,1.15,193.75,,0.0,,,
2024-04-01 16:00:00,34.0,75.0,1.32,21.67,12.62,26.65,6.55,0.49,29.2,0.3,1.23,,,,,35.3,27.5,1.0,137.75,,0.0,,,
2024-04-01 17:00:00,34.25,75.5,1.52,24.0,14.02,26.58,6.2,0.44,29.37,0.23,0.93,,,,,35.05,28.75,0.78,114.0,,0.0,,,
2024-04-01 18:00:00,38.25,84.25,1.27,24.5,14.08,25.82,7.22,0.75,30.02,0.55,2.4,,,,,33.65,32.25,0.52,105.25,,0.0,,,
2024-04-01 19:00:00,55.75,123.0,1.58,32.6,18.6,24.5,10.92,1.86,27.61,1.83,7.52,,,,,31.25,36.25,0.57,64.75,,0.0,,,
2024-04-01 20:00:00,68.75,151.5,1.27,38.1,21.33,23.18,9.48,0.99,29.16,0.85,3.52,,,,,29.85,36.75,1.15,105.75,,0.0,,,
2024-04-01 21:00:00,38.75,85.5,1.02,31.3,17.48,22.12,7.5,0.66,29.24,0.47,1.97,,,,,29.6,36.0,1.15,100.0,,0.0,,,
2024-04-01 22:00:00,38.0,83.5,1.2,25.88,14.75,21.1,6.12,0.41,29.46,0.18,0.8,,,,,28.88,43.75,1.32,94.5,,0.0,,,
2024-04-01 23:00:00,27.25,60.0,1.32,21.5,12.48,20.3,4.62,0.18,29.84,0.0,0.1,,,,,27.33,50.0,1.08,109.25,,0.0,,,
2024-04-02 00:00:00,21.5,47.0,1.3,18.92,11.12,19.8,6.07,0.08,30.24,,,,,,,26.32,56.0,1.08,101.75,,0.0,,,
2024-04-02 01:00:00,21.25,46.75,1.4,17.02,10.12,19.25,8.12,0.43,29.38,0.23,0.9,,,,,25.6,63.5,1.1,84.75,,0.0,,,
2024-04-02 02:00:00,25.0,55.0,1.35,15.48,9.32,18.55,8.52,0.38,20.92,0.18,0.72,,,,,24.8,70.5,1.08,93.5,,0.0,,,
2024-04-02 03:00:00,,,,,,,,,,,,,,,,,,,,,0.0,,,
2024-04-02 04:00:00,,,,,,,,,,,,,,,,,,,,,0.0,,,
2024-04-02 05:00:00,,,,,,,,,,,,,,,,,,,,,0.0,,,
2024-04-02 06:00:00,,,,,,,,,,,,,,,,,,,,,0.0,,,
2024-04-02 07:00:00,37.0,81.33,1.15,17.05,10.0,16.6,10.15,0.33,18.63,0.1,0.5,,,,,23.83,75.5,2.0,175.5,,0.0,,,
2024-04-02 08:00:00,38.25,84.25,1.25,17.0,10.07,16.9,10.35,0.38,18.99,0.15,0.7,,,,,24.38,71.75,1.82,179.5,,0.0,,,
2024-04-02 09:00:00,34.0,74.75,1.23,17.68,10.38,17.77,8.93,0.55,19.91,0.33,1.47,,,,,25.75,63.75,1.42,191.75,,0.0,,,
2024-04-02 10:00:00,30.75,68.0,1.48,17.9,10.72,19.08,7.22,0.56,24.99,0.38,1.52,,,,,27.95,55.75,1.4,181.25,,0.0,,,
2024-04-02 11:00:00,37.75,83.25,1.25,18.85,11.08,20.4,6.62,0.57,23.9,0.4,1.62,,,,,30.25,40.0,1.42,155.5,,0.0,,,
2024-04-02 12:00:00,32.25,71.0,1.2,19.1,11.1,21.68,6.5,0.38,25.2,0.18,0.65,,,,,32.72,32.5,1.65,115.75,,0.0,,,
2024-04-02 13:00:00,27.5,60.25,1.3,18.35,10.82,22.92,6.5,0.41,23.8,0.2,0.8,,,,,34.55,30.25,1.45,126.25,,0.0,,706.0,
2024-04-02 14:00:00,26.0,57.25,1.18,18.35,10.75,24.2,6.02,0.38,25.44,0.2,0.7,,,,,35.6,24.25,1.68,111.25,,0.0,,710.0,
2024-04-02 15:00:00,17.75,38.75,1.3,19.58,11.45,25.35,6.02,0.41,25.74,0.2,0.82,,,,,36.6,24.25,1.42,95.25,,0.0,,710.0,
2024-04-02 16:00:00,20.0,44.0,1.4,22.6,13.15,25.92,5.3,0.42,25.8,0.22,0.9,,,,,36.83,24.5,1.48,92.0,,0.0,,710.0,
2024-04-02 17:00:00,20.75,45.75,1.32,20.58,12.05,24.88,5.22,0.27,24.14,0.03,0.2,,,,,36.2,25.25,1.4,92.25,,0.0,,710.0,
2024-04-02 18:00:00,22.25,49.25,1.42,18.88,11.22,23.52,5.25,0.36,22.91,0.15,0.62,,,,,34.45,27.0,0.98,87.25,,0.0,,710.0,
2024-04-02 19:00:00,24.5,54.0,1.4,19.45,11.48,22.18,6.45,0.48,23.72,0.3,1.18,,,,,32.38,27.25,0.98,87.75,,0.0,,710.75,
2024-04-02 20:00:00,36.0,79.5,1.25,19.58,11.48,20.9,5.8,0.39,23.76,0.2,0.72,,,,,30.8,31.5,1.2,93.75,,0.0,,711.75,
2024-04-02 21:00:00,28.75,63.25,1.35,18.45,10.9,20.15,5.38,0.44,26.76,0.27,0.97,,,,,29.58,44.75,1.1,93.0,,0.0,,712.0,
2024-04-02 22:00:00,24.75,54.5,1.4,16.7,10.05,20.05,5.45,0.34,26.32,0.12,0.52,,,,,28.35,49.0,1.18,80.5,,0.0,,712.0,
2024-04-02 23:00:00,22.75,50.25,1.25,15.5,9.28,19.02,4.38,0.3,23.64,0.05,0.32,,,,,27.4,49.75,1.23,83.25,,0.0,,712.0,
2024-04-03 00:00:00,19.0,42.0,1.35,14.77,8.95,18.27,7.07,0.23,24.53,0.05,0.25,,,,,26.58,53.25,1.15,76.25,,0.0,,712.0,
2024-04-03 01:00:00,21.75,48.0,1.45,14.55,8.9,17.88,11.32,0.36,24.46,0.13,0.57,,,,,25.65,58.75,0.8,105.0,,0.0,,712.0,
2024-04-03 02:00:00,35.25,77.5,1.3,14.7,8.85,17.58,13.28,0.34,27.37,0.1,0.5,,,,,24.82,62.5,1.02,114.5,,0.0,,712.0,
2024-04-03 03:00:00,,,,,,,,,,,,,,,,,,,,,0.0,,,
2024-04-03 04:00:00,,,,,,,,,,,,,,,,,,,,,0.0,,,
2024-04-03 05:00:00,,,,,,,,,,,,,,,,,,,,,0.0,,,
2024-04-03 06:00:00,,,,,,,,,,,,,,,,,,,,,0.0,,,
2024-04-03 07:00:00,,,,,,,,,,,,,,,,,,,,,0.0,,,
2024-04-03 08:00:00,33.0,73.0,,,,,,,,,,,,,,23.8,,,,,0.0,,,
2024-04-03 09:00:00,,,,,,,,,,,,,,,,,,,,,0.0,,,
2024-04-03 10:00:00,35.0,77.0,1.45,19.0,11.3,21.55,9.3,0.45,20.88,0.25,1.0,,,,,27.37,53.5,1.5,188.5,,0.0,,714.0,
2024-04-03 11:00:00,33.5,74.0,1.27,18.6,10.95,20.98,10.4,0.4,22.7,0.2,0.8,,,,,29.75,42.75,1.35,171.75,,0.0,,713.0,
2024-04-03 12:00:00,32.5,71.5,1.08,18.12,10.52,21.7,9.78,0.32,25.46,0.1,0.38,,,,,32.33,34.5,1.52,118.5,,0.0,,712.5,
2024-04-03 13:00:00,26.25,57.75,1.27,17.12,10.15,22.68,9.9,0.38,26.38,0.17,0.7,,,,,34.4,31.0,1.62,120.25,,0.0,,711.75,
2024-04-03 14:00:00,28.5,62.75,1.4,16.15,9.75,23.68,9.28,0.37,26.25,0.15,0.62,,,,,35.12,30.0,1.7,104.5,,0.0,,711.0,
2024-04-03 15:00:00,25.25,55.75,1.32,16.52,9.82,24.22,9.05,0.37,26.26,0.18,0.62,,,,,35.52,29.5,1.45,104.75,,0.0,,711.0,
2024-04-03 16:00:00,28.0,61.75,1.32,19.12,11.25,24.42,8.95,0.37,26.69,0.18,0.68,,,,,35.52,29.5,1.6,98.75,,0.0,,710.0,
2024-04-03 17:00:00,23.5,51.75,1.32,20.15,11.78,24.25,9.15,0.39,25.1,0.2,0.73,,,,,34.95,30.25,1.3,101.0,,0.0,,711.0,
2024-04-03 18:00:00,21.25,47.0,1.35,20.5,12.0,23.7,9.1,0.44,20.39,0.23,1.0,,,,,33.42,31.75,0.95,94.25,,0.0,,711.0,
2024-04-03 19:00:00,32.25,71.25,,,,,7.05,0.58,21.74,0.38,1.58,,,,,31.68,34.25,0.92,96.5,,0.0,,712.0,
2024-04-03 20:00:00,43.25,95.25,,,,,6.12,0.48,24.51,0.28,1.18,,,,,30.52,34.0,1.32,90.0,,0.0,,712.0,
2024-04-03 21:00:00,34.0,75.0,1.35,20.02,11.75,20.75,5.45,0.39,23.98,0.2,0.73,,,,,29.68,36.5,1.3,85.75,,0.0,,712.75,
2024-04-03 22:00:00,22.25,48.75,1.4,18.48,10.95,19.65,7.55,0.32,26.49,0.12,0.4,,,,,28.35,40.5,1.15,91.5,,0.0,,713.0,
2024-04-03 23:00:00,23.0,51.0,1.32,17.18,10.22,18.92,9.55,0.25,24.34,0.03,0.17,,,,,27.08,44.5,1.02,83.25,,0.0,,713.0,
2024-04-04 00:00:00,23.5,52.0,1.38,16.52,9.93,18.5,5.33,0.23,22.33,0.0,0.0,,,,,26.2,48.0,0.9,88.0,,0.0,,712.25,
2024-04-04 01:00:00,26.0,57.25,1.32,16.27,9.75,17.95,2.05,0.36,19.87,0.13,0.57,,,,,25.55,51.25,1.3,155.5,,0.0,,712.0,
2024-04-04 02:00:00,27.5,60.75,1.18,16.12,9.5,17.62,3.42,0.3,19.01,0.1,0.35,,,,,25.32,54.75,1.2,120.75,,0.0,,712.0,
2024-04-04 03:00:00,20.25,44.75,1.35,15.5,9.35,17.25,3.95,0.24,20.8,0.07,0.13,,,,,25.0,58.0,1.15,125.25,,0.0,,712.0,
2024-04-04 04:00:00,14.75,32.25,1.38,14.85,9.0,16.82,5.35,0.27,19.76,0.05,0.18,,,,,24.55,60.5,1.12,145.0,,0.0,,712.0,
2024-04-04 05:00:00,27.25,60.25,1.32,14.98,9.02,16.6,5.05,0.41,19.26,0.2,0.83,,,,,24.0,62.25,0.98,163.25,,0.0,,712.0,
2024-04-04 06:00:00,37.0,81.5,1.3,16.23,9.7,16.23,5.08,0.46,18.81,0.3,1.08,,,,,23.65,64.5,0.88,199.75,,0.0,,712.5,
2024-04-04 07:00:00,29.5,65.25,1.27,17.15,10.18,16.15,6.18,0.42,20.32,0.2,0.9,,,,,23.75,63.75,1.4,172.75,,0.0,,713.25,
2024-04-04 08:00:00,32.75,72.25,1.38,17.23,10.28,16.65,7.48,0.45,19.84,0.25,1.0,,,,,24.98,62.25,1.3,166.25,,0.0,,714.0,
2024-04-04 09:00:00,28.5,62.75,1.4,17.02,10.22,17.85,6.05,0.48,18.91,0.3,1.17,,,,,26.88,58.5,1.3,188.75,,0.0,,714.0,
2024-04-04 10:00:00,28.75,63.0,1.35,17.05,10.18,19.02,3.12,0.53,20.27,0.32,1.4,,,,,28.75,49.75,1.45,157.25,,0.0,,714.0,
2024-04-04 11:00:00,30.5,67.25,1.18,17.3,10.15,20.2,3.2,0.47,20.33,0.28,1.12,,,,,30.68,38.25,1.58,143.5,,0.0,,713.5,
2024-04-04 12:00:00,19.75,43.5,1.2,17.02,10.02,21.2,2.4,0.4,20.15,0.2,0.8,,,,,32.83,29.5,1.75,135.0,,0.0,,713.0,
2024-04-04 13:00:00,18.25,40.25,1.3,16.9,10.07,21.9,2.12,0.48,20.56,0.27,1.13,,,,,34.35,27.0,1.85,137.0,,0.0,,712.0,
2024-04-04 14:00:00,16.0,35.0,1.23,17.9,10.53,22.73,2.0,0.47,37.24,0.28,1.12,,,,,35.33,26.0,1.62,109.5,,0.0,,711.25,
2024-04-04 15:00:00,16.25,35.5,,,,,0.9,0.2,24.74,,,,,,,36.08,23.25,1.5,114.25,,0.0,,711.0,
2024-04-04 16:00:00,17.25,37.75,,,,,,0.62,48.67,0.42,1.83,,,,,36.15,25.25,1.42,115.75,,0.0,,711.0,
2024-04-04 17:00:00,20.25,44.75,,,,,,0.43,50.65,0.35,1.4,,,,,35.38,27.75,1.52,111.5,,0.0,,711.0,
2024-04-04 18:00:00,25.75,56.25,,,,,,0.8,42.56,0.65,2.65,,,,,33.85,29.5,1.23,103.75,,0.0,,711.5,
2024-04-04 19:00:00,22.25,48.75,,,,,,0.56,40.99,0.4,1.5,,,,,31.9,29.25,1.05,98.25,,0.0,,712.0,
2024-04-04 20:00:00,28.25,62.5,,,,,0.57,0.3,40.86,0.13,0.53,,,,,30.72,29.5,1.32,84.75,,0.0,,712.5,
2024-04-04 21:00:00,34.25,75.5,,,,,0.5,0.4,38.08,0.17,0.8,,,,,29.55,35.0,1.5,83.75,,0.0,,713.0,
2024-04-04 22:00:00,6.5,14.25,1.35,17.88,10.62,18.52,1.1,0.22,40.24,0.0,0.05,,,,,28.25,41.25,1.58,104.25,,0.0,,713.0,
2024-04-04 23:00:00,11.75,25.75,1.5,17.65,10.6,18.2,0.75,0.07,38.68,,,,,,,27.25,44.75,0.98,92.75,,0.0,,713.0,
2024-04-05 00:00:00,16.5,36.5,1.32,16.98,10.12,17.77,5.53,0.09,39.61,,,,,,,26.35,46.75,0.9,96.75,,0.0,,713.0,
2024-04-05 01:00:00,29.0,64.0,1.32,16.3,9.78,17.52,9.75,0.34,39.42,0.2,0.85,,,,,25.85,49.75,1.08,151.5,,0.0,,713.0,
2024-04-05 02:00:00,46.0,101.25,1.15,15.88,9.4,17.2,11.08,0.48,40.18,0.28,1.15,,,,,25.52,49.25,0.72,93.0,,0.0,,712.0,
2024-04-05 03:00:00,49.25,108.0,1.27,15.63,9.33,16.8,11.07,0.43,39.41,0.2,0.9,,,,,24.95,49.33,0.8,174.0,,0.0,,712.0,
2024-04-05 04:00:00,39.75,87.25,1.35,16.15,9.72,16.58,11.65,0.45,40.2,0.25,1.0,,,,,24.78,56.75,1.0,201.0,,0.0,,712.0,
2024-04-05 05:00:00,34.5,75.75,1.35,16.73,9.98,16.4,11.52,0.39,39.29,0.17,0.73,,,,,24.52,69.75,0.92,215.0,,0.0,,712.25,
2024-04-05 06:00:00,33.0,72.5,1.25,17.62,10.4,16.27,10.7,0.42,39.66,0.2,0.85,,,,,23.92,73.75,1.02,204.0,,0.0,,713.0,
2024-04-05 07:00:00,41.75,91.5,1.38,18.62,11.08,16.2,10.12,0.44,40.33,0.22,0.98,,,,,23.98,70.0,1.15,201.0,,0.0,,713.25,
2024-04-05 08:00:00,40.5,89.0,1.25,19.5,11.42,17.95,10.82,0.53,38.16,0.35,1.38,,,,,25.38,61.75,1.25,208.5,,0.0,,714.0,
2024-04-05 09:00:00,37.5,82.75,1.35,19.75,11.6,19.3,10.05,0.5,38.6,0.3,1.23,,,,,27.55,52.75,1.27,190.25,,0.0,,714.0,
2024-04-05 10:00:00,32.0,70.75,1.25,18.85,11.08,19.4,7.22,0.46,39.38,0.25,1.08,,,,,29.45,40.25,1.35,151.0,,0.0,,714.0,
2024-04-05 11:00:00,28.75,63.5,1.35,18.62,11.02,20.38,7.9,0.34,39.05,0.2,0.7,,,,,31.75,30.75,1.38,97.25,,0.0,,713.0,
2024-04-05 12:00:00,27.75,61.25,1.35,18.6,11.0,21.6,5.9,0.34,38.94,0.15,0.52,,,,,34.1,25.0,1.7,106.0,,0.0,,712.5,
2024-04-05 13:00:00,25.0,54.75,1.1,18.4,10.67,22.27,5.68,0.36,41.08,0.13,0.6,,,,,35.42,22.75,1.88,96.0,,0.0,,711.5,
2024-04-05 14:00:00,19.25,42.5,1.35,18.3,10.8,22.15,6.3,0.32,40.47,0.1,0.42,,,,,36.02,21.25,1.92,96.25,,0.0,,711.0,
2024-04-05 15:00:00,22.5,49.5,,,,,6.15,0.32,38.27,0.08,0.4,,,,,36.7,20.75,1.78,94.5,,0.0,,710.5,
2024-04-05 16:00:00,27.0,59.5,,,,,6.95,0.7,41.2,0.5,2.15,,,,,36.48,21.5,1.75,109.5,,0.0,,710.0,
2024-04-05 17:00:00,20.25,44.75,,,,,6.18,0.26,39.24,0.05,0.15,,,,,35.6,23.5,1.52,97.75,,0.0,,710.75,
2024-04-05 18:00:00,27.25,59.75,,,,,6.1,0.28,38.53,0.08,0.22,,,,,34.38,27.5,1.38,97.5,,0.0,,711.0,
2024-04-05 19:00:00,29.25,64.75,1.27,15.3,9.2,18.77,6.88,0.36,40.26,0.15,0.6,,,,,32.05,30.5,0.9,89.0,,0.0,,711.75,
2024-04-05 20:00:00,35.0,77.25,1.23,16.52,9.8,18.2,8.4,0.38,20.1,0.15,0.65,,,,,30.45,32.0,1.15,84.25,,0.0,,712.0,
2024-04-05 21:00:00,40.25,88.5,1.27,16.38,9.72,17.6,8.25,0.42,20.43,0.2,0.83,,,,,29.45,33.5,1.1,84.5,,0.0,,713.0,
2024-04-05 22:00:00,35.75,79.0,1.32,16.1,9.62,17.18,5.65,0.36,20.84,0.15,0.65,,,,,28.5,37.5,1.03,92.75,,0.0,,713.0,
2024-04-05 23:00:00,29.25,64.5,1.27,15.9,9.52,17.08,7.45,0.32,19.34,0.1,0.43,,,,,27.6,40.0,0.57,94.0,,0.0,,712.5,
2024-04-06 00:00:00,34.25,75.25,1.4,17.4,10.38,17.02,8.73,0.36,20.5,0.12,0.62,,,,,26.45,45.0,0.68,58.0,,0.0,,712.0,
2024-04-06 01:00:00,45.75,100.25,1.4,20.08,11.8,16.82,7.7,0.41,18.94,0.2,0.83,,,,,25.45,44.75,0.57,64.25,,0.0,,711.5,
2024-04-06 02:00:00,40.0,87.75,1.23,19.77,11.5,16.48,7.92,0.32,19.86,0.1,0.4,,,,,24.7,44.75,0.7,77.0,,0.0,,711.0,
2024-04-06 03:00:00,35.5,78.25,1.3,18.68,10.98,16.35,8.32,0.34,20.04,0.1,0.48,,,,,24.62,51.25,0.75,89.5,,0.0,,711.0,
2024-04-06 04:00:00,42.5,93.5,1.32,17.27,10.25,16.3,9.78,0.32,20.05,0.1,0.43,,,,,24.48,54.5,1.0,169.5,,0.0,,711.0,
2024-04-06 05:00:00,50.25,110.5,1.23,17.5,10.28,15.95,10.2,0.43,20.32,0.23,0.93,,,,,24.58,55.0,0.78,202.25,,0.0,,711.25,
2024-04-06 06:00:00,49.75,109.25,1.2,18.52,10.82,15.72,9.35,0.44,19.56,0.22,1.0,,,,,24.15,59.0,0.65,186.25,,0.0,,712.0,
2024-04-06 07:00:00,45.5,100.0,1.08,18.77,10.85,16.05,8.9,0.45,18.58,0.25,1.05,,,,,24.42,59.5,0.5,126.5,,0.0,,712.25,
2024-04-06 08:00:00,42.75,94.25,1.23,20.1,11.68,18.12,7.15,0.25,19.05,0.03,0.17,,,,,26.25,56.25,1.05,164.0,,0.0,,713.0,
2024-04-06 09:00:00,40.75,89.75,1.3,19.15,11.25,18.4,5.9,0.51,19.55,0.3,1.3,,,,,28.55,43.75,1.02,183.75,,0.0,,713.0,
2024-04-06 10:00:00,43.25,95.0,1.18,18.88,11.02,19.27,6.55,0.52,19.87,0.32,1.35,,,,,31.12,34.25,1.08,140.5,,0.0,,713.0,
2024-04-06 11:00:00,33.75,74.25,1.2,18.05,10.58,20.48,6.78,0.52,19.94,0.3,1.3,,,,,33.3,29.5,1.52,122.0,,0.0,,712.75,
2024-04-06 12:00:00,30.25,66.5,1.27,18.02,10.6,21.28,5.8,0.46,20.43,0.28,1.08,,,,,34.43,26.5,1.85,113.5,,0.0,,712.0,
2024-04-06 13:00:00,30.25,66.5,1.25,18.02,10.6,21.12,5.1,0.32,19.37,0.1,0.43,,,,,35.35,23.75,2.0,93.5,,0.0,,711.0,
2024-04-06 14:00:00,27.0,59.75,1.25,15.35,9.2,20.4,5.05,0.31,19.48,0.08,0.38,,,,,36.15,24.75,1.88,108.75,,0.0,,710.25,
2024-04-06 15:00:00,25.0,55.25,,,,,5.55,0.36,19.48,0.15,0.65,,,,,36.02,26.25,2.02,113.25,,0.0,,710.0,
2024-04-06 16:00:00,29.25,64.75,,,,,6.0,0.47,14.29,0.27,1.07,,,,,35.22,26.25,1.7,106.0,,0.0,,710.0,
2024-04-06 17:00:00,33.75,74.5,,,,,5.87,0.31,21.62,0.1,0.37,,,,,35.0,28.5,1.8,110.5,,0.0,,710.0,
2024-04-06 18:00:00,34.25,75.25,,,,,4.5,0.32,19.98,0.1,0.43,,,,,33.6,28.75,1.35,102.0,,0.0,,710.5,
2024-04-06 19:00:00,29.25,64.5,,,,,3.58,0.34,20.85,0.1,0.5,,,,,31.78,27.25,1.2,101.5,,0.0,,711.0,
2024-04-06 20:00:00,30.25,66.5,1.4,14.87,9.07,16.9,1.9,0.43,20.25,0.2,0.93,,,,,30.42,30.75,0.95,88.5,,0.0,,711.75,
2024-04-06 21:00:00,30.5,67.0,1.27,15.32,9.17,16.65,4.05,0.41,19.66,0.2,0.87,,,,,29.1,35.5,1.25,77.75,,0.0,,712.0,
2024-04-06 22:00:00,28.5,62.75,1.45,15.22,9.25,16.35,6.9,0.38,20.03,0.15,0.68,,,,,28.25,38.25,0.98,92.75,,0.0,,712.0,
2024-04-06 23:00:00,28.75,63.0,1.27,15.02,9.05,16.15,7.55,0.33,21.13,0.12,0.48,,,,,27.42,39.75,1.27,106.75,,0.0,,712.0,
2024-04-07 00:00:00,31.75,70.0,1.27,14.8,8.9,16.1,6.97,0.32,21.64,0.1,0.4,,,,,27.1,40.75,1.27,98.0,,0.0,,711.75,
2024-04-07 01:00:00,25.5,56.0,1.35,14.75,8.95,15.7,6.68,0.3,18.25,0.1,0.33,,,,,26.6,42.25,1.0,94.0,,0.0,,711.0,
2024-04-07 02:00:00,25.25,55.25,1.42,14.5,8.83,15.68,6.88,0.28,18.98,0.05,0.22,,,,,25.9,43.5,1.08,114.75,,0.0,,711.0,
2024-04-07 03:00:00,24.5,54.0,1.23,14.75,8.85,15.62,7.98,0.29,20.86,0.1,0.3,,,,,25.52,44.0,1.2,162.75,,0.0,,711.0,
2024-04-07 04:00:00,36.25,80.0,1.25,15.15,9.07,15.55,8.05,0.28,20.88,0.05,0.2,,,,,25.18,49.75,1.12,185.5,,0.0,,711.0,
2024-04-07 05:00:00,32.25,70.75,1.42,15.18,9.25,15.58,7.5,0.43,19.63,0.2,0.93,,,,,24.58,70.5,1.23,206.25,,0.0,,711.5,
2024-04-07 06:00:00,37.25,81.75,1.42,15.52,9.43,15.38,7.28,0.45,19.84,0.22,1.02,,,,,23.72,79.25,1.32,221.25,,0.0,,712.0,
2024-04-07 07:00:00,39.75,87.25,1.45,16.02,9.72,15.3,7.45,0.46,18.68,0.25,1.02,,,,,23.42,77.0,1.45,200.0,,0.0,,712.25,
2024-04-07 08:00:00,35.25,77.5,1.35,16.82,10.02,16.85,5.75,0.44,19.43,0.25,0.98,,,,,24.58,68.25,1.58,203.0,,0.0,,713.0,
2024-04-07 09:00:00,32.5,71.75,1.25,16.32,9.68,17.08,4.08,0.45,20.28,0.23,1.03,,,,,26.38,57.75,1.98,183.75,,0.0,,713.0,
2024-04-07 10:00:00,29.25,64.25,1.25,15.92,9.48,17.8,5.25,0.48,21.48,0.3,1.15,,,,,28.12,45.75,1.58,182.25,,0.0,,713.0,
2024-04-07 11:00:00,22.25,49.0,1.4,16.02,9.7,18.82,5.05,0.44,19.34,0.22,1.0,,,,,30.62,35.0,1.48,176.75,,0.0,,712.75,
2024-04-07 12:00:00,17.75,38.75,1.25,15.7,9.38,20.0,5.7,0.41,19.87,0.2,0.82,,,,,32.9,30.0,1.62,148.25,,0.0,,711.75,
2024-04-07 13:00:00,21.25,46.75,1.2,15.9,9.43,20.65,5.28,0.36,20.82,0.13,0.63,,,,,34.55,22.25,1.6,124.0,,0.0,,711.0,
2024-04-07 14:00:00,23.0,50.5,1.23,17.13,10.13,20.93,4.3,0.36,19.28,0.1,0.6,,,,,36.08,20.5,1.7,93.5,,0.0,,710.0,
2024-04-07 15:00:00,17.25,37.75,1.4,16.1,9.8,20.7,3.38,0.3,19.99,0.1,0.47,,,,,36.6,19.5,1.6,108.0,,0.0,,710.0,
2024-04-07 16:00:00,17.5,38.75,,,,,2.72,0.36,20.26,0.15,0.62,,,,,36.42,20.0,1.48,98.5,,0.0,,710.0,
2024-04-07 17:00:00,16.75,36.75,,,,,3.1,0.32,19.97,0.07,0.43,,,,,35.58,21.5,1.3,99.25,,0.0,,710.0,
2024-04-07 18:00:00,20.5,45.25,1.3,13.7,8.33,17.73,3.55,0.38,18.23,0.15,0.7,,,,,33.92,24.25,0.98,94.75,,0.0,,710.0,
2024-04-07 19:00:00,27.5,60.5,1.35,14.3,8.72,17.27,5.08,0.49,18.84,0.3,1.23,,,,,31.55,26.25,0.98,96.5,,0.0,,710.75,
2024-04-07 20:00:00,34.75,76.5,1.23,14.9,8.9,16.55,6.02,0.45,19.13,0.22,1.0,,,,,30.3,27.25,1.08,105.5,,0.0,,711.0,
2024-04-07 21:00:00,33.75,74.5,1.35,14.58,8.9,16.0,5.82,0.4,19.48,0.2,0.8,,,,,29.42,30.5,1.27,98.75,,0.0,,712.0,
2024-04-07 22:00:00,32.5,71.75,1.48,14.0,8.6,15.58,5.28,0.38,19.32,0.18,0.68,,,,,28.45,34.25,1.3,110.5,,0.0,,712.0,
2024-04-07 23:00:00,28.75,63.0,1.32,13.72,8.35,15.35,3.4,0.46,20.39,0.22,1.08,,,,,27.9,35.75,1.3,112.25,,0.0,,712.0,
2024-04-08 00:00:00,26.5,58.0,1.38,16.3,9.78,15.32,7.93,0.44,21.18,0.2,1.0,,,,,27.42,38.5,1.35,177.25,,0.0,,712.0,
2024-04-08 01:00:00,37.0,81.5,1.27,17.1,10.15,15.48,12.2,0.42,19.94,0.2,0.9,,,,,26.6,63.0,1.38,197.25,,0.0,,711.75,
2024-04-08 02:00:00,27.0,59.75,1.1,15.72,9.25,15.9,12.6,0.4,20.77,0.2,0.82,,,,,25.48,71.5,1.2,198.75,,0.0,,711.0,
2024-04-08 03:00:00,25.0,55.25,1.3,15.03,9.07,17.1,10.2,0.4,13.7,0.2,0.77,,,,,24.65,75.5,1.23,194.75,,0.0,,711.0,
2024-04-08 04:00:00,28.0,62.0,,,,,7.6,0.41,16.05,0.2,0.87,,,,,24.05,78.0,1.4,183.5,,0.0,,711.75,
2024-04-08 05:00:00,30.0,66.25,,,,,,0.17,9.15,0.1,0.2,,,,,23.5,79.0,1.1,205.25,,0.0,,712.0,
2024-04-08 06:00:00,36.0,79.0,,,,,,0.59,42.64,0.57,2.43,,,,,23.2,79.75,0.92,208.5,,0.0,,712.0,
2024-04-08 07:00:00,34.75,76.25,,,,,,0.97,23.36,0.85,3.45,,,,,23.58,74.0,1.0,210.75,,0.0,,713.0,
2024-04-08 08:00:00,33.25,73.0,,,,,8.53,0.5,19.01,0.3,1.23,,,,,25.28,61.75,1.38,217.0,,0.0,,713.0,
2024-04-08 09:00:00,35.75,78.75,,,,,9.07,0.48,19.15,0.3,1.2,,,,,27.5,50.75,1.27,190.75,,0.0,,713.25,
2024-04-08 10:00:00,22.0,48.75,,,,,9.23,0.38,20.06,0.2,0.68,,,,,29.55,36.75,1.32,190.0,,0.0,,713.0,
2024-04-08 11:00:00,20.0,44.25,,,,,8.62,0.33,20.43,0.1,0.5,,,,,31.58,33.75,1.4,172.75,,0.0,,713.0,
2024-04-08 12:00:00,22.75,50.25,,,,,8.7,0.18,19.82,0.0,0.2,,,,,33.08,28.5,1.58,127.75,,0.0,,712.5,
2024-04-08 13:00:00,22.5,49.25,,,,,9.07,0.55,20.93,0.33,1.47,,,,,34.55,26.0,1.42,106.25,,0.0,,711.75,
2024-04-08 14:00:00,24.0,53.0,,,,,,0.27,12.05,0.3,1.2,,,,,35.8,23.5,1.42,112.5,,0.0,,711.0,
2024-04-08 15:00:00,21.25,47.0,,,,,,0.56,44.51,0.35,1.5,,,,,36.38,24.0,1.78,109.5,,0.0,,711.0,
2024-04-08 16:00:00,14.75,32.75,,,,,,0.5,31.85,0.45,2.0,,,,,36.07,23.75,1.88,101.25,,0.0,,711.0,
2024-04-08 17:00:00,19.75,43.5,,,,,,0.3,19.68,0.1,0.33,,,,,35.02,25.5,1.85,108.25,,0.0,,711.0,
2024-04-08 18:00:00,18.25,40.25,,,,,8.5,0.18,20.22,,,,,,,33.3,28.0,1.82,97.0,,0.0,,711.5,
2024-04-08 19:00:00,19.5,42.75,,,,,9.07,0.14,21.22,,,,,,,31.1,32.0,1.65,91.25,,0.0,,712.0,
2024-04-08 20:00:00,28.5,62.75,,,,,9.68,0.44,20.27,0.22,1.0,,,,,29.62,37.25,1.85,92.75,,0.0,,712.5,
2024-04-08 21:00:00,27.0,59.5,1.35,12.5,7.75,15.65,12.6,0.3,19.4,0.07,0.33,,,,,28.55,40.25,1.72,95.5,,0.0,,713.0,
2024-04-08 22:00:00,32.5,71.25,1.27,12.55,7.7,15.45,13.02,0.26,22.2,0.1,0.3,,,,,27.58,42.5,1.6,94.5,,0.0,,713.0,
2024-04-08 23:00:00,24.0,52.5,1.25,12.45,7.65,15.35,12.4,0.2,19.11,0.0,0.1,,,,,26.7,43.75,1.6,95.25,,0.0,,713.0,
2024-04-09 00:00:00,28.25,62.25,1.2,12.18,7.42,14.95,8.0,0.3,19.5,0.05,0.35,,,,,25.9,45.0,1.6,107.5,,0.0,,713.0,
2024-04-09 01:00:00,26.0,57.5,1.23,12.38,7.58,14.72,5.92,0.25,18.87,0.0,0.07,,,,,25.1,43.0,1.45,106.25,,0.0,,712.0,
2024-04-09 02:00:00,29.75,65.5,1.4,12.5,7.75,14.35,6.38,0.24,19.4,0.0,0.1,,,,,24.35,41.25,1.7,121.75,,0.0,,712.0,
2024-04-09 03:00:00,15.0,33.25,1.32,12.85,7.93,14.02,9.88,0.2,18.43,,,,,,,23.72,46.25,1.42,110.5,,0.0,,712.0,
2024-04-09 04:00:00,18.5,41.0,1.3,13.1,8.0,14.3,12.05,0.15,19.87,,,,,,,23.02,51.25,0.92,92.0,,0.0,,712.0,
2024-04-09 05:00:00,19.5,43.0,1.3,13.08,8.0,14.38,11.88,0.28,20.75,0.07,0.23,,,,,22.4,58.0,1.12,108.25,,0.0,,712.0,
2024-04-09 06:00:00,19.75,43.75,1.12,12.88,7.78,14.28,10.07,0.31,20.1,0.08,0.38,,,,,21.98,64.0,0.92,78.0,,0.0,,712.5,
2024-04-09 07:00:00,28.5,62.75,1.32,13.12,8.07,14.38,11.92,0.4,20.16,0.2,0.8,,,,,22.2,60.5,1.2,93.75,,0.0,,713.0,
2024-04-09 08:00:00,38.0,83.75,1.27,13.95,8.48,14.95,14.98,0.4,19.36,0.2,0.8,,,,,24.4,59.25,1.45,138.25,,0.0,,714.0,
2024-04-09 09:00:00,33.75,74.25,1.3,14.35,8.7,15.8,14.85,0.45,18.9,0.27,1.07,,,,,26.0,53.0,1.48,138.5,,0.0,,714.0,
2024-04-09 10:00:00,31.25,68.75,1.32,14.1,8.57,16.6,14.15,0.44,19.32,0.2,0.95,,,,,27.72,42.0,1.7,127.5,,0.0,,714.0,
2024-04-09 11:00:00,34.75,76.5,1.27,13.52,8.2,17.52,12.7,0.42,19.45,0.2,0.9,,,,,29.62,40.0,1.72,125.5,,0.0,,713.5,
2024-04-09 12:00:00,35.25,77.75,1.18,12.8,7.75,18.2,9.0,0.42,18.16,0.2,0.88,,,,,30.92,36.0,1.8,98.75,,0.0,,713.0,
2024-04-09 13:00:00,36.0,79.25,1.2,13.75,8.3,18.75,4.8,0.4,19.42,0.2,0.77,,,,,32.15,32.75,1.85,122.75,,0.0,,712.25,
2024-04-09 14:00:00,26.0,57.0,1.35,15.85,9.52,19.38,3.72,0.4,20.08,0.2,0.75,,,,,33.17,29.5,1.6,114.75,,0.0,,712.0,
2024-04-09 15:00:00,22.25,49.25,1.25,15.2,9.1,19.3,3.6,0.38,20.9,0.2,0.68,,,,,34.08,30.5,1.5,101.75,,0.0,,711.0,
2024-04-09 16:00:00,21.25,46.75,,,,,3.55,0.38,17.98,0.2,0.7,,,,,34.22,31.25,1.65,92.0,,0.0,,711.0,
2024-04-09 17:00:00,25.5,56.0,,,,,4.23,0.42,15.89,0.2,0.87,,,,,33.7,32.25,1.38,101.25,,0.0,,711.0,
2024-04-09 18:00:00,27.75,60.75,,,,,3.37,0.56,21.25,0.38,1.55,,,,,32.3,36.0,1.58,104.5,,0.0,,711.0,
2024-04-09 19:00:00,30.0,66.0,,,,,3.02,0.46,19.87,0.27,1.07,,,,,30.4,41.25,1.75,102.75,,0.0,,712.0,
2024-04-09 20:00:00,30.25,66.5,1.2,12.7,7.7,17.0,2.58,0.34,19.55,0.12,0.5,,,,,28.92,45.0,1.6,99.75,,0.0,,712.75,
2024-04-09 21:00:00,31.75,69.75,1.35,12.32,7.65,16.65,3.75,0.39,20.8,0.2,0.73,,,,,27.85,48.0,1.62,98.25,,0.0,,713.25,
2024-04-09 22:00:00,35.0,77.25,1.2,11.7,7.2,16.23,6.52,0.36,19.86,0.18,0.62,,,,,26.88,52.25,1.6,91.0,,0.0,,714.0,
2024-04-09 23:00:00,37.0,81.75,1.32,11.38,7.12,15.68,7.1,0.34,18.82,0.1,0.5,,,,,26.0,57.0,1.4,98.25,,0.0,,713.0,
2024-04-10 00:00:00,34.0,75.0,1.35,11.12,7.0,15.22,7.03,0.31,18.7,0.1,0.38,,,,,25.15,62.5,1.3,96.0,,0.0,,713.0,
2024-04-10 01:00:00,32.5,71.75,1.3,11.15,7.0,14.88,8.3,0.29,20.29,0.07,0.27,,,,,24.17,68.0,1.48,92.75,,0.0,,712.75,
2024-04-10 02:00:00,28.75,63.5,1.25,10.78,6.72,14.38,7.65,0.26,18.92,0.0,0.12,,,,,23.3,72.5,1.25,81.25,,0.0,,712.0,
2024-04-10 03:00:00,31.0,68.0,1.27,10.68,6.75,13.98,7.6,0.26,18.94,0.0,0.15,,,,,22.52,75.5,1.4,84.75,,0.0,,712.0,
2024-04-10 04:00:00,33.75,74.0,1.3,10.7,6.75,13.58,7.98,0.29,20.14,0.08,0.28,,,,,21.82,79.5,1.08,76.0,,0.0,,712.0,
2024-04-10 05:00:00,44.25,97.0,1.45,11.1,7.1,13.15,7.8,0.3,20.03,0.1,0.3,,,,,21.15,82.25,0.95,97.5,,0.0,,712.75,
2024-04-10 06:00:00,50.75,111.5,1.2,11.25,6.92,12.85,8.0,0.3,19.72,0.1,0.32,,,,,20.68,82.0,0.92,81.0,,0.0,,713.0,
2024-04-10 07:00:00,50.5,111.0,1.25,11.85,7.35,12.72,8.75,0.32,18.87,0.1,0.42,,,,,21.0,76.5,0.92,106.0,,0.0,,713.75,
2024-04-10 08:00:00,50.0,109.75,1.32,12.38,7.68,13.18,9.18,0.34,20.43,0.12,0.52,,,,,22.9,63.25,1.05,107.5,,0.0,,714.0,
2024-04-10 09:00:00,43.0,94.75,1.35,12.9,7.95,13.92,7.7,0.39,19.5,0.2,0.7,,,,,25.78,48.25,1.25,99.0,,0.0,,714.0,
2024-04-10 10:00:00,40.0,88.0,1.4,12.92,8.0,15.1,5.95,0.37,20.8,0.18,0.65,,,,,28.68,36.75,1.8,98.5,,0.0,,714.0,
2024-04-10 11:00:00,37.75,83.0,1.35,12.75,7.88,16.12,7.08,0.36,19.44,0.15,0.6,,,,,30.7,33.25,1.88,107.5,,0.0,,713.5,
2024-04-10 12:00:00,30.0,65.75,1.32,13.0,8.0,17.08,6.3,0.35,20.41,0.12,0.57,,,,,31.9,29.25,1.78,105.25,,0.0,,713.0,
2024-04-10 13:00:00,26.5,58.0,1.5,14.0,8.7,17.6,6.17,0.28,13.14,0.05,0.2,,,,,33.12,28.75,1.82,101.0,,0.0,,712.0,
2024-04-10 14:00:00,26.5,58.25,,,,,,0.24,6.82,0.0,0.2,,,,,34.15,28.0,1.85,96.0,,0.0,,711.75,
2024-04-10 15:00:00,26.5,58.25,,,,,,0.51,69.31,0.33,1.33,,,,,34.42,26.25,1.7,94.0,,0.0,,711.0,
2024-04-10 16:00:00,15.25,33.75,,,,,,0.53,43.28,0.3,1.4,,,,,34.72,26.0,1.6,111.5,,0.0,,711.0,
2024-04-10 17:00:00,22.75,49.75,,,,,4.8,0.27,21.2,0.07,0.2,,,,,34.12,30.5,1.4,107.75,,0.0,,711.0,
2024-04-10 18:00:00,27.0,59.5,,,,,5.3,0.24,20.08,0.0,0.13,,,,,32.45,36.25,1.42,110.5,,0.0,,711.25,
2024-04-10 19:00:00,32.5,71.75,,,,,4.68,0.21,20.07,0.0,0.0,,,,,30.45,39.75,1.75,103.0,,0.0,,712.0,
2024-04-10 20:00:00,28.0,61.5,1.35,11.8,7.4,10.75,4.6,0.21,20.37,0.1,0.25,,,,,29.08,43.25,1.72,101.25,,0.0,,712.5,
2024-04-10 21:00:00,20.0,44.25,1.38,11.62,7.3,11.42,4.85,0.43,18.68,0.2,0.9,,,,,27.8,49.25,1.6,88.5,,0.0,,713.0,
2024-04-10 22:00:00,23.0,51.0,1.32,11.4,7.15,11.9,4.68,0.36,19.98,0.15,0.57,,,,,26.7,52.25,1.65,104.75,,0.0,,713.5,
2024-04-10 23:00:00,23.5,52.0,1.38,11.12,7.02,12.0,4.92,0.32,20.2,0.1,0.43,,,,,25.85,62.5,1.65,111.75,,0.0,,713.0,
2024-04-11 00:00:00,26.0,57.25,1.38,10.5,6.7,12.22,6.7,0.26,20.75,0.03,0.2,,,,,24.88,68.0,1.58,92.75,,0.0,,713.0,
2024-04-11 01:00:00,30.0,66.25,1.25,10.15,6.4,11.98,6.25,0.28,19.22,0.07,0.23,,,,,23.98,72.0,1.5,100.5,,0.0,,713.0,
2024-04-11 02:00:00,35.0,77.25,1.3,10.32,6.55,11.38,7.1,0.33,21.58,0.12,0.5,,,,,23.12,76.0,1.55,104.0,,0.0,,712.0,
2024-04-11 03:00:00,36.75,80.75,1.27,10.12,6.4,10.95,6.7,0.22,17.64,0.05,0.2,,,,,22.45,78.0,1.32,97.5,,0.0,,712.0,
2024-04-11 04:00:00,24.0,53.0,1.33,10.13,6.47,10.43,7.17,0.2,19.28,0.1,0.2,,,,,22.0,76.33,0.97,81.33,,0.0,,712.0,
2024-04-11 05:00:00,,,,,,,,,,,,,,,,,,,,,0.0,,,
2024-04-11 06:00:00,,,,,,,,,,,,,,,,,,,,,0.0,,,
2024-04-11 07:00:00,24.0,53.0,,,,,,,,,,,,,,22.0,,,,,0.0,,,
2024-04-11 08:00:00,,,,,,,14.1,0.23,21.51,,,,,,,23.93,54.33,1.27,146.33,,0.0,,714.0,
2024-04-11 09:00:00,,,1.02,7.57,4.85,9.07,14.6,0.18,18.15,0.1,0.3,,,,,26.0,44.25,1.38,125.75,,0.0,,714.0,
2024-04-11 10:00:00,,,1.25,9.3,5.98,11.95,16.6,0.03,17.9,,,,,,,28.25,38.0,1.65,131.25,,0.0,,714.0,
2024-04-11 11:00:00,,,1.15,8.38,5.38,12.6,16.15,0.36,19.36,0.15,0.6,,,,,30.05,34.0,1.8,108.75,,0.0,,714.0,
2024-04-11 12:00:00,34.0,74.5,1.32,8.28,5.48,13.62,14.5,0.45,20.19,0.25,1.0,,,,,31.78,32.0,1.68,107.75,,0.0,,713.0,
2024-04-11 13:00:00,,,,,,,,,,,,,,,,,,,,,0.0,,,
2024-04-11 14:00:00,,,,,,,,,,,,,,,,,,,,,0.0,,,
2024-04-11 15:00:00,,,,,,,,,,,,,,,,,,,,,0.0,,,
2024-04-11 16:00:00,,,,,,,,,,,,,,,,,,,,,0.0,,,
2024-04-11 17:00:00,,,,,,,,,,,,,,,,,,,,,0.0,,,
2024-04-11 18:00:00,,,,,,,,,,,,,,,,,,,,,0.0,,,
2024-04-11 19:00:00,,,,,,,,,,,,,,,,,,,,,0.0,,,
2024-04-11 20:00:00,,,,,,,,,,,,,,,,,,,,,0.0,,,
2024-04-11 21:00:00,,,,,,,,,,,,,,,,,,,,,0.0,,,
2024-04-11 22:00:00,,,,,,,,,,,,,,,,,,,,,0.0,,,
2024-04-11 23:00:00,,,,,,,,,,,,,,,,,,,,,0.0,,,
2024-04-12 00:00:00,,,,,,,,,,,,,,,,,,,,,0.0,,,
2024-04-12 01:00:00,,,,,,,,,,,,,,,,,,,,,0.0,,,
2024-04-12 02:00:00,,,,,,,,,,,,,,,,,,,,,0.0,,,
2024-04-12 03:00:00,,,,,,,,,,,,,,,,,,,,,0.0,,,
2024-04-12 04:00:00,,,,,,,,,,,,,,,,,,,,,0.0,,,
2024-04-12 05:00:00,,,,,,,,,,,,,,,,,,,,,0.0,,,
2024-04-12 06:00:00,,,,,,,,,,,,,,,,,,,,,0.0,,,
2024-04-12 07:00:00,,,,,,,,,,,,,,,,,,,,,0.0,,,
2024-04-12 08:00:00,,,,,,,,,,,,,,,,,,,,,0.0,,,
2024-04-12 09:00:00,18.0,39.5,1.25,8.45,5.5,12.8,0.85,0.37,19.52,0.15,0.65,,,,,25.95,58.0,1.9,104.0,,0.0,,714.0,
2024-04-12 10:00:00,13.75,30.5,1.15,8.6,5.48,13.08,1.4,0.38,21.56,0.2,0.7,,,,,27.2,53.75,1.8,111.75,,0.0,,714.0,
2024-04-12 11:00:00,14.75,32.75,1.18,8.72,5.62,13.7,0.95,0.4,25.16,0.2,0.75,,,,,28.78,47.25,1.7,113.75,,0.0,,714.0,
2024-04-12 12:00:00,,,,,,,,,,,,,,,,,,,,,0.0,,,
2024-04-12 13:00:00,,,,,,,,,,,,,,,,,,,,,0.0,,,
2024-04-12 14:00:00,,,,,,,,,,,,,,,,,,,,,0.0,,,
2024-04-12 15:00:00,18.0,39.5,,,,,,0.41,25.38,0.2,0.8,,,,,33.25,35.0,1.3,116.0,,0.0,,711.0,
2024-04-12 16:00:00,17.25,37.75,,,,,,0.54,24.01,0.35,1.42,,,,,33.43,34.25,1.4,101.25,,0.0,,711.0,
2024-04-12 17:00:00,15.75,35.0,,,,,,0.36,24.22,0.13,0.6,,,,,33.78,34.75,1.58,84.5,,0.0,,711.0,
2024-04-12 18:00:00,11.0,24.25,,,,,,0.38,25.2,0.2,0.72,,,,,32.28,38.0,1.55,90.75,,0.0,,711.5,
2024-04-12 19:00:00,18.75,41.0,,,,,,0.38,25.2,0.2,0.7,,,,,30.32,42.75,1.88,97.5,,0.0,,712.25,
2024-04-12 20:00:00,22.5,49.75,,,,,,0.34,26.12,0.12,0.55,,,,,28.88,45.5,1.78,101.5,,0.0,,713.0,
2024-04-12 21:00:00,18.5,41.0,1.35,9.55,6.18,13.68,,0.18,24.5,0.1,0.3,,,,,27.65,49.75,1.62,91.0,,0.0,,713.75,
2024-04-12 22:00:00,18.25,40.25,1.32,8.8,5.78,13.48,,0.23,24.76,0.0,0.03,,,,,26.6,63.0,1.82,104.75,,0.0,,713.5,
2024-04-12 23:00:00,11.75,26.25,1.3,7.92,5.28,13.2,4.15,0.21,21.12,0.0,0.0,,,,,25.4,71.5,1.82,100.5,,0.0,,713.75,
2024-04-13 00:00:00,7.75,17.25,1.23,7.2,4.85,12.85,6.73,0.21,20.42,,,,,,,24.25,73.75,1.85,112.75,,0.0,,713.0,
2024-04-13 01:00:00,7.0,15.0,1.4,7.15,4.95,12.4,5.32,0.33,19.78,0.1,0.43,,,,,23.38,73.75,1.52,103.5,,0.0,,713.0,
2024-04-13 02:00:00,8.25,17.75,1.38,7.35,5.03,11.98,5.85,0.33,19.74,0.1,0.45,,,,,22.88,75.0,1.52,109.0,,0.0,,713.0,
2024-04-13 03:00:00,13.5,29.5,1.45,7.2,4.97,11.72,8.82,0.3,19.8,0.1,0.3,,,,,22.45,76.0,1.38,96.25,,0.0,,713.0,
2024-04-13 04:00:00,25.5,56.5,1.48,7.52,5.18,11.48,9.05,0.29,20.4,0.1,0.28,,,,,22.25,77.0,1.2,104.0,,0.0,,713.0,
2024-04-13 05:00:00,42.0,92.75,1.27,7.95,5.28,11.38,10.8,0.4,20.65,0.2,0.8,,,,,22.05,78.5,0.98,84.75,,0.0,,713.0,
2024-04-13 06:00:00,25.25,55.75,1.32,8.28,5.5,11.32,10.28,0.44,20.05,0.22,0.95,,,,,21.88,79.5,0.95,78.5,,0.0,,713.25,
2024-04-13 07:00:00,32.0,70.5,1.45,9.32,6.15,11.28,11.0,0.46,20.01,0.28,1.05,,,,,22.22,74.0,1.08,111.5,,0.0,,714.0,
2024-04-13 08:00:00,36.5,80.25,1.3,10.45,6.6,11.52,8.62,0.47,19.56,0.28,1.12,,,,,23.98,63.25,1.48,130.75,,0.0,,714.25,
2024-04-13 09:00:00,24.0,53.0,1.3,10.65,6.72,12.1,9.35,0.4,19.29,0.2,0.77,,,,,25.88,55.75,1.58,132.0,,0.0,,714.75,
2024-04-13 10:00:00,27.25,59.75,1.15,10.52,6.55,12.82,9.8,0.4,19.16,0.2,0.78,,,,,27.75,48.5,1.52,136.75,,0.0,,715.0,
2024-04-13 11:00:00,26.5,58.5,1.32,10.52,6.7,13.35,9.22,0.39,19.48,0.2,0.78,,,,,29.63,42.75,1.5,109.25,,0.0,,714.0,
2024-04-13 12:00:00,23.75,52.0,,,,,7.65,0.38,19.26,0.18,0.7,,,,,30.85,39.5,1.82,89.25,,0.0,,713.5,
2024-04-13 13:00:00,32.25,71.0,,,,,7.45,0.26,19.98,0.03,0.13,,,,,31.7,34.75,1.62,107.25,,0.0,,712.75,
2024-04-13 14:00:00,38.75,85.0,,,,,8.45,0.33,20.77,0.1,0.45,,,,,33.1,31.0,1.7,124.5,,0.0,,712.0,
2024-04-13 15:00:00,29.0,64.0,,,,,6.15,0.37,20.68,0.18,0.62,,,,,33.7,32.25,1.78,96.5,,0.0,,711.75,
2024-04-13 16:00:00,28.75,63.5,,,,,6.05,0.38,19.82,0.18,0.65,,,,,33.53,33.75,1.58,112.25,,0.0,,711.0,
2024-04-13 17:00:00,29.25,64.75,,,,,5.05,0.25,20.68,0.0,0.1,,,,,32.6,36.75,1.7,103.25,,0.0,,711.0,
2024-04-13 18:00:00,33.0,73.0,,,,,5.3,0.23,19.97,0.0,0.1,,,,,30.95,40.25,1.78,105.25,,0.0,,712.0,
2024-04-13 19:00:00,29.25,64.75,,,,,3.5,0.26,20.26,0.03,0.17,,,,,29.33,42.5,1.6,102.0,,0.0,,712.25,
2024-04-13 20:00:00,18.0,40.0,,,,,1.58,0.26,18.63,0.02,0.12,,,,,28.3,45.0,1.65,107.75,,0.0,,713.25,
2024-04-13 21:00:00,19.0,42.0,,,,,3.22,0.4,19.87,0.2,0.77,,,,,27.5,50.0,1.65,95.75,,0.0,,714.0,
2024-04-13 22:00:00,21.5,47.0,1.38,8.57,5.68,12.68,2.9,0.38,19.9,0.18,0.7,,,,,26.72,53.0,1.65,104.5,,0.0,,714.0,
2024-04-13 23:00:00,21.0,46.25,1.38,7.88,5.3,12.4,2.35,0.36,20.43,0.12,0.57,,,,,25.95,55.75,1.58,112.5,,0.0,,714.0,
2024-04-14 00:00:00,23.75,52.5,1.4,7.85,5.35,12.02,5.6,0.34,20.32,0.12,0.52,,,,,25.02,57.75,1.42,103.5,,0.0,,713.75,
2024-04-14 01:00:00,21.5,47.5,1.2,7.72,5.1,11.85,8.12,0.34,19.81,0.1,0.53,,,,,24.3,61.0,1.25,102.75,,0.0,,713.0,
2024-04-14 02:00:00,20.0,43.75,1.35,7.62,5.18,11.65,7.75,0.5,19.46,0.32,1.27,,,,,23.55,63.25,1.02,104.5,,0.0,,712.5,
2024-04-14 03:00:00,28.5,62.75,1.2,7.85,5.18,11.38,6.95,0.36,19.74,0.15,0.6,,,,,22.98,65.25,1.08,90.5,,0.0,,712.75,
2024-04-14 04:00:00,26.25,57.5,1.32,8.28,5.48,11.3,8.4,0.35,19.55,0.1,0.55,,,,,22.5,65.75,0.88,123.75,,0.0,,713.0,
2024-04-14 05:00:00,25.25,55.75,1.3,9.68,6.22,11.1,7.25,0.34,19.85,0.13,0.5,,,,,22.2,64.0,0.82,144.75,,0.0,,713.0,
2024-04-14 06:00:00,27.75,61.25,1.25,9.22,5.92,11.18,6.68,0.28,20.43,0.08,0.25,,,,,22.22,61.5,0.78,100.75,,0.0,,713.75,
2024-04-14 07:00:00,26.25,58.0,1.1,9.2,5.78,11.1,7.25,0.32,19.9,0.1,0.4,,,,,22.9,54.75,0.8,101.25,,0.0,,714.0,
2024-04-14 08:00:00,33.0,73.0,1.3,10.2,6.5,11.42,7.78,0.31,19.51,0.1,0.38,,,,,25.3,46.5,0.9,109.0,,0.0,,715.0,
2024-04-14 09:00:00,31.5,69.5,1.27,10.4,6.6,12.25,7.85,0.33,20.39,0.1,0.5,,,,,27.52,41.25,1.23,115.25,,0.0,,715.0,
2024-04-14 10:00:00,26.0,57.0,1.25,9.45,6.05,12.8,7.8,0.35,19.58,0.12,0.55,,,,,29.2,38.75,1.38,113.5,,0.0,,715.0,
2024-04-14 11:00:00,21.5,47.5,,,,,5.6,0.34,18.95,0.1,0.5,,,,,30.67,34.75,1.45,114.5,,0.0,,714.75,
2024-04-14 12:00:00,18.5,40.5,,,,,5.65,0.36,20.4,0.12,0.57,,,,,31.8,32.5,1.6,124.0,,0.0,,714.0,
2024-04-14 13:00:00,22.75,50.25,,,,,5.92,0.3,19.57,0.1,0.33,,,,,32.8,30.5,1.92,109.0,,0.0,,713.0,
2024-04-14 14:00:00,21.5,47.0,,,,,,0.28,20.33,0.08,0.25,,,,,33.25,29.75,1.72,102.0,,0.0,,712.0,
2024-04-14 15:00:00,21.0,46.25,,,,,,0.26,20.52,0.02,0.12,,,,,33.9,27.25,1.6,117.75,,0.0,,712.0,
2024-04-14 16:00:00,22.75,50.25,,,,,,0.26,20.47,0.07,0.23,,,,,34.42,26.0,1.5,100.25,,0.0,,711.75,
2024-04-14 17:00:00,18.5,40.75,,,,,,0.32,20.13,0.1,0.43,,,,,33.85,27.5,1.55,87.25,,0.0,,712.0,
2024-04-14 18:00:00,18.25,39.75,,,,,,0.36,19.4,0.15,0.57,,,,,32.2,33.0,1.5,87.75,,0.0,,712.25,
2024-04-14 19:00:00,24.75,54.25,,,,,,0.42,20.02,0.2,0.9,,,,,30.05,35.25,1.52,85.5,,0.0,,713.0,
2024-04-14 20:00:00,33.0,73.0,,,,,,0.43,19.89,0.22,0.92,,,,,28.72,39.25,1.48,95.25,,0.0,,713.5,
2024-04-14 21:00:00,34.25,75.75,,,,,,0.33,20.72,0.1,0.47,,,,,27.65,43.5,1.55,93.25,,0.0,,714.0,
2024-04-14 22:00:00,35.75,79.0,,,,,5.48,0.31,19.95,0.1,0.38,,,,,26.67,50.25,1.6,89.75,,0.0,,714.0,
2024-04-14 23:00:00,29.25,64.5,,,,,5.45,0.27,20.53,0.07,0.3,,,,,25.75,55.5,1.32,100.25,,0.0,,714.0,
2024-04-15 00:00:00,28.75,63.25,1.43,7.63,5.23,11.9,5.87,0.5,20.37,0.32,1.27,,,,,24.8,58.5,1.32,88.0,,0.0,,714.0,
2024-04-15 01:00:00,25.75,56.75,1.18,8.02,5.22,11.45,5.85,0.4,19.94,0.2,0.77,,,,,23.95,61.5,1.23,91.0,,0.0,,713.5,
2024-04-15 02:00:00,27.75,61.25,1.32,8.28,5.48,11.42,5.85,0.38,19.43,0.2,0.68,,,,,23.02,63.25,0.92,88.75,,0.0,,713.0,
2024-04-15 03:00:00,26.0,57.0,1.38,8.07,5.38,11.3,5.42,0.32,20.36,0.1,0.42,,,,,22.35,65.5,0.9,82.25,,0.0,,713.0,
2024-04-15 04:00:00,24.25,53.75,1.45,8.12,5.52,11.15,5.18,0.33,20.47,0.12,0.45,,,,,21.75,68.75,0.9,85.75,,0.0,,713.0,
2024-04-15 05:00:00,28.25,62.5,1.48,8.07,5.5,11.1,4.55,0.32,20.22,0.1,0.4,,,,,21.25,69.75,0.98,86.0,,0.0,,713.75,
2024-04-15 06:00:00,29.0,64.0,1.27,8.8,5.72,11.02,3.15,0.36,20.24,0.12,0.57,,,,,21.1,71.25,0.78,87.25,,0.0,,714.0,
2024-04-15 07:00:00,27.25,60.0,1.2,9.52,6.05,10.98,2.82,0.35,20.05,0.1,0.55,,,,,21.8,61.0,1.05,95.5,,0.0,,714.5,
2024-04-15 08:00:00,22.25,48.75,1.12,8.9,5.68,11.5,3.52,0.34,25.22,0.1,0.55,,,,,24.55,48.5,1.38,111.75,,0.0,,715.0,
2024-04-15 09:00:00,22.0,48.75,1.15,8.5,5.4,11.9,4.58,0.33,25.21,0.1,0.47,,,,,26.98,40.5,1.78,116.0,,0.0,,715.0,
2024-04-15 10:00:00,17.5,38.75,,,,,5.32,0.36,23.17,0.18,0.62,,,,,28.85,36.0,2.0,105.5,,0.0,,715.0,
2024-04-15 11:00:00,15.25,33.75,,,,,4.9,0.36,24.04,0.15,0.6,,,,,30.42,34.0,2.15,112.25,,0.0,,715.0,
2024-04-15 12:00:00,20.75,45.25,,,,,,0.35,25.08,0.15,0.55,,,,,31.5,31.0,1.98,105.5,,0.0,,714.0,
2024-04-15 13:00:00,16.75,36.5,,,,,,0.25,26.5,0.1,0.3,,,,,33.08,29.25,1.85,107.5,,0.0,,713.25,
2024-04-15 14:00:00,17.75,39.0,,,,,,0.1,25.05,,,,,,,34.38,26.75,1.92,107.5,,0.0,,712.5,
2024-04-15 15:00:00,23.25,51.5,,,,,,0.19,25.08,0.0,0.05,,,,,34.92,27.75,1.9,97.0,,0.0,,712.0,
2024-04-15 16:00:00,22.75,50.25,,,,,,0.18,25.06,,,,,,,34.8,30.0,1.95,98.25,,0.0,,712.0,
2024-04-15 17:00:00,20.0,44.25,,,,,,0.39,25.99,0.2,0.77,,,,,33.95,29.0,1.78,90.75,,0.0,,712.0,
2024-04-15 18:00:00,22.25,49.25,,,,,,0.44,24.22,0.25,1.0,,,,,32.58,35.75,1.9,104.5,,0.0,,712.75,
2024-04-15 19:00:00,20.75,45.75,,,,,,0.57,25.4,0.38,1.6,,,,,30.3,40.25,1.6,103.25,,0.0,,713.0,
2024-04-15 20:00:00,23.25,51.5,,,,,,0.52,25.19,0.32,1.32,,,,,28.83,43.0,1.5,96.5,,0.0,,714.0,
2024-04-15 21:00:00,22.5,49.75,,,,,,0.3,24.59,0.1,0.33,,,,,27.78,46.25,1.3,104.25,,0.0,,714.5,
2024-04-15 22:00:00,20.25,44.75,,,,,,0.31,24.26,0.1,0.38,,,,,26.83,50.0,1.35,100.0,,0.0,,715.0,
2024-04-15 23:00:00,24.5,53.5,,,,,2.7,0.26,25.64,0.02,0.12,,,,,25.72,58.5,1.48,108.0,,0.0,,714.75,
2024-04-16 00:00:00,17.0,37.0,,,,,4.9,0.24,25.29,0.0,0.1,,,,,24.65,64.5,1.15,95.25,,0.0,,714.0,
2024-04-16 01:00:00,18.25,39.75,,,,,6.52,0.28,24.57,0.07,0.27,,,,,23.7,67.0,1.05,78.0,,0.0,,714.0,
2024-04-16 02:00:00,20.5,44.75,1.13,7.47,4.87,11.27,6.22,0.26,24.92,0.0,0.12,,,,,22.98,64.25,0.82,91.0,,0.0,,713.0,
2024-04-16 03:00:00,15.0,32.75,1.27,7.48,5.0,10.88,6.32,0.24,25.39,0.0,0.05,,,,,22.52,61.5,0.85,86.25,,0.0,,713.0,
2024-04-16 04:00:00,14.5,31.5,1.15,8.55,5.48,10.65,6.9,0.26,25.0,0.02,0.15,,,,,22.18,67.0,0.7,64.75,,0.0,,713.0,
2024-04-16 05:00:00,23.5,51.5,1.3,10.68,6.72,10.6,6.68,0.36,24.45,0.13,0.6,,,,,21.65,71.5,0.6,72.0,,0.0,,713.0,
2024-04-16 06:00:00,30.5,67.5,1.38,14.0,8.57,10.5,7.32,0.44,24.16,0.2,0.95,,,,,21.22,71.25,0.68,49.0,,0.0,,713.5,
2024-04-16 07:00:00,36.75,81.25,,,,,7.52,0.47,22.49,0.25,1.1,,,,,22.0,58.5,0.68,99.5,,0.0,,714.0,
2024-04-16 08:00:00,29.5,65.25,,,,,6.45,0.4,24.35,0.2,0.82,,,,,24.88,42.0,1.08,98.5,,0.0,,714.0,
2024-04-16 09:00:00,18.25,40.25,,,,,5.3,0.4,20.46,0.2,0.8,,,,,27.68,35.25,1.38,104.0,,0.0,,714.0,
2024-04-16 10:00:00,15.5,34.0,,,,,,0.35,24.02,0.12,0.52,,,,,29.6,29.75,1.45,103.0,,0.0,,714.0,
2024-04-16 11:00:00,15.25,33.75,,,,,,0.29,25.0,0.1,0.28,,,,,31.55,25.0,1.48,118.25,,0.0,,714.0,
2024-04-16 12:00:00,17.5,38.75,,,,,,0.26,25.44,0.07,0.23,,,,,33.2,23.0,1.72,113.0,,0.0,,713.0,
2024-04-16 13:00:00,13.75,30.5,,,,,,0.37,23.96,0.17,0.67,,,,,34.35,23.25,1.83,99.0,,0.0,,712.25,
2024-04-16 14:00:00,16.25,35.5,,,,,,0.36,24.65,0.15,0.6,,,,,35.22,24.0,1.62,109.5,,0.0,,711.75,
2024-04-16 15:00:00,17.0,37.0,,,,,,0.27,21.07,0.2,0.6,,,,,35.62,23.75,1.75,99.25,,0.0,,711.0,
2024-04-16 16:00:00,17.5,38.25,,,,,,0.35,32.17,0.13,0.53,,,,,35.58,23.0,1.68,109.0,,0.0,,711.0,
2024-04-16 17:00:00,17.75,39.25,,,,,,0.29,25.8,0.1,0.3,,,,,34.83,25.5,1.55,121.75,,0.0,,711.5,
2024-04-16 18:00:00,15.25,33.75,,,,,,0.32,25.87,0.1,0.4,,,,,33.15,28.25,1.4,105.0,,0.0,,712.0,
2024-04-16 19:00:00,21.5,47.5,,,,,6.63,0.7,25.26,0.52,2.17,,,,,31.2,30.0,1.23,108.75,,0.0,,712.5,
2024-04-16 20:00:00,29.0,64.0,,,,,5.3,0.34,25.08,0.1,0.53,,,,,29.98,32.25,1.18,90.75,,0.0,,713.0,
2024-04-16 21:00:00,29.5,65.0,1.48,7.93,5.43,8.3,8.48,0.37,27.42,0.13,0.67,,,,,28.67,35.5,1.12,86.0,,0.0,,713.5,
2024-04-16 22:00:00,33.0,72.5,1.5,6.98,4.92,8.12,10.68,0.3,25.19,0.08,0.3,,,,,27.78,40.75,1.4,97.75,,0.0,,714.0,
2024-04-16 23:00:00,42.5,93.75,1.3,5.72,4.1,8.35,14.42,0.24,24.05,0.0,0.1,,,,,26.92,44.25,1.18,89.25,,0.0,,713.0,
2024-04-17 00:00:00,50.0,110.25,1.42,5.92,4.32,8.2,13.37,0.22,26.78,0.0,0.0,,,,,26.25,45.75,0.98,90.0,,0.0,,713.0,
2024-04-17 01:00:00,38.25,84.0,1.25,6.98,4.75,7.95,9.45,0.3,24.06,0.1,0.33,,,,,25.75,47.5,1.0,116.25,,0.0,,712.5,
2024-04-17 02:00:00,30.25,66.5,1.25,7.12,4.8,8.02,8.4,0.3,25.4,0.1,0.32,,,,,25.5,50.75,0.9,109.75,,0.0,,712.0,
2024-04-17 03:00:00,32.0,70.25,1.42,7.68,5.22,8.15,8.3,0.32,25.02,0.1,0.4,,,,,25.05,53.0,0.88,144.0,,0.0,,712.0,
2024-04-17 04:00:00,36.0,79.25,1.27,9.38,6.0,8.02,9.4,0.34,25.13,0.12,0.55,,,,,24.6,52.75,1.02,143.75,,0.0,,712.0,
2024-04-17 05:00:00,41.75,92.0,1.38,11.8,7.38,7.75,10.35,0.38,24.92,0.2,0.7,,,,,24.5,56.75,1.15,178.0,,0.0,,712.0,
2024-04-17 06:00:00,47.25,104.0,1.38,11.22,7.1,7.6,8.28,0.41,25.88,0.2,0.85,,,,,24.15,63.75,1.58,172.5,,0.0,,712.75,
2024-04-17 07:00:00,39.25,86.5,1.38,11.9,7.45,7.8,6.38,0.46,24.74,0.25,1.05,,,,,24.18,68.25,1.45,190.5,,0.0,,713.0,
2024-04-17 08:00:00,37.75,83.0,1.4,12.35,7.7,8.12,5.95,0.54,23.56,0.35,1.42,,,,,25.0,65.5,1.5,205.75,,0.0,,714.0,
2024-04-17 09:00:00,24.5,53.75,1.38,11.48,7.2,8.48,6.3,0.52,23.27,0.33,1.37,,,,,26.3,57.25,1.8,183.0,,0.0,,714.0,
2024-04-17 10:00:00,12.25,27.0,1.4,11.28,7.15,8.72,6.52,0.55,25.4,0.35,1.45,,,,,27.95,50.25,1.35,190.5,,0.0,,714.0,
2024-04-17 11:00:00,34.5,76.0,1.38,11.6,7.3,8.78,4.4,0.48,24.46,0.28,1.18,,,,,29.82,43.25,1.02,168.5,,0.0,,713.5,
2024-04-17 12:00:00,35.75,78.5,1.38,9.43,6.1,8.98,0.75,0.7,24.8,0.52,2.12,,,,,31.72,39.5,1.38,192.5,,0.0,,712.75,
2024-04-17 13:00:00,34.75,76.5,1.48,13.15,8.18,8.9,2.68,0.35,24.2,0.13,0.57,,,,,33.12,34.75,1.1,146.25,,0.0,,711.75,
2024-04-17 14:00:00,32.5,71.75,1.27,8.47,5.53,8.87,3.22,0.2,25.66,0.05,0.2,,,,,34.62,31.25,1.35,109.0,,0.0,,711.0,
2024-04-17 15:00:00,30.5,67.5,,,,,3.18,0.24,25.55,0.05,0.15,,,,,35.38,29.5,1.38,126.5,,0.0,,711.0,
2024-04-17 16:00:00,35.25,77.75,,,,,2.48,0.24,24.08,0.0,0.1,,,,,35.52,29.5,1.15,107.0,,0.0,,711.0,
2024-04-17 17:00:00,28.0,61.25,,,,,3.08,0.47,24.33,0.23,1.1,,,,,34.82,31.25,0.9,88.75,,0.0,,711.0,
2024-04-17 18:00:00,33.0,72.5,1.25,8.55,5.55,7.95,3.95,0.59,27.02,0.4,1.65,,,,,33.1,33.25,0.78,89.75,,0.0,,711.0,
2024-04-17 19:00:00,42.0,92.5,1.23,10.68,6.65,7.82,3.02,0.74,26.08,0.57,2.38,,,,,31.93,35.75,0.85,105.5,,0.0,,712.0,
2024-04-17 20:00:00,52.75,116.0,1.35,12.52,7.78,7.52,3.42,0.99,24.88,0.85,3.5,,,,,30.85,37.5,0.72,80.75,,0.0,,712.0,
2024-04-17 21:00:00,51.75,114.25,1.35,9.62,6.22,7.3,2.92,0.36,24.9,0.17,0.6,,,,,29.9,36.75,1.12,95.0,,0.0,,713.0,
2024-04-17 22:00:00,32.5,71.75,1.32,6.7,4.62,6.98,3.58,0.27,24.38,0.05,0.2,,,,,29.1,36.75,0.92,100.25,,0.0,,713.0,
2024-04-17 23:00:00,30.5,67.0,1.32,7.28,4.92,6.68,6.62,0.24,24.72,0.0,0.2,,,,,28.35,39.0,1.05,112.75,,0.0,,713.0,
2024-04-18 00:00:00,28.5,62.75,1.4,8.65,5.72,6.78,6.4,0.24,24.41,0.0,0.05,,,,,27.8,45.25,1.2,175.75,,0.0,,712.75,
2024-04-18 01:00:00,28.75,63.0,1.25,8.75,5.68,6.9,7.15,0.37,24.99,0.13,0.63,,,,,27.15,63.5,1.2,201.0,,0.0,,712.0,
2024-04-18 02:00:00,32.75,72.25,1.4,7.8,5.28,7.18,7.85,0.34,25.29,0.1,0.55,,,,,25.9,68.0,1.05,215.75,,0.0,,712.0,
2024-04-18 03:00:00,29.25,64.5,1.15,7.88,5.12,7.32,7.6,0.36,24.67,0.18,0.57,,,,,25.18,71.25,1.15,195.0,,0.0,,711.5,
2024-04-18 04:00:00,31.0,68.25,1.2,8.78,5.62,7.25,6.78,0.38,26.17,0.2,0.7,,,,,24.7,73.5,1.27,218.25,,0.0,,712.0,
2024-04-18 05:00:00,34.25,75.5,1.27,9.9,6.32,7.12,6.85,0.37,25.81,0.17,0.63,,,,,24.3,75.25,1.15,207.5,,0.0,,712.0,
2024-04-18 06:00:00,36.0,79.25,1.25,12.75,7.8,7.08,8.1,0.31,23.9,0.1,0.35,,,,,23.98,75.75,1.12,224.5,,0.0,,712.0,
2024-04-18 07:00:00,41.0,90.25,1.3,15.8,9.45,7.15,8.3,0.51,24.35,0.32,1.32,,,,,24.17,72.0,1.15,244.75,,0.0,,713.0,
2024-04-18 08:00:00,47.75,104.75,1.35,19.08,11.25,7.35,7.3,0.71,26.23,0.55,2.22,,,,,25.5,63.5,1.3,257.5,,0.0,,713.0,
2024-04-18 09:00:00,47.75,105.0,1.27,20.52,11.95,7.62,6.9,0.73,24.95,0.53,2.3,,,,,27.72,53.0,1.35,242.0,,0.0,,713.0,
2024-04-18 10:00:00,42.0,92.25,1.12,19.8,11.42,8.07,6.48,0.72,24.44,0.57,2.22,,,,,30.32,45.75,1.25,244.25,,0.0,,713.0,
2024-04-18 11:00:00,45.25,99.5,1.15,17.62,10.3,8.38,5.05,0.66,23.94,0.48,1.98,,,,,32.0,41.25,1.3,180.0,,0.0,,713.0,
2024-04-18 12:00:00,44.25,97.25,1.15,12.5,7.55,8.55,4.5,0.43,25.04,0.22,0.95,,,,,33.5,37.5,1.32,143.75,,0.0,,712.0,
2024-04-18 13:00:00,38.25,84.25,,,,,5.9,0.39,24.68,0.17,0.73,,,,,34.87,33.5,1.52,112.75,,0.0,,711.0,
2024-04-18 14:00:00,36.75,80.75,,,,,5.5,0.33,15.63,0.13,0.47,,,,,35.95,30.0,1.45,109.5,,0.0,,710.25,
2024-04-18 15:00:00,39.25,86.5,,,,,,0.51,20.4,0.3,1.27,,,,,36.52,27.75,1.62,100.25,,0.0,,710.0,
2024-04-18 16:00:00,36.75,80.75,,,,,,0.61,64.98,0.43,1.77,,,,,36.85,26.5,1.5,95.0,,0.0,,709.25,
2024-04-18 17:00:00,28.75,63.0,,,,,,0.11,19.16,0.0,0.1,,,,,36.4,29.5,1.38,100.5,,0.0,,709.25,
2024-04-18 18:00:00,35.25,77.75,,,,,,0.37,42.73,0.23,0.97,,,,,34.98,32.25,1.42,95.75,,0.0,,710.0,
2024-04-18 19:00:00,39.5,87.0,,,,,4.1,0.42,24.0,0.2,0.9,,,,,33.15,34.75,1.35,91.25,,0.0,,711.0,
2024-04-18 20:00:00,43.75,96.0,,,,,4.32,0.46,25.54,0.25,1.08,,,,,32.08,39.25,1.12,95.0,,0.0,,711.5,
2024-04-18 21:00:00,47.5,104.25,,,,,4.5,0.42,24.88,0.23,0.9,,,,,30.88,43.0,1.42,104.75,,0.0,,712.0,
2024-04-18 22:00:00,35.75,78.75,1.38,9.52,6.15,6.0,5.1,0.5,24.54,0.3,1.25,,,,,30.12,43.5,1.68,154.25,,0.0,,712.0,
2024-04-18 23:00:00,39.75,87.25,1.35,14.15,8.62,5.95,5.58,0.42,25.04,0.2,0.88,,,,,29.58,52.75,1.62,208.5,,0.0,,712.0,
2024-04-19 00:00:00,35.5,78.0,1.25,11.78,7.28,5.9,6.4,0.28,23.45,0.08,0.22,,,,,28.22,61.75,1.12,193.0,,0.0,,712.0,
2024-04-19 01:00:00,33.25,73.25,1.32,9.82,6.35,5.95,8.3,0.38,23.42,0.17,0.67,,,,,26.98,63.5,1.2,179.75,,0.0,,711.5,
2024-04-19 02:00:00,30.75,67.5,1.2,6.88,4.65,5.9,7.65,0.36,24.98,0.12,0.62,,,,,26.42,66.5,1.27,192.75,,0.0,,711.0,
2024-04-19 03:00:00,28.75,63.25,1.32,6.9,4.75,5.93,7.65,0.34,24.34,0.12,0.52,,,,,25.62,71.5,1.27,209.5,,0.0,,711.0,
2024-04-19 04:00:00,25.75,56.75,1.32,6.75,4.68,5.82,8.0,0.33,25.14,0.1,0.48,,,,,24.62,75.5,1.27,186.0,,0.0,,711.0,
2024-04-19 05:00:00,31.0,68.5,1.35,6.5,4.53,5.85,7.38,0.32,23.96,0.1,0.4,,,,,24.0,77.75,1.45,167.75,,0.0,,711.0,
2024-04-19 06:00:00,37.5,82.5,1.25,7.0,4.75,5.8,8.28,0.38,25.36,0.18,0.7,,,,,23.68,78.5,1.25,194.5,,0.0,,711.25,
2024-04-19 07:00:00,32.25,71.0,1.32,9.62,6.15,5.78,8.3,0.42,24.26,0.22,0.9,,,,,23.72,78.25,1.52,206.0,,0.0,,712.0,
2024-04-19 08:00:00,38.0,83.75,1.32,12.08,7.52,5.95,8.3,0.56,25.22,0.38,1.5,,,,,24.42,73.5,1.48,214.0,,0.0,,712.0,
2024-04-19 09:00:00,35.75,78.75,1.32,10.3,6.58,6.3,5.62,0.56,25.05,0.4,1.53,,,,,25.92,66.25,1.65,190.25,,0.0,,712.0,
2024-04-19 10:00:00,40.25,88.75,1.25,9.95,6.3,6.65,5.32,0.62,24.79,0.43,1.78,,,,,28.15,55.75,1.55,216.25,,0.0,,712.0,
2024-04-19 11:00:00,47.25,103.75,1.4,13.35,8.25,6.8,6.45,0.68,24.87,0.5,2.08,,,,,30.65,46.75,1.42,235.75,,0.0,,712.0,
2024-04-19 12:00:00,45.0,99.25,,,,,6.1,0.6,24.78,0.45,1.7,,,,,32.72,40.75,1.3,180.75,,0.0,,711.0,
2024-04-19 13:00:00,38.5,84.5,,,,,5.5,0.54,24.68,0.33,1.4,,,,,34.05,38.75,1.25,194.5,,0.0,,710.0,
2024-04-19 14:00:00,45.5,100.0,,,,,6.32,0.55,24.96,0.35,1.48,,,,,34.55,35.75,1.35,185.75,,0.0,,709.25,
2024-04-19 15:00:00,42.0,92.5,,,,,6.3,0.46,25.79,0.28,1.08,,,,,35.8,33.25,1.15,134.25,,0.0,,708.5,
2024-04-19 16:00:00,37.25,81.75,,,,,6.08,0.42,25.18,0.22,0.88,,,,,36.28,31.75,1.45,115.25,,0.0,,708.0,
2024-04-19 17:00:00,40.25,88.5,,,,,5.8,0.33,24.12,0.1,0.5,,,,,35.45,32.25,1.5,106.0,,0.0,,708.5,
2024-04-19 18:00:00,41.75,92.25,,,,,5.62,0.79,25.73,0.65,2.58,,,,,33.65,38.5,1.27,198.25,,0.0,,709.5,
2024-04-19 19:00:00,53.0,117.0,,,,,6.95,1.06,24.8,0.92,3.85,,,,,32.02,42.0,0.8,179.75,,0.0,,710.0,
2024-04-19 20:00:00,49.25,108.75,1.37,10.0,6.47,6.07,6.88,0.56,24.33,0.38,1.58,,,,,31.12,39.25,1.23,94.5,,0.0,,711.0,
2024-04-19 21:00:00,36.0,79.5,1.42,5.3,4.0,5.9,4.97,0.38,24.55,0.17,0.73,,,,,30.75,41.0,1.35,107.5,,0.0,,711.0,
2024-04-19 22:00:00,28.75,63.25,1.32,4.4,3.4,5.72,5.28,0.41,24.57,0.2,0.82,,,,,30.18,43.5,1.32,108.75,,0.0,,711.0,
2024-04-19 23:00:00,27.5,60.5,1.35,4.0,3.25,5.68,6.32,0.36,24.02,0.12,0.6,,,,,29.68,48.0,1.5,124.5,,0.0,,711.0,
2024-04-20 00:00:00,36.5,80.25,1.1,6.22,4.22,5.62,7.17,0.41,26.5,0.2,0.82,,,,,28.85,54.0,1.48,185.75,,0.0,,711.0,
2024-04-20 01:00:00,38.0,83.5,1.23,5.92,4.12,5.6,6.55,0.42,24.7,0.2,0.9,,,,,27.18,60.5,1.55,179.25,,0.0,,710.75,
2024-04-20 02:00:00,29.0,64.0,1.27,5.03,3.72,5.52,8.95,0.45,23.3,0.25,1.0,,,,,25.98,65.75,1.52,192.75,,0.0,,710.0,
2024-04-20 03:00:00,28.5,62.75,1.3,6.1,4.28,5.5,11.6,0.42,24.18,0.22,0.88,,,,,25.15,70.25,1.3,219.0,,0.0,,710.0,
2024-04-20 04:00:00,27.75,60.75,1.32,6.32,4.43,5.38,10.32,0.36,25.26,0.15,0.57,,,,,24.58,75.25,1.38,196.5,,0.0,,710.0,
2024-04-20 05:00:00,29.25,64.25,1.27,7.18,4.85,5.38,10.02,0.33,25.14,0.1,0.43,,,,,24.05,77.5,1.45,192.5,,0.0,,710.0,
2024-04-20 06:00:00,29.0,63.5,1.25,9.15,5.9,5.4,9.98,0.44,25.06,0.25,0.98,,,,,23.62,75.25,1.32,222.75,,0.0,,710.75,
2024-04-20 07:00:00,34.75,76.5,1.32,10.3,6.55,5.45,9.8,0.51,25.12,0.3,1.27,,,,,23.98,72.5,1.48,226.5,,0.0,,711.5,
2024-04-20 08:00:00,36.75,81.0,1.15,10.52,6.52,5.7,9.72,0.57,23.29,0.38,1.58,,,,,25.2,67.0,1.62,225.75,,0.0,,712.0,
2024-04-20 09:00:00,42.75,94.0,1.23,9.48,6.02,5.95,8.5,0.53,24.17,0.33,1.37,,,,,26.8,61.25,1.58,216.25,,0.0,,712.0,
2024-04-20 10:00:00,34.25,75.25,1.25,8.8,5.7,6.15,8.05,0.52,20.45,0.35,1.35,,,,,28.32,57.0,1.85,205.5,,0.0,,712.0,
2024-04-20 11:00:00,30.0,66.25,,,,,8.55,0.57,24.28,0.38,1.6,,,,,29.58,51.5,1.65,233.0,,0.0,,712.0,
2024-04-20 12:00:00,33.0,73.0,,,,,9.3,0.52,25.67,0.32,1.32,,,,,30.82,44.0,1.42,212.25,,0.0,,711.5,
2024-04-20 13:00:00,34.5,76.25,,,,,9.18,0.53,23.76,0.33,1.4,,,,,32.45,41.25,1.35,233.75,,0.0,,710.75,
2024-04-20 14:00:00,39.75,87.5,,,,,8.5,0.51,26.11,0.3,1.27,,,,,33.2,43.25,1.45,173.25,,0.0,,710.0,
2024-04-20 15:00:00,41.0,90.0,1.3,12.7,7.8,6.3,8.4,0.58,24.73,0.38,1.62,,,,,30.92,61.25,1.0,201.25,,0.0,,710.0,
2024-04-20 16:00:00,42.5,93.75,1.48,19.52,11.58,6.1,8.95,0.93,24.27,0.8,3.28,,,,,27.3,54.75,1.1,240.5,,0.0,,709.25,
2024-04-20 17:00:00,55.0,120.75,1.3,22.25,12.9,5.95,8.75,0.96,24.46,0.8,3.4,,,,,28.85,53.75,1.18,262.25,,0.0,,709.25,
2024-04-20 18:00:00,52.0,114.0,1.42,24.0,13.92,5.75,9.07,1.07,25.95,0.95,3.88,,,,,28.95,53.5,0.92,220.0,,0.0,,710.25,
2024-04-20 19:00:00,51.5,113.0,1.37,18.93,11.2,5.77,9.2,0.92,24.28,0.78,3.18,,,,,28.58,55.75,0.75,130.75,,0.0,,711.0,
2024-04-20 20:00:00,49.25,108.25,,,,,9.25,0.76,24.46,0.57,2.4,,,,,27.82,54.0,0.62,104.5,,0.0,,711.5,
2024-04-20 21:00:00,49.0,107.5,,,,,9.22,1.03,24.0,0.87,3.7,,,,,27.48,56.75,0.72,68.5,,0.0,,712.0,
2024-04-20 22:00:00,53.25,117.25,,,,,9.73,0.82,25.33,0.65,2.7,,,,,27.05,57.0,0.7,152.0,,0.0,,712.0,
2024-04-20 23:00:00,45.5,100.5,,,,,11.9,0.4,25.8,0.2,0.82,,,,,26.8,58.75,0.6,168.25,,0.0,,712.0,
2024-04-21 00:00:00,36.75,81.25,,,,,8.53,0.22,24.45,0.0,0.05,,,,,26.32,62.5,0.45,122.75,,0.0,,711.75,
2024-04-21 01:00:00,33.0,73.0,,,,,7.08,0.49,25.43,0.3,1.23,,,,,25.65,66.0,0.45,161.25,,0.0,,711.0,
2024-04-21 02:00:00,62.0,136.0,,,,,7.1,0.43,24.79,0.2,0.92,,,,,25.05,68.5,0.4,110.75,,0.0,,711.0,
2024-04-21 03:00:00,66.25,145.5,,,,,7.3,0.4,25.03,0.2,0.8,,,,,24.52,70.5,0.48,150.75,,0.0,,711.0,
2024-04-21 04:00:00,65.25,143.75,,,,,6.92,0.42,22.98,0.25,0.92,,,,,24.2,72.25,0.4,84.75,,0.0,,711.0,
2024-04-21 05:00:00,30.0,66.25,,,,,7.32,0.43,25.22,0.2,0.93,,,,,23.78,73.0,0.38,109.25,,0.0,,711.0,
2024-04-21 06:00:00,48.0,106.0,,,,,7.72,0.43,25.29,0.25,0.95,,,,,23.42,71.75,0.45,138.25,,0.0,,711.0,
2024-04-21 07:00:00,,,,,,,8.15,0.36,25.07,0.12,0.6,,,,,24.15,63.25,0.75,92.5,,0.0,,711.75,
2024-04-21 08:00:00,,,,,,,8.55,0.32,25.2,0.1,0.4,,,,,26.65,57.25,1.02,103.0,,0.0,,712.0,
2024-04-21 09:00:00,,,,,,,9.68,0.32,25.12,0.1,0.43,,,,,28.72,52.75,1.25,116.0,,0.0,,712.0,
2024-04-21 10:00:00,,,,,,,7.98,0.33,23.53,0.1,0.48,,,,,30.38,46.5,1.3,125.25,,0.0,,712.0,
2024-04-21 11:00:00,18.0,40.0,,,,,8.75,0.38,24.8,0.15,0.72,,,,,31.78,42.25,1.23,138.5,,0.0,,712.0,
2024-04-21 12:00:00,18.0,40.0,,,,,7.05,0.3,25.42,0.08,0.35,,,,,33.02,34.75,1.52,119.25,,0.0,,711.0,
2024-04-21 13:00:00,,,,,,,6.08,0.44,25.02,0.23,0.97,,,,,34.7,29.5,1.6,105.25,,0.0,,710.25,
2024-04-21 14:00:00,35.0,77.0,,,,,5.75,0.44,25.13,0.22,0.98,,,,,36.05,28.75,1.7,116.0,,0.0,,709.5,
2024-04-21 15:00:00,83.0,182.5,,,,,7.72,0.41,25.45,0.2,0.82,,,,,36.48,28.0,1.38,98.75,,0.0,,709.0,
2024-04-21 16:00:00,227.0,499.0,,,,,7.58,0.4,26.18,0.2,0.78,,,,,36.2,28.5,1.58,115.5,,0.0,,709.0,
2024-04-21 17:00:00,873.0,,,,,,7.65,0.24,24.12,0.0,0.1,,,,,35.38,28.0,1.45,103.5,,0.0,,709.25,
2024-04-21 18:00:00,873.0,,0.2,5.4,3.1,1.0,6.7,0.28,24.81,0.05,0.23,,,,,34.18,32.75,1.35,103.75,,0.0,,710.0,
2024-04-21 19:00:00,666.75,108.0,1.25,6.02,4.22,1.45,7.28,0.23,,0.03,0.13,,,,,32.15,37.0,1.18,106.25,,0.0,,710.5,
2024-04-21 20:00:00,46.25,104.5,1.25,6.22,4.28,1.62,7.98,0.27,,0.1,0.3,,,,,30.62,37.0,1.6,106.0,,0.0,,711.0,
2024-04-21 21:00:00,39.0,89.25,1.42,6.02,4.3,1.72,8.85,0.13,,0.0,0.1,,,,,29.85,40.25,1.48,105.75,,0.0,,711.5,
2024-04-21 22:00:00,32.75,74.5,1.12,5.78,3.97,1.72,10.77,0.09,,,,,,,,28.88,45.0,1.3,114.0,,0.0,,712.0,
2024-04-21 23:00:00,33.0,75.0,1.25,6.18,4.32,1.65,10.9,0.06,,,,,,,,28.08,46.0,1.2,127.25,,0.0,,712.0,
2024-04-22 00:00:00,37.25,84.25,1.23,8.85,5.72,1.38,9.13,0.06,,,,,,,,27.6,46.5,1.15,127.0,,0.0,,712.0,
2024-04-22 01:00:00,40.75,93.5,1.55,8.65,5.85,0.72,9.0,0.24,,0.0,0.15,,,,,27.18,49.25,1.12,143.25,,0.0,,711.75,
2024-04-22 02:00:00,39.75,91.25,1.12,8.15,5.3,1.05,10.32,0.17,,0.0,0.05,,,,,26.68,54.0,1.08,127.0,,0.0,,711.0,
2024-04-22 03:00:00,39.25,89.75,1.2,7.22,4.82,1.18,11.52,0.2,,0.0,0.0,,,,,26.15,59.75,1.12,147.5,,0.0,,711.0,
2024-04-22 04:00:00,39.0,89.25,1.4,8.95,5.9,1.5,11.1,0.19,,,,,,,,25.55,69.25,1.25,187.0,,0.0,,711.75,
2024-04-22 05:00:00,37.0,83.25,1.5,11.95,7.55,1.55,9.78,0.26,,0.1,0.25,,,,,24.95,74.5,1.32,207.25,,0.0,,712.0,
2024-04-22 06:00:00,41.25,93.25,1.32,14.05,8.55,1.5,9.8,0.23,,0.05,0.1,,,,,24.45,77.25,1.32,189.0,,0.0,,712.0,
2024-04-22 07:00:00,45.5,103.75,1.35,13.2,8.12,1.35,10.32,0.27,,0.02,0.2,,,,,24.58,73.75,1.35,197.0,,0.0,,713.0,
2024-04-22 08:00:00,46.0,104.0,1.25,13.35,8.12,1.25,10.48,0.27,,0.07,0.27,,,,,25.78,67.0,1.75,187.25,,0.0,,713.75,
2024-04-22 09:00:00,42.75,97.25,1.55,11.88,7.58,1.05,8.43,0.3,,0.07,0.33,,,,,27.38,60.0,1.3,173.5,,0.0,,714.0,
2024-04-22 10:00:00,41.0,93.0,1.38,11.38,7.15,0.92,8.12,0.32,,0.1,0.43,,,,,29.4,49.75,1.25,177.0,,0.0,,714.0,
2024-04-22 11:00:00,38.75,88.75,1.35,10.8,6.85,1.1,8.57,0.33,,0.1,0.48,,,,,31.75,39.75,1.18,156.5,,0.0,,713.25,
2024-04-22 12:00:00,41.25,94.25,1.18,10.4,6.5,1.32,8.22,0.35,,0.12,0.57,,,,,33.65,33.75,1.45,131.75,,0.0,,712.25,
2024-04-22 13:00:00,39.5,89.5,1.38,10.28,6.58,1.55,8.02,0.23,,0.0,0.1,,,,,34.58,30.5,1.35,126.0,,0.0,,711.25,
2024-04-22 14:00:00,34.0,77.25,1.25,10.95,6.85,1.68,7.98,0.28,,0.05,0.2,,,,,35.55,27.5,1.45,153.75,,0.0,,710.0,
2024-04-22 15:00:00,38.5,86.75,1.1,10.07,6.25,1.85,7.62,0.26,,0.03,0.2,,,,,36.85,24.75,1.48,87.25,,0.0,,709.0,
2024-04-22 16:00:00,34.0,77.0,1.13,9.33,5.87,1.93,8.2,0.3,,0.08,0.35,,,,,36.6,23.5,1.35,101.0,,0.0,,709.0,
2024-04-22 17:00:00,33.5,76.0,1.2,9.65,6.12,2.05,7.45,0.08,,,,,,,,36.1,24.5,1.23,90.75,,0.0,,709.0,
2024-04-22 18:00:00,37.75,86.0,1.2,8.72,5.62,2.2,8.02,0.01,,,,,,,,34.8,26.75,0.85,96.0,,0.0,,709.5,
2024-04-22 19:00:00,59.25,134.5,1.1,15.52,9.15,2.15,9.12,,,,,,,,,32.33,28.75,0.82,90.0,,0.0,,710.5,
2024-04-22 20:00:00,67.25,152.5,1.15,12.22,7.45,1.9,10.52,,,,,,,,,31.08,33.5,1.45,101.5,,0.0,,711.5,
2024-04-22 21:00:00,49.75,113.5,1.48,7.42,5.12,1.88,10.25,0.22,,0.0,0.0,,,,,30.48,36.25,1.3,92.5,,0.0,,712.5,
2024-04-22 22:00:00,43.0,98.0,1.35,9.25,6.02,1.95,11.28,0.22,,,,,,,,29.62,38.75,1.48,154.5,,0.0,,713.75,
2024-04-22 23:00:00,50.25,114.75,1.4,13.55,8.35,2.02,11.4,0.21,,,,,,,,28.98,42.25,1.32,182.25,,0.0,,713.0,
2024-04-23 00:00:00,47.0,106.5,1.3,11.75,7.3,1.78,8.8,0.21,,,,,,,,28.15,56.25,1.15,189.75,,0.0,,712.5,
2024-04-23 01:00:00,50.5,114.25,1.23,7.95,5.22,1.68,7.7,0.22,,0.0,0.0,,,,,26.62,60.5,1.4,171.5,,0.0,,711.75,
2024-04-23 02:00:00,44.5,100.5,1.4,7.4,5.1,1.6,7.72,0.18,,,,,,,,25.95,62.25,1.12,179.5,,0.0,,711.0,
2024-04-23 03:00:00,45.75,103.5,1.38,8.22,5.48,1.6,7.58,0.17,,,,,,,,25.4,66.25,1.12,186.5,,0.0,,711.0,
2024-04-23 04:00:00,36.25,82.0,1.18,8.65,5.52,1.5,8.0,0.18,,,,,,,,25.0,68.5,1.05,173.75,,0.0,,711.0,
2024-04-23 05:00:00,42.25,96.5,1.25,11.72,7.25,1.52,8.57,0.3,,0.1,0.33,,,,,24.62,69.0,0.88,193.25,,0.0,,711.0,
2024-04-23 06:00:00,55.0,124.25,1.23,14.55,8.75,1.62,8.68,0.27,,0.05,0.15,,,,,24.4,68.0,0.78,179.0,,0.0,,711.25,
2024-04-23 07:00:00,46.75,105.75,1.25,13.02,7.95,1.55,8.18,0.25,,0.0,0.1,,,,,24.8,63.5,1.12,189.0,,0.0,,712.0,
2024-04-23 08:00:00,48.25,109.5,1.18,11.05,6.85,1.35,9.18,0.27,,0.08,0.2,,,,,26.48,58.75,0.98,173.5,,0.0,,712.75,
2024-04-23 09:00:00,48.0,109.25,1.18,10.07,6.32,1.4,6.68,0.19,,,,,,,,28.38,51.5,1.2,191.5,,0.0,,713.0,
2024-04-23 10:00:00,51.25,115.75,1.25,11.0,6.88,1.4,6.8,0.21,,,,,,,,30.45,38.25,1.35,135.0,,0.0,,712.75,
2024-04-23 11:00:00,42.75,96.75,1.35,9.0,5.9,1.62,6.62,0.23,,0.0,0.05,,,,,32.65,33.75,1.78,121.75,,0.0,,712.0,
2024-04-23 12:00:00,41.5,94.5,1.35,8.72,5.7,1.88,6.42,0.22,,0.0,0.0,,,,,33.72,28.75,1.92,102.75,,0.0,,711.25,
2024-04-23 13:00:00,39.25,88.75,1.42,7.25,5.03,1.92,7.05,0.27,,0.0,0.17,,,,,34.88,26.5,2.0,110.0,,0.0,,709.75,
2024-04-23 14:00:00,35.5,81.25,1.35,6.8,4.7,1.9,6.22,0.28,,0.08,0.22,,,,,35.65,24.5,1.85,109.0,,0.0,,708.75,
2024-04-23 15:00:00,33.5,76.0,1.33,5.63,4.07,1.9,6.52,0.28,,0.08,0.25,,,,,36.35,21.0,2.17,111.0,,0.0,,708.0,
2024-04-23 16:00:00,39.0,89.5,1.25,4.85,3.55,2.1,7.42,0.26,,0.02,0.15,,,,,36.05,20.5,2.02,104.0,,0.0,,708.0,
2024-04-23 17:00:00,34.75,79.5,1.38,5.22,3.9,2.05,5.58,0.15,,,,,,,,35.3,21.5,1.92,107.75,,0.0,,708.0,
2024-04-23 18:00:00,44.25,99.75,1.4,6.02,4.35,2.15,5.75,0.16,,,,,,,,33.83,23.0,1.9,105.0,,0.0,,708.75,
2024-04-23 19:00:00,54.75,124.25,1.4,6.62,4.68,2.25,6.38,0.15,,,,,,,,31.68,26.75,1.62,104.25,,0.0,,709.75,
2024-04-23 20:00:00,48.25,110.5,1.23,7.3,4.9,2.2,7.05,0.14,,,,,,,,30.12,30.0,1.82,102.0,,0.0,,711.0,
2024-04-23 21:00:00,48.75,111.5,1.2,7.42,4.95,1.9,6.55,0.22,,,,,,,,29.1,31.5,1.52,96.0,,0.0,,711.5,
2024-04-23 22:00:00,47.5,108.5,1.3,7.85,5.22,1.4,10.5,0.18,,,,,,,,28.32,33.75,1.45,93.25,,0.0,,712.0,
2024-04-23 23:00:00,48.0,108.75,1.42,7.9,5.38,0.85,12.6,0.14,,,,,,,,27.58,37.5,1.42,97.75,,0.0,,711.5,
2024-04-24 00:00:00,51.5,117.25,1.38,7.15,4.97,0.9,10.77,0.11,,,,,,,,26.62,44.75,1.45,107.25,,0.0,,710.75,
2024-04-24 01:00:00,41.75,94.75,1.23,6.12,4.25,1.4,7.43,0.73,,0.85,3.55,,,,,25.58,50.75,1.23,120.25,,0.0,,710.0,
2024-04-24 02:00:00,32.0,72.5,1.18,5.15,3.68,1.78,5.5,0.19,,0.0,0.0,,,,,24.85,47.75,1.12,112.75,,0.0,,710.0,
2024-04-24 03:00:00,26.0,59.75,1.32,7.07,4.85,1.92,3.9,,,,,,,,,24.68,40.75,0.95,140.25,,0.0,,709.5,
2024-04-24 04:00:00,34.5,79.0,1.27,8.48,5.55,1.58,5.05,0.02,,,,,,,,24.5,43.5,1.1,130.25,,0.0,,710.0,
2024-04-24 05:00:00,39.25,89.75,1.27,10.5,6.6,1.27,4.88,0.25,,0.15,0.45,,,,,24.12,44.0,0.92,154.5,,0.0,,710.25,
2024-04-24 06:00:00,59.0,133.75,1.23,16.38,9.68,1.48,5.38,0.08,,,,,,,,23.95,49.0,1.12,167.75,,0.0,,711.25,
2024-04-24 07:00:00,56.5,129.0,1.02,13.5,8.02,2.02,6.1,0.12,,,,,,,,24.33,53.5,1.48,177.25,,0.0,,712.25,
2024-04-24 08:00:00,39.25,88.75,1.42,9.98,6.45,1.92,5.65,0.14,,,,,,,,25.45,51.0,1.3,177.5,,0.0,,713.0,
2024-04-24 09:00:00,38.25,87.75,1.18,10.12,6.32,1.98,4.62,0.2,,0.0,0.2,,,,,27.42,43.75,1.3,176.0,,0.0,,713.0,
2024-04-24 10:00:00,41.5,95.0,1.23,9.52,6.08,1.82,4.9,0.24,,0.0,0.08,,,,,29.88,34.25,1.72,134.0,,0.0,,712.75,
2024-04-24 11:00:00,40.75,93.5,1.15,8.1,5.25,1.78,2.12,0.3,,0.1,0.35,,,,,32.0,29.25,1.78,130.25,,0.0,,712.0,
2024-04-24 12:00:00,47.0,106.75,1.3,8.07,5.32,1.72,1.78,0.3,,0.08,0.38,,,,,33.53,26.25,2.28,108.25,,0.0,,711.25,
2024-04-24 13:00:00,66.0,149.0,0.98,6.95,4.48,1.6,1.68,0.26,,0.03,0.17,,,,,34.67,24.75,2.17,107.75,,0.0,,710.0,
2024-04-24 14:00:00,75.25,170.25,1.15,5.55,3.88,1.65,1.62,0.27,,0.02,0.18,,,,,35.22,23.75,2.12,101.25,,0.0,,709.0,
2024-04-24 15:00:00,38.0,85.75,1.02,5.85,3.95,1.75,1.48,0.3,,0.1,0.35,,,,,35.28,23.0,1.78,114.5,,0.0,,708.75,
2024-04-24 16:00:00,34.0,77.75,1.23,6.02,4.22,1.8,1.72,0.24,,0.0,0.1,,,,,34.98,24.5,1.78,94.0,,0.0,,708.0,
2024-04-24 17:00:00,39.5,90.5,1.42,5.68,4.18,1.8,2.05,0.21,,0.1,0.4,,,,,34.1,25.0,1.75,108.0,,0.0,,708.75,
2024-04-24 18:00:00,39.5,89.25,1.32,6.68,4.62,1.8,2.98,0.16,,,,,,,,33.12,25.25,1.38,100.5,,0.0,,709.0,
2024-04-24 19:00:00,48.5,109.5,1.42,8.95,5.92,1.72,2.22,0.15,,,,,,,,31.62,27.0,0.95,101.5,,0.0,,710.0,
2024-04-24 20:00:00,61.0,138.75,1.4,9.9,6.4,1.6,3.4,0.22,,0.0,0.1,,,,,30.3,29.5,1.18,99.25,,0.0,,711.25,
2024-04-24 21:00:00,57.25,130.25,1.25,8.98,5.75,1.65,2.65,0.05,,,,,,,,29.48,32.75,1.18,95.75,,0.0,,712.0,
2024-04-24 22:00:00,54.25,123.5,1.42,8.32,5.58,1.78,4.22,0.07,,,,,,,,28.6,35.5,1.1,100.0,,0.0,,713.0,
2024-04-24 23:00:00,49.5,113.0,1.08,8.25,5.3,1.62,5.35,0.06,,,,,,,,27.88,38.25,1.08,108.5,,0.0,,712.5,
2024-04-25 00:00:00,41.75,94.5,1.27,6.48,4.5,1.4,8.0,0.08,,,,,,,,27.35,41.0,0.98,103.25,,0.0,,711.75,
2024-04-25 01:00:00,41.0,93.25,1.3,7.65,5.12,1.08,10.22,0.65,,0.7,2.95,,,,,26.85,43.25,1.05,112.0,,0.0,,711.0,
2024-04-25 02:00:00,40.75,93.5,1.5,7.75,5.35,1.05,12.52,0.26,,0.05,0.18,,,,,26.48,45.0,0.65,119.5,,0.0,,710.0,
2024-04-25 03:00:00,44.25,101.5,1.18,9.48,6.0,0.7,12.58,0.22,,0.0,0.1,,,,,25.68,46.25,0.7,134.25,,0.0,,710.0,
2024-04-25 04:00:00,56.75,129.25,1.45,11.68,7.4,1.15,12.65,0.26,,0.07,0.2,,,,,25.18,48.75,0.8,200.25,,0.0,,710.0,
2024-04-25 05:00:00,55.25,125.5,1.62,16.98,10.32,1.8,11.18,0.28,,0.07,0.23,,,,,24.75,55.75,0.82,230.5,,0.0,,710.5,
2024-04-25 06:00:00,61.75,140.75,1.62,26.6,15.48,2.22,10.55,0.29,,0.1,0.28,,,,,24.65,58.0,0.88,241.25,,0.0,,711.0,
2024-04-25 07:00:00,84.75,192.75,1.25,27.45,15.62,2.22,9.6,0.38,,0.2,0.93,,,,,25.35,56.5,0.92,263.25,,0.0,,712.0,
2024-04-25 08:00:00,66.5,151.75,1.1,14.95,8.82,1.35,7.92,0.27,,0.05,0.22,,,,,27.58,45.5,0.85,174.0,,0.0,,712.75,
2024-04-25 09:00:00,42.75,97.5,1.08,10.6,6.52,1.58,7.0,0.7,,0.53,2.2,,,,,29.78,37.25,1.12,124.0,,0.0,,713.0,
2024-04-25 10:00:00,49.25,111.0,0.95,9.0,5.55,1.62,7.75,0.57,,0.4,1.6,,,,,31.65,32.5,1.35,115.5,,0.0,,712.25,
2024-04-25 11:00:00,52.5,119.25,1.25,9.1,5.88,1.55,7.22,0.33,,0.12,0.45,,,,,33.28,29.5,1.85,109.5,,0.0,,712.0,
2024-04-25 12:00:00,50.25,115.25,1.25,7.98,5.28,1.48,7.57,0.45,,0.22,1.0,,,,,34.25,26.0,1.92,89.25,,0.0,,711.0,
2024-04-25 13:00:00,45.25,103.75,1.4,9.3,6.1,1.7,7.5,0.32,,0.15,0.65,,,,,35.0,25.0,1.7,102.75,,0.0,,710.0,
2024-04-25 14:00:00,36.0,82.75,,,,,8.05,0.44,,0.22,0.95,,,,,36.0,23.75,1.7,97.0,,0.0,,709.0,
2024-04-25 15:00:00,33.5,77.0,,,,,7.98,0.38,,0.18,0.72,,,,,36.12,25.0,1.72,95.5,,0.0,,708.5,
2024-04-25 16:00:00,36.25,82.5,,,,,8.07,0.37,,0.18,0.65,,,,,35.35,27.75,1.88,87.25,,0.0,,708.0,
2024-04-25 17:00:00,41.0,92.75,,,,,8.62,0.17,,,,,,,,34.22,32.0,1.7,94.5,,0.0,,708.5,
2024-04-25 18:00:00,46.5,106.5,1.27,7.48,5.03,1.2,7.58,0.16,,,,,,,,32.8,35.0,1.58,100.5,,0.0,,709.5,
2024-04-25 19:00:00,55.0,125.25,1.3,8.1,5.38,1.1,6.9,0.16,,,,,,,,31.65,37.5,1.45,102.0,,0.0,,710.5,
2024-04-25 20:00:00,56.25,127.75,1.35,8.88,5.8,1.12,7.08,0.18,,,,,,,,30.62,41.5,1.4,93.5,,0.0,,711.5,
2024-04-25 21:00:00,52.0,117.25,1.4,7.95,5.38,1.18,7.82,0.26,,0.05,0.25,,,,,29.58,45.0,1.3,95.0,,0.0,,712.0,
2024-04-25 22:00:00,55.0,124.25,1.3,7.42,5.03,0.88,5.72,0.31,,0.1,0.4,,,,,28.67,50.75,1.42,106.0,,0.0,,712.0,
2024-04-25 23:00:00,56.0,127.5,1.38,8.1,5.42,0.1,8.38,0.3,,0.1,0.3,,,,,27.78,55.25,1.3,103.75,,0.0,,712.0,
2024-04-26 00:00:00,57.0,130.5,1.32,8.05,5.38,0.1,6.53,0.24,,0.0,0.13,,,,,26.9,59.25,1.3,112.25,,0.0,,711.0,
2024-04-26 01:00:00,46.75,107.25,1.38,6.72,4.68,0.7,4.32,0.23,,0.0,0.05,,,,,26.05,67.5,1.08,90.75,,0.0,,710.5,
2024-04-26 02:00:00,34.25,78.5,1.23,6.22,4.32,1.08,3.12,0.2,,0.0,0.0,,,,,25.15,71.75,0.9,100.5,,0.0,,710.0,
2024-04-26 03:00:00,38.0,86.5,1.3,8.07,5.38,0.82,3.22,0.22,,,,,,,,24.68,73.0,1.02,171.25,,0.0,,710.0,
2024-04-26 04:00:00,45.25,102.0,0.98,8.3,5.2,0.9,3.92,0.31,,0.1,0.4,,,,,24.58,70.25,0.88,141.25,,0.0,,710.25,
2024-04-26 05:00:00,44.25,99.75,1.18,12.25,7.48,0.98,3.2,,,,,,,,,24.5,68.25,0.72,191.0,,0.0,,711.0,
2024-04-26 06:00:00,57.5,130.0,1.38,14.38,8.75,0.88,3.85,,,,,,,,,24.48,68.25,0.75,181.5,,0.0,,711.0,
2024-04-26 07:00:00,58.0,131.25,1.32,12.2,7.6,0.72,4.6,,,,,,,,,24.88,62.75,0.82,178.25,,0.0,,712.0,
2024-04-26 08:00:00,52.0,118.75,1.2,9.02,5.75,0.92,2.6,,,0.1,1.1,,,,,26.78,55.75,1.1,171.0,,0.0,,712.75,
2024-04-26 09:00:00,45.0,101.75,1.2,10.22,6.4,0.88,0.88,0.19,,0.1,0.78,,,,,28.78,47.25,1.12,196.5,,0.0,,713.0,
2024-04-26 10:00:00,50.75,115.5,1.3,8.78,5.7,0.78,1.75,0.19,,0.2,1.52,,,,,31.0,38.0,1.52,133.25,,0.0,,712.25,
2024-04-26 11:00:00,51.0,116.25,1.3,6.68,4.62,1.05,1.23,0.22,,0.15,1.05,,,,,32.9,31.0,1.98,110.0,,0.0,,712.0,
2024-04-26 12:00:00,51.5,117.5,1.27,6.58,4.5,1.3,0.95,0.24,,0.1,0.85,,,,,34.35,29.0,2.08,95.25,,0.0,,711.0,
2024-04-26 13:00:00,41.0,94.0,1.32,6.1,4.3,1.3,0.67,0.2,,0.1,0.57,,,,,35.3,29.5,1.92,99.75,,0.0,,709.75,
2024-04-26 14:00:00,33.75,76.75,1.4,5.8,4.2,1.3,1.12,0.35,,0.12,0.98,,,,,35.92,28.25,1.72,119.5,,0.0,,709.0,
2024-04-26 15:00:00,38.0,86.0,,,,,2.28,0.2,,0.28,2.0,,,,,35.92,29.0,1.95,118.25,,0.0,,708.0,
2024-04-26 16:00:00,35.0,79.75,,,,,1.42,0.26,,0.2,1.23,,,,,35.5,30.5,1.85,113.5,,0.0,,708.0,
2024-04-26 17:00:00,35.5,80.25,,,,,1.68,0.31,,0.2,1.48,,,,,34.62,30.0,1.85,110.5,,0.0,,708.25,
2024-04-26 18:00:00,37.0,83.75,1.33,5.8,4.17,1.43,0.95,0.3,,0.15,0.8,,,,,33.35,32.0,1.48,106.0,,0.0,,709.0,
2024-04-26 19:00:00,37.75,85.0,1.27,6.4,4.42,1.52,1.52,0.3,,0.18,1.3,,,,,31.7,33.5,1.42,104.75,,0.0,,710.25,
2024-04-26 20:00:00,41.25,93.75,1.18,6.88,4.62,1.65,0.98,0.3,,0.1,0.85,,,,,30.55,35.5,1.27,99.25,,0.0,,711.25,
2024-04-26 21:00:00,43.25,98.25,1.35,7.12,4.9,1.55,1.85,0.25,,0.22,1.58,,,,,29.52,38.25,1.3,88.5,,0.0,,712.0,
2024-04-26 22:00:00,40.0,91.25,1.5,7.3,5.1,0.92,2.28,0.18,,0.28,1.92,,,,,28.42,40.75,1.0,84.5,,0.0,,712.0,
2024-04-26 23:00:00,49.0,110.75,1.05,8.18,5.22,0.28,4.62,0.13,,0.55,4.03,,,,,27.38,42.25,0.92,76.5,,0.0,,712.0,
2024-04-27 00:00:00,58.25,131.5,1.2,8.35,5.42,0.1,7.83,0.25,,0.93,6.73,,,,,26.55,43.5,0.98,106.25,,0.0,,711.0,
2024-04-27 01:00:00,57.25,129.5,1.12,8.1,5.25,0.2,7.82,0.34,,0.95,6.75,,,,,25.9,50.25,0.92,94.75,,0.0,,710.25,
2024-04-27 02:00:00,50.25,115.0,1.45,8.6,5.75,0.6,6.32,0.24,,0.78,5.42,,,,,25.25,56.75,0.98,112.5,,0.0,,710.0,
2024-04-27 03:00:00,46.5,106.5,1.32,11.92,7.4,,5.5,0.26,,0.68,4.75,,,,,24.92,61.25,0.7,129.75,,0.0,,710.0,
2024-04-27 04:00:00,53.75,123.25,1.4,12.92,8.02,0.4,5.15,0.25,,0.65,4.47,,,,,24.35,56.75,0.62,193.5,,0.0,,710.0,
2024-04-27 05:00:00,62.75,143.25,1.35,18.08,10.75,0.7,5.88,0.19,,0.72,5.08,,,,,24.0,56.0,0.55,106.75,,0.0,,710.5,
2024-04-27 06:00:00,65.75,149.0,1.0,22.6,12.85,0.8,5.98,0.18,,0.72,5.18,,,,,23.55,54.0,0.68,179.0,,0.0,,711.0,
2024-04-27 07:00:00,65.25,148.75,1.02,13.42,8.0,1.0,5.4,0.12,,0.68,4.68,,,,,24.62,50.75,0.88,171.0,,0.0,,712.0,
2024-04-27 08:00:00,55.5,126.75,1.15,9.88,6.2,1.27,5.18,0.26,,0.62,4.47,,,,,27.08,46.0,0.85,143.5,,0.0,,713.0,
2024-04-27 09:00:00,48.75,111.75,1.18,8.82,5.62,1.1,2.25,0.22,,0.3,1.92,,,,,29.38,37.5,1.18,130.25,,0.0,,713.0,
2024-04-27 10:00:00,42.0,95.75,1.15,7.68,5.0,1.18,2.58,0.19,,0.32,2.22,,,,,31.5,32.0,1.6,92.5,,0.0,,713.0,
2024-04-27 11:00:00,39.75,90.25,1.3,6.75,4.65,1.38,2.6,0.17,,0.3,2.25,,,,,33.05,27.75,1.72,103.0,,0.0,,712.25,
2024-04-27 12:00:00,31.5,72.5,1.18,5.95,4.18,1.7,1.45,0.16,,0.18,1.25,,,,,34.33,24.25,1.92,105.5,,0.0,,711.75,
2024-04-27 13:00:00,26.75,61.25,1.35,5.7,4.12,1.85,0.7,0.28,,0.05,0.3,,,,,35.28,24.75,1.82,109.25,,0.0,,710.5,
2024-04-27 14:00:00,30.75,70.0,1.3,5.6,4.0,1.8,1.17,0.27,,0.13,1.03,,,,,36.28,23.75,1.8,100.0,,0.0,,709.5,
2024-04-27 15:00:00,41.75,95.5,,,,,2.5,0.28,,0.3,2.17,,,,,36.85,21.5,1.92,111.0,,0.0,,709.0,
2024-04-27 16:00:00,31.5,72.0,,,,,1.98,0.26,,0.22,1.7,,,,,36.9,23.5,1.68,98.5,,0.0,,708.0,
2024-04-27 17:00:00,32.0,73.5,,,,,1.27,0.15,,0.15,1.1,,,,,36.15,27.5,1.8,115.75,,0.0,,708.5,
2024-04-27 18:00:00,40.0,91.5,,,,,1.98,0.12,,0.22,1.7,,,,,34.25,30.25,1.6,106.25,,0.0,,709.25,
2024-04-27 19:00:00,48.0,109.25,1.35,7.35,5.0,1.2,2.28,0.07,,0.3,1.98,,,,,32.22,32.75,1.27,98.5,,0.0,,710.5,
2024-04-27 20:00:00,55.25,125.0,1.12,8.12,5.25,0.57,4.25,0.18,,0.52,3.68,,,,,30.8,34.75,1.27,98.0,,0.0,,711.25,
2024-04-27 21:00:00,59.5,135.25,1.32,9.15,5.95,0.18,6.9,0.18,,0.85,5.95,,,,,29.6,37.25,1.1,78.75,,0.0,,712.25,
2024-04-27 22:00:00,59.0,134.25,1.27,9.22,5.92,0.2,8.35,0.16,,1.02,7.2,,,,,28.48,39.75,1.05,85.25,,0.0,,713.0,
2024-04-27 23:00:00,53.25,120.5,1.4,8.88,5.85,0.78,6.65,0.15,,0.82,5.72,,,,,27.58,42.0,0.92,69.0,,0.0,,712.5,
2024-04-28 00:00:00,53.5,121.25,1.32,9.9,6.32,1.12,6.83,0.12,,0.87,5.9,,,,,26.7,43.75,0.77,84.5,,0.0,,712.0,
2024-04-28 01:00:00,49.75,113.5,1.25,7.58,5.03,1.27,3.58,0.16,,0.45,3.05,,,,,26.02,46.25,0.92,80.25,,0.0,,711.5,
2024-04-28 02:00:00,40.5,91.75,1.35,6.9,4.72,1.35,2.85,0.15,,0.35,2.48,,,,,25.68,50.5,1.02,93.5,,0.0,,711.0,
2024-04-28 03:00:00,32.0,73.75,1.32,5.68,4.12,1.62,2.62,0.14,,0.3,2.22,,,,,25.15,52.75,0.88,81.5,,0.0,,711.0,
2024-04-28 04:00:00,29.5,67.75,1.23,6.45,4.43,1.62,2.08,0.12,,0.25,1.75,,,,,24.52,55.25,0.68,82.75,,0.0,,711.0,
2024-04-28 05:00:00,33.25,75.0,1.38,7.65,5.18,1.48,2.12,0.27,,0.22,1.8,,,,,23.92,57.0,0.9,114.0,,0.0,,711.0,
2024-04-28 06:00:00,42.75,96.75,1.38,12.85,7.95,0.78,2.82,0.26,,0.38,2.45,,,,,23.8,56.25,0.72,180.75,,0.0,,711.75,
2024-04-28 07:00:00,51.75,118.25,1.2,11.68,7.18,1.25,2.33,0.24,,0.28,2.05,,,,,24.7,50.75,1.02,185.5,,0.0,,712.25,
2024-04-28 08:00:00,52.5,119.0,1.18,10.6,6.6,1.45,4.18,0.25,,0.52,3.58,,,,,26.92,45.75,1.02,187.5,,0.0,,713.0,
2024-04-28 09:00:00,46.25,106.0,1.08,8.48,5.38,1.45,1.48,0.71,,0.18,1.27,,,,,28.98,35.25,1.05,140.75,,0.0,,713.0,
2024-04-28 10:00:00,38.5,88.0,1.1,7.52,4.88,1.3,1.83,0.92,,0.25,1.58,,,,,31.85,27.25,1.38,112.5,,0.0,,712.5,
2024-04-28 11:00:00,29.25,66.25,1.2,6.1,4.18,1.88,0.8,0.94,,0.1,0.7,,,,,33.8,24.0,1.5,115.25,,0.0,,712.0,
2024-04-28 12:00:00,25.25,57.75,1.23,5.62,3.97,1.92,0.2,0.92,,0.0,0.2,,,,,35.0,22.5,1.65,106.5,,0.0,,711.5,
2024-04-28 13:00:00,28.75,65.5,1.25,5.9,4.2,2.0,0.6,0.22,,0.1,0.6,,,,,36.1,22.0,1.75,121.25,,0.0,,710.25,
2024-04-28 14:00:00,27.25,62.0,,,,,1.08,0.23,,0.12,0.92,,,,,36.8,22.5,1.85,98.5,,0.0,,709.25,
2024-04-28 15:00:00,26.5,59.75,,,,,1.15,0.2,,0.15,1.0,,,,,37.2,22.75,1.7,100.0,,0.0,,708.25,
2024-04-28 16:00:00,30.25,69.0,,,,,0.95,0.22,,0.15,0.8,,,,,37.48,22.0,1.55,100.0,,0.0,,708.0,
2024-04-28 17:00:00,28.0,63.0,,,,,,0.17,,,,,,,,37.02,23.5,1.58,91.5,,0.0,,708.25,
2024-04-28 18:00:00,28.75,64.75,,,,,0.2,0.14,,0.0,0.2,,,,,35.25,28.0,1.25,96.25,,0.0,,709.5,
2024-04-28 19:00:00,32.75,74.0,1.35,6.3,4.45,1.8,0.8,0.1,,0.1,0.6,,,,,32.9,31.25,1.52,97.25,,0.0,,710.75,
2024-04-28 20:00:00,36.0,81.75,1.35,6.18,4.38,1.8,0.28,0.06,,0.02,0.25,,,,,31.35,38.0,1.38,103.0,,0.0,,712.0,
2024-04-28 21:00:00,29.75,68.5,1.32,5.7,4.12,1.8,0.32,0.16,,0.02,0.28,,,,,30.0,43.0,1.55,106.0,,0.0,,713.25,
2024-04-28 22:00:00,29.0,66.5,1.4,5.4,4.0,1.82,,0.16,,,,,,,,28.88,45.5,1.23,110.25,,0.0,,714.0,
2024-04-28 23:00:00,28.75,64.5,1.38,6.32,4.47,1.85,,0.17,,,,,,,,28.1,45.0,1.45,116.75,,0.0,,714.0,
2024-04-29 00:00:00,27.0,61.0,1.45,7.6,5.2,1.85,6.8,0.17,,0.83,5.87,,,,,27.62,47.0,0.98,105.25,,0.0,,713.0,
2024-04-29 01:00:00,24.0,54.75,1.32,5.82,4.18,1.98,13.0,0.24,,1.58,11.22,,,,,26.85,51.25,0.8,95.5,,0.0,,712.25,
2024-04-29 02:00:00,25.5,57.75,1.25,7.02,4.78,1.98,14.35,0.2,,1.75,12.42,,,,,26.08,52.5,1.0,149.5,,0.0,,712.0,
2024-04-29 03:00:00,30.0,68.75,1.42,7.25,5.0,1.55,14.75,0.4,,1.8,12.75,,,,,25.88,53.75,1.02,137.0,,0.0,,712.0,
2024-04-29 04:00:00,30.75,69.75,1.5,8.5,5.78,1.98,14.42,0.2,,1.75,12.45,,,,,25.45,56.25,1.32,176.75,,0.0,,712.5,
2024-04-29 05:00:00,33.5,76.0,1.35,10.3,6.58,2.1,15.45,0.24,,1.88,13.32,,,,,25.08,69.5,1.1,188.25,,0.0,,713.0,
2024-04-29 06:00:00,36.0,81.5,1.12,13.9,8.3,1.92,14.35,0.33,,1.75,12.4,,,,,24.35,75.75,1.18,206.25,,0.0,,713.5,
2024-04-29 07:00:00,39.0,89.0,1.3,14.48,8.72,2.0,13.7,0.4,,1.68,11.8,,,,,24.55,68.75,1.48,206.0,,0.0,,714.5,
2024-04-29 08:00:00,37.25,85.0,1.18,11.68,7.18,1.92,11.25,0.38,,1.35,9.68,,,,,25.9,62.5,1.88,190.5,,0.0,,715.0,
2024-04-29 09:00:00,32.25,73.25,1.18,10.58,6.58,2.02,12.38,0.19,,1.5,10.68,,,,,27.22,55.0,1.85,187.25,,0.0,,715.0,
2024-04-29 10:00:00,34.25,77.0,1.48,11.15,7.12,2.0,12.15,0.2,,1.48,10.5,,,,,29.02,47.0,1.45,198.75,,0.0,,715.0,
2024-04-29 11:00:00,37.5,84.75,1.15,13.45,8.1,2.08,12.45,0.22,,1.5,10.78,,,,,31.02,41.0,1.5,221.5,,0.0,,714.5,
2024-04-29 12:00:00,35.0,78.75,1.05,12.58,7.55,1.92,13.7,0.22,,1.68,11.85,,,,,32.82,32.25,1.32,160.25,,0.0,,713.5,
2024-04-29 13:00:00,32.75,74.0,1.15,7.85,5.1,1.9,13.15,0.19,,1.62,11.35,,,,,34.7,30.0,1.45,144.5,,0.0,,712.25,
2024-04-29 14:00:00,33.75,77.25,,,,,12.88,0.18,,1.58,11.12,,,,,35.98,25.0,1.48,119.25,,0.0,,711.0,
2024-04-29 15:00:00,29.0,66.75,,,,,13.12,0.2,,1.6,11.32,,,,,37.1,23.75,1.42,116.0,,0.0,,710.0,
2024-04-29 16:00:00,28.5,65.25,,,,,13.18,0.19,,1.6,11.38,,,,,37.02,25.0,1.42,94.0,,0.0,,709.25,
2024-04-29 17:00:00,35.25,79.5,,,,,13.85,0.23,,1.7,11.92,,,,,36.45,24.75,1.25,119.25,,0.0,,709.75,
2024-04-29 18:00:00,39.5,89.75,,,,,13.58,0.22,,1.68,11.72,,,,,34.9,28.5,1.08,105.5,,0.0,,710.25,
2024-04-29 19:00:00,62.25,141.25,1.3,10.6,6.7,1.9,12.15,0.21,,1.48,10.5,,,,,32.95,31.5,0.95,100.0,,0.0,,711.0,
2024-04-29 20:00:00,73.75,167.25,1.4,13.98,8.57,1.9,14.72,0.14,,1.8,12.72,,,,,31.38,32.5,0.85,84.75,,0.0,,712.0,
2024-04-29 21:00:00,75.5,172.0,1.32,12.65,7.82,1.92,16.12,0.18,,1.95,13.9,,,,,30.45,34.25,1.02,85.25,,0.0,,713.0,
2024-04-29 22:00:00,57.5,131.0,1.18,8.0,5.22,2.1,16.5,0.31,,2.0,14.25,,,,,29.5,37.25,1.27,100.5,,0.0,,713.75,
2024-04-29 23:00:00,34.0,77.75,1.25,6.72,4.58,2.15,15.08,0.32,,1.85,13.02,,,,,28.7,40.5,1.08,86.75,,0.0,,713.25,
2024-04-30 00:00:00,29.5,67.5,1.18,5.6,3.92,2.1,11.53,0.26,,1.37,9.97,,,,,27.9,44.0,0.95,99.0,,0.0,,712.5,
2024-04-30 01:00:00,25.25,57.5,1.3,5.62,4.1,2.05,8.75,0.26,,1.08,7.52,,,,,27.15,45.0,0.85,95.25,,0.0,,712.0,
2024-04-30 02:00:00,27.75,63.25,1.4,7.22,5.0,1.78,12.15,0.21,,1.48,10.5,,,,,26.65,44.5,0.8,117.75,,0.0,,711.5,
2024-04-30 03:00:00,34.5,79.25,1.18,8.52,5.48,1.32,11.15,0.24,,1.38,9.6,,,,,26.42,44.75,0.92,130.5,,0.0,,711.0,
2024-04-30 04:00:00,42.75,97.5,1.2,8.8,5.65,1.45,10.4,0.28,,1.27,8.98,,,,,26.1,46.25,0.95,140.25,,0.0,,711.0,
2024-04-30 05:00:00,52.25,118.75,1.4,11.28,7.12,1.55,10.58,0.2,,1.25,9.12,,,,,25.68,51.75,1.0,180.0,,0.0,,711.5,
2024-04-30 06:00:00,46.0,103.75,1.38,12.42,7.7,1.98,11.05,0.21,,1.35,9.55,,,,,25.28,57.25,1.23,166.75,,0.0,,712.0,
2024-04-30 07:00:00,44.0,99.25,1.25,11.7,7.22,1.78,11.12,0.21,,1.32,9.62,,,,,25.48,59.5,1.52,176.25,,0.0,,712.75,
2024-04-30 08:00:00,47.0,106.0,1.25,11.12,6.9,1.8,7.9,0.24,,0.95,6.82,,,,,26.62,57.75,1.68,188.75,,0.0,,713.5,
2024-04-30 09:00:00,45.0,101.75,1.4,10.48,6.7,1.82,8.95,0.32,,1.1,7.75,,,,,28.1,50.25,1.45,189.75,,0.0,,714.0,
2024-04-30 10:00:00,39.75,90.5,1.33,10.0,6.4,1.87,8.6,0.35,,0.88,3.92,,,,,29.98,44.5,1.6,196.25,,0.0,,713.0,
2024-04-30 11:00:00,40.25,91.25,1.25,12.65,7.75,1.9,7.92,0.39,,0.78,3.42,,,,,31.62,38.75,1.3,192.0,,0.0,,712.5,
2024-04-30 12:00:00,35.25,80.5,,,,,8.72,0.41,,0.85,3.75,,,,,33.53,35.0,1.45,209.0,,0.0,,711.5,
2024-04-30 13:00:00,44.25,100.5,,,,,9.0,0.2,,0.9,3.88,,,,,34.95,30.75,1.45,174.75,,0.0,,709.75,
2024-04-30 14:00:00,59.75,135.0,,,,,7.3,0.2,,0.7,3.15,,,,,36.52,27.25,1.62,155.5,,0.0,,708.5,
2024-04-30 15:00:00,32.25,73.0,,,,,6.6,0.2,,0.65,2.82,,,,,37.33,26.0,1.42,146.5,,0.0,,708.0,
2024-04-30 16:00:00,31.67,72.67,,,,,6.85,0.22,,0.68,2.98,,,,,37.6,26.0,1.25,101.5,,0.0,,707.25,
2024-04-30 17:00:00,31.0,70.25,,,,,7.43,0.28,,0.72,3.2,,,,,37.0,29.25,1.55,109.75,,0.0,,708.0,
2024-04-30 18:00:00,39.25,88.5,,,,,7.62,0.27,,0.75,3.3,,,,,35.28,32.0,1.38,104.25,,0.0,,708.5,
2024-04-30 19:00:00,48.5,110.5,,,,,7.93,0.27,,0.8,3.42,,,,,33.4,33.25,1.32,106.25,,0.0,,709.5,
2024-04-30 20:00:00,54.75,124.0,1.43,11.53,7.3,1.9,7.15,0.22,,0.7,3.08,,,,,32.35,32.5,1.58,112.75,,0.0,,710.5,
2024-04-30 21:00:00,52.0,117.25,1.23,10.02,6.32,1.7,7.25,0.29,,0.7,3.12,,,,,31.62,37.25,1.52,109.25,,0.0,,711.0,
2024-04-30 22:00:00,49.75,112.5,1.3,7.0,4.78,2.02,7.55,0.26,,0.72,3.28,,,,,30.55,35.75,1.18,111.0,,0.0,,711.75,
2024-04-30 23:00:00,34.0,78.0,1.53,12.2,7.73,1.97,7.83,0.23,,0.77,3.4,,,,,29.8,40.67,1.37,167.0,,0.0,,712.0,
2024-05-01 00:00:00,50.25,114.0,1.23,11.95,7.38,1.75,6.63,0.23,,0.63,2.9,,,,,28.88,65.5,1.65,220.75,,0.0,,711.5,
2024-05-01 01:00:00,48.25,110.25,1.27,9.43,6.02,1.65,7.0,0.25,,0.7,3.02,,,,,27.38,69.25,1.52,225.5,,0.0,,710.5,
2024-05-01 02:00:00,42.75,96.5,1.12,8.48,5.42,1.72,6.85,0.22,,0.68,2.95,,,,,26.48,72.0,1.9,213.75,,0.0,,710.0,
2024-05-01 03:00:00,47.5,107.75,1.2,7.82,5.15,1.65,6.95,0.23,,0.68,2.98,,,,,25.6,74.5,1.78,203.5,,0.0,,709.25,
2024-05-01 04:00:00,37.0,83.25,1.35,8.55,5.62,1.68,5.12,0.2,,0.48,2.22,,,,,24.85,76.5,1.52,207.0,,0.0,,709.25,
2024-05-01 05:00:00,38.0,86.25,1.5,10.48,6.78,1.8,7.6,0.16,,0.75,3.3,,,,,24.32,77.25,1.48,214.5,,0.0,,710.0,
2024-05-01 06:00:00,42.0,95.5,1.28,12.45,7.68,1.75,9.95,0.13,,0.98,4.3,,,,,24.08,77.75,1.48,209.25,,0.0,,710.25,
2024-05-01 07:00:00,46.5,106.0,1.02,12.95,7.72,1.82,6.48,0.12,,0.62,2.78,,,,,24.3,74.0,1.62,227.25,,0.0,,711.0,
2024-05-01 08:00:00,256.5,115.0,1.35,13.5,8.28,1.72,6.12,0.23,,0.6,2.65,,,,,25.6,68.5,1.75,243.75,,0.0,,712.0,
2024-05-01 09:00:00,873.0,,1.25,12.7,7.78,1.62,6.98,0.33,,0.68,3.03,,,,,27.28,61.5,1.82,231.75,,0.0,,711.75,
2024-05-01 10:00:00,873.0,,1.35,12.28,7.62,1.52,7.32,0.33,,0.72,3.15,,,,,29.2,54.5,1.85,223.0,,0.0,,711.0,
2024-05-01 11:00:00,667.0,111.0,1.52,15.08,9.25,1.88,8.57,0.36,,0.85,3.7,,,,,31.2,48.25,1.75,249.5,,0.0,,710.5,
2024-05-01 12:00:00,47.75,108.25,1.18,13.85,8.3,1.9,8.15,0.38,,0.8,3.52,,,,,33.18,42.75,1.48,206.25,,0.0,,709.5,
2024-05-01 13:00:00,42.75,97.25,1.0,11.15,6.75,1.8,7.8,0.21,,0.78,3.38,,,,,34.98,38.0,1.48,194.75,,0.0,,708.25,
2024-05-01 14:00:00,37.75,86.0,,,,,7.88,0.22,,0.78,3.4,,,,,36.15,35.5,1.4,161.0,,0.0,,707.25,
2024-05-01 15:00:00,32.75,74.5,,,,,7.7,0.22,,0.78,3.35,,,,,36.45,32.0,1.15,131.25,,0.0,,706.25,
2024-05-01 16:00:00,31.25,72.0,,,,,8.22,0.22,,0.8,3.52,,,,,36.98,31.0,0.92,173.25,,0.0,,706.0,
2024-05-01 17:00:00,39.25,89.5,,,,,8.43,0.21,,0.8,3.62,,,,,36.95,31.75,0.78,151.0,,0.0,,706.0,
2024-05-01 18:00:00,56.0,126.5,,,,,9.45,0.2,,0.92,4.08,,,,,35.6,34.75,0.55,117.0,,0.0,,706.75,
2024-05-01 19:00:00,113.25,256.5,,,,,10.42,0.2,,1.0,4.5,,,,,33.3,38.75,0.57,32.75,,0.0,,707.5,
2024-05-01 20:00:00,171.5,389.25,1.98,67.6,37.58,3.62,10.48,0.17,,1.0,4.5,,,,,31.55,41.25,0.55,29.0,,0.0,,708.5,
2024-05-01 21:00:00,163.5,371.75,1.2,61.5,33.12,2.2,13.88,0.21,,1.35,6.0,,,,,30.88,39.75,1.05,96.5,,0.0,,709.0,
2024-05-01 22:00:00,97.75,222.0,0.75,15.58,8.9,1.15,14.77,0.21,,1.45,6.38,,,,,31.02,47.0,1.6,178.25,,0.0,,710.0,
2024-05-01 23:00:00,64.75,147.75,1.23,10.1,6.38,1.52,11.75,0.23,,1.12,5.08,,,,,30.3,60.75,1.6,183.25,,0.0,,710.0,
2024-05-02 00:00:00,55.0,125.0,1.12,8.18,5.28,1.6,9.17,0.31,,0.87,3.93,,,,,28.55,65.5,1.75,202.0,,0.0,,709.5,
2024-05-02 01:00:00,44.5,101.0,1.2,7.35,4.88,1.6,7.62,0.19,,0.75,3.28,,,,,27.52,71.25,1.6,203.0,,0.0,,709.0,
2024-05-02 02:00:00,40.0,91.75,1.23,7.52,5.0,1.75,7.2,0.25,,0.7,3.1,,,,,26.48,74.5,1.45,219.25,,0.0,,709.0,
2024-05-02 03:00:00,39.5,90.0,1.18,8.15,5.3,1.7,6.68,0.25,,0.65,2.88,,,,,25.72,76.75,1.5,214.25,,0.0,,709.0,
2024-05-02 04:00:00,38.25,87.25,1.32,8.52,5.58,1.82,7.22,0.24,,0.7,3.1,,,,,25.4,77.5,1.52,208.0,,0.0,,709.0,
2024-05-02 05:00:00,39.75,89.75,1.5,10.48,6.78,1.85,5.48,0.22,,0.52,2.35,,,,,25.02,79.0,1.23,211.25,,0.0,,709.5,
2024-05-02 06:00:00,43.5,98.75,1.45,14.85,9.07,1.95,4.4,0.21,,0.43,1.88,,,,,24.85,77.5,1.32,233.5,,0.0,,710.5,
2024-05-02 07:00:00,49.75,113.5,1.4,16.32,9.83,2.05,5.48,0.15,,0.55,2.38,,,,,25.22,75.0,1.52,237.0,,0.0,,711.25,
2024-05-02 08:00:00,55.0,124.25,1.18,15.32,9.1,1.8,6.92,0.15,,0.7,2.98,,,,,26.28,69.25,1.65,219.25,,0.0,,712.0,
2024-05-02 09:00:00,58.0,132.0,1.45,18.98,11.3,1.82,6.82,0.23,,0.65,2.95,,,,,27.98,61.5,1.55,244.25,,0.0,,712.0,
2024-05-02 10:00:00,71.25,162.5,1.25,23.22,13.38,1.98,6.38,0.26,,0.65,2.75,,,,,30.32,51.75,1.48,247.5,,0.0,,711.75,
2024-05-02 11:00:00,82.0,186.5,0.95,20.9,11.85,1.8,5.4,0.29,,0.52,2.3,,,,,32.65,44.25,1.58,218.0,,0.0,,711.0,
2024-05-02 12:00:00,74.75,170.0,,,,,7.15,0.31,,0.72,3.08,,,,,34.35,39.75,1.52,227.75,,0.0,,709.75,
2024-05-02 13:00:00,66.5,150.75,,,,,7.43,0.29,,0.72,3.2,,,,,35.8,35.75,1.32,215.5,,0.0,,708.5,
2024-05-02 14:00:00,52.5,119.25,,,,,6.92,0.3,,0.68,2.98,,,,,37.2,32.75,1.45,216.25,,0.0,,707.5,
2024-05-02 15:00:00,53.5,122.25,,,,,,0.22,,,,,,,,37.85,30.75,1.3,195.0,,0.0,,706.25,
2024-05-02 16:00:00,58.5,132.5,,,,,,0.71,,,,,,,,38.02,30.25,1.08,140.75,,0.0,,706.0,
2024-05-02 17:00:00,52.0,118.5,,,,,,0.09,,,,,,,,37.7,31.0,0.72,113.5,,0.0,,707.0,
2024-05-02 18:00:00,75.5,172.5,,,,,,,,,,,,,,35.67,41.25,1.85,100.25,,0.0,,708.5,
2024-05-02 19:00:00,116.0,264.0,,,,,,,,,,,,,,31.43,71.25,1.38,182.0,,0.0,,710.75,
2024-05-02 20:00:00,49.75,112.75,,,,,,0.22,,,,,,,,26.22,66.75,1.08,90.5,,0.0,,711.0,
2024-05-02 21:00:00,39.25,89.5,,,,,,,,,,,,,,26.85,57.25,0.75,82.25,,0.0,,711.0,
2024-05-02 22:00:00,58.75,134.25,,,,,,,,,,,,,,27.68,57.75,0.78,59.5,,0.0,,711.0,
2024-05-02 23:00:00,104.25,237.25,,,,,,,,,,,,,,27.88,57.25,0.72,77.75,,0.0,,711.0,
2024-05-03 00:00:00,56.0,128.0,,,,,,,,,,,,,,27.88,56.5,0.7,164.0,,0.0,,710.5,
2024-05-03 01:00:00,,,,,,,,,,,,,,,,,,,,,0.0,,,
2024-05-03 02:00:00,,,,,,,,,,,,,,,,,,,,,0.0,,,
2024-05-03 03:00:00,,,,,,,,,,,,,,,,,,,,,0.0,,,
2024-05-03 04:00:00,,,,,,,,,,,,,,,,,,,,,0.0,,,
2024-05-03 05:00:00,,,,,,,,,,,,,,,,,,,,,0.0,,,
2024-05-03 06:00:00,,,,,,,,,,,,,,,,,,,,,0.0,,,
2024-05-03 07:00:00,,,,,,,,,,,,,,,,,,,,,0.0,,,
2024-05-03 08:00:00,,,,,,,,,,,,,,,,,,,,,0.0,,,
2024-05-03 09:00:00,,,,,,,,,,,,,,,,,,,,,0.0,,,
2024-05-03 10:00:00,,,,,,,,,,,,,,,,,,,,,0.0,,,
2024-05-03 11:00:00,,,,,,,,,,,,,,,,,,,,,0.0,,,
2024-05-03 12:00:00,,,,,,,,,,,,,,,,,,,,,0.0,,,
2024-05-03 13:00:00,,,,,,,,,,,,,,,,,,,,,0.0,,,
2024-05-03 14:00:00,,,,,,,,,,,,,,,,,,,,,0.0,,,
2024-05-03 15:00:00,,,,,,,,,,,,,,,,,,,,,0.0,,,
2024-05-03 16:00:00,,,,,,,,,,,,,,,,,,,,,0.0,,,
2024-05-03 17:00:00,,,,,,,,,,,,,,,,,,,,,0.0,,,
2024-05-03 18:00:00,,,,,,,,,,,,,,,,,,,,,0.0,,,
2024-05-03 19:00:00,,,,,,,,,,,,,,,,,,,,,0.0,,,
2024-05-03 20:00:00,,,,,,,,,,,,,,,,,,,,,0.0,,,
2024-05-03 21:00:00,,,,,,,,,,,,,,,,,,,,,0.0,,,
2024-05-03 22:00:00,,,,,,,,,,,,,,,,,,,,,0.0,,,
2024-05-03 23:00:00,,,,,,,,,,,,,,,,,,,,,0.0,,,
2024-05-04 00:00:00,,,,,,,,,,,,,,,,,,,,,0.0,,,
2024-05-04 01:00:00,,,,,,,,,,,,,,,,,,,,,0.0,,,
2024-05-04 02:00:00,,,,,,,,,,,,,,,,,,,,,0.0,,,
2024-05-04 03:00:00,,,,,,,,,,,,,,,,,,,,,0.0,,,
2024-05-04 04:00:00,,,,,,,,,,,,,,,,,,,,,0.0,,,
2024-05-04 05:00:00,,,,,,,,,,,,,,,,,,,,,0.0,,,
2024-05-04 06:00:00,,,,,,,,,,,,,,,,,,,,,0.0,,,
2024-05-04 07:00:00,,,,,,,,,,,,,,,,,,,,,0.0,,,
2024-05-04 08:00:00,,,,,,,,,,,,,,,,,,,,,0.0,,,
2024-05-04 09:00:00,,,,,,,,,,,,,,,,,,,,,0.0,,,
2024-05-04 10:00:00,,,,,,,,,,,,,,,,,,,,,0.0,,,
2024-05-04 11:00:00,,,,,,,,,,,,,,,,,,,,,0.0,,,
2024-05-04 12:00:00,,,,,,,,,,,,,,,,,,,,,0.0,,,
2024-05-04 13:00:00,285.0,203.0,,,,,17.5,0.23,,1.7,7.55,,,,,30.0,36.0,1.67,242.67,,0.0,,710.0,
2024-05-04 14:00:00,682.25,250.0,1.03,15.53,9.1,4.0,20.5,2.71,,2.0,8.85,,,,,36.0,32.5,1.52,211.25,,0.0,,708.75,
2024-05-04 15:00:00,136.5,310.0,1.42,15.42,9.35,6.25,20.3,2.42,,1.98,8.78,,,,,37.02,28.75,1.3,219.25,,0.0,,708.0,
2024-05-04 16:00:00,199.5,452.75,1.6,13.9,8.67,7.63,20.12,2.37,,1.98,8.67,,,,,37.38,27.0,1.48,234.75,,0.0,,707.25,
2024-05-04 17:00:00,142.67,324.0,,,,,20.12,0.33,,1.95,8.68,,,,,37.03,26.25,1.12,183.0,,0.0,,708.0,
2024-05-04 18:00:00,132.0,299.5,2.0,34.35,19.9,2.35,20.38,0.2,,1.98,8.8,,,,,35.72,30.75,0.65,81.25,,0.0,,709.0,
2024-05-04 19:00:00,151.25,344.25,1.4,43.78,24.42,2.9,21.4,0.14,,2.08,9.25,,,,,32.85,34.25,0.82,103.0,,0.0,,710.25,
2024-05-04 20:00:00,142.75,324.25,0.45,18.75,10.35,2.25,23.2,0.1,,2.25,10.02,,,,,30.7,51.5,1.27,101.25,,0.0,,711.25,
2024-05-04 21:00:00,55.25,125.5,1.48,12.5,7.82,1.5,23.3,0.24,,2.28,10.05,,,,,28.88,56.75,1.12,133.5,,0.0,,712.0,
2024-05-04 22:00:00,69.5,158.25,1.32,14.7,8.9,1.62,22.65,0.24,,2.18,9.78,,,,,27.78,58.25,1.0,160.25,,0.0,,712.0,
2024-05-04 23:00:00,79.5,180.75,1.3,14.92,8.98,1.88,22.52,0.19,,2.2,9.7,,,,,27.32,60.5,1.45,189.0,,0.0,,711.0,
2024-05-05 00:00:00,65.0,147.25,1.32,13.82,8.43,2.0,14.13,0.2,,1.37,4.2,,,,,26.9,66.0,1.83,189.75,,0.0,,710.75,
2024-05-05 01:00:00,52.5,119.75,1.05,10.07,6.2,2.08,9.52,0.28,,0.92,2.02,,,,,26.05,72.25,1.65,203.0,,0.0,,710.0,
2024-05-05 02:00:00,55.0,125.0,1.3,9.72,6.25,2.08,8.72,0.26,,0.85,1.88,,,,,25.15,74.5,1.35,208.25,,0.0,,709.0,
2024-05-05 03:00:00,65.75,149.25,1.53,10.18,6.62,2.1,9.67,0.22,,0.93,2.07,,,,,24.65,75.0,1.32,225.75,,0.0,,709.0,
2024-05-05 04:00:00,65.0,148.0,0.95,11.35,6.82,2.15,8.93,0.2,,0.88,1.95,,,,,24.38,76.5,1.65,240.0,,0.0,,709.0,
2024-05-05 05:00:00,71.75,163.5,1.05,12.18,7.32,2.33,8.7,0.26,,0.88,1.88,,,,,23.92,78.25,1.65,241.5,,0.0,,709.75,
2024-05-05 06:00:00,71.0,160.67,1.3,14.9,8.98,2.3,8.35,0.24,,0.8,1.82,,,,,23.67,78.75,1.38,232.25,,0.0,,710.75,
2024-05-05 07:00:00,78.67,178.67,1.62,15.65,9.65,2.33,8.38,0.22,,0.8,1.8,,,,,24.0,73.75,1.4,222.75,,0.0,,711.5,
2024-05-05 08:00:00,71.0,162.0,1.5,14.7,9.05,2.22,8.62,0.25,,0.85,1.85,,,,,25.3,68.5,1.72,241.0,,0.0,,712.0,
2024-05-05 09:00:00,72.5,165.0,0.98,14.88,8.72,2.15,7.75,0.21,,0.78,1.68,,,,,26.8,60.75,1.62,225.75,,0.0,,712.0,
2024-05-05 10:00:00,70.0,159.75,1.07,15.2,8.97,2.1,8.12,0.19,,0.8,1.75,,,,,28.8,52.5,1.75,231.25,,0.0,,711.75,
2024-05-05 11:00:00,67.5,154.0,,,,,8.07,0.18,,0.78,1.78,,,,,30.78,44.0,1.8,228.75,,0.0,,711.0,
2024-05-05 12:00:00,68.25,155.25,,,,,8.0,0.18,,0.78,1.72,,,,,32.6,38.0,1.9,252.75,,0.0,,710.0,
2024-05-05 13:00:00,64.25,145.75,,,,,7.48,0.23,,0.72,1.62,,,,,34.17,34.0,1.62,226.25,,0.0,,709.0,
2024-05-05 14:00:00,56.0,126.25,,,,,9.1,0.22,,0.9,1.95,,,,,35.5,29.75,1.5,220.75,,0.0,,708.0,
2024-05-05 15:00:00,47.25,106.75,,,,,8.57,0.2,,0.82,1.85,,,,,36.22,27.25,1.52,218.5,,0.0,,707.25,
2024-05-05 16:00:00,49.5,112.5,,,,,8.78,0.17,,0.88,1.9,,,,,36.67,24.5,1.27,230.5,,0.0,,707.0,
2024-05-05 17:00:00,54.0,123.0,,,,,8.02,0.18,,0.78,1.75,,,,,36.6,24.5,1.05,229.0,,0.0,,707.25,
2024-05-05 18:00:00,57.25,130.5,,,,,6.8,0.17,,0.68,1.42,,,,,35.5,27.5,0.78,220.75,,0.0,,708.0,
2024-05-05 19:00:00,72.25,165.0,,,,,6.82,0.14,,0.68,1.48,,,,,33.45,34.25,0.65,194.5,,0.0,,708.75,
2024-05-05 20:00:00,85.25,194.25,1.43,26.9,15.47,2.37,10.42,0.12,,1.02,2.22,,,,,31.55,36.0,0.52,158.75,,0.0,,709.5,
2024-05-05 21:00:00,74.5,168.5,1.6,23.95,14.02,2.3,10.25,0.24,,1.0,2.22,,,,,30.88,35.25,0.8,218.25,,0.0,,710.5,
2024-05-05 22:00:00,68.33,155.0,1.38,19.12,11.25,2.25,10.2,0.23,,1.0,2.22,,,,,30.83,38.5,1.32,202.75,,0.0,,711.0,
2024-05-05 23:00:00,68.0,154.25,1.42,17.62,10.52,2.4,9.8,0.24,,0.98,2.08,,,,,29.95,43.5,1.42,189.0,,0.0,,711.0,
2024-05-06 00:00:00,54.75,124.5,1.45,12.38,7.78,2.17,8.63,0.24,,0.83,1.87,,,,,28.58,51.25,1.65,179.0,,0.0,,710.75,
2024-05-06 01:00:00,41.25,94.25,1.18,9.22,5.85,2.25,6.88,0.19,,0.68,1.48,,,,,27.38,55.5,1.52,184.5,,0.0,,710.0,
2024-05-06 02:00:00,42.25,96.25,1.3,10.1,6.42,2.33,6.65,0.18,,0.65,1.42,,,,,26.5,59.5,1.25,208.25,,0.0,,709.75,
2024-05-06 03:00:00,49.25,111.75,1.07,9.72,6.02,2.25,5.97,0.18,,0.6,1.3,,,,,25.72,66.75,1.75,201.0,,0.0,,709.0,
2024-05-06 04:00:00,40.5,92.0,1.48,9.65,6.32,2.25,5.8,0.16,,0.57,1.27,,,,,25.02,73.25,1.45,214.5,,0.0,,710.0,
2024-05-06 05:00:00,42.25,96.25,1.45,13.68,8.48,2.5,5.18,0.27,,0.5,1.12,,,,,24.4,74.0,1.38,238.0,,0.0,,710.75,
2024-05-06 06:00:00,53.5,121.25,1.12,18.52,10.82,2.55,6.2,0.26,,0.62,1.32,,,,,24.05,74.25,1.4,233.0,,0.0,,711.0,
2024-05-06 07:00:00,56.25,127.5,1.15,16.82,9.88,2.48,6.88,0.25,,0.65,1.48,,,,,24.1,73.25,1.42,206.25,,0.0,,712.0,
2024-05-06 08:00:00,53.5,122.25,1.35,15.98,9.6,2.15,5.7,0.27,,0.55,1.23,,,,,25.08,67.25,1.65,225.0,,0.0,,712.25,
2024-05-06 09:00:00,62.75,142.0,1.35,18.7,11.08,2.4,5.8,0.2,,0.55,1.25,,,,,26.6,61.75,1.8,230.75,,0.0,,713.0,
2024-05-06 10:00:00,71.0,161.0,1.25,23.12,13.28,2.33,6.8,0.2,,0.68,1.45,,,,,28.3,55.0,1.6,240.5,,0.0,,712.75,
2024-05-06 11:00:00,74.0,168.5,1.1,17.6,10.3,2.05,5.58,0.19,,0.55,1.2,,,,,30.25,48.75,1.45,206.5,,0.0,,712.0,
2024-05-06 12:00:00,60.0,136.75,,,,,2.97,0.21,,0.3,0.65,,,,,31.98,44.25,1.55,239.5,,0.0,,711.0,
2024-05-06 13:00:00,70.5,159.5,,,,,2.6,0.24,,0.25,0.55,,,,,33.55,40.75,1.42,209.0,,0.0,,710.25,
2024-05-06 14:00:00,68.0,154.0,,,,,4.57,0.24,,0.43,0.98,,,,,35.17,38.25,1.4,213.5,,0.0,,708.75,
2024-05-06 15:00:00,72.67,165.33,,,,,5.55,0.26,,0.52,1.2,,,,,35.8,36.75,1.32,205.0,,0.0,,708.0,
2024-05-06 16:00:00,75.75,172.0,,,,,5.92,0.28,,0.6,1.25,,,,,35.98,37.25,1.48,231.5,,0.0,,708.0,
2024-05-06 17:00:00,85.0,193.0,,,,,5.6,0.18,,0.52,1.23,,,,,35.12,44.0,1.62,121.5,,0.0,,708.5,
2024-05-06 18:00:00,90.75,206.0,,,,,5.62,0.16,,0.57,1.2,,,,,31.38,58.0,1.32,233.5,,0.0,,709.75,
2024-05-06 19:00:00,70.75,161.25,1.3,26.97,15.4,1.9,4.18,0.15,,0.4,0.9,,,,,27.02,60.25,1.32,206.75,,0.0,,709.75,
2024-05-06 20:00:00,64.25,146.75,1.2,19.05,11.1,1.7,5.3,0.16,,0.52,1.15,,,,,26.35,63.75,1.58,169.75,,0.0,,710.25,
2024-05-06 21:00:00,52.0,119.0,1.27,21.88,12.65,1.88,6.78,0.24,,0.65,1.48,,,,,25.05,69.5,1.08,113.0,,0.0,,711.0,
2024-05-06 22:00:00,38.25,88.0,0.75,17.73,10.07,1.85,7.15,0.24,,0.68,1.52,,,,,24.8,74.75,1.1,134.25,,0.0,,714.0,
2024-05-06 23:00:00,28.0,64.5,1.05,8.5,5.35,1.95,6.85,0.23,,0.7,1.48,,,,,23.05,84.5,1.4,78.0,,0.0,,714.5,
2024-05-07 00:00:00,12.25,28.25,1.15,7.78,5.08,2.0,5.67,0.22,,0.57,1.23,,,,,21.28,88.0,1.12,93.0,,0.0,,712.75,
2024-05-07 01:00:00,9.5,22.0,1.3,6.52,4.53,2.12,5.4,0.21,,0.55,1.15,,,,,20.88,87.5,1.45,108.25,,0.0,,712.0,
2024-05-07 02:00:00,8.5,19.75,1.38,8.12,5.42,2.22,3.97,0.18,,0.4,0.88,,,,,20.88,82.0,1.35,130.0,,0.0,,712.0,
2024-05-07 03:00:00,12.0,27.0,1.27,8.38,5.52,1.98,5.87,0.15,,0.57,1.27,,,,,21.4,71.75,1.35,163.5,,0.0,,712.0,
2024-05-07 04:00:00,18.5,42.5,1.38,10.62,6.78,2.3,6.75,0.14,,0.68,1.48,,,,,22.28,60.25,1.0,208.0,,0.0,,711.5,
2024-05-07 05:00:00,28.0,63.33,1.27,15.05,9.05,2.52,6.05,0.19,,0.57,1.3,,,,,22.87,67.0,1.18,234.75,,0.0,,712.0,
2024-05-07 06:00:00,34.0,77.0,1.35,18.2,10.75,2.62,6.22,0.18,,0.6,1.35,,,,,22.3,72.5,1.45,250.5,,0.0,,712.0,
2024-05-07 07:00:00,39.0,89.0,1.1,21.25,12.2,2.55,4.45,0.18,,0.43,0.95,,,,,22.3,71.0,1.8,248.0,,0.0,,712.0,
2024-05-07 08:00:00,35.25,79.5,1.08,17.35,10.1,2.38,4.7,0.21,,0.48,1.0,,,,,23.58,61.5,1.0,180.0,,0.0,,713.5,
2024-05-07 09:00:00,29.0,66.5,1.08,12.75,7.68,2.35,3.55,0.18,,0.32,0.78,,,,,25.8,57.75,1.48,179.25,,0.0,,714.0,
2024-05-07 10:00:00,27.5,62.5,1.4,11.3,7.18,2.22,3.53,0.17,,0.35,0.78,,,,,26.9,54.25,1.3,161.25,,0.0,,714.0,
2024-05-07 11:00:00,32.67,74.67,1.4,10.25,6.58,2.25,3.98,0.18,,0.43,0.85,,,,,28.9,48.0,1.48,157.25,,0.0,,713.75,
2024-05-07 12:00:00,32.75,75.25,1.25,11.25,6.98,2.2,3.78,0.18,,0.4,0.82,,,,,30.3,41.5,1.32,176.25,,0.0,,712.75,
2024-05-07 13:00:00,31.25,71.75,1.32,10.12,6.48,2.25,3.08,0.26,,0.3,0.68,,,,,31.85,40.25,1.2,191.25,,0.0,,712.0,
2024-05-07 14:00:00,37.67,85.67,1.15,11.05,6.8,2.15,0.55,0.26,,0.1,0.1,,,,,33.17,39.0,1.4,156.5,,0.0,,711.0,
2024-05-07 15:00:00,34.75,79.75,1.33,9.3,6.0,2.2,1.4,0.28,,0.15,0.3,,,,,33.78,38.25,1.38,126.25,,0.0,,710.0,
2024-05-07 16:00:00,29.0,66.25,1.25,9.05,5.85,2.1,3.32,0.27,,0.35,0.72,,,,,34.0,38.0,1.23,112.0,,0.0,,709.25,
2024-05-07 17:00:00,34.5,78.75,1.42,9.28,6.1,1.98,3.02,0.27,,0.3,0.65,,,,,33.7,38.75,1.18,143.0,,0.0,,710.0,
2024-05-07 18:00:00,51.5,117.5,1.18,14.12,8.48,1.95,1.38,0.25,,0.12,0.32,,,,,32.38,43.75,0.98,158.0,,0.0,,716.75,
2024-05-07 19:00:00,82.75,188.0,1.35,19.9,11.7,1.85,2.42,0.24,,0.25,0.5,,,,,30.85,44.25,1.02,142.75,,0.0,,712.0,
2024-05-07 20:00:00,85.0,192.75,1.12,19.12,11.1,1.9,3.38,0.23,,0.35,0.72,,,,,29.85,48.75,0.98,112.75,,0.0,,712.25,
2024-05-07 21:00:00,66.5,152.0,1.2,18.62,10.88,1.88,3.5,0.21,,0.35,0.78,,,,,28.7,50.5,0.95,132.25,,0.0,,712.75,
2024-05-07 22:00:00,73.5,167.75,1.35,17.82,10.58,1.45,6.08,0.21,,0.6,1.3,,,,,28.18,52.5,0.78,175.0,,0.0,,713.0,
2024-05-07 23:00:00,94.33,214.33,1.1,20.38,11.75,1.48,6.58,0.21,,0.62,1.42,,,,,27.53,58.5,1.55,259.0,,0.0,,713.5,
2024-05-08 00:00:00,87.75,199.5,1.32,15.92,9.57,2.0,7.5,0.21,,0.73,1.63,,,,,26.8,67.25,1.25,263.25,,0.0,,713.0,
2024-05-08 01:00:00,71.5,162.5,1.15,14.2,8.5,2.02,7.62,0.22,,0.72,1.65,,,,,26.1,69.5,1.38,270.0,,0.0,,712.75,
2024-05-08 02:00:00,51.67,117.67,1.23,13.12,7.98,2.08,6.42,0.23,,0.62,1.38,,,,,25.63,71.0,1.15,257.0,,0.0,,712.25,
2024-05-08 03:00:00,49.33,111.67,1.5,12.72,7.95,2.2,5.5,0.24,,0.52,1.18,,,,,25.2,72.75,1.1,268.5,,0.0,,712.0,
2024-05-08 04:00:00,49.0,111.75,1.27,13.95,8.48,2.22,6.15,0.24,,0.62,1.32,,,,,25.0,73.5,1.27,283.0,,0.0,,712.25,
2024-05-08 05:00:00,55.5,126.5,1.27,14.22,8.57,2.15,6.22,0.25,,0.62,1.35,,,,,24.85,75.25,1.3,218.25,,0.0,,713.25,
2024-05-08 06:00:00,38.75,88.75,1.27,9.6,6.18,2.22,5.45,0.25,,0.52,1.18,,,,,23.55,80.75,1.27,103.25,,0.0,,714.75,
2024-05-08 07:00:00,14.0,31.75,1.4,10.35,6.65,2.38,5.48,0.24,,0.52,1.18,,,,,21.15,80.5,0.98,111.5,,0.0,,715.0,
2024-05-08 08:00:00,21.75,49.0,1.15,9.15,5.82,2.38,5.8,0.24,,0.57,1.23,,,,,22.1,72.0,1.2,94.75,,0.0,,715.0,
2024-05-08 09:00:00,18.0,40.0,1.23,7.4,4.95,2.28,4.82,0.23,,0.5,1.02,,,,,24.25,65.0,1.2,106.0,,0.0,,715.0,
2024-05-08 10:00:00,22.25,49.75,1.38,8.43,5.6,2.18,4.58,0.25,,0.42,1.0,,,,,26.7,58.75,1.15,164.75,,0.0,,714.25,
2024-05-08 11:00:00,39.75,90.0,1.23,10.85,6.78,2.02,2.07,0.25,,0.17,0.43,,,,,28.5,54.75,1.2,179.75,,0.0,,713.5,
2024-05-08 12:00:00,49.0,111.75,1.15,10.2,6.4,1.82,,0.29,,,,,,,,29.72,50.75,1.45,182.5,,0.0,,712.0,
2024-05-08 13:00:00,243.75,78.0,1.5,9.7,6.4,2.1,1.17,0.25,,0.1,0.23,,,,,31.35,44.25,1.38,188.0,,0.0,,710.5,
2024-05-08 14:00:00,662.75,72.0,1.5,12.6,7.9,2.0,1.6,0.35,,0.15,0.35,,,,,33.28,41.0,1.5,177.75,,0.0,,709.5,
2024-05-08 15:00:00,33.75,76.0,,,,,2.63,0.34,,0.27,0.57,,,,,33.33,39.75,1.42,185.25,,0.0,,709.0,
2024-05-08 16:00:00,25.0,86.75,,,,,,0.23,,,,,,,,33.35,41.5,1.35,150.0,,0.0,,708.0,
2024-05-08 17:00:00,17.75,93.75,,,,,,0.21,,,,,,,,31.57,51.0,1.82,168.75,,0.0,,708.75,
2024-05-08 18:00:00,25.0,104.0,,,,,2.65,0.2,,0.25,0.57,,,,,27.85,73.0,1.9,178.25,,0.0,,710.0,
2024-05-08 19:00:00,27.5,40.5,,,,,2.7,0.2,,0.28,0.57,,,,,23.4,63.75,1.45,153.25,,0.0,,711.0,
2024-05-08 20:00:00,16.25,54.0,,,,,2.55,0.19,,0.25,0.52,,,,,24.02,62.25,0.68,114.0,,0.0,,711.25,
2024-05-08 21:00:00,20.5,143.0,,,,,1.92,0.2,,0.2,0.4,,,,,24.28,61.25,0.48,140.5,,0.0,,712.0,
2024-05-08 22:00:00,39.75,346.5,1.95,49.75,28.05,4.5,2.82,0.22,,0.28,0.62,,,,,24.85,60.25,0.45,150.25,,0.0,,712.25,
2024-05-08 23:00:00,39.0,271.25,0.5,25.75,14.1,2.35,4.18,0.22,,0.4,0.9,,,,,24.92,61.25,0.52,131.25,,0.0,,712.0,
2024-05-09 00:00:00,,115.0,1.0,13.27,7.87,1.73,5.1,0.23,,0.47,1.1,,,,,24.55,65.5,0.62,108.75,,0.0,,711.0,
2024-05-09 01:00:00,27.5,65.75,1.12,9.45,5.95,1.82,4.9,0.22,,0.48,1.08,,,,,24.05,68.75,0.65,132.75,,0.0,,711.0,
2024-05-09 02:00:00,26.75,64.0,1.45,10.75,6.9,1.45,4.47,0.22,,0.45,0.98,,,,,23.92,68.75,0.7,144.5,,0.0,,710.5,
2024-05-09 03:00:00,,,,,,,,,,,,,,,,,,,,,0.0,,,
2024-05-09 04:00:00,,,,,,,,,,,,,,,,,,,,,0.0,,,
2024-05-09 05:00:00,,,,,,,,,,,,,,,,,,,,,0.0,,,
2024-05-09 06:00:00,,,,,,,,,,,,,,,,,,,,,0.0,,,
2024-05-09 07:00:00,,,,,,,,,,,,,,,,,,,,,0.0,,,
2024-05-09 08:00:00,,,,,,,,,,,,,,,,,,,,,0.0,,,
2024-05-09 09:00:00,39.75,93.75,1.3,10.37,6.57,1.93,4.28,0.24,,0.4,0.95,,,,,27.42,55.5,0.8,135.75,,0.0,,713.0,
2024-05-09 10:00:00,48.5,115.5,1.5,13.5,8.4,1.9,3.05,0.25,,0.28,0.62,,,,,28.52,54.0,1.25,167.75,,0.0,,713.0,
2024-05-09 11:00:00,56.0,134.25,1.2,11.1,6.9,1.7,3.62,0.26,,0.35,0.78,,,,,29.22,50.25,1.0,142.5,,0.0,,712.25,
2024-05-09 12:00:00,76.0,181.5,,,,,4.97,0.27,,0.5,1.08,,,,,30.42,47.0,1.25,215.0,,0.0,,711.5,
2024-05-09 13:00:00,77.5,184.5,,,,,5.3,0.19,,0.5,1.12,,,,,31.38,42.5,1.18,172.75,,0.0,,710.25,
2024-05-09 14:00:00,65.75,156.75,,,,,5.9,0.19,,0.6,1.25,,,,,32.5,38.25,1.12,171.25,,0.0,,709.25,
2024-05-09 15:00:00,62.25,147.5,,,,,,0.19,,,,,,,,33.58,37.25,1.2,118.75,,0.0,,708.5,
2024-05-09 16:00:00,43.5,104.0,,,,,,0.2,,,,,,,,33.72,42.75,1.68,149.5,,0.0,,708.0,
2024-05-09 17:00:00,59.25,142.0,,,,,,0.18,,,,,,,,32.17,44.0,1.48,112.0,,0.0,,708.0,
2024-05-09 18:00:00,41.0,98.5,,,,,,0.17,,,,,,,,30.67,46.75,1.48,107.75,,0.0,,709.0,
2024-05-09 19:00:00,47.75,114.0,,,,,6.73,0.15,,0.67,1.43,,,,,29.8,50.25,1.35,106.0,,0.0,,710.0,
2024-05-09 20:00:00,63.25,151.5,,,,,6.75,0.14,,0.68,1.48,,,,,28.75,59.0,1.58,210.25,,0.0,,711.0,
2024-05-09 21:00:00,85.5,204.25,,,,,6.38,0.21,,0.65,1.4,,,,,26.62,74.5,1.38,247.75,,0.0,,712.5,
2024-05-09 22:00:00,28.75,68.75,,,,,6.6,0.22,,0.62,1.42,,,,,23.78,80.75,0.9,158.75,,0.0,,713.25,
2024-05-09 23:00:00,17.25,40.75,,,,,4.47,0.22,,0.43,0.95,,,,,22.15,83.75,0.72,165.5,,0.0,,713.0,
2024-05-10 00:00:00,21.25,50.0,1.53,11.53,7.4,1.63,5.67,0.21,,0.57,1.23,,,,,22.05,85.25,0.35,86.0,,0.0,,712.5,
2024-05-10 01:00:00,22.5,54.25,1.15,10.42,6.5,1.4,6.62,0.25,,0.65,1.45,,,,,22.35,86.0,0.68,112.5,,0.0,,712.0,
2024-05-10 02:00:00,24.0,57.5,1.15,10.25,6.4,1.6,6.38,0.24,,0.65,1.38,,,,,22.82,86.0,0.75,91.25,,0.0,,712.0,
2024-05-10 03:00:00,21.25,49.75,1.25,7.65,5.1,1.92,5.4,0.24,,0.52,1.15,,,,,22.85,84.75,1.15,101.5,,0.0,,711.5,
2024-05-10 04:00:00,14.5,34.5,1.32,6.62,4.62,1.95,5.08,0.24,,0.5,1.1,,,,,22.68,81.25,1.25,139.0,,0.0,,711.0,
2024-05-10 05:00:00,22.25,52.5,1.38,11.08,7.0,1.85,7.05,0.17,,0.68,1.5,,,,,22.7,80.5,1.45,179.75,,0.0,,712.0,
2024-05-10 06:00:00,31.75,74.5,1.23,12.7,7.72,2.02,6.65,0.16,,0.65,1.45,,,,,22.88,81.5,1.48,181.75,,0.0,,712.75,
2024-05-10 07:00:00,31.33,74.33,1.18,12.1,7.38,2.1,7.58,0.16,,0.75,1.62,,,,,22.53,79.5,1.45,185.75,,0.0,,714.0,
2024-05-10 08:00:00,35.25,84.75,1.25,13.32,8.07,2.0,4.52,0.14,,0.43,0.98,,,,,22.75,75.75,1.25,198.0,,0.0,,714.75,
2024-05-10 09:00:00,42.5,101.75,1.27,11.82,7.28,2.05,5.08,0.2,,0.52,1.1,,,,,23.45,72.0,1.35,180.75,,0.0,,715.0,
2024-05-10 10:00:00,36.25,86.0,1.15,12.62,7.7,2.15,5.18,0.21,,0.52,1.12,,,,,24.58,68.0,1.27,208.25,,0.0,,715.0,
2024-05-10 11:00:00,37.75,89.75,1.2,10.12,6.32,1.92,6.25,0.23,,0.6,1.35,,,,,26.1,64.25,1.15,167.5,,0.0,,714.0,
2024-05-10 12:00:00,31.25,74.25,1.5,9.0,6.0,1.9,6.05,0.23,,0.6,1.3,,,,,27.8,55.75,1.25,174.75,,0.0,,712.75,
2024-05-10 13:00:00,36.25,85.5,,,,,7.25,0.21,,0.7,1.55,,,,,29.78,48.0,1.12,161.25,,0.0,,711.5,
2024-05-10 14:00:00,45.75,109.0,,,,,8.4,0.21,,0.8,1.8,,,,,31.58,42.25,1.1,171.75,,0.0,,710.25,
2024-05-10 15:00:00,38.25,90.5,,,,,,0.21,,,,,,,,32.95,40.5,1.02,166.75,,0.0,,709.0,
2024-05-10 16:00:00,60.25,143.5,,,,,,0.21,,,,,,,,33.33,43.25,1.62,200.25,,0.0,,709.0,
2024-05-10 17:00:00,107.25,255.75,,,,,,0.23,,,,,,,,31.05,54.75,1.3,235.25,,0.0,,709.0,
2024-05-10 18:00:00,105.0,249.5,,,,,8.72,0.2,,0.85,1.88,,,,,27.58,54.25,0.85,121.25,,0.0,,710.0,
2024-05-10 19:00:00,76.0,180.0,,,,,8.55,0.18,,0.85,1.82,,,,,27.38,56.75,1.23,107.75,,0.0,,711.25,
2024-05-10 20:00:00,42.0,99.5,,,,,8.45,0.17,,0.8,1.82,,,,,26.88,55.75,1.25,110.75,,0.0,,712.0,
2024-05-10 21:00:00,35.75,84.25,,,,,7.18,0.25,,0.7,1.52,,,,,26.3,61.5,1.3,108.75,,0.0,,713.0,
2024-05-10 22:00:00,25.25,59.25,,,,,6.22,0.24,,0.62,1.32,,,,,25.55,65.0,1.2,99.25,,0.0,,714.0,
2024-05-10 23:00:00,26.75,63.0,1.3,10.27,6.5,1.97,6.4,0.24,,0.6,1.38,,,,,25.02,68.5,0.98,112.5,,0.0,,714.5,
2024-05-11 00:00:00,38.5,91.5,1.35,10.6,6.72,2.2,6.03,0.23,,0.6,1.3,,,,,24.22,74.75,1.4,231.5,,0.0,,714.5,
2024-05-11 01:00:00,33.5,80.25,1.05,9.43,5.88,2.25,5.3,0.24,,0.5,1.15,,,,,22.35,79.5,0.78,120.25,,0.0,,712.75,
2024-05-11 02:00:00,15.5,36.75,1.15,11.35,6.98,2.28,5.12,0.24,,0.48,1.12,,,,,22.0,79.0,1.08,248.25,,0.0,,712.75,
2024-05-11 03:00:00,22.75,54.25,1.27,11.45,7.1,2.33,5.22,0.23,,0.5,1.12,,,,,22.3,74.0,0.72,200.0,,0.0,,712.0,
2024-05-11 04:00:00,30.5,72.25,1.2,12.48,7.6,2.5,5.62,0.22,,0.55,1.23,,,,,22.3,71.75,0.52,169.5,,0.0,,712.0,
2024-05-11 05:00:00,32.0,76.75,1.55,13.25,8.28,2.4,6.55,0.22,,0.65,1.42,,,,,22.28,73.75,0.5,120.25,,0.0,,712.5,
2024-05-11 06:00:00,45.25,107.0,1.3,17.9,10.62,2.45,7.0,0.2,,0.7,1.5,,,,,22.28,74.25,0.82,212.25,,0.0,,713.5,
2024-05-11 07:00:00,54.25,128.25,1.18,16.98,10.0,2.32,6.75,0.18,,0.68,1.48,,,,,22.62,73.5,0.95,201.5,,0.0,,714.0,
2024-05-11 08:00:00,40.75,96.5,1.3,12.48,7.7,2.02,6.7,0.18,,0.68,1.48,,,,,23.6,65.0,1.08,195.5,,0.0,,715.0,
2024-05-11 09:00:00,32.75,77.0,1.08,11.08,6.78,2.1,5.03,0.22,,0.5,1.08,,,,,25.85,61.0,1.4,182.5,,0.0,,715.0,
2024-05-11 10:00:00,29.0,68.25,1.1,9.45,5.9,2.05,4.97,0.22,,0.48,1.08,,,,,27.55,56.25,1.18,156.25,,0.0,,715.0,
2024-05-11 11:00:00,29.0,69.0,1.2,8.8,5.7,1.9,5.0,0.23,,0.5,1.1,,,,,28.6,55.0,0.9,109.0,,0.0,,715.0,
2024-05-11 12:00:00,,,,,,,,,,,,,,,,,,,,,0.0,,,
2024-05-11 13:00:00,37.25,89.5,0.9,9.2,5.6,1.7,5.77,0.25,,0.57,1.23,,,,,31.1,43.33,1.27,110.33,,0.0,,712.0,
2024-05-11 14:00:00,32.75,78.0,,,,,6.88,0.29,,0.65,1.48,,,,,31.98,42.75,1.25,107.5,,0.0,,711.25,
2024-05-11 15:00:00,33.75,81.0,,,,,7.6,0.25,,0.75,1.65,,,,,32.15,40.25,1.38,97.0,,0.0,,710.75,
2024-05-11 16:00:00,30.25,72.5,,,,,7.8,0.28,,0.8,1.7,,,,,32.9,41.25,1.35,106.25,,0.0,,710.0,
2024-05-11 17:00:00,31.75,75.5,,,,,,0.22,,,,,,,,32.42,42.75,1.1,92.25,,0.0,,710.0,
2024-05-11 18:00:00,38.5,91.0,,,,,,0.21,,,,,,,,30.7,46.0,0.75,106.25,,0.0,,711.0,
2024-05-11 19:00:00,54.75,130.5,,,,,,0.18,,,,,,,,29.5,53.0,0.98,154.75,,0.0,,712.25,
2024-05-11 20:00:00,57.5,136.75,,,,,,0.16,,,,,,,,28.45,58.5,1.55,161.25,,0.0,,713.25,
2024-05-11 21:00:00,40.75,96.75,,,,,,0.21,,,,,,,,27.82,60.0,1.3,166.25,,0.0,,714.0,
2024-05-11 22:00:00,38.75,92.75,,,,,,0.2,,,,,,,,27.15,61.5,1.4,145.75,,0.0,,714.75,
2024-05-11 23:00:00,35.0,83.25,,,,,,0.18,,,,,,,,26.52,63.0,1.2,140.25,,0.0,,714.75,
2024-05-12 00:00:00,34.5,82.75,,,,,,0.18,,,,,,,,25.9,64.25,1.6,160.25,,0.0,,713.75,
2024-05-12 01:00:00,33.25,79.75,,,,,,0.22,,,,,,,,25.38,71.25,1.27,200.5,,0.0,,713.0,
2024-05-12 02:00:00,33.0,79.25,,,,,5.5,0.24,,0.5,1.2,,,,,24.55,74.5,1.08,204.5,,0.0,,713.0,
2024-05-12 03:00:00,30.75,73.0,,,,,5.35,0.23,,0.5,1.15,,,,,24.02,75.0,0.95,208.25,,0.0,,712.0,
2024-05-12 04:00:00,29.5,70.75,,,,,2.82,0.22,,0.28,0.62,,,,,23.78,75.0,1.02,176.75,,0.0,,712.25,
2024-05-12 05:00:00,20.75,50.25,,,,,1.9,0.2,,0.2,0.4,,,,,23.7,75.0,0.98,191.0,,0.0,,713.0,
2024-05-12 06:00:00,28.0,67.75,,,,,2.45,0.18,,0.22,0.52,,,,,23.68,76.0,1.0,176.5,,0.0,,713.75,
2024-05-12 07:00:00,34.5,82.75,,,,,1.72,0.17,,0.15,0.38,,,,,23.8,73.75,1.23,183.0,,0.0,,714.75,
2024-05-12 08:00:00,36.25,85.5,,,,,1.9,0.18,,0.15,0.4,,,,,24.85,68.5,1.2,223.25,,0.0,,715.0,
2024-05-12 09:00:00,40.25,94.75,,,,,1.6,0.23,,0.15,0.32,,,,,26.52,63.75,1.08,241.75,,0.0,,715.0,
2024-05-12 10:00:00,44.5,105.25,,,,,3.85,0.25,,0.38,0.82,,,,,27.72,60.25,1.1,177.75,,0.0,,715.0,
2024-05-12 11:00:00,31.5,75.25,,,,,4.65,0.25,,0.48,0.98,,,,,28.67,55.75,1.15,192.25,,0.0,,714.5,
2024-05-12 12:00:00,41.25,98.25,,,,,5.13,0.28,,0.5,1.13,,,,,29.92,50.25,1.27,147.0,,0.0,,713.5,
2024-05-12 13:00:00,40.0,95.25,,,,,6.0,0.22,,0.6,1.3,,,,,31.72,44.25,1.12,176.25,,0.0,,712.0,
2024-05-12 14:00:00,42.0,99.5,,,,,,0.22,,,,,,,,33.32,41.25,1.27,121.5,,0.0,,710.5,
2024-05-12 15:00:00,40.75,96.5,,,,,,0.23,,,,,,,,33.33,44.0,1.65,155.0,,0.0,,709.25,
2024-05-12 16:00:00,47.25,112.75,,,,,,0.23,,,,,,,,31.42,66.5,2.3,173.0,,0.0,,709.75,
2024-05-12 17:00:00,42.5,100.75,,,,,5.53,0.25,,0.53,1.17,,,,,25.5,80.25,1.05,161.5,,0.0,,710.25,
2024-05-12 18:00:00,19.0,45.0,,,,,5.0,0.23,,0.5,1.08,,,,,23.15,72.75,1.0,108.25,,0.0,,711.75,
2024-05-12 19:00:00,25.5,61.0,,,,,2.88,0.22,,0.28,0.6,,,,,24.15,69.0,0.72,128.25,,0.0,,712.0,
2024-05-12 20:00:00,27.5,65.5,,,,,2.2,0.21,,0.22,0.45,,,,,23.98,69.0,0.6,116.75,,0.0,,712.5,
2024-05-12 21:00:00,38.75,92.75,,,,,3.38,0.27,,0.3,0.75,,,,,23.95,68.5,0.62,110.5,,0.0,,713.5,
2024-05-12 22:00:00,64.5,153.0,,,,,3.1,0.27,,0.3,0.68,,,,,24.08,70.25,0.5,74.25,,0.0,,713.5,
2024-05-12 23:00:00,47.75,114.25,,,,,4.08,0.28,,0.4,0.88,,,,,24.08,71.75,0.92,98.75,,0.0,,713.5,
2024-05-13 00:00:00,27.75,66.75,1.05,8.35,5.35,1.75,4.1,0.28,,0.4,0.87,,,,,24.25,76.25,1.12,86.5,,0.0,,713.5,
2024-05-13 01:00:00,22.75,54.0,1.2,7.1,4.8,1.9,5.95,0.22,,0.57,1.3,,,,,23.48,81.0,1.05,144.0,,0.0,,712.5,
2024-05-13 02:00:00,17.5,41.75,1.2,8.52,5.5,2.02,3.45,0.23,,0.35,0.72,,,,,21.35,86.0,0.55,136.5,,0.0,,712.0,
2024-05-13 03:00:00,13.25,32.5,1.3,9.8,6.25,2.1,4.68,0.22,,0.48,1.0,,,,,20.78,87.75,0.57,80.75,,0.0,,712.0,
2024-05-13 04:00:00,15.0,36.25,1.4,9.85,6.35,2.0,2.88,0.21,,0.25,0.62,,,,,21.5,87.0,0.55,170.25,,0.0,,712.5,
2024-05-13 05:00:00,18.75,45.0,1.18,14.62,8.72,2.05,3.35,0.22,,0.32,0.72,,,,,22.18,87.0,0.38,120.0,,0.0,,713.0,
2024-05-13 06:00:00,21.5,51.75,1.3,15.28,9.2,2.45,4.03,0.21,,0.38,0.88,,,,,22.45,85.75,0.45,100.75,,0.0,,713.5,
2024-05-13 07:00:00,23.75,56.25,1.57,14.93,9.2,2.5,3.75,0.21,,0.38,0.8,,,,,22.8,84.5,0.55,97.5,,0.0,,714.0,
2024-05-13 08:00:00,27.25,65.75,,,,,3.82,0.25,,0.38,0.8,,,,,23.85,79.75,0.85,162.5,,0.0,,714.5,
2024-05-13 09:00:00,29.0,69.0,,,,,4.82,0.23,,0.45,1.02,,,,,25.62,69.5,0.9,122.25,,0.0,,715.0,
2024-05-13 10:00:00,28.0,66.0,,,,,4.88,0.26,,0.48,1.08,,,,,27.25,63.0,1.05,159.25,,0.0,,714.0,
2024-05-13 11:00:00,44.75,106.0,,,,,5.42,0.27,,0.55,1.18,,,,,28.32,62.0,1.3,115.0,,0.0,,713.75,
2024-05-13 12:00:00,53.25,125.75,,,,,6.22,0.28,,0.6,1.35,,,,,28.7,56.5,1.35,179.25,,0.0,,712.5,
2024-05-13 13:00:00,61.75,146.25,,,,,6.55,0.23,,0.65,1.4,,,,,29.72,54.75,1.42,191.75,,0.0,,711.25,
2024-05-13 14:00:00,55.25,131.5,,,,,6.6,0.25,,0.62,1.4,,,,,30.5,48.25,1.35,104.5,,0.0,,709.75,
2024-05-13 15:00:00,50.25,119.75,,,,,6.95,0.25,,0.7,1.5,,,,,31.75,47.25,1.6,157.5,,0.0,,709.0,
2024-05-13 16:00:00,65.0,155.0,,,,,,0.26,,,,,,,,31.8,47.75,1.45,180.5,,0.0,,709.0,
2024-05-13 17:00:00,82.5,196.75,,,,,,0.21,,,,,,,,31.4,46.75,1.15,167.75,,0.0,,709.0,
2024-05-13 18:00:00,92.25,219.5,,,,,7.9,0.2,,0.8,1.7,,,,,30.75,50.0,0.7,153.0,,0.0,,709.75,
2024-05-13 19:00:00,83.25,198.5,,,,,7.98,0.19,,0.8,1.72,,,,,28.92,58.75,1.7,99.5,,0.0,,711.25,
2024-05-13 20:00:00,30.25,72.5,,,,,6.82,0.19,,0.65,1.48,,,,,25.85,71.75,1.15,126.25,,0.0,,711.5,
2024-05-13 21:00:00,14.5,35.25,,,,,5.58,0.25,,0.52,1.23,,,,,23.72,70.75,1.0,116.0,,0.0,,712.25,
2024-05-13 22:00:00,24.5,58.0,,,,,5.15,0.23,,0.5,1.1,,,,,24.08,73.0,0.9,137.25,,0.0,,713.0,
2024-05-13 23:00:00,34.5,81.5,,,,,5.62,0.23,,0.55,1.23,,,,,23.4,80.25,1.5,110.5,,0.0,,713.25,
2024-05-14 00:00:00,13.75,32.5,1.42,6.92,4.85,2.25,4.87,0.21,,0.47,1.03,,,,,21.15,86.75,0.92,98.0,,0.0,,713.0,
2024-05-14 01:00:00,9.0,22.5,1.32,8.1,5.38,2.32,5.42,0.22,,0.55,1.15,,,,,19.82,87.75,0.78,127.75,,0.0,,712.5,
2024-05-14 02:00:00,6.5,15.75,1.25,8.8,5.68,2.5,7.45,0.21,,0.72,1.6,,,,,19.8,88.0,0.52,198.25,,0.0,,712.0,
2024-05-14 03:00:00,8.5,19.75,1.15,11.45,7.02,2.5,8.7,0.19,,0.85,1.88,,,,,19.55,87.25,0.52,199.5,,0.0,,712.0,
2024-05-14 04:00:00,9.75,24.25,1.18,11.68,7.18,2.35,8.07,0.18,,0.8,1.75,,,,,19.77,88.0,0.5,165.75,,0.0,,712.0,
2024-05-14 05:00:00,10.0,24.25,1.42,15.5,9.43,2.42,6.93,0.2,,0.68,1.5,,,,,20.12,88.0,0.32,157.25,,0.0,,712.0,
2024-05-14 06:00:00,13.5,32.25,1.35,19.1,11.25,2.45,4.7,0.2,,0.45,1.02,,,,,20.6,88.0,0.52,106.5,,0.0,,712.0,
2024-05-14 07:00:00,16.25,39.0,1.45,19.7,11.65,2.6,5.98,0.2,,0.57,1.3,,,,,21.15,86.75,0.6,71.25,,0.0,,712.75,
2024-05-14 08:00:00,20.25,48.5,1.23,15.05,9.0,2.35,6.2,0.2,,0.6,1.35,,,,,22.17,84.5,0.78,88.75,,0.0,,713.75,
2024-05-14 09:00:00,21.75,51.75,1.13,13.53,8.13,1.93,6.95,0.27,,0.7,1.5,,,,,23.82,74.25,0.95,97.0,,0.0,,714.0,
2024-05-14 10:00:00,27.75,66.0,1.2,11.5,7.1,1.8,6.3,0.29,,0.6,1.38,,,,,26.7,63.25,0.92,104.75,,0.0,,714.0,
2024-05-14 11:00:00,36.5,99.5,,,,,6.6,0.3,,0.62,1.42,,,,,28.08,58.75,1.02,154.25,,0.0,,713.75,
2024-05-14 12:00:00,35.5,112.75,,,,,6.6,0.31,,0.65,1.45,,,,,28.88,51.25,1.27,99.5,,0.0,,712.5,
2024-05-14 13:00:00,21.25,102.5,,,,,7.6,0.27,,0.7,1.63,,,,,30.1,45.75,1.6,115.5,,0.0,,711.25,
2024-05-14 14:00:00,26.5,125.25,,,,,,0.28,,,,,,,,31.42,42.75,1.5,99.75,,0.0,,710.25,
2024-05-14 15:00:00,21.25,110.0,,,,,,0.26,,,,,,,,31.9,42.0,1.32,85.25,,0.0,,709.5,
2024-05-14 16:00:00,20.0,97.25,,,,,,0.26,,,,,,,,32.08,42.0,1.27,87.75,,0.0,,709.0,
2024-05-14 17:00:00,24.25,117.25,,,,,,0.25,,,,,,,,31.22,46.75,1.0,104.75,,0.0,,709.75,
2024-05-14 18:00:00,28.0,100.25,,,,,9.68,0.25,,0.95,2.08,,,,,29.5,51.5,0.78,94.0,,0.0,,710.5,
2024-05-14 19:00:00,33.0,163.75,,,,,9.9,0.24,,0.95,2.12,,,,,28.42,53.5,0.62,75.0,,0.0,,711.25,
2024-05-14 20:00:00,42.25,308.25,,,,,10.8,0.24,,1.05,2.32,,,,,27.65,58.5,1.08,118.5,,0.0,,712.75,
2024-05-14 21:00:00,25.5,91.0,,,,,8.73,0.23,,0.88,1.88,,,,,26.58,65.5,1.42,129.75,,0.0,,713.75,
2024-05-14 22:00:00,24.75,69.75,,,,,8.52,0.22,,0.82,1.82,,,,,25.38,68.25,1.25,106.75,,0.0,,714.0,
2024-05-14 23:00:00,17.75,50.0,,,,,8.05,0.21,,0.75,1.75,,,,,24.58,71.75,1.2,106.25,,0.0,,714.0,
2024-05-15 00:00:00,18.25,46.75,,,,,7.07,0.21,,0.7,1.5,,,,,24.08,73.5,1.08,107.25,,0.0,,713.25,
2024-05-15 01:00:00,23.25,47.25,,,,,5.5,0.24,,0.55,1.15,,,,,23.6,75.5,1.02,105.25,,0.0,,712.75,
2024-05-15 02:00:00,27.25,51.5,1.55,6.85,4.85,1.95,5.4,0.23,,0.5,1.18,,,,,23.25,77.0,0.95,121.75,,0.0,,712.0,
2024-05-15 03:00:00,30.5,58.5,1.43,8.6,5.73,1.8,5.82,0.22,,0.57,1.25,,,,,23.02,77.75,0.9,160.5,,0.0,,712.0,
2024-05-15 04:00:00,36.75,72.25,1.1,8.45,5.4,1.85,6.1,0.21,,0.6,1.3,,,,,22.7,78.75,1.0,152.5,,0.0,,712.0,
2024-05-15 05:00:00,35.0,73.75,1.3,11.85,7.4,1.88,6.45,0.21,,0.6,1.4,,,,,22.38,79.0,0.72,199.0,,0.0,,712.75,
2024-05-15 06:00:00,40.5,103.75,1.3,16.2,9.68,2.05,6.7,0.22,,0.68,1.45,,,,,22.35,79.0,0.7,195.75,,0.0,,713.25,
2024-05-15 07:00:00,39.0,122.0,1.3,18.18,10.72,2.2,6.52,0.21,,0.62,1.42,,,,,22.75,75.75,1.02,230.5,,0.0,,714.0,
2024-05-15 08:00:00,39.5,179.5,1.25,25.0,14.3,2.52,5.85,0.21,,0.55,1.27,,,,,23.8,70.75,1.4,253.5,,0.0,,714.0,
2024-05-15 09:00:00,40.25,205.0,0.95,27.6,15.45,2.6,6.18,0.22,,0.6,1.35,,,,,24.85,68.25,1.35,262.0,,0.0,,714.0,
2024-05-15 10:00:00,38.5,186.75,,,,,7.65,0.23,,0.75,1.65,,,,,25.78,63.25,1.1,222.0,,0.0,,713.75,
2024-05-15 11:00:00,40.0,163.25,,,,,6.52,0.26,,0.65,1.4,,,,,27.62,56.25,1.4,230.75,,0.0,,713.0,
2024-05-15 12:00:00,40.0,177.75,,,,,6.6,0.27,,0.62,1.42,,,,,29.28,48.5,1.38,145.25,,0.0,,712.5,
2024-05-15 13:00:00,39.0,174.5,,,,,7.75,0.22,,0.75,1.68,,,,,30.48,46.0,1.38,143.0,,0.0,,711.5,
2024-05-15 14:00:00,36.75,147.0,,,,,8.18,0.22,,0.82,1.75,,,,,30.88,43.75,1.35,117.0,,0.0,,710.75,
2024-05-15 15:00:00,38.75,144.75,,,,,8.45,0.23,,0.8,1.85,,,,,31.62,41.25,1.55,124.25,,0.0,,710.0,
2024-05-15 16:00:00,37.0,153.0,,,,,,0.24,,,,,,,,32.17,42.25,1.3,95.75,,0.0,,710.0,
2024-05-15 17:00:00,33.0,139.75,,,,,,0.23,,,,,,,,31.52,43.75,1.15,94.0,,0.0,,710.0,
2024-05-15 18:00:00,30.75,137.75,,,,,9.0,0.22,,0.9,1.97,,,,,30.3,46.5,1.12,82.75,,0.0,,710.75,
2024-05-15 19:00:00,34.25,174.5,,,,,9.1,0.22,,0.9,1.98,,,,,28.88,48.75,0.8,91.5,,0.0,,711.75,
2024-05-15 20:00:00,37.0,191.0,,,,,6.92,0.22,,0.68,1.5,,,,,28.02,50.25,0.92,76.75,,0.0,,712.5,
2024-05-15 21:00:00,31.5,169.25,,,,,6.5,0.22,,0.65,1.4,,,,,27.45,51.75,1.15,92.75,,0.0,,713.75,
2024-05-15 22:00:00,25.0,75.75,,,,,6.75,0.23,,0.7,1.45,,,,,27.1,61.5,1.35,89.25,,0.0,,714.0,
2024-05-15 23:00:00,25.5,66.75,,,,,6.52,0.22,,0.62,1.4,,,,,26.22,70.5,1.25,96.0,,0.0,,714.0,
2024-05-16 00:00:00,18.0,53.0,,,,,5.83,0.22,,0.6,1.27,,,,,25.22,75.0,1.12,95.0,,0.0,,713.5,
2024-05-16 01:00:00,18.5,55.5,,,,,6.1,0.22,,0.6,1.3,,,,,24.58,77.5,1.2,99.75,,0.0,,713.0,
2024-05-16 02:00:00,18.0,40.0,,,,,5.93,0.21,,0.6,1.3,,,,,23.88,74.5,1.23,96.75,,0.0,,713.0,
2024-05-16 03:00:00,10.75,24.5,,,,,5.35,0.2,,0.52,1.15,,,,,22.78,75.25,1.02,90.25,,0.0,,712.0,
2024-05-16 04:00:00,9.75,29.25,1.3,5.8,4.15,2.1,5.0,0.19,,0.5,1.08,,,,,22.42,78.25,0.92,145.25,,0.0,,712.0,
2024-05-16 05:00:00,18.0,53.5,1.23,8.77,5.67,2.2,4.6,0.22,,0.45,1.02,,,,,22.45,80.25,0.72,198.25,,0.0,,712.0,
2024-05-16 06:00:00,21.0,75.5,1.27,13.7,8.33,2.33,5.22,0.21,,0.5,1.1,,,,,22.4,79.5,0.52,190.25,,0.0,,713.0,
2024-05-16 07:00:00,30.75,92.0,1.33,13.4,8.2,2.13,5.32,0.2,,0.52,1.15,,,,,22.88,77.25,1.08,190.0,,0.0,,714.0,
2024-05-16 08:00:00,34.25,86.25,1.3,12.4,7.65,2.05,5.92,0.19,,0.57,1.3,,,,,23.5,76.25,0.98,163.25,,0.0,,714.75,
2024-05-16 09:00:00,37.25,76.75,1.4,11.9,7.5,2.05,7.58,0.22,,0.72,1.65,,,,,23.88,74.5,0.98,173.5,,0.0,,715.0,
2024-05-16 10:00:00,36.25,104.75,1.2,13.6,8.2,2.2,7.95,0.23,,0.75,1.7,,,,,24.25,73.5,1.0,188.25,,0.0,,715.0,
2024-05-16 11:00:00,41.0,120.0,,,,,7.2,0.25,,0.7,1.55,,,,,25.0,67.75,1.12,196.0,,0.0,,714.0,
2024-05-16 12:00:00,47.25,136.5,,,,,6.88,0.26,,0.68,1.48,,,,,26.22,63.0,1.12,189.5,,0.0,,713.25,
2024-05-16 13:00:00,58.5,192.75,,,,,6.4,0.22,,0.62,1.38,,,,,27.65,57.5,1.25,238.0,,0.0,,711.75,
2024-05-16 14:00:00,61.0,227.25,,,,,7.78,0.24,,0.75,1.65,,,,,29.25,51.0,1.27,180.5,,0.0,,710.75,
2024-05-16 15:00:00,49.0,180.5,,,,,9.32,0.25,,0.9,2.0,,,,,30.28,47.25,1.3,186.75,,0.0,,709.5,
2024-05-16 16:00:00,32.75,156.75,,,,,8.65,0.26,,0.85,1.88,,,,,31.08,46.0,1.27,139.75,,0.0,,709.0,
2024-05-16 17:00:00,35.5,154.25,,,,,9.72,0.19,,0.95,2.12,,,,,30.85,45.5,1.18,85.75,,0.0,,709.0,
2024-05-16 18:00:00,28.0,120.75,,,,,8.98,0.18,,0.88,1.95,,,,,29.78,58.0,1.62,112.75,,0.0,,710.0,
2024-05-16 19:00:00,24.0,82.0,,,,,7.55,0.18,,0.72,1.65,,,,,27.28,64.25,1.35,103.75,,0.0,,711.5,
2024-05-16 20:00:00,12.5,57.25,,,,,5.98,0.17,,0.57,1.3,,,,,25.28,64.75,0.98,100.5,,0.0,,712.25,
2024-05-16 21:00:00,13.75,52.0,,,,,6.9,0.25,,0.68,1.48,,,,,24.8,68.5,0.98,89.75,,0.0,,713.0,
2024-05-16 22:00:00,12.75,41.25,,,,,7.02,0.24,,0.7,1.52,,,,,24.3,75.0,0.92,79.5,,0.0,,713.0,
2024-05-16 23:00:00,11.75,36.0,,,,,6.45,0.3,,0.65,1.4,,,,,23.65,77.75,1.08,86.75,,0.0,,712.25,
2024-05-17 00:00:00,11.0,37.5,,,,,6.9,0.29,,0.67,1.5,,,,,23.45,79.0,0.88,94.25,,0.0,,712.0,
2024-05-17 01:00:00,10.0,39.0,,,,,6.98,0.2,,0.7,1.5,,,,,23.28,78.5,0.6,104.75,,0.0,,711.25,
2024-05-17 02:00:00,7.25,34.5,1.4,7.05,4.95,1.95,6.9,0.2,,0.7,1.5,,,,,23.25,77.25,0.7,166.0,,0.0,,711.0,
2024-05-17 03:00:00,9.0,47.75,1.4,8.2,5.5,2.05,6.48,0.2,,0.6,1.4,,,,,23.42,77.0,0.78,169.25,,0.0,,711.0,
2024-05-17 04:00:00,13.0,47.75,1.4,8.05,5.35,2.05,6.48,0.19,,0.62,1.4,,,,,23.48,77.75,0.9,173.5,,0.0,,711.0,
2024-05-17 05:00:00,17.0,51.5,,,,,6.9,0.22,,0.7,1.5,,,,,23.32,79.5,0.98,189.75,,0.0,,711.0,
2024-05-17 06:00:00,18.5,60.0,,,,,,0.19,,,,,,,,22.9,80.5,0.9,132.0,,0.0,,712.0,
2024-05-17 07:00:00,16.0,64.5,,,,,8.93,0.16,,0.87,1.93,,,,,22.18,84.5,0.55,107.5,,0.0,,712.75,
2024-05-17 08:00:00,23.75,44.0,,,,,6.85,0.12,,0.68,1.48,,,,,22.05,85.75,1.05,249.0,,0.0,,713.0,
2024-05-17 09:00:00,29.5,57.75,,,,,7.58,0.26,,0.72,1.62,,,,,23.38,81.25,1.2,198.0,,0.0,,713.0,
2024-05-17 10:00:00,31.5,99.25,,,,,8.38,0.26,,0.8,1.82,,,,,25.68,68.75,1.4,253.75,,0.0,,713.0,
2024-05-17 11:00:00,32.5,153.75,,,,,9.43,0.27,,0.92,2.05,,,,,27.65,62.25,1.23,191.25,,0.0,,712.0,
2024-05-17 12:00:00,29.0,145.25,,,,,10.32,0.27,,1.0,2.25,,,,,28.72,57.0,1.12,124.75,,0.0,,710.75,
2024-05-17 13:00:00,24.5,120.75,,,,,9.95,0.22,,0.98,2.15,,,,,29.3,59.5,0.95,78.5,,0.0,,710.0,
2024-05-17 14:00:00,26.25,105.75,,,,,9.8,0.2,,0.95,2.15,,,,,27.65,66.75,1.42,81.5,,0.0,,709.25,
2024-05-17 15:00:00,17.75,72.25,,,,,9.6,0.18,,0.9,2.1,,,,,26.02,70.75,1.23,91.75,,0.0,,709.0,
2024-05-17 16:00:00,17.5,69.25,,,,,8.45,0.16,,0.82,1.82,,,,,24.95,76.25,1.4,98.75,,0.0,,709.0,
2024-05-17 17:00:00,16.5,54.75,,,,,7.75,0.21,,0.72,1.65,,,,,24.15,75.25,1.27,99.25,,0.0,,709.25,
2024-05-17 18:00:00,9.0,46.75,,,,,7.55,0.18,,0.72,1.62,,,,,23.88,75.75,1.2,100.0,,0.0,,710.25,
2024-05-17 19:00:00,10.0,50.0,,,,,6.22,0.17,,0.6,1.35,,,,,23.4,78.75,1.15,106.5,,0.0,,711.5,
2024-05-17 20:00:00,14.25,47.0,,,,,6.62,0.16,,0.65,1.42,,,,,23.0,80.25,0.72,92.75,,0.0,,712.0,
2024-05-17 21:00:00,17.5,67.75,,,,,6.52,0.24,,0.62,1.4,,,,,22.7,77.5,0.8,161.75,,0.0,,712.0,
2024-05-17 22:00:00,16.5,100.75,1.4,13.27,8.17,2.23,6.98,0.22,,0.7,1.52,,,,,22.72,75.0,0.75,190.25,,0.0,,712.75,
2024-05-17 23:00:00,17.0,98.5,1.05,17.38,10.1,2.52,5.7,0.21,,0.57,1.23,,,,,22.8,75.0,0.55,206.25,,0.0,,712.0,
2024-05-18 00:00:00,12.5,96.5,1.12,14.98,8.9,2.48,8.37,0.21,,0.8,1.8,,,,,22.75,75.0,0.5,148.25,,0.0,,711.25,
2024-05-18 01:00:00,10.75,60.5,1.15,9.72,6.12,2.35,9.75,0.23,,0.95,2.1,,,,,22.55,77.25,0.75,168.5,,0.0,,710.5,
2024-05-18 02:00:00,18.75,86.25,1.25,8.32,5.45,2.28,10.02,0.22,,1.0,2.15,,,,,22.3,79.75,0.75,181.25,,0.0,,710.0,
2024-05-18 03:00:00,16.5,65.5,1.27,8.62,5.62,2.32,9.65,0.19,,0.95,2.08,,,,,21.98,79.25,0.52,155.5,,0.0,,709.5,
2024-05-18 04:00:00,13.25,54.25,1.15,7.38,4.88,2.35,10.5,0.18,,1.05,2.25,,,,,21.9,78.0,0.62,153.0,,0.0,,709.0,
2024-05-18 05:00:00,17.5,53.25,1.3,8.02,5.32,2.28,11.65,0.23,,1.12,2.52,,,,,21.88,78.25,0.55,133.0,,0.0,,709.75,
2024-05-18 06:00:00,22.75,76.5,1.5,12.52,7.88,2.02,10.85,0.22,,1.05,2.33,,,,,21.82,79.25,0.6,191.0,,0.0,,710.25,
2024-05-18 07:00:00,32.25,119.25,1.12,12.32,7.48,1.75,8.73,0.28,,0.85,1.88,,,,,22.58,72.25,0.68,181.25,,0.0,,711.0,
2024-05-18 08:00:00,27.5,85.75,1.2,10.2,6.4,2.1,10.48,0.29,,1.02,2.22,,,,,25.15,65.5,1.0,251.75,,0.0,,711.0,
2024-05-18 09:00:00,31.75,128.0,,,,,9.43,0.24,,0.92,2.02,,,,,26.78,64.5,0.92,206.25,,0.0,,711.0,
2024-05-18 10:00:00,37.0,122.25,,,,,10.78,0.23,,1.02,2.33,,,,,26.9,62.5,1.12,191.75,,0.0,,711.0,
2024-05-18 11:00:00,27.0,90.75,,,,,12.52,0.26,,1.2,2.7,,,,,27.7,59.25,0.98,188.0,,0.0,,710.5,
2024-05-18 12:00:00,24.25,78.75,,,,,,0.29,,,,,,,,28.55,55.25,0.72,148.25,,0.0,,709.5,
2024-05-18 13:00:00,26.0,93.25,,,,,,0.19,,,,,,,,29.15,56.5,1.55,158.5,,0.0,,708.5,
2024-05-18 14:00:00,29.5,100.5,,,,,,0.18,,,,,,,,29.0,52.75,1.52,201.25,,0.0,,707.5,
2024-05-18 15:00:00,28.75,95.75,,,,,,0.18,,,,,,,,29.32,61.25,2.17,171.25,,0.0,,707.0,
2024-05-18 16:00:00,22.5,103.0,,,,,13.82,0.16,,1.32,3.0,,,,,27.65,59.0,1.45,157.0,,0.0,,706.75,
2024-05-18 17:00:00,25.25,95.75,,,,,14.48,0.24,,1.4,3.12,,,,,27.75,60.75,1.32,131.5,,0.0,,707.25,
2024-05-18 18:00:00,25.75,78.75,,,,,14.22,0.24,,1.4,3.05,,,,,27.25,66.0,1.18,105.75,,0.0,,708.0,
2024-05-18 19:00:00,18.0,72.0,,,,,,0.29,,,,,,,,26.12,68.5,1.08,137.0,,0.0,,709.0,
2024-05-18 20:00:00,24.0,91.25,,,,,15.27,0.24,,1.5,3.3,,,,,25.82,68.75,1.48,172.75,,0.0,,710.0,
2024-05-18 21:00:00,25.25,96.5,,,,,14.35,0.26,,1.4,3.1,,,,,25.5,69.75,1.18,183.5,,0.0,,710.0,
2024-05-18 22:00:00,27.25,95.25,,,,,12.68,0.25,,1.23,2.75,,,,,25.05,74.25,1.23,194.0,,0.0,,711.0,
2024-05-18 23:00:00,22.75,83.75,,,,,12.32,0.24,,1.2,2.68,,,,,24.48,75.25,1.0,242.25,,0.0,,710.5,
2024-05-19 00:00:00,25.0,98.5,,,,,9.2,0.23,,0.93,2.0,,,,,23.98,78.25,0.95,268.25,,0.0,,709.25,
2024-05-19 01:00:00,23.5,91.5,,,,,7.78,0.18,,0.75,1.7,,,,,23.45,81.0,0.72,168.25,,0.0,,709.0,
2024-05-19 02:00:00,17.5,90.5,,,,,8.07,0.18,,0.8,1.75,,,,,22.98,81.0,0.57,212.75,,0.0,,708.25,
2024-05-19 03:00:00,12.5,76.0,,,,,8.05,0.18,,0.8,1.75,,,,,22.88,81.0,0.52,91.0,,0.0,,707.5,
2024-05-19 04:00:00,13.25,57.25,,,,,7.42,0.18,,0.72,1.6,,,,,22.75,82.0,0.7,75.25,,0.0,,707.0,
2024-05-19 05:00:00,19.0,58.0,1.15,10.0,6.3,2.3,7.7,0.17,,0.72,1.62,,,,,22.6,82.0,0.48,94.25,,0.0,,708.0,
2024-05-19 06:00:00,16.0,45.25,1.25,7.8,5.2,2.2,7.75,0.17,,0.75,1.68,,,,,22.7,81.75,0.55,125.0,,0.0,,708.5,
2024-05-19 07:00:00,16.75,58.5,1.25,8.4,5.5,2.25,7.3,0.16,,0.7,1.6,,,,,23.22,79.0,0.52,162.5,,0.0,,709.0,
2024-05-19 08:00:00,18.75,53.75,,,,,7.48,0.17,,0.7,1.6,,,,,24.22,74.25,0.68,154.5,,0.0,,710.0,
2024-05-19 09:00:00,19.25,65.25,,,,,6.65,0.25,,0.65,1.42,,,,,25.72,65.25,1.05,186.0,,0.0,,710.0,
2024-05-19 10:00:00,21.75,76.25,,,,,7.22,0.28,,0.72,1.52,,,,,27.55,60.5,0.92,173.0,,0.0,,709.75,
2024-05-19 11:00:00,20.5,86.25,,,,,8.6,0.29,,0.82,1.85,,,,,28.18,62.25,1.3,236.5,,0.0,,709.0,
2024-05-19 12:00:00,30.5,109.25,,,,,9.38,0.29,,0.92,2.0,,,,,27.68,65.75,1.38,279.5,,0.0,,708.25,
2024-05-19 13:00:00,37.25,121.25,,,,,9.5,0.28,,0.9,2.1,,,,,27.4,64.75,1.58,215.0,,0.0,,707.0,
2024-05-19 14:00:00,31.25,101.25,,,,,10.8,0.31,,1.1,2.3,,,,,26.72,77.75,1.12,146.5,,0.0,,706.75,
2024-05-19 15:00:00,21.25,47.5,,,,,10.6,0.28,,1.0,2.3,,,,,23.65,84.75,0.78,205.25,,0.0,,705.0,
2024-05-19 16:00:00,26.5,55.5,,,,,10.62,0.26,,1.02,2.3,,,,,23.58,82.5,0.9,221.0,,0.0,,705.0,
2024-05-19 17:00:00,26.25,76.75,,,,,9.93,0.25,,0.98,2.12,,,,,24.52,77.25,1.25,145.25,,0.0,,705.5,
2024-05-19 18:00:00,11.75,52.5,,,,,8.5,0.24,,0.82,1.85,,,,,23.68,80.5,0.75,126.25,,0.0,,706.5,
2024-05-19 19:00:00,9.75,39.5,,,,,8.7,0.23,,0.82,1.9,,,,,22.6,81.75,0.72,141.5,,0.0,,707.75,
2024-05-19 20:00:00,8.5,24.0,1.7,12.3,7.9,2.5,8.68,0.2,,0.82,1.88,,,,,22.2,83.75,0.5,220.25,,0.0,,708.5,
2024-05-19 21:00:00,14.25,27.0,1.6,18.43,11.07,2.63,8.2,0.21,,0.8,1.8,,,,,21.9,84.0,0.28,178.5,,0.0,,708.25,
2024-05-19 22:00:00,9.5,30.5,1.15,15.32,9.1,2.65,9.1,0.22,,0.9,1.98,,,,,21.9,83.75,0.2,172.75,,0.0,,709.0,
2024-05-19 23:00:00,12.5,47.0,1.4,18.8,11.1,2.73,9.07,0.21,,0.9,1.98,,,,,21.95,83.75,0.2,46.75,,0.0,,709.0,
2024-05-20 00:00:00,18.25,59.0,1.3,18.3,10.8,2.6,6.4,0.24,,0.63,1.37,,,,,22.05,85.0,0.25,82.5,,0.0,,708.75,
2024-05-20 01:00:00,19.75,40.75,1.27,12.35,7.6,2.25,5.2,0.27,,0.52,1.12,,,,,21.82,85.25,0.3,63.5,,0.0,,707.75,
2024-05-20 02:00:00,13.75,45.75,1.27,10.85,6.78,2.08,4.8,0.29,,0.45,1.05,,,,,21.58,86.0,0.45,62.5,,0.0,,707.0,
2024-05-20 03:00:00,16.25,62.0,1.32,10.05,6.42,2.22,4.82,0.3,,0.48,1.05,,,,,21.45,86.75,0.22,45.5,,0.0,,706.5,
2024-05-20 04:00:00,15.5,60.25,1.42,11.32,7.18,2.42,4.38,0.3,,0.4,0.95,,,,,21.28,87.0,0.32,49.75,,0.0,,707.0,
2024-05-20 05:00:00,11.5,60.0,1.23,9.52,6.08,2.42,3.78,0.26,,0.35,0.82,,,,,21.18,87.75,0.32,50.5,,0.0,,707.0,
2024-05-20 06:00:00,15.25,53.75,1.32,14.62,8.82,2.48,3.65,0.26,,0.38,0.78,,,,,21.2,87.75,0.48,57.25,,0.0,,708.0,
2024-05-20 07:00:00,22.5,67.75,1.27,10.45,6.57,2.3,4.5,0.24,,0.43,0.98,,,,,21.75,86.25,0.6,89.25,,0.0,,708.5,
2024-05-20 08:00:00,23.5,58.0,1.3,10.27,6.53,2.17,4.58,0.26,,0.45,1.02,,,,,23.08,80.0,0.98,100.75,,0.0,,709.25,
2024-05-20 09:00:00,20.5,51.5,1.1,8.8,5.6,2.3,4.65,0.29,,0.45,1.02,,,,,25.15,67.5,1.32,98.75,,0.0,,710.0,
2024-05-20 10:00:00,16.0,35.25,,,,,4.68,0.29,,0.45,1.02,,,,,26.48,63.5,1.12,111.25,,0.0,,710.0,
2024-05-20 11:00:00,15.5,47.25,,,,,4.2,0.29,,0.4,0.88,,,,,27.45,61.25,1.1,120.0,,0.0,,709.75,
2024-05-20 12:00:00,15.0,59.5,1.1,8.6,5.5,2.0,3.88,0.28,,0.38,0.82,,,,,28.08,58.25,1.05,137.75,,0.0,,708.75,
2024-05-20 13:00:00,19.5,84.25,1.5,12.15,7.7,2.25,4.7,0.21,,0.45,1.0,,,,,28.75,57.25,1.2,117.25,,0.0,,707.75,
2024-05-20 14:00:00,21.0,94.75,1.4,7.7,5.2,2.1,6.08,0.22,,0.6,1.3,,,,,29.3,54.75,1.25,84.75,,0.0,,706.25,
2024-05-20 15:00:00,14.0,62.25,,,,,6.05,0.22,,0.6,1.32,,,,,29.6,55.25,1.1,102.25,,0.0,,705.5,
2024-05-20 16:00:00,18.0,87.75,,,,,6.75,0.23,,0.68,1.48,,,,,29.48,56.5,1.08,111.5,,0.0,,705.0,
2024-05-20 17:00:00,15.0,77.25,,,,,6.62,0.22,,0.65,1.42,,,,,29.0,57.75,0.95,89.5,,0.0,,705.25,
2024-05-20 18:00:00,24.25,116.0,,,,,7.32,0.22,,0.7,1.55,,,,,28.22,65.75,0.88,113.75,,0.0,,706.25,
2024-05-20 19:00:00,26.0,173.0,,,,,7.28,0.24,,0.7,1.58,,,,,26.55,70.0,1.17,190.25,,0.0,,707.75,
2024-05-20 20:00:00,24.75,111.25,1.4,16.57,9.93,2.6,5.62,0.22,,0.57,1.2,,,,,25.18,81.25,1.27,216.25,,0.0,,708.5,
2024-05-20 21:00:00,10.75,30.25,1.2,16.82,9.95,2.68,5.98,0.21,,0.57,1.3,,,,,23.05,85.25,1.45,210.5,,0.0,,709.75,
2024-05-20 22:00:00,7.25,23.5,1.0,16.75,9.72,2.7,5.92,0.2,,0.6,1.3,,,,,22.2,86.75,1.05,204.5,,0.0,,710.0,
2024-05-20 23:00:00,7.25,32.0,1.08,11.18,6.8,2.62,5.08,0.19,,0.5,1.1,,,,,21.78,91.5,0.92,189.25,,0.0,,710.0,
2024-05-21 00:00:00,4.0,16.0,1.38,9.88,6.35,2.5,4.53,0.19,,0.43,0.97,,,,,21.45,99.0,0.9,221.25,,0.0,,709.5,
2024-05-21 01:00:00,1.5,14.0,1.15,8.95,5.7,2.48,5.28,0.23,,0.5,1.15,,,,,21.55,99.0,0.88,218.25,,0.0,,708.5,
2024-05-21 02:00:00,3.5,19.25,1.35,9.2,6.0,2.55,4.82,0.22,,0.48,1.05,,,,,21.4,99.0,0.95,242.25,,0.0,,707.75,
2024-05-21 03:00:00,6.0,24.75,1.3,10.68,6.72,2.58,4.6,0.22,,0.45,0.98,,,,,21.42,99.0,0.65,230.75,,0.0,,707.0,
2024-05-21 04:00:00,8.25,22.25,1.25,9.28,5.98,2.5,4.92,0.2,,0.48,1.08,,,,,21.48,99.0,0.65,162.5,,0.0,,707.0,
2024-05-21 05:00:00,6.25,27.25,1.42,10.02,6.5,2.65,5.15,0.22,,0.5,1.1,,,,,21.35,99.0,0.57,188.25,,0.0,,707.0,
2024-05-21 06:00:00,7.5,31.25,1.45,11.08,7.02,2.58,4.42,0.22,,0.43,0.98,,,,,21.2,99.0,0.4,63.5,,0.0,,707.0,
2024-05-21 07:00:00,9.0,35.0,1.12,14.38,8.57,2.58,3.72,0.24,,0.35,0.8,,,,,21.45,99.0,0.5,135.5,,0.0,,707.5,
2024-05-21 08:00:00,11.5,49.25,1.32,16.62,9.93,2.65,4.8,0.23,,0.45,1.05,,,,,22.7,94.25,0.57,181.75,,0.0,,708.5,
2024-05-21 09:00:00,19.75,65.5,1.18,13.73,8.22,2.58,6.0,0.23,,0.57,1.27,,,,,24.7,74.0,0.55,136.0,,0.0,,709.0,
2024-05-21 10:00:00,20.0,71.0,1.38,12.1,7.55,2.5,5.2,0.25,,0.5,1.1,,,,,26.58,64.75,0.8,152.25,,0.0,,708.75,
2024-05-21 11:00:00,12.75,78.25,1.23,12.6,7.73,2.53,4.55,0.26,,0.45,0.95,,,,,28.2,57.75,1.12,139.75,,0.0,,708.0,
2024-05-21 12:00:00,10.25,63.0,1.4,9.3,6.1,2.5,5.9,0.27,,0.6,1.27,,,,,29.8,56.75,1.68,114.0,,0.0,,707.5,
2024-05-21 13:00:00,13.75,73.75,,,,,6.4,0.19,,0.62,1.4,,,,,30.48,49.5,1.48,109.5,,0.0,,706.25,
2024-05-21 14:00:00,11.5,103.0,,,,,7.02,0.18,,0.7,1.52,,,,,31.05,57.25,1.48,110.5,,0.0,,705.0,
2024-05-21 15:00:00,8.25,73.5,,,,,7.12,0.18,,0.7,1.52,,,,,29.58,55.5,1.38,95.75,,0.0,,704.75,
2024-05-21 16:00:00,10.75,84.5,,,,,7.12,0.17,,0.7,1.55,,,,,29.83,54.75,1.55,96.5,,0.0,,705.25,
2024-05-21 17:00:00,7.25,55.0,,,,,7.82,0.23,,0.78,1.68,,,,,28.2,70.25,1.62,105.5,,0.0,,706.0,
2024-05-21 18:00:00,7.75,43.0,,,,,7.15,0.22,,0.72,1.58,,,,,25.4,74.75,0.82,104.0,,0.0,,706.75,
2024-05-21 19:00:00,8.75,42.25,1.3,7.43,4.98,2.35,5.62,0.21,,0.55,1.23,,,,,24.1,77.5,0.75,114.0,,0.0,,707.25,
2024-05-21 20:00:00,14.75,49.5,1.38,8.2,5.5,2.28,5.28,0.2,,0.5,1.12,,,,,23.8,78.75,0.75,121.5,,0.0,,708.0,
2024-05-21 21:00:00,16.25,73.5,1.08,11.65,7.08,2.02,5.75,0.2,,0.52,1.25,,,,,23.75,79.5,0.8,122.25,,0.0,,709.0,
2024-05-21 22:00:00,12.75,53.5,1.02,7.65,4.92,2.08,6.3,0.19,,0.62,1.35,,,,,23.55,79.25,0.62,101.75,,0.0,,709.0,
2024-05-21 23:00:00,10.25,41.0,1.15,6.3,4.3,2.18,6.12,0.18,,0.6,1.3,,,,,23.38,79.0,0.65,80.75,,0.0,,709.0,
2024-05-22 00:00:00,16.0,66.5,1.25,7.1,4.8,2.28,6.17,0.17,,0.6,1.33,,,,,23.25,80.0,0.55,98.25,,0.0,,708.0,
2024-05-22 01:00:00,19.25,80.0,1.2,6.6,4.5,2.35,5.88,0.25,,0.57,1.27,,,,,23.0,81.25,0.6,118.75,,0.0,,707.0,
2024-05-22 02:00:00,12.75,102.75,1.2,7.62,5.05,2.4,5.45,0.24,,0.52,1.18,,,,,22.6,82.5,0.45,119.5,,0.0,,706.0,
2024-05-22 03:00:00,16.75,165.75,1.38,8.52,5.65,2.38,4.58,0.22,,0.45,1.0,,,,,22.25,83.25,0.42,157.25,,0.0,,706.0,
2024-05-22 04:00:00,22.25,180.75,1.35,10.38,6.62,2.42,5.05,0.2,,0.5,1.08,,,,,22.08,84.25,0.35,218.5,,0.0,,707.0,
2024-05-22 05:00:00,42.25,249.5,1.1,14.28,8.5,2.58,4.97,0.21,,0.48,1.05,,,,,21.98,85.0,0.45,198.5,,0.0,,707.0,
2024-05-22 06:00:00,20.5,196.25,1.35,19.35,11.38,2.72,5.92,0.21,,0.57,1.3,,,,,21.95,85.0,0.48,126.25,,0.0,,707.0,
2024-05-22 07:00:00,23.25,237.25,1.18,19.65,11.4,2.65,5.5,0.26,,0.52,1.18,,,,,22.6,80.75,0.88,162.0,,0.0,,707.75,
2024-05-22 08:00:00,17.0,186.25,1.27,13.8,8.38,2.65,5.88,0.28,,0.57,1.3,,,,,24.6,71.25,1.45,106.0,,0.0,,708.0,
2024-05-22 09:00:00,13.75,135.5,1.33,13.8,8.4,2.67,5.18,0.2,,0.5,1.12,,,,,26.42,67.0,1.58,113.0,,0.0,,708.0,
2024-05-22 10:00:00,13.0,145.5,1.1,13.9,8.3,2.6,5.45,0.2,,0.55,1.2,,,,,27.6,62.75,2.1,108.75,,0.0,,708.0,
2024-05-22 11:00:00,14.75,135.75,,,,,6.9,0.26,,0.7,1.5,,,,,28.52,58.0,1.7,120.25,,0.0,,707.25,
2024-05-22 12:00:00,20.75,162.75,,,,,,0.26,,,,,,,,29.7,54.25,1.75,118.25,,0.0,,706.5,
2024-05-22 13:00:00,22.25,160.25,,,,,,0.2,,,,,,,,30.38,52.75,1.55,120.0,,0.0,,705.75,
2024-05-22 14:00:00,18.5,170.25,,,,,,0.16,,,,,,,,30.58,53.25,1.5,136.25,,0.0,,704.75,
2024-05-22 15:00:00,13.25,132.75,,,,,,0.15,,,,,,,,29.22,77.0,1.03,195.5,,0.0,,704.0,
2024-05-22 16:00:00,11.75,50.75,,,,,8.9,0.17,,0.9,1.9,,,,,26.02,73.5,0.72,152.75,,0.0,,703.0,
2024-05-22 17:00:00,13.25,74.75,,,,,9.35,0.16,,0.9,2.02,,,,,28.25,59.25,1.0,111.5,,0.0,,703.25,
2024-05-22 18:00:00,11.25,98.0,,,,,8.72,0.15,,0.85,1.9,,,,,28.95,60.75,0.62,110.75,,0.0,,704.25,
2024-05-22 19:00:00,13.5,110.5,,,,,8.85,0.16,,0.88,1.9,,,,,27.52,65.5,1.27,98.5,,0.0,,705.0,
2024-05-22 20:00:00,15.75,98.75,1.6,13.0,8.2,2.4,8.05,0.15,,0.8,1.72,,,,,25.72,75.0,0.8,103.75,,0.0,,706.25,
2024-05-22 21:00:00,10.0,46.0,1.42,17.55,10.5,2.42,7.9,0.22,,0.8,1.7,,,,,23.8,80.0,0.92,84.0,,0.0,,707.5,
2024-05-22 22:00:00,11.75,79.0,1.15,9.75,6.15,2.15,6.95,0.2,,0.7,1.52,,,,,24.12,79.75,1.18,89.75,,0.0,,708.0,
2024-05-22 23:00:00,7.75,45.25,1.12,6.15,4.18,2.28,6.52,0.2,,0.62,1.4,,,,,24.0,80.25,1.08,110.0,,0.0,,708.25,
2024-05-23 00:00:00,7.0,29.0,1.32,6.12,4.3,2.28,5.9,0.18,,0.6,1.3,,,,,23.3,81.5,0.8,116.75,,0.0,,707.5,
2024-05-23 01:00:00,7.0,41.0,1.4,6.3,4.5,2.25,6.08,0.21,,0.6,1.32,,,,,22.95,82.5,0.62,100.25,,0.0,,706.5,
2024-05-23 02:00:00,11.0,26.0,1.35,5.75,4.18,2.18,5.7,0.2,,0.57,1.23,,,,,22.8,84.25,0.7,81.5,,0.0,,705.0,
2024-05-23 03:00:00,11.75,30.0,1.3,6.52,4.53,2.32,5.8,0.2,,0.57,1.25,,,,,22.75,85.0,0.4,90.5,,0.0,,705.0,
2024-05-23 04:00:00,14.0,57.25,1.25,9.57,6.1,2.42,5.95,0.2,,0.57,1.3,,,,,22.52,86.0,0.4,151.5,,0.0,,705.0,
2024-05-23 05:00:00,14.5,101.0,1.3,11.45,7.12,2.55,6.32,0.24,,0.6,1.35,,,,,22.28,87.5,0.3,67.25,,0.0,,705.25,
2024-05-23 06:00:00,19.0,111.75,1.05,15.85,9.3,2.58,6.2,0.23,,0.6,1.32,,,,,22.25,96.25,0.3,89.75,,0.0,,706.25,
2024-05-23 07:00:00,26.5,142.75,1.08,12.02,7.28,2.32,6.4,0.21,,0.62,1.4,,,,,22.88,83.25,0.42,124.75,,0.0,,707.0,
2024-05-23 08:00:00,22.5,113.5,1.37,10.87,6.9,2.3,5.78,0.24,,0.6,1.23,,,,,25.02,70.0,0.92,171.25,,0.0,,708.0,
2024-05-23 09:00:00,24.25,190.0,1.5,14.05,8.7,2.5,5.88,0.23,,0.57,1.3,,,,,27.25,66.0,1.4,168.25,,0.0,,708.0,
2024-05-23 10:00:00,25.0,158.75,,,,,7.38,0.24,,0.7,1.6,,,,,27.35,68.5,1.35,184.75,,0.0,,707.5,
2024-05-23 11:00:00,23.25,146.5,,,,,8.07,0.23,,0.78,1.75,,,,,27.92,56.75,1.23,124.0,,0.0,,707.0,
2024-05-23 12:00:00,17.5,127.25,,,,,8.75,0.25,,0.85,1.85,,,,,30.42,52.0,1.23,136.75,,0.0,,706.0,
2024-05-23 13:00:00,16.5,92.5,,,,,,0.22,,,,,,,,31.6,48.0,1.32,119.25,,0.0,,705.0,
2024-05-23 14:00:00,15.25,142.0,,,,,,0.19,,,,,,,,32.2,49.25,1.4,116.0,,0.0,,704.0,
2024-05-23 15:00:00,8.0,60.75,,,,,,0.23,,,,,,,,32.22,47.0,1.27,119.25,,0.0,,703.25,
2024-05-23 16:00:00,11.25,97.75,,,,,,0.21,,,,,,,,31.82,54.25,1.3,106.0,,0.0,,703.0,
2024-05-23 17:00:00,11.25,53.0,,,,,,0.22,,,,,,,,30.32,53.0,1.27,110.75,,0.0,,703.25,
2024-05-23 18:00:00,9.0,64.5,,,,,,0.2,,,,,,,,29.85,52.75,0.9,107.75,,0.0,,704.0,
2024-05-23 19:00:00,10.75,69.25,,,,,,0.24,,,,,,,,28.85,57.75,0.98,102.5,,0.0,,704.5,
2024-05-23 20:00:00,15.0,81.5,,,,,8.0,0.26,,0.8,1.7,,,,,27.85,66.5,1.1,94.5,,0.0,,705.0,
2024-05-23 21:00:00,17.25,59.0,,,,,8.5,0.2,,0.8,1.82,,,,,26.87,70.5,1.1,95.25,,0.0,,705.75,
2024-05-23 22:00:00,28.25,55.0,,,,,7.82,0.17,,0.78,1.7,,,,,26.25,74.5,0.77,87.25,,0.0,,706.5,
2024-05-23 23:00:00,13.75,58.0,,,,,8.02,0.19,,0.8,1.72,,,,,25.72,76.5,1.08,121.25,,0.0,,706.0,
2024-05-24 00:00:00,12.5,52.5,,,,,6.5,0.24,,0.63,1.4,,,,,25.42,78.25,1.48,170.0,,0.0,,706.0,
2024-05-24 01:00:00,13.75,66.0,,,,,5.72,0.24,,0.55,1.23,,,,,25.02,80.75,1.8,177.5,,0.0,,705.25,
2024-05-24 02:00:00,24.25,78.25,,,,,6.22,0.27,,0.6,1.35,,,,,24.38,82.0,1.35,178.75,,0.0,,704.5,
2024-05-24 03:00:00,29.5,88.25,,,,,6.02,0.26,,0.6,1.3,,,,,23.95,83.0,1.0,201.75,,0.0,,704.0,
2024-05-24 04:00:00,24.25,98.75,,,,,5.55,0.26,,0.52,1.18,,,,,23.82,81.5,0.52,247.5,,0.0,,704.5,
2024-05-24 05:00:00,21.0,123.25,,,,,5.03,0.26,,0.5,1.05,,,,,23.92,80.75,0.72,219.5,,0.0,,705.0,
2024-05-24 06:00:00,18.5,113.0,,,,,3.98,0.24,,0.4,0.82,,,,,23.98,80.75,0.98,230.5,,0.0,,705.75,
2024-05-24 07:00:00,21.0,119.25,,,,,3.72,0.27,,0.35,0.82,,,,,24.22,75.5,1.02,212.25,,0.0,,706.0,
2024-05-24 08:00:00,23.5,109.5,,,,,5.2,0.27,,0.5,1.15,,,,,25.42,72.5,1.2,236.0,,0.0,,707.0,
2024-05-24 09:00:00,23.75,130.75,,,,,5.62,0.22,,0.52,1.2,,,,,26.3,70.25,1.12,219.0,,0.0,,707.0,
2024-05-24 10:00:00,29.0,126.5,,,,,6.27,0.26,,0.6,1.33,,,,,27.5,61.75,1.05,177.0,,0.0,,706.75,
2024-05-24 11:00:00,30.75,136.5,,,,,,0.32,,,,,,,,29.5,55.75,0.95,167.75,,0.0,,706.0,
2024-05-24 12:00:00,36.5,173.5,,,,,,0.32,,,,,,,,30.35,51.0,1.12,140.5,,0.0,,705.5,
2024-05-24 13:00:00,41.0,202.0,,,,,,0.16,,,,,,,,31.2,47.5,1.08,205.25,,0.0,,705.0,
2024-05-24 14:00:00,46.5,242.0,,,,,,0.16,,,,,,,,31.5,45.25,0.82,138.75,,0.0,,704.25,
2024-05-24 15:00:00,34.25,153.25,,,,,,0.14,,,,,,,,31.65,44.0,0.57,99.0,,0.0,,703.25,
2024-05-24 16:00:00,29.5,95.75,,,,,,0.17,,,,,,,,32.05,45.25,0.8,127.75,,0.0,,702.5,
2024-05-24 17:00:00,37.25,157.75,,,,,,0.26,,,,,,,,31.15,54.75,1.72,238.25,,0.0,,703.0,
2024-05-24 18:00:00,53.25,297.5,,,,,,0.25,,,,,,,,27.78,66.5,1.72,276.25,,0.0,,704.0,
2024-05-24 19:00:00,42.25,171.25,,,,,7.13,0.21,,0.7,1.53,,,,,23.88,78.5,0.88,196.75,,0.0,,705.25,
2024-05-24 20:00:00,34.25,73.5,,,,,7.2,0.19,,0.7,1.58,,,,,22.75,71.0,0.8,198.5,,0.0,,706.25,
2024-05-24 21:00:00,36.0,113.5,,,,,7.18,0.19,,0.7,1.52,,,,,24.02,68.75,1.58,243.0,,0.0,,707.0,
2024-05-24 22:00:00,38.0,194.25,,,,,6.35,0.16,,0.6,1.35,,,,,23.62,73.5,2.08,266.0,,0.0,,707.0,
2024-05-24 23:00:00,34.5,238.5,,,,,5.42,0.16,,0.55,1.15,,,,,23.02,76.5,1.5,258.0,,0.0,,707.0,
2024-05-25 00:00:00,31.5,184.75,,,,,6.73,0.15,,0.63,1.47,,,,,22.78,77.75,1.78,275.0,,0.0,,708.0,
2024-05-25 01:00:00,25.75,139.75,,,,,8.7,0.28,,0.85,1.9,,,,,22.6,78.25,1.85,285.75,,0.0,,706.5,
2024-05-25 02:00:00,22.5,126.0,,,,,8.25,0.25,,0.8,1.8,,,,,22.38,77.25,1.18,255.0,,0.0,,705.0,
2024-05-25 03:00:00,22.75,126.5,,,,,8.6,0.27,,0.8,1.88,,,,,22.48,78.75,1.38,198.5,,0.0,,705.0,
2024-05-25 04:00:00,21.25,112.25,,,,,7.9,0.25,,0.78,1.7,,,,,21.85,82.75,1.27,201.75,,0.0,,704.75,
2024-05-25 05:00:00,27.0,117.0,1.35,9.9,6.35,2.2,7.7,0.23,,0.78,1.68,,,,,21.02,84.0,1.38,224.0,,0.0,,705.0,
2024-05-25 06:00:00,22.25,119.75,1.35,12.65,7.85,2.25,7.18,0.24,,0.68,1.52,,,,,20.82,84.0,1.6,230.0,,0.0,,706.0,
2024-05-25 07:00:00,18.25,145.5,1.3,13.4,8.2,2.4,6.98,0.22,,0.68,1.5,,,,,21.05,82.25,1.5,237.75,,0.0,,707.0,
2024-05-25 08:00:00,21.0,149.25,1.25,15.9,9.45,2.6,7.42,0.2,,0.7,1.6,,,,,21.92,75.75,1.8,249.75,,0.0,,707.0,
2024-05-25 09:00:00,21.75,176.75,,,,,8.22,0.27,,0.78,1.78,,,,,23.52,70.25,1.65,262.25,,0.0,,707.0,
2024-05-25 10:00:00,33.25,216.75,,,,,8.05,0.3,,0.8,1.75,,,,,24.95,63.25,2.05,262.75,,0.0,,707.0,
2024-05-25 11:00:00,34.25,218.75,,,,,9.85,0.32,,1.0,2.12,,,,,26.78,56.75,2.08,259.5,,0.0,,706.75,
2024-05-25 12:00:00,36.0,195.5,,,,,10.13,0.33,,1.0,2.2,,,,,28.52,52.5,2.2,264.0,,0.0,,706.0,
2024-05-25 13:00:00,38.25,230.0,,,,,,0.21,,,,,,,,29.4,52.25,2.42,268.0,,0.0,,706.0,
2024-05-25 14:00:00,35.25,219.5,,,,,,0.22,,,,,,,,28.9,50.75,2.58,270.0,,0.0,,705.25,
2024-05-25 15:00:00,32.5,237.75,,,,,,0.22,,,,,,,,28.3,53.75,2.2,258.75,,0.0,,705.0,
2024-05-25 16:00:00,29.25,227.75,,,,,,0.22,,,,,,,,28.15,54.5,2.4,270.0,,0.0,,705.0,
2024-05-25 17:00:00,25.0,231.25,,,,,11.2,0.19,,1.1,2.4,,,,,27.45,57.0,2.35,264.0,,0.0,,705.25,
2024-05-25 18:00:00,28.25,211.75,,,,,11.42,0.18,,1.1,2.45,,,,,26.52,58.5,2.35,275.25,,0.0,,706.0,
2024-05-25 19:00:00,29.5,203.25,,,,,12.1,0.18,,1.2,2.62,,,,,25.88,60.5,2.05,284.25,,0.0,,707.0,
2024-05-25 20:00:00,32.0,217.0,,,,,12.12,0.16,,1.2,2.62,,,,,25.35,66.0,1.78,269.75,,0.0,,707.75,
2024-05-25 21:00:00,32.0,186.25,,,,,11.18,0.21,,1.08,2.42,,,,,24.75,69.75,1.68,255.5,,0.0,,708.5,
2024-05-25 22:00:00,22.75,156.5,,,,,10.12,0.24,,1.0,2.17,,,,,24.12,73.5,1.6,233.25,,0.0,,709.0,
2024-05-25 23:00:00,21.5,126.0,,,,,10.02,0.25,,0.98,2.15,,,,,23.42,75.5,1.6,232.5,,0.0,,709.0,
2024-05-26 00:00:00,20.0,115.0,,,,,8.17,0.25,,0.8,1.77,,,,,22.8,74.25,1.6,237.0,,0.0,,708.5,
2024-05-26 01:00:00,17.75,100.25,,,,,5.88,0.17,,0.57,1.27,,,,,22.42,74.0,1.78,242.75,,0.0,,707.75,
2024-05-26 02:00:00,13.0,100.25,,,,,5.5,0.17,,0.52,1.18,,,,,22.12,75.5,1.82,244.25,,0.0,,707.0,
2024-05-26 03:00:00,16.25,92.5,1.5,8.75,5.85,2.45,4.88,0.17,,0.48,1.08,,,,,21.82,77.0,1.48,232.25,,0.0,,707.0,
2024-05-26 04:00:00,9.0,75.75,1.4,8.2,5.5,2.4,4.53,0.14,,0.43,0.98,,,,,21.5,80.0,1.72,231.0,,0.0,,707.0,
2024-05-26 05:00:00,13.5,78.0,1.35,8.7,5.7,2.4,4.5,0.23,,0.45,0.98,,,,,21.12,82.5,1.55,216.75,,0.0,,707.0,
2024-05-26 06:00:00,18.25,93.0,1.23,11.8,7.27,2.5,4.75,0.21,,0.48,1.02,,,,,20.92,82.75,1.82,234.75,,0.0,,707.5,
2024-05-26 07:00:00,19.0,111.0,1.2,13.25,8.0,2.55,4.78,0.23,,0.45,1.02,,,,,21.2,80.5,1.8,233.5,,0.0,,708.75,
2024-05-26 08:00:00,20.0,107.0,1.5,12.3,7.75,2.35,5.18,0.22,,0.5,1.12,,,,,21.9,78.5,1.72,230.75,,0.0,,709.5,
2024-05-26 09:00:00,23.5,109.0,1.4,12.6,7.8,2.4,5.12,0.23,,0.5,1.12,,,,,22.65,73.75,2.12,247.5,,0.0,,709.0,
2024-05-26 10:00:00,25.5,145.75,,,,,4.92,0.24,,0.48,1.05,,,,,24.58,66.25,1.9,244.0,,0.0,,709.0,
2024-05-26 11:00:00,26.25,146.5,,,,,6.7,0.27,,0.65,1.42,,,,,26.65,58.75,2.82,259.75,,0.0,,708.75,
2024-05-26 12:00:00,26.25,195.5,,,,,7.5,0.28,,0.72,1.62,,,,,27.82,55.75,3.25,270.5,,0.0,,708.0,
2024-05-26 13:00:00,30.5,183.0,,,,,7.7,0.24,,0.75,1.65,,,,,28.3,53.0,2.75,261.5,,0.0,,707.75,
2024-05-26 14:00:00,23.0,150.5,,,,,,0.22,,,,,,,,28.5,53.0,2.85,265.5,,0.0,,707.0,
2024-05-26 15:00:00,24.25,154.75,,,,,,0.19,,,,,,,,28.08,55.0,2.65,267.5,,0.0,,706.0,
2024-05-26 16:00:00,26.5,159.5,,,,,,0.2,,,,,,,,27.62,56.0,2.45,251.75,,0.0,,706.0,
2024-05-26 17:00:00,22.5,145.25,,,,,,0.22,,,,,,,,27.17,61.25,1.9,248.5,,0.0,,705.0,
2024-05-26 18:00:00,22.75,127.0,,,,,,0.28,,,,,,,,26.22,67.0,1.92,232.75,,0.0,,706.0,
2024-05-26 19:00:00,20.5,106.75,,,,,,0.24,,,,,,,,25.17,69.75,1.72,236.5,,0.0,,706.5,
2024-05-26 20:00:00,24.25,110.75,,,,,8.8,0.24,,0.85,1.92,,,,,24.4,72.0,1.4,234.0,,0.0,,707.25,
2024-05-26 21:00:00,21.25,111.5,,,,,9.0,0.23,,0.9,1.92,,,,,24.0,74.0,1.52,238.0,,0.0,,708.75,
2024-05-26 22:00:00,20.5,101.25,,,,,8.45,0.24,,0.8,1.82,,,,,23.7,73.25,1.82,268.5,,0.0,,709.5,
2024-05-26 23:00:00,23.0,109.25,,,,,6.5,0.24,,0.65,1.42,,,,,23.65,74.25,1.85,256.0,,0.0,,710.25,
2024-05-27 00:00:00,16.75,102.75,,,,,5.83,0.23,,0.57,1.27,,,,,23.4,75.0,2.05,263.75,,0.0,,709.5,
2024-05-27 01:00:00,16.0,96.75,,,,,5.12,0.2,,0.5,1.1,,,,,23.0,74.75,2.22,260.5,,0.0,,708.0,
2024-05-27 02:00:00,15.5,84.5,,,,,5.08,0.21,,0.5,1.1,,,,,22.58,76.75,1.6,237.0,,0.0,,707.0,
2024-05-27 03:00:00,,,,,,,,,,,,,,,,,,,,,0.0,,,
2024-05-27 04:00:00,,,,,,,,,,,,,,,,,,,,,0.0,,,
2024-05-27 05:00:00,,,,,,,,,,,,,,,,,,,,,0.0,,,
2024-05-27 06:00:00,,,,,,,,,,,,,,,,,,,,,0.0,,,
2024-05-27 07:00:00,20.0,107.0,,,,,5.55,0.18,,0.5,1.2,,,,,21.8,78.0,1.85,233.5,,0.0,,709.0,
2024-05-27 08:00:00,23.25,122.75,,,,,5.82,0.2,,0.57,1.25,,,,,22.72,73.5,2.15,237.5,,0.0,,709.0,
2024-05-27 09:00:00,26.25,149.75,,,,,5.28,0.24,,0.52,1.12,,,,,24.02,67.5,2.3,243.0,,0.0,,709.0,
2024-05-27 10:00:00,25.0,184.25,,,,,7.4,0.28,,0.72,1.6,,,,,25.42,61.75,2.35,259.25,,0.0,,709.0,
2024-05-27 11:00:00,29.25,197.5,,,,,9.0,0.28,,0.9,1.93,,,,,27.12,57.0,2.35,257.75,,0.0,,709.0,
2024-05-27 12:00:00,31.5,183.25,,,,,,0.28,,,,,,,,28.45,56.5,2.52,267.0,,0.0,,708.5,
2024-05-27 13:00:00,27.75,159.25,,,,,,0.25,,,,,,,,28.88,53.0,2.48,257.25,,0.0,,708.0,
2024-05-27 14:00:00,28.25,148.5,,,,,,0.26,,,,,,,,29.85,50.0,2.48,256.5,,0.0,,707.0,
2024-05-27 15:00:00,24.25,149.0,,,,,,0.27,,,,,,,,30.38,50.0,2.4,270.5,,0.0,,706.0,
2024-05-27 16:00:00,28.75,148.25,,,,,,0.26,,,,,,,,30.55,50.25,1.9,257.25,,0.0,,706.0,
2024-05-27 17:00:00,31.0,163.0,,,,,,0.24,,,,,,,,30.25,51.0,1.92,265.75,,0.0,,706.5,
2024-05-27 18:00:00,29.0,179.0,,,,,,0.24,,,,,,,,29.45,54.5,1.45,229.75,,0.0,,707.0,
2024-05-27 19:00:00,25.0,163.75,,,,,,0.25,,,,,,,,28.2,58.25,1.78,249.0,,0.0,,708.0,
2024-05-27 20:00:00,30.5,192.75,,,,,,0.25,,,,,,,,27.42,61.0,1.75,249.5,,0.0,,709.0,
2024-05-27 21:00:00,28.75,189.75,,,,,11.7,0.23,,1.1,2.5,,,,,26.62,66.5,2.0,237.75,,0.0,,709.0,
2024-05-27 22:00:00,26.75,146.75,1.35,15.75,9.45,2.25,10.2,0.21,,1.0,2.22,,,,,25.58,69.5,1.92,238.5,,0.0,,709.0,
2024-05-27 23:00:00,21.75,116.0,1.12,13.25,7.98,2.38,8.05,0.22,,0.78,1.75,,,,,24.72,71.0,1.9,237.25,,0.0,,709.0,
2024-05-28 00:00:00,19.25,107.5,1.3,10.5,6.62,2.28,6.77,0.23,,0.67,1.47,,,,,24.1,70.5,2.0,232.75,,0.0,,708.75,
2024-05-28 01:00:00,21.5,105.25,1.3,8.78,5.72,2.22,6.8,0.22,,0.65,1.48,,,,,23.68,71.25,2.0,236.75,,0.0,,708.0,
2024-05-28 02:00:00,17.0,90.75,1.35,8.52,5.65,2.25,7.32,0.22,,0.7,1.58,,,,,23.18,73.5,1.72,231.75,,0.0,,707.5,
2024-05-28 03:00:00,,,,,,,,,,,,,,,,,,,,,0.0,,,
2024-05-28 04:00:00,,,,,,,,,,,,,,,,,,,,,0.0,,,
2024-05-28 05:00:00,,,,,,,,,,,,,,,,,,,,,0.0,,,
2024-05-28 06:00:00,,,,,,,,,,,,,,,,,,,,,0.0,,,
2024-05-28 07:00:00,,,,,,,,,,,,,,,,,,,,,0.0,,,
2024-05-28 08:00:00,,,,,,,,,,,,,,,,,,,,,0.0,,,
2024-05-28 09:00:00,29.0,167.0,1.5,26.4,15.3,2.9,7.6,0.31,,0.7,1.7,,,,,25.2,66.0,2.2,276.0,,0.0,,711.0,
2024-05-28 10:00:00,27.75,165.75,1.4,28.27,16.17,3.0,8.57,0.3,,0.85,1.82,,,,,25.6,62.75,2.25,259.0,,0.0,,710.0,
2024-05-28 11:00:00,24.25,163.25,0.95,23.6,13.35,2.7,11.02,0.34,,1.08,2.38,,,,,27.1,59.0,2.05,249.75,,0.0,,709.25,
2024-05-28 12:00:00,25.75,170.75,,,,,11.18,0.31,,1.1,2.42,,,,,28.38,55.0,2.35,263.5,,0.0,,709.0,
2024-05-28 13:00:00,27.25,167.0,,,,,11.65,0.24,,1.15,2.55,,,,,29.58,55.0,1.92,234.0,,0.0,,708.0,
2024-05-28 14:00:00,25.75,130.0,,,,,12.4,0.23,,1.2,2.65,,,,,29.92,53.0,2.33,255.5,,0.0,,707.25,
2024-05-28 15:00:00,27.75,157.0,,,,,12.3,0.25,,1.18,2.62,,,,,30.38,50.5,2.15,255.5,,0.0,,707.0,
2024-05-28 16:00:00,27.0,162.75,,,,,11.9,0.26,,1.18,2.58,,,,,30.45,49.25,2.08,237.25,,0.0,,707.0,
2024-05-28 17:00:00,29.0,161.25,,,,,12.92,0.25,,1.27,2.8,,,,,29.88,47.75,1.9,249.75,,0.0,,707.0,
2024-05-28 18:00:00,34.5,183.0,,,,,12.58,0.27,,1.2,2.7,,,,,29.2,53.0,1.8,247.75,,0.0,,707.75,
2024-05-28 19:00:00,32.5,175.0,,,,,12.6,0.27,,1.23,2.72,,,,,28.1,55.25,1.4,232.75,,0.0,,708.5,
2024-05-28 20:00:00,29.25,167.5,,,,,12.42,0.27,,1.2,2.68,,,,,27.25,62.0,1.5,223.0,,0.0,,709.0,
2024-05-28 21:00:00,25.0,137.75,,,,,11.7,0.23,,1.15,2.52,,,,,26.28,68.0,1.62,242.75,,0.0,,709.75,
2024-05-28 22:00:00,33.5,146.0,,,,,10.7,0.22,,1.02,2.28,,,,,25.4,71.25,1.6,238.5,,0.0,,710.0,
2024-05-28 23:00:00,42.0,138.0,1.4,14.7,9.0,2.3,8.05,0.26,,0.8,1.75,,,,,24.6,74.5,1.52,238.5,,0.0,,709.0,
2024-05-29 00:00:00,16.5,81.5,1.2,12.35,7.5,2.32,6.77,0.26,,0.67,1.43,,,,,23.82,77.0,1.65,237.75,,0.0,,709.0,
2024-05-29 01:00:00,12.0,62.5,1.18,9.18,5.82,2.38,4.55,0.22,,0.43,0.98,,,,,23.12,80.25,1.52,234.25,,0.0,,708.0,
2024-05-29 02:00:00,12.0,55.25,1.23,8.57,5.57,2.35,3.28,0.22,,0.32,0.7,,,,,22.48,82.0,1.85,235.0,,0.0,,707.75,
2024-05-29 03:00:00,11.0,55.5,1.27,8.62,5.6,2.42,2.78,0.2,,0.28,0.57,,,,,22.02,83.0,1.55,238.0,,0.0,,707.75,
2024-05-29 04:00:00,8.75,56.25,1.23,9.52,6.1,2.45,2.3,0.2,,0.2,0.5,,,,,21.75,83.25,1.65,230.75,,0.0,,708.0,
2024-05-29 05:00:00,12.5,70.0,1.38,10.85,6.9,2.58,2.42,0.25,,0.22,0.5,,,,,21.58,84.0,1.45,235.75,,0.0,,708.25,
2024-05-29 06:00:00,17.5,93.75,1.3,13.6,8.28,2.48,2.17,0.24,,0.2,0.45,,,,,21.52,84.0,1.6,228.75,,0.0,,709.0,
2024-05-29 07:00:00,20.5,107.5,1.23,15.5,9.25,2.55,2.5,0.22,,0.22,0.52,,,,,21.75,83.0,1.68,236.0,,0.0,,709.75,
2024-05-29 08:00:00,24.5,127.25,1.25,18.6,10.92,2.62,2.52,0.24,,0.22,0.52,,,,,22.7,76.25,1.95,249.5,,0.0,,710.0,
2024-05-29 09:00:00,23.0,141.25,1.3,21.22,12.38,2.65,1.8,0.27,,0.18,0.4,,,,,24.5,71.0,2.12,252.0,,0.0,,710.0,
2024-05-29 10:00:00,22.25,157.75,1.3,23.3,13.45,2.7,1.58,0.28,,0.18,0.35,,,,,25.85,65.5,2.33,264.25,,0.0,,709.75,
2024-05-29 11:00:00,21.75,164.75,,,,,3.27,0.29,,0.3,0.7,,,,,27.5,59.0,2.38,247.5,,0.0,,709.0,
2024-05-29 12:00:00,27.5,151.0,,,,,,0.25,,,,,,,,28.78,52.25,2.28,261.25,,0.0,,708.25,
2024-05-29 13:00:00,29.25,147.5,2.0,21.5,13.0,2.9,4.7,0.25,,0.5,1.0,,,,,30.15,46.75,2.22,255.75,,0.0,,707.5,
2024-05-29 14:00:00,28.0,144.0,1.52,22.25,13.08,2.88,4.75,0.19,,0.45,1.03,,,,,31.02,45.5,2.12,262.0,,0.0,,707.0,
2024-05-29 15:00:00,24.25,171.5,1.5,22.9,13.4,2.9,3.65,0.19,,0.38,0.78,,,,,31.42,45.5,2.3,283.5,,0.0,,706.0,
2024-05-29 16:00:00,29.5,254.75,1.5,29.9,17.1,3.4,4.92,0.21,,0.48,1.05,,,,,31.28,48.0,2.17,289.5,,0.0,,706.0,
2024-05-29 17:00:00,25.5,201.75,1.55,35.17,19.98,3.68,5.75,0.18,,0.55,1.23,,,,,30.45,49.75,1.8,283.0,,0.0,,706.0,
2024-05-29 18:00:00,29.25,198.5,1.32,39.38,22.02,3.88,5.38,0.18,,0.52,1.12,,,,,29.85,53.0,1.6,284.25,,0.0,,707.0,
2024-05-29 19:00:00,40.0,224.75,1.08,46.9,25.82,4.18,4.6,0.18,,0.45,0.98,,,,,29.32,53.25,1.0,259.5,,0.0,,707.75,
2024-05-29 20:00:00,51.0,261.75,0.7,35.05,19.2,3.38,2.97,0.21,,0.3,0.67,,,,,28.88,60.25,1.45,243.0,,0.0,,708.5,
2024-05-29 21:00:00,43.0,152.0,1.2,30.88,17.38,2.92,3.1,0.27,,0.3,0.68,,,,,27.75,68.5,1.27,246.0,,0.0,,709.0,
2024-05-29 22:00:00,25.5,141.0,0.92,23.32,13.18,2.33,7.78,0.25,,0.78,1.65,,,,,26.17,71.5,1.48,235.5,,0.0,,709.0,
2024-05-29 23:00:00,17.75,88.75,1.27,16.05,9.57,2.5,7.18,0.31,,0.7,1.55,,,,,25.35,74.0,1.27,238.25,,0.0,,709.0,
2024-05-30 00:00:00,16.75,81.5,1.27,12.25,7.58,2.55,7.43,0.41,,0.7,1.6,,,,,24.75,76.25,1.15,235.0,,0.0,,708.75,
2024-05-30 01:00:00,16.25,71.25,1.12,10.2,6.35,2.52,6.85,0.17,,0.65,1.48,,,,,24.12,79.0,1.15,223.5,,0.0,,708.0,
2024-05-30 02:00:00,16.0,70.25,1.2,8.98,5.78,2.62,7.25,0.11,,0.7,1.58,,,,,23.5,81.0,1.23,234.75,,0.0,,707.0,
2024-05-30 03:00:00,12.75,63.5,1.42,8.88,5.9,2.65,6.55,0.15,,0.65,1.4,,,,,23.1,82.25,1.2,236.5,,0.0,,707.5,
2024-05-30 04:00:00,12.25,60.25,1.58,9.8,6.5,2.65,6.4,0.14,,0.6,1.38,,,,,22.72,83.25,1.1,234.5,,0.0,,707.75,
2024-05-30 05:00:00,15.75,70.25,1.3,13.8,8.38,2.82,6.05,0.22,,0.6,1.32,,,,,22.48,84.0,1.25,252.75,,0.0,,708.0,
2024-05-30 06:00:00,24.75,101.5,1.25,21.75,12.6,2.98,6.15,0.25,,0.6,1.35,,,,,22.45,83.25,1.52,279.5,,0.0,,708.75,
2024-05-30 07:00:00,27.0,139.25,1.6,25.68,15.0,3.12,7.5,0.24,,0.75,1.62,,,,,22.92,79.0,1.68,276.5,,0.0,,709.5,
2024-05-30 08:00:00,28.0,143.75,1.18,28.02,15.88,3.2,7.9,0.24,,0.75,1.7,,,,,24.35,71.75,1.8,267.0,,0.0,,710.75,
2024-05-30 09:00:00,30.75,159.5,1.42,26.7,15.35,3.05,7.8,0.19,,0.75,1.68,,,,,26.0,68.25,1.95,267.5,,0.0,,711.0,
2024-05-30 10:00:00,29.25,170.5,1.38,26.02,14.98,3.12,8.4,0.15,,0.8,1.82,,,,,27.28,62.0,1.9,266.25,,0.0,,710.5,
2024-05-30 11:00:00,26.0,157.0,1.2,26.6,15.12,3.12,8.28,0.18,,0.8,1.78,,,,,28.75,57.5,1.78,257.25,,0.0,,710.0,
2024-05-30 12:00:00,24.0,138.5,1.32,24.05,13.88,2.92,7.48,0.14,,0.72,1.6,,,,,30.12,53.25,1.68,257.25,,0.0,,708.75,
2024-05-30 13:00:00,27.25,153.25,1.48,25.62,14.85,3.1,8.25,0.21,,0.8,1.78,,,,,31.3,50.75,1.85,259.75,,0.0,,708.0,
2024-05-30 14:00:00,27.25,182.5,1.1,20.12,11.6,2.8,8.4,0.22,,0.82,1.82,,,,,31.85,51.0,1.98,236.75,,0.0,,707.5,
2024-05-30 15:00:00,24.5,121.75,1.2,15.52,9.25,2.78,8.5,0.23,,0.82,1.82,,,,,31.82,49.75,1.65,238.75,,0.0,,707.0,
2024-05-30 16:00:00,24.0,122.75,1.32,23.0,13.3,3.08,8.45,0.23,,0.82,1.82,,,,,32.15,49.25,1.75,265.25,,0.0,,707.0,
2024-05-30 17:00:00,26.0,148.75,1.2,26.32,15.0,3.15,8.05,0.29,,0.78,1.72,,,,,31.75,50.5,1.9,256.5,,0.0,,707.0,
2024-05-30 18:00:00,24.75,167.75,1.35,32.05,18.15,3.48,8.78,0.32,,0.85,1.9,,,,,30.8,52.0,1.78,268.75,,0.0,,708.0,
2024-05-30 19:00:00,30.75,203.0,1.3,37.38,20.95,3.5,10.05,0.28,,1.0,2.15,,,,,30.05,53.75,1.6,267.0,,0.0,,708.5,
2024-05-30 20:00:00,33.75,210.75,1.45,38.58,21.7,3.6,9.75,0.28,,0.95,2.1,,,,,29.52,53.0,1.62,282.5,,0.0,,709.25,
2024-05-30 21:00:00,35.5,202.5,1.25,41.1,22.9,3.62,9.43,0.28,,0.9,2.05,,,,,29.22,54.25,1.5,281.75,,0.0,,710.0,
2024-05-30 22:00:00,31.25,179.75,0.9,31.78,17.65,3.3,9.67,0.29,,0.9,2.1,,,,,28.8,59.0,1.98,262.5,,0.0,,710.0,
2024-05-30 23:00:00,23.25,139.75,1.18,20.4,11.8,3.0,9.75,0.28,,0.98,2.1,,,,,27.85,66.25,1.9,260.25,,0.0,,710.0,
2024-05-31 00:00:00,21.0,100.0,1.1,15.25,8.98,2.88,8.73,0.48,,0.83,1.9,,,,,26.5,67.25,1.92,260.5,,0.0,,710.0,
2024-05-31 01:00:00,13.25,86.5,1.18,10.45,6.52,2.58,7.5,0.22,,0.75,1.62,,,,,25.35,73.25,1.45,241.25,,0.0,,709.0,
2024-05-31 02:00:00,16.75,73.0,1.2,9.15,5.9,2.65,7.85,0.26,,0.75,1.68,,,,,24.4,77.0,1.35,241.25,,0.0,,709.0,
2024-05-31 03:00:00,17.0,71.75,1.15,9.5,6.02,2.65,7.65,0.24,,0.72,1.65,,,,,23.68,78.5,1.3,242.0,,0.0,,709.0,
2024-05-31 04:00:00,19.0,69.25,1.23,10.35,6.5,2.72,6.62,0.24,,0.65,1.42,,,,,23.22,81.0,1.48,252.5,,0.0,,709.0,
2024-05-31 05:00:00,16.75,75.0,1.23,13.3,8.05,2.95,6.8,0.6,,0.7,1.48,,,,,22.98,81.0,1.55,262.0,,0.0,,710.0,
2024-05-31 06:00:00,19.25,88.0,1.38,20.78,12.15,3.12,7.3,0.62,,0.7,1.55,,,,,22.92,80.0,1.88,275.25,,0.0,,710.0,
2024-05-31 07:00:00,20.5,114.75,1.15,24.65,14.05,3.38,7.92,0.69,,0.78,1.7,,,,,23.28,76.25,1.95,277.25,,0.0,,711.0,
2024-05-31 08:00:00,23.75,139.5,1.23,26.3,14.98,3.22,8.07,0.64,,0.78,1.75,,,,,24.65,68.75,1.82,283.5,,0.0,,711.0,
2024-05-31 09:00:00,29.0,166.0,1.2,32.88,18.48,3.5,9.4,0.2,,0.9,2.05,,,,,26.85,61.0,1.8,274.5,,0.0,,711.0,
2024-05-31 10:00:00,28.75,178.25,1.08,33.7,18.82,3.68,9.82,0.25,,0.98,2.1,,,,,28.82,56.25,2.15,274.5,,0.0,,711.0,
2024-05-31 11:00:00,29.25,174.25,1.12,36.15,20.18,3.62,9.95,0.25,,0.98,2.12,,,,,30.18,51.75,1.98,265.75,,0.0,,710.0,
2024-05-31 12:00:00,30.25,158.5,1.23,27.55,15.65,3.35,9.33,0.29,,0.92,2.0,,,,,31.6,47.5,1.85,248.0,,0.0,,709.5,
2024-05-31 13:00:00,22.0,149.25,1.08,23.38,13.28,3.0,9.07,0.29,,0.88,1.98,,,,,32.85,44.0,1.78,238.75,,0.0,,708.5,
2024-05-31 14:00:00,23.25,132.5,0.95,22.75,12.9,3.0,5.45,0.24,,0.55,1.2,,,,,34.05,42.25,1.58,200.25,,0.0,,707.5,
2024-05-31 15:00:00,26.25,127.25,,,,,5.38,0.35,,0.52,1.15,,,,,34.6,40.75,1.5,167.75,,0.0,,707.0,
2024-05-31 16:00:00,24.75,138.75,,,,,7.45,0.34,,0.75,1.62,,,,,34.7,41.25,1.42,247.75,,0.0,,707.0,
2024-05-31 17:00:00,28.75,166.5,1.93,32.63,18.93,3.17,8.35,0.22,,0.82,1.8,,,,,33.75,44.5,1.32,223.0,,0.0,,707.0,
2024-05-31 18:00:00,34.0,210.75,1.35,36.2,20.35,3.35,7.75,0.24,,0.78,1.65,,,,,32.35,47.25,1.3,252.75,,0.0,,707.75,
2024-05-31 19:00:00,35.5,229.0,1.4,36.9,20.77,3.3,8.1,0.24,,0.78,1.75,,,,,31.15,48.25,1.2,256.25,,0.0,,708.25,
2024-05-31 20:00:00,38.5,236.75,1.48,38.58,21.72,3.68,5.88,0.19,,0.57,1.25,,,,,30.4,55.5,1.52,280.0,,0.0,,709.0,
2024-05-31 21:00:00,37.0,212.0,1.3,46.52,25.8,3.97,5.03,0.2,,0.5,1.08,,,,,29.42,57.0,1.12,275.5,,0.0,,710.0,
2024-05-31 22:00:00,48.5,256.75,1.3,45.4,25.18,3.65,6.9,0.2,,0.68,1.45,,,,,29.2,56.75,1.2,283.75,,0.0,,710.0,
2024-05-31 23:00:00,56.0,256.0,1.17,36.07,20.17,2.97,11.93,0.18,,1.2,2.6,,,,,29.2,58.0,1.03,248.67,,0.0,,710.0,
2024-06-01 00:00:00,35.75,155.75,0.95,19.48,11.1,2.55,9.07,0.24,,0.87,1.93,,,,,28.28,66.75,1.23,219.5,,0.0,,709.75,
2024-06-01 01:00:00,22.0,93.0,1.18,12.02,7.38,2.38,6.92,0.23,,0.68,1.5,,,,,26.78,73.0,1.38,247.0,,0.0,,709.0,
2024-06-01 02:00:00,17.75,85.0,1.4,12.32,7.7,2.4,7.38,0.23,,0.72,1.6,,,,,26.0,75.0,1.92,260.75,,0.0,,708.0,
2024-06-01 03:00:00,12.5,76.5,1.5,12.58,7.9,2.68,7.6,0.16,,0.72,1.62,,,,,25.55,77.5,1.62,259.5,,0.0,,707.25,
2024-06-01 04:00:00,12.0,72.25,1.3,13.9,8.48,2.75,4.08,0.18,,0.4,0.88,,,,,25.0,79.0,1.23,237.75,,0.0,,708.0,
2024-06-01 05:00:00,24.75,80.75,1.38,11.77,7.4,2.85,,0.17,,,,,,,,24.6,81.25,1.4,231.25,,0.0,,708.25,
2024-06-01 06:00:00,29.25,85.25,1.35,15.42,9.3,2.9,2.85,0.18,,0.3,0.6,,,,,24.28,82.25,1.35,246.25,,0.0,,709.25,
2024-06-01 07:00:00,32.5,111.25,1.35,21.7,12.65,2.92,5.72,0.16,,0.57,1.23,,,,,24.48,78.0,1.8,268.25,,0.0,,710.25,
2024-06-01 08:00:00,21.5,116.25,1.18,21.1,12.18,2.75,5.38,0.29,,0.52,1.15,,,,,25.58,73.0,1.92,275.5,,0.0,,711.0,
2024-06-01 09:00:00,22.25,124.0,1.25,19.38,11.3,2.48,4.78,0.16,,0.48,1.0,,,,,26.85,67.5,1.68,267.75,,0.0,,711.0,
2024-06-01 10:00:00,28.75,140.25,1.0,19.38,11.1,2.5,4.28,0.19,,0.43,0.92,,,,,28.68,61.75,1.58,261.25,,0.0,,711.0,
2024-06-01 11:00:00,28.0,148.75,1.3,17.8,10.55,2.68,7.2,0.15,,0.68,1.52,,,,,30.45,55.25,1.58,250.25,,0.0,,710.25,
2024-06-01 12:00:00,29.75,142.5,1.27,19.35,11.32,2.8,4.6,0.2,,0.45,1.0,,,,,31.78,51.5,1.62,254.0,,0.0,,709.25,
2024-06-01 13:00:00,35.0,161.25,1.52,24.22,14.1,3.15,0.2,0.23,,0.0,0.0,,,,,32.65,52.0,1.78,266.25,,0.0,,708.25,
2024-06-01 14:00:00,37.5,162.75,1.35,23.52,13.62,2.9,1.4,0.21,,0.1,0.3,,,,,32.32,59.0,1.88,214.5,,0.0,,707.25,
2024-06-01 15:00:00,38.25,142.0,1.2,12.05,7.35,2.28,5.2,0.26,,0.5,1.12,,,,,29.28,79.0,1.58,208.5,,0.0,,708.0,
2024-06-01 16:00:00,16.25,43.0,1.15,15.28,9.07,2.65,5.85,0.24,,0.57,1.3,,,,,24.25,81.75,1.3,199.75,,0.0,,708.25,
2024-06-01 17:00:00,12.5,34.75,1.15,12.28,7.48,2.15,6.35,0.22,,0.6,1.35,,,,,23.65,81.5,1.15,136.5,,0.0,,709.5,
2024-06-01 18:00:00,19.0,39.25,1.38,16.45,9.9,2.38,5.4,0.24,,0.55,1.15,,,,,23.15,85.25,0.85,191.5,,0.0,,709.25,
2024-06-01 19:00:00,24.25,45.5,1.32,16.85,10.1,2.2,7.65,0.21,,0.75,1.65,,,,,22.98,84.25,1.0,109.25,,0.0,,710.75,
2024-06-01 20:00:00,21.25,41.25,1.48,17.42,10.45,2.55,4.92,0.22,,0.48,1.05,,,,,22.67,87.5,1.08,224.25,,0.0,,712.25,
2024-06-01 21:00:00,18.75,31.75,1.55,25.75,14.92,3.22,1.15,0.24,,0.07,0.17,,,,,21.95,90.5,1.38,258.75,,0.0,,713.0,
2024-06-01 22:00:00,17.75,27.75,1.12,27.98,15.8,3.52,1.32,0.23,,0.12,0.28,,,,,21.7,92.75,1.52,268.25,,0.0,,713.0,
2024-06-01 23:00:00,17.5,28.0,1.25,22.1,12.78,3.15,3.92,0.26,,0.38,0.85,,,,,21.4,92.5,1.35,258.5,,0.0,,713.0,
2024-06-02 00:00:00,14.5,28.75,0.85,12.45,7.32,2.7,9.13,0.33,,0.87,2.0,,,,,21.3,97.0,1.18,238.75,,0.0,,712.0,
2024-06-02 01:00:00,2.5,23.0,1.27,8.6,5.65,2.5,9.43,0.21,,0.92,2.02,,,,,20.88,94.33,0.7,217.25,,0.0,,709.5,
2024-06-02 02:00:00,8.0,26.75,1.45,9.15,6.08,2.5,9.6,0.18,,0.92,2.08,,,,,20.5,88.25,0.45,105.0,,0.0,,708.5,
2024-06-02 03:00:00,13.75,31.25,1.5,12.48,7.82,2.72,9.52,0.17,,0.92,2.05,,,,,20.55,87.25,0.35,130.0,,0.0,,708.0,
2024-06-02 04:00:00,21.25,38.0,1.35,14.02,8.57,2.8,7.35,0.09,,0.72,1.6,,,,,20.82,86.5,1.18,196.0,,0.0,,708.25,
2024-06-02 05:00:00,20.5,37.0,1.35,10.32,6.6,2.68,2.52,0.21,,0.25,0.52,,,,,21.1,87.5,1.15,222.25,,0.0,,709.75,
2024-06-02 06:00:00,23.5,38.25,1.55,14.4,8.9,2.85,4.05,0.21,,0.38,0.88,,,,,20.82,87.75,1.0,231.0,,0.0,,710.75,
2024-06-02 07:00:00,20.5,56.25,1.1,16.95,9.9,2.95,5.35,0.2,,0.52,1.15,,,,,21.28,83.75,1.02,219.0,,0.0,,711.5,
2024-06-02 08:00:00,25.0,72.0,1.0,14.9,8.8,2.8,8.0,0.23,,0.8,1.7,,,,,22.4,77.0,1.1,213.0,,0.0,,712.0,
2024-06-02 09:00:00,,,,,,,,,,,,,,,,,,,,,0.0,,,
2024-06-02 10:00:00,,,,,,,,,,,,,,,,,,,,,0.0,,,
2024-06-02 11:00:00,,,,,,,,,,,,,,,,,,,,,0.0,,,
2024-06-02 12:00:00,,,,,,,,,,,,,,,,,,,,,0.0,,,
2024-06-02 13:00:00,,,,,,,,,,,,,,,,,,,,,0.0,,,
2024-06-02 14:00:00,,,,,,,,,,,,,,,,,,,,,0.0,,,
2024-06-02 15:00:00,,,,,,,,,,,,,,,,,,,,,0.0,,,
2024-06-02 16:00:00,,,,,,,,,,,,,,,,,,,,,0.0,,,
2024-06-02 17:00:00,,,,,,,,,,,,,,,,,,,,,0.0,,,
2024-06-02 18:00:00,,,,,,,,,,,,,,,,,,,,,0.0,,,
2024-06-02 19:00:00,,,,,,,,,,,,,,,,,,,,,0.0,,,
2024-06-02 20:00:00,,,,,,,,,,,,,,,,,,,,,0.0,,,
2024-06-02 21:00:00,,,,,,,,,,,,,,,,,,,,,0.0,,,
2024-06-02 22:00:00,,,,,,,,,,,,,,,,,,,,,0.0,,,
2024-06-02 23:00:00,,,,,,,,,,,,,,,,,,,,,0.0,,,
2024-06-03 00:00:00,,,,,,,,,,,,,,,,,,,,,0.0,,,
2024-06-03 01:00:00,,,,,,,,,,,,,,,,,,,,,0.0,,,
2024-06-03 02:00:00,,,,,,,,,,,,,,,,,,,,,0.0,,,
2024-06-03 03:00:00,,,,,,,,,,,,,,,,,,,,,0.0,,,
2024-06-03 04:00:00,,,,,,,,,,,,,,,,,,,,,0.0,,,
2024-06-03 05:00:00,,,,,,,,,,,,,,,,,,,,,0.0,,,
2024-06-03 06:00:00,,,,,,,,,,,,,,,,,,,,,0.0,,,
2024-06-03 07:00:00,,,,,,,,,,,,,,,,,,,,,0.0,,,
2024-06-03 08:00:00,,,,,,,,,,,,,,,,,,,,,0.0,,,
2024-06-03 09:00:00,28.5,86.5,0.95,28.9,16.2,3.15,11.2,0.39,,1.1,2.4,,,,,24.25,74.0,1.4,274.0,,0.0,,714.0,
2024-06-03 10:00:00,28.0,119.5,1.38,29.4,16.77,3.12,10.98,0.23,,1.08,2.4,,,,,25.08,66.75,1.3,266.25,,0.0,,713.0,
2024-06-03 11:00:00,21.5,159.5,1.27,29.8,16.9,3.0,10.15,0.25,,0.98,2.2,,,,,26.78,62.25,1.3,232.25,,0.0,,713.0,
2024-06-03 12:00:00,21.25,170.0,,,,,11.12,0.24,,1.1,2.4,,,,,27.92,57.25,1.08,222.75,,0.0,,712.0,
2024-06-03 13:00:00,27.5,200.0,1.7,20.35,12.2,2.85,11.4,0.3,,1.12,2.45,,,,,29.03,54.75,1.0,228.75,,0.0,,710.75,
2024-06-03 14:00:00,35.0,296.0,1.23,18.27,10.7,3.03,12.0,0.19,,1.17,2.6,,,,,29.3,51.67,1.07,211.33,,0.0,,709.67,
2024-06-03 15:00:00,,,,,,,,,,,,,,,,,,,,,0.0,,,
2024-06-03 16:00:00,,,,,,,,,,,,,,,,,,,,,0.0,,,
2024-06-03 17:00:00,,,,,,,,,,,,,,,,,,,,,0.0,,,
2024-06-03 18:00:00,,,,,,,,,,,,,,,,,,,,,0.0,,,
2024-06-03 19:00:00,26.5,193.5,0.5,24.5,13.4,2.8,8.1,0.23,,0.8,1.7,,,,,27.15,68.0,1.8,206.0,,0.0,,712.0,
2024-06-03 20:00:00,27.25,179.25,0.8,19.4,11.0,2.6,8.95,0.23,,0.88,1.92,,,,,25.9,73.5,1.55,211.25,,0.0,,712.0,
2024-06-03 21:00:00,16.25,103.0,1.4,17.1,10.3,2.5,10.3,0.26,,1.02,2.2,,,,,23.65,77.5,1.1,226.0,,0.0,,712.0,
2024-06-03 22:00:00,15.75,117.75,1.55,17.9,10.78,2.92,11.32,0.25,,1.1,2.45,,,,,23.18,77.25,1.0,223.25,,0.0,,712.5,
2024-06-03 23:00:00,12.0,130.75,1.05,12.15,7.3,2.78,10.92,0.18,,1.08,2.38,,,,,23.0,78.25,0.82,194.0,,0.0,,712.0,
2024-06-04 00:00:00,13.75,75.5,1.27,11.2,6.98,2.78,8.63,0.2,,0.83,1.87,,,,,22.68,79.5,0.75,235.5,,0.0,,711.5,
2024-06-04 01:00:00,18.5,108.75,1.15,13.28,7.95,2.9,7.25,0.21,,0.7,1.55,,,,,22.6,78.75,0.85,223.5,,0.0,,710.5,
2024-06-04 02:00:00,14.75,97.75,1.05,10.05,6.22,2.6,7.85,0.23,,0.78,1.68,,,,,22.5,79.5,0.82,217.0,,0.0,,710.0,
2024-06-04 03:00:00,,,,,,,,,,,,,,,,,,,,,0.0,,,
2024-06-04 04:00:00,,,,,,,,,,,,,,,,,,,,,0.0,,,
2024-06-04 05:00:00,,,,,,,,,,,,,,,,,,,,,0.0,,,
2024-06-04 06:00:00,,,,,,,,,,,,,,,,,,,,,0.0,,,
2024-06-04 07:00:00,21.0,143.0,1.1,21.6,12.3,3.0,8.6,0.31,,0.8,1.9,,,,,21.65,81.0,1.1,180.0,,0.0,,713.0,
2024-06-04 08:00:00,21.5,133.25,1.12,15.2,9.02,2.88,9.22,0.29,,0.9,2.0,,,,,22.12,79.25,1.23,191.75,,0.0,,713.25,
2024-06-04 09:00:00,20.0,122.75,1.32,14.52,8.8,3.02,9.62,0.23,,0.95,2.1,,,,,23.15,73.0,1.2,221.5,,0.0,,714.0,
2024-06-04 10:00:00,19.75,152.25,1.12,16.38,9.62,3.08,7.95,0.2,,0.78,1.72,,,,,24.75,63.75,1.2,222.25,,0.0,,714.0,
2024-06-04 11:00:00,20.5,146.5,1.4,17.9,10.68,2.95,7.78,0.24,,0.75,1.68,,,,,26.8,59.5,1.58,227.25,,0.0,,713.25,
2024-06-04 12:00:00,24.25,122.75,1.07,15.93,9.33,2.63,7.6,0.3,,0.75,1.62,,,,,28.25,56.25,1.35,212.5,,0.0,,712.5,
2024-06-04 13:00:00,20.75,106.25,,,,,8.78,0.23,,0.88,1.88,,,,,29.22,53.0,1.42,210.5,,0.0,,711.5,
2024-06-04 14:00:00,18.25,97.5,,,,,9.33,0.24,,0.93,2.0,,,,,30.2,49.5,1.35,222.25,,0.0,,710.75,
2024-06-04 15:00:00,20.75,99.25,,,,,,0.23,,,,,,,,31.08,48.25,1.45,209.25,,0.0,,709.5,
2024-06-04 16:00:00,20.0,84.25,,,,,,0.41,,,,,,,,30.82,51.0,1.32,195.25,,0.0,,709.0,
2024-06-04 17:00:00,29.0,91.0,1.7,9.55,6.45,2.5,12.67,0.17,,1.23,2.73,,,,,30.3,52.0,1.63,189.67,,0.0,,709.0,
2024-06-04 18:00:00,,,,,,,,,,,,,,,,,,,,,0.0,,,
2024-06-04 19:00:00,,,,,,,,,,,,,,,,,,,,,0.0,,,
2024-06-04 20:00:00,,,,,,,,,,,,,,,,,,,,,0.0,,,
2024-06-04 21:00:00,,,,,,,,,,,,,,,,,,,,,0.0,,,
2024-06-04 22:00:00,,,,,,,,,,,,,,,,,,,,,0.0,,,
2024-06-04 23:00:00,25.0,145.0,1.27,17.0,10.1,2.6,8.67,0.23,,0.83,1.9,,,,,25.5,67.0,1.13,258.67,,0.0,,713.0,
2024-06-05 00:00:00,23.75,143.25,1.3,11.7,7.3,2.6,9.07,0.26,,0.9,1.93,,,,,25.32,71.25,0.3,177.5,,0.0,,712.75,
2024-06-05 01:00:00,20.0,138.0,1.57,11.07,7.17,2.63,9.43,0.19,,0.9,2.03,,,,,24.8,74.0,0.23,226.0,,0.0,,712.0,
2024-06-05 02:00:00,,,,,,,,,,,,,,,,,,,,,0.0,,,
2024-06-05 03:00:00,,,,,,,,,,,,,,,,,,,,,0.0,,,
2024-06-05 04:00:00,,,,,,,,,,,,,,,,,,,,,0.0,,,
2024-06-05 05:00:00,,,,,,,,,,,,,,,,,,,,,0.0,,,
2024-06-05 06:00:00,,,,,,,,,,,,,,,,,,,,,0.0,,,
2024-06-05 07:00:00,31.0,256.0,,,,,,,,,,,,,,24.1,,,,,0.0,,,
2024-06-05 08:00:00,28.75,234.5,1.4,20.6,12.1,2.85,6.62,0.26,,0.62,1.42,,,,,24.52,70.5,1.35,226.0,,0.0,,713.75,
2024-06-05 09:00:00,22.5,172.25,1.53,17.1,10.37,2.87,8.1,0.24,,0.78,1.75,,,,,26.0,66.5,1.58,243.5,,0.0,,714.0,
2024-06-05 10:00:00,22.5,189.75,1.25,22.15,12.8,3.22,9.18,0.18,,0.9,2.0,,,,,26.98,61.25,1.62,241.5,,0.0,,714.0,
2024-06-05 11:00:00,18.5,196.25,1.35,16.23,9.72,3.05,8.43,0.18,,0.82,1.82,,,,,28.33,59.0,1.65,212.75,,0.0,,713.0,
2024-06-05 12:00:00,20.0,121.25,1.32,13.15,8.05,2.9,6.55,0.18,,0.65,1.42,,,,,29.2,55.5,1.85,211.0,,0.0,,712.25,
2024-06-05 13:00:00,19.25,126.25,1.23,14.02,8.45,2.8,5.82,0.2,,0.6,1.23,,,,,29.95,53.25,1.7,208.5,,0.0,,711.0,
2024-06-05 14:00:00,17.5,115.5,1.2,12.38,7.55,2.65,5.7,0.27,,0.55,1.25,,,,,30.17,54.0,1.6,210.0,,0.0,,710.0,
2024-06-05 15:00:00,19.0,98.0,1.25,13.8,8.35,2.7,5.58,0.24,,0.52,1.2,,,,,29.42,54.5,1.25,194.25,,0.0,,709.0,
2024-06-05 16:00:00,19.0,94.5,,,,,6.3,0.26,,0.6,1.35,,,,,29.12,55.0,0.95,189.25,,0.0,,709.0,
2024-06-05 17:00:00,19.25,125.5,1.7,19.4,11.7,2.8,6.45,0.3,,0.65,1.4,,,,,28.48,61.25,1.35,211.5,,0.0,,709.75,
2024-06-05 18:00:00,20.0,223.0,1.5,20.6,12.2,2.95,9.15,0.23,,0.85,1.95,,,,,27.2,69.0,1.15,264.0,,0.0,,710.0,
2024-06-05 19:00:00,,,,,,,,,,,,,,,,,,,,,0.0,,,
2024-06-05 20:00:00,,,,,,,,,,,,,,,,,,,,,0.0,,,
2024-06-05 21:00:00,,,,,,,,,,,,,,,,,,,,,0.0,,,
2024-06-05 22:00:00,,,,,,,,,,,,,,,,,,,,,0.0,,,
2024-06-05 23:00:00,12.5,43.0,0.87,21.33,12.1,2.9,7.77,0.27,,0.77,1.67,,,,,22.3,84.0,0.47,255.67,,0.0,,714.0,
2024-06-06 00:00:00,16.25,84.5,0.88,16.6,9.55,2.72,8.0,0.28,,0.8,1.77,,,,,22.38,81.75,0.55,179.0,,0.0,,713.75,
2024-06-06 01:00:00,13.75,76.75,1.17,12.18,7.42,2.62,9.55,0.22,,0.95,2.08,,,,,22.6,80.5,0.25,207.0,,0.0,,712.75,
2024-06-06 02:00:00,11.75,82.75,1.45,10.02,6.52,2.7,9.55,0.24,,0.92,2.05,,,,,22.62,79.5,0.9,256.75,,0.0,,711.75,
2024-06-06 03:00:00,8.0,81.0,1.27,10.68,6.7,2.98,8.82,0.18,,0.88,1.88,,,,,22.68,80.5,0.9,255.0,,0.0,,711.0,
2024-06-06 04:00:00,,,,,,,,,,,,,,,,,,,,,0.0,,,
2024-06-06 05:00:00,25.0,130.0,,,,,,,,,,,,,,22.0,,,,,0.0,,,
2024-06-06 06:00:00,24.5,151.75,1.38,16.05,9.67,3.0,6.52,0.17,,0.62,1.42,,,,,22.02,84.0,1.25,238.75,,0.0,,712.5,
2024-06-06 07:00:00,21.5,215.75,1.42,19.8,11.7,2.98,6.05,0.22,,0.57,1.32,,,,,22.22,83.0,1.35,243.0,,0.0,,713.25,
2024-06-06 08:00:00,18.5,224.5,1.35,20.5,12.05,2.98,6.35,0.26,,0.62,1.38,,,,,22.88,80.0,1.5,242.0,,0.0,,714.0,
2024-06-06 09:00:00,21.5,241.0,1.2,18.45,10.85,2.9,7.58,0.28,,0.72,1.65,,,,,24.02,73.75,1.55,238.25,,0.0,,714.0,
2024-06-06 10:00:00,17.5,177.0,1.5,17.53,10.57,2.8,9.55,0.27,,0.92,2.08,,,,,25.3,69.0,1.48,228.0,,0.0,,713.5,
2024-06-06 11:00:00,18.25,180.75,1.52,17.62,10.62,3.3,10.3,0.25,,1.0,2.2,,,,,26.5,65.0,1.32,235.25,,0.0,,713.0,
2024-06-06 12:00:00,16.75,203.0,1.27,19.35,11.3,3.28,9.7,0.15,,0.95,2.1,,,,,27.65,60.25,1.38,233.25,,0.0,,712.75,
2024-06-06 13:00:00,18.75,198.0,1.18,17.58,10.32,3.38,7.85,0.18,,0.78,1.68,,,,,28.5,58.75,1.35,216.0,,0.0,,711.5,
2024-06-06 14:00:00,18.5,142.25,0.92,11.68,7.0,3.0,5.9,0.15,,0.6,1.27,,,,,28.7,59.25,1.42,205.0,,0.0,,710.5,
2024-06-06 15:00:00,15.25,76.75,0.9,12.78,7.52,2.85,6.25,0.28,,0.6,1.35,,,,,28.82,54.25,1.32,210.5,,0.0,,709.25,
2024-06-06 16:00:00,2.5,91.25,1.05,14.4,8.5,2.85,6.2,0.31,,0.6,1.35,,,,,30.05,52.5,1.15,218.0,,0.0,,709.25,
2024-06-06 17:00:00,8.75,103.0,,,,,6.05,0.24,,0.62,1.32,,,,,29.58,57.0,1.35,181.25,,0.0,,709.75,
2024-06-06 18:00:00,17.25,85.0,,,,,6.85,0.27,,0.68,1.48,,,,,28.25,63.75,2.25,189.25,,0.0,,710.25,
2024-06-06 19:00:00,27.0,94.0,2.0,11.9,7.9,2.9,8.3,0.29,,0.8,1.8,,,,,27.2,72.0,2.5,205.0,,0.0,,712.0,
2024-06-06 20:00:00,,,,,,,,,,,,,,,,,,,,,0.0,,,
2024-06-06 21:00:00,,,,,,,,,,,,,,,,,,,,,0.0,,,
2024-06-06 22:00:00,,,,,,,,,,,,,,,,,,,,,0.0,,,
2024-06-06 23:00:00,,,,,,,,,,,,,,,,,,,,,0.0,,,
2024-06-07 00:00:00,,,,,,,,,,,,,,,,,,,,,0.0,,,
2024-06-07 01:00:00,,,,,,,,,,,,,,,,,,,,,0.0,,,
2024-06-07 02:00:00,,,,,,,,,,,,,,,,,,,,,0.0,,,
2024-06-07 03:00:00,,,,,,,,,,,,,,,,,,,,,0.0,,,
2024-06-07 04:00:00,,,,,,,,,,,,,,,,,,,,,0.0,,,
2024-06-07 05:00:00,,,,,,,,,,,,,,,,,,,,,0.0,,,
2024-06-07 06:00:00,13.0,36.0,,,,,,,,,,,,,,21.6,,,,,0.0,,,
2024-06-07 07:00:00,14.5,36.5,1.38,15.22,9.22,3.05,7.85,0.12,,0.78,1.7,,,,,21.62,87.75,1.15,201.5,,0.0,,712.0,
2024-06-07 08:00:00,19.0,40.5,1.12,13.38,8.0,2.82,8.18,0.16,,0.82,1.78,,,,,21.9,86.25,1.48,189.0,,0.0,,712.25,
2024-06-07 09:00:00,3.0,52.5,1.08,13.1,7.85,2.8,7.7,0.2,,0.75,1.65,,,,,22.9,78.25,1.65,195.5,,0.0,,713.0,
2024-06-07 10:00:00,3.75,72.25,1.35,11.95,7.45,2.7,8.43,0.23,,0.82,1.82,,,,,24.38,70.5,1.95,190.0,,0.0,,713.0,
2024-06-07 11:00:00,7.5,93.5,1.5,10.35,6.75,2.65,7.68,0.2,,0.75,1.68,,,,,25.38,67.5,1.78,199.5,,0.0,,712.25,
2024-06-07 12:00:00,11.0,96.75,1.5,10.25,6.65,2.72,10.05,0.21,,0.98,2.17,,,,,26.17,62.0,2.0,184.0,,0.0,,711.25,
2024-06-07 13:00:00,6.5,80.25,1.35,7.58,5.12,2.75,9.85,0.26,,0.98,2.12,,,,,27.2,58.0,2.17,183.25,,0.0,,710.25,
2024-06-07 14:00:00,2.75,73.5,1.4,8.65,5.78,2.92,8.5,0.23,,0.82,1.82,,,,,28.05,55.25,1.92,206.25,,0.0,,709.0,
2024-06-07 15:00:00,7.0,84.5,1.4,9.6,6.22,2.98,7.5,0.28,,0.7,1.6,,,,,28.88,54.5,1.82,188.25,,0.0,,708.0,
2024-06-07 16:00:00,12.75,80.5,1.4,9.72,6.3,2.78,7.25,0.3,,0.72,1.58,,,,,28.65,61.0,2.0,214.75,,0.0,,708.25,
2024-06-07 17:00:00,10.75,74.0,1.32,18.18,10.72,3.22,7.45,0.2,,0.72,1.62,,,,,26.2,82.5,1.25,197.75,,0.0,,709.0,
2024-06-07 18:00:00,7.0,23.25,1.1,15.3,9.0,2.75,8.3,0.17,,0.78,1.78,,,,,23.08,83.25,1.12,218.0,,0.0,,709.25,
2024-06-07 19:00:00,10.0,25.25,1.6,18.5,11.1,3.1,7.17,0.15,,0.7,1.53,,,,,23.6,77.0,1.2,230.67,,0.0,,710.0,
2024-06-07 20:00:00,17.0,42.25,1.58,27.28,15.8,3.72,11.32,0.11,,1.1,2.45,,,,,23.62,76.25,1.08,226.0,,0.0,,711.0,
2024-06-07 21:00:00,10.0,77.25,1.08,29.68,16.68,3.8,12.3,0.21,,1.18,2.65,,,,,23.62,77.5,1.27,229.75,,0.0,,711.5,
2024-06-07 22:00:00,7.25,65.25,1.15,22.88,13.1,3.62,10.42,0.26,,1.0,2.25,,,,,23.3,78.0,1.23,213.5,,0.0,,712.0,
2024-06-07 23:00:00,8.0,64.75,1.2,20.0,11.6,3.38,9.05,0.3,,0.88,1.95,,,,,22.92,78.0,1.2,206.75,,0.0,,712.0,
2024-06-08 00:00:00,7.75,63.25,0.92,15.95,9.22,3.15,8.23,0.26,,0.77,1.77,,,,,22.6,78.75,1.15,208.25,,0.0,,711.25,
2024-06-08 01:00:00,7.5,117.25,1.05,9.85,6.08,2.8,7.02,0.21,,0.7,1.52,,,,,22.22,80.5,1.32,212.0,,0.0,,710.75,
2024-06-08 02:00:00,8.25,94.25,1.08,7.28,4.72,2.68,7.2,0.29,,0.7,1.55,,,,,21.9,82.0,1.25,211.0,,0.0,,709.75,
2024-06-08 03:00:00,5.25,91.5,1.12,7.0,4.65,2.7,8.68,0.25,,0.88,1.88,,,,,21.52,83.0,1.25,217.75,,0.0,,709.0,
2024-06-08 04:00:00,4.0,94.25,1.4,6.88,4.8,2.82,8.88,0.38,,0.88,1.9,,,,,21.25,83.0,1.6,225.0,,0.0,,709.0,
2024-06-08 05:00:00,7.25,66.75,1.55,9.18,6.15,2.92,8.3,,,0.82,1.8,,,,,21.1,83.0,1.35,212.25,,0.0,,709.5,
2024-06-08 06:00:00,9.25,117.5,1.27,12.0,7.4,3.05,6.42,,,0.62,1.38,,,,,21.05,83.0,1.38,215.25,,0.0,,710.25,
2024-06-08 07:00:00,14.0,134.5,1.32,12.95,7.98,3.1,6.22,,,0.6,1.38,,,,,21.08,81.25,1.5,216.0,,0.0,,711.0,
2024-06-08 08:00:00,13.5,93.25,1.2,12.52,7.62,2.92,6.4,,,0.62,1.4,,,,,21.92,74.25,1.92,210.75,,0.0,,711.5,
2024-06-08 09:00:00,4.5,79.5,1.12,10.15,6.32,2.72,6.2,0.51,,0.6,1.35,,,,,23.42,66.25,2.02,203.0,,0.0,,712.0,
2024-06-08 10:00:00,11.25,100.75,1.2,10.77,6.73,2.73,6.3,0.46,,0.62,1.35,,,,,25.0,66.5,1.62,224.75,,0.0,,712.0,
2024-06-08 11:00:00,20.25,117.5,,,,,5.75,0.46,,0.55,1.23,,,,,25.38,62.0,1.83,233.5,,0.0,,711.75,
2024-06-08 12:00:00,25.25,147.0,1.3,12.7,7.8,2.7,5.98,0.57,,0.6,1.27,,,,,26.82,57.25,2.2,224.25,,0.0,,710.75,
2024-06-08 13:00:00,18.5,130.25,1.52,11.78,7.52,2.9,9.48,0.37,,0.9,2.08,,,,,28.0,54.5,2.08,227.75,,0.0,,710.0,
2024-06-08 14:00:00,13.25,127.25,1.25,14.98,9.0,3.08,8.88,0.39,,0.82,1.92,,,,,28.4,56.0,1.82,223.0,,0.0,,709.0,
2024-06-08 15:00:00,10.0,125.75,1.3,13.32,8.12,3.1,7.48,0.4,,0.7,1.62,,,,,28.1,53.5,1.95,218.25,,0.0,,708.25,
2024-06-08 16:00:00,9.25,118.5,1.52,16.17,9.82,3.2,7.28,0.4,,0.72,1.58,,,,,29.02,52.75,2.12,233.75,,0.0,,708.0,
2024-06-08 17:00:00,15.5,163.75,1.15,16.38,9.65,3.02,6.45,0.48,,0.65,1.38,,,,,28.7,56.5,2.17,237.0,,0.0,,708.25,
2024-06-08 18:00:00,13.75,136.75,1.12,17.45,10.2,2.98,6.25,0.49,,0.6,1.35,,,,,26.92,63.5,1.98,234.5,,0.0,,709.5,
2024-06-08 19:00:00,13.75,123.75,1.15,17.25,10.1,2.95,7.5,0.53,,0.75,1.62,,,,,24.95,68.0,1.95,239.25,,0.0,,710.25,
2024-06-08 20:00:00,14.0,128.0,,,,,5.98,0.5,,0.6,1.25,,,,,24.02,70.0,1.85,226.25,,0.0,,711.0,
2024-06-08 21:00:00,8.0,106.0,1.58,13.95,8.7,2.95,8.45,0.35,,0.82,1.82,,,,,23.35,74.25,1.72,204.75,,0.0,,712.0,
2024-06-08 22:00:00,7.5,73.0,1.52,10.85,7.02,2.95,10.02,0.44,,0.95,2.17,,,,,22.72,78.25,1.75,206.5,,0.0,,712.0,
2024-06-08 23:00:00,6.0,63.0,1.32,11.05,6.98,2.95,7.28,0.46,,0.7,1.58,,,,,22.08,79.5,1.8,205.25,,0.0,,711.5,
2024-06-09 00:00:00,6.25,59.0,1.2,10.55,6.62,3.02,8.77,0.46,,0.87,1.9,,,,,21.58,81.5,1.58,202.25,,0.0,,710.0,
2024-06-09 01:00:00,6.75,59.5,1.18,9.07,5.8,2.85,10.92,0.47,,1.05,2.35,,,,,21.08,82.0,1.52,221.75,,0.0,,709.5,
2024-06-09 02:00:00,5.0,67.5,1.2,7.8,5.12,2.7,10.12,0.46,,1.0,2.2,,,,,20.65,82.5,1.75,217.0,,0.0,,709.0,
2024-06-09 03:00:00,1.75,60.0,1.15,7.78,5.1,2.65,10.28,0.44,,1.0,2.2,,,,,20.5,82.25,1.4,222.25,,0.0,,709.0,
2024-06-09 04:00:00,2.25,57.0,1.28,7.62,5.08,2.7,11.38,0.44,,1.12,2.48,,,,,20.42,82.75,1.48,226.5,,0.0,,709.0,
2024-06-09 05:00:00,6.75,50.25,1.52,8.5,5.78,2.72,11.9,0.46,,1.18,2.58,,,,,20.18,82.0,1.58,234.5,,0.0,,709.5,
2024-06-09 06:00:00,9.5,70.25,1.4,12.45,7.78,3.2,12.32,0.42,,1.18,2.65,,,,,20.15,81.75,1.5,236.5,,0.0,,710.0,
2024-06-09 07:00:00,12.5,101.0,1.38,12.65,7.82,3.15,11.38,0.45,,1.1,2.45,,,,,20.48,79.75,1.58,219.75,,0.0,,710.0,
2024-06-09 08:00:00,16.25,75.0,1.23,11.35,7.05,3.15,10.8,0.47,,1.05,2.35,,,,,21.38,76.0,1.82,222.0,,0.0,,710.75,
2024-06-09 09:00:00,13.5,80.25,1.25,10.3,6.48,3.02,10.92,0.46,,1.05,2.35,,,,,23.0,69.75,2.33,216.75,,0.0,,711.25,
2024-06-09 10:00:00,13.25,84.0,1.18,10.2,6.38,2.72,10.55,0.47,,1.0,2.3,,,,,24.67,68.75,2.33,220.25,,0.0,,711.5,
2024-06-09 11:00:00,17.75,77.0,1.13,9.73,6.07,2.67,10.52,0.51,,1.0,2.25,,,,,25.2,67.0,2.17,212.25,,0.0,,711.0,
2024-06-09 12:00:00,17.75,75.25,,,,,10.0,0.51,,0.98,2.15,,,,,26.1,62.75,2.4,210.5,,0.0,,710.25,
2024-06-09 13:00:00,11.75,74.75,,,,,9.57,0.45,,0.95,2.05,,,,,27.22,60.25,2.2,204.5,,0.0,,709.25,
2024-06-09 14:00:00,12.25,57.75,1.75,10.18,6.85,2.85,12.92,0.45,,1.25,2.8,,,,,26.67,77.75,2.28,247.0,,0.0,,710.0,
2024-06-09 15:00:00,7.0,37.75,1.4,13.22,8.15,3.08,14.12,0.43,,1.38,3.02,,,,,22.62,85.75,1.68,218.75,,0.0,,709.0,
2024-06-09 16:00:00,6.75,17.25,1.25,13.3,8.1,3.15,12.68,0.43,,1.23,2.75,,,,,21.75,82.5,1.9,220.5,,0.0,,708.5,
2024-06-09 17:00:00,6.0,24.25,1.3,13.25,8.1,3.22,10.8,0.45,,1.05,2.35,,,,,22.6,77.25,1.72,231.25,,0.0,,708.75,
2024-06-09 18:00:00,4.75,35.75,1.05,12.82,7.65,2.88,11.68,0.46,,1.12,2.5,,,,,22.88,76.75,1.48,219.0,,0.0,,709.5,
2024-06-09 19:00:00,1.0,41.75,1.1,12.05,7.28,2.88,11.02,0.47,,1.05,2.4,,,,,22.72,79.75,1.38,216.25,,0.0,,710.5,
2024-06-09 20:00:00,1.5,47.25,1.12,12.2,7.4,2.8,11.48,0.48,,1.12,2.48,,,,,22.42,80.5,1.45,219.75,,0.0,,711.0,
2024-06-09 21:00:00,3.5,56.5,1.42,11.38,7.2,2.65,12.55,0.51,,1.23,2.7,,,,,22.1,81.0,1.45,219.0,,0.0,,711.5,
2024-06-09 22:00:00,5.0,57.0,1.48,10.48,6.75,2.82,13.02,0.52,,1.27,2.82,,,,,21.78,82.0,1.32,223.0,,0.0,,712.0,
2024-06-09 23:00:00,5.75,65.0,1.35,11.0,6.95,3.1,13.05,0.48,,1.27,2.82,,,,,21.68,82.0,1.55,229.5,,0.0,,712.0,
2024-06-10 00:00:00,7.75,71.0,1.1,10.32,6.4,2.95,11.37,0.41,,1.1,2.47,,,,,21.52,82.75,1.4,230.5,,0.0,,711.25,
2024-06-10 01:00:00,5.75,63.5,1.08,8.5,5.43,2.92,10.48,0.44,,1.0,2.28,,,,,21.2,83.75,1.3,218.25,,0.0,,710.5,
2024-06-10 02:00:00,2.0,40.5,1.15,7.78,5.05,2.82,10.62,0.44,,1.02,2.3,,,,,20.85,84.75,1.38,212.75,,0.0,,709.75,
2024-06-10 03:00:00,2.75,41.25,1.32,7.42,5.0,2.75,10.02,0.49,,0.98,2.18,,,,,20.68,86.0,1.5,219.25,,0.0,,709.75,
2024-06-10 04:00:00,4.5,48.0,1.23,7.85,5.2,2.8,10.42,0.53,,1.0,2.25,,,,,20.58,86.0,1.6,231.0,,0.0,,709.0,
2024-06-10 05:00:00,5.75,52.5,1.2,10.68,6.68,2.85,11.38,0.44,,1.12,2.48,,,,,20.5,85.0,1.48,232.75,,0.0,,710.0,
2024-06-10 06:00:00,12.5,64.75,1.1,11.8,7.18,2.92,11.92,0.45,,1.18,2.58,,,,,20.55,84.75,1.58,217.5,,0.0,,710.75,
2024-06-10 07:00:00,7.5,64.25,1.4,12.32,7.7,3.12,12.5,0.41,,1.23,2.7,,,,,20.92,82.25,1.62,224.25,,0.0,,711.25,
2024-06-10 08:00:00,6.75,85.0,1.25,16.38,9.72,3.4,11.08,0.38,,1.05,2.38,,,,,22.05,74.75,1.72,232.25,,0.0,,712.0,
2024-06-10 09:00:00,9.5,118.75,1.42,17.82,10.62,3.45,10.98,0.38,,1.05,2.38,,,,,23.75,68.75,1.95,236.0,,0.0,,712.0,
2024-06-10 10:00:00,10.25,115.25,1.25,16.98,10.07,3.12,11.52,0.38,,1.1,2.48,,,,,25.0,66.0,2.22,229.0,,0.0,,712.0,
2024-06-10 11:00:00,7.75,97.75,1.18,14.4,8.62,2.98,11.55,0.5,,1.12,2.5,,,,,25.8,63.0,2.0,229.0,,0.0,,711.5,
2024-06-10 12:00:00,9.25,91.75,1.0,16.8,9.75,2.88,11.2,0.5,,1.08,2.4,,,,,26.02,71.75,1.82,235.25,,0.0,,711.0,
2024-06-10 13:00:00,14.0,62.0,0.7,16.4,9.3,2.7,12.05,0.45,,1.18,2.58,,,,,24.48,81.25,1.75,226.75,,0.0,,710.75,
2024-06-10 14:00:00,8.0,27.0,,,,,10.07,0.48,,0.98,2.17,,,,,23.72,73.0,2.17,228.0,,0.0,,709.75,
2024-06-10 15:00:00,7.5,59.5,1.62,14.45,9.02,3.05,13.9,0.47,,1.38,3.0,,,,,25.65,65.25,2.12,233.75,,0.0,,709.0,
2024-06-10 16:00:00,5.0,91.75,1.3,13.15,8.05,2.95,13.7,0.4,,1.35,2.95,,,,,26.72,61.5,2.08,224.75,,0.0,,709.0,
2024-06-10 17:00:00,3.75,87.25,1.35,16.58,9.93,3.3,13.18,0.44,,1.3,2.88,,,,,26.9,57.75,2.12,236.25,,0.0,,709.25,
2024-06-10 18:00:00,8.75,100.0,1.45,19.25,11.45,3.25,12.28,0.43,,1.2,2.65,,,,,26.8,61.5,1.83,231.75,,0.0,,710.25,
2024-06-10 19:00:00,9.0,117.0,1.4,21.85,12.75,3.22,11.65,0.46,,1.1,2.5,,,,,25.38,63.5,1.88,237.5,,0.0,,711.5,
2024-06-10 20:00:00,12.5,118.5,1.4,22.98,13.35,3.15,12.55,0.48,,1.2,2.7,,,,,24.5,65.5,1.85,240.0,,0.0,,712.25,
2024-06-10 21:00:00,14.5,126.5,1.55,19.95,11.88,3.1,14.02,0.53,,1.35,3.02,,,,,23.72,69.0,1.7,234.5,,0.0,,713.0,
2024-06-10 22:00:00,15.5,109.0,1.6,17.35,10.55,2.9,11.68,0.54,,1.15,2.52,,,,,23.1,71.0,1.55,233.75,,0.0,,713.0,
2024-06-10 23:00:00,12.75,99.25,1.4,10.6,6.8,2.8,11.95,0.55,,1.18,2.58,,,,,22.7,73.75,1.68,229.25,,0.0,,713.0,
2024-06-11 00:00:00,8.5,79.75,1.4,9.2,6.05,2.88,11.43,0.41,,1.13,2.47,,,,,22.25,77.5,1.5,231.0,,0.0,,712.25,
2024-06-11 01:00:00,9.25,77.5,1.25,9.25,5.95,3.0,7.75,0.42,,0.75,1.68,,,,,21.7,80.5,1.52,233.5,,0.0,,711.5,
2024-06-11 02:00:00,13.5,59.5,1.2,7.38,4.88,2.9,5.72,0.41,,0.55,1.23,,,,,21.35,82.75,1.55,229.5,,0.0,,711.0,
2024-06-11 03:00:00,6.0,47.0,1.3,7.9,5.22,2.88,5.38,0.41,,0.52,1.15,,,,,21.2,83.25,1.45,231.75,,0.0,,710.25,
2024-06-11 04:00:00,5.25,51.75,1.3,9.07,5.88,2.8,5.03,0.41,,0.5,1.08,,,,,21.18,84.0,1.5,233.75,,0.0,,710.5,
2024-06-11 05:00:00,5.0,58.25,1.35,10.3,6.55,2.78,5.32,0.48,,0.52,1.15,,,,,21.08,84.0,1.52,230.25,,0.0,,711.0,
2024-06-11 06:00:00,11.5,63.75,1.18,13.05,7.9,2.88,6.4,0.5,,0.62,1.38,,,,,21.0,84.75,1.65,232.25,,0.0,,711.5,
2024-06-11 07:00:00,12.0,77.25,1.5,14.32,8.85,2.9,6.28,0.48,,0.6,1.38,,,,,21.2,82.5,1.75,237.5,,0.0,,712.0,
2024-06-11 08:00:00,10.25,108.0,1.4,19.18,11.32,3.22,8.05,0.46,,0.8,1.72,,,,,22.12,77.5,1.95,245.5,,0.0,,712.0,
2024-06-11 09:00:00,13.5,129.25,1.4,22.4,13.02,3.55,8.25,0.47,,0.8,1.78,,,,,23.4,71.75,2.3,253.0,,0.0,,712.0,
2024-06-11 10:00:00,11.75,140.75,1.18,24.2,13.82,3.75,8.4,0.49,,0.8,1.8,,,,,24.68,66.25,2.45,251.0,,0.0,,712.0,
2024-06-11 11:00:00,12.25,141.75,1.02,22.22,12.65,3.52,7.68,0.5,,0.72,1.65,,,,,25.92,63.25,2.55,258.0,,0.0,,712.0,
2024-06-11 12:00:00,16.5,130.0,1.05,21.42,12.25,3.22,8.05,0.55,,0.78,1.72,,,,,26.45,61.5,2.42,256.75,,0.0,,711.0,
2024-06-11 13:00:00,16.5,124.5,1.1,20.17,11.63,3.23,7.12,0.51,,0.7,1.55,,,,,27.17,57.25,2.42,246.0,,0.0,,710.5,
2024-06-11 14:00:00,14.0,102.5,,,,,5.8,0.52,,0.57,1.25,,,,,28.05,54.75,2.42,261.0,,0.0,,710.0,
2024-06-11 15:00:00,19.0,107.75,,,,,6.62,0.5,,0.65,1.45,,,,,28.08,56.75,2.58,237.5,,0.0,,709.25,
2024-06-11 16:00:00,14.75,88.5,1.7,15.2,9.4,3.0,6.25,0.53,,0.6,1.35,,,,,27.52,59.75,1.9,231.75,,0.0,,709.0,
2024-06-11 17:00:00,10.25,70.25,1.9,22.4,13.5,3.35,1.42,0.4,,0.12,0.3,,,,,26.4,72.25,2.05,263.0,,0.0,,710.0,
2024-06-11 18:00:00,7.5,53.75,1.48,23.62,13.78,3.6,0.95,0.42,18.47,0.12,0.2,,,,,24.62,67.5,1.72,232.25,,0.0,,710.5,
2024-06-11 19:00:00,7.25,73.5,1.38,19.77,11.65,3.48,1.1,0.4,17.21,0.08,0.18,,,,,24.6,69.0,1.65,225.0,,0.0,,711.0,
2024-06-11 20:00:00,12.25,78.25,1.23,20.35,11.85,3.45,0.5,0.38,16.41,0.05,0.12,,,,,24.2,70.0,1.6,233.0,,0.0,,711.5,
2024-06-11 21:00:00,13.25,90.75,1.1,19.6,11.32,3.22,,0.48,12.69,,,,,,,23.82,70.75,1.7,229.5,,0.0,,712.0,
2024-06-11 22:00:00,5.25,75.0,1.12,15.95,9.43,3.05,,0.47,15.27,,,,,,,23.48,72.0,1.85,233.5,,0.0,,712.5,
2024-06-11 23:00:00,6.5,79.25,1.1,14.1,8.37,2.8,,0.44,14.62,,,,,,,22.88,74.5,1.88,236.5,,0.0,,712.5,
2024-06-12 00:00:00,8.0,61.25,1.45,9.55,6.25,2.6,3.4,0.4,16.46,0.3,0.7,,,,,22.08,78.0,1.78,241.25,,0.0,,712.25,
2024-06-12 01:00:00,7.5,48.5,1.42,8.05,5.42,2.7,6.75,0.36,22.82,0.68,1.45,,,,,21.65,80.0,1.62,233.75,,0.0,,711.5,
2024-06-12 02:00:00,5.25,43.75,1.38,7.48,5.08,2.8,9.57,0.38,18.46,0.92,2.1,,,,,21.45,81.5,1.45,235.25,,0.0,,711.0,
2024-06-12 03:00:00,3.75,41.25,1.35,7.55,5.15,2.88,9.0,0.33,16.7,0.9,1.92,,,,,21.28,82.0,1.6,237.75,,0.0,,711.0,
2024-06-12 04:00:00,6.0,38.25,1.5,7.8,5.35,2.9,8.68,0.29,14.7,0.85,1.88,,,,,21.22,82.25,1.58,233.25,,0.0,,711.75,
2024-06-12 05:00:00,5.75,47.25,1.25,10.28,6.43,2.9,8.05,0.47,12.08,0.8,1.75,,,,,21.3,83.0,1.78,242.5,,0.0,,712.0,
2024-06-12 06:00:00,5.75,58.25,1.35,13.68,8.35,2.95,7.32,0.45,13.64,0.7,1.55,,,,,21.35,82.75,1.52,233.75,,0.0,,713.0,
2024-06-12 07:00:00,9.25,74.25,1.58,16.27,9.95,2.92,5.12,0.48,15.33,0.5,1.12,,,,,21.65,81.25,1.5,237.25,,0.0,,713.25,
2024-06-12 08:00:00,13.75,89.75,0.9,17.0,9.8,2.8,3.35,0.5,15.58,0.35,0.75,,,,,22.33,77.25,1.78,240.75,,0.0,,714.0,
2024-06-12 09:00:00,16.0,107.0,1.8,19.55,11.9,3.05,4.2,0.42,20.1,0.4,0.9,,,,,23.0,73.5,1.75,235.0,,0.0,,714.0,
2024-06-12 10:00:00,,,,,,,,,,,,,,,,,,,,,0.0,,,
2024-06-12 11:00:00,,,,,,,,,,,,,,,,,,,,,0.0,,,
2024-06-12 12:00:00,,,,,,,,,,,,,,,,,,,,,0.0,,,
2024-06-12 13:00:00,14.0,137.0,1.47,21.13,12.4,3.4,9.4,0.48,,0.93,2.0,,,,,27.68,54.33,2.27,259.67,,0.0,,711.67,
2024-06-12 14:00:00,12.0,110.0,1.1,22.68,12.92,3.18,8.35,0.48,,0.82,1.82,,,,,28.02,54.0,2.08,249.5,,0.0,,710.75,
2024-06-12 15:00:00,11.25,107.25,0.95,18.45,10.6,2.85,4.97,0.45,13.54,0.45,1.08,,,,,28.42,51.75,2.1,231.5,,0.0,,710.0,
2024-06-12 16:00:00,13.0,100.5,,,,,4.45,0.45,14.66,0.45,0.95,,,,,28.42,52.25,2.3,240.75,,0.0,,710.0,
2024-06-12 17:00:00,21.75,104.0,1.45,18.5,11.0,3.1,4.05,0.46,21.47,0.4,0.9,,,,,27.98,53.75,2.1,235.75,,0.0,,711.0,
2024-06-12 18:00:00,11.75,106.33,1.7,23.1,13.68,3.3,6.75,0.42,22.12,0.65,1.45,,,,,26.5,58.25,2.88,274.25,,0.0,,711.75,
2024-06-12 19:00:00,9.75,113.25,1.42,29.58,16.9,3.88,9.35,0.44,18.66,0.92,2.0,,,,,24.75,54.0,2.12,259.75,,0.0,,712.25,
2024-06-12 20:00:00,7.25,103.5,1.32,26.22,15.02,3.78,10.02,0.42,,0.95,2.17,,,,,24.12,58.25,2.35,277.0,,0.0,,713.25,
2024-06-12 21:00:00,11.25,107.25,1.2,25.35,14.48,3.5,10.02,0.4,,0.98,2.15,,,,,23.45,63.25,1.92,266.25,,0.0,,714.0,
2024-06-12 22:00:00,11.25,99.25,1.15,25.0,14.2,3.3,8.32,0.43,,0.82,1.8,,,,,22.9,66.25,1.4,240.0,,0.0,,714.0,
2024-06-12 23:00:00,8.75,76.5,1.23,15.28,9.1,2.85,6.35,0.45,17.74,0.62,1.38,,,,,22.42,71.25,1.3,227.25,,0.0,,713.75,
2024-06-13 00:00:00,8.75,57.25,1.12,10.62,6.55,2.7,5.1,0.41,16.57,0.5,1.13,,,,,21.78,75.5,1.38,233.75,,0.0,,712.25,
2024-06-13 01:00:00,10.0,45.5,1.25,8.12,5.32,2.6,6.28,0.42,17.05,0.6,1.38,,,,,21.32,78.0,1.75,233.0,,0.0,,712.0,
2024-06-13 02:00:00,6.0,37.0,1.45,7.38,5.1,2.88,10.2,0.39,21.1,0.98,2.2,,,,,21.05,79.75,1.5,249.5,,0.0,,711.75,
2024-06-13 03:00:00,,,,,,,,,,,,,,,,,,,,,0.0,,,
2024-06-13 04:00:00,,,,,,,,,,,,,,,,,,,,,0.0,,,
2024-06-13 05:00:00,,,,,,,,,,,,,,,,,,,,,0.0,,,
2024-06-13 06:00:00,,,,,,,,,,,,,,,,,,,,,0.0,,,
2024-06-13 07:00:00,,,,,,,,,,,,,,,,,,,,,0.0,,,
2024-06-13 08:00:00,,,,,,,,,,,,,,,,,,,,,0.0,,,
2024-06-13 09:00:00,20.0,94.75,,,,,5.65,0.46,14.93,0.55,1.2,,,,,22.98,69.33,2.03,225.0,,0.0,,714.0,
2024-06-13 10:00:00,14.75,108.25,1.5,16.47,9.97,2.93,8.07,0.46,22.67,0.77,1.73,,,,,24.75,64.75,1.98,224.75,,0.0,,714.0,
2024-06-13 11:00:00,17.75,114.0,1.35,15.28,9.25,3.08,9.77,0.38,,0.92,2.12,,,,,26.0,61.25,2.17,233.75,,0.0,,713.75,
2024-06-13 12:00:00,16.25,106.25,1.35,19.08,11.28,3.4,12.0,0.36,,1.18,2.58,,,,,27.0,56.5,2.08,245.0,,0.0,,712.75,
2024-06-13 13:00:00,7.0,90.75,1.32,19.38,11.35,3.5,13.1,0.41,,1.27,2.82,,,,,28.42,52.25,2.0,233.25,,0.0,,711.5,
2024-06-13 14:00:00,13.25,90.25,1.25,18.27,10.75,3.15,12.1,0.38,,1.18,2.62,,,,,28.98,54.5,1.98,240.5,,0.0,,710.5,
2024-06-13 15:00:00,15.0,83.5,1.45,24.02,13.95,3.12,10.52,0.51,,1.02,2.25,,,,,27.12,78.75,1.55,246.75,,0.0,,710.5,
2024-06-13 16:00:00,16.25,29.75,0.9,23.77,13.37,3.03,6.85,0.55,,0.65,1.48,,,,,22.3,84.5,0.9,229.0,,0.0,,710.25,
2024-06-13 17:00:00,11.75,19.75,,,,,7.4,0.54,,0.72,1.6,,,,,21.28,84.75,1.23,245.0,,0.0,,710.75,
2024-06-13 18:00:00,13.5,27.75,1.3,23.8,13.7,3.2,6.7,0.6,,0.7,1.4,,,,,21.75,85.0,0.45,186.5,,0.0,,711.5,
2024-06-13 19:00:00,16.25,33.75,1.95,41.32,23.55,4.0,10.65,0.62,,1.02,2.32,,,,,21.7,85.0,0.57,239.75,,0.0,,712.0,
2024-06-13 20:00:00,29.0,52.5,0.7,46.08,25.05,4.15,13.28,0.71,,1.27,2.88,,,,,22.1,84.5,1.23,239.0,,0.0,,712.0,
2024-06-13 21:00:00,26.25,44.0,0.88,19.55,11.12,3.3,12.82,0.28,,1.25,2.78,,,,,22.28,84.5,0.8,201.5,,0.0,,712.25,
2024-06-13 22:00:00,19.75,40.0,1.27,26.62,15.25,3.9,13.95,0.18,,1.38,3.0,,,,,21.92,83.5,1.08,239.5,,0.0,,713.0,
2024-06-13 23:00:00,19.0,56.75,1.0,16.85,9.75,3.05,12.48,0.2,,1.2,2.7,,,,,21.92,83.0,1.27,223.75,,0.0,,712.75,
2024-06-14 00:00:00,1.5,39.25,1.12,10.55,6.5,2.75,8.9,0.38,,0.87,1.93,,,,,21.58,83.25,1.18,243.5,,0.0,,712.0,
2024-06-14 01:00:00,5.0,51.0,1.12,9.9,6.2,2.62,4.55,0.44,,0.42,0.98,,,,,21.12,84.0,1.15,243.5,,0.0,,711.25,
2024-06-14 02:00:00,10.25,49.5,1.3,10.1,6.4,2.65,3.7,0.42,,0.35,0.8,,,,,20.85,84.0,1.08,244.0,,0.0,,710.75,
2024-06-14 03:00:00,9.0,55.0,1.38,8.68,5.78,2.82,6.0,0.34,,0.6,1.27,,,,,20.65,85.0,1.15,234.75,,0.0,,710.0,
2024-06-14 04:00:00,11.25,56.75,1.38,8.82,5.78,2.88,9.43,0.34,,0.92,2.03,,,,,20.5,85.0,1.2,230.5,,0.0,,710.5,
2024-06-14 05:00:00,8.75,56.5,1.3,11.9,7.4,3.15,10.12,0.42,,1.0,2.18,,,,,20.5,86.0,1.4,236.75,,0.0,,711.0,
2024-06-14 06:00:00,11.75,72.5,1.32,13.15,8.05,3.1,9.93,0.43,,0.98,2.12,,,,,20.52,86.0,1.6,237.75,,0.0,,711.25,
2024-06-14 07:00:00,21.5,94.75,1.5,15.42,9.43,3.1,10.18,0.46,,1.0,2.22,,,,,20.72,84.75,1.52,235.0,,0.0,,712.0,
2024-06-14 08:00:00,16.25,117.5,1.15,16.6,9.78,3.18,8.5,0.54,,0.85,1.82,,,,,21.4,80.5,1.82,243.25,,0.0,,712.5,
2024-06-14 09:00:00,14.75,145.25,1.3,20.6,12.03,3.0,6.6,0.51,,0.62,1.45,,,,,22.75,71.5,1.78,252.5,,0.0,,713.0,
2024-06-14 10:00:00,18.25,186.5,,,,,3.5,0.61,,0.32,0.78,,,,,24.42,65.25,1.8,253.0,,0.0,,712.0,
2024-06-14 11:00:00,23.75,217.25,1.67,23.7,13.93,3.33,4.32,0.5,,0.45,0.92,,,,,25.67,60.75,2.08,260.0,,0.0,,712.0,
2024-06-14 12:00:00,26.25,232.0,1.5,23.68,13.82,3.48,7.85,0.32,,0.75,1.7,,,,,26.8,55.5,2.25,262.5,,0.0,,711.25,
2024-06-14 13:00:00,19.0,208.25,1.45,23.92,13.92,3.45,10.0,0.42,,0.98,2.15,,,,,27.9,52.0,2.33,268.25,,0.0,,710.25,
2024-06-14 14:00:00,22.5,212.5,1.18,21.2,12.22,3.52,10.18,0.42,,1.0,2.17,,,,,28.65,50.75,1.95,260.5,,0.0,,709.5,
2024-06-14 15:00:00,24.25,170.25,1.05,22.5,12.85,3.45,10.32,0.38,,1.0,2.25,,,,,29.0,51.75,1.68,252.75,,0.0,,709.0,
2024-06-14 16:00:00,25.0,174.0,1.03,18.87,10.9,3.1,7.63,0.42,,0.73,1.63,,,,,28.7,51.67,1.67,234.0,,0.0,,709.0,
2024-06-14 17:00:00,,,,,,,,,,,,,,,,,,,,,0.0,,,
2024-06-14 18:00:00,,,,,,,,,,,,,,,,,,,,,0.0,,,
2024-06-14 19:00:00,,,,,,,,,,,,,,,,,,,,,0.0,,,
2024-06-14 20:00:00,29.0,134.0,2.0,30.4,17.8,3.7,9.0,,,0.9,1.9,,,,,23.7,76.0,0.5,261.0,,0.0,,712.0,
2024-06-14 21:00:00,30.25,159.25,1.3,43.08,24.0,4.78,12.9,0.64,,1.23,2.78,,,,,23.95,71.75,0.8,240.0,,0.0,,712.0,
2024-06-14 22:00:00,33.25,230.25,1.15,41.85,23.18,3.95,16.23,0.6,,1.6,3.5,,,,,24.7,69.25,1.15,254.5,,0.0,,712.25,
2024-06-14 23:00:00,32.0,203.5,1.08,26.75,15.05,3.03,16.38,0.59,,1.6,3.55,,,,,24.48,71.5,1.18,249.5,,0.0,,712.0,
2024-06-15 00:00:00,31.25,151.75,1.1,19.82,11.4,3.05,10.8,0.62,,1.07,2.3,,,,,23.58,74.5,1.12,232.75,,0.0,,711.5,
2024-06-15 01:00:00,20.0,110.25,1.1,14.35,8.55,2.7,7.18,0.41,,0.7,1.55,,,,,22.78,76.75,1.3,249.5,,0.0,,710.75,
2024-06-15 02:00:00,19.25,110.5,1.3,11.45,7.15,2.7,4.97,0.43,,0.5,1.08,,,,,22.28,78.5,1.23,241.0,,0.0,,710.0,
2024-06-15 03:00:00,,,,,,,,,,,,,,,,,,,,,0.0,,,
2024-06-15 04:00:00,,,,,,,,,,,,,,,,,,,,,0.0,,,
2024-06-15 05:00:00,,,,,,,,,,,,,,,,,,,,,0.0,,,
2024-06-15 06:00:00,18.67,100.33,1.5,17.6,10.55,3.3,8.35,,,0.8,1.8,,,,,20.57,83.0,1.2,240.5,,0.0,,711.0,
2024-06-15 07:00:00,24.0,117.5,1.38,18.12,10.78,3.3,7.42,0.17,,0.72,1.6,,,,,20.8,78.5,1.18,223.25,,0.0,,711.25,
2024-06-15 08:00:00,22.5,109.5,1.3,15.25,9.15,3.02,6.32,0.11,,0.62,1.35,,,,,22.12,69.0,1.7,241.5,,0.0,,712.0,
2024-06-15 09:00:00,21.0,124.25,1.13,17.43,10.17,2.9,5.52,0.62,,0.52,1.2,,,,,23.78,63.0,1.82,240.25,,0.0,,712.0,
2024-06-15 10:00:00,26.5,136.5,,,,,4.37,0.58,,0.4,0.93,,,,,25.2,57.5,1.88,244.75,,0.0,,711.25,
2024-06-15 11:00:00,16.5,103.5,,,,,,0.48,,,,,,,,26.42,50.25,1.98,218.5,,0.0,,711.0,
2024-06-15 12:00:00,19.75,96.5,1.65,15.9,9.75,3.05,7.3,0.5,,0.7,1.55,,,,,27.58,49.75,1.95,236.5,,0.0,,710.0,
2024-06-15 13:00:00,23.0,121.5,1.5,17.8,10.7,3.2,8.25,0.39,,0.8,1.78,,,,,28.38,46.0,1.9,237.0,,0.0,,709.25,
2024-06-15 14:00:00,16.25,130.75,1.2,17.25,10.15,3.15,9.07,0.37,,0.88,1.98,,,,,29.25,44.5,1.88,223.5,,0.0,,709.0,
2024-06-15 15:00:00,16.5,113.0,1.15,18.0,10.48,3.3,8.2,0.47,,0.8,1.78,,,,,29.42,43.5,1.9,239.75,,0.0,,708.5,
2024-06-15 16:00:00,25.0,133.5,1.42,23.5,13.7,3.45,7.6,0.5,,0.72,1.62,,,,,29.42,44.5,1.8,262.0,,0.0,,708.0,
2024-06-15 17:00:00,26.0,150.25,0.88,23.38,13.18,3.22,6.52,0.49,,0.65,1.4,,,,,28.92,51.0,1.68,230.5,,0.0,,708.5,
2024-06-15 18:00:00,19.75,117.25,0.8,17.8,10.2,2.9,5.78,0.49,,0.57,1.25,,,,,27.58,61.0,1.55,220.25,,0.0,,709.5,
2024-06-15 19:00:00,17.5,93.25,,,,,5.9,0.52,,0.57,1.25,,,,,25.78,62.0,1.38,206.0,,0.0,,710.0,
2024-06-15 20:00:00,14.5,82.25,1.25,14.15,8.55,2.8,7.1,0.5,,0.7,1.52,,,,,24.95,61.0,1.38,208.75,,0.0,,711.0,
2024-06-15 21:00:00,18.5,85.25,1.45,14.95,9.15,3.15,9.1,0.45,,0.9,1.98,,,,,24.4,62.25,1.27,227.25,,0.0,,711.25,
2024-06-15 22:00:00,17.0,89.5,1.5,15.6,9.52,3.2,9.02,0.44,,0.88,1.98,,,,,24.0,64.5,1.25,223.75,,0.0,,712.0,
2024-06-15 23:00:00,18.75,84.25,1.42,13.5,8.38,3.0,8.5,0.4,,0.82,1.85,,,,,23.52,67.5,1.2,217.75,,0.0,,712.0,
2024-06-16 00:00:00,21.25,86.75,1.05,11.05,6.78,2.82,7.27,0.41,,0.7,1.57,,,,,22.8,72.5,1.32,211.5,,0.0,,711.75,
2024-06-16 01:00:00,12.75,70.75,1.1,9.05,5.7,2.7,5.55,0.45,,0.55,1.2,,,,,22.05,75.75,1.3,217.75,,0.0,,711.0,
2024-06-16 02:00:00,13.75,59.25,1.27,7.9,5.22,2.65,5.48,0.47,,0.5,1.2,,,,,21.5,78.0,1.27,212.25,,0.0,,710.0,
2024-06-16 03:00:00,15.5,55.25,1.27,8.0,5.32,2.55,3.25,0.44,,0.32,0.68,,,,,21.1,79.75,1.05,220.25,,0.0,,710.0,
2024-06-16 04:00:00,5.75,57.75,1.37,7.93,5.3,2.57,4.07,0.3,,0.4,0.88,,,,,20.75,80.0,1.1,215.0,,0.0,,710.0,
2024-06-16 05:00:00,10.0,56.0,1.7,8.88,6.1,2.82,6.48,0.57,,0.62,1.4,,,,,20.58,81.0,1.18,218.5,,0.0,,710.75,
2024-06-16 06:00:00,15.5,64.33,1.48,12.55,7.88,3.05,7.62,0.51,,0.75,1.65,,,,,20.5,82.0,1.4,222.75,,0.0,,711.75,
2024-06-16 07:00:00,14.0,70.75,1.25,12.4,7.6,3.05,7.68,0.48,,0.78,1.68,,,,,20.82,79.5,1.68,230.25,,0.0,,712.0,
2024-06-16 08:00:00,14.5,73.5,1.25,10.95,6.85,2.98,6.32,0.53,,0.6,1.35,,,,,22.18,73.5,1.8,215.0,,0.0,,712.0,
2024-06-16 09:00:00,13.75,69.0,1.2,10.5,6.52,2.92,5.25,0.22,,0.52,1.12,,,,,23.7,67.75,1.8,226.0,,0.0,,712.0,
2024-06-16 10:00:00,7.5,75.75,1.2,11.6,7.1,2.8,3.28,0.38,,0.32,0.7,,,,,25.28,62.5,1.92,222.75,,0.0,,712.0,
2024-06-16 11:00:00,12.75,72.0,,,,,3.85,0.36,,0.4,0.8,,,,,26.7,57.75,2.0,229.5,,0.0,,711.75,
2024-06-16 12:00:00,19.25,80.75,,,,,,0.43,,,,,,,,27.85,54.5,2.02,240.75,,0.0,,711.0,
2024-06-16 13:00:00,5.0,78.25,1.6,12.67,8.03,2.9,7.1,0.4,,0.7,1.57,,,,,28.83,49.5,1.78,229.5,,0.0,,710.25,
2024-06-16 14:00:00,6.0,70.5,1.38,11.08,6.98,2.88,8.0,0.38,,0.8,1.72,,,,,29.5,49.25,1.7,226.0,,0.0,,709.25,
2024-06-16 15:00:00,8.5,64.0,1.32,12.35,7.62,3.12,7.7,0.64,,0.78,1.68,,,,,29.52,49.0,1.72,226.0,,0.0,,708.75,
2024-06-16 16:00:00,8.25,66.75,1.4,13.08,8.1,3.2,6.72,0.67,,0.65,1.45,,,,,29.65,47.5,1.88,242.75,,0.0,,708.0,
2024-06-16 17:00:00,12.5,72.25,1.25,17.48,10.3,3.18,6.0,0.42,,0.57,1.3,,,,,29.4,55.25,1.82,245.0,,0.0,,708.75,
2024-06-16 18:00:00,12.5,81.5,1.08,15.55,9.12,2.9,4.9,0.69,,0.48,1.05,,,,,27.62,61.75,1.5,221.0,,0.0,,709.75,
2024-06-16 19:00:00,8.0,53.25,1.2,13.6,8.2,2.9,3.82,0.74,,0.38,0.8,,,,,25.6,67.25,1.4,217.5,,0.0,,710.0,
2024-06-16 20:00:00,8.0,53.25,,,,,4.92,0.48,,0.48,1.05,,,,,24.58,69.75,1.32,214.0,,0.0,,710.75,
2024-06-16 21:00:00,7.5,50.75,1.5,13.95,8.65,3.0,6.6,0.52,,0.62,1.4,,,,,24.08,69.75,1.58,231.25,,0.0,,711.5,
2024-06-16 22:00:00,6.0,53.75,1.35,13.32,8.18,3.05,8.32,0.45,,0.8,1.78,,,,,23.58,71.0,1.68,239.0,,0.0,,712.0,
2024-06-16 23:00:00,5.25,59.5,1.2,11.92,7.3,3.15,9.38,0.28,,0.9,2.02,,,,,23.05,73.25,1.27,229.0,,0.0,,712.0,
2024-06-17 00:00:00,3.75,42.25,1.18,11.22,6.9,3.08,9.4,0.25,,0.9,2.07,,,,,22.55,75.5,1.08,223.25,,0.0,,711.5,
2024-06-17 01:00:00,5.75,37.5,1.27,9.93,6.3,2.95,8.95,0.71,,0.85,1.92,,,,,22.35,76.25,0.92,237.0,,0.0,,711.0,
2024-06-17 02:00:00,4.25,27.0,1.08,8.1,5.18,2.88,8.5,0.69,,0.82,1.82,,,,,22.1,78.0,1.0,205.75,,0.0,,710.75,
2024-06-17 03:00:00,2.75,20.5,1.25,7.52,5.03,2.75,6.62,0.64,,0.65,1.4,,,,,21.72,80.0,1.02,215.25,,0.0,,710.0,
2024-06-17 04:00:00,5.25,30.5,1.35,7.95,5.3,2.7,6.1,0.79,,0.6,1.3,,,,,21.45,81.0,1.08,234.75,,0.0,,710.0,
2024-06-17 05:00:00,6.0,38.0,1.2,12.4,7.6,3.0,7.07,0.6,,0.67,1.5,,,,,21.3,82.0,1.17,235.0,,0.0,,710.33,
2024-06-17 06:00:00,,,,,,,,,,,,,,,,,,,,,0.0,,,
2024-06-17 07:00:00,16.0,,,,,,,,,,,,,,,22.2,,,,,0.0,,,
2024-06-17 08:00:00,16.25,57.0,1.23,12.35,7.57,3.05,9.85,0.32,,0.95,2.15,,,,,22.8,70.0,1.48,201.0,,0.0,,712.0,
2024-06-17 09:00:00,15.75,58.0,1.18,11.15,6.9,2.98,8.9,0.65,,0.88,1.92,,,,,24.9,64.25,1.52,216.75,,0.0,,712.0,
2024-06-17 10:00:00,11.75,63.25,1.0,12.82,7.62,2.88,7.32,0.52,,0.72,1.6,,,,,25.98,64.0,1.6,225.25,,0.0,,712.0,
2024-06-17 11:00:00,10.0,69.0,1.1,12.55,7.55,2.8,5.65,0.46,,0.52,1.2,,,,,26.8,60.5,1.92,225.25,,0.0,,711.75,
2024-06-17 12:00:00,9.25,64.25,,,,,5.9,0.43,,0.6,1.3,,,,,28.08,54.75,1.72,232.25,,0.0,,711.0,
2024-06-17 13:00:00,14.0,59.25,,,,,,0.52,,,,,,,,29.4,52.25,1.58,240.25,,0.0,,710.0,
2024-06-17 14:00:00,8.0,60.0,1.85,12.3,8.05,2.9,10.23,0.49,,1.0,2.2,,,,,30.0,51.0,1.7,243.33,,0.0,,709.33,
2024-06-17 15:00:00,,,,,,,,,,,,,,,,,,,,,0.0,,,
2024-06-17 16:00:00,,,,,,,,,,,,,,,,,,,,,0.0,,,
2024-06-17 17:00:00,,,,,,,,,,,,,,,,,,,,,0.0,,,
2024-06-17 18:00:00,,,,,,,,,,,,,,,,,,,,,0.0,,,
2024-06-17 19:00:00,,,,,,,,,,,,,,,,,,,,,0.0,,,
2024-06-17 20:00:00,,,,,,,,,,,,,,,,,,,,,0.0,,,
2024-06-17 21:00:00,,,,,,,,,,,,,,,,,,,,,0.0,,,
2024-06-17 22:00:00,,,,,,,,,,,,,,,,,,,,,0.0,,,
2024-06-17 23:00:00,10.0,50.33,1.5,11.4,7.23,3.1,12.6,0.39,,1.23,2.73,,,,,23.53,71.33,1.43,241.0,,0.0,,712.0,
2024-06-18 00:00:00,6.0,39.0,1.32,11.18,7.0,2.92,9.77,0.42,,0.93,2.1,,,,,23.35,72.5,1.38,242.5,,0.0,,712.0,
2024-06-18 01:00:00,6.0,36.75,1.02,9.4,5.82,2.85,7.3,0.41,,0.7,1.55,,,,,23.1,75.0,1.35,239.5,,0.0,,711.75,
2024-06-18 02:00:00,6.5,27.0,1.05,9.3,5.8,2.8,7.0,0.38,,0.68,1.48,,,,,22.65,78.5,1.3,253.25,,0.0,,711.0,
2024-06-18 03:00:00,7.25,19.25,1.3,8.45,5.52,2.7,5.72,0.46,,0.57,1.23,,,,,22.15,80.0,1.2,235.25,,0.0,,710.25,
2024-06-18 04:00:00,5.75,25.25,1.38,8.6,5.68,2.82,4.92,0.52,,0.48,1.08,,,,,21.95,81.0,0.8,223.0,,0.0,,710.0,
2024-06-18 05:00:00,8.25,33.75,1.35,10.35,6.6,2.8,3.9,0.49,,0.4,0.85,,,,,21.78,82.0,0.9,213.0,,0.0,,710.0,
2024-06-18 06:00:00,9.0,39.0,1.67,14.4,9.0,3.03,5.72,0.5,,0.55,1.23,,,,,21.7,82.0,1.18,221.5,,0.0,,710.75,
2024-06-18 07:00:00,18.0,55.0,,,,,,,,,,,,,,21.8,,,,,0.0,,,
2024-06-18 08:00:00,,,,,,,,,,,,,,,,,,,,,0.0,,,
2024-06-18 09:00:00,,,,,,,,,,,,,,,,,,,,,0.0,,,
2024-06-18 10:00:00,,,,,,,,,,,,,,,,,,,,,0.0,,,
2024-06-18 11:00:00,13.5,90.0,0.93,19.73,11.27,3.1,6.43,0.43,,0.63,1.4,,,,,26.82,58.0,1.63,241.33,,0.0,,710.67,
2024-06-18 12:00:00,12.0,92.25,0.9,19.3,11.0,3.0,4.97,0.5,,0.5,1.1,,,,,28.25,56.75,1.8,223.75,,0.0,,710.0,
2024-06-18 13:00:00,13.25,78.5,,,,,,0.47,,,,,,,,28.72,55.25,2.15,236.25,,0.0,,709.25,
2024-06-18 14:00:00,15.5,70.75,,,,,,0.42,,,,,,,,28.9,54.5,2.0,226.25,,0.0,,709.0,
2024-06-18 15:00:00,11.75,74.5,,,,,8.6,0.3,,0.8,1.9,,,,,29.32,50.75,2.17,240.0,,0.0,,708.0,
2024-06-18 16:00:00,,,,,,,,,,,,,,,,,,,,,0.0,,,
2024-06-18 17:00:00,,,,,,,,,,,,,,,,,,,,,0.0,,,
2024-06-18 18:00:00,,,,,,,,,,,,,,,,,,,,,0.0,,,
2024-06-18 19:00:00,8.0,110.0,1.1,30.8,17.2,4.0,8.9,0.48,,0.9,1.9,,,,,27.6,56.0,1.8,239.0,,0.0,,709.0,
2024-06-18 20:00:00,,,,,,,,,,,,,,,,,,,,,0.0,,,
2024-06-18 21:00:00,,,,,,,,,,,,,,,,,,,,,0.0,,,
2024-06-18 22:00:00,14.67,69.0,,,,,6.6,0.49,,0.65,1.45,,,,,24.73,71.5,1.6,237.5,,0.0,,712.0,
2024-06-18 23:00:00,18.75,64.75,,,,,7.68,0.47,,0.75,1.65,,,,,24.08,72.25,1.82,247.5,,0.0,,712.0,
2024-06-19 00:00:00,8.25,49.75,1.6,9.43,6.32,2.9,7.9,0.46,,0.77,1.7,,,,,23.6,73.25,1.42,230.5,,0.0,,711.5,
2024-06-19 01:00:00,5.75,38.75,1.32,7.1,4.9,2.88,6.4,0.47,,0.6,1.38,,,,,23.02,77.25,1.38,212.0,,0.0,,711.0,
2024-06-19 02:00:00,5.75,24.75,1.38,7.0,4.78,2.9,4.88,0.44,,0.45,1.05,,,,,22.12,79.0,1.5,227.0,,0.0,,710.0,
2024-06-19 03:00:00,7.5,22.25,1.32,6.65,4.65,2.9,4.5,0.42,,0.43,0.98,,,,,21.88,79.5,1.65,230.25,,0.0,,709.75,
2024-06-19 04:00:00,6.0,27.75,1.12,7.7,5.03,2.9,2.92,0.41,,0.3,0.65,,,,,21.78,80.0,1.32,240.25,,0.0,,709.25,
2024-06-19 05:00:00,6.0,35.75,0.95,10.75,6.52,2.92,1.6,0.5,,0.18,0.35,,,,,21.7,80.0,1.42,238.0,,0.0,,710.0,
2024-06-19 06:00:00,8.0,53.25,1.5,16.35,9.93,3.12,2.0,0.49,,0.2,0.4,,,,,21.72,79.75,1.23,241.0,,0.0,,710.0,
2024-06-19 07:00:00,14.0,75.5,1.2,19.1,11.2,3.1,1.27,0.48,,0.15,0.3,,,,,21.98,78.0,1.5,220.25,,0.0,,710.25,
2024-06-19 08:00:00,13.75,68.5,1.67,16.5,10.1,3.13,3.3,0.52,,0.32,0.7,,,,,22.72,74.75,1.82,238.75,,0.0,,711.0,
2024-06-19 09:00:00,13.75,100.5,1.35,20.55,12.0,3.32,5.52,0.43,,0.55,1.2,,,,,23.88,67.25,2.0,248.75,,0.0,,711.0,
2024-06-19 10:00:00,15.5,116.25,1.42,26.68,15.38,3.85,4.62,0.48,,0.45,1.0,,,,,25.72,60.25,1.98,260.25,,0.0,,711.0,
2024-06-19 11:00:00,14.5,124.25,1.1,25.58,14.5,3.7,5.9,0.42,,0.55,1.27,,,,,27.32,58.25,1.92,229.0,,0.0,,710.0,
2024-06-19 12:00:00,15.5,104.25,1.35,23.6,13.68,3.55,5.0,0.49,,0.48,1.08,,,,,28.52,55.75,2.33,250.5,,0.0,,709.5,
2024-06-19 13:00:00,14.5,109.25,1.15,21.88,12.58,3.28,3.02,0.32,,0.28,0.65,,,,,29.3,54.0,1.92,240.5,,0.0,,708.5,
2024-06-19 14:00:00,15.25,89.25,,,,,1.03,0.47,,0.1,0.2,,,,,29.45,58.25,1.85,228.25,,0.0,,707.75,
2024-06-19 15:00:00,15.25,74.75,,,,,,0.54,,,,,,,,28.92,56.0,1.52,236.0,,0.0,,706.5,
2024-06-19 16:00:00,22.5,95.75,,,,,,0.66,,,,,,,,28.58,57.25,2.02,274.25,,0.0,,706.0,
2024-06-19 17:00:00,23.0,136.5,2.03,31.53,18.47,3.87,6.45,0.46,,0.65,1.38,,,,,28.38,55.0,1.78,258.5,,0.0,,706.25,
2024-06-19 18:00:00,17.75,142.25,1.35,31.6,17.9,4.05,7.28,0.34,,0.72,1.58,,,,,28.28,64.0,2.45,281.25,,0.0,,707.25,
2024-06-19 19:00:00,11.75,120.0,1.08,24.65,14.0,3.38,7.3,0.39,,0.7,1.55,,,,,25.95,69.75,1.45,216.0,,0.0,,708.25,
2024-06-19 20:00:00,15.25,71.25,1.23,18.8,11.0,3.4,6.9,0.4,,0.7,1.5,,,,,24.55,71.75,1.3,214.25,,0.0,,709.75,
2024-06-19 21:00:00,18.5,75.75,1.27,20.78,12.1,3.4,6.02,0.62,,0.6,1.32,,,,,24.25,76.5,1.52,239.25,,0.0,,710.0,
2024-06-19 22:00:00,15.5,73.5,1.05,20.52,11.77,3.15,4.7,0.49,,0.48,1.02,,,,,23.82,72.75,1.75,239.25,,0.0,,710.75,
2024-06-19 23:00:00,11.5,84.5,1.37,13.57,8.3,2.9,3.3,0.49,,0.32,0.7,,,,,23.8,73.0,1.7,244.25,,0.0,,711.0,
2024-06-20 00:00:00,13.75,72.5,,,,,5.7,0.44,,0.57,1.27,,,,,23.4,74.25,1.52,237.25,,0.0,,710.5,
2024-06-20 01:00:00,15.25,56.75,1.5,8.6,5.77,2.8,9.35,0.41,,0.9,2.0,,,,,22.98,76.5,1.62,241.25,,0.0,,709.25,
2024-06-20 02:00:00,12.75,46.5,1.32,7.65,5.12,2.8,11.28,0.34,,1.1,2.45,,,,,22.48,80.25,1.3,204.75,,0.0,,709.0,
2024-06-20 03:00:00,13.25,37.5,1.2,7.9,5.2,3.0,9.52,0.4,,0.92,2.05,,,,,21.92,84.25,1.38,207.5,,0.0,,709.0,
2024-06-20 04:00:00,16.0,42.75,1.38,8.48,5.6,2.92,8.8,0.4,,0.85,1.92,,,,,21.35,85.75,1.3,226.5,,0.0,,708.25,
2024-06-20 05:00:00,13.0,47.0,1.15,10.45,6.48,2.92,8.83,0.39,,0.88,1.9,,,,,21.2,86.0,1.45,234.25,,0.0,,709.0,
2024-06-20 06:00:00,12.75,56.5,1.35,13.52,8.3,3.0,7.15,0.45,,0.7,1.52,,,,,21.22,86.5,1.35,236.0,,0.0,,709.5,
2024-06-20 07:00:00,12.5,68.5,1.18,15.75,9.35,3.02,7.62,0.52,,0.72,1.62,,,,,21.42,85.0,1.38,214.25,,0.0,,710.0,
2024-06-20 08:00:00,15.0,74.75,1.35,14.1,8.6,2.85,6.62,0.5,,0.62,1.4,,,,,21.95,83.25,1.68,223.0,,0.0,,710.75,
2024-06-20 09:00:00,17.0,85.25,1.55,16.95,10.3,3.05,8.52,0.52,,0.85,1.85,,,,,22.8,77.75,1.9,230.75,,0.0,,711.0,
2024-06-20 10:00:00,15.5,98.5,1.5,16.23,9.85,3.28,11.38,0.43,,1.1,2.42,,,,,24.42,71.5,1.9,220.0,,0.0,,711.0,
2024-06-20 11:00:00,18.25,92.25,1.5,15.62,9.52,3.25,10.8,0.41,,1.02,2.35,,,,,26.08,66.0,2.08,231.75,,0.0,,710.75,
2024-06-20 12:00:00,15.5,99.0,1.27,16.25,9.68,3.3,10.6,0.54,,1.05,2.3,,,,,27.52,60.5,2.12,228.75,,0.0,,710.0,
2024-06-20 13:00:00,22.25,112.5,1.23,17.0,10.02,3.25,9.57,0.38,,0.95,2.08,,,,,28.8,55.75,2.22,232.5,,0.0,,709.0,
2024-06-20 14:00:00,18.0,114.75,1.15,15.1,8.95,3.0,8.05,0.47,,0.78,1.75,,,,,29.75,54.0,2.15,227.75,,0.0,,708.0,
2024-06-20 15:00:00,12.25,77.5,1.5,15.3,9.3,2.9,5.98,0.51,,0.6,1.27,,,,,28.67,73.25,1.88,239.75,,0.0,,708.25,
2024-06-20 16:00:00,14.75,66.25,,,,,6.0,0.58,,0.6,1.3,,,,,25.18,69.5,2.45,210.75,,0.0,,708.0,
2024-06-20 17:00:00,20.0,76.75,,,,,9.6,0.52,,0.9,2.1,,,,,25.48,68.0,2.38,252.75,,0.0,,708.0,
2024-06-20 18:00:00,20.0,115.0,1.8,25.0,14.8,3.3,10.3,0.53,,1.0,2.2,,,,,24.8,69.0,1.9,236.0,,0.0,,708.0,
2024-06-20 19:00:00,17.0,97.0,,,,,,,,,,,,,,24.0,,,,,0.0,,,
2024-06-20 20:00:00,17.25,96.25,1.12,22.68,12.95,3.6,12.38,0.38,,1.23,2.68,,,,,23.85,70.0,1.88,236.0,,0.0,,709.75,
2024-06-20 21:00:00,18.25,92.75,1.35,22.15,12.88,3.48,11.12,0.52,,1.1,2.4,,,,,23.22,71.25,2.05,244.75,,0.0,,710.0,
2024-06-20 22:00:00,18.5,86.25,1.05,19.42,11.18,3.18,9.88,0.54,,0.95,2.15,,,,,22.6,75.5,1.7,240.5,,0.0,,710.5,
2024-06-20 23:00:00,16.75,76.25,1.02,15.05,8.85,2.98,9.07,0.39,,0.88,1.98,,,,,22.2,78.0,1.6,240.5,,0.0,,711.0,
2024-06-21 00:00:00,14.25,68.25,1.12,11.4,6.95,2.75,6.8,0.4,,0.67,1.47,,,,,21.82,80.0,1.52,238.0,,0.0,,710.25,
2024-06-21 01:00:00,8.5,60.25,1.2,9.6,6.1,2.7,6.62,0.57,,0.65,1.42,,,,,21.52,81.75,1.58,235.0,,0.0,,709.5,
2024-06-21 02:00:00,7.0,57.75,1.5,7.78,5.38,2.85,9.32,0.49,,0.9,2.0,,,,,21.22,84.0,1.38,230.75,,0.0,,709.0,
2024-06-21 03:00:00,8.0,49.75,1.38,8.48,5.65,2.85,10.65,0.44,,1.03,2.3,,,,,20.92,85.5,1.18,224.0,,0.0,,709.0,
2024-06-21 04:00:00,12.25,56.25,1.35,9.12,5.95,3.0,8.98,0.53,,0.85,1.95,,,,,20.62,88.0,1.3,211.25,,0.0,,709.0,
2024-06-21 05:00:00,14.75,58.0,1.25,10.9,6.82,3.1,8.5,0.48,,0.82,1.85,,,,,20.35,90.0,1.35,212.75,,0.0,,709.0,
2024-06-21 06:00:00,11.25,56.25,1.35,14.68,8.93,3.12,8.25,0.43,,0.8,1.75,,,,,20.23,90.75,1.42,221.5,,0.0,,709.75,
2024-06-21 07:00:00,11.75,71.75,1.23,14.62,8.75,3.0,7.28,0.54,,0.7,1.6,,,,,20.6,86.75,1.52,218.25,,0.0,,710.5,
2024-06-21 08:00:00,13.25,86.0,1.0,16.4,9.57,3.0,5.55,0.35,,0.5,1.2,,,,,22.0,79.0,1.9,237.0,,0.0,,711.0,
2024-06-21 09:00:00,22.25,107.0,,,,,5.55,0.41,,0.5,1.2,,,,,23.95,72.5,1.98,239.5,,0.0,,711.0,
2024-06-21 10:00:00,24.75,114.5,1.85,17.3,10.75,3.1,8.87,0.47,,0.87,1.9,,,,,25.58,68.0,2.38,240.5,,0.0,,710.25,
2024-06-21 11:00:00,12.5,108.5,1.7,18.77,11.38,3.3,11.92,0.29,,1.18,2.58,,,,,26.67,64.75,2.2,232.25,,0.0,,710.0,
2024-06-21 12:00:00,13.75,101.5,1.27,16.27,9.7,3.3,11.25,0.25,,1.1,2.45,,,,,27.75,62.25,2.17,233.25,,0.0,,709.5,
2024-06-21 13:00:00,13.25,93.0,1.3,18.6,10.92,3.38,8.62,0.78,12.46,0.82,1.88,,,,,28.6,60.0,2.25,240.25,,0.0,,708.5,
2024-06-21 14:00:00,16.0,90.0,1.08,19.3,11.15,3.32,2.78,0.9,10.94,0.3,0.6,,,,,28.85,61.5,2.28,235.5,,0.0,,707.75,
2024-06-21 15:00:00,22.0,112.0,1.0,15.8,9.25,3.15,,0.6,16.31,,,,,,,28.48,66.5,2.7,265.0,,0.0,,707.25,
2024-06-21 16:00:00,22.5,143.25,,,,,,0.92,15.41,,,,,,,26.48,91.5,2.0,270.0,,0.0,,708.0,
2024-06-21 17:00:00,21.0,38.25,,,,,,0.31,10.54,,,,,,,22.72,87.75,1.55,241.75,,0.0,,707.75,
2024-06-21 18:00:00,14.5,50.5,,,,,4.7,0.56,11.58,0.5,1.0,,,,,23.52,82.25,1.3,238.75,,0.0,,708.0,
2024-06-21 19:00:00,22.0,100.5,1.58,30.35,17.45,3.62,9.45,0.73,14.8,0.95,2.02,,,,,23.88,81.25,1.23,239.75,,0.0,,708.75,
2024-06-21 20:00:00,23.25,132.25,1.5,33.52,19.05,3.9,12.9,0.43,12.14,1.25,2.78,,,,,23.78,79.75,1.4,244.0,,0.0,,709.25,
2024-06-21 21:00:00,27.0,165.0,1.58,30.9,17.73,4.07,13.28,0.33,8.32,1.3,2.85,,,,,23.58,79.75,1.52,242.25,,0.0,,710.0,
2024-06-21 22:00:00,26.0,141.75,1.2,22.52,12.98,3.45,11.62,0.15,7.37,1.1,2.5,,,,,23.08,81.0,1.6,230.75,,0.0,,710.0,
2024-06-21 23:00:00,20.75,108.0,1.2,14.02,8.4,2.88,8.32,0.12,10.92,0.8,1.8,,,,,22.58,84.25,1.68,238.75,,0.0,,710.0,
2024-06-22 00:00:00,12.75,103.5,1.2,10.85,6.75,2.85,3.7,0.17,11.16,0.37,0.8,,,,,22.1,86.75,1.58,233.75,,0.0,,709.25,
2024-06-22 01:00:00,11.5,89.25,,,,,1.33,0.34,11.45,0.13,0.3,,,,,21.68,89.0,1.55,233.5,,0.0,,708.0,
2024-06-22 02:00:00,16.5,87.0,,,,,,0.28,11.01,,,,,,,21.18,91.75,1.35,214.0,,0.0,,707.0,
2024-06-22 03:00:00,,,,,,,,,,,,,,,,,,,,,0.0,,,
2024-06-22 04:00:00,,,,,,,,,,,,,,,,,,,,,0.0,,,
2024-06-22 05:00:00,,,,,,,,,,,,,,,,,,,,,0.0,,,
2024-06-22 06:00:00,,,,,,,,,,,,,,,,,,,,,0.0,,,
2024-06-22 07:00:00,,,,,,,,,,,,,,,,,,,,,0.0,,,
2024-06-22 08:00:00,20.0,106.0,,,,,,,,,,,,,,22.6,,,,,0.0,,,
2024-06-22 09:00:00,20.75,105.0,,,,,2.6,0.3,11.74,0.27,0.57,,,,,22.85,83.75,1.45,228.0,,0.0,,709.0,
2024-06-22 10:00:00,21.5,95.25,,,,,,0.27,13.32,,,,,,,23.88,80.0,1.75,232.5,,0.0,,708.75,
2024-06-22 11:00:00,19.0,85.75,1.7,17.2,10.5,3.2,2.95,0.26,17.24,0.3,0.65,,,,,25.2,65.25,2.05,268.0,,0.0,,708.0,
2024-06-22 12:00:00,23.25,120.25,1.52,19.0,11.35,3.38,6.1,0.27,17.97,0.6,1.3,,,,,26.85,63.25,2.2,271.0,,0.0,,707.25,
2024-06-22 13:00:00,18.5,119.5,1.35,19.98,11.75,3.45,7.98,0.2,20.93,0.78,1.7,,,,,27.58,63.25,1.98,254.25,,0.0,,706.25,
2024-06-22 14:00:00,17.0,103.75,1.5,20.2,11.95,3.6,9.85,0.16,16.43,0.95,2.12,,,,,28.42,62.25,1.8,250.5,,0.0,,705.75,
2024-06-22 15:00:00,11.0,129.75,1.42,23.48,13.65,3.8,10.12,0.33,11.42,1.0,2.17,,,,,28.52,61.75,1.82,257.5,,0.0,,705.0,
2024-06-22 16:00:00,19.25,141.5,0.83,20.3,11.5,3.33,6.6,0.29,13.82,0.62,1.42,,,,,28.52,62.75,1.5,239.5,,0.0,,705.0,
2024-06-22 17:00:00,17.75,120.25,,,,,3.75,0.32,12.59,0.35,0.85,,,,,27.92,67.75,1.45,223.75,,0.0,,705.0,
2024-06-22 18:00:00,18.5,106.75,,,,,,0.44,11.24,,,,,,,26.45,72.25,1.35,235.25,,0.0,,706.0,
2024-06-22 19:00:00,15.25,107.75,,,,,,0.39,12.38,,,,,,,25.12,75.25,1.95,259.0,,0.0,,706.75,
2024-06-22 20:00:00,19.25,104.25,1.92,25.1,14.9,3.6,5.48,0.24,16.22,0.52,1.2,,,,,24.3,72.75,1.27,231.0,,0.0,,707.5,
2024-06-22 21:00:00,18.25,97.75,1.25,20.08,11.68,3.48,8.93,0.06,15.42,0.88,1.92,,,,,24.18,76.25,1.6,234.25,,0.0,,708.75,
2024-06-22 22:00:00,13.75,71.75,1.4,16.73,10.05,3.2,10.4,,12.75,1.02,2.22,,,,,23.65,79.25,1.4,225.5,,0.0,,709.0,
2024-06-22 23:00:00,16.25,58.0,1.23,12.28,7.55,3.18,9.68,0.21,10.78,0.92,2.1,,,,,23.02,81.75,1.88,232.25,,0.0,,709.0,
2024-06-23 00:00:00,15.0,51.75,1.0,9.85,6.05,2.82,6.93,0.06,15.95,0.67,1.5,,,,,22.35,83.5,1.62,227.25,,0.0,,708.5,
2024-06-23 01:00:00,8.75,43.0,1.05,9.2,5.75,2.6,4.85,0.14,14.81,0.5,1.05,,,,,21.82,85.0,1.2,212.5,,0.0,,707.75,
2024-06-23 02:00:00,9.0,45.0,,,,,3.53,0.12,16.0,0.33,0.77,,,,,21.5,88.5,1.3,211.0,,0.0,,707.0,
2024-06-23 03:00:00,11.25,39.25,,,,,,0.06,15.98,,,,,,,21.08,90.75,1.6,216.0,,0.0,,707.0,
2024-06-23 04:00:00,7.25,32.0,1.57,7.43,5.27,2.77,5.32,0.04,21.38,0.52,1.15,,,,,20.62,92.25,1.55,214.25,,0.0,,707.0,
2024-06-23 05:00:00,2.75,37.25,1.45,8.45,5.65,2.88,8.15,0.09,18.38,0.78,1.75,,,,,20.38,93.0,1.58,211.5,,0.0,,707.0,
2024-06-23 06:00:00,5.75,45.5,1.15,10.32,6.45,3.05,10.78,0.08,14.77,1.02,2.33,,,,,20.32,92.5,1.45,215.75,,0.0,,707.5,
2024-06-23 07:00:00,7.75,51.75,1.15,11.22,6.92,3.02,11.28,0.12,13.12,1.1,2.45,,,,,20.58,90.5,1.38,220.5,,0.0,,708.0,
2024-06-23 08:00:00,7.33,58.33,1.07,11.97,7.2,3.1,9.53,0.18,13.33,0.93,2.07,,,,,21.73,83.33,1.47,224.67,,0.0,,708.0,
2024-06-23 09:00:00,9.25,66.25,1.2,11.9,7.3,2.85,6.68,0.49,15.52,0.62,1.45,,,,,23.42,78.75,2.05,229.5,,0.0,,708.0,
2024-06-23 10:00:00,12.75,78.5,,,,,6.2,0.1,18.42,0.6,1.3,,,,,25.0,71.75,2.03,223.5,,0.0,,708.0,
2024-06-23 11:00:00,11.0,65.25,,,,,,0.1,19.97,,,,,,,26.02,69.5,1.82,233.0,,0.0,,707.5,
2024-06-23 12:00:00,7.75,58.75,,,,,,0.11,21.27,,,,,,,26.78,64.25,1.82,236.75,,0.0,,706.75,
2024-06-23 13:00:00,8.25,63.0,1.78,12.25,7.95,2.88,5.82,0.25,33.7,0.57,1.27,,,,,28.2,61.0,1.65,223.5,,0.0,,705.75,
2024-06-23 14:00:00,12.0,59.5,1.38,10.9,6.92,2.98,9.2,0.16,31.58,0.9,1.98,,,,,29.2,60.0,1.9,212.25,,0.0,,704.75,
2024-06-23 15:00:00,10.75,53.25,1.5,9.05,6.05,3.02,10.65,0.07,28.91,1.02,2.28,,,,,29.2,63.0,1.7,195.0,,0.0,,704.0,
2024-06-23 16:00:00,8.25,43.0,1.48,10.85,6.98,3.0,10.72,0.06,16.33,1.05,2.32,,,,,27.9,69.75,1.88,224.0,,0.0,,704.0,
2024-06-23 17:00:00,10.5,53.5,1.12,12.15,7.4,2.95,7.42,0.2,17.56,0.75,1.6,,,,,26.15,78.0,2.0,212.5,,0.0,,704.5,
2024-06-23 18:00:00,6.0,45.75,,,,,5.03,0.26,17.2,0.48,1.1,,,,,24.18,83.75,1.9,204.0,,0.0,,705.5,
2024-06-23 19:00:00,9.0,40.25,,,,,5.3,0.32,16.63,0.5,1.1,,,,,23.05,85.75,1.65,222.5,,0.0,,706.25,
2024-06-23 20:00:00,15.75,52.75,,,,,,0.23,14.78,,,,,,,22.6,86.25,1.58,227.25,,0.0,,707.25,
2024-06-23 21:00:00,10.75,50.5,1.5,11.57,7.37,2.9,5.15,0.18,20.78,0.5,1.12,,,,,22.58,87.75,1.52,212.5,,0.0,,708.0,
2024-06-23 22:00:00,14.0,44.0,1.35,10.48,6.68,3.0,8.78,0.11,18.58,0.85,1.9,,,,,22.42,88.75,1.7,217.75,,0.0,,708.5,
2024-06-23 23:00:00,7.25,41.5,1.5,10.78,6.95,3.08,11.95,0.17,15.88,1.18,2.6,,,,,22.12,88.25,1.7,234.5,,0.0,,708.75,
2024-06-24 00:00:00,4.5,47.25,1.23,8.9,5.7,3.0,9.9,0.06,12.09,0.97,2.13,,,,,21.75,91.25,1.78,233.5,,0.0,,708.0,
2024-06-24 01:00:00,2.75,29.5,1.1,7.4,4.85,2.8,5.88,0.13,15.44,0.57,1.25,,,,,21.28,91.25,1.6,227.25,,0.0,,707.25,
2024-06-24 02:00:00,2.33,20.33,1.2,7.15,4.8,2.8,2.93,0.11,19.41,0.27,0.63,,,,,21.17,90.33,1.67,237.0,,0.0,,706.33,
2024-06-24 03:00:00,,,,,,,,,,,,,,,,,,,,,0.0,,,
2024-06-24 04:00:00,,,,,,,,,,,,,,,,,,,,,0.0,,,
2024-06-24 05:00:00,,,,,,,,,,,,,,,,,,,,,0.0,,,
2024-06-24 06:00:00,7.0,59.0,,,,,,,,,,,,,,20.6,,,,,0.0,,,
2024-06-24 07:00:00,9.5,60.5,1.35,16.1,9.68,3.32,8.48,0.01,12.12,0.82,1.82,,,,,20.88,87.5,1.75,230.5,,0.0,,707.0,
2024-06-24 08:00:00,16.0,67.75,1.25,15.12,9.05,3.3,8.65,0.05,17.43,0.85,1.85,,,,,21.98,81.75,2.05,220.0,,0.0,,707.5,
2024-06-24 09:00:00,13.25,83.25,1.25,15.75,9.4,3.25,7.85,0.1,,0.75,1.68,,,,,23.12,77.0,2.33,238.5,,0.0,,708.0,
2024-06-24 10:00:00,13.75,105.5,1.15,18.82,10.95,3.2,5.3,0.05,,0.52,1.15,,,,,24.42,72.75,2.15,242.25,,0.0,,707.25,
2024-06-24 11:00:00,12.5,106.0,,,,,3.1,,,0.3,0.67,,,,,25.45,72.5,2.25,233.75,,0.0,,707.0,
2024-06-24 12:00:00,12.25,100.5,,,,,,,,,,,,,,25.88,68.75,2.22,233.75,,0.0,,706.0,
2024-06-24 13:00:00,15.25,95.25,2.1,18.5,11.6,3.2,2.1,0.12,,0.2,0.45,,,,,26.95,65.75,2.25,243.0,,0.0,,705.25,
2024-06-24 14:00:00,12.75,106.75,1.5,18.48,11.05,3.35,5.5,0.04,,0.55,1.18,,,,,27.62,63.5,2.38,238.5,,0.0,,705.0,
2024-06-24 15:00:00,11.25,113.25,1.18,19.9,11.52,3.55,8.82,0.01,,0.88,1.92,,,,,27.58,62.0,2.28,247.5,,0.0,,705.0,
2024-06-24 16:00:00,11.25,89.25,1.42,22.92,13.4,3.85,9.43,0.02,,0.92,2.02,,,,,27.98,62.0,2.1,240.75,,0.0,,704.75,
2024-06-24 17:00:00,18.25,88.5,1.32,19.3,11.35,3.5,8.28,0.03,,0.8,1.78,,,,,27.38,64.0,1.68,222.5,,0.0,,705.0,
2024-06-24 18:00:00,18.5,97.0,0.98,19.48,11.15,3.25,6.08,0.06,,0.6,1.32,,,,,26.35,68.25,2.03,234.0,,0.0,,706.0,
2024-06-24 19:00:00,15.75,109.25,1.55,23.35,13.65,3.35,4.3,0.13,,0.4,0.92,,,,,25.08,71.5,1.8,246.0,,0.0,,706.25,
2024-06-24 20:00:00,14.0,104.0,,,,,3.63,,,0.33,0.8,,,,,24.28,75.25,1.55,234.25,,0.0,,707.0,
2024-06-24 21:00:00,18.25,79.25,,,,,1.5,,,0.1,0.3,,,,,23.72,80.0,1.48,203.75,,0.0,,707.5,
2024-06-24 22:00:00,12.0,56.0,1.55,11.3,7.25,2.88,5.15,,,0.52,1.1,,,,,23.02,85.25,1.52,210.25,,0.0,,708.0,
2024-06-24 23:00:00,8.0,46.25,1.35,9.48,6.12,3.08,7.88,,,0.78,1.7,,,,,22.35,86.75,1.55,223.75,,0.0,,708.0,
2024-06-25 00:00:00,6.0,43.5,1.35,8.9,5.82,2.98,8.7,,,0.87,1.87,,,,,21.8,88.5,1.45,228.5,,0.0,,707.25,
2024-06-25 01:00:00,9.75,40.0,1.18,8.25,5.35,2.98,8.25,0.07,,0.8,1.78,,,,,21.4,90.25,1.7,234.0,,0.0,,706.5,
2024-06-25 02:00:00,11.0,35.25,1.02,7.68,4.9,2.8,6.2,0.06,,0.6,1.32,,,,,21.05,91.5,1.88,224.5,,0.0,,706.0,
2024-06-25 03:00:00,7.25,39.75,1.12,8.0,5.2,2.75,3.95,0.03,,0.38,0.88,,,,,20.9,92.5,1.78,240.25,,0.0,,706.0,
2024-06-25 04:00:00,5.0,41.0,1.3,9.0,5.8,2.7,1.65,0.16,,0.15,0.35,,,,,20.9,93.0,1.62,225.25,,0.0,,706.0,
2024-06-25 05:00:00,5.75,39.0,,,,,1.95,,,0.18,0.42,,,,,20.9,93.0,1.6,229.0,,0.0,,706.0,
2024-06-25 06:00:00,9.0,45.25,1.6,12.02,7.7,3.0,3.88,,,0.38,0.85,,,,,20.92,93.0,1.55,216.0,,0.0,,706.75,
2024-06-25 07:00:00,11.25,57.5,1.45,13.9,8.57,3.25,7.62,,,0.75,1.65,,,,,21.12,91.5,1.75,227.25,,0.0,,707.0,
2024-06-25 08:00:00,9.5,64.75,1.45,14.55,8.92,3.42,8.48,,,0.82,1.82,,,,,21.75,87.25,1.68,219.0,,0.0,,707.0,
2024-06-25 09:00:00,11.25,74.75,1.58,17.3,10.48,3.52,9.35,0.3,,0.9,2.02,,,,,22.95,80.75,1.98,233.25,,0.0,,707.0,
2024-06-25 10:00:00,13.5,105.5,1.25,17.77,10.45,3.3,7.8,0.18,,0.78,1.68,,,,,24.72,74.5,2.22,238.25,,0.0,,707.0,
2024-06-25 11:00:00,16.5,104.75,1.0,19.67,11.27,3.13,5.12,0.12,,0.5,1.1,,,,,26.18,71.5,2.5,240.5,,0.0,,706.5,
2024-06-25 12:00:00,12.0,109.75,,,,,4.35,0.03,,0.4,0.95,,,,,26.98,68.0,2.05,223.0,,0.0,,706.0,
2024-06-25 13:00:00,10.75,95.25,,,,,,0.19,,,,,,,,28.02,64.75,2.4,244.25,,0.0,,705.25,
2024-06-25 14:00:00,8.75,105.25,1.75,15.3,9.5,3.05,7.15,0.35,,0.7,1.5,,,,,28.78,62.25,2.5,238.0,,0.0,,704.5,
2024-06-25 15:00:00,15.5,99.0,1.38,16.23,9.75,3.48,10.45,0.24,,1.02,2.28,,,,,28.92,64.0,2.38,242.5,,0.0,,704.0,
2024-06-25 16:00:00,16.25,103.5,1.23,19.68,11.48,3.75,12.05,0.29,,1.2,2.6,,,,,28.58,64.25,2.42,244.5,,0.0,,704.0,
2024-06-25 17:00:00,7.0,97.0,1.4,20.35,11.95,3.7,12.48,0.18,,1.2,2.68,,,,,27.95,66.5,2.12,239.75,,0.0,,704.25,
2024-06-25 18:00:00,13.75,86.75,1.08,17.2,9.98,3.02,11.42,0.23,,1.12,2.45,,,,,26.65,78.5,1.9,188.5,,0.0,,705.25,
2024-06-25 19:00:00,14.0,74.25,0.85,12.5,7.35,2.8,8.93,0.32,,0.88,1.92,,,,,24.68,85.0,1.25,184.25,,0.0,,706.0,
2024-06-25 20:00:00,11.0,72.0,,,,,,0.22,,,,,,,,23.58,87.75,1.45,211.75,,0.0,,707.0,
2024-06-25 21:00:00,18.0,55.0,,,,,,0.4,,,,,,,,23.05,90.5,1.5,215.25,,0.0,,707.75,
2024-06-25 22:00:00,16.25,33.75,,,,,,0.43,,,,,,,,22.55,89.5,1.65,225.0,,0.0,,708.0,
2024-06-25 23:00:00,29.0,40.5,1.65,9.22,6.28,2.9,11.45,0.19,,1.12,2.45,,,,,22.28,88.5,1.65,213.25,,0.0,,708.0,
2024-06-26 00:00:00,,34.75,1.38,8.15,5.48,2.92,10.2,0.49,,1.0,2.2,,,,,21.82,90.5,1.55,222.0,,0.0,,707.5,
2024-06-26 01:00:00,11.0,29.5,1.27,7.92,5.25,3.0,8.12,0.19,,0.8,1.72,,,,,21.52,92.5,1.72,219.75,,0.0,,707.0,
2024-06-26 02:00:00,11.0,25.0,1.4,8.35,5.6,3.0,8.4,0.2,,0.8,1.8,,,,,21.3,93.0,1.55,223.5,,0.0,,706.0,
2024-06-26 03:00:00,,,,,,,,,,,,,,,,,,,,,0.0,,,
2024-06-26 04:00:00,,,,,,,,,,,,,,,,,,,,,0.0,,,
2024-06-26 05:00:00,,,,,,,,,,,,,,,,,,,,,0.0,,,
2024-06-26 06:00:00,,,,,,,,,,,,,,,,,,,,,0.0,,,
2024-06-26 07:00:00,20.0,43.0,,,,,,,,,,,,,,20.7,,,,,0.0,,,
2024-06-26 08:00:00,,,,,,,,,,,,,,,,,,,,,0.0,,,
2024-06-26 09:00:00,11.0,61.0,1.0,19.8,11.32,3.28,5.9,0.2,,0.55,1.25,,,,,21.5,86.75,2.0,225.25,,0.0,,708.0,
2024-06-26 10:00:00,10.0,66.75,1.35,16.52,9.9,3.38,8.7,0.2,,0.85,1.88,,,,,23.15,81.5,2.2,221.5,,0.0,,707.25,
2024-06-26 11:00:00,7.0,94.5,1.48,15.82,9.62,3.5,8.65,0.12,,0.82,1.88,,,,,24.32,73.0,2.58,229.25,,0.0,,707.0,
2024-06-26 12:00:00,7.5,138.5,1.17,15.77,9.33,3.33,6.52,0.19,,0.62,1.42,,,,,25.68,71.5,2.45,227.75,,0.0,,706.75,
2024-06-26 13:00:00,10.25,149.75,,,,,5.2,0.41,,0.5,1.1,,,,,26.1,67.25,2.1,232.0,,0.0,,706.0,
2024-06-26 14:00:00,14.5,68.25,,,,,,0.14,,,,,,,,26.78,65.5,2.0,226.25,,0.0,,706.0,
2024-06-26 15:00:00,20.0,64.0,,,,,,0.14,70.67,,,,,,,26.87,66.33,2.0,219.67,,0.0,,705.0,
2024-06-26 16:00:00,28.0,72.5,1.4,11.2,7.1,2.9,5.1,0.33,31.3,0.5,1.1,,,,,26.65,69.25,2.0,215.0,,0.0,,705.0,
2024-06-26 17:00:00,,76.0,1.5,11.15,7.15,3.02,7.38,0.33,18.97,0.72,1.6,,,,,26.45,76.75,1.92,202.25,,0.0,,705.5,
2024-06-26 18:00:00,9.0,77.5,1.52,14.5,8.95,3.18,9.98,0.59,11.54,1.0,2.15,,,,,24.98,87.0,1.38,208.5,,0.0,,706.75,
2024-06-26 19:00:00,8.75,59.5,1.08,16.68,9.72,3.28,10.95,0.63,6.01,1.1,2.38,,,,,23.5,91.25,1.6,205.0,,0.0,,707.5,
2024-06-26 20:00:00,10.25,46.75,1.25,14.68,8.8,3.12,10.95,0.48,2.58,1.08,2.38,,,,,22.7,95.0,1.65,210.0,,0.0,,708.25,
2024-06-26 21:00:00,14.25,48.0,1.27,13.48,8.18,3.28,11.92,0.37,19.2,1.15,2.58,,,,,22.02,96.25,1.58,210.75,,0.0,,709.0,
2024-06-26 22:00:00,6.25,43.5,1.2,12.1,7.42,3.18,11.4,0.33,19.36,1.1,2.48,,,,,21.75,97.5,1.65,212.0,,0.0,,709.0,
2024-06-26 23:00:00,6.5,36.25,1.23,10.02,6.32,2.95,12.15,0.46,22.04,1.2,2.62,,,,,21.55,98.0,1.62,216.25,,0.0,,709.0,
2024-06-27 00:00:00,5.5,27.25,1.15,8.42,5.4,2.98,10.37,0.42,12.8,1.0,2.27,,,,,21.42,98.0,1.62,217.25,,0.0,,708.5,
2024-06-27 01:00:00,6.5,27.5,1.2,8.05,5.28,2.95,8.02,0.25,12.82,0.8,1.72,,,,,21.48,98.0,1.8,221.5,,0.0,,708.0,
2024-06-27 02:00:00,5.0,35.0,1.17,7.1,4.73,3.0,7.7,0.3,11.38,0.77,1.67,,,,,21.4,98.0,1.83,223.33,,0.0,,707.0,
2024-06-27 03:00:00,,,,,,,,,,,,,,,,,,,,,0.0,,,
2024-06-27 04:00:00,,,,,,,,,,,,,,,,,,,,,0.0,,,
2024-06-27 05:00:00,,,,,,,,,,,,,,,,,,,,,0.0,,,
2024-06-27 06:00:00,6.0,37.0,,,,,,,,,,,,,,20.7,,,,,0.0,,,
2024-06-27 07:00:00,5.0,38.5,1.5,11.7,7.45,3.08,7.78,0.3,19.9,0.8,1.7,,,,,20.8,98.0,1.95,215.5,,0.0,,708.5,
2024-06-27 08:00:00,3.25,47.0,1.45,14.85,9.1,3.48,8.48,0.44,11.32,0.82,1.85,,,,,21.25,97.5,2.0,223.25,,0.0,,709.75,
2024-06-27 09:00:00,8.0,58.75,1.18,16.02,9.5,3.52,8.57,0.67,10.26,0.82,1.88,,,,,21.78,97.5,1.95,226.5,,0.0,,709.75,
2024-06-27 10:00:00,10.5,59.75,1.27,16.95,10.05,3.52,8.28,0.7,6.59,0.8,1.78,,,,,22.3,93.5,2.08,231.5,,0.0,,709.0,
2024-06-27 11:00:00,8.5,63.0,1.27,16.7,9.9,3.45,7.98,0.55,8.07,0.8,1.72,,,,,23.35,90.0,2.17,230.0,,0.0,,710.0,
2024-06-27 12:00:00,7.0,55.5,1.2,13.7,8.28,3.2,8.68,0.44,10.89,0.88,1.88,,,,,23.92,88.75,2.05,219.5,,0.0,,709.0,
2024-06-27 13:00:00,6.75,54.75,1.38,15.28,9.25,3.35,8.02,0.48,18.57,0.78,1.72,,,,,24.42,83.25,1.8,221.25,,0.0,,708.25,
2024-06-27 14:00:00,6.5,75.0,1.23,15.38,9.18,3.42,8.12,0.45,15.91,0.8,1.75,,,,,24.82,80.75,2.3,232.25,,0.0,,708.0,
2024-06-27 15:00:00,8.0,94.25,1.23,16.15,9.6,3.48,8.15,0.43,15.21,0.8,1.78,,,,,24.92,80.25,2.25,232.25,,0.0,,708.0,
2024-06-27 16:00:00,9.25,72.0,1.3,16.45,9.8,3.48,8.28,0.51,13.48,0.82,1.78,,,,,24.88,82.5,2.0,234.5,,0.0,,707.75,
2024-06-27 17:00:00,13.0,81.5,1.38,24.38,14.05,3.82,9.48,0.64,14.78,0.95,2.05,,,,,24.32,85.25,1.82,240.0,,0.0,,707.5,
2024-06-27 18:00:00,13.75,94.5,0.95,21.5,12.18,3.72,8.8,0.65,12.57,0.88,1.9,,,,,23.52,90.75,1.72,229.75,,0.0,,708.0,
2024-06-27 19:00:00,13.5,73.5,1.45,21.65,12.7,3.75,9.43,0.79,12.74,0.92,2.02,,,,,22.48,96.75,1.65,232.25,,0.0,,709.0,
2024-06-27 20:00:00,7.5,66.75,1.5,20.48,12.15,3.7,9.68,0.8,7.64,0.92,2.08,,,,,21.75,98.0,1.62,234.25,,0.0,,710.0,
2024-06-27 21:00:00,13.5,58.75,1.18,23.92,13.7,3.82,10.0,0.44,6.98,1.0,2.18,,,,,21.58,98.0,1.82,238.75,,0.0,,710.5,
2024-06-27 22:00:00,17.75,56.0,1.18,19.58,11.4,3.7,9.2,0.27,7.57,0.92,2.0,,,,,21.5,98.0,1.45,231.75,,0.0,,710.5,
2024-06-27 23:00:00,17.75,58.25,1.02,13.92,8.25,3.3,9.1,0.12,14.69,0.9,1.98,,,,,21.48,98.0,1.4,230.75,,0.0,,711.0,
2024-06-28 00:00:00,19.25,54.0,1.32,10.02,6.4,3.18,8.9,0.02,9.5,0.87,1.93,,,,,21.38,98.0,1.23,225.0,,0.0,,710.25,
2024-06-28 01:00:00,15.5,48.25,1.25,8.57,5.58,2.95,7.43,0.32,14.27,0.72,1.6,,,,,21.22,98.0,1.25,217.75,,0.0,,709.75,
2024-06-28 02:00:00,10.25,47.0,1.2,8.2,5.35,3.02,7.35,0.28,10.72,0.72,1.6,,,,,20.98,98.0,1.25,224.25,,0.0,,709.25,
2024-06-28 03:00:00,7.25,40.5,1.23,7.92,5.2,2.98,7.45,0.04,13.03,0.72,1.62,,,,,20.85,98.0,1.25,225.5,,0.0,,709.0,
2024-06-28 04:00:00,4.0,37.75,1.48,8.12,5.45,2.92,7.4,0.08,11.1,0.72,1.62,,,,,20.68,98.0,1.2,226.75,,0.0,,709.0,
2024-06-28 05:00:00,2.0,35.5,1.3,10.15,6.48,3.12,6.85,0.3,9.07,0.65,1.5,,,,,20.6,98.0,1.27,205.5,,0.0,,709.5,
2024-06-28 06:00:00,6.0,42.75,1.25,12.08,7.48,3.2,6.8,0.35,10.22,0.68,1.48,,,,,20.6,98.0,1.38,217.25,,0.0,,710.0,
2024-06-28 07:00:00,9.75,53.25,1.23,13.52,8.18,3.28,7.28,0.4,8.06,0.7,1.58,,,,,20.7,98.0,1.38,214.25,,0.0,,711.0,
2024-06-28 08:00:00,16.0,63.75,1.48,15.3,9.3,3.32,7.2,0.54,9.99,0.68,1.58,,,,,21.28,98.0,1.5,216.5,,0.0,,711.0,
2024-06-28 09:00:00,26.5,78.75,1.23,16.65,9.82,3.28,7.35,0.6,9.71,0.7,1.58,,,,,22.55,93.75,1.8,221.25,,0.0,,711.0,
2024-06-28 10:00:00,20.0,90.0,1.05,18.2,10.52,3.48,8.2,0.54,12.13,0.8,1.78,,,,,24.28,85.75,2.0,235.25,,0.0,,711.0,
2024-06-28 11:00:00,14.0,88.0,1.25,17.75,10.48,3.45,7.42,0.41,12.75,0.72,1.6,,,,,25.52,83.5,1.62,223.0,,0.0,,710.25,
2024-06-28 12:00:00,12.75,83.25,1.2,18.25,10.68,3.6,7.75,0.4,9.39,0.78,1.68,,,,,26.2,79.5,1.85,223.5,,0.0,,709.5,
2024-06-28 13:00:00,9.0,82.5,1.15,15.42,9.15,3.38,7.12,0.33,14.72,0.7,1.52,,,,,27.35,77.25,1.98,214.25,,0.0,,708.5,
2024-06-28 14:00:00,9.0,65.0,1.23,9.93,6.3,3.0,6.75,0.25,11.86,0.65,1.45,,,,,28.08,79.75,2.15,185.25,,0.0,,708.0,
2024-06-28 15:00:00,8.5,54.5,1.3,8.98,5.85,3.05,8.0,0.25,17.24,0.8,1.72,,,,,28.15,78.0,1.92,205.5,,0.0,,707.25,
2024-06-28 16:00:00,10.25,62.75,1.4,12.7,7.9,3.22,7.6,0.48,12.26,0.72,1.65,,,,,28.33,81.5,1.52,209.75,,0.0,,707.0,
2024-06-28 17:00:00,19.5,67.75,1.48,17.88,10.72,3.62,8.22,0.64,6.95,0.8,1.78,,,,,26.72,95.25,1.3,221.5,,0.0,,707.75,
2024-06-28 18:00:00,16.75,48.5,1.18,23.42,13.4,3.82,8.35,0.86,8.48,0.8,1.8,,,,,24.3,97.75,0.88,223.0,,0.0,,708.25,
2024-06-28 19:00:00,14.75,53.0,1.27,24.08,13.85,3.9,8.3,0.82,9.28,0.8,1.8,,,,,23.92,96.25,1.05,211.0,,0.0,,709.0,
2024-06-28 20:00:00,18.5,72.75,1.12,23.68,13.52,3.78,8.65,0.8,7.99,0.82,1.88,,,,,23.65,98.0,1.25,225.25,,0.0,,710.0,
2024-06-28 21:00:00,14.0,76.5,1.18,20.48,11.82,3.55,8.35,0.47,10.1,0.82,1.8,,,,,23.42,98.0,1.23,212.5,,0.0,,710.25,
2024-06-28 22:00:00,13.5,74.0,1.38,14.88,9.0,3.3,8.38,0.27,9.07,0.82,1.82,,,,,23.05,98.0,1.32,226.0,,0.0,,711.0,
2024-06-28 23:00:00,12.25,82.5,1.12,16.5,9.7,3.38,8.1,0.2,15.03,0.8,1.75,,,,,22.48,98.0,1.32,230.0,,0.0,,710.75,
2024-06-29 00:00:00,13.75,95.0,0.92,16.38,9.43,3.3,9.0,0.12,9.64,0.87,1.93,,,,,21.98,98.0,1.27,238.25,,0.0,,710.0,
2024-06-29 01:00:00,15.5,107.5,1.33,10.38,6.6,2.98,10.42,0.6,12.99,1.0,2.25,,,,,21.5,98.0,1.27,219.0,,0.0,,710.0,
2024-06-29 02:00:00,15.5,99.0,1.4,9.0,5.88,2.98,9.65,0.67,9.8,0.92,2.1,,,,,21.12,98.0,1.2,214.5,,0.0,,709.5,
2024-06-29 03:00:00,19.5,94.0,1.35,9.2,6.02,2.95,9.95,0.57,10.35,0.98,2.12,,,,,20.82,98.0,1.25,225.25,,0.0,,709.0,
2024-06-29 04:00:00,15.25,86.75,1.2,9.28,5.92,3.08,9.68,0.53,10.33,0.92,2.1,,,,,20.62,98.0,1.18,213.75,,0.0,,709.5,
2024-06-29 05:00:00,7.0,79.75,1.27,10.65,6.72,3.18,9.5,0.12,10.11,0.9,2.08,,,,,20.68,98.0,1.38,212.25,,0.0,,710.0,
2024-06-29 06:00:00,8.5,76.25,1.27,11.55,7.18,3.25,9.82,0.26,11.03,0.95,2.12,,,,,20.6,98.0,1.45,212.5,,0.0,,710.5,
2024-06-29 07:00:00,13.75,90.75,1.42,12.9,8.02,3.35,9.68,0.5,9.44,0.95,2.08,,,,,20.72,98.0,1.1,211.5,,0.0,,711.0,
2024-06-29 08:00:00,15.0,81.25,1.32,13.75,8.38,3.4,10.48,0.47,10.15,1.02,2.25,,,,,21.4,98.0,1.45,223.0,,0.0,,711.25,
2024-06-29 09:00:00,13.75,95.5,1.32,14.52,8.78,3.38,10.25,0.58,10.38,1.02,2.22,,,,,22.7,98.0,1.48,230.75,,0.0,,712.0,
2024-06-29 10:00:00,17.75,108.75,1.4,16.08,9.68,3.28,10.88,0.56,12.19,1.08,2.35,,,,,24.25,95.75,1.55,234.25,,0.0,,711.5,
2024-06-29 11:00:00,13.25,110.5,1.32,16.55,9.88,3.5,10.25,0.54,10.82,1.0,2.22,,,,,25.52,92.5,1.85,245.25,,0.0,,710.75,
2024-06-29 12:00:00,13.0,117.33,1.35,18.03,10.7,3.5,10.65,0.41,12.69,1.05,2.3,,,,,26.5,89.25,1.78,234.25,,0.0,,710.0,
2024-06-29 13:00:00,17.25,111.25,1.32,15.75,9.45,3.48,10.58,0.54,12.44,1.05,2.25,,,,,27.3,86.75,1.9,237.25,,0.0,,709.5,
2024-06-29 14:00:00,11.75,94.5,1.2,15.25,9.1,3.45,11.45,0.54,12.91,1.1,2.48,,,,,28.12,84.25,1.9,223.75,,0.0,,709.0,
2024-06-29 15:00:00,10.5,90.5,1.35,16.5,9.9,3.58,11.12,0.55,14.88,1.08,2.4,,,,,28.95,82.0,1.78,229.25,,0.0,,708.25,
2024-06-29 16:00:00,11.5,101.25,1.27,16.52,9.85,3.52,10.55,0.57,14.94,1.02,2.25,,,,,29.25,83.25,1.52,224.25,,0.0,,708.0,
2024-06-29 17:00:00,17.25,100.75,1.45,16.9,10.18,3.48,10.62,0.46,13.84,1.05,2.28,,,,,28.48,87.0,1.82,230.25,,0.0,,708.5,
2024-06-29 18:00:00,13.5,103.25,1.35,20.55,12.02,3.88,10.8,0.7,7.75,1.05,2.35,,,,,27.22,92.75,1.88,243.0,,0.0,,709.25,
2024-06-29 19:00:00,17.0,111.25,1.12,20.88,11.98,3.85,10.85,0.75,7.84,1.05,2.32,,,,,25.92,98.0,1.35,229.75,,0.0,,710.0,
2024-06-29 20:00:00,15.0,82.5,1.27,22.4,12.98,3.82,10.65,0.83,9.14,1.02,2.3,,,,,24.42,98.0,1.5,233.5,,0.0,,711.0,
2024-06-29 21:00:00,16.75,92.0,1.18,20.6,11.92,3.78,10.42,0.52,7.68,1.0,2.22,,,,,24.1,98.0,1.35,233.0,,0.0,,712.0,
2024-06-29 22:00:00,12.5,83.25,1.12,17.23,10.1,3.48,10.4,0.41,8.38,1.0,2.25,,,,,23.65,98.0,1.35,228.75,,0.0,,712.0,
2024-06-29 23:00:00,11.0,64.75,1.25,13.5,8.18,3.38,10.82,0.26,10.6,1.05,2.33,,,,,23.1,98.0,1.25,229.25,,0.0,,712.0,
2024-06-30 00:00:00,12.5,61.25,1.27,10.48,6.62,3.15,9.33,0.19,9.57,0.9,2.03,,,,,22.72,98.0,1.27,225.75,,0.0,,711.75,
2024-06-30 01:00:00,17.0,61.5,1.35,9.15,6.0,3.18,8.7,0.32,8.73,0.82,1.9,,,,,22.35,98.0,1.38,223.75,,0.0,,710.5,
2024-06-30 02:00:00,16.0,58.5,1.25,9.18,5.9,3.15,8.77,0.31,16.25,0.82,1.92,,,,,21.82,98.0,1.4,227.75,,0.0,,710.0,
2024-06-30 03:00:00,13.0,54.0,1.1,8.72,5.52,3.1,8.68,0.28,14.41,0.85,1.88,,,,,21.52,98.0,1.35,212.75,,0.0,,710.0,
2024-06-30 04:00:00,12.5,56.25,1.3,8.65,5.68,2.95,8.52,0.3,15.13,0.8,1.85,,,,,21.25,98.0,1.45,226.0,,0.0,,710.0,
2024-06-30 05:00:00,9.75,60.5,1.3,9.85,6.3,3.18,8.52,0.4,16.36,0.8,1.82,,,,,21.1,98.0,1.3,223.75,,0.0,,710.5,
2024-06-30 06:00:00,7.25,57.75,1.25,12.35,7.58,3.32,8.62,0.44,15.33,0.85,1.85,,,,,21.12,98.0,1.25,220.0,,0.0,,711.0,
2024-06-30 07:00:00,11.0,70.25,1.23,12.3,7.52,3.2,8.75,0.44,13.79,0.82,1.9,,,,,21.28,98.0,1.38,219.5,,0.0,,711.75,
2024-06-30 08:00:00,12.5,64.0,1.3,11.5,7.18,3.2,8.57,0.44,16.83,0.82,1.88,,,,,21.65,98.0,1.58,215.25,,0.0,,712.5,
2024-06-30 09:00:00,16.75,68.5,1.2,12.3,7.5,3.3,8.72,0.45,10.7,0.85,1.9,,,,,22.38,98.0,1.35,227.25,,0.0,,713.0,
2024-06-30 10:00:00,15.5,84.0,1.3,13.85,8.4,3.45,9.15,0.41,9.55,0.9,1.98,,,,,23.42,98.0,1.52,213.0,,0.0,,712.0,
2024-06-30 11:00:00,14.5,67.33,1.2,12.05,7.38,3.28,9.07,0.38,10.07,0.9,1.95,,,,,24.4,98.0,1.7,226.5,,0.0,,712.0,
2024-06-30 12:00:00,16.0,79.75,1.48,14.75,9.05,3.38,9.82,0.42,13.78,0.98,2.1,,,,,25.12,98.0,1.72,226.5,,0.0,,712.0,
2024-06-30 13:00:00,16.0,92.75,1.23,14.45,8.7,3.32,9.48,0.53,11.06,0.92,2.05,,,,,25.78,98.0,1.8,237.75,,0.0,,711.0,
2024-06-30 14:00:00,16.0,95.75,1.25,14.95,8.95,3.42,9.55,0.54,13.55,0.92,2.08,,,,,26.78,98.0,1.6,242.75,,0.0,,710.0,
2024-06-30 15:00:00,16.25,86.5,1.18,14.88,8.82,3.35,9.15,0.54,12.52,0.88,1.98,,,,,27.2,98.0,1.45,227.0,,0.0,,709.5,
2024-06-30 16:00:00,15.75,73.0,1.3,15.1,9.07,3.48,9.3,0.63,9.6,0.9,2.0,,,,,26.48,98.0,1.3,228.0,,0.0,,709.0,
2024-06-30 17:00:00,12.0,57.0,1.15,15.95,9.43,3.58,9.2,0.48,9.1,0.9,1.98,,,,,25.15,98.0,1.23,226.75,,0.0,,709.25,
2024-06-30 18:00:00,10.75,61.5,1.18,15.2,9.05,3.45,9.28,0.46,9.56,0.9,2.02,,,,,24.88,98.0,1.3,224.0,,0.0,,710.25,
2024-06-30 19:00:00,7.0,55.75,1.1,16.52,9.7,3.5,9.1,0.48,9.77,0.9,1.98,,,,,24.32,98.0,1.38,202.75,,0.0,,711.25,
2024-06-30 20:00:00,8.25,52.5,1.23,12.5,7.68,3.32,9.02,0.38,9.31,0.9,1.92,,,,,23.55,98.0,1.27,199.0,,0.0,,712.25,
2024-06-30 21:00:00,12.5,52.5,1.25,11.7,7.25,3.25,9.22,0.38,9.32,0.9,2.0,,,,,22.75,98.0,1.48,219.25,,0.0,,712.5,
2024-06-30 22:00:00,12.5,50.75,1.45,12.32,7.75,3.3,9.0,0.47,8.82,0.9,1.92,,,,,22.58,98.0,1.35,229.75,,0.0,,713.0,
2024-06-30 23:00:00,8.0,59.0,1.33,14.27,8.67,3.43,9.4,0.45,9.3,0.93,2.03,,,,,22.5,98.0,1.17,226.0,,0.0,,713.0,
2024-07-01 00:00:00,12.5,55.25,1.23,9.1,5.82,3.1,8.73,0.3,17.08,0.87,1.87,,,,,22.22,98.0,1.3,207.25,,0.0,,712.25,
2024-07-01 01:00:00,7.25,38.0,1.3,7.65,5.15,2.98,8.12,0.31,10.61,0.8,1.78,,,,,21.95,98.0,1.38,231.0,,0.0,,711.25,
2024-07-01 02:00:00,5.75,37.0,1.38,6.6,4.62,3.0,8.12,0.27,11.14,0.8,1.78,,,,,21.75,98.0,1.58,223.25,,0.0,,710.75,
2024-07-01 03:00:00,,,,,,,,,,,,,,,,,,,,,0.0,,,
2024-07-01 04:00:00,,,,,,,,,,,,,,,,,,,,,0.0,,,
2024-07-01 05:00:00,,,,,,,,,,,,,,,,,,,,,0.0,,,
2024-07-01 06:00:00,,,,,,,,,,,,,,,,,,,,,0.0,,,
2024-07-01 07:00:00,,,,,,,,,,,,,,,,,,,,,0.0,,,
2024-07-01 08:00:00,,,,,,,,,,,,,,,,,,,,,0.0,,,
2024-07-01 09:00:00,14.33,73.67,1.55,22.2,13.1,3.9,9.7,0.8,11.96,0.95,2.1,,,,,21.97,98.0,1.35,225.0,,0.0,,712.0,
2024-07-01 10:00:00,11.25,82.75,1.2,19.0,11.08,3.7,9.57,0.55,6.48,0.92,2.08,,,,,22.72,98.0,1.55,217.5,,0.0,,712.0,
2024-07-01 11:00:00,10.75,69.75,1.23,19.02,11.12,3.72,10.42,0.54,15.37,1.0,2.25,,,,,23.78,98.0,1.78,236.0,,0.0,,711.75,
2024-07-01 12:00:00,6.75,87.75,1.15,21.1,12.18,3.7,9.77,0.5,9.96,0.95,2.12,,,,,25.05,98.0,1.58,235.5,,0.0,,711.0,
2024-07-01 13:00:00,6.25,87.25,1.18,17.68,10.35,3.62,8.68,0.41,13.77,0.85,1.88,,,,,25.52,98.0,1.85,223.75,,0.0,,710.25,
2024-07-01 14:00:00,9.25,82.0,1.62,19.02,11.42,3.82,8.6,0.5,15.86,0.82,1.85,,,,,25.72,98.0,1.72,229.25,,0.0,,709.25,
2024-07-01 15:00:00,14.75,86.0,1.23,13.5,8.2,3.42,8.55,0.36,13.46,0.85,1.85,,,,,26.22,98.0,1.8,223.25,,0.0,,709.0,
2024-07-01 16:00:00,13.25,68.25,1.23,13.45,8.12,3.22,8.18,0.32,8.34,0.8,1.75,,,,,26.48,98.0,1.65,206.0,,0.0,,709.0,
2024-07-01 17:00:00,20.0,55.75,1.38,14.95,9.07,3.5,8.8,0.56,13.37,0.88,1.9,,,,,25.48,98.0,1.32,203.75,,0.0,,709.25,
2024-07-01 18:00:00,16.25,47.0,1.27,17.23,10.2,3.48,9.07,0.66,18.4,0.85,1.98,,,,,23.55,98.0,1.45,214.5,,0.0,,710.5,
2024-07-01 19:00:00,6.0,50.0,1.52,20.68,12.25,3.82,9.75,0.82,9.8,0.95,2.1,,,,,23.17,98.0,1.4,231.5,,0.0,,711.75,
2024-07-01 20:00:00,8.75,31.0,1.15,21.75,12.5,3.82,9.7,0.82,10.36,0.92,2.1,,,,,22.5,98.0,1.18,227.5,,0.0,,712.0,
2024-07-01 21:00:00,7.75,61.75,1.23,19.05,11.15,3.68,9.57,0.51,10.62,0.9,2.05,,,,,22.45,98.0,1.48,232.25,,0.0,,712.75,
2024-07-01 22:00:00,8.25,78.5,1.3,15.1,9.1,3.4,9.1,0.41,9.93,0.9,1.95,,,,,22.2,98.0,1.32,232.0,,0.0,,712.5,
2024-07-01 23:00:00,11.25,67.25,1.25,13.52,8.22,3.32,9.02,0.38,11.88,0.9,1.98,,,,,21.82,98.0,1.18,229.75,,0.0,,712.0,
2024-07-02 00:00:00,9.75,68.5,1.3,11.32,7.08,3.22,9.27,0.32,10.95,0.9,2.0,,,,,21.58,98.0,1.4,244.25,,0.0,,711.0,
2024-07-02 01:00:00,11.25,74.25,1.3,9.62,6.15,3.15,9.45,0.42,10.34,0.92,2.02,,,,,21.48,98.0,1.23,239.0,,0.0,,710.0,
2024-07-02 02:00:00,8.25,57.0,1.32,9.05,5.88,3.08,9.28,0.44,10.88,0.9,2.0,,,,,21.32,98.0,1.45,232.5,,0.0,,709.75,
2024-07-02 03:00:00,6.0,48.0,1.4,7.9,5.35,2.95,9.45,0.42,9.27,0.9,2.05,,,,,21.1,98.0,1.15,227.5,,0.0,,709.0,
2024-07-02 04:00:00,,,,,,,,,,,,,,,,,,,,,0.0,,,
2024-07-02 05:00:00,,,,,,,,,,,,,,,,,,,,,0.0,,,
2024-07-02 06:00:00,8.0,54.0,1.3,13.8,8.4,3.5,10.8,0.39,9.18,1.0,2.3,,,,,20.8,98.0,1.2,206.0,,0.0,,710.0,
2024-07-02 07:00:00,7.25,59.5,1.23,14.75,8.85,3.52,9.95,0.41,9.58,0.95,2.15,,,,,20.92,98.0,1.3,204.0,,0.0,,710.0,
2024-07-02 08:00:00,7.25,61.5,1.38,15.6,9.45,3.55,10.12,0.55,9.62,1.0,2.18,,,,,21.48,98.0,1.32,216.75,,0.0,,711.0,
2024-07-02 09:00:00,5.25,65.75,1.18,17.98,10.52,3.58,10.42,0.58,8.44,1.0,2.25,,,,,22.22,98.0,1.55,215.5,,0.0,,711.0,
2024-07-02 10:00:00,6.25,78.0,1.18,15.78,9.35,3.52,10.38,0.52,12.77,1.0,2.22,,,,,23.5,98.0,2.0,229.5,,0.0,,711.0,
2024-07-02 11:00:00,8.5,92.0,1.38,17.18,10.23,3.75,10.42,0.48,13.0,1.0,2.25,,,,,25.42,98.0,1.9,234.25,,0.0,,710.75,
2024-07-02 12:00:00,12.75,98.75,1.32,21.15,12.32,3.78,10.65,0.49,6.59,1.0,2.3,,,,,26.08,98.0,2.05,250.0,,0.0,,710.0,
2024-07-02 13:00:00,11.0,100.0,1.08,18.73,10.85,3.65,10.42,0.47,13.76,1.0,2.25,,,,,27.2,98.0,2.28,240.0,,0.0,,709.0,
2024-07-02 14:00:00,10.0,96.75,1.25,19.6,11.45,3.75,10.45,0.54,11.46,1.0,2.28,,,,,27.72,98.0,2.4,248.5,,0.0,,708.75,
2024-07-02 15:00:00,14.25,90.25,1.25,15.7,9.38,3.45,9.93,0.42,11.09,0.95,2.17,,,,,26.78,98.0,2.05,233.5,,0.0,,708.0,
2024-07-02 16:00:00,9.0,73.75,1.2,15.65,9.32,3.45,10.55,0.49,10.36,1.0,2.3,,,,,27.52,98.0,1.7,216.0,,0.0,,707.5,
2024-07-02 17:00:00,10.25,83.75,1.52,16.38,9.93,3.55,10.05,0.46,15.86,0.95,2.17,,,,,27.95,98.0,1.78,232.75,,0.0,,708.0,
2024-07-02 18:00:00,13.75,106.75,1.55,22.15,13.02,3.98,10.4,0.58,11.92,1.0,2.25,,,,,26.98,98.0,1.95,234.75,,0.0,,708.75,
2024-07-02 19:00:00,12.0,105.75,1.38,21.78,12.7,3.82,10.65,0.69,9.42,1.05,2.33,,,,,25.98,98.0,1.42,234.75,,0.0,,709.25,
2024-07-02 20:00:00,10.0,100.0,1.23,20.52,11.92,3.75,10.35,0.6,10.4,1.0,2.25,,,,,24.85,98.0,1.58,231.75,,0.0,,710.0,
2024-07-02 21:00:00,14.25,84.75,1.4,19.62,11.58,3.78,10.22,0.47,9.99,0.98,2.22,,,,,24.28,98.0,1.7,235.0,,0.0,,711.0,
2024-07-02 22:00:00,18.0,84.0,1.02,16.48,9.62,3.8,10.4,0.37,8.85,1.0,2.22,,,,,23.78,98.0,1.48,238.75,,0.0,,711.0,
2024-07-02 23:00:00,17.0,78.25,1.23,13.1,7.98,3.45,9.88,0.27,8.0,0.95,2.15,,,,,23.25,98.0,1.12,227.75,,0.0,,711.0,
2024-07-03 00:00:00,13.25,58.0,1.32,10.62,6.72,3.15,9.33,0.24,10.67,0.9,2.0,,,,,22.62,98.0,1.32,237.75,,0.0,,710.0,
2024-07-03 01:00:00,10.5,47.0,1.1,8.75,5.55,3.1,7.72,0.28,10.52,0.75,1.68,,,,,22.0,98.0,1.35,234.5,,0.0,,709.75,
2024-07-03 02:00:00,9.0,41.25,1.12,8.15,5.28,2.98,7.82,0.26,11.23,0.75,1.7,,,,,21.65,98.0,1.23,219.75,,0.0,,709.0,
2024-07-03 03:00:00,9.5,50.0,1.15,8.3,5.35,3.1,8.02,0.26,9.28,0.8,1.72,,,,,21.5,98.0,1.02,214.75,,0.0,,709.0,
2024-07-03 04:00:00,10.25,70.0,1.25,9.08,5.82,3.18,7.9,0.28,9.39,0.78,1.72,,,,,21.48,98.0,1.25,221.0,,0.0,,709.5,
2024-07-03 05:00:00,9.0,59.0,1.23,10.95,6.8,3.28,7.62,0.35,10.77,0.72,1.62,,,,,21.35,98.0,1.1,228.0,,0.0,,710.0,
2024-07-03 06:00:00,10.75,61.5,1.4,13.22,8.15,3.38,8.55,0.39,10.14,0.8,1.85,,,,,21.18,98.0,1.25,219.5,,0.0,,710.75,
2024-07-03 07:00:00,6.75,62.25,1.12,13.1,7.92,3.3,7.95,0.4,10.49,0.8,1.72,,,,,21.25,98.0,1.52,215.75,,0.0,,711.0,
2024-07-03 08:00:00,6.75,69.5,1.3,13.68,8.35,3.35,8.32,0.46,11.28,0.82,1.8,,,,,22.02,98.0,1.68,223.25,,0.0,,711.25,
2024-07-03 09:00:00,9.5,73.0,1.4,13.12,8.07,3.3,8.72,0.49,12.38,0.85,1.88,,,,,23.28,98.0,1.85,213.75,,0.0,,712.0,
2024-07-03 10:00:00,12.25,79.75,1.32,14.8,8.95,3.4,8.93,0.56,10.79,0.88,1.92,,,,,24.4,98.0,1.95,222.0,,0.0,,712.0,
2024-07-03 11:00:00,14.75,85.0,1.25,15.6,9.32,3.5,9.2,0.46,11.51,0.9,1.98,,,,,25.8,98.0,2.0,229.0,,0.0,,711.0,
2024-07-03 12:00:00,11.75,98.25,1.27,17.23,10.2,3.68,8.88,0.42,12.57,0.85,1.92,,,,,27.42,98.0,1.88,222.0,,0.0,,710.5,
2024-07-03 13:00:00,13.5,104.5,1.4,17.02,10.2,3.8,9.43,0.26,14.1,0.9,2.02,,,,,27.98,98.0,2.03,227.25,,0.0,,709.25,
2024-07-03 14:00:00,15.75,80.25,1.28,16.82,9.98,3.62,9.2,0.24,9.88,0.9,2.0,,,,,27.9,98.0,1.8,255.25,,0.0,,709.0,
2024-07-03 15:00:00,23.0,74.75,1.3,18.67,11.02,3.98,8.88,0.32,16.98,0.85,1.92,,,,,26.45,98.0,1.8,244.25,,0.0,,708.25,
2024-07-03 16:00:00,10.25,97.75,1.25,16.8,9.95,3.58,8.98,0.24,15.71,0.88,1.95,,,,,27.6,98.0,1.72,231.75,,0.0,,708.0,
2024-07-03 17:00:00,10.75,97.5,1.32,24.05,13.88,4.18,9.35,0.5,9.53,0.9,2.02,,,,,27.6,98.0,2.35,265.5,,0.0,,708.5,
2024-07-03 18:00:00,19.25,117.25,1.6,22.92,13.5,4.18,9.38,0.63,7.41,0.92,2.02,,,,,25.78,98.0,2.12,290.75,,0.0,,710.25,
2024-07-03 19:00:00,21.25,78.0,1.48,27.65,15.88,4.72,9.7,0.94,7.34,0.95,2.1,,,,,22.88,98.0,1.08,254.0,,0.0,,711.0,
2024-07-03 20:00:00,25.5,38.0,1.35,24.42,14.1,4.68,9.9,0.74,6.23,0.95,2.17,,,,,22.45,98.0,0.75,209.0,,0.0,,711.75,
2024-07-03 21:00:00,22.5,36.25,1.23,21.32,12.35,3.85,9.32,0.53,9.64,0.9,2.02,,,,,22.28,98.0,1.08,214.0,,0.0,,712.0,
2024-07-03 22:00:00,8.75,44.5,1.08,18.1,10.52,3.6,9.4,0.38,10.04,0.9,2.05,,,,,22.2,98.0,1.55,232.5,,0.0,,712.0,
2024-07-03 23:00:00,7.75,57.75,1.42,17.27,10.38,3.7,9.02,0.3,9.43,0.88,1.98,,,,,22.18,98.0,1.38,227.75,,0.0,,712.0,
2024-07-04 00:00:00,8.25,56.0,1.18,11.28,6.95,3.2,7.5,0.1,10.68,0.73,1.63,,,,,22.02,98.0,1.62,227.5,,0.0,,711.5,
2024-07-04 01:00:00,12.25,53.75,1.32,12.1,7.5,3.18,6.85,0.28,10.68,0.68,1.48,,,,,21.7,98.0,1.68,227.75,,0.0,,711.0,
2024-07-04 02:00:00,11.75,58.75,1.23,8.02,5.28,2.88,6.82,0.24,10.66,0.68,1.48,,,,,21.35,98.0,1.38,231.0,,0.0,,710.5,
2024-07-04 03:00:00,7.75,67.5,1.27,8.25,5.45,2.95,6.7,0.29,10.5,0.68,1.42,,,,,21.18,98.0,1.48,241.75,,0.0,,710.0,
2024-07-04 04:00:00,6.5,69.0,1.35,9.8,6.32,3.15,7.08,0.26,10.87,0.68,1.52,,,,,21.05,98.0,1.48,233.0,,0.0,,710.0,
2024-07-04 05:00:00,6.5,69.0,1.35,12.5,7.75,3.2,7.15,0.36,8.22,0.7,1.55,,,,,20.9,98.0,1.58,234.25,,0.0,,710.5,
2024-07-04 06:00:00,11.5,,1.3,13.7,8.32,3.3,6.7,0.41,10.99,0.65,1.45,,,,,20.9,98.0,1.32,231.75,,0.0,,711.25,
2024-07-04 07:00:00,14.75,,1.32,20.55,12.02,3.98,7.38,0.51,10.26,0.7,1.6,,,,,21.02,98.0,1.5,242.75,,0.0,,712.0,
2024-07-04 08:00:00,18.5,,1.05,22.35,12.72,4.0,7.2,0.71,9.46,0.72,1.52,,,,,21.6,98.0,1.5,237.0,,0.0,,712.75,
2024-07-04 09:00:00,15.5,,1.32,24.92,14.32,4.15,6.88,0.84,9.0,0.68,1.45,,,,,22.42,98.0,1.62,236.25,,0.0,,713.0,
2024-07-04 10:00:00,20.5,,1.3,24.08,13.85,4.03,6.82,0.76,8.32,0.68,1.5,,,,,23.45,98.0,1.88,248.75,,0.0,,713.0,
2024-07-04 11:00:00,19.25,,1.08,26.28,14.85,4.22,7.2,0.58,9.73,0.7,1.55,,,,,24.8,98.0,2.08,261.25,,0.0,,712.25,
2024-07-04 12:00:00,12.25,,1.18,25.85,14.7,4.2,7.12,0.53,13.61,0.7,1.55,,,,,26.07,98.0,2.0,264.25,,0.0,,711.0,
2024-07-04 13:00:00,15.0,145.0,1.15,23.6,13.5,3.95,7.25,0.44,14.9,0.7,1.58,,,,,27.1,98.0,2.08,247.25,,0.0,,710.75,
2024-07-04 14:00:00,14.5,139.0,1.38,22.6,13.18,4.0,7.2,0.34,13.3,0.7,1.58,,,,,27.82,98.0,1.8,230.0,,0.0,,710.0,
2024-07-04 15:00:00,22.0,117.5,1.58,28.55,16.45,4.28,7.72,0.38,13.03,0.75,1.68,,,,,27.45,98.0,1.68,231.25,,0.0,,709.25,
2024-07-04 16:00:00,20.0,107.25,0.95,27.75,15.52,4.18,7.95,0.4,11.85,0.78,1.72,,,,,27.88,98.0,1.55,236.25,,0.0,,709.0,
2024-07-04 17:00:00,14.75,117.0,1.3,28.62,16.27,4.38,9.85,0.57,9.9,0.98,2.15,,,,,27.75,98.0,1.92,269.5,,0.0,,709.0,
2024-07-04 18:00:00,18.25,150.5,1.33,28.93,16.5,4.07,10.4,0.82,20.07,1.0,2.23,,,,,27.33,91.5,1.83,243.33,,0.0,,709.33,
2024-07-04 19:00:00,22.5,164.5,1.25,30.25,17.12,4.18,11.12,0.86,12.48,1.08,2.4,,,,,26.2,50.67,1.3,245.0,,0.0,,711.0,
2024-07-04 20:00:00,23.75,140.75,1.38,27.2,15.6,3.82,11.2,0.68,11.37,1.1,2.42,,,,,25.15,48.5,1.48,236.25,,0.0,,711.5,
2024-07-04 21:00:00,22.25,115.75,1.35,29.2,16.62,4.1,11.5,0.51,10.55,1.1,2.5,,,,,24.45,51.0,1.18,226.0,,0.0,,712.0,
2024-07-04 22:00:00,19.25,100.5,1.08,27.32,15.42,3.97,10.7,0.36,11.21,1.05,2.33,,,,,23.58,54.5,1.25,226.25,,0.0,,712.0,
2024-07-04 23:00:00,14.25,77.25,0.98,15.1,8.82,3.35,9.38,0.29,11.7,0.9,2.02,,,,,23.08,56.25,1.32,223.75,,0.0,,712.0,
2024-07-05 00:00:00,6.5,57.5,1.27,10.3,6.48,2.98,10.4,0.19,13.12,1.0,2.23,,,,,22.58,57.0,1.35,222.5,,0.0,,711.5,
2024-07-05 01:00:00,9.25,58.75,1.38,8.28,5.48,2.88,10.42,0.32,12.21,1.0,2.25,,,,,22.08,57.5,1.32,220.25,,0.0,,710.5,
2024-07-05 02:00:00,11.75,52.25,1.32,7.1,4.88,2.82,10.25,0.36,12.4,1.0,2.22,,,,,21.58,59.5,1.3,209.75,,0.0,,710.0,
2024-07-05 03:00:00,7.75,39.25,1.08,7.25,4.78,2.9,10.62,0.35,11.46,1.02,2.28,,,,,21.12,61.25,1.12,216.0,,0.0,,710.0,
2024-07-05 04:00:00,8.5,51.0,1.2,7.98,5.25,2.88,10.15,0.36,11.92,1.0,2.2,,,,,20.88,62.0,1.38,220.25,,0.0,,710.0,
2024-07-05 05:00:00,12.75,50.5,1.55,18.12,10.9,3.05,11.15,0.38,10.78,1.1,2.42,,,,,20.78,62.25,1.1,217.5,,0.0,,710.0,
2024-07-05 06:00:00,13.0,61.5,1.25,28.48,16.15,3.9,12.05,0.42,10.78,1.15,2.6,,,,,20.75,63.25,1.25,220.5,,0.0,,710.75,
2024-07-05 07:00:00,15.25,72.0,1.15,22.75,13.0,3.78,11.65,0.47,10.98,1.12,2.52,,,,,21.05,63.75,1.5,229.25,,0.0,,711.0,
2024-07-05 08:00:00,13.0,72.0,1.18,19.77,11.48,3.47,11.15,0.51,11.69,1.08,2.4,,,,,21.7,62.75,1.7,215.25,,0.0,,711.0,
2024-07-05 09:00:00,12.5,75.0,1.23,16.6,9.85,3.32,10.8,0.5,11.36,1.02,2.32,,,,,22.62,61.25,1.78,206.0,,0.0,,711.0,
2024-07-05 10:00:00,10.5,83.75,1.2,12.55,7.65,3.15,10.65,0.49,12.2,1.05,2.32,,,,,24.12,58.25,2.03,217.25,,0.0,,711.0,
2024-07-05 11:00:00,11.0,88.5,1.25,15.23,9.1,3.25,10.65,0.47,13.22,1.02,2.3,,,,,25.92,55.5,2.17,231.0,,0.0,,710.5,
2024-07-05 12:00:00,15.75,98.0,1.1,13.12,7.9,3.1,10.58,0.32,14.03,1.02,2.28,,,,,26.75,54.0,2.2,215.0,,0.0,,710.0,
2024-07-05 13:00:00,11.75,83.5,1.38,13.68,8.4,3.18,10.72,0.52,15.37,1.05,2.3,,,,,27.62,53.25,2.28,236.25,,0.0,,709.0,
2024-07-05 14:00:00,10.5,96.0,1.12,12.9,7.8,3.2,10.35,0.48,15.41,1.02,2.25,,,,,29.05,50.5,2.0,228.5,,0.0,,708.0,
2024-07-05 15:00:00,10.25,80.5,1.32,13.9,8.48,3.38,11.05,0.52,14.09,1.05,2.38,,,,,29.4,49.0,2.05,235.75,,0.0,,707.25,
2024-07-05 16:00:00,12.75,92.0,1.25,13.8,8.32,3.25,10.3,0.44,13.56,1.0,2.2,,,,,28.78,49.25,1.45,225.25,,0.0,,707.0,
2024-07-05 17:00:00,9.0,76.25,1.38,15.35,9.27,3.28,10.65,0.33,14.74,1.02,2.32,,,,,27.52,50.75,1.5,209.75,,0.0,,707.0,
2024-07-05 18:00:00,10.25,77.5,1.58,16.12,9.85,3.38,11.5,0.44,11.98,1.15,2.5,,,,,26.48,53.75,1.45,223.75,,0.0,,708.0,
2024-07-05 19:00:00,13.75,72.5,1.55,23.25,13.68,3.68,12.05,0.6,6.62,1.18,2.6,,,,,25.15,57.75,1.3,229.25,,0.0,,709.25,
2024-07-05 20:00:00,12.0,28.5,1.2,20.65,11.98,3.48,12.35,0.56,10.07,1.18,2.65,,,,,23.1,63.25,1.27,225.25,,0.0,,710.25,
2024-07-05 21:00:00,8.5,38.25,1.1,18.1,10.52,3.52,12.5,0.49,10.74,1.23,2.7,,,,,22.72,64.25,1.35,218.25,,0.0,,711.0,
2024-07-05 22:00:00,7.25,50.25,1.08,19.73,11.35,3.65,12.12,0.43,10.88,1.18,2.62,,,,,22.42,65.0,1.12,227.0,,0.0,,710.75,
2024-07-05 23:00:00,8.0,62.25,1.32,15.5,9.33,3.45,11.4,0.3,12.88,1.1,2.42,,,,,22.12,64.75,1.32,228.25,,0.0,,710.0,
2024-07-06 00:00:00,7.75,57.5,1.05,17.52,10.18,3.62,9.53,0.26,12.51,0.93,2.07,,,,,21.85,64.0,1.42,225.0,,0.0,,709.75,
2024-07-06 01:00:00,6.0,72.5,1.08,11.75,7.12,3.15,8.68,0.35,13.91,0.85,1.88,,,,,21.65,63.75,1.6,222.25,,0.0,,708.75,
2024-07-06 02:00:00,4.5,61.25,1.4,12.95,8.02,3.22,8.07,0.34,14.08,0.8,1.75,,,,,21.42,63.0,1.55,203.0,,0.0,,708.0,
2024-07-06 03:00:00,8.5,72.75,1.15,11.12,6.82,3.1,8.02,0.31,16.36,0.78,1.72,,,,,21.12,62.75,1.58,211.5,,0.0,,708.0,
2024-07-06 04:00:00,6.75,74.75,1.38,8.32,5.52,3.02,8.3,0.3,16.27,0.78,1.78,,,,,20.82,62.0,1.48,217.75,,0.0,,708.0,
2024-07-06 05:00:00,6.25,41.75,1.38,9.32,6.1,3.1,8.85,0.31,15.58,0.88,1.9,,,,,20.52,62.0,1.35,197.0,,0.0,,708.75,
2024-07-06 06:00:00,7.0,53.25,1.5,11.22,7.18,3.18,9.3,0.34,13.76,0.9,2.0,,,,,20.25,62.0,1.2,203.0,,0.0,,709.75,
2024-07-06 07:00:00,6.75,55.75,1.1,12.2,7.42,3.22,9.88,0.38,15.28,0.95,2.15,,,,,20.15,61.75,1.62,206.75,,0.0,,710.0,
2024-07-06 08:00:00,6.5,62.0,1.2,10.45,6.55,3.12,9.2,0.43,14.9,0.88,1.98,,,,,20.45,61.0,1.6,205.5,,0.0,,710.0,
2024-07-06 09:00:00,13.75,73.75,1.58,14.18,8.82,3.38,9.43,0.54,13.68,0.9,2.02,,,,,21.15,60.75,1.72,210.0,,0.0,,710.0,
2024-07-06 10:00:00,28.25,97.25,1.45,14.18,8.7,3.15,8.25,0.5,16.58,0.78,1.78,,,,,22.17,59.5,1.85,216.0,,0.0,,710.0,
2024-07-06 11:00:00,19.75,94.25,1.45,16.4,9.9,3.48,8.38,0.53,17.86,0.8,1.8,,,,,23.48,57.5,1.78,222.5,,0.0,,710.0,
2024-07-06 12:00:00,18.25,106.5,1.15,14.92,8.88,3.25,8.07,0.43,20.53,0.78,1.75,,,,,25.2,55.5,1.82,210.25,,0.0,,709.25,
2024-07-06 13:00:00,13.75,98.5,1.23,14.05,8.5,3.25,7.62,0.42,21.3,0.75,1.65,,,,,26.45,53.75,1.6,215.75,,0.0,,708.25,
2024-07-06 14:00:00,7.25,104.5,1.27,14.88,8.93,3.28,7.75,0.31,20.98,0.75,1.68,,,,,27.5,53.25,1.88,208.75,,0.0,,707.75,
2024-07-06 15:00:00,9.0,99.75,1.27,21.52,12.48,3.7,7.6,0.32,21.51,0.75,1.62,,,,,27.55,53.75,1.65,223.0,,0.0,,707.0,
2024-07-06 16:00:00,13.5,112.25,1.48,22.65,13.2,3.78,8.28,0.58,18.06,0.8,1.78,,,,,27.58,52.25,1.9,255.0,,0.0,,707.0,
2024-07-06 17:00:00,17.75,150.25,1.23,23.82,13.68,3.95,7.92,0.54,16.07,0.78,1.7,,,,,27.02,50.0,2.02,243.0,,0.0,,708.0,
2024-07-06 18:00:00,17.25,138.5,1.45,26.25,15.18,4.1,7.82,0.58,13.8,0.75,1.68,,,,,26.22,50.25,1.82,236.25,,0.0,,708.0,
2024-07-06 19:00:00,18.0,117.75,1.32,24.15,13.9,3.7,7.0,0.81,11.86,0.68,1.5,,,,,25.15,52.0,1.65,249.75,,0.0,,708.5,
2024-07-06 20:00:00,19.0,114.25,1.02,25.22,14.25,3.9,5.65,0.92,11.7,0.55,1.2,,,,,24.2,55.75,1.55,248.5,,0.0,,709.25,
2024-07-06 21:00:00,19.25,108.0,1.2,24.1,13.78,3.85,5.3,0.5,12.5,0.5,1.15,,,,,23.48,58.25,1.32,226.5,,0.0,,710.0,
2024-07-06 22:00:00,12.75,88.5,1.32,21.05,12.23,3.68,5.03,0.47,12.4,0.48,1.1,,,,,23.02,59.25,1.33,238.5,,0.0,,710.0,
2024-07-06 23:00:00,17.5,87.0,1.27,16.05,9.57,3.35,4.88,0.32,15.54,0.48,1.05,,,,,22.7,59.5,1.65,236.0,,0.0,,710.0,
2024-07-07 00:00:00,14.75,63.25,1.08,10.48,6.45,3.02,6.13,0.2,18.26,0.57,1.33,,,,,22.3,58.0,1.45,226.75,,0.0,,710.0,
2024-07-07 01:00:00,11.5,46.75,1.25,7.85,5.18,2.9,7.05,0.33,18.48,0.7,1.52,,,,,21.88,58.0,1.25,197.5,,0.0,,709.0,
2024-07-07 02:00:00,12.0,47.25,1.25,6.78,4.62,2.88,7.25,0.34,17.04,0.72,1.58,,,,,21.35,58.75,1.32,197.0,,0.0,,708.25,
2024-07-07 03:00:00,9.75,43.25,1.25,7.02,4.75,2.92,7.78,0.32,16.55,0.75,1.68,,,,,20.82,61.25,1.33,201.25,,0.0,,708.0,
2024-07-07 04:00:00,11.75,46.0,1.4,7.02,4.9,2.9,8.35,0.3,16.73,0.85,1.8,,,,,20.58,62.0,1.25,201.0,,0.0,,708.0,
2024-07-07 05:00:00,11.0,44.25,1.52,12.12,7.7,3.12,8.07,0.35,14.95,0.8,1.75,,,,,20.5,62.25,1.3,203.0,,0.0,,708.75,
2024-07-07 06:00:00,12.5,53.25,1.27,18.35,10.8,3.58,8.9,0.46,12.79,0.9,1.9,,,,,20.58,63.0,1.23,219.0,,0.0,,709.25,
2024-07-07 07:00:00,15.0,65.75,1.23,17.0,10.02,3.48,8.68,0.55,13.99,0.85,1.88,,,,,20.9,63.0,1.6,204.5,,0.0,,710.0,
2024-07-07 08:00:00,11.75,58.75,1.38,12.82,7.95,3.25,7.52,0.59,13.9,0.7,1.62,,,,,21.4,62.5,1.62,217.5,,0.0,,710.0,
2024-07-07 09:00:00,19.0,68.25,1.32,17.45,10.35,3.58,8.15,0.37,16.97,0.78,1.75,,,,,22.45,60.25,1.95,233.25,,0.0,,710.0,
2024-07-07 10:00:00,15.0,71.25,1.32,13.65,8.32,3.3,8.67,0.36,20.37,0.82,1.9,,,,,24.02,57.5,1.92,228.25,,0.0,,710.0,
2024-07-07 11:00:00,12.25,71.25,1.45,13.55,8.45,3.28,8.48,0.43,20.35,0.82,1.82,,,,,25.0,55.75,1.98,241.25,,0.0,,709.75,
2024-07-07 12:00:00,14.0,77.75,1.38,17.4,10.4,3.42,8.8,0.45,22.45,0.85,1.9,,,,,26.08,54.75,1.72,226.75,,0.0,,709.0,
2024-07-07 13:00:00,15.5,83.25,1.23,13.8,8.32,3.18,8.18,0.44,26.24,0.82,1.78,,,,,26.92,53.25,2.28,243.25,,0.0,,708.25,
2024-07-07 14:00:00,10.0,98.75,1.27,12.05,7.48,3.15,7.38,0.43,26.28,0.7,1.6,,,,,27.82,50.75,2.15,237.0,,0.0,,708.0,
2024-07-07 15:00:00,8.5,89.0,1.35,12.85,7.92,3.15,7.28,0.4,21.44,0.72,1.58,,,,,27.55,50.5,1.85,213.5,,0.0,,708.0,
2024-07-07 16:00:00,12.0,79.5,1.3,14.45,8.75,3.28,7.62,0.46,15.97,0.75,1.65,,,,,26.42,54.25,1.32,231.0,,0.0,,708.0,
2024-07-07 17:00:00,9.0,45.0,1.23,14.92,8.95,3.32,7.18,0.53,13.54,0.7,1.55,,,,,23.45,61.5,1.0,228.75,,0.0,,708.0,
2024-07-07 18:00:00,9.5,33.75,1.48,22.58,13.18,3.85,9.07,0.71,12.3,0.85,1.95,,,,,23.35,62.75,1.02,222.25,,0.0,,708.0,
2024-07-07 19:00:00,13.0,54.5,1.32,15.68,9.43,3.22,8.85,0.57,13.61,0.88,1.9,,,,,23.28,62.25,0.78,196.75,,0.0,,709.0,
2024-07-07 20:00:00,17.75,58.75,1.45,16.52,9.98,3.35,8.02,0.52,15.12,0.8,1.72,,,,,22.65,62.25,1.3,218.75,,0.0,,710.0,
2024-07-07 21:00:00,14.0,73.5,1.23,20.8,12.1,3.75,8.3,0.58,12.92,0.8,1.78,,,,,22.75,59.25,1.62,261.25,,0.0,,710.75,
2024-07-07 22:00:00,15.5,93.75,0.88,21.62,12.22,3.62,7.9,0.48,12.91,0.75,1.7,,,,,22.5,57.25,0.95,232.0,,0.0,,710.25,
2024-07-07 23:00:00,19.0,89.5,1.02,14.38,8.45,3.22,7.6,0.21,16.61,0.75,1.62,,,,,22.12,58.0,1.27,226.25,,0.0,,710.0,
2024-07-08 00:00:00,15.5,68.25,1.3,11.32,7.08,3.2,8.83,0.14,17.5,0.87,1.93,,,,,21.82,58.25,1.23,223.0,,0.0,,710.0,
2024-07-08 01:00:00,12.5,60.5,1.32,10.02,6.4,3.08,8.72,0.27,17.46,0.85,1.88,,,,,21.5,59.25,1.18,219.25,,0.0,,709.0,
2024-07-08 02:00:00,9.5,52.0,1.23,9.88,6.22,3.05,8.72,0.29,17.59,0.88,1.88,,,,,21.12,60.25,1.15,212.25,,0.0,,708.0,
2024-07-08 03:00:00,13.75,49.0,1.2,8.25,5.38,2.95,8.75,0.28,18.41,0.85,1.9,,,,,20.82,61.0,1.25,219.75,,0.0,,708.0,
2024-07-08 04:00:00,11.5,46.5,1.42,8.0,5.4,2.95,8.8,0.28,18.34,0.82,1.88,,,,,20.55,61.0,1.3,229.5,,0.0,,708.0,
2024-07-08 05:00:00,9.5,44.0,1.38,10.72,6.8,3.08,9.88,0.29,16.87,0.95,2.12,,,,,20.35,61.0,1.1,220.75,,0.0,,708.0,
2024-07-08 06:00:00,16.25,59.75,1.27,12.88,7.9,3.3,10.25,0.34,16.2,0.98,2.22,,,,,20.2,61.25,1.25,222.75,,0.0,,708.0,
2024-07-08 07:00:00,15.25,65.75,1.38,13.9,8.5,3.3,10.2,0.44,14.34,1.02,2.22,,,,,20.3,61.75,1.12,214.25,,0.0,,709.0,
2024-07-08 08:00:00,18.5,78.25,1.18,16.12,9.5,3.38,10.32,0.58,13.68,1.0,2.22,,,,,20.85,60.75,1.35,219.5,,0.0,,709.5,
2024-07-08 09:00:00,16.75,82.25,1.15,14.25,8.5,3.3,10.62,0.52,17.77,1.02,2.3,,,,,21.88,59.25,1.68,207.0,,0.0,,710.0,
2024-07-08 10:00:00,15.25,86.75,1.55,16.0,9.78,3.35,10.78,0.59,16.58,1.05,2.32,,,,,22.92,56.75,1.5,213.25,,0.0,,710.0,
2024-07-08 11:00:00,14.75,100.0,1.27,15.68,9.38,3.3,10.25,0.55,19.08,1.02,2.22,,,,,23.62,55.25,1.52,219.0,,0.0,,709.5,
2024-07-08 12:00:00,19.25,106.0,1.27,15.65,9.38,3.32,11.38,0.47,18.26,1.1,2.45,,,,,23.95,53.0,1.38,213.0,,0.0,,709.0,
2024-07-08 13:00:00,16.25,102.0,1.32,15.35,9.22,3.38,10.3,0.5,19.39,1.0,2.22,,,,,24.9,52.75,1.38,210.5,,0.0,,708.0,
2024-07-08 14:00:00,13.75,87.75,1.27,18.33,10.8,3.33,7.72,0.52,15.62,0.75,1.65,,,,,25.65,50.25,1.5,220.75,,0.0,,707.5,
2024-07-08 15:00:00,14.25,82.5,1.18,16.8,9.88,3.08,7.05,0.52,22.69,0.7,1.52,,,,,26.05,44.0,1.42,221.0,,0.0,,706.25,
2024-07-08 16:00:00,16.5,91.25,1.4,15.35,9.3,3.3,10.12,0.41,18.27,0.98,2.17,,,,,25.5,42.75,1.82,234.5,,0.0,,706.5,
2024-07-08 17:00:00,11.25,82.25,1.3,19.45,11.4,3.6,11.28,0.94,10.8,1.08,2.42,,,,,23.42,50.25,1.62,234.25,,0.0,,707.75,
2024-07-08 18:00:00,9.5,19.0,1.42,22.4,13.1,3.82,11.0,1.06,10.94,1.08,2.38,,,,,20.68,58.0,1.23,228.5,,0.0,,708.0,
2024-07-08 19:00:00,10.0,23.75,1.4,22.52,13.15,3.65,11.18,1.23,10.29,1.08,2.4,,,,,20.32,61.5,1.15,215.25,,0.0,,708.5,
2024-07-08 20:00:00,8.5,19.0,1.3,16.53,9.85,3.22,10.62,1.08,10.94,1.05,2.3,,,,,20.42,63.5,1.4,210.25,,0.0,,709.25,
2024-07-08 21:00:00,13.0,19.75,1.25,17.82,10.5,3.32,11.2,0.52,11.46,1.1,2.42,,,,,20.5,64.75,1.4,229.25,,0.0,,710.0,
2024-07-08 22:00:00,12.75,31.75,1.35,18.65,11.02,3.35,11.3,0.42,11.34,1.1,2.42,,,,,20.5,64.0,1.08,220.25,,0.0,,710.0,
2024-07-08 23:00:00,12.0,37.5,1.12,13.78,8.3,3.05,10.75,0.31,13.41,1.05,2.3,,,,,20.45,63.75,1.23,222.75,,0.0,,710.0,
2024-07-09 00:00:00,13.0,48.5,1.12,9.4,5.9,2.88,8.4,0.24,13.91,0.83,1.8,,,,,20.27,63.0,1.2,229.25,,0.0,,709.25,
2024-07-09 01:00:00,14.25,49.5,1.18,7.78,5.07,2.9,6.45,0.33,15.91,0.65,1.38,,,,,20.15,62.75,1.23,215.25,,0.0,,709.0,
2024-07-09 02:00:00,8.25,46.75,1.35,8.02,5.38,2.88,6.92,0.34,16.87,0.65,1.48,,,,,19.9,62.0,1.23,209.0,,0.0,,708.25,
2024-07-09 03:00:00,6.0,45.25,1.38,7.5,5.1,2.88,6.82,0.33,17.03,0.68,1.48,,,,,19.55,61.75,1.3,225.25,,0.0,,708.0,
2024-07-09 04:00:00,6.25,48.0,1.23,7.55,4.97,2.88,6.92,0.34,16.86,0.68,1.5,,,,,19.38,61.25,1.27,225.75,,0.0,,708.0,
2024-07-09 05:00:00,9.5,43.0,1.23,12.0,7.38,3.28,7.6,0.37,13.55,0.75,1.65,,,,,19.27,61.75,1.2,232.75,,0.0,,708.0,
2024-07-09 06:00:00,17.75,70.25,1.1,17.1,9.95,3.55,8.28,0.42,13.26,0.8,1.78,,,,,19.23,61.0,1.5,230.0,,0.0,,708.75,
2024-07-09 07:00:00,18.5,91.5,1.23,18.32,10.73,3.65,8.08,0.45,13.79,0.8,1.75,,,,,19.4,61.0,1.58,222.0,,0.0,,709.75,
2024-07-09 08:00:00,14.75,99.25,1.27,14.95,8.95,3.28,7.58,0.6,13.57,0.75,1.62,,,,,19.92,60.75,1.48,217.25,,0.0,,710.5,
2024-07-09 09:00:00,17.25,110.75,1.23,19.27,11.28,3.52,7.55,0.64,13.44,0.75,1.62,,,,,20.92,59.75,1.52,229.5,,0.0,,710.75,
2024-07-09 10:00:00,17.0,142.0,1.52,16.5,10.0,3.22,6.28,0.51,16.81,0.6,1.35,,,,,22.12,58.5,1.4,217.25,,0.0,,711.0,
2024-07-09 11:00:00,13.25,132.0,1.55,18.92,11.32,3.53,7.48,0.33,17.87,0.7,1.6,,,,,23.0,56.75,1.68,215.75,,0.0,,710.0,
2024-07-09 12:00:00,10.0,109.5,1.32,27.78,15.82,4.1,7.55,0.28,18.48,0.75,1.62,,,,,23.95,55.5,1.72,209.5,,0.0,,710.0,
2024-07-09 13:00:00,9.25,107.0,1.27,17.82,10.52,3.4,7.08,0.43,22.67,0.7,1.52,,,,,25.02,53.5,1.6,217.5,,0.0,,710.0,
2024-07-09 14:00:00,16.25,111.0,1.5,19.15,11.4,3.55,6.2,0.4,23.49,0.6,1.35,,,,,25.3,52.25,1.5,207.5,,0.0,,709.25,
2024-07-09 15:00:00,14.5,103.25,1.1,21.15,12.12,3.48,5.4,0.38,25.3,0.55,1.15,,,,,25.92,52.75,1.5,200.5,,0.0,,708.75,
2024-07-09 16:00:00,9.25,109.0,1.12,16.1,9.5,3.35,4.22,0.46,24.03,0.43,0.9,,,,,26.0,52.0,1.35,219.75,,0.0,,708.0,
2024-07-09 17:00:00,15.5,131.0,1.42,19.48,11.52,3.6,5.68,0.42,16.76,0.55,1.23,,,,,25.8,52.25,1.23,218.0,,0.0,,708.5,
2024-07-09 18:00:00,15.25,100.0,1.05,17.8,10.32,3.48,4.82,0.53,14.22,0.48,1.05,,,,,25.05,53.5,1.02,215.0,,0.0,,709.0,
2024-07-09 19:00:00,20.5,107.0,1.38,20.0,11.78,3.62,5.1,0.64,12.0,0.5,1.1,,,,,24.38,55.25,1.0,225.5,,0.0,,710.25,
2024-07-09 20:00:00,23.5,107.75,1.23,19.15,11.2,3.55,4.9,0.46,15.28,0.48,1.05,,,,,23.52,56.25,1.23,204.75,,0.0,,711.25,
2024-07-09 21:00:00,18.25,97.25,1.4,24.58,14.2,3.88,6.42,0.43,13.28,0.62,1.4,,,,,22.82,57.0,1.18,204.25,,0.0,,712.0,
2024-07-09 22:00:00,15.25,88.5,1.05,15.95,9.3,3.95,6.18,0.35,14.26,0.6,1.35,,,,,22.18,57.5,1.12,204.25,,0.0,,712.0,
2024-07-09 23:00:00,13.0,94.75,1.38,13.22,8.15,3.38,5.57,0.31,13.86,0.52,1.2,,,,,21.68,59.25,0.9,197.75,,0.0,,712.0,
2024-07-10 00:00:00,14.5,86.5,1.12,11.05,6.8,2.9,7.13,0.22,15.86,0.67,1.53,,,,,21.25,60.25,1.02,194.5,,0.0,,712.0,
2024-07-10 01:00:00,17.75,68.75,1.08,7.12,4.68,2.8,7.28,0.28,18.26,0.7,1.6,,,,,21.02,61.0,1.3,206.25,,0.0,,712.0,
2024-07-10 02:00:00,14.5,57.75,1.4,7.2,5.0,2.85,7.6,0.32,17.68,0.75,1.65,,,,,20.75,61.0,1.05,236.5,,0.0,,711.25,
2024-07-10 03:00:00,14.75,62.5,1.18,7.45,4.9,2.98,7.8,0.29,18.01,0.75,1.68,,,,,20.52,61.0,1.1,214.5,,0.0,,712.0,
2024-07-10 04:00:00,13.0,59.5,1.23,7.15,4.8,2.8,7.68,0.32,21.58,0.78,1.68,,,,,20.2,60.75,1.3,222.75,,0.0,,712.0,
2024-07-10 05:00:00,24.0,67.0,1.52,13.85,8.6,3.05,8.25,0.38,15.9,0.8,1.75,,,,,19.9,60.0,0.85,223.0,,0.0,,712.0,
2024-07-10 06:00:00,37.0,105.25,1.25,18.92,11.08,3.18,8.95,0.44,14.27,0.88,1.92,,,,,19.9,60.0,0.98,224.0,,0.0,,712.75,
2024-07-10 07:00:00,30.5,110.75,1.32,15.88,9.55,3.1,8.55,0.45,16.32,0.82,1.85,,,,,20.17,59.5,1.15,217.25,,0.0,,713.0,
2024-07-10 08:00:00,27.75,107.25,1.18,17.08,10.02,3.38,8.55,0.6,16.78,0.82,1.82,,,,,21.55,57.25,1.2,214.75,,0.0,,713.25,
2024-07-10 09:00:00,23.5,109.0,1.27,17.02,10.12,3.35,9.18,0.65,20.06,0.9,1.98,,,,,23.52,54.75,1.6,222.5,,0.0,,714.0,
2024-07-10 10:00:00,22.0,112.5,1.18,20.15,11.68,3.55,8.95,0.57,24.11,0.88,1.95,,,,,24.88,53.5,1.52,229.25,,0.0,,713.5,
2024-07-10 11:00:00,21.0,112.75,1.1,16.9,9.88,3.5,8.38,0.5,26.32,0.8,1.8,,,,,26.38,51.5,1.72,240.5,,0.0,,712.5,
2024-07-10 12:00:00,19.75,109.25,1.18,16.23,9.6,3.32,8.57,0.45,29.23,0.8,1.85,,,,,27.7,49.75,1.88,245.5,,0.0,,712.0,
2024-07-10 13:00:00,23.25,109.0,1.3,16.8,9.98,3.2,8.5,0.44,28.9,0.82,1.82,,,,,28.48,48.5,1.72,238.0,,0.0,,711.5,
2024-07-10 14:00:00,16.75,107.0,1.25,14.08,8.48,3.2,8.55,0.43,30.71,0.8,1.82,,,,,29.3,46.75,1.72,220.75,,0.0,,710.75,
2024-07-10 15:00:00,14.25,96.75,1.05,10.7,6.52,2.98,8.92,0.33,32.52,0.85,1.95,,,,,30.2,46.0,1.45,201.5,,0.0,,710.0,
2024-07-10 16:00:00,17.0,61.75,1.3,12.45,7.68,3.18,8.65,0.46,12.54,0.85,1.88,,,,,28.78,49.0,1.48,222.75,,0.0,,710.75,
2024-07-10 17:00:00,16.0,65.5,1.42,24.12,13.98,3.97,9.25,1.02,12.14,0.9,2.0,,,,,24.38,59.75,0.72,238.25,,0.0,,710.75,
2024-07-10 18:00:00,19.5,44.25,1.32,31.58,17.85,4.18,10.07,0.96,10.18,1.0,2.17,,,,,24.12,64.25,0.8,222.75,,0.0,,711.5,
2024-07-10 19:00:00,13.5,76.5,1.25,23.98,13.78,3.72,9.52,0.83,9.15,0.92,2.08,,,,,24.32,62.25,0.28,217.75,,0.0,,712.0,
2024-07-10 20:00:00,18.5,92.75,1.55,27.4,15.88,3.92,9.43,1.18,11.84,0.92,2.02,,,,,23.72,62.75,1.42,264.75,,0.0,,713.0,
2024-07-10 21:00:00,24.5,138.5,1.52,29.3,16.82,4.15,10.07,0.87,11.42,1.0,2.2,,,,,23.42,61.75,1.18,256.0,,0.0,,713.5,
2024-07-10 22:00:00,34.75,164.25,1.12,29.18,16.4,4.03,9.72,0.62,11.0,0.95,2.1,,,,,23.12,61.25,1.0,233.0,,0.0,,714.0,
2024-07-10 23:00:00,24.25,143.5,1.02,17.58,10.18,3.28,9.07,0.3,12.05,0.9,1.95,,,,,22.8,62.25,1.1,229.5,,0.0,,713.75,
2024-07-11 00:00:00,20.0,121.75,1.2,11.8,7.25,3.15,7.47,0.19,14.4,0.73,1.63,,,,,22.38,63.0,1.15,224.0,,0.0,,713.0,
2024-07-11 01:00:00,13.5,80.75,1.38,11.18,7.02,3.08,6.9,0.26,15.08,0.7,1.5,,,,,21.92,63.0,1.27,222.5,,0.0,,713.0,
2024-07-11 02:00:00,13.0,69.0,1.4,10.78,6.88,3.08,7.2,0.28,14.32,0.7,1.55,,,,,21.65,63.0,1.05,224.5,,0.0,,712.0,
2024-07-11 03:00:00,16.0,94.5,1.27,9.43,6.05,3.02,7.3,0.28,14.66,0.7,1.6,,,,,21.42,63.0,1.18,233.5,,0.0,,712.0,
2024-07-11 04:00:00,15.0,83.5,1.3,8.93,5.78,2.98,7.42,0.27,14.34,0.7,1.6,,,,,21.12,62.75,1.2,230.75,,0.0,,712.0,
2024-07-11 05:00:00,11.75,96.75,1.35,13.65,8.4,3.22,7.35,0.39,12.52,0.72,1.62,,,,,20.88,62.0,1.15,248.5,,0.0,,712.0,
2024-07-11 06:00:00,14.25,119.75,1.27,17.03,10.05,3.35,7.4,0.49,11.96,0.72,1.6,,,,,20.82,62.0,1.1,241.0,,0.0,,712.5,
2024-07-11 07:00:00,25.5,147.25,1.32,21.4,12.48,3.6,7.85,0.62,11.97,0.75,1.68,,,,,21.0,61.75,1.2,237.0,,0.0,,713.0,
2024-07-11 08:00:00,29.75,173.0,1.2,23.32,13.4,3.78,8.1,0.82,12.54,0.8,1.75,,,,,21.52,60.5,1.3,247.75,,0.0,,713.0,
2024-07-11 09:00:00,27.75,151.0,1.12,20.8,11.98,3.65,7.42,0.67,12.85,0.75,1.6,,,,,22.68,58.25,1.4,233.5,,0.0,,713.0,
2024-07-11 10:00:00,23.75,133.25,1.15,20.15,11.65,3.62,7.68,0.55,17.1,0.75,1.65,,,,,24.48,55.25,1.48,230.25,,0.0,,713.0,
2024-07-11 11:00:00,21.25,142.25,1.25,19.88,11.6,3.7,7.98,0.55,19.87,0.78,1.72,,,,,25.95,52.5,1.85,249.0,,0.0,,712.75,
2024-07-11 12:00:00,14.0,134.5,1.4,22.15,12.9,3.82,7.6,0.55,21.62,0.75,1.65,,,,,27.2,50.75,1.68,232.5,,0.0,,711.75,
2024-07-11 13:00:00,9.25,120.25,1.12,20.27,11.68,3.68,7.18,0.52,21.87,0.72,1.55,,,,,27.98,49.25,1.9,249.75,,0.0,,710.75,
2024-07-11 14:00:00,12.0,117.5,1.23,21.25,12.3,3.65,7.48,0.44,21.95,0.72,1.62,,,,,28.3,47.75,1.45,210.25,,0.0,,710.0,
2024-07-11 15:00:00,10.25,86.0,1.2,16.25,9.62,3.28,6.32,0.42,22.14,0.62,1.35,,,,,27.72,50.25,1.52,216.75,,0.0,,709.5,
2024-07-11 16:00:00,17.5,89.75,1.6,20.82,12.35,3.98,7.65,0.7,15.06,0.75,1.65,,,,,27.5,51.75,1.25,243.75,,0.0,,709.0,
2024-07-11 17:00:00,26.0,127.0,1.2,29.95,16.92,4.08,8.32,0.52,14.63,0.8,1.8,,,,,26.72,53.5,1.3,232.5,,0.0,,709.0,
2024-07-11 18:00:00,19.5,126.0,1.4,29.35,16.73,4.05,8.15,0.64,11.52,0.8,1.78,,,,,26.85,52.0,1.1,229.75,,0.0,,709.25,
2024-07-11 19:00:00,19.5,129.0,1.55,28.55,16.45,4.15,7.95,0.76,10.87,0.8,1.72,,,,,25.9,52.5,0.98,222.25,,0.0,,710.0,
2024-07-11 20:00:00,22.25,116.75,1.32,22.92,13.25,3.6,7.88,0.52,10.6,0.75,1.7,,,,,25.15,54.5,1.2,226.25,,0.0,,710.5,
2024-07-11 21:00:00,16.25,103.75,1.27,19.38,11.38,3.38,7.72,0.41,11.6,0.75,1.65,,,,,24.55,56.0,1.18,221.5,,0.0,,711.25,
2024-07-11 22:00:00,16.0,96.25,1.2,17.62,10.32,3.3,8.02,0.4,11.31,0.78,1.72,,,,,24.0,56.0,1.12,227.0,,0.0,,712.0,
2024-07-11 23:00:00,22.0,101.0,1.2,18.38,10.75,3.35,7.5,0.36,12.02,0.72,1.62,,,,,23.58,56.5,1.12,234.75,,0.0,,712.0,
2024-07-12 00:00:00,20.5,94.0,1.35,13.62,8.35,3.08,8.43,0.18,12.2,0.83,1.8,,,,,23.05,58.0,0.95,215.75,,0.0,,711.0,
2024-07-12 01:00:00,15.5,91.25,1.27,9.3,5.98,2.9,9.43,0.34,12.1,0.9,2.02,,,,,22.48,58.25,0.98,221.75,,0.0,,710.0,
2024-07-12 02:00:00,14.75,83.75,1.35,8.15,5.42,2.88,9.43,0.32,13.54,0.9,2.02,,,,,22.05,59.25,1.32,237.5,,0.0,,710.0,
2024-07-12 03:00:00,15.75,56.5,1.48,8.05,5.45,2.85,9.38,0.31,12.21,0.9,2.02,,,,,21.78,60.25,1.15,227.75,,0.0,,709.75,
2024-07-12 04:00:00,12.5,50.0,1.38,8.43,5.6,2.98,9.43,0.31,12.9,0.9,2.02,,,,,21.3,61.0,0.88,220.0,,0.0,,709.75,
2024-07-12 05:00:00,13.5,55.75,1.35,14.55,8.82,3.5,10.0,0.37,11.32,0.98,2.15,,,,,20.98,61.25,1.1,224.0,,0.0,,710.0,
2024-07-12 06:00:00,15.25,67.25,1.27,20.6,12.0,3.7,10.5,0.42,10.98,1.02,2.25,,,,,20.92,62.25,1.32,217.25,,0.0,,710.75,
2024-07-12 07:00:00,23.25,79.0,1.27,21.25,12.38,3.52,10.18,0.43,11.75,1.02,2.2,,,,,21.15,62.75,1.25,209.25,,0.0,,711.0,
2024-07-12 08:00:00,18.25,88.25,1.25,14.42,8.7,3.15,10.15,0.56,10.98,1.0,2.2,,,,,21.85,61.5,1.5,219.0,,0.0,,711.5,
2024-07-12 09:00:00,17.25,97.75,1.23,16.48,9.78,3.35,10.58,0.62,11.04,1.02,2.28,,,,,23.0,59.25,1.68,217.75,,0.0,,712.0,
2024-07-12 10:00:00,13.25,91.25,1.05,14.15,8.35,3.28,9.82,0.5,15.14,0.95,2.1,,,,,24.65,56.5,1.6,219.25,,0.0,,711.0,
2024-07-12 11:00:00,16.75,81.25,1.32,19.12,11.28,3.58,9.88,0.55,15.45,0.95,2.15,,,,,26.45,54.5,1.85,235.0,,0.0,,710.25,
2024-07-12 12:00:00,16.75,104.0,1.22,23.28,13.4,3.85,10.28,0.56,14.58,1.0,2.22,,,,,28.05,52.75,1.45,224.0,,0.0,,709.75,
2024-07-12 13:00:00,16.0,103.5,1.23,21.82,12.6,3.75,9.98,0.49,21.86,0.95,2.15,,,,,28.95,51.5,1.55,234.75,,0.0,,708.75,
2024-07-12 14:00:00,8.0,91.0,1.48,17.23,10.38,3.42,10.4,0.49,24.32,1.02,2.25,,,,,29.5,50.0,1.55,225.75,,0.0,,707.75,
2024-07-12 15:00:00,12.5,83.75,1.5,24.28,14.12,3.9,10.62,0.48,25.17,1.05,2.28,,,,,29.78,50.25,1.45,226.5,,0.0,,707.0,
2024-07-12 16:00:00,15.0,79.75,1.4,31.9,18.12,4.05,11.0,0.46,20.56,1.08,2.38,,,,,29.05,52.0,1.9,203.0,,0.0,,707.0,
2024-07-12 17:00:00,9.75,65.75,1.18,19.7,11.45,3.42,10.42,0.51,11.67,1.02,2.25,,,,,26.0,57.5,1.15,211.75,,0.0,,707.75,
2024-07-12 18:00:00,12.0,26.0,1.1,16.42,9.68,3.25,9.1,0.58,14.6,0.88,1.95,,,,,22.6,65.25,1.78,223.5,,0.0,,708.5,
2024-07-12 19:00:00,6.0,17.0,1.2,18.55,10.88,3.55,9.82,0.64,14.67,0.95,2.12,,,,,22.02,65.75,1.15,224.25,,0.0,,710.0,
2024-07-12 20:00:00,5.75,16.75,1.4,20.78,12.18,3.68,10.35,0.75,13.86,1.0,2.22,,,,,21.28,65.75,1.15,219.0,,0.0,,710.75,
2024-07-12 21:00:00,4.0,15.75,1.35,20.18,11.85,3.55,10.28,0.52,15.42,1.0,2.22,,,,,21.52,68.0,1.38,216.75,,0.0,,711.25,
2024-07-12 22:00:00,1.0,14.5,1.62,19.8,11.85,3.68,10.2,0.41,15.21,1.0,2.22,,,,,21.52,67.5,1.27,220.0,,0.0,,712.0,
2024-07-12 23:00:00,1.25,14.0,1.25,17.4,10.28,3.42,10.25,0.21,15.86,1.0,2.22,,,,,21.22,65.75,1.23,222.5,,0.0,,711.75,
2024-07-13 00:00:00,2.0,15.5,1.32,13.38,8.18,3.42,10.4,0.16,14.31,1.03,2.23,,,,,21.0,65.0,1.08,220.0,,0.0,,711.0,
2024-07-13 01:00:00,,14.0,1.25,10.58,6.65,3.08,12.12,0.35,14.01,1.18,2.6,,,,,20.98,64.5,1.05,220.75,,0.0,,710.75,
2024-07-13 02:00:00,,23.0,1.35,8.98,5.82,3.05,12.78,0.37,17.68,1.25,2.78,,,,,20.88,62.75,1.05,216.75,,0.0,,710.25,
2024-07-13 03:00:00,,24.75,1.23,8.98,5.78,3.0,12.38,0.36,15.43,1.2,2.68,,,,,20.78,62.0,1.35,234.75,,0.0,,710.0,
2024-07-13 04:00:00,,29.0,1.25,8.3,5.42,3.02,12.35,0.35,16.55,1.2,2.7,,,,,20.7,61.75,1.18,215.0,,0.0,,709.75,
2024-07-13 05:00:00,,30.0,1.45,11.32,7.18,3.18,11.6,0.34,18.77,1.12,2.5,,,,,20.65,60.75,1.42,226.25,,0.0,,710.5,
2024-07-13 06:00:00,,45.0,1.48,12.25,7.7,3.22,12.28,0.38,14.21,1.18,2.62,,,,,20.52,60.0,1.32,218.75,,0.0,,711.0,
2024-07-13 07:00:00,,56.0,1.27,12.32,7.58,3.2,12.3,0.42,15.84,1.2,2.68,,,,,20.65,60.0,1.48,229.5,,0.0,,711.0,
2024-07-13 08:00:00,,73.25,1.55,15.12,9.32,3.42,13.7,0.58,15.96,1.35,2.92,,,,,21.0,60.0,1.48,236.5,,0.0,,711.0,
2024-07-13 09:00:00,,110.0,1.2,14.62,8.72,3.35,13.02,0.49,16.15,1.3,2.82,,,,,21.88,60.0,1.7,225.25,,0.0,,711.0,
2024-07-13 10:00:00,,118.25,1.32,14.45,8.78,3.3,12.82,0.52,19.32,1.25,2.78,,,,,23.05,60.0,1.78,224.75,,0.0,,711.0,
2024-07-13 11:00:00,,117.25,1.3,14.2,8.6,3.3,12.3,0.49,22.02,1.2,2.65,,,,,24.3,59.75,1.92,233.25,,0.0,,710.75,
2024-07-13 12:00:00,12.0,128.25,1.48,14.88,9.12,3.3,11.3,0.5,22.09,1.1,2.42,,,,,25.3,58.25,2.12,229.25,,0.0,,709.5,
2024-07-13 13:00:00,11.0,158.0,1.48,13.95,8.6,3.32,11.48,0.55,23.72,1.12,2.48,,,,,26.48,55.5,2.25,239.5,,0.0,,710.0,
2024-07-13 14:00:00,9.5,179.0,1.4,16.62,9.98,3.45,12.3,0.6,21.69,1.2,2.65,,,,,26.58,53.75,2.3,248.0,,0.0,,708.5,
2024-07-13 15:00:00,13.5,173.25,1.27,17.08,10.12,3.45,11.58,0.57,23.46,1.1,2.48,,,,,27.25,52.5,2.15,238.0,,0.0,,708.0,
2024-07-13 16:00:00,13.0,180.75,1.3,18.38,10.82,3.65,11.7,0.6,20.78,1.15,2.5,,,,,27.6,50.75,1.98,245.75,,0.0,,708.0,
2024-07-13 17:00:00,17.5,168.75,1.23,22.75,13.1,3.85,12.0,0.46,18.53,1.18,2.58,,,,,27.1,50.75,1.58,225.75,,0.0,,708.0,
2024-07-13 18:00:00,18.75,142.75,1.32,24.05,13.88,3.88,12.32,0.44,17.8,1.2,2.65,,,,,26.2,53.5,1.52,219.0,,0.0,,708.5,
2024-07-13 19:00:00,11.75,116.0,1.2,20.4,11.82,3.62,12.2,0.61,16.46,1.18,2.62,,,,,25.12,55.5,1.5,225.25,,0.0,,709.25,
2024-07-13 20:00:00,18.5,121.75,1.18,18.18,10.62,3.5,11.65,0.44,16.47,1.12,2.5,,,,,24.38,57.5,1.45,209.5,,0.0,,710.0,
2024-07-13 21:00:00,12.5,105.75,1.23,15.73,9.35,3.42,11.2,0.42,16.32,1.08,2.4,,,,,23.48,59.5,1.32,219.5,,0.0,,710.5,
2024-07-13 22:00:00,8.75,113.75,1.18,12.6,7.68,3.12,11.05,0.36,16.51,1.1,2.4,,,,,22.68,61.0,1.55,231.0,,0.0,,711.0,
2024-07-13 23:00:00,10.5,108.0,1.35,12.15,7.55,3.1,11.3,0.32,16.81,1.1,2.45,,,,,22.2,61.5,1.3,227.0,,0.0,,710.0,
2024-07-14 00:00:00,8.5,88.25,1.15,10.02,6.25,3.1,9.43,0.27,17.92,0.9,2.03,,,,,21.82,63.25,1.52,223.0,,0.0,,709.5,
2024-07-14 01:00:00,6.0,72.25,1.12,8.6,5.5,3.0,7.4,0.35,17.56,0.7,1.6,,,,,21.55,64.0,1.5,226.5,,0.0,,709.0,
2024-07-14 02:00:00,3.0,64.0,1.32,7.48,5.05,2.92,7.5,0.32,18.46,0.72,1.62,,,,,21.38,63.75,1.58,226.25,,0.0,,708.5,
2024-07-14 03:00:00,3.5,56.5,1.18,6.82,4.55,2.92,7.25,0.32,18.47,0.7,1.6,,,,,21.3,63.25,1.55,229.0,,0.0,,708.0,
2024-07-14 04:00:00,5.25,59.25,1.3,7.0,4.78,3.0,7.48,0.32,18.47,0.72,1.6,,,,,21.28,63.75,1.55,238.75,,0.0,,708.0,
2024-07-14 05:00:00,5.25,56.25,1.3,9.25,5.98,3.05,7.7,0.32,16.88,0.75,1.68,,,,,21.15,63.25,1.45,237.75,,0.0,,708.0,
2024-07-14 06:00:00,5.0,72.0,1.25,14.25,8.62,3.42,8.12,0.38,16.98,0.8,1.75,,,,,20.98,64.0,1.4,233.5,,0.0,,708.75,
2024-07-14 07:00:00,11.5,96.5,1.12,16.27,9.57,3.52,7.72,0.38,17.6,0.75,1.65,,,,,20.98,64.0,1.48,224.5,,0.0,,708.0,
2024-07-14 08:00:00,11.75,86.25,1.0,11.0,6.68,3.18,7.95,0.38,16.84,0.8,1.72,,,,,21.42,63.5,1.7,229.75,,0.0,,708.75,
2024-07-14 09:00:00,8.75,81.75,1.12,12.15,7.4,3.18,7.12,0.45,17.63,0.68,1.52,,,,,22.25,61.75,1.8,239.0,,0.0,,709.0,
2024-07-14 10:00:00,12.25,96.25,1.35,14.4,8.78,3.25,8.4,0.52,17.53,0.82,1.82,,,,,23.05,60.5,1.75,247.0,,0.0,,708.75,
2024-07-14 11:00:00,14.0,108.75,1.15,15.58,9.22,3.42,8.78,0.58,18.18,0.88,1.9,,,,,24.28,58.5,2.05,243.25,,0.0,,708.0,
2024-07-14 12:00:00,8.0,115.0,1.25,16.05,9.6,3.3,8.02,0.6,19.05,0.78,1.72,,,,,24.95,56.75,2.0,247.75,,0.0,,707.5,
2024-07-14 13:00:00,10.75,105.0,1.18,13.62,8.22,3.18,8.02,0.5,20.08,0.78,1.72,,,,,25.42,56.25,1.6,232.0,,0.0,,707.0,
2024-07-14 14:00:00,17.25,91.25,1.15,15.4,9.15,3.25,8.1,0.55,17.49,0.78,1.75,,,,,25.38,57.25,1.48,242.75,,0.0,,706.0,
2024-07-14 15:00:00,12.25,74.25,1.27,16.18,9.65,3.35,7.65,0.61,17.91,0.72,1.68,,,,,24.52,59.0,1.45,235.5,,0.0,,706.0,
2024-07-14 16:00:00,12.0,39.75,1.23,16.5,9.78,3.35,8.07,0.52,16.51,0.78,1.72,,,,,23.1,61.75,1.8,239.5,,0.0,,706.0,
2024-07-14 17:00:00,8.25,49.25,1.18,14.32,8.57,3.38,8.4,0.52,14.97,0.8,1.8,,,,,23.1,61.5,1.6,229.25,,0.0,,706.0,
2024-07-14 18:00:00,5.25,67.75,1.25,14.42,8.68,3.35,7.85,0.6,16.84,0.78,1.7,,,,,22.98,63.25,1.6,232.5,,0.0,,706.75,
2024-07-14 19:00:00,3.5,57.0,1.18,11.7,7.18,3.2,7.98,0.52,15.29,0.8,1.72,,,,,22.45,64.25,1.48,214.5,,0.0,,707.25,
2024-07-14 20:00:00,4.5,51.75,1.25,11.68,7.2,3.05,8.25,0.52,15.28,0.8,1.78,,,,,21.9,65.0,1.48,220.0,,0.0,,708.0,
2024-07-14 21:00:00,3.75,43.0,1.32,12.35,7.65,3.2,8.22,0.48,15.28,0.8,1.78,,,,,21.5,65.25,1.52,232.75,,0.0,,708.75,
2024-07-14 22:00:00,5.25,32.75,1.1,13.65,8.2,3.35,8.38,0.48,13.87,0.8,1.8,,,,,21.1,66.25,1.23,236.5,,0.0,,708.5,
2024-07-14 23:00:00,2.75,19.25,1.18,13.52,8.12,3.28,8.15,0.44,14.33,0.78,1.75,,,,,20.78,67.25,1.32,228.75,,0.0,,708.0,
2024-07-15 00:00:00,2.25,18.75,1.23,9.02,5.8,3.1,8.53,0.32,15.8,0.83,1.83,,,,,20.65,67.75,1.38,232.5,,0.0,,707.75,
2024-07-15 01:00:00,3.0,23.25,1.12,6.95,4.62,2.98,9.52,0.33,17.88,0.92,2.05,,,,,20.48,66.75,1.35,229.0,,0.0,,707.0,
2024-07-15 02:00:00,,19.0,1.27,6.5,4.47,2.95,9.82,0.33,17.38,0.95,2.12,,,,,20.38,65.75,1.2,224.5,,0.0,,707.0,
2024-07-15 03:00:00,,12.25,1.23,6.1,4.25,3.0,9.85,0.31,17.56,0.95,2.1,,,,,20.23,65.25,1.2,223.5,,0.0,,706.0,
2024-07-15 04:00:00,1.0,9.75,1.38,7.12,4.88,3.02,9.68,0.31,17.62,0.95,2.08,,,,,19.98,66.0,1.25,217.0,,0.0,,706.25,
2024-07-15 05:00:00,1.5,11.75,1.38,9.28,6.02,3.15,10.0,0.32,16.44,0.98,2.18,,,,,19.85,65.75,1.12,223.5,,0.0,,707.0,
2024-07-15 06:00:00,3.5,23.5,1.2,11.78,7.25,3.25,10.8,0.36,16.19,1.05,2.32,,,,,19.65,64.75,1.27,207.5,,0.0,,707.0,
2024-07-15 07:00:00,5.25,35.5,1.18,12.4,7.55,3.35,10.22,0.41,15.84,0.98,2.2,,,,,19.58,64.0,1.3,205.0,,0.0,,707.75,
2024-07-15 08:00:00,6.25,38.75,1.48,15.45,9.4,3.52,10.7,0.66,14.22,1.05,2.3,,,,,19.92,64.5,1.18,212.75,,0.0,,708.0,
2024-07-15 09:00:00,7.0,35.75,1.35,21.95,12.78,3.88,11.0,0.67,14.32,1.08,2.38,,,,,20.42,66.0,1.25,223.25,,0.0,,708.0,
2024-07-15 10:00:00,11.25,44.75,1.3,23.0,13.35,3.92,10.9,0.62,16.34,1.08,2.38,,,,,21.0,65.75,1.52,226.75,,0.0,,708.0,
2024-07-15 11:00:00,21.25,74.25,1.45,24.48,14.2,4.05,10.9,0.61,13.76,1.08,2.38,,,,,21.83,64.75,1.32,229.25,,0.0,,707.75,
2024-07-15 12:00:00,12.75,90.75,1.27,25.78,14.75,4.1,10.9,0.42,11.71,1.08,2.33,,,,,22.75,64.0,1.75,228.0,,0.0,,707.0,
2024-07-15 13:00:00,12.0,69.75,1.23,18.23,10.68,3.62,10.18,0.52,16.3,0.98,2.2,,,,,23.52,63.75,1.58,222.5,,0.0,,706.0,
2024-07-15 14:00:00,12.25,87.5,1.45,17.62,10.55,3.68,10.12,0.51,13.64,1.0,2.2,,,,,23.3,64.0,1.23,222.5,,0.0,,706.0,
2024-07-15 15:00:00,12.0,25.5,1.38,22.18,12.9,3.82,10.95,0.54,12.66,1.05,2.38,,,,,22.2,67.5,1.25,233.5,,0.0,,705.5,
2024-07-15 16:00:00,10.25,24.25,1.18,22.12,12.7,3.92,10.68,0.68,13.26,1.05,2.28,,,,,21.65,69.25,1.2,226.25,,0.0,,705.0,
2024-07-15 17:00:00,12.25,23.25,1.08,20.52,11.8,3.68,10.45,0.53,14.03,1.0,2.28,,,,,21.88,69.75,1.25,223.5,,0.0,,706.0,
2024-07-15 18:00:00,5.5,20.25,1.25,15.88,9.5,3.5,9.65,0.52,14.68,0.95,2.08,,,,,22.05,69.0,1.27,207.0,,0.0,,706.0,
2024-07-15 19:00:00,1.25,27.25,1.42,15.3,9.32,3.32,10.32,0.54,14.75,1.0,2.22,,,,,21.78,68.75,1.25,205.0,,0.0,,707.0,
2024-07-15 20:00:00,2.0,26.75,1.12,14.92,8.82,3.35,10.75,0.47,14.91,1.05,2.33,,,,,21.35,68.0,1.35,201.0,,0.0,,707.25,
2024-07-15 21:00:00,,22.75,1.4,13.78,8.45,3.35,10.4,0.41,15.16,1.0,2.25,,,,,21.15,68.25,1.6,217.25,,0.0,,708.0,
2024-07-15 22:00:00,,23.5,1.27,13.8,8.4,3.35,10.2,0.39,15.14,0.98,2.2,,,,,20.98,68.75,1.72,225.75,,0.0,,708.0,
2024-07-15 23:00:00,1.0,27.5,1.18,10.28,6.48,3.18,9.52,0.34,17.16,0.95,2.05,,,,,20.85,67.75,1.6,221.5,,0.0,,708.0,
2024-07-16 00:00:00,1.0,25.25,1.25,8.2,5.4,3.0,8.7,0.31,17.36,0.83,1.87,,,,,20.65,66.75,1.62,228.0,,0.0,,707.0,
2024-07-16 01:00:00,,19.5,1.15,6.8,4.58,2.85,7.08,0.26,18.3,0.7,1.52,,,,,20.45,65.75,1.5,224.0,,0.0,,706.75,
2024-07-16 02:00:00,,10.25,1.35,6.65,4.68,2.98,7.7,0.24,18.14,0.72,1.65,,,,,20.23,65.0,1.48,223.0,,0.0,,706.0,
2024-07-16 03:00:00,,16.25,1.25,7.95,5.22,3.05,7.72,0.25,16.3,0.78,1.65,,,,,20.0,65.0,1.27,226.0,,0.0,,706.0,
2024-07-16 04:00:00,3.0,22.25,1.35,7.57,5.15,3.05,7.42,0.26,17.92,0.7,1.6,,,,,20.0,64.75,1.32,217.25,,0.0,,706.0,
2024-07-16 05:00:00,3.0,22.0,1.27,8.62,5.62,3.08,7.82,0.29,16.18,0.75,1.68,,,,,20.0,64.25,1.25,224.75,,0.0,,706.75,
2024-07-16 06:00:00,,30.25,1.18,13.3,8.0,3.48,7.78,0.31,17.09,0.78,1.7,,,,,20.02,64.75,1.35,201.0,,0.0,,707.25,
2024-07-16 07:00:00,,35.0,1.38,17.08,10.25,3.58,8.72,0.14,14.8,0.85,1.9,,,,,20.1,63.75,1.35,204.0,,0.0,,708.0,
2024-07-16 08:00:00,1.0,32.0,1.35,16.62,9.95,3.65,8.55,0.33,14.74,0.82,1.82,,,,,20.25,63.5,1.45,218.25,,0.0,,708.0,
2024-07-16 09:00:00,1.25,52.25,1.3,16.08,9.65,3.58,8.4,0.66,14.65,0.8,1.82,,,,,21.02,64.5,1.62,223.75,,0.0,,708.0,
2024-07-16 10:00:00,2.25,87.75,1.3,14.62,8.85,3.48,8.52,0.55,15.09,0.82,1.82,,,,,22.18,62.5,1.68,217.75,,0.0,,708.0,
2024-07-16 11:00:00,4.5,96.75,1.25,16.02,9.55,3.62,8.25,0.47,17.0,0.8,1.78,,,,,22.8,60.75,1.58,221.5,,0.0,,708.0,
2024-07-16 12:00:00,9.5,123.75,1.45,17.25,10.32,3.58,8.45,0.45,15.37,0.82,1.82,,,,,23.48,59.75,1.9,226.25,,0.0,,707.5,
2024-07-16 13:00:00,10.25,152.0,1.27,14.98,8.98,3.4,8.35,0.46,16.18,0.8,1.78,,,,,24.55,59.5,1.92,229.0,,0.0,,707.0,
2024-07-16 14:00:00,9.0,102.0,1.35,17.15,10.18,3.52,8.05,0.53,17.37,0.8,1.72,,,,,24.45,60.75,2.03,238.25,,0.0,,706.25,
2024-07-16 15:00:00,12.5,110.0,1.25,18.08,10.62,3.68,7.98,0.52,14.81,0.78,1.72,,,,,24.4,60.75,1.75,233.75,,0.0,,706.0,
2024-07-16 16:00:00,12.5,64.0,1.25,14.32,8.65,3.4,7.9,0.38,18.23,0.78,1.7,,,,,23.7,62.75,1.7,221.75,,0.0,,706.0,
2024-07-16 17:00:00,9.25,60.0,1.27,15.85,9.45,3.58,8.0,0.41,16.79,0.8,1.72,,,,,23.38,61.5,1.52,216.75,,0.0,,706.0,
2024-07-16 18:00:00,12.5,104.75,1.4,17.73,10.58,3.7,8.1,0.48,15.19,0.78,1.78,,,,,23.2,60.25,1.32,211.5,,0.0,,707.0,
2024-07-16 19:00:00,10.5,87.5,1.18,15.68,9.3,3.58,8.5,0.51,14.73,0.82,1.82,,,,,22.8,61.25,1.32,204.5,,0.0,,708.0,
2024-07-16 20:00:00,8.5,96.75,1.32,14.73,8.93,3.35,9.07,0.48,15.22,0.9,1.95,,,,,22.32,62.5,1.38,216.0,,0.0,,708.25,
2024-07-16 21:00:00,8.5,95.25,1.32,16.48,9.85,3.42,8.43,0.52,14.48,0.82,1.8,,,,,21.65,64.5,1.18,211.0,,0.0,,709.0,
2024-07-16 22:00:00,11.75,55.25,1.2,13.65,8.25,3.28,8.5,0.4,13.95,0.85,1.82,,,,,21.18,66.25,1.25,212.25,,0.0,,709.0,
2024-07-16 23:00:00,7.5,73.5,1.42,11.05,7.05,3.12,8.02,0.36,13.0,0.78,1.75,,,,,21.1,67.0,1.23,222.5,,0.0,,709.0,
2024-07-17 00:00:00,5.25,64.5,1.15,8.88,5.65,3.02,6.37,0.32,14.12,0.6,1.37,,,,,21.08,67.0,1.12,220.75,,0.0,,708.5,
2024-07-17 01:00:00,3.5,66.75,1.27,7.88,5.22,2.92,5.65,0.34,14.16,0.55,1.23,,,,,21.0,67.0,1.32,224.5,,0.0,,708.0,
2024-07-17 02:00:00,4.0,56.25,1.25,8.88,5.7,3.05,5.65,0.33,14.12,0.55,1.23,,,,,20.98,67.0,1.2,228.5,,0.0,,708.0,
2024-07-17 03:00:00,1.0,48.5,1.25,7.6,5.05,2.9,5.08,0.32,16.05,0.48,1.1,,,,,20.88,66.75,1.35,221.0,,0.0,,707.25,
2024-07-17 04:00:00,,57.5,1.27,7.32,4.92,2.95,5.4,0.3,15.36,0.52,1.18,,,,,20.78,66.0,1.45,224.25,,0.0,,707.0,
2024-07-17 05:00:00,,59.25,1.27,8.93,5.78,3.18,5.2,0.34,15.67,0.5,1.15,,,,,20.7,66.0,1.25,221.5,,0.0,,707.75,
2024-07-17 06:00:00,2.0,83.0,1.4,10.78,6.88,3.18,5.48,0.38,16.35,0.52,1.2,,,,,20.72,66.0,1.45,208.75,,0.0,,708.5,
2024-07-17 07:00:00,2.25,94.0,1.18,11.88,7.3,3.28,5.38,0.44,14.77,0.52,1.15,,,,,20.85,65.75,1.3,210.75,,0.0,,709.5,
2024-07-17 08:00:00,5.75,84.75,1.18,14.1,8.48,3.52,5.48,0.58,12.33,0.55,1.15,,,,,21.18,64.75,1.4,215.0,,0.0,,710.25,
2024-07-17 09:00:00,15.5,96.25,1.38,13.65,8.43,3.3,4.97,0.57,12.52,0.5,1.08,,,,,21.92,63.75,1.45,217.0,,0.0,,711.0,
2024-07-17 10:00:00,17.75,107.25,1.15,14.3,8.52,3.38,5.58,0.52,11.11,0.55,1.2,,,,,22.9,62.75,1.5,215.75,,0.0,,710.0,
2024-07-17 11:00:00,11.0,111.5,1.08,15.0,8.88,3.42,6.15,0.47,13.94,0.6,1.35,,,,,24.05,61.75,1.85,225.5,,0.0,,709.75,
2024-07-17 12:00:00,12.25,119.75,1.35,15.0,9.07,3.38,6.0,0.48,14.17,0.6,1.3,,,,,25.2,60.5,1.9,230.25,,0.0,,709.0,
2024-07-17 13:00:00,14.0,135.5,0.88,15.75,9.1,3.42,5.82,0.37,15.29,0.57,1.25,,,,,26.45,58.75,1.88,217.75,,0.0,,708.0,
2024-07-17 14:00:00,9.0,115.75,1.18,10.75,6.65,3.18,5.92,0.34,12.64,0.57,1.27,,,,,26.55,58.5,1.7,221.0,,0.0,,707.0,
2024-07-17 15:00:00,11.25,105.75,1.3,15.12,9.12,3.45,5.78,0.42,17.76,0.55,1.25,,,,,26.45,59.5,2.17,252.25,,0.0,,707.0,
2024-07-17 16:00:00,8.25,129.75,1.32,17.2,10.25,3.62,6.2,0.41,12.79,0.6,1.32,,,,,26.6,57.5,2.38,239.25,,0.0,,707.0,
2024-07-17 17:00:00,6.75,121.5,1.2,17.58,10.32,3.7,6.4,0.52,16.09,0.6,1.38,,,,,26.18,56.75,2.02,234.5,,0.0,,707.75,
2024-07-17 18:00:00,8.5,110.5,1.42,17.75,10.55,3.62,6.15,0.52,12.76,0.6,1.32,,,,,24.65,59.75,1.8,219.5,,0.0,,708.75,
2024-07-17 19:00:00,6.0,89.5,1.5,16.58,10.02,3.52,5.8,0.58,14.73,0.57,1.25,,,,,23.65,62.0,1.58,226.5,,0.0,,710.0,
2024-07-17 20:00:00,2.75,85.25,1.25,17.32,10.22,3.62,6.6,0.57,15.23,0.62,1.42,,,,,22.82,62.25,1.65,228.0,,0.0,,710.5,
2024-07-17 21:00:00,2.25,85.5,0.98,15.8,9.2,3.52,6.1,0.42,12.51,0.6,1.3,,,,,22.5,63.25,1.65,233.0,,0.0,,711.0,
2024-07-17 22:00:00,2.75,81.0,0.92,14.6,8.5,3.35,6.08,0.25,14.18,0.6,1.32,,,,,22.1,64.25,1.75,234.0,,0.0,,711.0,
2024-07-17 23:00:00,2.0,68.25,1.2,10.95,6.82,3.12,5.2,0.14,14.02,0.5,1.12,,,,,21.72,65.0,1.52,227.5,,0.0,,711.0,
2024-07-18 00:00:00,,50.0,1.45,8.8,5.85,3.08,5.8,0.08,13.36,0.57,1.27,,,,,21.45,65.0,1.42,219.75,,0.0,,710.0,
2024-07-18 01:00:00,2.0,30.0,1.23,8.55,5.52,3.05,6.4,0.29,13.17,0.62,1.38,,,,,21.25,65.0,1.5,222.75,,0.0,,709.25,
2024-07-18 02:00:00,3.0,36.5,1.4,7.42,5.08,3.0,6.58,0.29,14.92,0.65,1.42,,,,,21.05,65.0,1.45,218.25,,0.0,,708.5,
2024-07-18 03:00:00,5.75,45.75,1.27,6.28,4.35,2.9,6.68,0.29,13.4,0.68,1.45,,,,,20.88,65.0,1.58,221.25,,0.0,,708.0,
2024-07-18 04:00:00,4.0,39.5,1.42,6.88,4.8,2.98,6.65,0.3,14.53,0.62,1.42,,,,,20.78,65.0,1.48,219.25,,0.0,,708.0,
2024-07-18 05:00:00,1.0,37.25,1.27,9.07,5.85,3.12,6.85,0.32,14.28,0.65,1.48,,,,,20.7,64.75,1.55,221.0,,0.0,,708.0,
2024-07-18 06:00:00,7.0,58.75,1.3,11.82,7.32,3.32,6.98,0.39,14.53,0.68,1.5,,,,,20.72,64.0,1.58,227.5,,0.0,,708.75,
2024-07-18 07:00:00,6.0,80.75,1.27,16.38,9.72,3.5,7.08,0.49,14.74,0.7,1.52,,,,,20.9,64.0,1.62,235.25,,0.0,,709.5,
2024-07-18 08:00:00,5.0,92.0,1.15,17.38,10.2,3.5,7.1,0.59,13.58,0.7,1.58,,,,,21.42,63.75,1.58,220.25,,0.0,,710.0,
2024-07-18 09:00:00,11.0,89.0,1.32,21.28,12.38,3.72,7.78,0.61,11.25,0.78,1.7,,,,,22.45,62.5,1.65,231.25,,0.0,,710.0,
2024-07-18 10:00:00,10.5,102.5,1.4,18.38,10.9,3.55,7.12,0.41,12.4,0.7,1.52,,,,,23.78,60.75,1.75,218.0,,0.0,,710.0,
2024-07-18 11:00:00,9.0,91.0,1.25,20.82,12.1,3.7,7.82,0.31,8.94,0.8,1.7,,,,,24.78,60.0,1.8,225.75,,0.0,,710.0,
2024-07-18 12:00:00,8.5,97.75,1.2,20.62,11.92,3.72,7.25,0.25,12.68,0.7,1.6,,,,,25.48,59.75,2.08,228.25,,0.0,,709.0,
2024-07-18 13:00:00,6.5,89.25,1.18,17.42,10.25,3.58,7.0,0.6,15.63,0.7,1.5,,,,,25.78,59.75,2.17,256.25,,0.0,,708.75,
2024-07-18 14:00:00,4.5,48.5,1.3,17.98,10.62,3.7,6.95,0.56,12.05,0.7,1.5,,,,,24.3,62.75,2.22,259.0,,0.0,,709.0,
2024-07-18 15:00:00,2.5,22.5,1.25,19.95,11.6,3.78,6.3,0.54,10.79,0.62,1.38,,,,,21.82,64.75,1.58,234.75,,0.0,,708.25,
2024-07-18 16:00:00,1.0,21.25,1.32,19.42,11.42,3.65,5.65,0.58,24.5,0.55,1.23,,,,,21.75,61.5,1.72,229.0,,0.0,,708.0,
2024-07-18 17:00:00,1.0,20.5,1.35,20.25,11.88,3.75,6.4,0.54,8.7,0.62,1.38,,,,,21.8,54.0,2.15,233.75,,0.0,,708.0,
2024-07-18 18:00:00,,16.0,1.27,23.65,13.62,3.78,6.28,0.68,19.26,0.6,1.35,,,,,20.58,54.0,1.68,231.75,,0.0,,708.75,
2024-07-18 19:00:00,8.0,17.25,1.42,21.35,12.55,3.78,8.12,0.6,6.26,0.78,1.75,,,,,20.5,55.25,1.42,231.0,,0.0,,709.0,
2024-07-18 20:00:00,7.5,24.25,1.12,26.0,14.75,3.9,7.62,0.68,11.43,0.75,1.62,,,,,20.52,59.75,1.45,227.25,,0.0,,710.0,
2024-07-18 21:00:00,6.5,36.5,1.23,22.12,12.78,3.65,5.9,0.47,11.73,0.57,1.27,,,,,20.6,62.25,1.55,227.0,,0.0,,710.0,
2024-07-18 22:00:00,8.25,39.0,1.23,17.8,10.48,3.5,5.85,0.42,13.09,0.57,1.25,,,,,20.58,63.25,1.52,225.75,,0.0,,710.0,
2024-07-18 23:00:00,10.25,29.75,1.18,14.55,8.7,3.32,6.2,0.29,12.87,0.6,1.35,,,,,20.45,64.25,1.52,232.0,,0.0,,709.5,
2024-07-19 00:00:00,12.25,42.75,1.3,10.22,6.48,3.05,7.13,0.33,13.55,0.7,1.53,,,,,20.27,65.0,1.68,233.0,,0.0,,708.75,
2024-07-19 01:00:00,7.0,30.0,1.42,7.52,5.12,3.02,7.45,0.34,12.66,0.7,1.62,,,,,20.2,65.0,1.6,236.25,,0.0,,708.0,
2024-07-19 02:00:00,,29.25,1.2,7.12,4.82,3.0,7.45,0.32,14.16,0.7,1.6,,,,,20.18,64.75,1.62,228.25,,0.0,,707.25,
2024-07-19 03:00:00,7.0,31.25,1.38,8.72,5.75,3.05,7.75,0.31,14.18,0.75,1.65,,,,,20.08,64.0,1.55,234.0,,0.0,,707.0,
2024-07-19 04:00:00,6.5,40.25,1.3,9.3,6.0,3.08,7.7,0.31,12.75,0.75,1.68,,,,,19.98,64.25,1.5,228.25,,0.0,,707.0,
2024-07-19 05:00:00,5.0,32.25,1.32,10.48,6.62,3.18,7.5,0.38,12.24,0.72,1.6,,,,,19.9,65.0,1.45,233.5,,0.0,,707.25,
2024-07-19 06:00:00,5.0,38.25,1.23,13.18,8.02,3.3,8.1,0.44,11.81,0.78,1.75,,,,,19.92,65.25,1.55,230.75,,0.0,,708.0,
2024-07-19 07:00:00,6.5,26.5,1.25,15.78,9.4,3.4,8.22,0.5,14.02,0.8,1.8,,,,,20.05,66.25,1.67,235.5,,0.0,,708.75,
2024-07-19 08:00:00,9.75,30.75,1.38,16.8,10.07,3.42,9.0,0.8,13.86,0.88,1.95,,,,,20.38,66.75,1.78,237.75,,0.0,,709.0,
2024-07-19 09:00:00,6.25,43.5,1.42,24.85,14.38,4.1,9.07,0.75,14.6,0.88,1.95,,,,,20.98,66.0,1.75,238.5,,0.0,,709.0,
2024-07-19 10:00:00,8.75,40.25,1.18,24.22,13.85,4.0,8.95,0.64,12.64,0.85,1.92,,,,,21.42,65.75,1.75,241.0,,0.0,,709.0,
2024-07-19 11:00:00,12.5,60.25,1.15,20.3,11.75,3.65,8.28,0.43,10.48,0.8,1.78,,,,,22.22,65.5,1.75,239.25,,0.0,,708.75,
2024-07-19 12:00:00,7.25,27.0,1.35,16.42,9.88,3.45,8.07,0.33,11.91,0.78,1.72,,,,,22.6,67.0,1.8,239.25,,0.0,,708.0,
2024-07-19 13:00:00,4.25,22.5,1.12,16.65,9.8,3.55,8.62,0.43,13.12,0.85,1.85,,,,,22.6,67.0,1.78,233.25,,0.0,,707.5,
2024-07-19 14:00:00,3.0,19.75,1.18,16.4,9.7,3.42,8.4,0.47,11.0,0.85,1.82,,,,,22.65,66.75,1.78,235.25,,0.0,,707.0,
2024-07-19 15:00:00,5.25,38.75,1.52,16.18,9.88,3.45,8.15,0.42,16.03,0.8,1.75,,,,,22.95,65.0,2.12,241.75,,0.0,,706.5,
2024-07-19 16:00:00,5.5,84.25,1.4,17.23,10.3,3.38,8.4,0.41,13.7,0.8,1.8,,,,,23.38,61.75,1.7,225.0,,0.0,,706.0,
2024-07-19 17:00:00,11.5,80.25,1.05,16.83,9.78,3.42,8.48,0.55,13.69,0.85,1.82,,,,,22.98,61.75,1.78,227.0,,0.0,,706.75,
2024-07-19 18:00:00,7.0,31.0,1.1,18.98,11.0,3.55,8.5,0.72,12.73,0.82,1.82,,,,,21.88,64.25,1.8,232.75,,0.0,,707.75,
2024-07-19 19:00:00,6.0,34.25,1.42,24.9,14.4,4.05,9.45,0.91,12.55,0.9,2.05,,,,,21.42,65.0,1.65,246.0,,0.0,,708.75,
2024-07-19 20:00:00,2.75,34.5,1.23,29.52,16.7,4.15,9.7,0.89,12.33,0.92,2.08,,,,,21.12,65.0,1.42,240.0,,0.0,,709.0,
2024-07-19 21:00:00,3.25,42.25,1.08,30.2,16.95,4.25,9.43,0.58,15.02,0.95,2.02,,,,,20.85,64.75,1.42,241.25,,0.0,,709.0,
2024-07-19 22:00:00,6.75,72.75,0.9,21.82,12.32,3.75,9.0,0.36,13.56,0.88,1.92,,,,,20.65,64.0,1.62,231.75,,0.0,,708.75,
2024-07-19 23:00:00,6.75,71.5,1.6,16.23,9.95,3.58,9.22,0.24,13.89,0.9,1.98,,,,,20.45,64.0,1.52,220.75,,0.0,,708.0,
2024-07-20 00:00:00,9.75,45.0,1.35,12.82,7.9,3.25,7.77,0.2,12.61,0.73,1.67,,,,,20.3,64.0,1.45,230.5,,0.0,,707.25,
2024-07-20 01:00:00,10.5,52.0,1.2,9.05,5.78,3.12,7.72,0.36,13.01,0.78,1.68,,,,,20.3,64.0,1.6,233.75,,0.0,,707.0,
2024-07-20 02:00:00,6.0,48.25,1.25,7.9,5.22,3.0,7.5,0.32,12.56,0.7,1.6,,,,,20.25,64.25,1.62,237.25,,0.0,,707.0,
2024-07-20 03:00:00,1.0,30.5,1.35,7.15,4.88,2.95,7.4,0.31,13.53,0.72,1.6,,,,,20.1,65.0,1.45,237.25,,0.0,,706.75,
2024-07-20 04:00:00,2.0,40.5,1.52,7.45,5.18,3.0,7.65,0.31,12.97,0.78,1.65,,,,,20.08,64.75,1.48,231.5,,0.0,,706.5,
2024-07-20 05:00:00,5.25,50.75,1.42,8.8,5.85,3.05,7.6,0.31,12.09,0.7,1.62,,,,,19.98,64.0,1.5,235.25,,0.0,,707.0,
2024-07-20 06:00:00,5.75,67.25,1.42,11.8,7.4,3.22,8.05,0.39,13.32,0.78,1.72,,,,,19.92,64.0,1.35,231.0,,0.0,,708.0,
2024-07-20 07:00:00,6.5,94.25,1.23,14.15,8.52,3.48,8.15,0.41,12.27,0.8,1.75,,,,,20.1,64.0,1.65,235.0,,0.0,,708.5,
2024-07-20 08:00:00,11.0,107.0,1.45,14.32,8.78,3.38,7.85,0.53,11.64,0.75,1.68,,,,,20.62,63.75,1.72,238.75,,0.0,,709.25,
2024-07-20 09:00:00,11.75,124.25,1.23,16.05,9.52,3.48,8.35,0.52,10.3,0.8,1.8,,,,,21.7,62.5,1.82,233.25,,0.0,,709.0,
2024-07-20 10:00:00,13.25,119.75,1.3,14.15,8.57,3.38,8.07,0.41,10.23,0.78,1.72,,,,,22.98,60.75,2.15,233.5,,0.0,,709.0,
2024-07-20 11:00:00,12.25,116.5,1.3,15.15,9.1,3.48,7.25,0.4,6.79,0.7,1.55,,,,,23.45,60.0,1.92,234.5,,0.0,,708.75,
2024-07-20 12:00:00,15.25,133.0,1.23,15.22,9.12,3.32,7.45,0.43,17.61,0.72,1.6,,,,,24.4,59.25,2.2,233.5,,0.0,,708.0,
2024-07-20 13:00:00,13.0,148.25,1.12,14.25,8.52,3.25,7.5,0.42,14.16,0.72,1.6,,,,,25.12,56.0,2.35,229.0,,0.0,,708.0,
2024-07-20 14:00:00,13.0,135.25,1.27,13.8,8.43,3.32,7.6,0.44,12.58,0.72,1.62,,,,,25.52,53.0,1.88,220.25,,0.0,,707.5,
2024-07-20 15:00:00,13.25,128.5,1.32,18.62,10.98,3.75,8.65,0.59,13.75,0.85,1.9,,,,,25.45,53.5,1.48,236.0,,0.0,,707.0,
2024-07-20 16:00:00,13.75,156.75,1.05,21.45,12.25,3.82,8.38,0.5,18.32,0.8,1.82,,,,,25.08,54.5,1.82,235.5,,0.0,,707.0,
2024-07-20 17:00:00,12.75,174.0,1.12,18.9,10.95,3.65,8.4,0.56,13.58,0.8,1.82,,,,,25.18,53.0,2.08,239.5,,0.0,,707.0,
2024-07-20 18:00:00,12.0,174.0,1.27,21.2,12.28,3.72,8.65,0.73,13.24,0.85,1.88,,,,,24.65,53.25,1.68,234.0,,0.0,,708.0,
2024-07-20 19:00:00,12.25,168.25,1.48,20.35,12.0,3.65,8.55,0.71,14.8,0.8,1.82,,,,,24.05,54.0,1.75,239.0,,0.0,,708.5,
2024-07-20 20:00:00,11.75,141.5,1.27,17.23,10.2,3.42,8.25,0.57,11.16,0.8,1.78,,,,,23.42,54.5,1.62,225.75,,0.0,,709.0,
2024-07-20 21:00:00,9.5,116.25,1.38,16.77,10.07,3.4,8.15,0.45,13.64,0.78,1.75,,,,,22.8,56.0,1.75,233.0,,0.0,,709.75,
2024-07-20 22:00:00,13.75,124.25,1.3,16.8,10.0,3.32,7.75,0.46,13.92,0.78,1.68,,,,,22.38,56.25,1.68,232.5,,0.0,,710.0,
2024-07-20 23:00:00,13.0,112.0,1.12,13.3,7.98,3.38,7.72,0.32,12.85,0.75,1.65,,,,,21.9,57.0,1.4,221.0,,0.0,,709.75,
2024-07-21 00:00:00,12.75,90.25,1.27,9.38,6.02,3.1,7.23,0.24,13.42,0.7,1.57,,,,,21.5,57.0,1.38,223.5,,0.0,,709.0,
2024-07-21 01:00:00,10.75,86.75,1.25,7.28,4.9,2.92,7.42,0.35,12.8,0.72,1.58,,,,,21.12,57.0,1.5,225.5,,0.0,,708.5,
2024-07-21 02:00:00,6.75,80.5,1.15,7.2,4.78,2.82,7.78,0.34,9.77,0.75,1.7,,,,,20.85,57.5,1.45,232.25,,0.0,,708.0,
2024-07-21 03:00:00,6.75,67.5,1.27,6.45,4.45,2.88,7.92,0.32,9.74,0.8,1.72,,,,,20.62,59.25,1.52,232.25,,0.0,,708.0,
2024-07-21 04:00:00,9.5,52.0,1.05,7.42,4.8,2.88,7.88,0.31,10.95,0.78,1.7,,,,,20.38,60.0,1.32,225.5,,0.0,,708.0,
2024-07-21 05:00:00,10.25,58.5,1.32,12.32,7.62,3.32,8.65,0.3,11.11,0.82,1.88,,,,,20.3,60.25,1.2,219.75,,0.0,,708.0,
2024-07-21 06:00:00,9.0,74.5,1.48,13.75,8.5,3.32,8.5,0.32,12.47,0.82,1.85,,,,,20.27,61.0,1.42,218.5,,0.0,,708.5,
2024-07-21 07:00:00,11.0,92.0,1.23,16.9,9.98,3.42,8.57,0.34,14.06,0.85,1.85,,,,,20.3,61.0,1.38,224.5,,0.0,,709.0,
2024-07-21 08:00:00,8.25,94.0,1.15,11.5,7.02,3.05,7.95,0.34,10.51,0.78,1.7,,,,,20.88,60.75,1.72,220.5,,0.0,,709.25,
2024-07-21 09:00:00,9.5,89.75,1.23,13.3,8.07,3.28,7.68,0.38,11.04,0.75,1.65,,,,,21.92,59.5,1.65,223.5,,0.0,,710.0,
2024-07-21 10:00:00,11.25,90.25,1.27,15.72,9.4,3.4,7.32,0.44,9.83,0.7,1.6,,,,,22.83,57.0,1.75,221.75,,0.0,,710.0,
2024-07-21 11:00:00,12.0,101.75,1.48,16.68,10.1,3.38,7.85,0.45,13.56,0.75,1.7,,,,,23.62,53.25,1.88,219.5,,0.0,,709.0,
2024-07-21 12:00:00,11.25,103.75,1.18,16.6,9.8,3.32,6.78,0.29,6.65,0.65,1.45,,,,,24.28,51.25,2.15,230.75,,0.0,,709.0,
2024-07-21 13:00:00,9.0,118.75,1.4,12.32,7.7,3.15,7.1,0.46,9.76,0.7,1.52,,,,,25.2,52.0,2.28,237.5,,0.0,,708.75,
2024-07-21 14:00:00,8.5,107.5,1.48,11.65,7.38,3.18,7.75,0.45,7.1,0.78,1.68,,,,,25.6,52.0,2.17,228.5,,0.0,,708.0,
2024-07-21 15:00:00,7.5,92.0,1.27,12.8,7.82,3.25,7.88,0.46,11.93,0.78,1.7,,,,,25.78,52.25,2.1,234.75,,0.0,,707.75,
2024-07-21 16:00:00,8.75,71.75,1.15,14.85,8.8,3.32,8.22,0.53,8.79,0.8,1.78,,,,,24.78,54.75,1.95,248.75,,0.0,,708.0,
2024-07-21 17:00:00,7.25,28.5,1.3,13.78,8.4,3.3,8.12,0.45,13.41,0.8,1.75,,,,,22.65,59.5,1.85,235.0,,0.0,,708.25,
2024-07-21 18:00:00,5.25,36.75,1.38,12.65,7.85,3.28,7.65,0.46,12.34,0.75,1.65,,,,,21.92,57.75,1.7,232.5,,0.0,,709.0,
2024-07-21 19:00:00,6.5,69.5,1.3,14.12,8.55,3.42,7.8,0.53,14.49,0.75,1.68,,,,,22.02,57.0,1.62,243.0,,0.0,,710.0,
2024-07-21 20:00:00,8.25,79.75,1.23,15.12,9.02,3.52,8.12,0.51,12.8,0.78,1.78,,,,,22.1,57.0,1.78,238.75,,0.0,,710.5,
2024-07-21 21:00:00,8.25,65.25,1.35,15.08,9.12,3.45,7.92,0.46,12.06,0.78,1.72,,,,,21.83,57.75,1.48,235.0,,0.0,,711.0,
2024-07-21 22:00:00,7.5,31.25,1.23,15.8,9.4,3.48,8.4,0.52,9.84,0.8,1.8,,,,,21.0,60.25,1.23,242.25,,0.0,,711.0,
2024-07-21 23:00:00,10.25,53.0,1.12,13.48,8.07,3.25,8.0,0.38,11.32,0.8,1.72,,,,,21.0,60.5,1.48,233.25,,0.0,,710.5,
2024-07-22 00:00:00,5.0,47.25,1.23,8.33,5.42,3.0,8.17,0.22,12.24,0.8,1.77,,,,,20.92,59.0,1.38,228.25,,0.0,,710.0,
2024-07-22 01:00:00,,30.5,1.2,6.7,4.55,2.95,8.12,0.27,11.4,0.8,1.75,,,,,20.68,59.0,1.6,227.0,,0.0,,709.0,
2024-07-22 02:00:00,1.0,33.75,1.32,6.2,4.38,3.0,8.32,0.27,10.59,0.82,1.82,,,,,20.6,59.0,1.52,228.75,,0.0,,709.0,
2024-07-22 03:00:00,2.75,39.5,1.27,7.02,4.78,2.9,8.52,0.27,9.56,0.82,1.82,,,,,20.52,59.0,1.42,223.5,,0.0,,709.0,
2024-07-22 04:00:00,9.25,43.25,1.32,7.7,5.2,2.98,8.68,0.28,10.65,0.82,1.9,,,,,20.25,59.0,1.5,231.5,,0.0,,709.0,
2024-07-22 05:00:00,12.5,55.5,1.48,10.52,6.78,3.2,9.07,0.4,13.32,0.9,1.98,,,,,20.15,58.75,1.38,237.5,,0.0,,709.75,
2024-07-22 06:00:00,11.0,75.75,1.32,13.1,8.05,3.28,8.88,0.43,14.8,0.85,1.95,,,,,20.35,58.0,1.42,224.25,,0.0,,710.25,
2024-07-22 07:00:00,11.5,95.0,1.23,14.75,8.85,3.45,9.02,0.5,13.11,0.9,1.98,,,,,20.6,57.75,1.58,234.5,,0.0,,711.0,
2024-07-22 08:00:00,14.75,119.0,1.12,19.38,11.2,3.55,9.0,0.74,12.55,0.88,1.92,,,,,21.2,56.75,1.9,248.0,,0.0,,711.5,
2024-07-22 09:00:00,17.25,119.25,1.25,19.82,11.55,3.55,8.8,0.66,12.17,0.85,1.88,,,,,22.42,55.25,1.72,239.0,,0.0,,712.0,
2024-07-22 10:00:00,8.25,120.5,1.18,17.35,10.18,3.5,8.93,0.51,8.86,0.88,1.92,,,,,23.8,52.5,1.98,236.5,,0.0,,712.0,
2024-07-22 11:00:00,8.75,121.5,1.32,16.62,9.93,3.42,9.2,0.49,11.16,0.9,1.98,,,,,25.05,50.75,2.15,241.5,,0.0,,712.0,
2024-07-22 12:00:00,17.5,113.25,1.4,15.98,9.62,3.52,9.05,0.42,6.8,0.88,1.95,,,,,25.0,50.75,1.8,228.0,,0.0,,712.0,
2024-07-22 13:00:00,17.0,95.0,1.3,15.42,9.22,3.3,8.43,0.46,9.5,0.8,1.82,,,,,24.65,52.75,2.08,236.75,,0.0,,711.0,
2024-07-22 14:00:00,11.25,103.0,1.38,14.35,8.72,3.4,8.65,0.41,11.94,0.82,1.88,,,,,25.4,51.5,2.45,239.0,,0.0,,711.0,
2024-07-22 15:00:00,11.75,107.0,1.52,17.65,10.65,3.68,8.72,0.4,10.71,0.85,1.88,,,,,25.58,50.0,2.4,233.75,,0.0,,710.75,
2024-07-22 16:00:00,12.75,107.25,1.15,20.18,11.65,3.72,9.3,0.46,12.94,0.9,2.02,,,,,26.12,49.75,2.28,240.75,,0.0,,710.0,
2024-07-22 17:00:00,15.75,123.25,1.42,19.08,11.3,3.8,8.88,0.56,15.06,0.85,1.92,,,,,25.85,49.5,2.15,249.25,,0.0,,710.25,
2024-07-22 18:00:00,10.75,117.25,1.5,25.6,14.82,4.05,9.25,0.8,10.92,0.9,2.0,,,,,24.65,51.25,1.55,234.25,,0.0,,711.25,
2024-07-22 19:00:00,16.25,120.75,1.25,22.7,13.08,3.9,9.67,0.79,13.32,0.92,2.1,,,,,24.05,52.25,1.4,219.75,,0.0,,712.0,
2024-07-22 20:00:00,14.0,108.0,1.15,19.75,11.45,3.6,9.05,0.64,11.64,0.9,1.95,,,,,23.4,53.5,1.58,231.5,,0.0,,712.25,
2024-07-22 21:00:00,5.75,95.25,1.27,17.88,10.55,3.52,9.0,0.48,13.0,0.88,1.92,,,,,22.68,55.0,1.72,237.5,,0.0,,713.0,
2024-07-22 22:00:00,8.25,79.0,1.2,14.68,8.78,3.3,8.8,0.36,12.5,0.85,1.9,,,,,22.18,55.0,1.75,232.75,,0.0,,713.0,
2024-07-22 23:00:00,8.0,60.5,1.18,11.82,7.2,3.25,9.25,0.28,11.2,0.9,2.0,,,,,21.72,55.25,1.55,236.75,,0.0,,713.0,
2024-07-23 00:00:00,4.25,47.0,1.27,9.68,6.18,3.15,8.63,0.22,10.38,0.83,1.9,,,,,21.42,56.25,1.58,229.5,,0.0,,712.5,
2024-07-23 01:00:00,2.75,40.0,1.38,8.12,5.42,3.0,8.18,0.26,10.57,0.8,1.8,,,,,21.15,57.25,1.45,235.5,,0.0,,712.0,
2024-07-23 02:00:00,7.0,45.25,1.32,9.48,6.12,2.92,8.55,0.32,10.71,0.82,1.82,,,,,20.95,58.25,1.4,227.25,,0.0,,712.0,
2024-07-23 03:00:00,11.5,42.25,1.48,8.93,5.98,2.98,8.32,0.28,10.74,0.8,1.8,,,,,20.78,59.0,1.27,232.75,,0.0,,711.0,
2024-07-23 04:00:00,5.75,41.25,1.23,8.98,5.78,3.0,8.6,0.29,11.12,0.82,1.85,,,,,20.65,59.25,1.23,226.25,,0.0,,711.5,
2024-07-23 05:00:00,2.75,48.75,1.27,10.9,6.85,3.15,8.6,0.32,11.71,0.82,1.88,,,,,20.52,60.0,1.2,218.0,,0.0,,711.25,
2024-07-23 06:00:00,5.5,53.25,1.27,13.72,8.35,3.35,9.22,0.34,11.48,0.9,2.0,,,,,20.55,60.25,1.15,214.0,,0.0,,712.0,
2024-07-23 07:00:00,7.25,43.0,1.35,19.18,11.28,3.72,9.75,0.44,11.76,0.95,2.1,,,,,20.45,61.0,1.2,224.5,,0.0,,713.0,
2024-07-23 08:00:00,11.0,75.0,1.3,21.18,12.3,3.75,9.4,0.66,13.2,0.9,2.0,,,,,20.75,60.75,1.4,221.75,,0.0,,713.0,
2024-07-23 09:00:00,17.25,88.5,1.25,20.48,11.9,3.72,9.22,0.62,11.6,0.9,2.0,,,,,21.42,59.5,1.5,236.0,,0.0,,713.0,
2024-07-23 10:00:00,10.75,92.75,1.52,20.7,12.25,3.75,9.6,0.64,11.33,0.95,2.08,,,,,21.98,58.5,1.23,236.0,,0.0,,714.0,
2024-07-23 11:00:00,15.5,43.5,1.45,24.82,14.38,3.95,9.93,0.62,11.73,0.98,2.15,,,,,21.83,60.0,1.4,248.75,,0.0,,713.0,
2024-07-23 12:00:00,11.75,74.25,1.5,22.38,13.1,3.9,9.32,0.39,7.32,0.9,2.02,,,,,23.12,59.0,1.78,238.25,,0.0,,712.25,
2024-07-23 13:00:00,5.0,109.25,1.3,15.8,9.45,3.52,8.9,0.37,8.1,0.88,1.92,,,,,25.2,55.25,2.2,231.25,,0.0,,711.75,
2024-07-23 14:00:00,4.0,86.75,1.52,16.5,10.0,3.6,9.23,0.37,6.99,0.92,1.98,,,,,25.92,53.0,2.17,232.25,,0.0,,710.25,
2024-07-23 15:00:00,2.5,91.5,1.2,21.68,12.5,3.92,9.3,0.36,10.39,0.92,2.0,,,,,26.32,52.75,2.35,234.5,,0.0,,710.0,
2024-07-23 16:00:00,6.75,93.0,1.3,18.58,10.95,3.55,9.2,0.37,9.75,0.9,1.98,,,,,26.22,52.25,1.85,229.25,,0.0,,710.0,
2024-07-23 17:00:00,6.25,79.75,1.62,22.18,13.12,4.05,10.32,0.62,14.64,0.98,2.25,,,,,25.48,53.25,1.62,229.5,,0.0,,710.0,
2024-07-23 18:00:00,7.25,102.75,1.42,29.75,16.98,4.07,10.9,0.79,13.21,1.05,2.35,,,,,24.65,54.25,1.75,242.5,,0.0,,710.75,
2024-07-23 19:00:00,9.5,125.75,1.32,34.65,19.48,4.6,10.92,0.82,12.39,1.05,2.35,,,,,24.1,55.0,1.38,227.25,,0.0,,711.75,
2024-07-23 20:00:00,12.0,108.5,0.98,22.22,12.6,3.38,9.78,0.63,14.1,0.95,2.12,,,,,23.62,55.25,1.48,225.25,,0.0,,712.0,
2024-07-23 21:00:00,6.75,83.5,1.55,23.8,13.92,3.88,10.2,0.43,11.12,1.02,2.2,,,,,22.92,56.25,1.55,228.75,,0.0,,713.0,
2024-07-23 22:00:00,9.0,71.25,0.98,21.32,12.12,3.85,10.02,0.45,10.33,1.0,2.15,,,,,22.25,57.5,1.25,232.0,,0.0,,712.75,
2024-07-23 23:00:00,8.25,54.75,1.23,12.58,7.68,3.2,9.48,0.28,11.4,0.92,2.05,,,,,21.75,59.0,1.48,222.75,,0.0,,712.5,
2024-07-24 00:00:00,4.75,41.25,1.27,8.48,5.52,3.0,8.67,0.21,8.28,0.83,1.87,,,,,21.5,59.0,1.32,225.75,,0.0,,712.0,
2024-07-24 01:00:00,1.5,19.0,1.1,8.02,5.18,3.02,8.75,0.37,8.98,0.85,1.88,,,,,21.02,59.75,1.23,229.25,,0.0,,711.0,
2024-07-24 02:00:00,2.5,13.0,1.4,7.82,5.28,3.02,8.68,0.34,10.96,0.82,1.88,,,,,20.4,62.0,1.2,220.75,,0.0,,711.0,
2024-07-24 03:00:00,1.0,13.25,1.4,8.3,5.55,3.05,8.95,0.34,13.16,0.9,1.92,,,,,20.05,61.75,1.33,218.25,,0.0,,711.0,
2024-07-24 04:00:00,,16.0,1.38,8.05,5.4,3.05,8.9,0.35,10.44,0.88,1.92,,,,,19.92,61.0,1.32,227.25,,0.0,,710.0,
2024-07-24 05:00:00,,22.0,1.65,15.15,9.43,4.0,10.2,0.33,10.77,0.98,2.2,,,,,19.95,61.0,1.05,228.5,,0.0,,710.25,
2024-07-24 06:00:00,2.0,20.5,1.08,24.88,14.12,4.18,10.2,0.33,11.24,1.02,2.2,,,,,19.68,61.0,1.23,211.25,,0.0,,711.0,
2024-07-24 07:00:00,4.75,18.75,1.55,24.45,14.28,3.97,10.38,0.4,13.59,1.0,2.22,,,,,19.35,61.25,1.4,226.0,,0.0,,711.0,
2024-07-24 08:00:00,12.0,32.5,1.18,18.58,10.88,3.52,9.78,0.58,12.45,0.95,2.1,,,,,19.7,61.75,1.52,234.25,,0.0,,712.0,
2024-07-24 09:00:00,9.5,54.5,1.6,22.35,13.2,3.8,10.6,0.66,9.38,1.02,2.28,,,,,20.7,60.25,1.6,223.75,,0.0,,711.0,
2024-07-24 10:00:00,11.0,76.5,1.25,25.45,14.58,3.92,9.9,0.62,12.17,0.95,2.15,,,,,22.12,57.25,1.55,217.75,,0.0,,711.0,
2024-07-24 11:00:00,11.25,98.25,1.52,22.1,12.98,3.88,9.52,0.61,10.73,0.92,2.08,,,,,22.88,55.0,1.6,230.5,,0.0,,710.75,
2024-07-24 12:00:00,11.0,119.0,1.42,26.22,15.12,4.18,9.72,0.56,9.11,0.95,2.1,,,,,23.55,54.5,1.82,234.75,,0.0,,710.0,
2024-07-24 13:00:00,9.5,127.25,1.1,16.1,9.48,3.18,9.12,0.27,8.25,0.9,1.98,,,,,24.8,53.25,1.9,234.75,,0.0,,709.0,
2024-07-24 14:00:00,12.25,92.0,1.35,16.88,10.07,3.4,9.05,0.29,6.88,0.9,1.95,,,,,24.42,55.0,1.9,257.5,,0.0,,708.75,
2024-07-24 15:00:00,7.25,68.0,1.18,22.5,12.92,3.9,9.07,0.31,11.9,0.9,1.98,,,,,24.5,56.75,1.62,245.25,,0.0,,708.0,
2024-07-24 16:00:00,9.25,114.75,1.38,23.95,13.88,3.9,9.48,0.26,10.52,0.92,2.05,,,,,24.8,53.75,1.92,251.0,,0.0,,708.0,
2024-07-24 17:00:00,11.75,56.5,1.4,30.72,17.5,4.4,10.5,0.63,12.61,1.02,2.25,,,,,22.82,57.0,1.4,220.0,,0.0,,708.0,
2024-07-24 18:00:00,8.75,31.0,1.38,36.12,20.35,4.68,11.15,0.68,11.15,1.08,2.4,,,,,22.3,59.5,1.3,224.25,,0.0,,708.5,
2024-07-24 19:00:00,9.75,45.5,1.32,33.83,19.1,4.6,10.6,0.74,8.94,1.03,2.28,,,,,22.2,58.5,1.35,224.25,,0.0,,709.25,
2024-07-24 20:00:00,6.75,61.0,1.18,19.98,11.6,3.45,9.78,0.62,14.44,0.92,2.12,,,,,21.88,59.5,1.7,226.25,,0.0,,710.0,
2024-07-24 21:00:00,8.5,50.0,1.25,15.48,9.27,3.52,9.65,0.46,9.46,0.95,2.08,,,,,21.58,58.0,1.85,230.5,,0.0,,710.75,
2024-07-24 22:00:00,6.75,33.25,1.3,15.98,9.55,3.52,9.62,0.54,10.46,0.95,2.1,,,,,20.8,58.5,1.4,233.5,,0.0,,710.5,
2024-07-24 23:00:00,4.75,48.75,1.38,13.4,8.25,3.35,9.2,0.41,12.33,0.88,2.0,,,,,20.48,60.25,1.32,228.25,,0.0,,710.0,
2024-07-25 00:00:00,1.0,26.0,1.3,10.3,6.52,3.12,8.73,0.37,10.72,0.83,1.87,,,,,20.38,61.0,1.23,236.5,,0.0,,709.5,
2024-07-25 01:00:00,,13.75,1.18,9.45,6.02,3.25,8.38,0.3,10.16,0.82,1.82,,,,,20.25,61.25,1.27,235.25,,0.0,,709.0,
2024-07-25 02:00:00,,12.0,1.27,8.5,5.58,3.1,8.18,0.27,12.32,0.8,1.75,,,,,20.05,62.0,1.15,218.0,,0.0,,709.0,
2024-07-25 03:00:00,,,,,,,,,,,,,,,,,,,,,0.0,,,
2024-07-25 04:00:00,,,,,,,,,,,,,,,,,,,,,0.0,,,
2024-07-25 05:00:00,,,,,,,,,,,,,,,,,,,,,0.0,,,
2024-07-25 06:00:00,,,,,,,,,,,,,,,,,,,,,0.0,,,
2024-07-25 07:00:00,,,,,,,,,,,,,,,,,,,,,0.0,,,
2024-07-25 08:00:00,8.25,44.5,1.37,15.83,9.53,3.43,9.77,0.63,11.1,0.93,2.1,,,,,20.15,62.0,1.63,234.0,,0.0,,709.33,
2024-07-25 09:00:00,8.75,51.75,1.2,15.88,9.43,3.38,10.05,0.62,7.36,0.98,2.17,,,,,20.88,61.5,1.42,219.75,,0.0,,709.5,
2024-07-25 10:00:00,7.5,70.25,1.48,16.4,9.95,3.6,9.43,0.67,9.86,0.9,2.05,,,,,22.15,59.25,1.98,235.25,,0.0,,709.0,
2024-07-25 11:00:00,6.0,97.75,1.27,19.25,11.28,3.65,9.32,0.59,10.98,0.92,2.0,,,,,23.6,56.5,2.15,248.0,,0.0,,708.5,
2024-07-25 12:00:00,7.75,99.0,1.23,18.25,10.72,3.65,9.5,0.5,9.21,0.95,2.08,,,,,24.1,54.75,2.17,244.0,,0.0,,708.0,
2024-07-25 13:00:00,13.0,128.5,1.38,14.65,8.9,3.52,9.18,0.44,7.9,0.88,1.98,,,,,24.85,53.75,2.22,235.75,,0.0,,707.0,
2024-07-25 14:00:00,11.25,99.5,1.32,14.85,8.95,3.48,9.35,0.47,6.44,0.92,2.02,,,,,24.98,54.25,2.3,256.25,,0.0,,707.25,
2024-07-25 15:00:00,4.75,38.5,1.25,15.65,9.32,3.48,10.1,0.48,8.18,0.98,2.18,,,,,23.65,59.0,2.68,260.5,,0.0,,707.25,
2024-07-25 16:00:00,1.0,28.0,1.38,16.58,9.93,3.68,10.4,0.49,12.79,1.0,2.22,,,,,22.6,60.75,2.58,264.25,,0.0,,707.0,
2024-07-25 17:00:00,5.0,52.25,1.4,20.52,12.08,3.92,11.05,0.61,10.0,1.05,2.38,,,,,22.58,57.25,2.02,249.25,,0.0,,707.0,
2024-07-25 18:00:00,5.0,82.0,1.38,29.15,16.62,4.35,11.48,0.91,10.97,1.1,2.5,,,,,22.45,58.0,1.62,239.5,,0.0,,707.25,
2024-07-25 19:00:00,8.0,118.5,1.35,30.22,17.12,4.4,11.3,0.88,11.96,1.1,2.45,,,,,22.2,57.75,1.52,234.0,,0.0,,708.0,
2024-07-25 20:00:00,14.75,131.5,1.08,31.35,17.55,4.42,11.35,0.89,11.72,1.1,2.45,,,,,21.85,57.25,1.45,232.25,,0.0,,708.0,
2024-07-25 21:00:00,8.0,139.25,1.12,26.3,14.92,4.0,10.3,0.53,13.19,1.0,2.25,,,,,21.68,58.25,1.58,234.5,,0.0,,709.25,
2024-07-25 22:00:00,8.0,130.5,1.15,18.6,10.85,3.48,9.93,0.4,11.82,0.98,2.12,,,,,21.6,59.0,1.48,230.25,,0.0,,709.25,
2024-07-25 23:00:00,9.25,102.25,1.3,15.05,9.1,3.45,9.8,0.33,9.84,0.98,2.1,,,,,21.55,59.0,1.38,237.0,,0.0,,710.0,
2024-07-26 00:00:00,11.75,94.0,1.25,11.6,7.2,3.15,8.8,0.14,8.87,0.87,1.9,,,,,21.3,59.5,1.42,224.25,,0.0,,708.75,
2024-07-26 01:00:00,8.0,73.0,1.27,13.0,7.92,3.38,8.3,0.33,10.33,0.8,1.8,,,,,20.95,61.0,1.25,236.0,,0.0,,708.0,
2024-07-26 02:00:00,7.25,86.25,1.48,15.0,9.18,3.48,8.95,0.32,10.01,0.88,1.92,,,,,20.78,61.0,1.25,223.25,,0.0,,707.75,
2024-07-26 03:00:00,5.5,70.0,1.27,11.95,7.35,3.3,9.02,0.31,10.38,0.85,1.92,,,,,20.68,61.0,1.25,227.25,,0.0,,707.25,
2024-07-26 04:00:00,6.75,66.0,1.3,8.48,5.55,3.08,8.38,0.3,10.36,0.8,1.8,,,,,20.6,61.0,1.5,232.0,,0.0,,707.75,
2024-07-26 05:00:00,6.25,65.25,1.32,9.05,5.92,3.08,8.57,0.33,9.82,0.85,1.85,,,,,20.6,61.0,1.52,231.25,,0.0,,708.0,
2024-07-26 06:00:00,6.5,46.5,1.18,12.48,7.65,3.22,8.88,0.42,10.62,0.88,1.9,,,,,20.58,61.25,1.62,234.25,,0.0,,708.0,
2024-07-26 07:00:00,5.0,60.75,1.38,15.7,9.43,3.58,8.68,0.48,13.48,0.88,1.88,,,,,20.62,61.5,2.05,251.25,,0.0,,708.5,
2024-07-26 08:00:00,6.5,99.5,1.42,19.05,11.32,3.7,8.75,0.69,12.88,0.85,1.88,,,,,21.28,59.5,1.78,241.0,,0.0,,709.0,
2024-07-26 09:00:00,10.25,129.0,1.25,18.88,11.05,3.78,9.2,0.69,10.87,0.9,1.98,,,,,22.22,57.75,1.75,244.0,,0.0,,709.0,
2024-07-26 10:00:00,8.75,133.25,1.42,22.58,13.15,4.05,9.48,0.64,9.57,0.92,2.02,,,,,22.65,57.0,2.17,262.0,,0.0,,709.5,
2024-07-26 11:00:00,10.0,142.25,1.48,23.5,13.72,3.98,8.88,0.53,5.24,0.88,1.92,,,,,23.1,56.75,2.02,247.25,,0.0,,709.0,
2024-07-26 12:00:00,8.25,155.5,1.18,21.12,12.2,3.72,6.5,0.52,20.2,0.62,1.4,,,,,24.32,54.25,2.22,243.25,,0.0,,708.25,
2024-07-26 13:00:00,13.0,150.5,1.25,17.77,10.42,3.55,7.48,0.39,5.87,0.72,1.6,,,,,25.48,48.75,2.5,257.25,,0.0,,708.0,
2024-07-26 14:00:00,14.75,161.25,1.2,16.55,9.8,3.45,6.98,0.42,10.8,0.7,1.5,,,,,26.02,48.5,2.48,258.5,,0.0,,707.0,
2024-07-26 15:00:00,10.25,157.75,1.4,18.15,10.8,3.75,6.9,0.42,7.53,0.68,1.5,,,,,25.9,50.75,2.1,237.5,,0.0,,707.0,
2024-07-26 16:00:00,8.25,121.25,1.4,23.0,13.38,3.97,8.25,0.54,9.48,0.82,1.78,,,,,25.08,53.75,1.8,245.0,,0.0,,707.0,
2024-07-26 17:00:00,10.0,137.25,1.3,26.15,14.95,4.05,8.12,0.55,10.69,0.78,1.78,,,,,24.4,55.5,2.43,256.0,,0.0,,707.5,
2024-07-26 18:00:00,11.5,132.0,1.32,25.38,14.62,4.1,8.65,0.89,5.8,0.82,1.88,,,,,24.02,55.0,1.55,252.25,,0.0,,708.0,
2024-07-26 19:00:00,8.25,82.25,1.18,31.9,17.92,4.47,9.12,1.03,11.16,0.88,1.95,,,,,22.92,58.0,1.48,244.25,,0.0,,708.5,
2024-07-26 20:00:00,11.25,121.25,1.12,25.02,14.22,3.97,8.2,0.79,9.12,0.8,1.78,,,,,22.75,58.75,1.35,242.75,,0.0,,709.75,
2024-07-26 21:00:00,9.5,40.5,1.32,27.62,15.75,4.1,8.72,0.52,7.79,0.85,1.88,,,,,21.92,61.0,1.2,230.25,,0.0,,710.25,
2024-07-26 22:00:00,10.5,60.75,1.18,18.98,11.02,3.58,8.45,0.33,11.74,0.82,1.82,,,,,21.65,60.5,1.32,229.5,,0.0,,711.0,
2024-07-26 23:00:00,9.5,102.5,1.33,16.4,9.8,3.58,8.9,0.23,10.88,0.88,1.95,,,,,21.48,59.0,1.02,234.0,,0.0,,711.0,
2024-07-27 00:00:00,9.5,97.5,1.05,14.15,8.38,3.35,8.3,0.1,8.48,0.83,1.8,,,,,21.32,74.25,1.3,238.25,,0.0,,711.0,
2024-07-27 01:00:00,5.0,50.25,1.38,9.95,6.4,2.98,7.68,0.33,10.58,0.78,1.65,,,,,21.02,80.25,1.27,237.25,,0.0,,710.0,
2024-07-27 02:00:00,,39.75,1.23,9.2,5.9,3.1,7.1,0.3,9.99,0.7,1.55,,,,,20.72,81.0,1.52,239.75,,0.0,,709.0,
2024-07-27 03:00:00,3.0,18.75,1.32,8.22,5.45,3.05,6.85,0.29,11.05,0.68,1.48,,,,,20.48,81.0,1.23,233.75,,0.0,,708.5,
2024-07-27 04:00:00,4.0,33.5,1.2,9.68,6.12,3.1,7.28,0.32,9.7,0.72,1.58,,,,,20.38,80.75,1.4,231.5,,0.0,,708.5,
2024-07-27 05:00:00,6.5,45.75,1.27,10.6,6.68,3.3,7.48,0.34,10.22,0.72,1.6,,,,,20.32,80.0,1.78,236.5,,0.0,,709.25,
2024-07-27 06:00:00,4.25,49.0,1.38,16.5,9.88,3.68,7.52,0.44,8.76,0.75,1.65,,,,,20.45,80.25,1.78,240.25,,0.0,,710.0,
2024-07-27 07:00:00,2.25,54.5,1.3,17.75,10.5,3.68,8.38,0.5,12.04,0.8,1.8,,,,,20.72,81.0,1.92,250.0,,0.0,,710.0,
2024-07-27 08:00:00,3.0,89.25,1.27,14.9,8.95,3.38,7.8,0.52,12.49,0.78,1.68,,,,,21.35,80.0,2.62,261.5,,0.0,,710.0,
2024-07-27 09:00:00,5.25,91.0,1.38,16.68,9.98,3.52,8.22,0.48,8.97,0.8,1.78,,,,,22.15,76.75,2.52,258.5,,0.0,,711.0,
2024-07-27 10:00:00,10.5,101.0,1.35,17.73,10.52,3.6,8.22,0.48,11.3,0.8,1.8,,,,,22.58,75.25,2.33,259.5,,0.0,,710.5,
2024-07-27 11:00:00,6.75,126.75,1.2,19.08,11.12,3.65,8.4,0.46,13.92,0.82,1.8,,,,,23.7,72.0,2.52,261.0,,0.0,,709.75,
2024-07-27 12:00:00,10.0,159.25,1.4,20.78,12.18,3.72,7.88,0.49,15.24,0.78,1.72,,,,,25.0,67.75,2.8,265.5,,0.0,,709.0,
2024-07-27 13:00:00,11.75,217.0,1.38,17.3,10.3,3.58,7.68,0.36,11.55,0.72,1.65,,,,,26.38,63.5,3.3,262.5,,0.0,,708.0,
2024-07-27 14:00:00,8.0,213.0,1.25,16.32,9.68,3.65,7.08,0.42,11.81,0.7,1.52,,,,,27.02,62.0,3.05,259.75,,0.0,,707.25,
2024-07-27 15:00:00,9.25,171.75,1.48,20.28,11.98,3.85,7.55,0.51,9.96,0.7,1.62,,,,,27.42,62.25,2.45,257.25,,0.0,,707.0,
2024-07-27 16:00:00,12.0,172.75,1.25,21.3,12.32,3.75,7.15,0.41,9.17,0.7,1.55,,,,,27.38,63.25,3.02,266.5,,0.0,,707.0,
2024-07-27 17:00:00,10.0,185.5,1.5,20.25,11.98,3.88,8.43,0.56,13.23,0.82,1.82,,,,,26.82,64.25,2.4,262.0,,0.0,,707.25,
2024-07-27 18:00:00,12.75,154.25,1.02,20.38,11.68,3.78,7.57,0.54,13.16,0.7,1.62,,,,,25.88,65.0,2.33,256.75,,0.0,,708.5,
2024-07-27 19:00:00,12.0,152.75,1.15,22.72,13.05,3.82,8.3,0.65,8.36,0.8,1.78,,,,,24.35,65.25,2.02,249.75,,0.0,,709.5,
2024-07-27 20:00:00,11.75,143.5,1.45,20.65,12.18,3.92,8.2,0.61,,0.8,1.78,,,,,23.42,65.5,1.78,244.0,,0.0,,710.0,
2024-07-27 21:00:00,12.5,135.75,1.27,22.48,13.0,4.07,8.1,0.47,,0.78,1.72,,,,,22.8,64.25,1.72,239.5,,0.0,,710.0,
2024-07-27 22:00:00,14.75,131.25,1.08,20.08,11.52,3.8,7.98,0.39,,0.8,1.7,,,,,22.35,65.5,1.72,240.75,,0.0,,710.25,
2024-07-27 23:00:00,8.25,111.25,1.15,15.9,9.4,3.48,7.6,0.26,,0.75,1.65,,,,,21.78,68.0,1.82,234.0,,0.0,,710.0,
2024-07-28 00:00:00,8.25,85.25,1.27,12.95,7.9,3.42,7.8,0.22,,0.77,1.67,,,,,21.32,71.25,1.9,231.5,,0.0,,709.5,
2024-07-28 01:00:00,6.75,82.75,1.45,10.0,6.5,3.2,7.2,0.36,,0.7,1.58,,,,,21.05,72.0,1.65,240.75,,0.0,,708.5,
2024-07-28 02:00:00,8.75,72.5,1.48,9.72,6.35,3.15,7.8,0.34,,0.75,1.68,,,,,20.85,72.0,1.82,233.5,,0.0,,707.75,
2024-07-28 03:00:00,7.5,69.0,1.18,11.1,6.88,3.22,7.85,0.32,,0.78,1.7,,,,,20.7,72.0,1.78,232.0,,0.0,,707.0,
2024-07-28 04:00:00,5.75,60.5,1.27,10.58,6.68,3.22,8.2,0.33,,0.8,1.75,,,,,20.7,72.25,1.7,230.5,,0.0,,707.0,
2024-07-28 05:00:00,5.0,56.5,1.45,9.7,6.35,3.12,7.85,0.34,,0.78,1.7,,,,,20.68,73.5,1.72,231.25,,0.0,,707.0,
2024-07-28 06:00:00,5.5,75.5,1.45,11.25,7.18,3.3,7.8,0.38,,0.75,1.68,,,,,20.62,75.25,1.65,235.0,,0.0,,708.0,
2024-07-28 07:00:00,7.5,96.5,1.3,12.98,7.95,3.35,7.82,0.4,,0.75,1.72,,,,,20.8,76.0,1.72,229.5,,0.0,,708.75,
2024-07-28 08:00:00,11.25,86.0,1.27,12.72,7.82,3.32,8.43,0.44,,0.8,1.82,,,,,21.33,75.75,1.55,229.0,,0.0,,709.0,
2024-07-28 09:00:00,16.75,97.75,1.38,12.58,7.78,3.35,8.0,0.46,,0.8,1.72,,,,,22.15,74.5,1.75,233.25,,0.0,,709.0,
2024-07-28 10:00:00,13.25,112.0,1.18,14.48,8.68,3.45,8.22,0.5,,0.8,1.75,,,,,22.92,72.75,1.72,239.75,,0.0,,709.0,
2024-07-28 11:00:00,13.75,130.0,1.23,14.18,8.57,3.42,7.95,0.48,,0.78,1.72,,,,,23.98,72.0,2.08,230.0,,0.0,,708.0,
2024-07-28 12:00:00,13.25,128.5,1.3,11.3,7.05,3.2,7.82,0.4,,0.75,1.68,,,,,24.18,72.25,1.68,205.75,,0.0,,707.25,
2024-07-28 13:00:00,12.5,123.25,1.45,10.12,6.6,3.18,7.82,0.44,,0.78,1.7,,,,,24.28,72.75,1.8,221.0,,0.0,,707.0,
2024-07-28 14:00:00,9.25,124.25,1.4,10.72,6.88,3.3,7.35,0.42,,0.72,1.58,,,,,24.9,72.0,2.02,217.0,,0.0,,706.0,
2024-07-28 15:00:00,12.75,126.0,1.27,10.1,6.42,3.1,7.38,0.38,,0.72,1.6,,,,,25.05,72.25,1.88,219.75,,0.0,,706.0,
2024-07-28 16:00:00,11.25,106.0,1.45,10.82,6.9,3.05,7.45,0.43,,0.75,1.62,,,,,24.7,72.75,2.1,232.5,,0.0,,705.0,
2024-07-28 17:00:00,9.75,119.5,1.45,12.88,8.05,3.12,6.88,0.35,,0.7,1.5,,,,,24.88,71.5,1.9,229.5,,0.0,,705.25,
2024-07-28 18:00:00,10.75,119.0,1.45,12.6,7.88,3.12,7.18,0.32,,0.7,1.55,,,,,24.3,70.75,1.92,229.75,,0.0,,706.25,
2024-07-28 19:00:00,7.0,104.75,1.32,13.4,8.25,3.3,7.45,0.35,,0.75,1.6,,,,,23.52,73.75,1.62,226.75,,0.0,,707.0,
2024-07-28 20:00:00,7.0,102.75,1.2,12.85,7.82,3.32,8.22,0.34,,0.8,1.78,,,,,22.82,76.25,1.6,227.75,,0.0,,707.5,
2024-07-28 21:00:00,6.75,89.0,1.3,12.0,7.42,3.2,7.8,0.46,,0.75,1.7,,,,,22.2,77.0,1.6,222.5,,0.0,,708.0,
2024-07-28 22:00:00,6.25,85.75,1.27,11.25,7.02,3.2,8.45,0.4,,0.82,1.82,,,,,21.85,76.75,1.52,224.25,,0.0,,708.0,
2024-07-28 23:00:00,8.25,85.75,1.23,11.3,6.98,3.25,8.45,0.36,,0.85,1.82,,,,,21.68,75.5,1.6,230.75,,0.0,,707.5,
2024-07-29 00:00:00,11.25,83.25,1.23,9.25,5.93,2.95,7.6,0.31,,0.73,1.67,,,,,21.45,74.0,1.48,220.0,,0.0,,706.75,
2024-07-29 01:00:00,8.75,69.0,1.25,7.28,4.88,2.95,7.9,0.3,,0.78,1.7,,,,,20.85,74.25,1.4,196.0,,0.0,,706.0,
2024-07-29 02:00:00,7.25,63.0,1.15,6.92,4.6,2.98,8.22,0.29,,0.8,1.78,,,,,20.35,75.5,1.45,208.25,,0.0,,706.0,
2024-07-29 03:00:00,4.0,44.0,1.1,6.32,4.25,2.92,7.92,0.29,,0.78,1.72,,,,,20.2,77.5,1.42,207.75,,0.0,,706.0,
2024-07-29 04:00:00,1.25,44.75,1.35,7.62,5.18,3.05,8.22,0.32,,0.82,1.78,,,,,20.23,79.25,1.12,205.0,,0.0,,705.75,
2024-07-29 05:00:00,2.25,56.75,1.25,9.28,5.95,3.1,8.98,0.31,,0.88,1.92,,,,,20.32,80.0,1.58,224.5,,0.0,,706.0,
2024-07-29 06:00:00,4.5,64.75,1.38,10.7,6.82,3.3,8.75,0.36,,0.88,1.88,,,,,20.4,80.0,1.48,219.5,,0.0,,706.0,
2024-07-29 07:00:00,9.75,83.0,1.2,13.15,8.0,3.3,8.72,0.44,,0.88,1.88,,,,,20.47,80.25,1.52,223.0,,0.0,,707.0,
2024-07-29 08:00:00,12.5,93.25,1.15,15.08,8.98,3.42,8.18,0.57,,0.8,1.78,,,,,20.95,80.5,1.7,219.5,,0.0,,707.0,
2024-07-29 09:00:00,15.25,123.5,1.27,16.6,9.82,3.45,8.62,0.57,,0.85,1.85,,,,,22.2,78.5,1.88,227.0,,0.0,,707.75,
2024-07-29 10:00:00,19.0,151.0,1.27,19.23,11.3,3.62,9.1,0.61,,0.9,1.98,,,,,24.1,76.5,1.72,232.5,,0.0,,707.75,
2024-07-29 11:00:00,20.0,159.25,1.42,20.78,12.2,3.72,8.98,0.63,9.01,0.85,1.95,,,,,25.62,74.5,1.8,233.0,,0.0,,707.0,
2024-07-29 12:00:00,22.25,162.75,1.62,19.58,11.7,3.7,9.43,0.64,6.14,0.9,2.05,,,,,26.62,72.75,1.98,237.0,,0.0,,706.5,
2024-07-29 13:00:00,21.0,153.0,1.38,16.42,9.85,3.5,8.35,0.51,5.28,0.8,1.82,,,,,26.85,71.75,1.7,225.25,,0.0,,706.0,
2024-07-29 14:00:00,20.75,148.5,1.27,14.75,8.9,3.42,8.6,0.51,3.93,0.82,1.85,,,,,27.35,71.0,1.95,231.75,,0.0,,705.5,
2024-07-29 15:00:00,15.0,138.75,1.35,18.68,11.02,3.7,8.25,0.58,2.22,0.78,1.8,,,,,27.58,71.0,1.75,234.75,,0.0,,705.0,
2024-07-29 16:00:00,24.75,139.0,1.23,29.42,16.62,4.32,9.93,0.48,,0.98,2.15,,,,,27.48,71.75,1.82,193.5,,0.0,,705.0,
2024-07-29 17:00:00,19.0,112.75,1.0,26.8,15.05,3.65,9.95,0.52,8.67,0.98,2.12,,,,,26.05,74.0,1.45,210.5,,0.0,,705.75,
2024-07-29 18:00:00,21.25,136.75,1.45,26.98,15.52,4.1,9.45,0.74,6.25,0.95,2.02,,,,,24.7,74.75,1.18,215.0,,0.0,,706.25,
2024-07-29 19:00:00,20.25,154.75,1.08,26.98,15.22,4.03,9.85,0.94,5.68,0.95,2.12,,,,,24.6,77.0,1.33,233.5,,0.0,,707.25,
2024-07-29 20:00:00,23.0,162.25,1.18,24.52,14.0,3.92,9.68,0.74,,0.95,2.1,,,,,24.18,77.0,1.58,229.5,,0.0,,708.0,
2024-07-29 21:00:00,21.0,124.5,1.1,19.33,11.18,3.65,9.55,0.59,,0.92,2.08,,,,,23.68,77.75,1.2,222.5,,0.0,,709.0,
2024-07-29 22:00:00,23.0,115.75,1.42,16.73,10.02,3.32,8.75,0.5,,0.85,1.9,,,,,23.12,80.5,1.45,205.25,,0.0,,710.0,
2024-07-29 23:00:00,16.5,79.25,1.25,10.05,6.35,3.0,8.32,0.39,,0.8,1.8,,,,,22.48,82.0,1.38,208.5,,0.0,,709.75,
2024-07-30 00:00:00,5.25,60.75,1.38,8.57,5.68,2.92,8.2,0.36,,0.8,1.77,,,,,22.0,81.75,1.52,222.25,,0.0,,709.5,
2024-07-30 01:00:00,3.75,47.0,1.35,7.18,4.9,2.98,7.75,0.3,,0.75,1.65,,,,,21.58,81.0,1.38,227.25,,0.0,,709.0,
2024-07-30 02:00:00,5.25,16.0,1.32,6.48,4.5,2.92,7.75,0.3,,0.75,1.68,,,,,21.1,81.5,1.32,212.25,,0.0,,709.0,
2024-07-30 03:00:00,3.0,12.5,1.3,6.75,4.65,2.95,7.58,0.3,,0.72,1.65,,,,,20.78,83.0,1.12,205.5,,0.0,,709.0,
2024-07-30 04:00:00,,11.75,1.5,7.1,5.0,2.88,7.25,0.28,,0.7,1.55,,,,,20.65,82.75,1.18,194.25,,0.0,,709.0,
2024-07-30 05:00:00,2.0,13.5,1.3,10.5,6.62,3.2,8.07,0.35,,0.78,1.75,,,,,20.45,82.0,1.08,205.75,,0.0,,709.0,
2024-07-30 06:00:00,2.0,14.75,1.33,13.92,8.5,3.5,7.98,0.44,,0.78,1.72,,,,,20.3,82.0,1.38,206.75,,0.0,,710.0,
2024-07-30 07:00:00,2.0,33.25,1.32,16.62,9.88,3.5,8.55,0.53,,0.8,1.88,,,,,20.38,81.75,1.38,230.5,,0.0,,710.25,
2024-07-30 08:00:00,8.0,66.0,1.45,15.95,9.7,3.5,8.43,0.54,,0.82,1.82,,,,,20.88,80.5,1.55,215.25,,0.0,,711.25,
2024-07-30 09:00:00,8.0,76.25,1.55,16.23,9.93,3.6,8.72,0.71,,0.88,1.9,,,,,21.88,79.0,1.48,215.0,,0.0,,712.0,
2024-07-30 10:00:00,8.0,88.5,1.6,20.85,12.4,3.88,8.62,0.73,,0.85,1.85,,,,,22.42,78.75,1.62,225.5,,0.0,,712.0,
2024-07-30 11:00:00,6.5,88.5,1.35,20.3,11.92,3.8,8.55,0.6,45.82,0.82,1.85,,,,,22.52,77.75,1.65,209.0,,0.0,,711.25,
2024-07-30 12:00:00,3.5,94.5,1.23,20.9,12.1,3.85,8.65,0.54,16.69,0.8,1.88,,,,,22.95,76.5,1.72,221.75,,0.0,,710.25,
2024-07-30 13:00:00,8.25,96.25,1.05,14.5,8.52,3.38,7.88,0.46,15.23,0.75,1.7,,,,,24.22,75.0,1.7,225.75,,0.0,,709.75,
2024-07-30 14:00:00,10.25,90.25,1.32,14.73,8.9,3.38,8.15,0.52,13.89,0.8,1.75,,,,,25.15,74.5,1.82,226.5,,0.0,,709.0,
2024-07-30 15:00:00,13.5,101.0,1.32,19.15,11.25,3.75,8.85,0.32,14.92,0.88,1.9,,,,,25.85,73.0,1.72,225.75,,0.0,,709.0,
2024-07-30 16:00:00,12.0,111.75,1.25,15.8,9.4,3.42,10.0,0.24,14.98,0.98,2.12,,,,,25.58,73.25,1.9,212.5,,0.0,,709.0,
2024-07-30 17:00:00,11.25,88.25,1.12,15.32,9.07,3.55,10.32,0.51,13.91,1.02,2.22,,,,,24.3,75.0,2.1,231.75,,0.0,,710.0,
2024-07-30 18:00:00,8.5,29.25,1.23,20.35,11.82,3.9,10.12,0.85,15.1,1.0,2.18,,,,,21.42,79.0,1.6,228.25,,0.0,,711.0,
2024-07-30 19:00:00,7.5,29.25,1.2,28.85,16.3,4.47,10.92,1.17,14.74,1.08,2.35,,,,,20.9,82.0,1.42,231.75,,0.0,,711.5,
2024-07-30 20:00:00,8.0,26.0,1.0,29.3,16.4,4.45,11.98,1.05,16.03,1.18,2.55,,,,,20.88,82.0,1.3,234.75,,0.0,,712.25,
2024-07-30 21:00:00,5.75,28.75,1.3,30.4,17.2,4.38,12.1,0.63,14.9,1.18,2.6,,,,,20.8,81.75,1.3,230.25,,0.0,,713.0,
2024-07-30 22:00:00,9.5,47.5,1.15,23.2,13.27,4.0,10.45,0.36,16.45,1.03,2.25,,,,,20.75,80.75,1.32,220.75,,0.0,,712.75,
2024-07-30 23:00:00,12.5,53.5,1.32,18.05,10.68,3.8,9.55,0.23,15.69,0.9,2.08,,,,,20.55,79.75,1.45,227.75,,0.0,,712.0,
2024-07-31 00:00:00,7.5,55.5,1.18,12.88,7.8,3.45,8.43,0.16,15.26,0.83,1.8,,,,,20.38,79.0,1.5,230.25,,0.0,,712.0,
2024-07-31 01:00:00,6.0,45.5,1.3,8.82,5.78,3.12,7.85,0.43,15.3,0.75,1.7,,,,,20.25,79.25,1.62,232.0,,0.0,,711.0,
2024-07-31 02:00:00,5.25,40.0,1.32,7.62,5.12,3.02,8.52,0.43,15.19,0.82,1.85,,,,,20.08,80.0,1.38,229.5,,0.0,,710.0,
2024-07-31 03:00:00,3.75,46.0,1.32,7.32,4.95,3.02,8.62,0.43,15.5,0.88,1.85,,,,,20.0,80.25,1.48,231.75,,0.0,,710.0,
2024-07-31 04:00:00,6.75,49.0,1.25,8.52,5.52,3.28,8.55,0.44,14.98,0.8,1.85,,,,,20.05,81.0,1.55,231.75,,0.0,,710.25,
2024-07-31 05:00:00,12.25,64.75,1.45,13.6,8.38,3.62,8.45,0.39,15.75,0.82,1.8,,,,,20.23,81.25,1.23,236.75,,0.0,,710.75,
2024-07-31 06:00:00,20.5,87.75,1.35,21.82,12.68,4.08,8.8,0.47,15.7,0.85,1.9,,,,,20.3,81.75,1.27,225.75,,0.0,,711.25,
2024-07-31 07:00:00,17.0,101.25,0.98,22.15,12.58,3.95,8.88,0.52,15.41,0.88,1.92,,,,,20.32,80.75,1.18,210.5,,0.0,,712.0,
2024-07-31 08:00:00,18.5,118.0,1.27,15.35,9.2,3.52,8.43,0.6,15.68,0.8,1.82,,,,,20.52,79.75,1.38,207.0,,0.0,,712.5,
2024-07-31 09:00:00,16.25,133.5,1.65,18.75,11.35,3.75,9.32,0.69,15.09,0.92,2.0,,,,,21.15,78.75,1.23,225.5,,0.0,,713.0,
2024-07-31 10:00:00,21.75,166.25,1.27,18.48,10.85,3.45,9.05,0.55,14.92,0.88,1.95,,,,,22.28,77.25,1.48,215.0,,0.0,,713.0,
2024-07-31 11:00:00,20.25,152.5,1.42,18.48,10.98,3.52,9.57,0.46,14.5,0.95,2.05,,,,,23.58,75.0,1.4,220.25,,0.0,,712.0,
2024-07-31 12:00:00,25.75,157.5,1.12,19.73,11.4,3.8,9.57,0.43,14.5,0.95,2.05,,,,,24.38,74.75,1.35,211.5,,0.0,,711.5,
2024-07-31 13:00:00,23.25,174.25,0.85,18.1,10.35,3.55,9.15,0.45,14.88,0.9,1.95,,,,,25.38,73.75,1.32,212.5,,0.0,,710.75,
2024-07-31 14:00:00,26.5,195.5,1.27,15.5,9.25,3.4,9.45,0.42,14.58,0.92,2.02,,,,,26.02,73.0,1.23,216.5,,0.0,,710.0,
2024-07-31 15:00:00,21.75,191.75,1.5,14.4,8.88,3.4,9.3,0.31,14.72,0.9,2.0,,,,,26.58,72.5,1.35,204.0,,0.0,,709.75,
2024-07-31 16:00:00,17.25,160.25,1.27,29.85,16.92,4.35,10.22,0.4,15.4,1.0,2.22,,,,,27.08,71.25,1.18,209.0,,0.0,,709.0,
2024-07-31 17:00:00,33.25,199.0,1.6,29.05,16.77,4.38,10.12,0.81,13.81,1.0,2.2,,,,,26.78,72.0,1.5,243.5,,0.0,,709.5,
2024-07-31 18:00:00,36.0,235.0,1.32,31.88,18.08,4.6,10.02,0.62,14.7,0.98,2.18,,,,,24.78,73.0,1.25,220.25,,0.0,,711.75,
2024-07-31 19:00:00,35.5,47.25,1.18,26.65,15.1,4.15,9.72,0.79,15.4,0.95,2.1,,,,,20.72,77.25,0.9,220.25,,0.0,,712.25,
2024-07-31 20:00:00,16.0,23.5,1.42,31.15,17.73,4.6,10.02,1.11,15.11,1.0,2.15,,,,,20.48,81.25,1.12,200.25,,0.0,,713.5,
2024-07-31 21:00:00,8.0,23.0,1.33,30.98,17.5,4.35,9.85,0.39,14.85,0.92,2.15,,,,,20.4,82.0,1.4,190.5,,0.0,,714.0,
2024-07-31 22:00:00,10.0,29.0,1.23,25.0,14.32,3.98,8.02,0.57,7.01,0.78,1.72,,,,,20.35,80.5,1.27,205.75,,0.0,,714.0,
2024-07-31 23:00:00,16.0,38.0,1.3,21.8,12.63,3.77,8.43,0.41,22.02,0.83,1.83,,,,,20.2,76.0,1.27,215.67,,0.0,,713.67,
2024-08-01 00:00:00,7.25,24.0,1.38,12.75,7.88,3.32,9.1,0.37,13.38,0.9,1.97,,,,,20.18,72.25,1.08,225.75,,0.0,,713.0,
2024-08-01 01:00:00,4.0,28.0,1.48,9.28,6.12,2.98,8.38,0.3,15.18,0.8,1.8,,,,,20.1,76.5,1.2,244.75,,0.0,,711.75,
2024-08-01 02:00:00,1.25,32.25,1.32,9.58,6.15,3.12,8.5,0.34,15.18,0.8,1.85,,,,,20.12,78.25,1.12,240.0,,0.0,,710.25,
2024-08-01 03:00:00,3.0,35.5,1.27,9.07,5.85,3.15,8.35,0.29,15.37,0.8,1.8,,,,,20.18,79.0,1.05,233.0,,0.0,,710.0,
2024-08-01 04:00:00,6.5,33.75,1.32,9.5,6.12,2.98,7.8,0.28,14.63,0.75,1.68,,,,,20.05,79.25,1.32,233.5,,0.0,,710.0,
2024-08-01 05:00:00,7.75,39.25,1.45,12.22,7.65,3.38,8.02,0.38,15.84,0.78,1.75,,,,,19.9,80.0,1.15,234.25,,0.0,,710.0,
2024-08-01 06:00:00,8.75,58.5,1.35,17.15,10.22,3.55,8.72,0.44,15.17,0.85,1.88,,,,,19.88,80.0,1.15,226.25,,0.0,,710.5,
2024-08-01 07:00:00,14.0,62.5,1.23,22.6,13.0,4.02,9.07,0.44,15.73,0.9,1.95,,,,,19.85,79.75,1.25,216.25,,0.0,,711.0,
2024-08-01 08:00:00,14.0,73.0,1.08,15.58,9.18,3.7,9.0,0.54,14.43,0.88,1.95,,,,,20.2,78.75,1.5,222.75,,0.0,,712.0,
2024-08-01 09:00:00,14.5,84.0,1.42,23.48,13.6,4.47,9.45,0.58,14.28,0.9,2.05,,,,,21.05,77.75,1.42,207.25,,0.0,,712.5,
2024-08-01 10:00:00,16.75,97.75,1.15,25.3,14.4,4.25,9.45,0.53,14.93,0.95,2.02,,,,,22.2,76.25,1.68,222.0,,0.0,,713.0,
2024-08-01 11:00:00,18.5,136.25,1.3,23.08,13.35,4.0,9.32,0.48,15.03,0.9,2.0,,,,,23.72,73.5,1.88,233.5,,0.0,,712.0,
2024-08-01 12:00:00,19.0,192.5,1.18,24.95,14.25,4.07,9.65,0.47,14.92,0.92,2.08,,,,,24.82,71.75,1.8,241.0,,0.0,,711.75,
2024-08-01 13:00:00,24.5,222.5,1.15,18.1,10.55,3.65,8.7,0.29,14.98,0.85,1.85,,,,,25.25,71.25,1.88,232.0,,0.0,,711.0,
2024-08-01 14:00:00,20.5,204.75,1.7,18.58,11.25,3.75,9.3,0.33,15.26,0.92,2.0,,,,,25.58,71.75,1.8,217.0,,0.0,,710.25,
2024-08-01 15:00:00,15.25,171.0,1.23,27.35,15.52,4.2,9.57,0.37,15.74,0.95,2.08,,,,,26.35,70.75,1.7,228.5,,0.0,,709.75,
2024-08-01 16:00:00,20.0,185.0,0.95,19.62,11.2,3.7,18.9,0.59,14.55,1.8,4.1,,,,,27.12,70.0,1.72,214.5,,0.0,,709.0,
2024-08-01 17:00:00,15.5,157.75,1.48,16.82,10.12,3.65,9.93,0.63,,0.98,2.15,,,,,26.52,70.75,1.75,204.5,,0.0,,710.0,
2024-08-01 18:00:00,16.5,110.25,1.32,22.25,12.9,4.07,9.38,1.07,,0.92,2.02,,,,,24.2,73.75,1.42,206.5,,0.0,,711.0,
2024-08-01 19:00:00,6.0,105.0,1.12,25.28,14.32,4.1,9.45,1.22,,0.9,2.02,,,,,23.22,76.5,1.23,201.75,,0.0,,712.0,
2024-08-01 20:00:00,18.0,107.0,1.35,20.27,11.85,3.68,8.93,0.85,,0.88,1.92,,,,,22.78,78.25,1.27,195.0,,0.0,,712.5,
2024-08-01 21:00:00,17.0,115.75,1.3,17.85,10.58,3.55,8.95,0.7,27.57,0.9,1.92,,,,,22.0,79.0,1.12,210.75,,0.0,,713.0,
2024-08-01 22:00:00,13.25,145.25,1.15,19.68,11.4,3.78,9.2,0.65,20.17,0.9,2.0,,,,,21.7,79.0,1.23,225.5,,0.0,,713.0,
2024-08-01 23:00:00,9.5,141.25,1.12,16.62,9.78,3.6,8.55,0.24,23.52,0.82,1.85,,,,,21.62,79.25,1.25,211.75,,0.0,,713.0,
2024-08-02 00:00:00,4.25,101.75,1.6,14.77,9.15,3.75,7.17,0.09,25.27,0.7,1.53,,,,,21.32,80.0,1.2,234.0,,0.0,,712.25,
2024-08-02 01:00:00,3.0,85.75,1.48,12.9,8.07,3.45,6.65,0.69,26.52,0.68,1.42,,,,,21.0,80.0,1.25,222.75,,0.0,,711.25,
2024-08-02 02:00:00,5.25,20.0,1.15,8.72,5.58,3.08,7.25,0.55,24.51,0.7,1.58,,,,,20.65,80.25,1.2,227.0,,0.0,,711.0,
2024-08-02 03:00:00,2.5,17.25,1.27,9.7,6.22,3.15,6.85,0.55,24.72,0.65,1.48,,,,,20.5,81.0,1.42,227.25,,0.0,,711.0,
2024-08-02 04:00:00,2.0,27.0,1.2,8.72,5.65,3.05,6.7,0.62,24.4,0.68,1.48,,,,,20.48,81.0,1.4,232.5,,0.0,,710.75,
2024-08-02 05:00:00,6.5,29.75,1.25,12.25,7.55,3.38,7.42,0.58,21.09,0.72,1.58,,,,,20.42,81.0,1.18,231.75,,0.0,,710.0,
2024-08-02 06:00:00,10.25,43.0,1.15,14.78,8.78,3.52,7.48,0.89,21.54,0.75,1.62,,,,,20.5,80.75,1.35,224.75,,0.0,,711.0,
2024-08-02 07:00:00,10.0,63.0,1.42,15.45,9.4,3.58,7.78,0.94,22.93,0.75,1.68,,,,,20.52,79.75,1.48,231.25,,0.0,,711.75,
2024-08-02 08:00:00,15.5,83.0,1.3,17.27,10.25,3.62,7.52,1.31,21.15,0.72,1.62,,,,,20.72,78.75,1.45,219.25,,0.0,,712.0,
2024-08-02 09:00:00,12.75,99.0,1.55,14.48,8.95,3.48,7.62,0.82,33.1,0.78,1.65,,,,,21.5,77.25,1.95,214.75,,0.0,,712.0,
2024-08-02 10:00:00,10.25,110.75,1.5,19.05,11.35,3.95,8.38,0.96,32.86,0.8,1.78,,,,,23.12,74.5,1.8,228.25,,0.0,,712.0,
2024-08-02 11:00:00,14.5,141.25,1.4,19.92,11.75,3.9,8.3,0.93,32.91,0.82,1.78,,,,,24.6,72.75,1.75,224.0,,0.0,,712.0,
2024-08-02 12:00:00,16.5,158.0,1.5,20.58,12.15,3.95,7.82,0.78,37.82,0.72,1.7,,,,,25.42,71.75,1.82,215.25,,0.0,,711.25,
2024-08-02 13:00:00,16.75,165.75,0.82,19.55,11.08,3.35,8.32,0.38,53.39,0.8,1.8,,,,,26.35,71.0,1.78,217.5,,0.0,,710.25,
2024-08-02 14:00:00,12.75,144.75,1.25,11.55,7.15,3.2,8.68,0.53,55.31,0.88,1.88,,,,,27.1,71.0,1.7,214.75,,0.0,,710.0,
2024-08-02 15:00:00,13.0,124.75,1.25,15.7,9.38,3.6,9.2,0.46,38.14,0.9,1.98,,,,,26.55,71.25,1.9,219.5,,0.0,,710.0,
2024-08-02 16:00:00,13.75,110.25,1.27,14.02,8.45,3.48,8.28,0.53,22.81,0.82,1.78,,,,,24.1,74.25,1.35,195.0,,0.0,,710.0,
2024-08-02 17:00:00,6.75,28.25,1.62,22.5,13.28,4.03,8.43,0.99,22.35,0.8,1.8,,,,,21.75,81.25,1.35,216.25,,0.0,,710.0,
2024-08-02 18:00:00,6.0,42.0,1.5,25.3,13.8,3.2,9.25,1.48,21.45,0.9,2.02,,,,,22.0,81.75,1.5,222.5,,0.0,,710.75,
2024-08-02 19:00:00,6.0,46.25,1.3,30.68,17.38,2.78,10.05,1.73,16.12,1.0,2.15,,,,,22.3,80.75,1.25,225.25,,0.0,,711.25,
2024-08-02 20:00:00,6.75,53.75,1.42,28.25,16.2,2.95,11.52,1.46,19.27,1.12,2.5,,,,,22.28,80.0,1.48,229.25,,0.0,,712.0,
2024-08-02 21:00:00,10.0,69.0,1.12,23.95,13.65,2.9,11.48,0.87,20.31,1.1,2.45,,,,,22.12,79.75,1.38,226.75,,0.0,,713.0,
2024-08-02 22:00:00,11.5,78.5,1.27,21.2,12.3,2.8,10.7,0.61,22.26,1.08,2.33,,,,,21.78,78.75,1.38,224.5,,0.0,,713.5,
2024-08-02 23:00:00,8.5,69.0,1.12,16.08,9.48,2.85,10.15,0.5,22.24,1.0,2.17,,,,,21.3,77.75,1.4,226.0,,0.0,,713.75,
2024-08-03 00:00:00,11.5,64.0,1.27,13.62,8.25,2.72,9.7,0.28,24.1,0.97,2.1,,,,,20.92,77.25,1.35,230.5,,0.0,,713.0,
2024-08-03 01:00:00,8.0,65.5,1.15,12.0,7.32,2.72,8.18,0.04,25.82,0.78,1.78,,,,,20.62,77.75,1.32,225.5,,0.0,,712.0,
2024-08-03 02:00:00,12.5,62.0,1.25,11.2,6.95,2.78,7.88,0.04,28.0,0.78,1.7,,,,,20.27,77.0,1.32,225.75,,0.0,,711.75,
2024-08-03 03:00:00,14.25,67.0,1.25,10.65,6.7,2.82,7.22,0.01,25.59,0.7,1.55,,,,,19.95,77.0,1.32,225.25,,0.0,,711.0,
2024-08-03 04:00:00,7.5,79.75,1.25,11.35,7.05,2.88,7.35,0.04,26.03,0.7,1.58,,,,,19.75,77.25,1.32,218.25,,0.0,,711.0,
2024-08-03 05:00:00,12.0,89.75,1.45,13.25,8.22,2.75,8.02,0.23,21.43,0.8,1.72,,,,,19.58,78.0,1.45,232.0,,0.0,,712.0,
2024-08-03 06:00:00,11.25,96.25,1.18,15.15,9.0,2.82,8.43,0.17,21.21,0.8,1.8,,,,,19.55,78.0,1.23,225.0,,0.0,,712.0,
2024-08-03 07:00:00,9.75,125.0,1.42,15.22,9.25,2.78,8.07,0.17,22.54,0.75,1.75,,,,,19.73,78.0,1.23,203.75,,0.0,,712.0,
2024-08-03 08:00:00,13.5,123.5,1.23,14.1,8.5,2.82,8.57,0.38,18.6,0.82,1.85,,,,,19.98,77.75,1.23,221.75,,0.0,,713.0,
2024-08-03 09:00:00,18.25,132.75,1.38,18.25,10.82,2.8,9.32,0.45,16.87,0.9,2.02,,,,,20.72,76.75,1.65,211.75,,0.0,,713.25,
2024-08-03 10:00:00,18.5,127.25,1.3,19.27,11.3,2.92,8.93,0.41,19.55,0.85,1.95,,,,,21.9,75.25,1.7,229.5,,0.0,,713.0,
2024-08-03 11:00:00,17.0,159.0,1.48,21.1,12.45,3.0,8.62,0.59,19.68,0.85,1.85,,,,,23.52,72.75,1.68,239.5,,0.0,,713.0,
2024-08-03 12:00:00,20.25,187.0,1.2,22.58,12.98,2.85,8.88,0.51,21.67,0.88,1.92,,,,,24.02,72.0,1.52,224.5,,0.0,,712.5,
2024-08-03 13:00:00,26.0,172.25,1.45,23.75,13.8,3.0,8.85,0.99,17.03,0.88,1.9,,,,,24.45,72.5,1.55,242.5,,0.0,,711.75,
2024-08-03 14:00:00,13.25,154.5,1.32,23.78,13.72,2.88,8.82,0.62,21.98,0.88,1.9,,,,,24.85,73.75,1.6,230.0,,0.0,,711.0,
2024-08-03 15:00:00,11.75,183.25,1.2,24.05,13.75,2.98,8.3,0.68,20.65,0.8,1.8,,,,,25.75,72.75,1.6,226.0,,0.0,,710.25,
2024-08-03 16:00:00,15.0,219.5,1.25,26.52,15.12,3.12,8.5,1.0,17.53,0.85,1.85,,,,,26.15,72.0,1.42,234.5,,0.0,,710.0,
2024-08-03 17:00:00,19.25,288.5,1.27,27.45,15.65,3.05,7.62,1.02,15.72,0.75,1.65,,,,,25.88,72.0,1.32,255.75,,0.0,,711.0,
2024-08-03 18:00:00,23.0,260.5,1.38,31.78,18.02,3.05,7.88,1.56,14.04,0.78,1.7,,,,,25.38,72.25,1.15,254.75,,0.0,,711.75,
2024-08-03 19:00:00,21.5,252.75,1.27,30.02,17.03,2.95,7.55,1.59,13.34,0.72,1.62,,,,,24.8,73.25,1.3,235.5,,0.0,,712.75,
2024-08-03 20:00:00,16.0,189.75,1.2,22.98,13.25,2.9,5.9,1.05,13.21,0.55,1.27,,,,,23.95,74.5,1.08,219.5,,0.0,,714.0,
2024-08-03 21:00:00,12.75,169.25,1.35,22.12,12.88,2.92,5.6,0.82,13.88,0.55,1.23,,,,,23.08,75.75,1.3,228.75,,0.0,,714.5,
2024-08-03 22:00:00,13.25,164.75,1.32,20.0,11.68,3.0,5.18,0.57,13.92,0.5,1.1,,,,,22.5,75.25,1.1,226.75,,0.0,,715.0,
2024-08-03 23:00:00,16.75,107.25,1.38,17.25,10.3,2.88,5.28,0.33,13.8,0.5,1.15,,,,,21.78,76.5,0.98,211.0,,0.0,,714.75,
2024-08-04 00:00:00,12.75,91.0,1.25,16.5,9.78,2.85,6.17,0.24,15.14,0.6,1.33,,,,,21.35,78.0,1.02,217.75,,0.0,,714.0,
2024-08-04 01:00:00,4.5,91.5,1.4,14.98,9.1,2.92,6.18,0.47,15.03,0.6,1.32,,,,,21.15,78.0,1.23,229.0,,0.0,,713.0,
2024-08-04 02:00:00,8.5,80.25,1.1,12.7,7.7,2.82,7.08,0.22,16.02,0.7,1.52,,,,,20.95,78.25,1.4,235.5,,0.0,,712.0,
2024-08-04 03:00:00,6.75,71.5,1.27,9.3,6.0,2.72,6.38,0.28,16.9,0.62,1.38,,,,,20.75,79.0,1.12,223.25,,0.0,,712.0,
2024-08-04 04:00:00,6.25,64.5,1.4,9.88,6.4,2.72,6.52,0.25,14.55,0.62,1.42,,,,,20.58,79.25,1.1,221.5,,0.0,,712.25,
2024-08-04 05:00:00,7.0,29.0,1.27,12.0,7.4,2.85,7.3,0.69,13.46,0.7,1.58,,,,,20.48,80.0,1.15,232.0,,0.0,,713.0,
2024-08-04 06:00:00,8.0,63.25,1.38,16.58,9.93,2.8,7.68,0.75,12.62,0.75,1.62,,,,,20.42,80.0,1.08,232.75,,0.0,,713.0,
2024-08-04 07:00:00,10.5,93.5,0.98,16.15,9.38,2.82,7.05,0.72,13.6,0.68,1.52,,,,,20.5,79.75,1.08,219.0,,0.0,,713.75,
2024-08-04 08:00:00,8.25,98.25,0.95,13.5,7.95,2.82,6.98,0.79,14.86,0.7,1.5,,,,,20.9,78.5,1.25,222.25,,0.0,,714.0,
2024-08-04 09:00:00,7.5,118.0,1.32,14.12,8.6,2.82,5.68,0.58,19.48,0.55,1.25,,,,,22.48,76.0,1.67,237.0,,0.0,,714.0,
2024-08-04 10:00:00,20.5,126.75,1.23,14.82,8.88,2.8,7.18,0.7,24.1,0.68,1.52,,,,,23.83,72.75,1.62,217.25,,0.0,,714.0,
2024-08-04 11:00:00,38.0,137.75,1.42,16.85,10.12,2.9,8.1,0.68,26.59,0.8,1.75,,,,,24.88,71.5,1.8,229.0,,0.0,,714.0,
2024-08-04 12:00:00,14.5,134.25,1.48,19.9,11.78,3.05,8.55,0.62,26.8,0.85,1.82,,,,,26.4,69.25,1.95,230.0,,0.0,,712.75,
2024-08-04 13:00:00,14.75,164.75,1.05,18.27,10.6,2.95,7.92,0.63,28.45,0.78,1.72,,,,,27.7,67.0,2.0,223.75,,0.0,,712.0,
2024-08-04 14:00:00,11.75,123.0,1.38,16.52,9.9,2.82,8.02,0.64,28.46,0.8,1.75,,,,,28.08,66.75,1.85,237.25,,0.0,,711.0,
2024-08-04 15:00:00,12.75,130.25,1.27,17.3,10.22,2.85,7.8,0.64,26.24,0.78,1.7,,,,,28.12,66.5,1.95,241.5,,0.0,,710.25,
2024-08-04 16:00:00,9.0,112.75,1.32,22.7,13.18,3.08,8.28,0.66,22.09,0.82,1.78,,,,,27.55,68.0,1.7,249.75,,0.0,,710.0,
2024-08-04 17:00:00,8.75,107.5,1.25,25.45,14.52,2.92,8.48,0.86,21.06,0.82,1.85,,,,,27.4,68.0,1.65,238.25,,0.0,,710.0,
2024-08-04 18:00:00,9.5,125.5,1.42,23.62,13.72,2.98,8.35,0.99,15.9,0.82,1.78,,,,,26.98,68.25,1.5,239.0,,0.0,,710.5,
2024-08-04 19:00:00,12.5,132.25,1.32,18.62,10.95,2.82,7.2,0.91,15.07,0.7,1.55,,,,,25.45,69.75,1.23,226.25,,0.0,,711.75,
2024-08-04 20:00:00,9.25,109.0,1.32,17.98,10.65,2.95,7.85,0.76,14.88,0.75,1.7,,,,,24.52,72.5,1.3,224.25,,0.0,,712.5,
2024-08-04 21:00:00,13.0,101.5,1.2,16.8,9.95,2.95,7.18,0.85,15.17,0.7,1.55,,,,,23.85,73.75,1.2,227.75,,0.0,,713.25,
2024-08-04 22:00:00,13.75,122.25,1.35,16.85,10.02,2.82,7.6,0.98,14.57,0.75,1.65,,,,,23.28,73.0,1.2,224.75,,0.0,,714.0,
2024-08-04 23:00:00,12.75,148.5,1.18,15.4,9.18,2.8,8.23,0.84,15.35,0.82,1.78,,,,,22.75,73.25,1.12,233.25,,0.0,,714.0,
2024-08-05 00:00:00,3.0,83.0,1.35,12.82,7.9,2.8,7.33,0.6,17.2,0.73,1.6,,,,,22.18,74.5,1.15,215.75,,0.0,,713.75,
2024-08-05 01:00:00,3.0,84.25,1.3,11.28,7.05,2.8,8.15,0.55,17.07,0.78,1.75,,,,,21.7,76.0,1.1,239.25,,0.0,,712.5,
2024-08-05 02:00:00,2.75,68.25,1.35,10.0,6.4,2.8,7.48,0.58,18.95,0.72,1.62,,,,,21.32,76.0,1.08,223.75,,0.0,,712.0,
2024-08-05 03:00:00,1.75,59.0,1.18,9.35,5.9,2.88,8.0,0.49,17.53,0.8,1.72,,,,,21.02,76.25,1.1,216.5,,0.0,,712.0,
2024-08-05 04:00:00,2.0,49.75,1.2,10.45,6.55,2.9,7.9,0.44,15.72,0.78,1.7,,,,,20.72,77.0,1.02,221.25,,0.0,,712.0,
2024-08-05 05:00:00,5.75,60.75,1.4,12.32,7.68,2.88,7.18,0.51,15.31,0.7,1.55,,,,,20.5,77.25,1.1,203.5,,0.0,,712.0,
2024-08-05 06:00:00,8.0,72.75,1.48,14.4,8.85,2.92,7.52,0.61,13.86,0.72,1.62,,,,,20.5,78.25,1.12,213.5,,0.0,,712.75,
2024-08-05 07:00:00,10.75,94.5,1.58,19.08,11.45,3.08,7.85,0.82,13.94,0.78,1.68,,,,,20.58,78.75,1.12,227.25,,0.0,,713.5,
2024-08-05 08:00:00,20.0,129.0,1.38,17.23,10.28,2.95,8.35,0.98,14.93,0.82,1.8,,,,,21.0,77.75,1.15,211.0,,0.0,,714.0,
2024-08-05 09:00:00,21.25,137.5,1.3,19.32,11.32,2.9,8.82,0.92,17.58,0.88,1.9,,,,,22.08,76.25,1.32,225.5,,0.0,,714.0,
2024-08-05 10:00:00,16.25,132.5,1.23,18.48,10.85,2.92,9.0,0.75,20.63,0.85,1.92,,,,,23.75,73.5,1.42,220.5,,0.0,,714.0,
2024-08-05 11:00:00,15.75,131.75,1.27,21.1,12.28,3.0,9.98,0.5,25.16,0.98,2.15,,,,,25.05,71.5,1.5,240.0,,0.0,,712.75,
2024-08-05 12:00:00,13.75,160.0,1.45,21.8,12.78,3.02,8.9,0.46,28.67,0.88,1.9,,,,,26.98,69.5,1.7,251.25,,0.0,,712.0,
2024-08-05 13:00:00,17.25,150.75,1.27,23.55,13.52,2.98,11.1,0.73,34.43,1.08,2.4,,,,,28.08,67.5,1.65,256.75,,0.0,,711.5,
2024-08-05 14:00:00,12.25,132.75,1.23,21.72,12.52,2.98,11.5,0.87,34.61,1.12,2.5,,,,,29.0,66.0,1.72,255.0,,0.0,,710.75,
2024-08-05 15:00:00,14.5,136.25,1.27,23.3,13.4,2.8,10.58,0.83,34.86,1.03,2.3,,,,,29.3,66.25,1.35,233.5,,0.0,,710.0,
2024-08-05 16:00:00,17.75,137.25,1.55,22.62,13.3,3.05,10.82,0.9,28.65,1.05,2.33,,,,,28.98,67.5,1.1,199.25,,0.0,,709.25,
2024-08-05 17:00:00,16.25,143.0,1.55,25.92,15.05,3.05,10.07,1.09,20.49,0.98,2.17,,,,,27.4,70.25,1.9,260.5,,0.0,,710.25,
2024-08-05 18:00:00,21.25,146.75,1.62,36.62,20.8,3.15,10.52,2.32,9.9,1.02,2.25,,,,,24.72,75.75,0.7,130.5,,0.0,,710.5,
2024-08-05 19:00:00,15.0,33.0,1.22,48.3,26.7,3.38,13.1,3.94,10.95,1.3,2.8,,,,,22.15,81.75,0.52,63.25,,0.0,,711.75,
2024-08-05 20:00:00,13.0,36.0,1.02,47.78,26.28,3.22,12.02,3.13,12.26,1.15,2.6,,,,,22.3,84.5,0.7,116.75,,0.0,,712.5,
2024-08-05 21:00:00,13.25,34.5,1.05,37.65,20.9,3.08,9.72,0.48,15.47,0.95,2.12,,,,,22.08,85.25,1.8,262.5,,0.0,,713.75,
2024-08-05 22:00:00,5.5,28.25,1.25,25.48,14.58,2.85,9.05,0.4,12.39,0.88,1.95,,,,,21.22,83.0,0.95,267.75,,0.0,,714.0,
2024-08-05 23:00:00,6.75,23.25,1.15,23.52,13.48,2.95,8.05,0.21,13.98,0.78,1.72,,,,,20.72,83.25,1.25,267.0,,0.0,,714.0,
2024-08-06 00:00:00,6.0,24.0,0.88,16.25,9.38,2.88,8.77,,14.73,0.83,1.9,,,,,20.7,83.75,0.88,244.25,,0.0,,713.25,
2024-08-06 01:00:00,2.0,23.0,1.2,14.45,8.68,2.8,9.28,0.52,13.53,0.92,1.98,,,,,20.4,83.0,0.68,233.25,,0.0,,712.0,
2024-08-06 02:00:00,1.75,22.5,1.32,13.48,8.25,2.8,9.4,0.43,13.54,0.9,2.02,,,,,20.45,83.0,0.8,237.25,,0.0,,711.5,
2024-08-06 03:00:00,1.5,20.25,1.27,13.98,8.5,2.82,8.45,0.47,13.73,0.82,1.8,,,,,20.62,83.25,0.95,227.5,,0.0,,711.0,
2024-08-06 04:00:00,5.5,21.5,1.4,12.15,7.58,2.88,9.2,0.46,13.48,0.88,1.98,,,,,20.68,83.75,0.92,241.25,,0.0,,711.0,
2024-08-06 05:00:00,11.75,34.0,1.32,14.62,8.88,2.8,8.85,0.63,12.38,0.88,1.92,,,,,20.6,83.0,0.9,225.5,,0.0,,711.0,
2024-08-06 06:00:00,10.25,46.25,1.25,21.35,12.38,2.98,9.43,0.94,12.34,0.92,2.02,,,,,20.65,83.25,1.0,237.75,,0.0,,711.25,
2024-08-06 07:00:00,17.0,66.75,1.12,22.35,12.85,3.0,9.38,1.02,12.8,0.9,2.02,,,,,20.92,83.5,1.32,243.0,,0.0,,712.0,
2024-08-06 08:00:00,15.5,73.75,1.3,23.35,13.5,3.02,9.35,1.32,12.3,0.9,2.02,,,,,21.6,81.25,1.48,240.25,,0.0,,712.25,
2024-08-06 09:00:00,13.0,80.5,1.6,23.15,13.58,2.95,10.05,1.02,13.04,0.98,2.15,,,,,22.62,78.75,1.6,226.75,,0.0,,713.0,
2024-08-06 10:00:00,17.75,92.25,1.25,24.18,13.88,2.92,10.75,1.02,14.68,1.02,2.33,,,,,23.28,77.5,1.75,239.5,,0.0,,712.75,
2024-08-06 11:00:00,14.0,121.5,1.27,28.3,16.1,3.0,10.3,0.74,15.68,1.0,2.23,,,,,24.55,75.75,1.6,224.67,,0.0,,712.0,
2024-08-06 12:00:00,14.0,148.75,1.18,25.62,14.55,3.02,9.82,0.62,24.29,0.95,2.12,,,,,26.05,74.25,1.6,234.5,,0.0,,711.25,
2024-08-06 13:00:00,13.75,160.75,1.2,19.12,11.12,2.82,9.95,0.8,29.51,0.95,2.15,,,,,26.72,71.75,1.62,228.5,,0.0,,710.25,
2024-08-06 14:00:00,13.75,151.25,1.38,18.98,11.18,2.9,10.55,0.77,30.95,1.0,2.28,,,,,27.65,70.5,1.52,223.25,,0.0,,709.5,
2024-08-06 15:00:00,16.5,143.0,1.05,20.42,11.72,2.9,10.7,0.7,28.49,1.05,2.33,,,,,28.45,69.0,1.27,210.25,,0.0,,709.0,
2024-08-06 16:00:00,16.5,150.25,1.42,19.68,11.65,2.9,11.1,0.72,26.12,1.1,2.42,,,,,27.8,69.75,2.2,241.0,,0.0,,709.0,
2024-08-06 17:00:00,11.0,134.25,1.55,26.08,15.15,3.1,11.85,1.25,13.6,1.15,2.58,,,,,24.48,73.5,1.65,255.25,,0.0,,710.0,
2024-08-06 18:00:00,7.75,20.5,1.75,35.22,20.18,3.15,12.08,1.97,13.12,1.2,2.6,,,,,21.62,78.25,1.38,252.0,,0.0,,710.0,
2024-08-06 19:00:00,7.0,22.75,1.08,40.65,22.48,3.12,11.9,2.24,12.74,1.18,2.58,,,,,21.45,78.75,1.38,239.25,,0.0,,711.25,
2024-08-06 20:00:00,6.75,31.75,1.27,42.28,23.52,3.38,12.15,2.36,11.81,1.15,2.6,,,,,21.55,78.25,1.18,254.0,,0.0,,712.0,
2024-08-06 21:00:00,7.25,24.75,1.25,45.1,25.0,3.2,11.68,1.64,12.44,1.15,2.5,,,,,21.32,79.25,0.85,234.75,,0.0,,712.75,
2024-08-06 22:00:00,10.5,23.75,1.02,38.67,21.4,3.25,11.18,1.03,12.46,1.1,2.42,,,,,21.08,80.0,1.0,230.0,,0.0,,713.0,
2024-08-06 23:00:00,8.25,23.0,1.0,20.15,11.52,2.8,10.28,0.35,12.24,1.0,2.22,,,,,20.95,80.0,1.02,236.25,,0.0,,713.0,
2024-08-07 00:00:00,4.75,22.25,1.4,15.52,9.43,2.82,11.23,0.31,12.98,1.07,2.43,,,,,20.72,80.0,0.9,243.5,,0.0,,712.5,
2024-08-07 01:00:00,1.5,20.25,1.4,14.2,8.7,2.92,11.38,0.52,13.04,1.1,2.45,,,,,20.5,80.0,0.75,244.75,,0.0,,712.0,
2024-08-07 02:00:00,2.75,20.0,1.25,12.32,7.58,2.85,11.45,0.43,14.02,1.12,2.48,,,,,20.45,80.0,0.82,229.25,,0.0,,711.25,
2024-08-07 03:00:00,2.25,16.75,1.17,12.25,7.48,2.92,11.62,0.48,13.8,1.15,2.5,,,,,20.25,80.0,0.85,252.75,,0.0,,711.0,
2024-08-07 04:00:00,3.75,18.5,1.35,12.48,7.75,2.8,10.88,0.39,13.75,1.05,2.35,,,,,20.08,80.0,0.98,250.25,,0.0,,711.0,
2024-08-07 05:00:00,6.0,26.0,1.6,12.9,8.1,3.0,11.6,,12.75,1.1,2.5,,,,,20.0,80.0,1.0,237.0,,0.0,,711.0,
2024-08-07 06:00:00,,,,,,,,,,,,,,,,,,,,,0.0,,,
2024-08-07 07:00:00,,,,,,,,,,,,,,,,,,,,,0.0,,,
2024-08-07 08:00:00,19.0,99.5,1.2,24.6,14.1,3.0,13.2,1.71,14.68,1.3,2.8,,,,,20.8,79.0,1.6,242.0,,0.0,,713.0,
2024-08-07 09:00:00,19.75,118.75,1.42,27.35,15.68,3.08,13.65,1.32,13.3,1.32,2.92,,,,,21.42,77.75,1.27,250.25,,0.0,,713.0,
2024-08-07 10:00:00,22.0,148.0,1.3,29.6,16.8,3.1,14.4,1.3,14.89,1.4,3.1,,,,,22.1,77.0,1.4,250.0,,0.0,,713.0,
2024-08-07 11:00:00,22.5,185.0,0.95,27.15,15.2,3.0,13.05,0.66,15.62,1.3,2.8,,,,,23.5,75.0,1.25,230.0,,0.0,,712.0,
2024-08-07 12:00:00,25.25,199.75,1.18,24.22,13.85,2.95,13.35,0.41,17.36,1.3,2.9,,,,,23.85,74.0,1.2,223.25,,0.0,,711.75,
2024-08-07 13:00:00,20.0,200.5,1.32,21.38,12.45,2.98,13.42,1.2,18.06,1.3,2.9,,,,,24.12,74.0,1.3,242.25,,0.0,,711.0,
2024-08-07 14:00:00,27.25,214.75,1.5,22.98,13.42,3.0,13.68,1.11,22.38,1.35,2.95,,,,,24.82,73.5,1.4,247.0,,0.0,,710.0,
2024-08-07 15:00:00,22.25,221.0,1.4,25.75,14.85,3.02,13.85,1.12,19.85,1.35,3.0,,,,,25.8,72.0,1.5,253.75,,0.0,,709.5,
2024-08-07 16:00:00,21.75,235.25,1.42,27.48,15.75,3.18,13.7,1.17,17.99,1.35,2.95,,,,,25.62,72.5,1.42,238.5,,0.0,,709.0,
2024-08-07 17:00:00,19.25,235.0,1.38,30.2,17.18,3.2,13.72,1.19,15.72,1.32,2.98,,,,,24.85,74.5,1.12,223.5,,0.0,,710.0,
2024-08-07 18:00:00,23.25,204.0,1.4,30.15,17.15,3.05,14.12,1.8,13.4,1.4,3.05,,,,,23.98,76.25,1.02,219.75,,0.0,,710.75,
2024-08-07 19:00:00,24.25,189.75,1.8,38.33,21.85,3.48,15.05,2.76,12.6,1.48,3.25,,,,,23.4,77.25,1.27,267.75,,0.0,,711.75,
2024-08-07 20:00:00,24.75,239.25,1.23,42.65,23.7,3.5,15.58,2.63,11.9,1.5,3.35,,,,,22.78,78.0,1.32,268.25,,0.0,,712.25,
2024-08-07 21:00:00,24.25,234.75,1.1,31.52,17.65,3.15,14.25,1.04,11.92,1.4,3.05,,,,,22.62,78.5,1.05,234.75,,0.0,,713.0,
2024-08-07 22:00:00,25.75,204.5,1.12,29.58,16.68,3.15,14.35,0.99,12.32,1.4,3.12,,,,,22.35,80.0,1.0,240.75,,0.0,,713.75,
2024-08-07 23:00:00,25.75,218.25,1.1,27.95,15.77,3.05,14.35,0.66,12.84,1.38,3.1,,,,,22.18,80.0,1.15,266.5,,0.0,,713.5,
2024-08-08 00:00:00,15.5,200.0,1.12,16.62,9.75,2.98,9.7,0.21,13.57,0.93,2.07,,,,,22.0,80.0,1.1,244.0,,0.0,,712.0,
2024-08-08 01:00:00,6.75,106.75,1.2,13.28,8.05,2.95,6.35,0.66,13.84,0.62,1.38,,,,,21.62,80.25,0.98,231.75,,0.0,,712.0,
2024-08-08 02:00:00,11.75,78.75,1.18,12.12,7.42,2.82,6.45,0.3,14.82,0.62,1.38,,,,,21.3,81.0,1.15,233.25,,0.0,,711.25,
2024-08-08 03:00:00,12.25,83.75,0.92,11.55,6.9,2.88,6.4,0.15,14.78,0.6,1.35,,,,,20.98,80.75,1.08,256.25,,0.0,,711.5,
2024-08-08 04:00:00,16.5,103.0,1.27,11.35,7.1,2.88,6.4,0.19,14.56,0.6,1.38,,,,,20.9,79.75,1.05,243.5,,0.0,,711.75,
2024-08-08 05:00:00,17.5,118.5,1.27,14.72,8.85,3.05,6.82,0.56,12.97,0.65,1.48,,,,,20.85,79.25,1.08,232.25,,0.0,,711.75,
2024-08-08 06:00:00,17.0,155.0,1.25,22.5,12.98,3.15,7.72,0.66,12.18,0.75,1.68,,,,,20.65,79.75,1.12,230.0,,0.0,,712.5,
2024-08-08 07:00:00,22.25,185.5,1.72,30.4,17.58,3.3,8.35,0.88,13.14,0.8,1.82,,,,,20.55,79.0,1.1,244.5,,0.0,,713.0,
2024-08-08 08:00:00,28.0,205.0,1.0,30.18,16.88,3.15,7.75,1.23,12.34,0.78,1.68,,,,,20.92,78.5,1.1,238.5,,0.0,,713.5,
2024-08-08 09:00:00,24.25,200.75,1.35,25.88,14.9,3.02,7.62,0.93,12.88,0.72,1.62,,,,,21.9,76.25,1.25,246.0,,0.0,,714.0,
2024-08-08 10:00:00,23.25,195.5,1.48,26.65,15.35,3.15,7.5,0.66,17.36,0.75,1.62,,,,,23.22,73.5,1.7,270.25,,0.0,,713.25,
2024-08-08 11:00:00,27.0,226.0,1.23,29.42,16.6,3.1,7.32,0.21,18.65,0.72,1.58,,,,,24.8,71.75,1.65,261.5,,0.0,,713.0,
2024-08-08 12:00:00,25.0,241.0,1.1,25.0,14.2,2.9,7.55,0.11,21.48,0.72,1.65,,,,,25.88,70.25,1.8,253.0,,0.0,,712.0,
2024-08-08 13:00:00,20.0,205.0,1.1,21.68,12.42,2.95,6.95,0.38,23.48,0.7,1.5,,,,,26.45,67.75,1.78,253.5,,0.0,,711.5,
2024-08-08 14:00:00,21.75,177.75,1.23,19.85,11.58,2.98,7.45,0.61,23.71,0.7,1.62,,,,,26.75,67.0,1.45,246.75,,0.0,,711.0,
2024-08-08 15:00:00,18.5,150.5,1.6,26.2,15.25,3.15,7.82,0.79,15.92,0.78,1.7,,,,,26.8,68.75,1.38,244.75,,0.0,,710.25,
2024-08-08 16:00:00,19.75,72.25,1.48,24.1,14.02,2.95,6.92,0.44,20.74,0.68,1.5,,,,,25.25,74.75,1.42,207.0,,0.0,,710.0,
2024-08-08 17:00:00,17.25,68.25,1.25,22.7,13.1,3.08,7.05,0.88,17.38,0.7,1.55,,,,,24.02,77.5,1.27,203.25,,0.0,,710.75,
2024-08-08 18:00:00,12.0,61.0,1.42,29.4,16.75,3.18,8.2,1.35,13.59,0.8,1.8,,,,,23.5,78.75,1.15,226.25,,0.0,,711.5,
2024-08-08 19:00:00,13.25,108.75,1.05,32.85,18.32,3.0,8.55,1.76,11.68,0.82,1.85,,,,,23.32,78.25,1.15,225.5,,0.0,,712.0,
2024-08-08 20:00:00,16.25,120.0,1.48,32.28,18.35,3.25,9.32,1.55,11.91,0.9,2.02,,,,,22.75,79.0,1.05,221.75,,0.0,,713.0,
2024-08-08 21:00:00,15.5,152.5,1.08,33.1,18.5,3.28,8.72,0.76,12.67,0.82,1.9,,,,,22.55,79.0,1.38,229.25,,0.0,,714.25,
2024-08-08 22:00:00,18.5,147.0,1.1,25.3,14.35,3.18,7.75,0.56,12.36,0.78,1.68,,,,,22.28,79.0,1.25,238.75,,0.0,,714.25,
2024-08-08 23:00:00,13.5,152.25,1.27,18.08,10.62,3.0,7.65,0.23,12.61,0.7,1.65,,,,,21.8,79.0,1.25,230.25,,0.0,,714.0,
2024-08-09 00:00:00,10.75,113.75,1.25,11.92,7.38,2.88,7.4,,15.49,0.7,1.6,,,,,21.38,78.75,1.2,226.5,,0.0,,713.5,
2024-08-09 01:00:00,5.5,73.0,1.27,9.95,6.32,2.82,6.85,0.42,15.87,0.68,1.48,,,,,20.85,78.25,1.2,224.25,,0.0,,713.0,
2024-08-09 02:00:00,1.0,38.0,1.27,8.9,5.8,2.88,6.85,0.43,15.4,0.68,1.48,,,,,20.4,78.75,1.08,229.0,,0.0,,712.5,
2024-08-09 03:00:00,2.5,54.5,1.52,9.6,6.38,2.82,6.62,0.52,14.48,0.68,1.42,,,,,20.4,78.25,1.15,226.25,,0.0,,712.0,
2024-08-09 04:00:00,8.25,74.25,1.42,10.9,6.95,2.9,6.82,0.49,14.44,0.65,1.45,,,,,20.35,78.75,1.23,228.5,,0.0,,712.25,
2024-08-09 05:00:00,13.75,99.5,1.52,17.05,10.35,3.1,7.68,0.72,13.4,0.75,1.68,,,,,20.18,78.0,0.95,225.5,,0.0,,713.0,
2024-08-09 06:00:00,19.0,128.25,1.62,21.52,12.75,3.1,7.35,0.95,12.76,0.72,1.58,,,,,20.12,78.25,1.08,236.5,,0.0,,713.0,
2024-08-09 07:00:00,20.5,178.5,1.3,28.88,16.4,3.2,8.7,1.23,12.22,0.85,1.85,,,,,20.27,79.0,1.3,261.0,,0.0,,713.5,
2024-08-09 08:00:00,24.25,237.25,1.15,27.42,15.52,3.3,8.3,1.51,12.86,0.8,1.78,,,,,20.8,78.5,1.52,268.0,,0.0,,713.75,
2024-08-09 09:00:00,22.0,209.25,1.32,29.32,16.68,3.22,9.07,1.42,15.4,0.88,1.95,,,,,22.15,76.25,1.58,261.25,,0.0,,714.0,
2024-08-09 10:00:00,23.25,198.75,1.25,30.65,17.3,3.35,9.4,1.07,15.36,0.9,2.05,,,,,23.75,74.0,1.23,242.25,,0.0,,713.75,
2024-08-09 11:00:00,24.25,195.0,1.25,28.65,16.23,3.2,8.57,0.75,24.96,0.82,1.85,,,,,24.92,73.5,1.55,267.0,,0.0,,713.0,
2024-08-09 12:00:00,18.25,223.25,1.3,26.22,15.0,3.1,8.22,0.6,28.06,0.8,1.8,,,,,26.52,71.5,1.42,258.0,,0.0,,712.0,
2024-08-09 13:00:00,27.25,217.5,1.52,29.7,17.02,3.12,9.07,1.13,20.84,0.88,1.95,,,,,27.42,70.0,1.4,266.0,,0.0,,711.5,
2024-08-09 14:00:00,31.0,268.5,1.27,28.32,16.08,3.18,8.48,1.0,18.98,0.82,1.82,,,,,27.3,70.0,1.4,253.75,,0.0,,711.0,
2024-08-09 15:00:00,19.25,268.25,1.25,27.4,15.6,3.08,8.62,1.01,19.7,0.85,1.85,,,,,27.72,69.75,1.25,250.0,,0.0,,710.25,
2024-08-09 16:00:00,14.5,265.5,1.27,28.28,16.08,2.98,8.27,0.9,18.95,0.8,1.8,,,,,28.15,69.25,1.4,254.0,,0.0,,710.0,
2024-08-09 17:00:00,27.25,228.25,1.28,32.6,18.35,3.2,8.8,1.37,14.67,0.85,1.92,,,,,28.18,70.5,1.23,258.75,,0.0,,710.5,
2024-08-09 18:00:00,33.25,256.75,1.88,34.45,19.83,3.15,9.3,1.68,13.66,0.92,2.0,,,,,27.32,72.5,1.05,220.75,,0.0,,711.25,
2024-08-09 19:00:00,29.25,249.25,1.45,32.98,18.75,3.28,9.02,2.13,12.04,0.88,1.95,,,,,25.62,74.5,0.8,226.0,,0.0,,712.0,
2024-08-09 20:00:00,28.0,239.75,1.48,40.62,22.78,3.45,10.42,2.96,11.66,1.02,2.25,,,,,24.75,76.5,0.57,198.5,,0.0,,712.75,
2024-08-09 21:00:00,41.0,298.5,1.7,45.35,25.48,3.62,10.9,1.75,11.87,1.05,2.38,,,,,24.58,78.25,0.55,217.75,,0.0,,713.25,
2024-08-09 22:00:00,38.5,271.75,0.77,35.8,19.65,3.2,10.32,0.58,10.82,1.0,2.25,,,,,24.35,79.25,1.12,245.75,,0.0,,714.0,
2024-08-09 23:00:00,21.0,191.5,1.25,24.75,14.15,3.12,9.18,0.14,12.21,0.9,2.0,,,,,23.72,80.0,1.2,259.75,,0.0,,714.0,
2024-08-10 00:00:00,16.75,149.0,0.88,19.38,11.02,3.22,7.17,,11.73,0.7,1.57,,,,,23.05,80.25,0.95,235.5,,0.0,,713.5,
2024-08-10 01:00:00,11.25,52.25,1.25,12.12,7.48,2.92,5.5,0.69,12.29,0.52,1.2,,,,,22.4,81.25,1.05,230.0,,0.0,,713.0,
2024-08-10 02:00:00,5.75,23.5,1.35,11.58,7.28,2.8,5.35,0.68,12.13,0.52,1.15,,,,,21.7,82.0,1.2,233.5,,0.0,,713.0,
2024-08-10 03:00:00,,,,,,,,,,,,,,,,,,,,,0.0,,,
2024-08-10 04:00:00,,,,,,,,,,,,,,,,,,,,,0.0,,,
2024-08-10 05:00:00,,,,,,,,,,,,,,,,,,,,,0.0,,,
2024-08-10 06:00:00,,,,,,,,,,,,,,,,,,,,,0.0,,,
2024-08-10 07:00:00,12.0,37.0,,,,,,,,,,,,,,20.8,82.0,,,,0.0,,,
2024-08-10 08:00:00,13.0,43.25,1.45,23.58,13.75,3.28,6.42,1.16,11.21,0.62,1.4,,,,,21.18,81.25,1.65,267.0,,0.0,,713.0,
2024-08-10 09:00:00,14.75,73.0,1.27,25.28,14.48,3.05,6.25,0.78,13.2,0.6,1.35,,,,,22.88,78.0,1.38,250.75,,0.0,,713.5,
2024-08-10 10:00:00,12.25,106.75,1.5,25.82,14.95,3.2,6.35,0.87,11.13,0.6,1.38,,,,,24.42,75.5,1.42,191.5,,0.0,,714.0,
2024-08-10 11:00:00,15.0,101.0,1.23,15.58,9.3,2.92,6.0,0.62,13.06,0.6,1.27,,,,,23.52,77.5,1.35,190.5,,0.0,,713.75,
2024-08-10 12:00:00,12.0,75.25,1.25,16.75,9.9,3.0,6.05,0.63,14.1,0.6,1.3,,,,,22.6,79.0,1.15,191.75,,0.0,,712.75,
2024-08-10 13:00:00,11.67,95.33,1.4,20.05,11.8,3.1,6.25,0.84,23.97,0.6,1.35,,,,,24.6,76.33,1.3,269.5,,0.0,,712.0,
2024-08-10 14:00:00,15.75,152.0,1.18,22.15,12.75,2.98,6.25,0.9,37.72,0.6,1.38,,,,,27.72,70.75,1.15,241.75,,0.0,,711.0,
2024-08-10 15:00:00,28.75,174.5,1.2,26.48,15.08,3.05,4.8,0.98,47.85,0.48,1.05,,,,,28.88,69.75,1.2,234.75,,0.0,,710.0,
2024-08-10 16:00:00,23.75,202.0,1.52,27.72,15.98,3.2,6.15,1.08,23.02,0.6,1.32,,,,,29.05,69.75,1.0,243.75,,0.0,,710.0,
2024-08-10 17:00:00,22.25,244.0,1.35,31.78,18.0,3.18,6.7,1.45,12.14,0.62,1.42,,,,,27.7,73.0,0.57,209.5,,0.0,,710.0,
2024-08-10 18:00:00,27.25,206.0,1.25,30.22,17.08,3.15,6.12,1.87,8.77,0.6,1.3,,,,,26.28,77.75,0.57,166.5,,0.0,,710.5,
2024-08-10 19:00:00,25.0,135.75,1.45,34.3,19.38,3.35,8.28,2.8,11.84,0.82,1.78,,,,,24.65,82.25,0.68,212.75,,0.0,,711.0,
2024-08-10 20:00:00,30.0,239.25,0.98,31.7,17.65,3.2,7.58,1.68,11.19,0.72,1.65,,,,,24.48,80.25,0.78,218.75,,0.0,,712.0,
2024-08-10 21:00:00,19.25,161.75,1.15,25.75,14.65,3.28,6.95,1.4,10.68,0.65,1.5,,,,,24.22,81.25,0.92,234.5,,0.0,,713.0,
2024-08-10 22:00:00,23.25,189.5,1.45,27.22,15.65,3.2,7.22,1.41,10.87,0.7,1.55,,,,,23.68,81.75,0.82,251.5,,0.0,,713.0,
2024-08-10 23:00:00,23.5,208.0,1.35,27.3,15.62,3.3,6.88,1.15,11.34,0.68,1.45,,,,,23.52,81.0,1.08,265.0,,0.0,,713.0,
2024-08-11 00:00:00,19.5,155.75,1.3,19.0,11.18,3.05,7.63,0.5,11.15,0.77,1.67,,,,,23.25,81.0,1.0,263.75,,0.0,,712.0,
2024-08-11 01:00:00,13.5,123.5,1.48,15.92,9.65,2.98,8.1,0.75,11.43,0.78,1.75,,,,,23.05,81.0,1.08,263.5,,0.0,,712.0,
2024-08-11 02:00:00,15.5,137.25,1.2,12.95,7.85,3.08,7.4,0.59,11.78,0.72,1.6,,,,,22.82,80.75,0.98,247.5,,0.0,,711.25,
2024-08-11 03:00:00,9.25,114.0,1.23,11.9,7.3,2.98,7.95,0.46,12.34,0.8,1.7,,,,,22.55,80.25,1.08,256.5,,0.0,,711.0,
2024-08-11 04:00:00,12.5,112.25,1.3,10.8,6.8,2.92,7.82,0.32,10.74,0.75,1.68,,,,,22.32,81.0,1.0,263.75,,0.0,,712.0,
2024-08-11 05:00:00,12.25,78.0,1.58,14.78,9.15,3.02,8.22,0.65,11.15,0.8,1.78,,,,,22.08,81.0,1.25,277.0,,0.0,,711.75,
2024-08-11 06:00:00,15.0,66.0,1.35,19.82,11.62,3.1,8.32,0.69,12.04,0.8,1.8,,,,,21.9,80.75,1.2,263.75,,0.0,,711.25,
2024-08-11 07:00:00,12.5,53.0,1.02,20.75,11.88,3.2,8.78,0.9,11.08,0.88,1.9,,,,,21.72,80.0,1.18,257.5,,0.0,,712.0,
2024-08-11 08:00:00,13.25,77.75,1.2,19.4,11.28,3.08,8.6,0.73,12.5,0.82,1.88,,,,,22.55,79.0,1.68,268.75,,0.0,,712.0,
2024-08-11 09:00:00,12.5,121.5,1.4,21.42,12.55,3.28,7.85,0.83,12.81,0.78,1.7,,,,,24.25,75.25,1.8,275.75,,0.0,,712.0,
2024-08-11 10:00:00,16.75,164.5,1.32,20.82,12.18,3.22,7.98,0.68,15.72,0.8,1.72,,,,,25.58,72.5,2.02,268.75,,0.0,,711.5,
2024-08-11 11:00:00,17.5,162.0,1.27,21.25,12.35,3.15,8.38,0.55,18.02,0.8,1.8,,,,,26.72,70.5,1.98,275.0,,0.0,,711.0,
2024-08-11 12:00:00,20.75,160.25,1.38,20.78,12.2,3.08,7.7,0.67,19.07,0.75,1.68,,,,,27.92,69.0,1.58,241.5,,0.0,,710.25,
2024-08-11 13:00:00,14.75,162.5,1.4,17.5,10.45,2.92,8.1,0.33,22.0,0.75,1.75,,,,,28.65,68.5,1.45,241.5,,0.0,,709.25,
2024-08-11 14:00:00,9.0,154.5,1.3,18.73,10.98,3.05,8.38,0.17,20.98,0.8,1.8,,,,,29.2,66.75,1.6,232.25,,0.0,,708.25,
2024-08-11 15:00:00,13.5,155.0,1.2,18.32,10.7,3.12,8.2,0.39,17.88,0.8,1.8,,,,,30.08,66.25,1.6,252.25,,0.0,,707.75,
2024-08-11 16:00:00,16.75,184.5,1.35,20.4,11.95,3.1,8.45,0.32,18.09,0.82,1.82,,,,,29.25,67.0,1.48,236.5,,0.0,,707.0,
2024-08-11 17:00:00,14.75,188.5,1.48,21.18,12.45,3.25,8.4,0.72,14.75,0.82,1.82,,,,,29.4,67.5,1.42,243.5,,0.0,,707.25,
2024-08-11 18:00:00,18.0,218.0,1.05,24.32,13.82,3.25,8.85,0.8,12.32,0.85,1.92,,,,,28.1,69.5,0.95,218.25,,0.0,,708.0,
2024-08-11 19:00:00,14.5,185.5,1.27,24.52,14.1,3.3,8.88,1.08,11.09,0.85,1.92,,,,,26.6,72.0,0.65,177.25,,0.0,,708.75,
2024-08-11 20:00:00,23.25,205.75,1.18,24.32,13.9,3.1,8.55,1.13,8.78,0.82,1.82,,,,,25.55,75.5,0.7,158.0,,0.0,,709.75,
2024-08-11 21:00:00,24.5,179.25,1.35,23.4,13.58,3.22,8.45,0.99,9.35,0.82,1.82,,,,,25.02,77.25,0.45,115.75,,0.0,,709.75,
2024-08-11 22:00:00,18.5,180.0,1.3,24.9,14.3,3.15,8.2,1.19,9.62,0.8,1.8,,,,,24.82,77.75,0.5,179.25,,0.0,,710.5,
2024-08-11 23:00:00,23.25,202.25,1.25,26.35,15.02,3.2,8.8,1.26,9.96,0.85,1.9,,,,,25.02,76.75,0.78,262.5,,0.0,,710.25,
2024-08-12 00:00:00,22.75,209.5,1.08,23.68,13.48,3.22,7.17,0.77,11.82,0.7,1.53,,,,,25.3,76.0,1.18,274.75,,0.0,,710.0,
2024-08-12 01:00:00,16.5,168.0,1.02,16.6,9.65,2.95,5.38,0.46,12.24,0.52,1.18,,,,,24.85,76.25,1.62,281.25,,0.0,,710.0,
2024-08-12 02:00:00,8.25,81.0,1.2,12.58,7.65,2.9,5.1,0.36,8.7,0.48,1.1,,,,,24.15,78.25,0.85,256.0,,0.0,,710.0,
2024-08-12 03:00:00,6.0,38.5,1.35,12.48,7.75,2.95,5.28,0.32,13.32,0.52,1.15,,,,,23.02,82.0,0.98,160.25,,0.0,,710.25,
2024-08-12 04:00:00,,16.5,1.2,10.5,6.58,2.85,4.3,0.19,15.86,0.43,0.95,,,,,21.28,81.25,1.48,171.75,,0.0,,711.0,
2024-08-12 05:00:00,,8.25,1.38,10.02,6.45,2.9,4.3,0.21,14.84,0.43,0.95,,,,,19.32,79.0,1.05,162.25,,0.0,,712.0,
2024-08-12 06:00:00,2.0,9.75,1.58,20.45,12.12,3.2,5.92,0.61,11.13,0.57,1.27,,,,,19.2,79.5,0.8,243.0,,0.0,,712.0,
2024-08-12 07:00:00,5.0,24.25,1.52,37.38,21.12,3.58,7.32,1.23,10.02,0.7,1.6,,,,,19.62,81.5,0.98,245.0,,0.0,,711.5,
2024-08-12 08:00:00,12.5,28.75,0.88,32.1,17.8,3.4,7.0,1.21,9.6,0.68,1.5,,,,,20.12,83.25,1.0,156.0,,0.0,,711.0,
2024-08-12 09:00:00,10.0,22.25,1.52,27.95,16.08,3.25,6.28,1.6,10.73,0.6,1.35,,,,,20.98,83.5,1.08,256.75,,0.0,,710.5,
2024-08-12 10:00:00,14.0,55.0,1.35,25.55,14.68,3.25,5.75,1.19,12.25,0.55,1.25,,,,,23.42,79.75,1.18,199.5,,0.0,,710.0,
2024-08-12 11:00:00,7.75,73.25,1.18,22.9,13.15,2.98,6.15,0.55,16.48,0.6,1.32,,,,,26.82,72.75,1.35,202.5,,0.0,,710.0,
2024-08-12 12:00:00,6.75,97.5,1.55,19.27,11.5,3.05,5.18,0.16,16.13,0.5,1.12,,,,,27.95,71.75,1.65,235.25,,0.0,,709.0,
2024-08-12 13:00:00,10.25,157.0,1.45,17.58,10.52,3.1,5.12,0.81,18.98,0.52,1.1,,,,,28.55,71.0,1.5,262.0,,0.0,,708.5,
2024-08-12 14:00:00,20.25,200.0,1.35,22.6,13.12,3.0,5.6,0.72,18.78,0.55,1.2,,,,,29.22,70.5,1.45,235.25,,0.0,,708.0,
2024-08-12 15:00:00,14.75,196.75,1.3,25.42,14.55,3.05,5.08,0.76,16.91,0.5,1.1,,,,,29.9,69.5,1.38,196.5,,0.0,,708.0,
2024-08-12 16:00:00,23.5,223.0,1.32,24.85,14.25,3.1,6.22,0.86,17.02,0.6,1.32,,,,,29.6,71.5,1.2,193.25,,0.0,,707.5,
2024-08-12 17:00:00,26.25,206.0,1.52,30.33,17.38,3.3,7.25,1.06,13.44,0.7,1.58,,,,,28.78,72.75,1.05,209.75,,0.0,,707.0,
2024-08-12 18:00:00,32.25,258.25,1.45,42.08,23.58,3.32,7.78,2.28,11.02,0.78,1.68,,,,,28.52,73.0,0.82,223.75,,0.0,,708.0,
2024-08-12 19:00:00,38.25,326.0,1.5,48.82,27.18,3.45,7.58,3.02,8.38,0.72,1.62,,,,,26.83,76.75,0.92,228.75,,0.0,,708.75,
2024-08-12 20:00:00,34.5,325.0,1.58,43.8,24.58,3.58,7.82,2.63,10.32,0.75,1.7,,,,,25.85,79.0,0.7,211.75,,0.0,,709.5,
2024-08-12 21:00:00,30.75,317.0,1.2,41.22,22.9,3.4,7.43,1.38,8.55,0.7,1.6,,,,,25.38,79.25,0.7,151.75,,0.0,,710.0,
2024-08-12 22:00:00,33.75,317.75,1.1,37.0,20.55,3.4,7.18,1.22,5.82,0.68,1.52,,,,,25.18,80.25,0.45,94.25,,0.0,,710.5,
2024-08-12 23:00:00,35.25,254.25,0.9,28.42,15.85,3.25,5.95,1.0,13.22,0.57,1.3,,,,,24.75,79.75,0.8,129.75,,0.0,,711.0,
2024-08-13 00:00:00,28.25,133.0,1.15,14.52,8.65,2.92,6.0,0.54,9.19,0.57,1.27,,,,,24.1,75.5,0.68,125.0,,0.0,,710.5,
2024-08-13 01:00:00,14.5,38.5,1.45,13.05,8.12,2.78,7.5,0.49,8.34,0.72,1.58,,,,,22.5,74.75,0.32,95.5,,0.0,,709.75,
2024-08-13 02:00:00,17.75,61.5,1.48,15.35,9.35,2.8,6.65,0.55,6.43,0.65,1.45,,,,,22.22,78.0,0.95,133.25,,0.0,,710.0,
2024-08-13 03:00:00,24.25,109.25,1.2,16.85,9.9,2.82,5.58,0.64,9.59,0.55,1.2,,,,,22.35,81.5,0.25,71.25,,0.0,,710.0,
2024-08-13 04:00:00,23.75,72.75,1.08,13.92,8.28,2.82,7.52,0.5,6.39,0.75,1.62,,,,,22.4,83.25,0.45,70.0,,0.0,,710.0,
2024-08-13 05:00:00,11.0,31.5,1.18,11.42,7.02,2.82,7.3,0.54,8.03,0.72,1.6,,,,,22.05,84.75,0.38,80.5,,0.0,,710.0,
2024-08-13 06:00:00,11.75,29.25,1.45,14.45,8.85,2.92,9.25,0.66,8.9,0.88,2.0,,,,,21.9,87.25,0.6,148.5,,0.0,,710.75,
2024-08-13 07:00:00,12.5,37.25,1.5,20.3,12.0,3.12,8.8,0.73,8.96,0.85,1.88,,,,,22.05,88.0,0.77,189.5,,0.0,,711.5,
2024-08-13 08:00:00,8.75,40.25,1.12,20.65,11.9,3.08,7.2,0.84,9.74,0.7,1.55,,,,,22.85,86.5,0.85,164.5,,0.0,,712.0,
2024-08-13 09:00:00,13.0,41.25,1.32,17.9,10.62,2.95,6.1,0.76,14.36,0.57,1.32,,,,,24.6,80.5,0.92,137.5,,0.0,,712.0,
2024-08-13 10:00:00,16.0,48.0,1.18,17.4,10.18,2.85,5.88,0.77,26.85,0.55,1.27,,,,,27.15,75.0,1.0,108.75,,0.0,,711.5,
2024-08-13 11:00:00,7.0,42.75,1.35,15.05,9.07,2.92,8.02,0.5,26.08,0.78,1.75,,,,,28.72,71.25,1.15,110.25,,0.0,,711.0,
2024-08-13 12:00:00,7.0,55.75,1.32,13.45,8.2,2.88,6.3,0.44,24.77,0.62,1.38,,,,,29.5,69.0,1.15,107.75,,0.0,,710.0,
2024-08-13 13:00:00,6.75,63.0,1.3,11.85,7.38,2.88,7.75,0.48,23.2,0.78,1.68,,,,,29.9,69.0,1.23,102.25,,0.0,,709.0,
2024-08-13 14:00:00,7.75,75.5,1.2,12.5,7.65,2.85,5.68,0.57,22.86,0.55,1.2,,,,,30.45,68.75,1.15,134.0,,0.0,,708.0,
2024-08-13 15:00:00,11.5,88.25,1.12,14.5,8.62,2.82,6.9,0.48,21.9,0.68,1.5,,,,,31.12,68.25,1.3,85.75,,0.0,,707.0,
2024-08-13 16:00:00,8.75,67.5,1.27,15.9,9.48,2.88,7.18,0.54,16.36,0.7,1.52,,,,,30.25,70.25,1.25,112.0,,0.0,,707.0,
2024-08-13 17:00:00,15.5,65.75,1.38,18.95,11.2,2.98,6.98,0.58,14.27,0.7,1.52,,,,,28.38,74.5,1.23,112.5,,0.0,,707.0,
2024-08-13 18:00:00,19.75,68.75,1.4,18.1,10.75,2.9,6.05,0.98,15.38,0.57,1.3,,,,,28.28,76.5,0.88,97.0,,0.0,,708.0,
2024-08-13 19:00:00,19.0,84.75,1.32,21.58,12.52,2.92,6.88,1.04,12.13,0.7,1.48,,,,,27.05,78.75,0.88,95.0,,0.0,,709.0,
2024-08-13 20:00:00,19.25,96.25,1.3,19.67,11.5,3.05,6.85,0.82,10.45,0.68,1.45,,,,,26.12,81.25,0.9,98.5,,0.0,,709.75,
2024-08-13 21:00:00,19.0,85.0,1.1,15.18,8.95,2.78,6.85,0.95,12.57,0.65,1.45,,,,,25.45,82.25,0.98,100.0,,0.0,,711.0,
2024-08-13 22:00:00,19.5,74.25,1.2,12.18,7.42,2.72,6.4,0.94,13.46,0.62,1.38,,,,,24.9,83.0,0.95,104.75,,0.0,,711.5,
2024-08-13 23:00:00,28.75,67.5,1.18,10.12,6.35,2.7,7.58,0.67,13.31,0.75,1.62,,,,,24.52,83.75,1.1,105.5,,0.0,,710.75,
2024-08-14 00:00:00,31.5,66.0,1.32,12.4,7.68,2.75,8.27,0.58,14.56,0.8,1.8,,,,,24.15,86.25,0.72,102.25,,0.0,,710.0,
2024-08-14 01:00:00,55.0,76.0,1.12,13.85,8.32,2.48,6.72,0.62,14.84,0.65,1.45,,,,,23.6,87.25,0.52,98.75,,0.0,,710.0,
2024-08-14 02:00:00,68.75,81.25,1.38,9.78,6.35,2.48,6.32,0.64,14.7,0.62,1.4,,,,,23.25,87.75,0.5,98.25,,0.0,,709.25,
2024-08-14 03:00:00,,,,,,,,,,,,,,,,,,,,,0.0,,,
2024-08-14 04:00:00,,,,,,,,,,,,,,,,,,,,,0.0,,,
2024-08-14 05:00:00,,,,,,,,,,,,,,,,,,,,,0.0,,,
2024-08-14 06:00:00,,,,,,,,,,,,,,,,,,,,,0.0,,,
2024-08-14 07:00:00,,,,,,,,,,,,,,,,,,,,,0.0,,,
2024-08-14 08:00:00,46.0,91.33,1.0,22.8,13.0,2.0,6.5,0.63,9.86,0.6,1.4,,,,,23.8,83.0,1.0,91.0,,0.0,,711.0,
2024-08-14 09:00:00,36.0,109.0,1.1,16.5,9.7,2.7,6.9,0.65,8.6,0.7,1.5,,,,,25.6,78.0,0.9,164.0,,0.0,,711.0,
2024-08-14 10:00:00,36.0,148.0,1.1,15.7,,,6.3,0.52,3.5,0.6,1.4,,,,,26.8,75.0,,113.0,,0.0,,710.0,
2024-08-14 11:00:00,27.0,117.5,1.2,13.2,8.0,2.7,3.4,0.6,18.35,0.3,0.7,,,,,28.35,69.0,1.3,175.0,,0.0,,710.0,
2024-08-14 12:00:00,31.0,114.75,1.15,10.4,6.45,2.35,3.58,0.52,16.3,0.32,0.75,,,,,28.75,61.0,1.25,98.0,,0.0,,709.0,
2024-08-14 13:00:00,21.0,85.0,1.1,9.3,5.85,2.5,2.7,0.27,18.1,0.3,0.6,,,,,29.8,54.0,1.23,108.25,,0.0,,708.5,
2024-08-14 14:00:00,10.75,60.25,,,,,3.1,0.62,19.49,0.3,0.7,,,,,30.8,50.0,1.25,104.5,,0.0,,707.5,
2024-08-14 15:00:00,17.5,59.5,,,,,,0.53,17.24,,,,,,,31.12,46.5,1.25,102.75,,0.0,,706.5,
2024-08-14 16:00:00,,,,,,,,,,,,,,,,,,,,,0.0,,,
2024-08-14 17:00:00,14.0,87.75,,,,,1.5,0.6,24.21,0.1,0.3,,,,,31.18,47.0,1.33,100.33,,0.0,,706.0,
2024-08-14 18:00:00,15.5,77.0,1.5,18.98,11.3,3.12,1.72,0.84,27.91,0.15,0.38,,,,,29.75,50.5,0.92,98.25,,0.0,,707.0,
2024-08-14 19:00:00,14.5,103.5,0.95,23.98,13.55,2.98,2.08,1.22,21.04,0.2,0.45,,,,,28.02,53.0,0.88,94.5,,0.0,,708.0,
2024-08-14 20:00:00,24.5,110.0,1.18,20.62,11.92,2.98,3.62,0.68,7.41,0.32,0.78,,,,,26.67,57.5,0.73,99.25,,0.0,,709.0,
2024-08-14 21:00:00,24.0,98.0,1.23,16.05,9.5,2.78,5.18,0.66,3.9,0.52,1.12,,,,,25.88,63.75,0.92,91.0,,0.0,,709.75,
2024-08-14 22:00:00,23.75,67.0,1.35,13.1,8.02,2.8,5.7,0.37,2.52,0.57,1.25,,,,,25.35,70.75,0.85,98.25,,0.0,,710.0,
2024-08-14 23:00:00,14.0,52.5,1.15,10.35,6.45,2.85,5.3,0.57,8.48,0.52,1.15,,,,,24.72,76.75,0.82,87.5,,0.0,,709.0,
2024-08-15 00:00:00,13.5,45.75,1.4,9.18,6.0,2.75,7.13,0.53,2.02,0.67,1.53,,,,,24.05,80.0,0.82,93.5,,0.0,,709.0,
2024-08-15 01:00:00,13.0,43.25,1.35,8.15,5.42,2.72,8.7,0.4,4.14,0.85,1.88,,,,,23.5,83.5,0.95,94.25,,0.0,,708.75,
2024-08-15 02:00:00,14.75,28.75,1.32,7.65,5.15,2.68,8.72,0.42,3.76,0.88,1.88,,,,,23.18,85.0,0.52,93.75,,0.0,,708.75,
2024-08-15 03:00:00,10.5,27.25,1.25,7.05,4.78,2.78,8.1,0.4,3.91,0.8,1.75,,,,,23.08,85.0,0.85,96.0,,0.0,,708.75,
2024-08-15 04:00:00,9.0,25.0,1.48,14.7,9.0,1.27,8.98,1.64,6.64,0.88,1.92,,,,,22.95,84.75,1.12,102.25,,0.0,,709.0,
2024-08-15 05:00:00,6.0,22.0,1.2,10.58,6.62,2.33,9.32,0.4,7.8,0.9,2.02,,,,,22.62,83.5,0.9,108.25,,0.0,,708.0,
2024-08-15 06:00:00,6.25,32.0,1.25,10.65,6.68,2.8,8.62,0.25,5.67,0.85,1.85,,,,,22.08,82.25,0.5,109.0,,0.0,,708.0,
2024-08-15 07:00:00,7.0,55.75,1.05,9.02,5.65,2.88,9.1,0.12,4.79,0.88,1.98,,,,,22.2,82.75,0.88,105.75,,0.0,,708.75,
2024-08-15 08:00:00,6.0,39.5,1.23,8.15,5.35,2.82,8.65,0.1,1.09,0.88,1.88,,,,,23.55,80.5,0.78,124.75,,0.0,,709.0,
2024-08-15 09:00:00,4.25,53.75,1.15,9.57,6.02,2.82,8.52,0.54,3.31,0.82,1.85,,,,,26.15,75.0,0.95,155.75,,0.0,,709.75,
2024-08-15 10:00:00,14.25,87.25,1.42,12.9,8.0,2.72,9.15,0.79,3.01,0.92,1.98,,,,,26.92,72.5,1.02,209.75,,0.0,,709.75,
2024-08-15 11:00:00,29.75,117.75,1.12,12.95,7.8,2.75,9.9,0.63,,0.95,2.12,,,,,26.22,74.0,1.25,172.75,,0.0,,709.0,
2024-08-15 12:00:00,19.0,88.5,1.25,11.32,7.05,2.75,9.65,0.57,,0.95,2.08,,,,,27.02,73.25,1.27,187.0,,0.0,,708.0,
2024-08-15 13:00:00,17.5,79.25,1.18,11.62,7.12,2.75,9.82,0.58,,0.92,2.1,,,,,28.38,70.5,0.68,164.25,,0.0,,707.25,
2024-08-15 14:00:00,21.0,67.33,1.25,11.35,7.08,2.78,9.7,0.64,,0.95,2.08,,,,,29.0,68.75,0.65,174.25,,0.0,,706.25,
2024-08-15 15:00:00,18.0,88.0,1.32,14.0,8.52,2.82,8.45,0.94,0.85,0.82,1.8,,,,,29.52,68.25,0.75,165.5,,0.0,,705.5,
2024-08-15 16:00:00,18.5,130.0,1.27,17.32,10.25,2.82,9.0,0.92,9.52,0.88,1.98,,,,,28.6,69.5,0.92,167.0,,0.0,,705.25,
2024-08-15 17:00:00,21.75,114.5,1.38,20.48,12.0,3.35,9.78,0.71,7.01,0.95,2.12,,,,,27.98,71.75,0.75,232.5,,0.0,,706.0,
2024-08-15 18:00:00,27.75,125.75,1.15,20.17,11.68,3.0,10.42,0.86,11.19,1.02,2.28,,,,,26.88,75.0,0.4,204.75,,0.0,,706.25,
2024-08-15 19:00:00,30.25,140.0,1.32,20.75,12.1,3.02,10.98,1.1,13.36,1.05,2.38,,,,,26.4,78.25,0.2,181.5,,0.0,,707.0,
2024-08-15 20:00:00,32.0,139.75,1.3,19.3,11.32,2.88,11.42,0.84,14.56,1.1,2.48,,,,,26.02,79.0,0.48,121.75,,0.0,,707.75,
2024-08-15 21:00:00,30.5,99.75,1.12,11.55,7.02,2.75,10.78,0.56,9.02,1.08,2.35,,,,,25.75,79.5,0.95,106.25,,0.0,,768.75,
2024-08-15 22:00:00,16.0,66.5,1.18,10.3,6.42,2.78,10.15,0.56,11.67,0.98,2.2,,,,,25.48,81.25,0.95,151.25,,0.0,,709.0,
2024-08-15 23:00:00,15.25,67.0,1.08,10.12,6.25,2.7,8.93,0.45,8.78,0.88,1.92,,,,,24.98,82.0,0.4,189.25,,0.0,,709.0,
2024-08-16 00:00:00,20.75,40.0,1.3,10.72,6.75,2.78,5.17,0.45,10.63,0.5,1.13,,,,,24.55,82.0,0.52,158.0,,0.0,,708.5,
2024-08-16 01:00:00,21.0,57.25,1.15,9.48,5.98,2.75,4.25,0.44,7.08,0.42,0.9,,,,,24.3,82.0,0.4,120.0,,0.0,,708.0,
2024-08-16 02:00:00,33.25,78.75,1.12,8.82,5.62,2.65,5.6,0.42,1.91,0.55,1.2,,,,,23.95,82.25,0.8,108.75,,0.0,,707.0,
2024-08-16 03:00:00,33.75,68.25,1.35,8.35,5.52,2.58,5.78,0.4,6.52,0.57,1.25,,,,,23.75,83.25,2.15,127.75,,0.0,,707.0,
2024-08-16 04:00:00,31.0,65.75,1.23,8.52,5.52,2.6,6.2,0.42,5.96,0.6,1.35,,,,,23.5,84.25,0.95,140.75,,0.0,,707.0,
2024-08-16 05:00:00,27.75,71.25,1.35,10.6,6.78,2.58,6.25,0.63,10.78,0.6,1.35,,,,,23.12,85.25,0.85,157.25,,0.0,,767.5,
2024-08-16 06:00:00,32.75,92.0,1.35,12.45,7.72,2.82,6.42,0.66,13.95,0.65,1.4,,,,,22.9,85.75,0.98,180.25,,0.0,,707.75,
2024-08-16 07:00:00,21.75,94.5,1.3,13.2,8.07,2.9,6.22,0.77,12.89,0.6,1.35,,,,,22.95,84.75,0.82,189.33,,0.0,,708.0,
2024-08-16 08:00:00,19.5,82.5,1.45,16.65,10.02,3.12,6.12,0.84,11.08,0.6,1.3,,,,,23.38,83.5,0.78,196.5,,0.0,,708.25,
2024-08-16 09:00:00,26.25,80.25,1.35,27.52,15.72,3.4,8.88,0.68,5.58,0.85,1.92,,,,,24.62,81.0,1.1,180.25,,0.0,,709.0,
2024-08-16 10:00:00,32.0,85.0,0.9,20.7,11.78,3.62,8.32,0.6,8.84,0.8,1.8,,,,,26.0,77.75,1.18,175.75,,0.0,,709.0,
2024-08-16 11:00:00,28.5,81.0,1.23,16.23,9.62,3.0,7.4,0.62,0.74,0.7,1.58,,,,,26.8,76.25,2.28,204.5,,0.0,,708.0,
2024-08-16 12:00:00,27.5,92.5,1.58,23.68,13.82,3.08,9.2,0.62,4.8,0.9,1.98,,,,,28.45,73.5,1.23,188.75,,0.0,,707.5,
2024-08-16 13:00:00,26.75,105.25,1.02,19.0,10.95,2.75,6.65,0.68,,0.65,1.45,,,,,29.35,71.25,0.98,180.0,,0.0,,706.5,
2024-08-16 14:00:00,19.25,87.5,1.35,13.58,8.32,2.82,7.48,0.47,,0.75,1.62,,,,,30.6,68.75,0.82,117.5,,0.0,,705.75,
2024-08-16 15:00:00,17.75,77.75,1.52,21.75,12.8,2.68,8.28,0.55,,0.8,1.8,,,,,30.28,68.5,1.75,170.0,,0.0,,705.0,
2024-08-16 16:00:00,21.75,104.5,0.57,26.4,14.45,3.22,9.85,0.44,76.09,0.98,2.15,,,,,29.9,71.25,1.12,178.5,,0.0,,704.0,
2024-08-16 17:00:00,30.0,117.0,1.42,32.05,18.23,3.72,10.05,1.0,29.2,1.0,2.15,,,,,28.55,75.75,1.27,220.0,,0.0,,704.5,
2024-08-16 18:00:00,41.25,148.0,1.45,33.1,18.8,3.6,9.93,1.98,28.29,0.98,2.15,,,,,26.45,79.75,0.7,131.25,,0.0,,705.75,
2024-08-16 19:00:00,43.25,62.25,1.23,42.1,23.42,3.7,11.45,2.82,20.63,1.1,2.48,,,,,24.22,85.75,0.55,87.5,,0.0,,706.5,
2024-08-16 20:00:00,30.0,65.25,0.7,29.9,16.4,2.0,10.4,1.14,21.92,1.02,2.22,,,,,24.4,87.75,0.9,114.25,,0.0,,708.0,
2024-08-16 21:00:00,30.25,60.25,,,,,9.22,0.66,18.45,0.88,2.0,,,,,24.65,86.75,1.52,91.25,,0.0,,709.0,
2024-08-16 22:00:00,20.75,54.75,,,,,9.48,0.52,20.06,0.92,2.02,,,,,24.52,85.75,0.95,128.75,,0.0,,709.0,
2024-08-16 23:00:00,20.0,66.5,1.12,10.1,6.3,2.68,9.05,0.52,18.33,0.88,1.95,,,,,24.58,85.25,1.05,155.5,,0.0,,709.0,
2024-08-17 00:00:00,25.75,70.75,1.2,9.52,6.1,2.68,7.63,0.41,18.39,0.73,1.67,,,,,24.4,85.75,1.27,172.0,,0.0,,709.0,
2024-08-17 01:00:00,15.0,56.0,1.4,9.9,6.38,2.78,6.72,0.64,18.92,0.65,1.45,,,,,24.0,85.0,1.48,201.5,,0.0,,708.25,
2024-08-17 02:00:00,12.0,69.75,,,,,6.65,0.4,19.07,0.65,1.42,,,,,23.6,84.75,0.6,222.75,,0.0,,708.25,
2024-08-17 03:00:00,14.5,79.0,,,,,7.07,0.39,19.42,0.67,1.53,,,,,23.32,84.25,1.35,211.5,,0.0,,708.75,
2024-08-17 04:00:00,20.0,76.5,,,,,6.5,0.44,19.74,0.65,1.4,,,,,23.32,85.0,1.05,185.5,,0.0,,707.75,
2024-08-17 05:00:00,14.0,35.25,,,,,7.08,0.76,18.81,0.7,1.52,,,,,23.02,85.0,0.38,115.0,,0.0,,713.75,
2024-08-17 06:00:00,15.25,41.75,1.5,9.5,6.3,3.0,7.45,0.75,18.26,0.7,1.62,,,,,22.78,85.25,0.6,92.5,,0.0,,708.25,
2024-08-17 07:00:00,21.25,44.0,1.4,10.92,6.95,2.98,7.6,0.7,21.22,0.72,1.65,,,,,22.9,85.5,0.6,87.25,,0.0,,708.75,
2024-08-17 08:00:00,25.75,54.25,1.35,10.82,6.85,2.75,7.85,0.78,19.91,0.75,1.7,,,,,24.02,82.5,0.82,102.75,,0.0,,714.75,
2024-08-17 09:00:00,19.25,62.25,1.3,11.2,7.03,2.63,7.95,0.72,25.86,0.78,1.72,,,,,26.0,76.5,1.23,143.5,,0.0,,709.75,
2024-08-17 10:00:00,19.0,77.75,,,,,8.8,0.7,25.42,0.88,1.9,,,,,27.48,71.75,1.38,153.33,,0.0,,709.75,
2024-08-17 11:00:00,15.0,81.75,,,,,8.25,0.58,20.78,0.82,1.8,,,,,28.62,71.25,2.17,170.25,,0.0,,709.0,
2024-08-17 12:00:00,13.75,82.5,1.5,30.95,17.75,4.6,10.3,0.86,21.45,0.98,2.22,,,,,29.65,72.0,1.25,207.0,,0.0,,708.5,
2024-08-17 13:00:00,17.75,113.75,1.03,17.92,10.35,3.05,8.68,0.51,17.93,0.82,1.9,,,,,30.02,71.25,1.32,172.0,,0.0,,707.25,
2024-08-17 14:00:00,13.75,82.0,1.45,16.12,9.75,3.1,10.75,0.48,20.6,1.05,2.33,,,,,30.92,68.25,1.8,168.0,,0.0,,707.0,
2024-08-17 15:00:00,13.25,64.5,1.05,14.8,8.75,2.88,9.5,0.38,16.49,0.92,2.05,,,,,31.35,67.0,1.98,94.0,,0.0,,766.25,
2024-08-17 16:00:00,13.75,48.25,1.2,8.72,5.6,2.8,7.18,0.38,14.17,0.7,1.58,,,,,30.48,70.25,1.23,108.25,,0.0,,706.0,
2024-08-17 17:00:00,12.75,49.25,1.23,8.8,5.68,2.82,8.23,0.75,14.72,0.82,1.78,,,,,29.85,71.5,1.68,88.75,,0.0,,706.0,
2024-08-17 18:00:00,11.75,54.75,1.48,12.7,7.95,2.95,8.02,1.0,17.07,0.75,1.72,,,,,28.75,73.75,0.75,88.75,,0.0,,707.0,
2024-08-17 19:00:00,11.5,70.75,1.48,15.05,9.2,3.0,8.6,1.1,15.7,0.85,1.88,,,,,27.52,76.5,0.95,149.25,,0.0,,707.75,
2024-08-17 20:00:00,14.0,78.75,1.32,12.5,7.75,2.9,9.35,0.74,14.86,0.9,2.02,,,,,26.88,78.5,1.5,143.75,,0.0,,709.25,
2024-08-17 21:00:00,17.0,110.5,1.38,19.42,11.45,3.28,8.93,1.1,19.02,0.85,1.92,,,,,25.98,79.25,1.05,243.25,,0.0,,709.25,
2024-08-17 22:00:00,15.5,164.25,1.42,23.95,13.88,3.45,8.1,0.93,19.34,0.8,1.75,,,,,24.32,76.75,1.0,204.25,,0.0,,710.5,
2024-08-17 23:00:00,11.5,102.25,1.4,25.22,14.58,3.15,7.65,0.51,17.07,0.75,1.68,,,,,23.95,76.5,1.27,192.75,,0.0,,710.75,
2024-08-18 00:00:00,11.5,65.0,1.2,14.05,8.48,3.08,7.73,0.48,18.13,0.73,1.7,,,,,23.32,78.75,1.35,178.75,,0.0,,710.5,
2024-08-18 01:00:00,7.25,58.0,1.55,22.15,13.05,3.7,9.57,0.62,20.6,0.9,2.08,,,,,22.82,81.25,1.08,195.0,,0.0,,710.0,
2024-08-18 02:00:00,8.0,60.5,1.4,24.82,14.32,3.72,8.62,0.61,17.26,0.85,1.85,,,,,22.85,81.75,0.68,217.75,,0.0,,709.5,
2024-08-18 03:00:00,7.25,70.5,1.17,20.2,11.78,3.45,7.17,0.44,17.98,0.7,1.53,,,,,22.62,81.0,0.75,211.0,,0.0,,709.0,
2024-08-18 04:00:00,5.0,59.75,1.27,12.2,7.52,3.12,6.25,0.57,18.08,0.6,1.35,,,,,22.35,81.0,0.92,206.5,,0.0,,709.0,
2024-08-18 05:00:00,6.75,90.5,1.2,12.52,7.62,3.22,7.25,0.9,18.75,0.7,1.55,,,,,22.18,80.75,0.8,245.0,,0.0,,709.0,
2024-08-18 06:00:00,13.75,116.5,1.38,17.9,10.65,3.45,7.4,1.59,19.42,0.7,1.6,,,,,22.12,80.0,0.57,236.5,,0.0,,709.75,
2024-08-18 07:00:00,18.25,151.5,1.25,21.02,12.15,3.58,8.45,1.99,18.97,0.82,1.82,,,,,22.38,80.0,1.45,240.0,,0.0,,770.0,
2024-08-18 08:00:00,16.25,136.5,1.12,15.1,8.95,3.22,8.15,2.08,21.15,0.8,1.75,,,,,23.38,79.0,1.15,197.5,,0.0,,710.5,
2024-08-18 09:00:00,16.0,106.75,1.25,10.05,6.35,2.98,9.07,0.59,33.1,0.9,1.95,,,,,25.0,75.5,1.2,194.5,,0.0,,711.0,
2024-08-18 10:00:00,14.75,87.5,1.32,11.12,6.98,3.02,11.48,0.43,24.18,1.1,2.45,,,,,25.98,73.5,1.1,206.75,,0.0,,711.0,
2024-08-18 11:00:00,20.5,94.5,1.02,18.75,10.85,3.32,9.6,0.38,15.12,0.95,2.05,,,,,27.3,72.0,0.95,200.25,,0.0,,710.75,
2024-08-18 12:00:00,21.5,97.25,1.4,14.18,8.68,3.0,8.1,0.47,17.19,0.8,1.75,,,,,28.25,71.75,0.95,213.25,,0.0,,775.75,
2024-08-18 13:00:00,21.0,110.5,1.27,12.4,7.62,2.88,7.68,0.44,14.32,0.78,1.65,,,,,29.38,70.75,0.65,154.33,,0.0,,708.75,
2024-08-18 14:00:00,23.5,107.0,1.32,9.38,6.05,2.65,7.45,0.27,9.84,0.72,1.6,,,,,29.68,70.0,0.5,133.25,,0.0,,708.0,
2024-08-18 15:00:00,21.25,100.75,1.27,13.75,8.32,3.0,8.0,0.6,17.13,0.8,1.72,,,,,29.2,70.75,1.4,196.0,,0.0,,708.0,
2024-08-18 16:00:00,17.75,110.5,1.05,18.5,10.72,3.28,10.25,0.38,17.07,0.98,2.2,,,,,26.52,74.75,1.0,178.75,,0.0,,708.0,
2024-08-18 17:00:00,12.5,49.5,1.23,14.28,8.62,3.18,9.18,0.72,9.84,0.88,1.98,,,,,24.28,80.75,0.78,93.0,,0.0,,708.25,
2024-08-18 18:00:00,9.25,23.25,1.38,16.27,9.78,3.28,8.52,1.1,21.42,0.82,1.82,,,,,22.72,82.75,0.28,132.75,,0.0,,708.75,
2024-08-18 19:00:00,14.75,58.25,1.38,18.88,11.18,3.35,9.35,1.59,10.85,0.92,2.02,,,,,22.82,82.25,0.35,130.75,,0.0,,709.75,
2024-08-18 20:00:00,21.0,112.0,1.58,27.48,15.85,4.15,9.75,2.2,21.7,0.95,2.08,,,,,22.92,83.0,0.28,112.25,,0.0,,710.0,
2024-08-18 21:00:00,25.25,172.5,1.2,32.98,18.5,4.3,9.52,1.21,14.56,0.92,2.08,,,,,22.98,82.75,1.65,80.25,,0.0,,710.5,
2024-08-18 22:00:00,27.75,133.75,1.1,21.48,12.32,3.42,9.57,0.82,18.71,0.92,2.08,,,,,22.85,81.75,0.2,53.0,,0.0,,711.5,
2024-08-18 23:00:00,22.5,107.5,1.38,21.78,12.7,3.62,10.02,1.18,17.95,0.98,2.15,,,,,22.7,81.0,0.25,101.25,,0.0,,711.5,
2024-08-19 00:00:00,18.5,140.0,1.05,19.32,11.15,3.25,7.8,0.65,17.53,0.73,1.7,,,,,22.78,81.0,0.57,209.33,,0.0,,777.0,
2024-08-19 01:00:00,16.5,107.75,1.27,16.95,10.05,3.25,7.25,0.59,17.87,0.72,1.58,,,,,22.95,81.0,0.55,216.5,,0.0,,710.0,
2024-08-19 02:00:00,7.5,84.5,1.12,13.3,8.0,3.12,7.0,0.64,18.73,0.7,1.52,,,,,22.65,81.25,0.2,78.0,,0.0,,769.25,
2024-08-19 03:00:00,12.5,87.25,1.05,14.0,8.3,3.3,6.95,0.62,18.94,0.65,1.5,,,,,22.1,82.0,0.2,127.75,,0.0,,708.75,
2024-08-19 04:00:00,15.0,82.75,1.18,16.05,9.5,3.5,6.9,0.73,19.11,0.68,1.48,,,,,21.9,82.5,0.32,154.0,,0.0,,709.0,
2024-08-19 05:00:00,17.75,93.25,1.52,21.5,12.68,3.98,7.6,0.9,18.95,0.75,1.65,,,,,22.3,83.5,0.8,207.0,,0.0,,709.0,
2024-08-19 06:00:00,17.0,118.25,1.5,25.92,15.0,4.2,7.0,0.9,18.38,0.68,1.5,,,,,22.52,82.25,1.42,205.0,,0.0,,709.25,
2024-08-19 07:00:00,17.25,122.5,1.05,20.72,11.82,3.38,7.05,0.94,20.8,0.68,1.52,,,,,22.45,82.75,0.6,200.0,,0.0,,710.0,
2024-08-19 08:00:00,19.75,123.25,1.3,14.22,8.6,3.22,6.7,0.94,19.85,0.68,1.42,,,,,23.32,81.25,1.45,200.0,,0.0,,716.25,
2024-08-19 09:00:00,22.25,97.75,1.23,14.52,8.75,3.15,6.7,0.89,19.87,0.65,1.45,,,,,24.92,78.5,1.2,164.5,,0.0,,710.5,
2024-08-19 10:00:00,16.75,112.0,1.48,17.67,10.58,3.18,7.15,0.88,21.1,0.68,1.52,,,,,26.12,76.5,1.3,192.5,,0.0,,710.25,
2024-08-19 11:00:00,24.75,118.0,1.5,26.2,15.18,3.92,8.57,0.84,20.88,0.85,1.82,,,,,27.08,74.75,1.27,202.25,,0.0,,710.0,
2024-08-19 12:00:00,24.75,111.25,0.98,31.52,17.58,3.9,7.02,0.78,24.72,0.7,1.5,,,,,28.1,73.25,2.6,199.25,,0.0,,709.0,
2024-08-19 13:00:00,23.25,107.25,1.1,15.68,9.25,2.68,5.88,0.62,18.55,0.57,1.25,,,,,28.78,70.5,1.12,166.0,,0.0,,708.0,
2024-08-19 14:00:00,13.75,83.75,1.62,17.42,10.58,3.92,7.32,0.7,25.75,0.75,1.58,,,,,29.3,69.25,1.6,171.25,,0.0,,706.5,
2024-08-19 15:00:00,21.0,127.5,1.23,34.4,19.3,4.1,7.4,1.05,18.0,0.72,1.6,,,,,29.9,70.5,1.23,207.5,,0.0,,705.75,
2024-08-19 16:00:00,27.25,165.0,1.5,31.75,18.12,4.08,9.55,1.06,23.26,0.92,2.08,,,,,28.7,73.25,1.3,169.5,,0.0,,766.25,
2024-08-19 17:00:00,27.75,118.25,1.52,30.72,17.6,4.1,9.75,0.73,19.78,0.95,2.12,,,,,27.7,76.5,1.08,156.0,,0.0,,706.25,
2024-08-19 18:00:00,30.0,127.0,1.42,40.17,22.5,4.65,11.8,1.22,16.37,1.15,2.52,,,,,27.35,75.25,1.27,176.25,,0.0,,707.0,
2024-08-19 19:00:00,34.25,146.0,0.88,31.35,17.42,4.1,6.68,1.13,18.69,0.65,1.45,,,,,26.82,77.25,2.05,178.0,,0.0,,708.25,
2024-08-19 20:00:00,17.25,86.5,1.25,26.4,15.08,3.85,5.68,1.28,17.54,0.55,1.23,,,,,25.45,81.0,2.08,197.75,,0.0,,709.25,
2024-08-19 21:00:00,9.5,113.5,1.55,29.98,17.2,4.28,8.52,0.72,8.81,0.82,1.82,,,,,24.52,81.5,1.55,197.75,,0.0,,710.25,
2024-08-19 22:00:00,11.0,104.5,1.25,25.52,14.6,3.8,6.78,0.66,,0.65,1.45,,,,,23.85,82.5,1.75,215.0,,0.0,,711.0,
2024-08-19 23:00:00,14.0,97.75,1.48,20.25,12.0,3.62,6.95,0.73,,0.68,1.5,,,,,23.32,81.25,1.2,271.25,,0.0,,711.0,
2024-08-20 00:00:00,18.0,93.5,1.25,16.18,9.62,3.38,7.33,0.57,,0.7,1.6,,,,,22.98,82.0,1.6,270.0,,0.0,,710.75,
2024-08-20 01:00:00,6.75,39.75,1.32,14.42,8.7,3.22,7.38,0.76,,0.7,1.6,,,,,22.58,82.0,0.8,264.25,,0.0,,709.75,
2024-08-20 02:00:00,15.0,98.0,1.25,12.95,7.95,3.38,7.48,0.55,,0.7,1.58,,,,,22.48,81.5,1.08,262.25,,0.0,,708.75,
2024-08-20 03:00:00,8.75,94.0,1.3,12.88,8.0,3.28,6.97,0.65,,0.7,1.5,,,,,22.38,80.0,1.42,228.25,,0.0,,714.75,
2024-08-20 04:00:00,21.5,104.0,1.35,14.55,8.85,3.35,7.42,0.68,,0.72,1.6,,,,,22.3,80.0,0.7,242.25,,0.0,,708.0,
2024-08-20 05:00:00,33.25,138.75,1.58,17.88,10.78,3.45,7.35,0.65,,0.72,1.6,,,,,22.3,80.0,0.8,226.75,,0.0,,769.0,
2024-08-20 06:00:00,26.5,136.25,1.5,30.42,17.42,4.3,8.9,0.96,,0.85,1.92,,,,,22.35,80.25,0.78,238.0,,0.0,,709.0,
2024-08-20 07:00:00,19.5,163.0,1.27,34.38,19.3,4.47,9.05,1.14,,0.9,1.92,,,,,22.68,80.5,1.27,265.75,,0.0,,710.0,
2024-08-20 08:00:00,13.25,149.25,1.65,27.42,15.92,4.15,8.2,1.35,,0.8,1.75,,,,,23.7,77.75,1.03,249.5,,0.0,,710.0,
2024-08-20 09:00:00,16.0,140.5,1.2,25.52,14.6,3.88,8.12,1.19,,0.78,1.75,,,,,25.6,73.25,1.18,255.5,,0.0,,710.0,
2024-08-20 10:00:00,14.25,130.0,1.3,22.72,13.15,3.68,7.3,0.79,,0.72,1.6,,,,,27.18,70.5,1.1,238.25,,0.0,,710.0,
2024-08-20 11:00:00,19.0,120.75,1.12,22.9,13.1,3.48,7.1,0.56,,0.68,1.52,,,,,28.42,69.0,1.23,195.75,,0.0,,710.0,
2024-08-20 12:00:00,22.0,93.25,1.2,17.8,10.45,3.15,6.1,0.45,,0.6,1.32,,,,,29.0,69.25,1.08,208.0,,0.0,,709.0,
2024-08-20 13:00:00,20.0,86.75,1.2,10.02,6.32,2.7,5.85,0.55,,0.57,1.25,,,,,29.58,70.0,1.05,126.5,,0.0,,708.0,
2024-08-20 14:00:00,13.25,65.0,1.2,9.0,5.75,2.78,6.28,0.49,,0.62,1.35,,,,,29.4,70.25,0.98,132.0,,0.0,,707.25,
2024-08-20 15:00:00,11.75,66.5,1.32,10.8,6.8,2.92,5.8,0.5,19.77,0.55,1.25,,,,,29.05,71.0,1.05,122.5,,0.0,,767.5,
2024-08-20 16:00:00,12.5,68.5,1.3,10.4,6.58,3.05,6.5,0.46,19.25,0.62,1.4,,,,,28.78,71.0,1.35,101.25,,0.0,,706.0,
2024-08-20 17:00:00,7.75,61.5,1.65,15.18,9.38,3.5,6.92,1.34,19.71,0.68,1.5,,,,,27.72,73.0,1.85,171.25,,0.0,,766.75,
2024-08-20 18:00:00,7.25,59.0,1.82,43.6,24.68,4.6,9.52,3.21,19.45,0.95,2.05,,,,,25.35,81.0,1.27,124.25,,0.0,,768.0,
2024-08-20 19:00:00,8.25,51.25,1.0,40.7,22.42,4.03,7.88,2.74,19.73,0.78,1.72,,,,,24.32,86.0,1.32,123.25,,0.0,,714.25,
2024-08-20 20:00:00,11.0,65.75,1.05,31.67,17.7,3.82,8.52,2.31,19.65,0.82,1.82,,,,,24.4,82.5,1.4,119.25,,0.0,,709.25,
2024-08-20 21:00:00,15.0,65.5,0.92,19.58,11.18,3.3,7.32,0.7,19.4,0.72,1.6,,,,,24.42,81.25,0.78,125.0,,0.0,,710.5,
2024-08-20 22:00:00,9.75,50.0,1.12,13.28,7.98,3.05,6.85,0.45,19.93,0.68,1.48,,,,,24.5,82.25,0.92,135.0,,0.0,,711.0,
2024-08-20 23:00:00,16.75,61.5,1.3,14.85,8.95,3.12,7.0,0.4,19.54,0.68,1.5,,,,,24.38,83.0,0.8,178.75,,0.0,,711.0,
2024-08-21 00:00:00,25.5,76.0,1.15,11.9,7.25,3.05,8.63,0.36,19.5,0.83,1.83,,,,,23.9,83.0,1.58,186.75,,0.0,,711.0,
2024-08-21 01:00:00,9.75,36.75,1.3,11.75,7.28,3.1,9.98,0.44,19.12,1.0,2.15,,,,,23.42,83.25,1.27,175.0,,0.0,,710.25,
2024-08-21 02:00:00,10.75,16.5,1.4,8.43,5.62,3.02,10.07,0.49,19.71,1.0,2.18,,,,,22.8,84.25,1.27,145.75,,0.0,,709.75,
2024-08-21 03:00:00,7.0,14.0,1.18,12.35,7.52,3.25,10.65,0.48,19.72,1.05,2.28,,,,,22.48,85.0,0.85,238.5,,0.0,,715.0,
2024-08-21 04:00:00,7.0,19.75,1.52,15.05,9.25,3.45,10.42,0.55,20.18,1.02,2.25,,,,,22.4,84.75,2.3,186.25,,0.0,,709.5,
2024-08-21 05:00:00,8.5,21.0,1.25,19.82,11.55,3.7,10.8,0.71,19.35,1.05,2.32,,,,,22.38,84.0,1.35,207.75,,0.0,,710.0,
2024-08-21 06:00:00,12.0,26.75,0.9,18.1,10.35,3.6,10.4,0.67,19.06,1.0,2.25,,,,,22.3,83.75,0.78,175.75,,0.0,,710.5,
2024-08-21 07:00:00,11.5,31.5,1.23,16.02,9.52,3.35,10.62,0.79,20.17,1.05,2.28,,,,,22.48,82.75,1.65,157.33,,0.0,,711.0,
2024-08-21 08:00:00,16.25,52.0,1.38,27.78,15.9,4.1,12.02,0.94,19.28,1.18,2.58,,,,,23.4,81.0,1.18,181.0,,0.0,,774.5,
2024-08-21 09:00:00,8.75,63.0,1.23,24.22,13.88,3.9,11.52,0.95,19.79,1.15,2.52,,,,,25.02,77.0,1.0,204.25,,0.0,,772.5,
2024-08-21 10:00:00,10.25,66.25,1.05,16.62,9.7,3.22,9.7,0.42,18.67,0.95,2.08,,,,,26.5,72.75,1.62,194.0,,0.0,,711.5,
2024-08-21 11:00:00,10.0,86.5,1.27,11.08,6.9,3.02,9.0,0.38,20.86,0.88,1.92,,,,,27.25,69.0,1.5,149.25,,0.0,,711.0,
2024-08-21 12:00:00,15.25,89.5,1.4,14.6,8.88,3.4,10.32,0.5,19.67,1.0,2.22,,,,,27.78,69.75,2.08,167.75,,0.0,,710.25,
2024-08-21 13:00:00,11.25,73.75,1.15,11.45,7.05,3.12,9.7,0.69,18.65,0.95,2.08,,,,,27.48,72.5,2.02,162.5,,0.0,,709.75,
2024-08-21 14:00:00,5.0,46.25,1.2,9.52,6.08,3.12,9.28,0.55,17.76,0.88,2.0,,,,,26.42,72.5,1.65,154.5,,0.0,,708.75,
2024-08-21 15:00:00,3.0,67.0,1.38,11.18,7.02,3.25,9.38,0.81,19.67,0.9,2.0,,,,,27.75,68.25,2.03,174.25,,0.0,,714.25,
2024-08-21 16:00:00,7.25,75.75,1.32,22.5,13.0,4.15,10.98,0.83,19.63,1.05,2.35,,,,,27.02,69.5,2.0,176.75,,0.0,,713.75,
2024-08-21 17:00:00,9.75,79.0,1.25,18.88,11.02,3.72,10.52,0.59,19.8,1.0,2.25,,,,,26.95,71.0,2.02,217.25,,0.0,,708.25,
2024-08-21 18:00:00,7.25,79.0,1.2,24.48,13.95,4.2,11.12,0.73,19.09,1.1,2.4,,,,,25.75,70.5,2.58,198.0,,0.0,,709.5,
2024-08-21 19:00:00,10.25,119.0,1.18,24.95,14.22,3.92,10.7,0.8,19.88,1.05,2.33,,,,,23.25,69.0,1.58,182.5,,0.0,,710.0,
2024-08-21 20:00:00,7.75,97.75,1.23,17.02,10.07,3.55,9.77,0.62,19.98,0.92,2.12,,,,,22.45,69.75,2.92,216.25,,0.0,,710.5,
2024-08-21 21:00:00,7.5,84.75,1.58,22.95,13.48,4.4,11.12,0.73,19.64,1.08,2.4,,,,,22.25,72.25,1.3,194.75,,0.0,,711.0,
2024-08-21 22:00:00,9.5,103.0,1.1,20.5,11.8,3.47,10.05,0.57,20.21,0.98,2.15,,,,,21.98,73.0,1.32,206.5,,0.0,,712.0,
2024-08-21 23:00:00,12.75,108.0,2.02,38.6,22.12,3.0,10.2,1.16,15.71,0.98,2.22,,,,,21.52,73.25,1.5,200.75,,0.0,,712.0,
2024-08-22 00:00:00,26.0,116.0,0.9,49.3,26.82,,7.17,1.78,25.81,0.7,1.57,,,,,21.2,74.0,1.5,202.25,,0.0,,711.5,
2024-08-22 01:00:00,40.75,110.25,1.05,34.8,19.38,,5.42,1.6,20.0,0.55,1.15,,,,,20.85,74.25,1.55,217.75,,0.0,,711.0,
2024-08-22 02:00:00,11.5,73.25,0.82,15.02,8.65,1.15,4.92,0.84,21.61,0.5,1.05,,,,,20.68,74.75,1.68,227.0,,0.0,,831.75,
2024-08-22 03:00:00,5.75,70.0,1.37,8.43,5.55,2.58,5.23,,19.52,0.53,1.13,,,,,20.52,74.0,1.4,205.0,,0.0,,711.0,
2024-08-22 04:00:00,3.25,76.25,1.18,12.18,7.45,3.25,5.9,,20.29,0.57,1.27,,,,,20.2,74.25,1.85,195.0,,0.0,,711.0,
2024-08-22 05:00:00,6.75,76.75,1.55,14.55,9.0,3.52,6.48,0.42,20.13,0.6,1.4,,,,,19.82,75.0,1.92,202.0,,0.0,,711.5,
2024-08-22 06:00:00,5.0,83.25,1.58,37.4,21.2,5.5,7.28,0.68,19.29,0.7,1.55,,,,,19.7,74.75,2.3,205.0,,0.0,,712.0,
2024-08-22 07:00:00,4.25,106.0,0.85,20.27,11.48,3.95,5.0,0.43,19.41,0.48,1.08,,,,,20.15,73.5,1.65,208.75,,0.0,,712.5,
2024-08-22 08:00:00,10.25,114.0,1.18,13.82,8.32,3.45,5.92,0.99,19.43,0.55,1.27,,,,,20.98,71.5,2.72,220.75,,0.0,,713.0,
2024-08-22 09:00:00,8.75,121.5,1.62,26.92,15.62,5.08,7.6,0.6,19.46,0.75,1.65,,,,,22.52,69.5,1.95,188.25,,0.0,,713.0,
2024-08-22 10:00:00,14.0,104.0,1.38,36.85,20.7,5.5,9.22,0.62,19.8,0.92,1.98,,,,,24.22,67.75,1.92,203.25,,0.0,,713.0,
2024-08-22 11:00:00,19.25,116.5,1.0,36.1,20.02,5.52,7.43,0.48,19.79,0.75,1.6,,,,,25.72,66.75,2.12,194.0,,0.0,,713.0,
2024-08-22 12:00:00,7.25,101.75,1.02,12.3,7.4,3.18,5.35,0.47,19.55,0.5,1.15,,,,,26.42,66.0,2.05,187.75,,0.0,,712.25,
2024-08-22 13:00:00,5.25,80.25,1.25,9.45,6.05,3.1,5.18,0.19,19.07,0.5,1.1,,,,,26.62,65.75,1.9,202.75,,0.0,,716.75,
2024-08-22 14:00:00,10.25,88.25,1.55,23.22,13.6,4.97,7.32,0.15,18.58,0.7,1.6,,,,,27.22,65.0,1.65,199.33,,0.0,,710.5,
2024-08-22 15:00:00,22.0,113.75,1.38,34.12,19.27,5.3,7.62,0.08,20.27,0.75,1.65,,,,,28.12,64.5,3.03,243.75,,0.0,,709.5,
2024-08-22 16:00:00,17.0,120.75,1.3,30.0,17.02,4.97,7.82,0.02,19.3,0.75,1.68,,,,,28.6,63.75,1.48,199.75,,0.0,,709.75,
2024-08-22 17:00:00,13.25,107.25,1.05,29.92,16.8,3.85,7.8,0.84,19.52,0.72,1.7,,,,,27.75,66.25,1.4,189.0,,0.0,,710.0,
2024-08-22 18:00:00,19.75,115.0,1.35,34.4,19.38,5.38,8.62,1.13,19.75,0.85,1.88,,,,,26.85,67.5,1.15,185.0,,0.0,,710.75,
2024-08-22 19:00:00,18.75,148.5,1.25,32.83,18.5,4.82,7.62,1.5,19.29,0.72,1.62,,,,,26.2,69.5,1.1,180.5,,0.0,,711.25,
2024-08-22 20:00:00,17.0,144.25,1.23,17.08,10.12,3.5,5.7,0.9,19.33,0.57,1.25,,,,,25.38,71.75,1.27,224.25,,0.0,,712.75,
2024-08-22 21:00:00,16.0,108.75,1.52,35.65,20.2,5.32,7.78,0.72,20.35,0.75,1.7,,,,,24.68,73.75,1.82,200.0,,0.0,,713.75,
2024-08-22 22:00:00,20.0,125.25,0.95,27.98,15.7,4.45,6.65,0.5,19.6,0.65,1.42,,,,,24.4,73.25,1.02,202.0,,0.0,,714.0,
2024-08-22 23:00:00,12.5,99.25,1.32,14.05,8.55,3.45,5.55,0.49,20.43,0.55,1.2,,,,,23.62,74.25,0.78,209.25,,0.0,,714.0,
2024-08-23 00:00:00,9.25,107.5,1.38,14.58,8.85,3.7,7.07,0.3,19.77,0.67,1.5,,,,,22.98,74.75,1.27,228.0,,0.0,,713.25,
2024-08-23 01:00:00,13.75,101.5,1.12,16.5,9.68,3.9,7.65,0.44,20.55,0.72,1.62,,,,,22.5,74.0,1.05,237.33,,0.0,,713.0,
2024-08-23 02:00:00,14.75,93.0,0.9,15.73,9.1,3.75,7.58,0.46,19.78,0.75,1.62,,,,,22.08,74.25,1.85,230.75,,0.0,,717.75,
2024-08-23 03:00:00,11.75,88.5,1.4,13.78,8.45,3.62,7.9,0.4,19.77,0.77,1.67,,,,,21.62,75.0,1.05,227.0,,0.0,,834.25,
2024-08-23 04:00:00,15.25,107.25,1.32,22.38,12.98,4.42,8.1,0.29,19.75,0.78,1.75,,,,,21.35,75.0,1.08,211.0,,0.0,,779.0,
2024-08-23 05:00:00,18.5,99.75,1.0,20.82,11.88,4.25,8.05,0.55,19.92,0.8,1.72,,,,,21.15,75.0,0.88,207.33,,0.0,,712.0,
2024-08-23 06:00:00,16.25,119.75,1.15,20.52,11.85,4.15,8.43,0.74,20.34,0.85,1.82,,,,,20.95,75.25,0.95,212.33,,0.0,,712.5,
2024-08-23 07:00:00,15.5,145.0,1.35,22.65,13.15,4.35,8.18,0.77,20.19,0.8,1.78,,,,,21.02,75.75,1.05,222.0,,0.0,,719.25,
2024-08-23 08:00:00,19.5,134.75,1.35,22.22,12.92,4.32,7.58,0.86,19.35,0.75,1.62,,,,,22.1,74.25,2.0,209.75,,0.0,,713.5,
2024-08-23 09:00:00,16.25,111.75,1.38,21.28,12.42,4.22,8.07,0.27,18.84,0.8,1.72,,,,,23.68,71.25,3.63,195.5,,0.0,,714.0,
2024-08-23 10:00:00,10.5,112.25,1.08,14.4,8.57,3.65,7.6,0.16,19.39,0.72,1.62,,,,,25.15,68.5,1.78,208.0,,0.0,,714.0,
2024-08-23 11:00:00,8.5,122.0,1.27,12.1,7.5,3.6,7.45,0.05,18.64,0.75,1.6,,,,,26.42,66.5,1.85,207.25,,0.0,,713.25,
2024-08-23 12:00:00,11.0,119.75,1.32,28.05,15.98,4.8,8.45,0.08,19.92,0.82,1.8,,,,,27.45,64.75,1.75,218.5,,0.0,,712.5,
2024-08-23 13:00:00,21.75,136.25,1.2,30.65,17.27,4.85,9.18,1.39,19.98,0.9,2.0,,,,,28.45,64.0,2.05,219.0,,0.0,,711.5,
2024-08-23 14:00:00,15.25,124.25,1.27,23.82,13.7,4.22,7.98,1.05,19.83,0.78,1.72,,,,,28.48,64.0,1.75,215.5,,0.0,,711.0,
2024-08-23 15:00:00,8.0,129.75,1.27,16.15,9.57,3.75,7.85,1.22,19.84,0.78,1.68,,,,,28.98,63.75,1.8,240.0,,0.0,,711.0,
2024-08-23 16:00:00,12.5,148.75,1.55,19.83,11.8,4.08,8.15,1.32,19.52,0.78,1.78,,,,,28.85,63.25,1.48,208.5,,0.0,,711.0,
2024-08-23 17:00:00,15.75,131.0,1.3,17.82,10.55,3.85,7.58,0.73,19.98,0.72,1.62,,,,,28.52,64.25,1.4,207.75,,0.0,,711.0,
2024-08-23 18:00:00,13.25,121.0,1.58,21.95,12.92,4.15,8.05,1.11,19.48,0.8,1.75,,,,,27.7,66.0,1.15,191.25,,0.0,,711.0,
2024-08-23 19:00:00,17.5,141.5,1.45,28.58,16.4,4.7,8.57,1.59,16.3,0.85,1.88,,,,,26.55,70.0,0.98,198.5,,0.0,,712.0,
2024-08-23 20:00:00,20.0,153.5,1.12,25.52,14.5,4.3,7.85,1.33,9.28,0.78,1.68,,,,,25.65,72.75,0.92,207.67,,0.0,,773.0,
2024-08-23 21:00:00,22.75,139.5,1.48,23.62,13.78,4.38,8.22,1.02,10.13,0.8,1.78,,,,,25.08,72.0,1.18,205.25,,0.0,,713.75,
2024-08-23 22:00:00,21.0,136.5,1.12,22.05,12.68,4.32,7.65,0.94,8.93,0.75,1.65,,,,,24.5,72.5,1.8,205.33,,0.0,,714.0,
2024-08-23 23:00:00,16.75,126.0,1.4,16.5,9.95,3.75,8.02,0.26,9.94,0.78,1.72,,,,,23.65,74.75,1.88,190.75,,0.0,,714.0,
2024-08-24 00:00:00,11.75,100.5,1.3,11.55,7.2,3.4,6.57,0.16,10.71,0.63,1.43,,,,,22.75,76.75,1.3,217.0,,0.0,,713.25,
2024-08-24 01:00:00,6.75,73.25,1.3,9.02,5.88,3.2,6.2,0.58,10.36,0.6,1.32,,,,,22.15,76.0,1.4,217.25,,0.0,,713.0,
2024-08-24 02:00:00,3.5,65.75,1.48,12.15,7.68,3.58,6.02,0.52,9.55,0.6,1.3,,,,,21.6,75.75,1.55,219.25,,0.0,,712.75,
2024-08-24 03:00:00,6.75,100.67,1.32,14.35,8.72,3.78,6.48,0.6,9.7,0.65,1.42,,,,,21.2,75.0,2.08,228.5,,0.0,,779.0,
2024-08-24 04:00:00,10.75,123.25,1.18,13.4,8.1,3.62,5.82,0.49,10.33,0.55,1.27,,,,,20.9,75.25,1.35,220.5,,0.0,,718.5,
2024-08-24 05:00:00,8.25,108.25,1.48,16.98,10.2,4.32,5.18,0.54,9.58,0.5,1.12,,,,,20.6,75.75,1.27,216.25,,0.0,,713.0,
2024-08-24 06:00:00,11.25,139.25,1.2,25.33,14.45,4.72,6.5,0.57,9.99,0.62,1.4,,,,,20.62,75.25,2.1,218.5,,0.0,,714.0,
2024-08-24 07:00:00,10.75,191.0,1.25,20.1,11.72,4.07,6.22,0.78,10.16,0.6,1.35,,,,,20.75,76.0,1.5,222.75,,0.0,,714.0,
2024-08-24 08:00:00,14.75,189.5,1.12,16.77,9.85,3.9,6.22,0.83,9.32,0.57,1.35,,,,,21.1,75.5,1.52,204.0,,0.0,,714.5,
2024-08-24 09:00:00,16.5,143.0,1.62,29.08,16.77,4.92,5.82,0.65,9.13,0.55,1.27,,,,,22.2,72.25,1.7,219.5,,0.0,,779.75,
2024-08-24 10:00:00,29.25,180.0,1.23,28.72,16.25,4.03,5.72,0.52,10.26,0.57,1.25,,,,,24.15,66.75,2.17,216.25,,0.0,,714.0,
2024-08-24 11:00:00,18.0,184.75,1.18,19.95,11.58,4.12,6.48,0.44,10.15,0.62,1.4,,,,,25.75,66.25,2.33,212.5,,0.0,,714.0,
2024-08-24 12:00:00,19.0,185.0,1.3,25.4,14.55,4.68,8.12,0.43,8.92,0.78,1.75,,,,,26.85,66.75,2.05,211.25,,0.0,,713.0,
2024-08-24 13:00:00,19.75,161.33,1.08,17.18,10.02,3.48,6.32,0.39,9.71,0.6,1.38,,,,,27.9,66.0,2.15,206.0,,0.0,,712.0,
2024-08-24 14:00:00,14.5,144.0,1.68,19.08,11.5,4.28,6.38,0.5,10.1,0.62,1.4,,,,,28.0,66.0,2.17,223.0,,0.0,,772.0,
2024-08-24 15:00:00,18.25,149.75,1.52,34.1,19.4,5.3,7.85,0.76,9.74,0.75,1.7,,,,,28.18,66.25,2.2,240.5,,0.0,,711.0,
2024-08-24 16:00:00,12.25,161.5,0.82,21.75,12.25,3.88,6.62,0.57,9.84,0.62,1.42,,,,,27.65,67.5,2.62,228.25,,0.0,,711.0,
2024-08-24 17:00:00,5.0,147.75,1.62,25.9,15.12,4.92,8.1,0.85,9.56,0.78,1.72,,,,,27.05,68.75,1.82,227.25,,0.0,,711.25,
2024-08-24 18:00:00,17.25,149.5,1.6,30.7,17.6,5.2,8.07,1.11,9.5,0.75,1.75,,,,,26.35,68.25,2.4,235.5,,0.0,,712.0,
2024-08-24 19:00:00,17.0,133.5,1.23,34.92,19.58,4.92,8.35,1.08,9.32,0.82,1.8,,,,,25.35,69.25,1.78,230.25,,0.0,,712.75,
2024-08-24 20:00:00,12.5,135.25,1.12,19.1,11.1,3.9,6.52,0.8,9.8,0.62,1.4,,,,,24.33,70.25,1.82,228.75,,0.0,,713.5,
2024-08-24 21:00:00,10.25,113.5,1.65,31.48,18.1,5.85,8.48,0.78,10.21,0.8,1.83,,,,,23.4,71.5,1.85,240.0,,0.0,,714.25,
2024-08-24 22:00:00,16.25,118.0,1.02,30.7,17.2,4.88,7.55,0.6,9.4,0.75,1.65,,,,,22.92,73.25,1.7,233.25,,0.0,,715.0,
2024-08-24 23:00:00,12.5,90.25,1.2,13.85,8.35,3.5,5.65,0.43,9.7,0.55,1.23,,,,,22.28,74.25,1.5,229.0,,0.0,,774.0,
2024-08-25 00:00:00,6.75,80.0,1.2,11.15,6.92,3.32,7.07,0.38,10.34,0.7,1.53,,,,,21.78,75.0,1.55,232.67,,0.0,,714.0,
2024-08-25 01:00:00,7.75,61.5,1.6,27.32,15.82,5.4,10.15,0.42,9.88,0.98,2.2,,,,,21.35,74.5,2.22,215.75,,0.0,,713.0,
2024-08-25 02:00:00,23.25,89.0,1.2,24.6,14.05,5.5,11.25,0.46,10.1,1.1,2.42,,,,,21.12,73.25,1.45,221.0,,0.0,,712.25,
2024-08-25 03:00:00,22.0,102.67,0.63,20.0,11.2,4.18,9.4,0.26,10.24,0.93,2.03,,,,,20.77,74.33,2.92,221.0,,0.0,,712.0,
2024-08-25 04:00:00,10.75,64.5,1.42,10.9,6.95,3.4,8.62,0.26,9.77,0.82,1.85,,,,,20.48,75.0,1.38,224.25,,0.0,,712.0,
2024-08-25 05:00:00,7.0,68.5,1.27,13.92,8.48,3.65,8.83,0.36,10.28,0.88,1.9,,,,,20.4,75.0,1.5,230.25,,0.0,,712.25,
2024-08-25 06:00:00,7.5,83.75,1.45,15.28,9.32,3.78,9.35,0.45,9.87,0.9,2.0,,,,,20.38,75.25,1.52,230.25,,0.0,,713.0,
2024-08-25 07:00:00,9.75,105.75,1.27,17.85,10.52,3.92,9.55,0.5,9.93,0.92,2.05,,,,,20.35,76.0,2.43,224.25,,0.0,,713.5,
2024-08-25 08:00:00,11.0,99.0,1.15,13.12,7.93,3.58,8.98,0.71,10.07,0.9,1.95,,,,,20.65,75.75,1.48,215.5,,0.0,,714.0,
2024-08-25 09:00:00,8.0,92.25,1.3,10.73,6.72,3.45,9.3,0.66,10.48,0.9,2.02,,,,,21.3,74.75,1.68,221.25,,0.0,,774.5,
2024-08-25 10:00:00,8.25,102.25,1.5,15.58,9.48,3.88,9.88,0.69,9.51,0.95,2.15,,,,,22.17,73.75,3.12,226.0,,0.0,,774.25,
2024-08-25 11:00:00,11.0,123.5,1.08,22.72,12.98,4.38,10.35,0.66,9.14,1.0,2.22,,,,,23.58,72.0,2.08,234.0,,0.0,,713.25,
2024-08-25 12:00:00,14.25,153.25,1.0,22.62,12.85,4.35,9.93,0.67,10.52,0.98,2.15,,,,,25.62,68.75,2.15,227.75,,0.0,,712.5,
2024-08-25 13:00:00,7.75,131.5,1.1,15.0,8.88,3.8,9.68,0.7,9.68,0.98,2.08,,,,,26.62,67.75,2.02,234.25,,0.0,,772.0,
2024-08-25 14:00:00,11.75,109.5,1.2,12.5,7.62,3.55,8.93,0.68,8.66,0.88,1.95,,,,,26.95,66.5,2.08,237.75,,0.0,,710.75,
2024-08-25 15:00:00,8.0,112.5,1.3,13.68,8.35,3.55,9.68,0.66,9.82,0.95,2.08,,,,,27.58,65.25,2.78,225.75,,0.0,,710.0,
2024-08-25 16:00:00,8.25,109.0,1.23,11.05,6.88,3.32,9.07,0.62,9.64,0.9,1.92,,,,,27.02,66.75,1.8,219.25,,0.0,,710.0,
2024-08-25 17:00:00,10.25,95.75,1.48,13.9,8.6,3.65,9.12,0.76,9.14,0.9,1.98,,,,,26.55,68.0,3.52,256.0,,0.0,,771.0,
2024-08-25 18:00:00,12.75,124.75,1.38,17.3,10.35,3.9,9.85,1.04,9.6,0.92,2.12,,,,,26.38,65.5,1.7,241.5,,0.0,,711.0,
2024-08-25 19:00:00,8.75,112.5,1.25,19.08,11.18,4.05,9.78,1.22,10.36,0.95,2.12,,,,,25.17,67.0,1.78,242.25,,0.0,,711.25,
2024-08-25 20:00:00,8.75,104.5,1.35,19.08,11.22,4.0,9.62,1.23,9.58,0.92,2.08,,,,,24.28,67.0,1.75,241.0,,0.0,,712.0,
2024-08-25 21:00:00,10.5,96.5,1.15,16.92,9.93,3.78,9.43,0.49,9.84,0.92,2.02,,,,,23.38,67.75,2.28,225.25,,0.0,,712.75,
2024-08-25 22:00:00,9.0,74.75,1.2,12.55,7.65,3.48,9.35,0.39,9.93,0.9,2.02,,,,,22.5,70.75,1.55,222.0,,0.0,,772.5,
2024-08-25 23:00:00,8.5,69.5,1.25,11.05,6.9,3.3,9.52,0.28,10.06,0.92,2.05,,,,,21.72,73.25,1.5,209.0,,0.0,,713.0,
2024-08-26 00:00:00,5.75,67.5,1.38,8.5,5.62,3.18,8.47,0.13,9.88,0.83,1.83,,,,,21.05,74.25,1.52,204.0,,0.0,,712.25,
2024-08-26 01:00:00,2.25,44.75,1.32,7.1,4.85,3.08,7.88,0.52,10.11,0.78,1.7,,,,,20.55,75.0,1.62,230.5,,0.0,,772.0,
2024-08-26 02:00:00,2.75,34.25,1.38,6.72,4.68,3.08,8.0,0.43,10.17,0.78,1.72,,,,,20.35,75.25,1.55,212.5,,0.0,,710.75,
2024-08-26 03:00:00,2.0,33.33,1.18,6.75,4.55,3.05,8.12,0.48,10.85,0.8,1.75,,,,,20.13,76.0,1.75,217.5,,0.0,,784.25,
2024-08-26 04:00:00,1.0,41.0,1.23,7.28,4.85,3.1,8.07,0.5,10.69,0.78,1.72,,,,,19.95,76.0,1.82,216.67,,0.0,,711.0,
2024-08-26 05:00:00,1.5,57.0,1.32,9.45,6.08,3.3,8.05,0.41,10.27,0.8,1.75,,,,,19.82,76.0,1.68,214.5,,0.0,,711.0,
2024-08-26 06:00:00,2.75,62.75,1.32,11.62,7.22,3.45,8.55,0.54,10.24,0.82,1.82,,,,,19.9,76.0,1.65,221.5,,0.0,,717.5,
2024-08-26 07:00:00,3.0,75.5,1.23,14.02,8.45,3.65,8.8,0.59,10.02,0.85,1.88,,,,,20.0,75.75,2.0,216.25,,0.0,,712.0,
2024-08-26 08:00:00,6.75,92.5,1.35,13.4,8.22,3.58,8.45,0.74,9.87,0.8,1.82,,,,,20.72,74.5,2.05,221.5,,0.0,,773.25,
2024-08-26 09:00:00,9.0,108.0,1.38,16.2,9.72,3.88,8.9,1.1,9.41,0.9,1.92,,,,,22.4,72.25,2.0,235.75,,0.0,,713.0,
2024-08-26 10:00:00,10.0,122.25,1.3,16.55,9.88,3.78,9.18,0.86,10.31,0.9,1.98,,,,,23.88,69.75,2.82,223.25,,0.0,,712.25,
2024-08-26 11:00:00,11.75,120.0,1.38,15.68,9.45,3.72,8.88,0.63,9.81,0.88,1.92,,,,,25.05,68.25,2.2,221.5,,0.0,,711.75,
2024-08-26 12:00:00,9.0,121.25,1.32,14.8,8.95,3.68,9.25,0.64,9.79,0.9,1.98,,,,,26.28,65.75,2.82,228.33,,0.0,,711.0,
2024-08-26 13:00:00,11.75,123.5,1.25,13.38,8.1,3.55,8.48,0.66,9.75,0.82,1.82,,,,,26.92,65.25,2.12,217.5,,0.0,,837.25,
2024-08-26 14:00:00,11.25,117.25,1.45,12.78,7.95,3.45,7.85,0.75,9.42,0.75,1.68,,,,,27.55,65.5,2.28,238.67,,0.0,,769.75,
2024-08-26 15:00:00,11.75,110.0,1.38,17.38,10.38,3.88,8.62,0.84,9.78,0.85,1.88,,,,,28.22,63.75,1.92,235.25,,0.0,,769.5,
2024-08-26 16:00:00,12.75,106.75,1.25,22.65,13.05,4.22,8.72,1.05,10.12,0.82,1.88,,,,,27.7,63.75,2.4,238.0,,0.0,,709.0,
2024-08-26 17:00:00,15.25,111.25,1.15,22.2,12.75,4.28,8.8,0.85,9.57,0.88,1.9,,,,,26.5,67.0,1.8,234.0,,0.0,,709.5,
2024-08-26 18:00:00,6.75,96.75,1.45,21.3,12.52,4.1,9.65,1.02,10.08,0.92,2.1,,,,,25.3,70.5,1.62,225.25,,0.0,,710.5,
2024-08-26 19:00:00,7.5,91.75,1.27,21.58,12.45,4.15,8.93,1.32,9.59,0.85,1.92,,,,,24.35,72.25,1.38,212.5,,0.0,,711.25,
2024-08-26 20:00:00,11.25,98.0,1.2,16.22,9.6,3.78,8.7,0.64,10.48,0.88,1.9,,,,,23.88,73.25,1.4,217.75,,0.0,,712.5,
2024-08-26 21:00:00,8.0,72.0,1.18,16.65,9.75,3.75,9.1,0.71,9.63,0.9,1.98,,,,,22.72,74.0,1.65,237.0,,0.0,,713.0,
2024-08-26 22:00:00,4.5,65.75,1.18,16.92,10.0,3.88,8.75,0.58,9.59,0.85,1.88,,,,,22.1,74.0,2.25,225.33,,0.0,,719.25,
2024-08-26 23:00:00,2.75,65.5,1.15,12.92,7.82,3.48,8.22,0.39,8.86,0.8,1.78,,,,,21.7,74.0,1.5,214.5,,0.0,,713.0,
2024-08-27 00:00:00,2.0,66.0,1.23,9.88,6.22,3.25,7.73,0.25,10.32,0.73,1.67,,,,,21.28,74.0,1.3,213.5,,0.0,,713.0,
2024-08-27 01:00:00,,58.5,1.25,8.52,5.55,3.15,7.28,0.54,10.4,0.7,1.55,,,,,20.88,74.5,1.3,230.25,,0.0,,712.0,
2024-08-27 02:00:00,9.0,49.5,1.55,10.0,6.6,3.3,6.62,0.58,10.6,0.62,1.42,,,,,20.75,76.0,1.35,223.25,,0.0,,712.0,
2024-08-27 03:00:00,8.5,59.25,1.17,9.5,6.08,3.35,7.07,0.58,10.33,0.7,1.53,,,,,20.6,76.0,2.0,218.5,,0.0,,711.25,
2024-08-27 04:00:00,7.5,49.75,1.25,8.7,5.65,3.28,6.82,0.61,10.15,0.7,1.48,,,,,20.55,76.0,1.15,210.5,,0.0,,711.5,
2024-08-27 05:00:00,8.5,57.0,1.3,11.08,6.95,3.38,7.6,0.45,10.46,0.72,1.62,,,,,20.42,76.0,1.4,228.25,,0.0,,711.75,
2024-08-27 06:00:00,8.75,77.75,1.35,14.5,8.8,3.65,7.58,0.55,9.76,0.72,1.62,,,,,20.5,76.0,1.92,228.0,,0.0,,712.5,
2024-08-27 07:00:00,14.5,116.75,1.23,17.12,10.1,3.85,8.12,0.69,9.52,0.8,1.75,,,,,20.6,76.0,1.52,228.5,,0.0,,773.5,
2024-08-27 08:00:00,14.0,100.5,1.38,16.1,9.7,3.88,8.12,0.86,10.67,0.8,1.78,,,,,21.05,75.75,3.03,227.5,,0.0,,713.5,
2024-08-27 09:00:00,8.75,101.0,1.35,17.67,10.5,3.85,8.32,0.98,9.86,0.82,1.8,,,,,21.78,74.5,1.78,232.0,,0.0,,713.5,
2024-08-27 10:00:00,10.25,107.0,1.35,16.05,9.65,3.72,8.25,0.74,9.78,0.82,1.78,,,,,22.85,72.5,1.8,222.0,,0.0,,713.0,
2024-08-27 11:00:00,7.75,112.0,1.12,15.38,9.1,3.75,8.52,0.63,9.9,0.82,1.85,,,,,23.9,70.5,1.88,232.0,,0.0,,713.0,
2024-08-27 12:00:00,8.0,120.25,1.1,16.0,9.4,3.8,8.1,0.48,9.6,0.8,1.78,,,,,25.15,68.5,2.0,221.5,,0.0,,718.5,
2024-08-27 13:00:00,10.5,103.25,1.3,15.28,9.15,3.72,7.9,0.79,9.93,0.75,1.7,,,,,26.52,66.25,2.68,247.25,,0.0,,711.5,
2024-08-27 14:00:00,,,,,,,,,,,,,,,,,,,,,0.0,,,
2024-08-27 15:00:00,,,,,,,,,,,,,,,,,,,,,0.0,,,
2024-08-27 16:00:00,,,,,,,,,,,,,,,,,,,,,0.0,,,
2024-08-27 17:00:00,9.0,77.0,,,,,,,,,,,,,,25.6,70.0,,,,0.0,,,
2024-08-27 18:00:00,9.0,77.0,,,,,,,,,,,,,,25.6,70.0,,,,0.0,,,
2024-08-27 19:00:00,8.0,112.0,1.2,24.7,14.1,4.3,7.6,1.18,10.44,0.7,1.6,,,,,24.7,72.0,1.8,240.0,,0.0,,713.0,
2024-08-27 20:00:00,,,,,,,,,,,,,,,,,,,,,0.0,,,
2024-08-27 21:00:00,,,,,,,,,,,,,,,,,,,,,0.0,,,
2024-08-27 22:00:00,,,,,,,,,,,,,,,,,,,,,0.0,,,
2024-08-27 23:00:00,12.5,91.25,0.97,18.63,10.7,4.07,8.2,0.15,10.06,0.8,1.77,,,,,21.92,74.75,1.13,244.0,,0.0,,715.0,
2024-08-28 00:00:00,10.25,104.0,1.1,13.45,8.05,3.6,7.47,,10.14,0.73,1.6,,,,,21.58,74.0,1.2,240.0,,0.0,,714.25,
2024-08-28 01:00:00,7.75,97.5,1.32,11.25,7.08,3.4,6.45,0.52,8.98,0.62,1.4,,,,,21.08,74.25,1.2,238.75,,0.0,,713.5,
2024-08-28 02:00:00,7.25,84.5,1.32,11.08,6.98,3.4,5.98,0.26,9.47,0.57,1.27,,,,,20.65,75.0,1.12,229.0,,0.0,,713.0,
2024-08-28 03:00:00,,,,,,,,,,,,,,,,,,,,,0.0,,,
2024-08-28 04:00:00,4.0,81.0,1.2,10.1,6.3,3.4,7.1,0.28,9.53,0.7,1.5,,,,,20.2,76.0,1.5,236.0,,0.0,,713.0,
2024-08-28 05:00:00,3.0,69.0,1.38,12.0,7.5,3.52,7.28,0.5,9.81,0.72,1.58,,,,,20.08,76.0,1.25,229.0,,0.0,,713.0,
2024-08-28 06:00:00,6.0,69.0,1.4,14.7,8.9,3.8,7.4,0.25,10.15,0.7,1.6,,,,,20.0,76.0,1.5,232.0,,0.0,,713.0,
2024-08-28 07:00:00,,,,,,,,,,,,,,,,,,,,,0.0,,,
2024-08-28 08:00:00,,,,,,,,,,,,,,,,,,,,,0.0,,,
2024-08-28 09:00:00,8.0,132.0,1.0,19.4,11.2,4.0,7.6,0.93,10.46,0.7,1.6,,,,,22.4,72.0,1.3,243.0,,0.0,,714.0,
2024-08-28 10:00:00,8.75,136.25,1.1,20.27,11.68,4.1,8.43,0.92,9.76,0.8,1.82,,,,,22.88,71.5,1.68,225.0,,0.0,,714.0,
2024-08-28 11:00:00,10.5,147.25,1.23,18.55,10.88,4.0,8.28,0.6,9.16,0.8,1.8,,,,,24.6,69.5,1.85,235.25,,0.0,,713.25,
2024-08-28 12:00:00,11.0,135.75,1.35,19.77,11.65,4.08,8.02,0.59,9.62,0.8,1.72,,,,,25.48,68.25,1.6,234.5,,0.0,,712.5,
2024-08-28 13:00:00,17.0,124.25,1.15,20.85,12.05,4.35,8.25,0.82,9.86,0.82,1.78,,,,,25.2,69.5,2.02,268.0,,0.0,,711.75,
2024-08-28 14:00:00,17.25,143.25,1.35,22.28,12.92,4.28,9.02,0.78,9.59,0.9,1.95,,,,,24.8,70.75,1.68,257.25,,0.0,,711.0,
2024-08-28 15:00:00,16.25,131.25,1.15,22.35,12.85,4.28,8.82,0.72,9.04,0.88,1.9,,,,,25.3,70.0,1.7,232.75,,0.0,,711.0,
2024-08-28 16:00:00,10.25,115.25,1.25,23.3,13.4,4.4,8.9,0.59,9.14,0.88,1.95,,,,,24.72,70.5,1.42,202.25,,0.0,,711.0,
2024-08-28 17:00:00,7.5,106.0,1.5,18.75,11.22,4.08,8.43,0.91,9.94,0.82,1.8,,,,,23.82,72.5,1.32,215.75,,0.0,,711.0,
2024-08-28 18:00:00,6.25,120.75,1.23,22.35,12.88,4.25,8.85,1.32,9.52,0.88,1.9,,,,,23.5,74.25,1.32,220.75,,0.0,,711.75,
2024-08-28 19:00:00,7.5,130.0,1.58,27.05,15.68,4.53,9.22,1.81,9.73,0.92,2.0,,,,,23.18,74.75,1.3,234.75,,0.0,,712.75,
2024-08-28 20:00:00,9.5,158.0,1.27,26.52,15.15,4.68,9.07,1.62,9.66,0.9,1.98,,,,,23.05,73.5,1.65,235.0,,0.0,,713.0,
2024-08-28 21:00:00,10.5,144.75,1.12,20.88,12.08,4.12,8.9,0.82,10.06,0.85,1.9,,,,,22.72,71.75,1.4,228.5,,0.0,,713.75,
2024-08-28 22:00:00,9.75,119.75,1.23,17.65,10.35,3.88,7.9,0.78,10.08,0.78,1.72,,,,,22.05,71.5,1.45,228.0,,0.0,,714.0,
2024-08-28 23:00:00,11.25,107.0,1.25,16.02,9.55,3.85,7.85,0.48,10.51,0.75,1.7,,,,,21.48,73.5,1.18,238.0,,0.0,,713.25,
2024-08-29 00:00:00,8.5,94.5,1.27,12.25,7.57,3.42,8.53,0.33,10.73,0.8,1.83,,,,,21.02,75.25,1.38,227.5,,0.0,,712.5,
2024-08-29 01:00:00,6.75,78.25,1.4,9.35,6.15,3.18,9.65,0.37,10.63,0.95,2.08,,,,,20.72,76.0,1.4,229.75,,0.0,,711.25,
2024-08-29 02:00:00,7.25,64.0,1.25,9.57,6.12,3.25,9.52,0.39,9.81,0.9,2.08,,,,,20.48,76.0,1.15,228.25,,0.0,,711.0,
2024-08-29 03:00:00,,,,,,,,,,,,,,,,,,,,,0.0,,,
2024-08-29 04:00:00,,,,,,,,,,,,,,,,,,,,,0.0,,,
2024-08-29 05:00:00,,,,,,,,,,,,,,,,,,,,,0.0,,,
2024-08-29 06:00:00,,,,,,,,,,,,,,,,,,,,,0.0,,,
2024-08-29 07:00:00,5.67,132.33,1.2,18.3,10.73,3.8,10.2,0.6,9.81,1.0,2.2,,,,,20.53,76.67,1.4,221.33,,0.0,,712.0,
2024-08-29 08:00:00,6.75,137.0,1.18,17.62,10.32,3.88,10.15,0.64,8.91,0.98,2.17,,,,,21.1,75.5,1.65,228.0,,0.0,,712.25,
2024-08-29 09:00:00,15.75,120.25,1.23,19.65,11.45,4.03,10.55,1.16,9.87,1.02,2.28,,,,,22.28,73.75,1.72,235.25,,0.0,,712.75,
2024-08-29 10:00:00,8.75,112.25,1.12,19.65,11.38,3.95,10.28,1.01,9.44,1.0,2.2,,,,,23.22,73.25,1.68,228.5,,0.0,,712.0,
2024-08-29 11:00:00,7.75,85.5,1.38,21.5,12.55,4.28,10.75,1.08,9.25,1.05,2.32,,,,,23.68,73.75,1.88,249.25,,0.0,,712.0,
2024-08-29 12:00:00,8.5,116.25,1.25,26.3,15.0,4.57,10.92,1.16,9.72,1.08,2.38,,,,,24.05,73.0,1.25,238.0,,0.0,,711.0,
2024-08-29 13:00:00,12.5,108.75,1.08,23.72,13.48,4.2,10.45,1.24,9.28,1.02,2.28,,,,,24.15,74.75,0.88,227.25,,0.0,,710.25,
2024-08-29 14:00:00,12.25,43.0,1.12,24.9,14.18,4.53,11.15,1.12,9.14,1.08,2.4,,,,,23.2,79.75,0.92,241.25,,0.0,,709.0,
2024-08-29 15:00:00,16.0,55.0,1.1,32.23,18.03,5.37,10.33,1.31,9.71,1.0,2.23,,,,,23.5,79.0,1.77,253.0,,0.0,,709.0,
2024-08-29 16:00:00,,,,,,,,,,,,,,,,,,,,,0.0,,,
2024-08-29 17:00:00,,,,,,,,,,,,,,,,,,,,,0.0,,,
2024-08-29 18:00:00,,,,,,,,,,,,,,,,,,,,,0.0,,,
2024-08-29 19:00:00,,,,,,,,,,,,,,,,,,,,,0.0,,,
2024-08-29 20:00:00,,,,,,,,,,,,,,,,,,,,,0.0,,,
2024-08-29 21:00:00,,,,,,,,,,,,,,,,,,,,,0.0,,,
2024-08-29 22:00:00,,,,,,,,,,,,,,,,,,,,,0.0,,,
2024-08-29 23:00:00,,,,,,,,,,,,,,,,,,,,,0.0,,,
2024-08-30 00:00:00,,,,,,,,,,,,,,,,,,,,,0.0,,,
2024-08-30 01:00:00,,,,,,,,,,,,,,,,,,,,,0.0,,,
2024-08-30 02:00:00,,,,,,,,,,,,,,,,,,,,,0.0,,,
2024-08-30 03:00:00,,,,,,,,,,,,,,,,,,,,,0.0,,,
2024-08-30 04:00:00,,,,,,,,,,,,,,,,,,,,,0.0,,,
2024-08-30 05:00:00,,,,,,,,,,,,,,,,,,,,,0.0,,,
2024-08-30 06:00:00,,,,,,,,,,,,,,,,,,,,,0.0,,,
2024-08-30 07:00:00,,,,,,,,,,,,,,,,,,,,,0.0,,,
2024-08-30 08:00:00,18.0,143.0,,,,,,,,,,,,,,22.0,76.0,,,,0.0,,,
2024-08-30 09:00:00,16.75,143.0,1.2,23.5,13.5,4.25,8.98,1.12,10.18,0.88,1.98,,,,,22.35,75.5,1.58,234.5,,0.0,,712.0,
2024-08-30 10:00:00,13.25,158.0,1.42,22.85,13.32,4.47,8.93,1.01,9.8,0.9,1.92,,,,,23.58,73.5,1.72,250.0,,0.0,,712.0,
2024-08-30 11:00:00,13.5,197.0,,,,,8.9,0.76,10.02,0.88,1.92,,,,,24.28,71.75,1.92,260.75,,0.0,,712.0,
2024-08-30 12:00:00,13.75,185.5,,,,,9.02,0.58,9.16,0.9,1.95,,,,,25.12,70.75,1.9,256.5,,0.0,,711.0,
2024-08-30 13:00:00,17.25,201.5,,,,,8.52,0.84,9.38,0.8,1.85,,,,,26.33,69.25,1.9,251.25,,0.0,,710.0,
2024-08-30 14:00:00,12.0,191.0,,,,,9.0,0.93,10.36,0.9,2.0,,,,,27.0,67.0,1.9,277.0,,0.0,,709.0,
2024-08-30 15:00:00,20.0,183.0,,,,,9.6,1.29,10.09,0.9,2.1,,,,,25.5,71.0,1.9,280.0,,0.0,,708.0,
2024-08-30 16:00:00,,,,,,,,,,,,,,,,,,,,,0.0,,,
2024-08-30 17:00:00,17.0,236.0,1.0,25.7,14.5,4.5,6.5,0.48,9.53,0.6,1.4,,,,,26.2,70.0,2.9,277.0,,0.0,,710.0,
2024-08-30 18:00:00,,,,,,,,,,,,,,,,,,,,,0.0,,,
2024-08-30 19:00:00,9.5,31.5,1.1,34.17,19.03,5.1,7.6,1.75,8.88,0.73,1.63,,,,,20.6,75.0,1.07,226.33,,0.0,,711.67,
2024-08-30 20:00:00,11.5,35.75,1.25,31.8,17.92,4.92,7.4,1.4,9.2,0.72,1.6,,,,,21.0,78.0,1.25,229.75,,0.0,,712.0,
2024-08-30 21:00:00,12.75,66.75,1.27,30.82,17.42,4.78,7.55,1.16,9.47,0.75,1.65,,,,,21.38,78.0,1.32,236.5,,0.0,,712.25,
2024-08-30 22:00:00,12.25,92.5,1.0,25.15,14.2,4.47,6.65,0.82,8.54,0.62,1.42,,,,,21.58,78.0,1.35,239.0,,0.0,,713.0,
2024-08-30 23:00:00,12.75,118.75,1.45,17.6,10.5,3.9,6.4,0.39,9.26,0.6,1.38,,,,,21.42,77.75,1.32,236.5,,0.0,,712.5,
2024-08-31 00:00:00,11.0,93.75,1.55,14.35,8.9,3.68,8.1,0.18,9.52,0.8,1.77,,,,,21.12,77.0,1.08,239.5,,0.0,,712.0,
2024-08-31 01:00:00,7.25,91.75,1.25,11.88,7.35,3.52,9.68,0.5,9.16,0.92,2.1,,,,,20.82,76.75,1.3,232.5,,0.0,,711.25,
2024-08-31 02:00:00,4.0,83.5,1.23,10.15,6.4,3.42,9.6,0.42,9.8,0.95,2.08,,,,,20.55,76.0,1.4,240.0,,0.0,,710.75,
2024-08-31 03:00:00,1.0,71.25,1.15,10.72,6.65,3.4,9.7,0.34,9.38,0.95,2.1,,,,,20.35,76.25,1.2,233.75,,0.0,,710.0,
2024-08-31 04:00:00,,79.75,1.18,11.1,6.82,3.48,9.25,0.37,9.9,0.9,2.0,,,,,20.18,77.0,1.3,243.5,,0.0,,710.0,
2024-08-31 05:00:00,2.0,96.25,1.42,13.18,8.2,3.62,10.05,0.55,9.38,1.0,2.15,,,,,20.1,77.0,1.27,240.75,,0.0,,710.5,
2024-08-31 06:00:00,4.75,118.25,1.48,18.4,11.0,4.1,10.6,0.7,9.62,1.0,2.3,,,,,20.12,77.25,1.32,250.5,,0.0,,711.0,
2024-08-31 07:00:00,12.75,155.25,1.38,18.72,11.08,4.1,10.78,0.69,9.65,1.05,2.33,,,,,20.3,77.75,1.42,234.25,,0.0,,711.5,
2024-08-31 08:00:00,13.0,131.0,1.12,17.5,10.2,3.92,10.32,0.85,9.23,1.02,2.25,,,,,20.8,76.75,1.55,241.75,,0.0,,712.0,
2024-08-31 09:00:00,16.75,154.0,,,,,11.65,1.08,9.44,1.12,2.5,,,,,21.6,75.75,1.48,245.0,,0.0,,712.0,
2024-08-31 10:00:00,16.0,197.25,,,,,10.82,0.78,8.95,1.05,2.35,,,,,22.5,74.25,2.1,257.5,,0.0,,712.0,
2024-08-31 11:00:00,7.5,172.25,,,,,10.42,0.74,10.07,1.0,2.25,,,,,23.48,72.0,1.9,252.0,,0.0,,712.0,
2024-08-31 12:00:00,11.25,165.5,,,,,10.42,0.75,9.57,1.0,2.25,,,,,23.78,72.0,1.83,248.5,,0.0,,710.75,
2024-08-31 13:00:00,16.75,163.0,,,,,10.28,0.93,9.34,0.98,2.25,,,,,24.18,71.75,2.0,265.25,,0.0,,710.0,
2024-08-31 14:00:00,14.0,171.25,,,,,10.2,1.0,9.59,1.0,2.18,,,,,24.82,70.75,2.12,270.0,,0.0,,709.0,
2024-08-31 15:00:00,17.0,182.25,,,,,9.65,0.89,9.38,0.95,2.05,,,,,25.2,69.75,2.52,277.75,,0.0,,708.5,
2024-08-31 16:00:00,16.0,193.75,,,,,9.95,0.92,9.11,0.98,2.15,,,,,25.12,69.25,2.17,267.25,,0.0,,708.0,
2024-08-31 17:00:00,13.75,185.5,,,,,10.45,1.16,9.97,1.0,2.25,,,,,24.78,70.5,1.88,263.5,,0.0,,708.5,
2024-08-31 18:00:00,13.75,170.0,,,,,10.58,1.4,9.71,1.0,2.3,,,,,24.23,72.25,1.65,264.0,,0.0,,709.75,
2024-08-31 19:00:00,8.25,162.0,,,,,10.78,1.53,9.57,1.02,2.3,,,,,23.72,73.5,1.8,265.75,,0.0,,710.0,
2024-08-31 20:00:00,12.0,151.75,,,,,10.55,1.32,9.22,1.02,2.28,,,,,23.02,74.5,1.75,256.75,,0.0,,710.75,
2024-08-31 21:00:00,12.25,159.5,,,,,11.2,1.01,9.52,1.08,2.42,,,,,22.38,73.0,1.3,237.0,,0.0,,711.75,
2024-08-31 22:00:00,12.5,162.25,,,,,10.62,0.77,9.8,1.02,2.3,,,,,21.9,73.5,1.23,233.0,,0.0,,712.0,
2024-08-31 23:00:00,11.0,148.0,,,,,10.47,0.51,9.3,1.0,2.23,,,,,21.6,75.0,1.3,230.67,,0.0,,712.0,
2024-09-01 00:00:00,7.25,98.0,,,,,9.4,0.16,10.64,0.9,2.03,,,,,21.02,77.0,1.4,239.0,,0.0,,711.0,
2024-09-01 01:00:00,5.75,88.0,,,,,8.65,0.65,10.1,0.82,1.88,,,,,20.78,77.0,1.23,235.5,,0.0,,709.75,
2024-09-01 02:00:00,8.75,102.0,,,,,9.43,0.57,9.59,0.9,2.02,,,,,20.68,77.25,1.45,238.0,,0.0,,709.0,
2024-09-01 03:00:00,9.75,90.5,,,,,9.8,0.47,10.16,0.98,2.1,,,,,20.58,78.0,1.38,243.75,,0.0,,708.5,
2024-09-01 04:00:00,6.0,71.25,,,,,9.38,0.46,9.79,0.92,2.0,,,,,20.52,78.25,1.38,245.0,,0.0,,709.0,
2024-09-01 05:00:00,5.25,85.75,,,,,8.9,0.53,8.66,0.85,1.95,,,,,20.58,79.0,1.55,262.25,,0.0,,709.0,
2024-09-01 06:00:00,5.0,86.5,1.1,14.7,8.7,3.9,10.02,0.67,9.48,0.98,2.18,,,,,20.5,78.75,1.2,236.5,,0.0,,709.5,
2024-09-01 07:00:00,11.0,125.75,,,,,9.48,1.15,9.41,0.92,2.05,,,,,20.6,78.0,1.55,240.25,,0.0,,710.5,
2024-09-01 08:00:00,,,,,,,,,,,,,,,,,,,,,0.0,,,
2024-09-01 09:00:00,8.0,120.0,,,,,,,,,,,,,,21.5,76.0,,,,0.0,,,
2024-09-01 10:00:00,,,,,,,,,,,,,,,,,,,,,0.0,,,
2024-09-01 11:00:00,,,,,,,,,,,,,,,,,,,,,0.0,,,
2024-09-01 12:00:00,,,,,,,,,,,,,,,,,,,,,0.0,,,
2024-09-01 13:00:00,,,,,,,,,,,,,,,,,,,,,0.0,,,
2024-09-01 14:00:00,11.5,158.5,,,,,10.8,0.83,10.5,1.1,2.3,,,,,28.45,65.0,2.2,267.0,,0.0,,707.0,
2024-09-01 15:00:00,10.25,154.5,,,,,10.35,0.76,9.91,1.0,2.22,,,,,28.95,64.0,2.78,278.25,,0.0,,707.0,
2024-09-01 16:00:00,13.75,150.75,,,,,10.1,0.79,9.27,1.0,2.18,,,,,28.72,63.5,2.78,270.0,,0.0,,707.0,
2024-09-01 17:00:00,15.25,171.0,,,,,10.02,0.8,8.72,0.98,2.17,,,,,27.88,62.75,2.98,278.25,,0.0,,708.0,
2024-09-01 18:00:00,20.0,180.5,,,,,10.73,0.92,9.82,1.08,2.28,,,,,25.6,66.0,2.22,273.75,,0.0,,709.0,
2024-09-01 19:00:00,12.75,124.25,,,,,10.3,1.23,8.88,1.0,2.22,,,,,24.3,69.0,2.08,270.25,,0.0,,710.0,
2024-09-01 20:00:00,9.5,112.0,,,,,10.9,1.1,9.87,1.08,2.38,,,,,23.92,69.25,2.15,276.0,,0.0,,710.0,
2024-09-01 21:00:00,10.5,113.5,,,,,10.77,0.65,9.75,1.02,2.32,,,,,23.62,70.25,1.85,273.5,,0.0,,710.75,
2024-09-01 22:00:00,9.0,127.0,,,,,10.8,0.36,9.29,1.03,2.33,,,,,23.4,71.0,1.7,270.67,,0.0,,711.0,
2024-09-01 23:00:00,13.0,103.33,,,,,9.25,0.15,9.46,0.9,2.0,,,,,22.6,72.33,1.25,241.5,,0.0,,711.0,
2024-09-02 00:00:00,10.25,89.0,,,,,7.2,0.07,8.61,0.7,1.55,,,,,22.3,73.0,1.2,251.67,,0.0,,711.0,
2024-09-02 01:00:00,8.25,83.0,,,,,5.85,0.31,9.47,0.6,1.27,,,,,21.88,73.5,1.38,232.25,,0.0,,710.0,
2024-09-02 02:00:00,8.25,68.25,,,,,5.22,0.38,9.53,0.52,1.1,,,,,21.35,75.0,1.42,234.25,,0.0,,709.75,
2024-09-02 03:00:00,6.0,50.75,,,,,5.32,0.27,9.32,0.52,1.15,,,,,20.82,75.25,1.6,232.75,,0.0,,709.0,
2024-09-02 04:00:00,6.75,50.5,,,,,5.9,0.55,9.85,0.55,1.3,,,,,20.58,76.25,1.4,228.5,,0.0,,709.0,
2024-09-02 05:00:00,9.5,60.25,,,,,6.5,0.59,9.77,0.62,1.42,,,,,20.52,76.75,1.15,228.5,,0.0,,710.0,
2024-09-02 06:00:00,11.0,87.75,,,,,6.02,0.64,8.83,0.57,1.32,,,,,20.62,76.0,1.08,217.75,,0.0,,710.25,
2024-09-02 07:00:00,12.25,102.5,,,,,6.72,0.84,8.85,0.65,1.45,,,,,20.8,76.25,1.15,211.75,,0.0,,711.5,
2024-09-02 08:00:00,15.25,121.5,,,,,6.9,1.04,9.31,0.65,1.5,,,,,21.3,76.5,1.45,209.0,,0.0,,712.0,
2024-09-02 09:00:00,12.75,119.25,,,,,7.42,0.85,9.56,0.7,1.6,,,,,22.35,74.25,1.6,220.0,,0.0,,712.0,
2024-09-02 10:00:00,13.25,119.5,,,,,7.0,0.55,9.16,0.68,1.5,,,,,23.98,71.75,1.68,214.75,,0.0,,712.0,
2024-09-02 11:00:00,15.0,124.75,,,,,5.75,0.35,9.06,0.55,1.25,,,,,25.2,70.5,1.65,212.75,,0.0,,710.75,
2024-09-02 12:00:00,11.5,118.5,,,,,5.58,0.27,10.06,0.55,1.23,,,,,26.5,68.75,1.6,225.75,,0.0,,709.75,
2024-09-02 13:00:00,16.0,116.5,,,,,5.78,0.52,10.06,0.55,1.25,,,,,27.05,68.0,1.72,218.5,,0.0,,708.5,
2024-09-02 14:00:00,6.75,103.0,,,,,6.45,0.72,9.16,0.62,1.4,,,,,27.38,69.0,1.72,213.25,,0.0,,708.0,
2024-09-02 15:00:00,8.75,78.25,,,,,7.48,1.34,9.32,0.75,1.6,,,,,25.2,73.25,0.65,201.0,,0.0,,707.5,
2024-09-02 16:00:00,14.75,37.5,,,,,7.05,1.79,9.36,0.7,1.52,,,,,22.68,77.5,1.02,210.25,,0.0,,708.0,
2024-09-02 17:00:00,10.5,72.0,,,,,7.35,1.84,9.61,0.72,1.6,,,,,23.15,78.75,0.82,224.0,,0.0,,707.75,
2024-09-02 18:00:00,18.25,132.0,,,,,9.25,2.85,9.64,0.9,1.98,,,,,23.22,77.0,1.25,245.75,,0.0,,708.5,
2024-09-02 19:00:00,18.25,146.25,,,,,8.6,2.45,8.62,0.82,1.85,,,,,23.58,75.25,0.75,213.75,,0.0,,709.75,
2024-09-02 20:00:00,16.25,68.25,,,,,8.93,2.44,9.38,0.9,1.9,,,,,22.6,79.0,0.92,222.25,,0.0,,710.5,
2024-09-02 21:00:00,17.25,110.0,,,,,7.65,0.73,9.22,0.75,1.65,,,,,22.55,79.0,1.18,225.75,,0.0,,711.75,
2024-09-02 22:00:00,16.75,108.75,,,,,7.05,0.59,9.63,0.68,1.52,,,,,22.28,78.5,1.05,223.25,,0.0,,712.0,
2024-09-02 23:00:00,12.5,110.25,,,,,7.0,0.24,10.01,0.7,1.52,,,,,21.82,77.0,1.1,224.25,,0.0,,712.0,
2024-09-03 00:00:00,9.75,97.25,,,,,6.37,0.11,9.86,0.63,1.37,,,,,21.55,76.75,1.12,222.0,,0.0,,711.5,
2024-09-03 01:00:00,6.75,86.25,,,,,5.98,0.51,9.68,0.6,1.3,,,,,21.3,76.25,1.27,220.75,,0.0,,710.5,
2024-09-03 02:00:00,8.5,71.75,,,,,6.02,0.51,10.7,0.6,1.27,,,,,20.92,77.0,1.27,226.5,,0.0,,710.0,
2024-09-03 03:00:00,6.5,84.75,1.0,7.9,5.0,2.9,6.03,0.52,10.24,0.6,1.3,,,,,20.65,77.0,1.3,228.0,,0.0,,710.0,
2024-09-03 04:00:00,5.0,103.75,0.92,8.45,5.28,3.28,6.48,0.62,9.78,0.62,1.4,,,,,20.5,77.0,1.1,229.5,,0.0,,710.0,
2024-09-03 05:00:00,6.0,114.5,0.47,11.63,6.6,3.6,5.88,0.39,8.77,0.57,1.27,,,,,20.5,77.0,1.45,236.5,,0.0,,710.0,
2024-09-03 06:00:00,10.75,110.5,,,,,6.52,0.57,9.4,0.62,1.42,,,,,20.5,76.75,1.23,231.75,,0.0,,711.0,
2024-09-03 07:00:00,15.0,139.0,,,,,6.12,0.72,9.76,0.6,1.35,,,,,20.6,76.0,1.18,223.25,,0.0,,712.0,
2024-09-03 08:00:00,12.0,159.25,,,,,7.45,1.0,9.5,0.72,1.6,,,,,21.05,75.75,1.48,234.25,,0.0,,713.0,
2024-09-03 09:00:00,13.75,147.75,,,,,7.48,0.76,9.12,0.7,1.6,,,,,21.78,74.75,1.58,233.25,,0.0,,713.0,
2024-09-03 10:00:00,17.75,171.75,,,,,7.48,0.59,9.23,0.72,1.6,,,,,22.83,73.75,1.45,224.25,,0.0,,713.0,
2024-09-03 11:00:00,15.0,172.75,,,,,6.88,0.58,9.5,0.68,1.5,,,,,23.75,72.75,1.55,232.0,,0.0,,713.0,
2024-09-03 12:00:00,18.25,187.5,,,,,6.85,0.68,9.11,0.65,1.48,,,,,24.58,72.0,1.45,230.75,,0.0,,712.5,
2024-09-03 13:00:00,18.25,169.0,,,,,7.55,0.61,9.15,0.72,1.65,,,,,25.28,71.0,1.88,238.25,,0.0,,711.25,
2024-09-03 14:00:00,16.0,178.5,10.8,,0.85,16.8,7.55,0.86,9.21,0.75,1.65,,,,,27.05,67.5,1.65,228.75,,0.0,,710.25,
2024-09-03 15:00:00,16.75,159.75,12.05,,1.23,18.35,7.38,0.91,10.85,0.72,1.58,,,,,28.1,65.75,1.82,234.0,,0.0,,709.5,
2024-09-03 16:00:00,19.25,212.75,13.3,,1.03,20.07,6.52,0.95,9.95,0.65,1.42,,,,,27.92,65.25,1.65,221.75,,0.0,,709.25,
2024-09-03 17:00:00,20.75,230.0,6.8,26.3,19.5,,6.8,1.05,7.86,0.67,1.47,,,,,27.4,66.25,1.42,227.75,,0.0,,710.0,
2024-09-03 18:00:00,23.25,,7.78,27.32,20.88,,10.92,1.02,,1.08,2.38,,,,,,67.5,1.35,225.25,,0.0,,710.75,
2024-09-03 19:00:00,24.25,,7.85,26.98,20.72,0.7,13.18,0.94,,1.27,2.85,,,,,24.5,70.75,1.2,231.25,,0.0,,711.75,
2024-09-03 20:00:00,25.0,,10.2,23.3,20.7,8.3,11.5,1.92,,1.1,2.5,,,,,24.5,76.0,1.3,236.0,,0.0,,712.0,
2024-09-03 21:00:00,28.5,248.0,8.0,16.9,15.5,10.4,8.9,1.0,9.72,0.9,1.9,,,,,23.6,77.5,1.2,234.0,,0.0,,714.0,
2024-09-03 22:00:00,21.25,227.0,6.58,15.7,13.7,10.48,8.3,0.87,9.37,0.82,1.8,,,,,23.05,75.75,1.0,229.5,,0.0,,714.0,
2024-09-03 23:00:00,25.75,209.5,5.38,14.12,11.9,10.62,7.2,0.66,10.75,0.72,1.58,,,,,22.52,74.75,1.2,253.5,,0.0,,713.75,
2024-09-04 00:00:00,17.5,168.75,3.45,12.0,9.18,10.65,8.07,0.37,9.66,0.77,1.73,,,,,22.18,74.0,1.32,236.25,,0.0,,713.0,
2024-09-04 01:00:00,12.75,146.5,2.7,10.9,7.98,10.7,9.38,0.39,9.82,0.9,2.02,,,,,21.65,74.0,1.45,230.25,,0.0,,712.25,
2024-09-04 02:00:00,12.0,136.0,2.37,10.47,7.5,10.6,9.33,0.37,10.32,0.9,2.03,,,,,21.2,74.0,1.37,235.33,,0.0,,712.0,
2024-09-04 03:00:00,,,,,,,,,,,,,,,,,,,,,0.0,,,
2024-09-04 04:00:00,,,,,,,,,,,,,,,,,,,,,0.0,,,
2024-09-04 05:00:00,,,,,,,,,,,,,,,,,,,,,0.0,,,
2024-09-04 06:00:00,22.0,130.0,5.1,13.2,11.2,10.5,10.0,0.68,10.29,1.0,2.2,,,,,20.3,76.0,1.1,238.0,,0.0,,713.0,
2024-09-04 07:00:00,21.0,134.0,5.68,13.88,11.98,10.52,10.7,0.76,9.7,1.02,2.3,,,,,20.4,76.0,1.58,236.25,,0.0,,713.75,
2024-09-04 08:00:00,19.25,149.75,5.35,13.7,11.65,10.62,10.38,0.99,10.07,1.02,2.22,,,,,20.92,75.75,1.6,236.0,,0.0,,714.0,
2024-09-04 09:00:00,20.25,166.25,5.38,14.05,11.85,10.62,9.52,0.45,8.19,0.95,2.08,,,,,22.08,74.25,2.02,236.25,,0.0,,714.0,
2024-09-04 10:00:00,13.0,182.0,5.55,14.42,12.2,10.75,10.22,0.55,9.07,1.0,2.2,,,,,23.78,71.25,2.25,251.0,,0.0,,714.0,
2024-09-04 11:00:00,16.0,177.5,6.0,15.3,13.0,10.58,10.35,0.4,9.72,1.0,2.25,,,,,24.8,69.0,1.9,247.25,,0.0,,713.5,
2024-09-04 12:00:00,14.0,163.0,4.97,14.42,11.7,10.45,9.72,0.13,10.24,0.95,2.12,,,,,25.9,68.25,2.28,249.5,,0.0,,712.25,
2024-09-04 13:00:00,9.0,158.25,4.6,14.32,11.35,10.62,9.57,0.71,9.93,0.92,2.05,,,,,27.6,65.5,2.15,250.75,,0.0,,711.0,
2024-09-04 14:00:00,13.25,153.5,4.82,14.65,11.7,10.58,9.7,0.68,9.62,0.95,2.1,,,,,28.3,63.75,2.33,261.5,,0.0,,710.0,
2024-09-04 15:00:00,17.25,163.75,5.95,16.15,13.45,10.6,10.68,0.85,9.2,1.02,2.32,,,,,28.55,63.25,2.12,272.5,,0.0,,709.0,
2024-09-04 16:00:00,16.5,167.5,6.75,16.98,14.52,10.65,10.65,1.1,9.64,1.02,2.32,,,,,27.55,66.0,1.72,266.75,,0.0,,709.75,
2024-09-04 17:00:00,12.0,100.0,9.0,19.6,17.7,10.5,11.0,,8.76,1.1,2.4,,,,,25.0,72.0,1.4,286.0,,0.0,,710.0,
2024-09-04 18:00:00,19.0,64.0,,,,,,,,,,,,,,24.1,75.0,,,,0.0,,,
2024-09-04 19:00:00,,,,,,,,,,,,,,,,,,,,,0.0,,,
2024-09-04 20:00:00,,,,,,,,,,,,,,,,,,,,,0.0,,,
2024-09-04 21:00:00,17.67,173.33,7.2,16.85,14.8,10.55,10.85,1.06,9.3,1.05,2.35,,,,,23.63,73.0,1.25,236.0,,0.0,,713.0,
2024-09-04 22:00:00,19.0,181.25,6.3,15.68,13.45,10.58,10.9,0.86,9.68,1.1,2.32,,,,,23.18,73.25,1.23,234.75,,0.0,,713.0,
2024-09-04 23:00:00,19.0,203.0,5.57,15.0,12.47,10.5,10.63,0.51,9.92,1.03,2.3,,,,,22.8,74.0,1.1,244.0,,0.0,,713.0,
2024-09-05 00:00:00,,,,,,,,,,,,,,,,,,,,,0.0,,,
2024-09-05 01:00:00,,,,,,,,,,,,,,,,,,,,,0.0,,,
2024-09-05 02:00:00,,,,,,,,,,,,,,,,,,,,,0.0,,,
2024-09-05 03:00:00,,,,,,,,,,,,,,,,,,,,,0.0,,,
2024-09-05 04:00:00,10.33,118.0,3.0,11.4,8.45,10.65,7.5,0.75,9.61,0.7,1.6,,,,,20.87,77.0,1.35,243.0,,0.0,,710.0,
2024-09-05 05:00:00,16.25,113.0,3.55,11.85,9.18,10.65,7.95,0.54,9.22,0.78,1.72,,,,,20.55,77.0,1.42,236.0,,0.0,,711.0,
2024-09-05 06:00:00,15.25,115.25,5.18,13.62,11.48,10.58,8.88,0.74,9.22,0.88,1.92,,,,,20.42,77.0,1.32,237.5,,0.0,,711.5,
2024-09-05 07:00:00,20.0,158.0,6.65,15.32,13.58,10.5,9.18,0.92,9.14,0.9,1.98,,,,,20.62,77.0,1.25,240.5,,0.0,,712.5,
2024-09-05 08:00:00,22.75,182.5,6.88,15.7,13.95,10.52,8.8,1.53,9.28,0.85,1.9,,,,,21.25,76.5,1.58,249.5,,0.0,,713.0,
2024-09-05 09:00:00,20.5,172.0,7.12,16.15,14.35,10.6,8.93,1.15,8.7,0.88,1.95,,,,,22.28,74.75,1.65,250.75,,0.0,,713.0,
2024-09-05 10:00:00,16.0,163.0,6.7,15.8,13.87,10.63,8.43,0.91,9.42,0.8,1.83,,,,,23.1,74.0,1.93,248.67,,0.0,,713.0,
2024-09-05 11:00:00,12.0,165.0,,,,,,,,,,,,,,24.7,72.0,,,,0.0,,,
2024-09-05 12:00:00,15.5,177.0,5.22,15.2,12.35,10.62,7.85,0.56,8.82,0.78,1.7,,,,,26.32,69.0,2.02,260.0,,0.0,,710.75,
2024-09-05 13:00:00,11.75,148.25,4.97,15.38,12.23,10.55,7.18,0.71,9.34,0.68,1.55,,,,,27.05,68.5,2.0,251.25,,0.0,,709.5,
2024-09-05 14:00:00,14.75,130.0,3.97,14.18,10.8,10.68,6.95,0.68,9.88,0.68,1.48,,,,,28.3,66.75,1.78,229.75,,0.0,,708.5,
2024-09-05 15:00:00,17.0,118.0,4.5,14.25,11.25,10.75,8.45,0.67,9.32,0.85,1.8,,,,,28.9,66.0,2.1,253.5,,0.0,,708.0,
2024-09-05 16:00:00,,,,,,,,,,,,,,,,,,,,,0.0,,,
2024-09-05 17:00:00,,,,,,,,,,,,,,,,,,,,,0.0,,,
2024-09-05 18:00:00,23.25,221.75,11.23,22.47,21.03,10.47,10.0,2.59,8.93,0.97,2.17,,,,,28.35,66.0,1.63,252.67,,0.0,,708.67,
2024-09-05 19:00:00,33.25,292.0,7.55,17.98,15.68,10.48,9.05,1.77,9.58,0.88,1.95,,,,,26.38,70.5,1.38,227.5,,0.0,,710.0,
2024-09-05 20:00:00,16.25,136.25,7.85,17.92,15.95,10.48,8.82,1.86,9.28,0.88,1.9,,,,,23.65,75.25,1.3,253.75,,0.0,,711.0,
2024-09-05 21:00:00,17.75,157.0,7.72,17.58,15.62,10.6,8.8,0.76,10.22,0.88,1.9,,,,,23.75,76.0,1.27,229.5,,0.0,,711.5,
2024-09-05 22:00:00,17.75,133.0,5.12,14.42,11.82,10.6,8.02,0.26,10.06,0.78,1.75,,,,,23.42,76.0,1.3,230.0,,0.0,,712.0,
2024-09-05 23:00:00,10.5,120.0,3.98,12.88,10.07,10.58,7.2,0.0,9.68,0.7,1.55,,,,,22.75,76.0,1.27,225.75,,0.0,,712.0,
2024-09-06 00:00:00,9.0,100.0,3.05,11.5,8.6,10.6,7.03,,9.31,0.7,1.53,,,,,22.18,76.0,1.5,228.0,,0.0,,711.75,
2024-09-06 01:00:00,8.5,80.25,2.52,10.72,7.72,10.6,7.88,0.49,9.82,0.75,1.7,,,,,21.72,76.0,1.4,234.25,,0.0,,711.0,
2024-09-06 02:00:00,7.0,92.5,2.62,10.75,7.85,10.6,8.0,0.48,9.67,0.8,1.72,,,,,21.42,75.75,1.38,246.75,,0.0,,710.5,
2024-09-06 03:00:00,7.0,90.25,2.7,11.05,8.07,10.58,8.02,0.37,9.85,0.78,1.72,,,,,21.12,75.25,1.45,243.75,,0.0,,710.0,
2024-09-06 04:00:00,7.25,92.5,3.05,11.42,8.57,10.5,7.82,0.4,9.76,0.75,1.65,,,,,20.88,76.25,1.27,253.0,,0.0,,710.0,
2024-09-06 05:00:00,8.25,106.25,4.2,12.45,10.05,10.52,8.07,0.51,10.7,0.8,1.75,,,,,20.8,77.0,1.42,256.5,,0.0,,710.5,
2024-09-06 06:00:00,10.0,112.25,4.58,13.08,10.68,10.48,8.98,0.62,10.19,0.88,1.98,,,,,20.8,77.0,1.38,236.25,,0.0,,711.25,
2024-09-06 07:00:00,14.75,134.75,5.62,14.2,12.1,10.48,9.22,0.85,8.85,0.9,1.95,,,,,20.88,77.0,1.3,241.25,,0.0,,712.5,
2024-09-06 08:00:00,19.75,152.0,5.78,14.55,12.45,10.5,9.25,1.03,9.34,0.9,2.0,,,,,21.28,76.5,1.72,254.0,,0.0,,713.0,
2024-09-06 09:00:00,18.75,147.75,6.5,15.6,13.58,10.5,9.18,1.04,9.62,0.9,1.98,,,,,22.1,74.5,1.7,250.75,,0.0,,713.0,
2024-09-06 10:00:00,17.75,162.5,5.85,14.98,12.75,10.55,8.8,0.82,9.24,0.88,1.9,,,,,23.32,72.5,1.88,247.0,,0.0,,713.0,
2024-09-06 11:00:00,16.25,161.25,5.52,14.52,12.2,10.5,8.52,0.6,9.31,0.82,1.82,,,,,24.48,70.5,2.52,268.0,,0.0,,712.5,
2024-09-06 12:00:00,15.0,161.25,5.85,15.45,13.0,10.68,9.4,0.61,10.06,0.9,2.05,,,,,25.32,68.75,2.22,263.75,,0.0,,712.0,
2024-09-06 13:00:00,18.25,175.25,5.4,15.02,12.4,10.58,8.43,0.88,9.38,0.85,1.82,,,,,26.32,68.0,2.2,258.75,,0.0,,711.0,
2024-09-06 14:00:00,17.5,144.0,5.2,15.02,12.22,10.55,8.28,1.0,9.52,0.8,1.78,,,,,26.45,67.75,2.15,271.5,,0.0,,710.0,
2024-09-06 15:00:00,14.5,147.0,5.9,16.12,13.35,10.48,8.82,1.14,9.17,0.88,1.9,,,,,26.52,67.0,1.9,265.5,,0.0,,709.5,
2024-09-06 16:00:00,17.75,151.75,6.33,16.2,13.77,10.53,8.9,1.23,8.57,0.87,1.93,,,,,26.22,67.5,1.87,266.67,,0.0,,709.0,
2024-09-06 17:00:00,14.5,171.25,7.55,18.0,15.75,10.48,9.28,0.95,8.63,0.9,2.0,,,,,25.92,69.0,1.42,246.5,,0.0,,710.0,
2024-09-06 18:00:00,17.75,203.75,10.48,20.75,19.55,10.58,10.62,1.59,9.54,1.02,2.3,,,,,25.58,69.75,1.2,260.0,,0.0,,710.0,
2024-09-06 19:00:00,23.0,242.0,9.9,20.12,18.75,10.5,10.6,1.55,9.65,1.02,2.3,,,,,25.08,72.0,1.2,242.5,,0.0,,711.25,
2024-09-06 20:00:00,23.0,203.75,8.88,18.88,17.25,10.58,10.35,1.27,9.17,1.0,2.22,,,,,24.6,72.0,1.25,249.5,,0.0,,712.0,
2024-09-06 21:00:00,22.0,184.5,7.98,17.8,15.98,10.58,10.45,0.74,9.74,1.0,2.25,,,,,24.12,72.25,1.35,233.25,,0.0,,712.0,
2024-09-06 22:00:00,19.75,150.25,6.45,15.9,13.68,10.45,9.18,0.52,8.96,0.92,1.98,,,,,23.4,73.25,1.23,234.75,,0.0,,713.0,
2024-09-06 23:00:00,20.0,147.5,4.68,13.88,11.15,10.58,8.52,0.27,9.02,0.82,1.82,,,,,22.65,74.5,1.3,249.0,,0.0,,713.0,
2024-09-07 00:00:00,13.75,107.25,3.98,12.95,10.15,10.55,7.9,0.09,9.88,0.77,1.73,,,,,22.1,75.75,1.15,237.75,,0.0,,712.0,
2024-09-07 01:00:00,14.0,98.75,3.2,11.68,8.8,10.62,6.52,0.64,8.52,0.62,1.4,,,,,21.65,75.25,1.08,244.75,,0.0,,712.0,
2024-09-07 02:00:00,14.75,93.25,2.85,11.35,8.35,10.62,5.98,0.55,9.5,0.57,1.27,,,,,21.12,76.0,1.25,257.25,,0.0,,711.5,
2024-09-07 03:00:00,,,,,,,,,,,,,,,,,,,,,0.0,,,
2024-09-07 04:00:00,,,,,,,,,,,,,,,,,,,,,0.0,,,
2024-09-07 05:00:00,,,,,,,,,,,,,,,,,,,,,0.0,,,
2024-09-07 06:00:00,,,,,,,,,,,,,,,,,,,,,0.0,,,
2024-09-07 07:00:00,14.5,107.0,4.7,13.3,10.85,10.55,6.65,0.7,9.12,0.6,1.4,,,,,20.65,76.0,1.1,230.0,,0.0,,712.0,
2024-09-07 08:00:00,13.25,109.75,4.05,12.55,10.0,10.58,6.78,0.55,9.49,0.68,1.48,,,,,20.98,75.75,1.42,240.75,,0.0,,713.0,
2024-09-07 09:00:00,18.5,116.0,4.28,13.1,10.42,10.52,6.7,0.75,9.21,0.65,1.42,,,,,21.92,74.75,1.4,237.5,,0.0,,713.0,
2024-09-07 10:00:00,13.25,115.5,4.1,13.25,10.4,10.42,6.92,0.87,8.2,0.68,1.48,,,,,23.65,73.25,1.88,254.5,,0.0,,713.25,
2024-09-07 11:00:00,11.25,107.0,4.4,13.75,10.88,10.58,6.6,0.94,9.63,0.65,1.42,,,,,25.67,70.25,1.92,250.75,,0.0,,713.0,
2024-09-07 12:00:00,11.25,111.25,3.6,13.22,9.98,10.65,6.6,1.09,9.35,0.65,1.42,,,,,27.28,67.5,2.22,263.75,,0.0,,712.25,
2024-09-07 13:00:00,9.5,109.75,3.45,13.18,9.82,10.58,6.68,0.81,9.7,0.62,1.45,,,,,28.18,66.0,1.6,234.5,,0.0,,710.75,
2024-09-07 14:00:00,10.5,95.0,2.92,12.48,9.02,10.6,6.52,0.76,10.08,0.62,1.4,,,,,28.1,67.0,1.6,194.0,,0.0,,710.0,
2024-09-07 15:00:00,10.25,70.75,3.0,12.42,9.05,10.62,6.45,0.77,9.38,0.6,1.4,,,,,26.42,70.75,1.78,201.5,,0.0,,710.0,
2024-09-07 16:00:00,12.5,72.75,3.3,12.78,9.48,10.62,6.7,0.84,8.38,0.62,1.4,,,,,24.0,73.75,1.7,219.5,,0.0,,710.0,
2024-09-07 17:00:00,6.75,76.5,3.42,13.15,9.8,10.52,7.02,0.82,9.62,0.7,1.5,,,,,23.52,75.5,1.27,229.0,,0.0,,711.0,
2024-09-07 18:00:00,4.0,67.75,4.32,14.28,11.12,10.52,6.88,0.94,9.58,0.65,1.5,,,,,22.9,74.25,1.12,225.0,,0.0,,711.5,
2024-09-07 19:00:00,8.0,77.5,3.55,13.2,9.88,10.6,6.62,0.92,10.25,0.65,1.45,,,,,22.58,75.25,1.1,228.0,,0.0,,712.5,
2024-09-07 20:00:00,13.0,70.0,3.48,13.02,9.75,10.6,6.4,0.98,11.43,0.62,1.38,,,,,22.48,76.0,1.18,223.75,,0.0,,713.5,
2024-09-07 21:00:00,18.5,87.25,3.8,13.0,10.02,10.6,7.05,0.89,9.26,0.7,1.52,,,,,22.32,76.25,1.23,231.25,,0.0,,714.0,
2024-09-07 22:00:00,15.75,83.0,3.85,13.12,10.1,10.55,6.82,0.9,9.34,0.68,1.48,,,,,22.05,76.5,1.42,235.75,,0.0,,714.0,
2024-09-07 23:00:00,12.0,75.25,3.28,12.3,9.2,10.6,6.3,0.64,9.34,0.6,1.32,,,,,21.82,74.75,1.38,235.5,,0.0,,713.5,
2024-09-08 00:00:00,10.75,66.25,2.65,11.22,8.18,10.55,6.23,0.46,9.55,0.6,1.37,,,,,21.52,74.0,1.45,244.25,,0.0,,713.0,
2024-09-08 01:00:00,6.5,52.75,2.25,10.48,7.42,10.6,6.35,0.57,9.75,0.6,1.35,,,,,21.2,74.25,1.35,228.25,,0.0,,712.5,
2024-09-08 02:00:00,5.0,46.0,1.97,9.7,6.77,10.6,5.67,0.48,8.94,0.53,1.23,,,,,20.9,75.0,1.43,225.33,,0.0,,712.0,
2024-09-08 03:00:00,6.0,53.0,,,,,,,,,,,,,,20.3,77.0,,,,0.0,,,
2024-09-08 04:00:00,6.0,52.25,2.3,10.2,7.28,10.62,5.82,0.39,9.8,0.57,1.27,,,,,20.3,77.0,1.38,235.75,,0.0,,712.0,
2024-09-08 05:00:00,6.25,53.0,2.88,11.05,8.22,10.52,6.0,0.39,9.9,0.57,1.32,,,,,20.32,77.0,1.18,234.75,,0.0,,712.75,
2024-09-08 06:00:00,8.0,68.5,3.68,11.98,9.38,10.6,6.55,0.48,9.34,0.65,1.42,,,,,20.42,77.0,1.18,236.0,,0.0,,713.0,
2024-09-08 07:00:00,10.25,86.25,3.42,11.88,9.1,10.6,7.05,0.46,9.83,0.65,1.5,,,,,20.58,77.0,1.27,227.5,,0.0,,713.75,
2024-09-08 08:00:00,7.75,80.0,2.98,11.32,8.43,10.6,6.58,0.46,10.17,0.6,1.4,,,,,21.0,76.75,1.55,232.0,,0.0,,714.0,
2024-09-08 09:00:00,8.0,78.25,2.92,11.48,8.48,10.58,7.1,0.66,9.28,0.68,1.52,,,,,21.83,75.75,1.6,222.0,,0.0,,714.5,
2024-09-08 10:00:00,12.5,84.75,3.28,12.02,9.07,10.58,6.55,0.79,9.34,0.65,1.4,,,,,22.82,74.5,1.68,237.75,,0.0,,714.0,
2024-09-08 11:00:00,15.75,93.75,3.4,12.55,9.45,10.6,6.2,0.76,9.17,0.6,1.32,,,,,24.1,72.75,1.82,237.75,,0.0,,713.75,
2024-09-08 12:00:00,10.75,97.25,2.8,11.85,8.62,10.7,6.55,0.79,9.21,0.6,1.4,,,,,25.2,71.5,1.98,227.75,,0.0,,712.5,
2024-09-08 13:00:00,7.0,101.0,2.8,11.85,8.65,10.6,6.2,0.56,7.74,0.6,1.3,,,,,25.8,70.0,2.15,244.5,,0.0,,711.0,
2024-09-08 14:00:00,,,,,,,,,,,,,,,,,,,,,0.0,,,
2024-09-08 15:00:00,,,,,,,,,,,,,,,,,,,,,0.0,,,
2024-09-08 16:00:00,,,,,,,,,,,,,,,,,,,,,0.0,,,
2024-09-08 17:00:00,,,,,,,,,,,,,,,,,,,,,0.0,,,
2024-09-08 18:00:00,,,,,,,,,,,,,,,,,,,,,0.0,,,
2024-09-08 19:00:00,,,,,,,,,,,,,,,,,,,,,0.0,,,
2024-09-08 20:00:00,,,,,,,,,,,,,,,,,,,,,0.0,,,
2024-09-08 21:00:00,,,,,,,,,,,,,,,,,,,,,0.0,,,
2024-09-08 22:00:00,,,,,,,,,,,,,,,,,,,,,0.0,,,
2024-09-08 23:00:00,,,,,,,,,,,,,,,,,,,,,0.0,,,
2024-09-09 00:00:00,6.0,68.5,2.58,11.18,8.05,10.55,6.6,0.1,9.67,0.63,1.43,,,,,21.32,74.0,1.4,222.25,,0.0,,712.0,
2024-09-09 01:00:00,6.25,62.25,2.22,10.48,7.38,10.6,6.68,0.43,9.96,0.68,1.42,,,,,21.02,74.25,1.5,230.5,,0.0,,712.0,
2024-09-09 02:00:00,7.25,48.25,2.25,10.32,7.3,10.6,6.4,0.46,9.59,0.6,1.38,,,,,20.78,75.5,1.4,233.25,,0.0,,711.0,
2024-09-09 03:00:00,,,,,,,,,,,,,,,,,,,,,0.0,,,
2024-09-09 04:00:00,,,,,,,,,,,,,,,,,,,,,0.0,,,
2024-09-09 05:00:00,,,,,,,,,,,,,,,,,,,,,0.0,,,
2024-09-09 06:00:00,,,,,,,,,,,,,,,,,,,,,0.0,,,
2024-09-09 07:00:00,9.5,82.75,4.3,13.53,10.67,10.5,7.93,0.65,9.71,0.8,1.7,,,,,20.6,77.0,1.5,235.0,,0.0,,711.0,
2024-09-09 08:00:00,,,,,,,,,,,,,,,,,,,,,0.0,,,
2024-09-09 09:00:00,15.0,106.0,4.9,14.3,11.6,10.4,8.0,0.95,8.87,0.8,1.7,,,,,22.0,75.33,1.7,236.0,,0.0,,711.0,
2024-09-09 10:00:00,13.0,105.0,3.9,13.25,10.25,10.65,7.75,0.68,9.69,0.75,1.65,,,,,23.65,73.0,1.8,217.5,,0.0,,711.0,
2024-09-09 11:00:00,12.0,108.5,3.55,13.08,9.85,10.6,7.92,0.47,9.13,0.8,1.72,,,,,24.72,71.5,2.12,219.25,,0.0,,711.0,
2024-09-09 12:00:00,9.0,116.0,3.2,12.9,9.5,10.5,7.55,0.32,9.02,0.7,1.6,,,,,26.0,70.0,2.2,236.0,,0.0,,710.5,
2024-09-09 13:00:00,12.5,127.0,3.2,12.87,9.43,10.47,6.7,0.45,9.13,0.63,1.43,,,,,27.65,67.5,2.13,236.33,,0.0,,709.0,
2024-09-09 14:00:00,10.25,120.5,3.65,13.92,10.35,10.45,7.35,0.49,9.53,0.7,1.58,,,,,28.22,66.0,2.48,246.0,,0.0,,708.25,
2024-09-09 15:00:00,9.5,146.5,4.0,14.38,10.92,10.65,7.98,0.51,9.7,0.8,1.7,,,,,28.45,65.75,2.52,247.25,,0.0,,708.0,
2024-09-09 16:00:00,14.0,175.0,4.03,14.6,11.03,10.57,7.47,0.5,5.93,0.73,1.6,,,,,28.0,65.0,1.73,231.33,,0.0,,708.0,
2024-09-09 17:00:00,,,,,,,,,,,,,,,,,,,,,0.0,,,
2024-09-09 18:00:00,8.5,97.0,4.5,15.0,11.6,10.6,7.5,1.12,9.83,0.7,1.6,,,,,24.6,65.5,1.4,229.0,,0.0,,732.0,
2024-09-09 19:00:00,9.5,95.5,4.3,14.52,11.28,10.6,8.1,1.13,9.65,0.8,1.75,,,,,23.95,69.25,1.37,212.0,,0.0,,709.75,
2024-09-09 20:00:00,11.75,85.5,3.35,12.9,9.57,10.6,8.07,0.66,9.62,0.8,1.72,,,,,23.3,73.75,1.58,209.5,,0.0,,710.0,
2024-09-09 21:00:00,12.5,76.75,3.5,12.75,9.65,10.55,7.95,0.85,9.18,0.8,1.7,,,,,22.55,76.0,1.4,221.5,,0.0,,710.25,
2024-09-09 22:00:00,7.5,69.25,3.18,12.12,9.02,10.6,8.22,1.12,9.71,0.8,1.8,,,,,21.95,76.0,1.6,225.75,,0.0,,711.0,
2024-09-09 23:00:00,5.75,54.75,2.92,11.92,8.75,10.55,7.92,1.25,9.72,0.78,1.72,,,,,21.4,75.5,1.7,233.5,,0.0,,710.25,
2024-09-10 00:00:00,5.0,46.0,2.48,10.98,7.85,10.6,8.57,1.04,10.4,0.83,1.83,,,,,21.05,73.75,1.7,236.5,,0.0,,710.0,
2024-09-10 01:00:00,5.25,46.75,2.18,10.5,7.35,10.62,8.0,0.37,9.52,0.78,1.72,,,,,20.85,73.25,1.78,238.75,,0.0,,709.25,
2024-09-10 02:00:00,5.75,43.25,2.2,10.52,7.38,10.55,7.05,0.38,9.34,0.68,1.5,,,,,20.65,74.25,1.48,227.5,,0.0,,709.0,
2024-09-10 03:00:00,,,,,,,,,,,,,,,,,,,,,0.0,,,
2024-09-10 04:00:00,,,,,,,,,,,,,,,,,,,,,0.0,,,
2024-09-10 05:00:00,6.0,72.0,,,,,,,,,,,,,,20.1,76.0,,,,0.0,,,
2024-09-10 06:00:00,7.75,83.75,3.58,12.4,9.52,10.5,8.5,0.64,9.81,0.8,1.85,,,,,20.12,76.0,1.25,212.75,,0.0,,710.25,
2024-09-10 07:00:00,12.75,116.0,3.92,12.95,10.07,10.48,8.45,0.81,9.25,0.82,1.8,,,,,20.32,76.0,1.6,216.75,,0.0,,711.0,
2024-09-10 08:00:00,12.5,107.0,3.88,13.22,10.18,10.48,8.82,0.89,8.21,0.85,1.9,,,,,20.92,75.75,1.88,223.25,,0.0,,712.0,
2024-09-10 09:00:00,12.25,113.25,4.05,13.4,10.45,10.52,8.98,0.86,9.21,0.88,1.95,,,,,22.08,74.25,1.95,229.5,,0.0,,711.5,
2024-09-10 10:00:00,7.25,139.25,3.85,13.38,10.25,10.62,8.62,0.7,9.13,0.85,1.85,,,,,23.85,71.5,2.12,231.5,,0.0,,711.0,
2024-09-10 11:00:00,10.0,158.75,3.52,13.35,9.98,10.58,7.95,0.6,9.26,0.78,1.7,,,,,25.28,69.25,2.1,233.5,,0.0,,710.5,
2024-09-10 12:00:00,15.0,161.0,3.68,14.42,10.68,10.42,7.62,0.52,9.84,0.72,1.65,,,,,26.8,66.25,2.3,232.25,,0.0,,709.25,
2024-09-10 13:00:00,11.75,182.25,2.92,12.98,9.28,10.62,7.92,0.46,9.43,0.78,1.72,,,,,28.2,63.5,2.33,220.0,,0.0,,708.25,
2024-09-10 14:00:00,13.0,158.5,3.22,13.28,9.7,10.48,8.62,0.61,9.2,0.85,1.88,,,,,28.5,62.25,2.15,242.25,,0.0,,708.0,
2024-09-10 15:00:00,17.5,138.25,3.95,14.6,10.98,10.52,8.65,0.65,8.95,0.85,1.88,,,,,27.4,64.0,2.3,240.25,,0.0,,707.5,
2024-09-10 16:00:00,12.0,128.5,3.35,13.32,9.85,10.62,9.0,0.51,10.05,0.88,1.92,,,,,26.65,67.25,1.85,205.25,,0.0,,708.0,
2024-09-10 17:00:00,9.5,108.0,3.45,14.02,10.28,10.52,8.88,0.88,9.61,0.85,1.95,,,,,26.05,68.5,1.48,210.75,,0.0,,708.0,
2024-09-10 18:00:00,12.75,111.25,4.72,16.03,12.32,10.58,9.07,1.54,8.4,0.9,1.95,,,,,25.22,71.25,1.72,224.0,,0.0,,709.0,
2024-09-10 19:00:00,15.25,83.75,5.95,16.73,13.7,10.55,9.93,1.78,9.12,0.98,2.15,,,,,23.45,75.75,1.38,224.5,,0.0,,710.5,
2024-09-10 20:00:00,16.5,33.0,5.62,16.05,13.1,10.6,8.88,1.26,9.41,0.85,1.92,,,,,21.5,77.75,1.32,222.0,,0.0,,711.25,
2024-09-10 21:00:00,36.5,69.0,4.95,15.1,12.02,10.48,8.82,0.83,10.03,0.85,1.9,,,,,21.55,76.75,1.38,234.25,,0.0,,712.0,
2024-09-10 22:00:00,10.25,107.5,3.8,13.48,10.25,10.58,7.88,0.59,8.92,0.75,1.7,,,,,21.62,75.75,1.38,226.0,,0.0,,712.0,
2024-09-10 23:00:00,7.75,83.5,2.85,11.82,8.62,10.58,7.6,0.36,9.91,0.72,1.65,,,,,21.28,74.75,1.45,227.0,,0.0,,712.0,
2024-09-11 00:00:00,8.25,75.5,2.68,11.45,8.25,10.58,8.13,0.34,9.52,0.8,1.73,,,,,20.8,74.25,1.08,227.75,,0.0,,712.0,
2024-09-11 01:00:00,12.5,84.25,2.12,10.42,7.25,10.6,9.0,0.46,8.5,0.88,1.92,,,,,20.42,75.25,1.23,218.0,,0.0,,711.0,
2024-09-11 02:00:00,12.25,66.0,2.02,10.17,7.05,10.6,8.95,0.41,9.02,0.85,1.95,,,,,20.12,76.0,1.32,226.75,,0.0,,710.5,
2024-09-11 03:00:00,,,,,,,,,,,,,,,,,,,,,0.0,,,
2024-09-11 04:00:00,,,,,,,,,,,,,,,,,,,,,0.0,,,
2024-09-11 05:00:00,,,,,,,,,,,,,,,,,,,,,0.0,,,
2024-09-11 06:00:00,,,,,,,,,,,,,,,,,,,,,0.0,,,
2024-09-11 07:00:00,14.5,98.0,,,,,,,,,,,,,,20.0,75.0,,,,0.0,,,
2024-09-11 08:00:00,15.25,111.25,3.62,12.98,9.85,10.58,8.88,0.88,9.72,0.88,1.92,,,,,20.68,74.25,1.45,217.75,,0.0,,712.5,
2024-09-11 09:00:00,12.5,110.0,3.97,13.68,10.52,10.52,8.43,0.81,7.98,0.82,1.82,,,,,22.18,71.5,1.75,221.5,,0.0,,713.0,
2024-09-11 10:00:00,11.0,124.25,3.9,13.75,10.5,10.65,8.62,0.74,10.03,0.82,1.85,,,,,23.65,69.25,1.95,221.5,,0.0,,713.0,
2024-09-11 11:00:00,12.25,128.5,3.9,14.35,10.8,10.45,9.8,0.54,9.46,0.95,2.1,,,,,24.75,67.5,1.75,228.25,,0.0,,712.0,
2024-09-11 12:00:00,15.25,117.75,4.1,14.58,11.1,10.55,9.35,0.49,9.32,0.92,2.02,,,,,25.42,68.5,1.9,230.0,,0.0,,710.75,
2024-09-11 13:00:00,13.0,110.0,3.5,13.35,9.95,10.6,9.68,0.61,8.87,0.92,2.08,,,,,27.4,66.25,2.12,238.25,,0.0,,709.75,
2024-09-11 14:00:00,13.25,112.75,3.28,13.28,9.7,10.58,8.82,0.55,8.38,0.85,1.92,,,,,28.52,63.75,1.92,222.25,,0.0,,709.25,
2024-09-11 15:00:00,14.5,105.25,3.4,13.62,10.02,10.55,9.35,0.64,8.72,0.9,2.02,,,,,28.18,63.25,1.7,221.75,,0.0,,709.0,
2024-09-11 16:00:00,15.0,118.25,4.92,16.27,12.68,10.28,9.93,0.92,8.41,0.98,2.15,,,,,27.88,63.5,1.92,239.5,,0.0,,710.0,
2024-09-11 17:00:00,13.75,144.5,6.42,18.9,15.28,10.32,10.4,1.16,8.87,1.0,2.25,,,,,27.88,62.0,1.7,239.75,,0.0,,710.25,
2024-09-11 18:00:00,18.25,162.0,7.3,19.58,16.35,10.5,10.3,1.46,9.91,1.0,2.22,,,,,26.62,63.0,1.9,256.5,,0.0,,711.5,
2024-09-11 19:00:00,16.5,152.25,8.15,20.75,17.65,10.42,11.05,2.04,9.2,1.1,2.38,,,,,24.62,66.5,1.27,243.5,,0.0,,712.25,
2024-09-11 20:00:00,18.5,162.5,6.95,19.2,15.85,10.55,10.92,1.66,8.92,1.05,2.35,,,,,23.65,68.0,1.05,230.5,,0.0,,713.25,
2024-09-11 21:00:00,19.75,137.75,5.0,16.4,12.82,10.52,10.07,0.76,10.5,1.0,2.15,,,,,23.05,68.25,1.15,225.0,,0.0,,714.0,
2024-09-11 22:00:00,17.75,105.5,3.5,13.75,10.18,10.5,10.42,0.49,9.14,1.0,2.25,,,,,22.45,69.25,1.27,224.5,,0.0,,714.0,
2024-09-11 23:00:00,13.25,79.75,3.0,12.77,9.2,10.53,8.87,0.39,8.26,0.83,1.93,,,,,21.9,70.25,1.27,230.67,,0.0,,714.0,
2024-09-12 00:00:00,10.0,68.0,2.6,11.9,8.47,10.57,8.77,0.3,9.14,0.83,1.9,,,,,21.43,71.33,1.23,227.67,,0.0,,713.0,
2024-09-12 01:00:00,9.0,60.0,2.17,10.82,7.52,10.6,9.18,0.48,9.74,0.9,1.98,,,,,20.95,72.25,1.3,227.5,,0.0,,712.5,
2024-09-12 02:00:00,12.0,48.0,2.0,10.6,7.3,10.6,8.9,0.47,9.97,0.9,1.9,,,,,20.5,73.0,1.4,228.0,,0.0,,712.0,
2024-09-12 03:00:00,,,,,,,,,,,,,,,,,,,,,0.0,,,
2024-09-12 04:00:00,,,,,,,,,,,,,,,,,,,,,0.0,,,
2024-09-12 05:00:00,13.0,70.0,,,,,,,,,,,,,,20.0,74.0,,,,0.0,,,
2024-09-12 06:00:00,13.0,70.0,2.9,12.0,8.8,10.6,9.2,0.46,8.69,0.9,2.0,,,,,20.0,74.0,1.5,221.0,,0.0,,713.0,
2024-09-12 07:00:00,25.0,105.0,,,,,,,,,,,,,,20.6,68.0,1.5,220.0,,0.0,,714.0,
2024-09-12 08:00:00,28.0,103.0,,,,,,,,,,,,,,22.1,67.0,,,,0.0,,,
2024-09-12 09:00:00,28.0,114.0,,,,,,,,,,,,,,23.6,66.0,,,,0.0,,,
2024-09-12 10:00:00,29.75,113.25,3.72,14.2,10.6,10.58,10.85,0.76,9.86,1.05,2.35,,,,,24.05,65.75,1.72,234.25,,0.0,,714.0,
2024-09-12 11:00:00,34.0,108.75,3.2,13.7,9.88,10.55,10.68,0.46,10.48,1.02,2.3,,,,,25.6,65.33,1.8,222.25,,0.0,,713.5,
2024-09-12 12:00:00,27.0,104.75,3.42,14.4,10.45,10.48,11.08,0.82,9.73,1.08,2.38,,,,,26.62,65.0,1.75,238.75,,0.0,,712.25,
2024-09-12 13:00:00,15.75,116.0,3.25,13.9,10.02,10.42,10.12,0.66,9.93,1.0,2.2,,,,,28.15,61.0,2.3,243.75,,0.0,,711.0,
2024-09-12 14:00:00,12.5,125.0,3.42,14.15,10.3,10.52,10.1,0.8,9.88,0.95,2.2,,,,,28.9,58.0,2.02,239.5,,0.0,,710.5,
2024-09-12 15:00:00,12.5,112.5,2.7,12.58,8.9,10.65,10.18,0.6,15.01,1.0,2.2,,,,,28.9,58.25,1.92,219.75,,0.0,,710.0,
2024-09-12 16:00:00,8.0,90.5,4.53,16.58,12.5,10.55,11.08,1.17,15.54,1.08,2.4,,,,,28.8,60.0,1.52,245.5,,0.0,,711.0,
2024-09-12 17:00:00,,147.25,5.98,20.05,15.5,10.45,11.88,1.24,15.24,1.15,2.55,,,,,28.35,63.0,1.62,263.25,,0.0,,711.0,
2024-09-12 18:00:00,,167.25,5.52,19.0,14.62,10.58,11.58,1.39,14.08,1.12,2.5,,,,,27.58,63.25,1.12,219.25,,0.0,,712.0,
2024-09-12 19:00:00,30.0,133.75,5.58,18.68,14.45,10.78,12.68,1.86,15.15,1.25,2.72,,,,,26.35,64.0,1.1,216.25,,0.0,,712.75,
2024-09-12 20:00:00,30.0,132.0,5.6,18.38,14.3,10.58,11.95,1.56,15.59,1.18,2.58,,,,,25.48,64.0,1.5,258.25,,0.0,,713.5,
2024-09-12 21:00:00,,136.75,6.52,19.68,15.78,10.42,12.52,1.11,15.71,1.2,2.68,,,,,24.85,64.25,1.55,271.0,,0.0,,714.5,
2024-09-12 22:00:00,11.0,125.25,4.97,17.1,13.15,10.42,11.28,0.87,15.27,1.12,2.45,,,,,23.95,65.25,1.6,263.75,,0.0,,714.0,
2024-09-12 23:00:00,11.25,94.75,3.8,15.22,11.18,10.5,10.35,0.57,16.89,1.0,2.22,,,,,23.32,66.0,1.45,257.5,,0.0,,714.0,
2024-09-13 00:00:00,10.75,70.0,2.8,12.78,9.07,10.52,9.57,0.32,14.56,0.93,2.07,,,,,22.75,66.25,1.1,245.0,,0.0,,713.0,
2024-09-13 01:00:00,7.25,60.0,2.28,11.38,7.9,10.55,9.72,0.39,14.12,0.92,2.1,,,,,22.48,67.0,1.18,233.0,,0.0,,712.25,
2024-09-13 02:00:00,8.75,59.25,2.28,11.48,7.95,10.55,9.5,0.44,15.11,0.92,2.08,,,,,21.95,67.0,1.08,247.75,,0.0,,712.0,
2024-09-13 03:00:00,10.25,63.5,2.2,11.15,7.72,10.6,8.85,0.46,14.42,0.85,1.92,,,,,21.38,67.0,1.1,241.5,,0.0,,712.0,
2024-09-13 04:00:00,8.0,58.25,2.33,11.4,7.95,10.58,9.25,0.39,14.78,0.88,1.98,,,,,20.92,67.0,1.15,246.75,,0.0,,712.0,
2024-09-13 05:00:00,10.5,67.0,3.0,12.92,9.3,10.52,9.65,0.64,15.26,0.92,2.08,,,,,20.62,67.0,1.18,234.75,,0.0,,712.5,
2024-09-13 06:00:00,18.5,76.5,3.5,13.8,10.18,10.48,10.15,0.8,15.2,1.0,2.2,,,,,20.35,67.25,1.02,227.0,,0.0,,713.25,
2024-09-13 07:00:00,21.0,90.5,3.72,14.27,10.6,10.38,9.3,0.81,16.72,0.9,2.0,,,,,20.3,68.0,1.23,226.5,,0.0,,714.0,
2024-09-13 08:00:00,24.0,104.75,3.52,13.98,10.3,10.5,9.35,1.12,16.64,0.9,2.0,,,,,20.95,67.25,1.2,225.75,,0.0,,715.0,
2024-09-13 09:00:00,22.25,117.0,4.03,15.15,11.35,10.48,10.38,1.2,16.19,0.98,2.25,,,,,22.4,64.5,1.5,240.0,,0.0,,715.0,
2024-09-13 10:00:00,17.75,122.5,4.4,16.15,12.18,10.55,10.75,0.95,14.14,1.05,2.33,,,,,23.95,62.5,1.83,240.75,,0.0,,714.5,
2024-09-13 11:00:00,19.75,130.5,3.65,15.02,10.95,10.52,9.6,0.68,15.07,0.9,2.08,,,,,25.42,60.5,1.98,255.0,,0.0,,713.75,
2024-09-13 12:00:00,18.5,134.25,4.0,15.92,11.7,10.4,9.5,0.55,14.48,0.9,2.08,,,,,27.05,58.5,2.28,254.75,,0.0,,712.5,
2024-09-13 13:00:00,17.5,141.25,3.45,14.2,10.35,10.68,9.28,0.69,15.44,0.9,2.02,,,,,28.25,56.5,2.35,258.5,,0.0,,711.25,
2024-09-13 14:00:00,18.5,137.5,3.85,16.0,11.58,10.32,9.78,0.75,15.95,0.98,2.1,,,,,28.8,54.75,2.38,267.75,,0.0,,710.25,
2024-09-13 15:00:00,18.25,128.0,4.43,17.58,12.95,10.32,9.62,0.84,15.47,0.92,2.08,,,,,29.0,54.0,2.3,273.0,,0.0,,710.0,
2024-09-13 16:00:00,21.0,142.75,4.47,18.12,13.28,10.28,10.58,1.03,14.77,1.02,2.28,,,,,28.8,54.0,1.98,263.25,,0.0,,710.0,
2024-09-13 17:00:00,17.75,145.75,5.12,19.82,14.68,10.32,10.75,1.09,15.43,1.02,2.32,,,,,28.8,54.5,1.65,253.75,,0.0,,710.25,
2024-09-13 18:00:00,20.0,147.0,6.28,22.22,16.92,10.17,11.68,1.88,14.69,1.15,2.5,,,,,27.62,56.5,1.1,240.0,,0.0,,711.0,
2024-09-13 19:00:00,27.75,188.75,5.28,19.98,14.92,10.52,11.22,2.0,15.78,1.1,2.42,,,,,26.62,58.25,1.0,221.5,,0.0,,711.25,
2024-09-13 20:00:00,25.0,164.75,5.32,19.12,14.5,10.4,11.4,1.76,15.74,1.1,2.45,,,,,25.95,59.5,1.58,265.5,,0.0,,712.25,
2024-09-13 21:00:00,26.5,163.25,5.32,19.23,14.55,10.32,11.78,1.03,15.23,1.18,2.55,,,,,25.25,61.5,1.48,260.75,,0.0,,713.0,
2024-09-13 22:00:00,21.5,122.75,4.48,17.5,12.95,10.35,10.95,0.94,14.83,1.08,2.35,,,,,24.35,63.5,1.35,249.5,,0.0,,713.0,
2024-09-13 23:00:00,21.25,114.5,3.65,15.55,11.25,10.38,10.75,0.52,15.08,1.05,2.32,,,,,23.7,65.0,1.23,226.0,,0.0,,713.0,
2024-09-14 00:00:00,23.5,104.75,3.15,14.35,10.22,10.52,9.7,0.23,14.53,0.93,2.1,,,,,23.0,65.0,1.18,226.25,,0.0,,712.5,
2024-09-14 01:00:00,18.75,83.5,2.0,11.25,7.6,10.62,8.25,0.53,15.0,0.82,1.78,,,,,22.55,65.25,1.3,238.75,,0.0,,712.0,
2024-09-14 02:00:00,19.0,69.0,2.08,11.3,7.7,10.52,8.02,0.31,14.85,0.78,1.72,,,,,22.05,66.0,1.2,252.75,,0.0,,711.0,
2024-09-14 03:00:00,,,,,,,,,,,,,,,,,,,,,0.0,,,
2024-09-14 04:00:00,,,,,,,,,,,,,,,,,,,,,0.0,,,
2024-09-14 05:00:00,,,,,,,,,,,,,,,,,,,,,0.0,,,
2024-09-14 06:00:00,,,,,,,,,,,,,,,,,,,,,0.0,,,
2024-09-14 07:00:00,,,,,,,,,,,,,,,,,,,,,0.0,,,
2024-09-14 08:00:00,,,,,,,,,,,,,,,,,,,,,0.0,,,
2024-09-14 09:00:00,,,,,,,,,,,,,,,,,,,,,0.0,,,
2024-09-14 10:00:00,22.0,123.0,,,,,,,,,,,,,,24.7,59.0,,,,0.0,,,
2024-09-14 11:00:00,,,,,,,,,,,,,,,,,,,,,0.0,,,
2024-09-14 12:00:00,,,,,,,,,,,,,,,,,,,,,0.0,,,
2024-09-14 13:00:00,,,,,,,,,,,,,,,,,,,,,0.0,,,
2024-09-14 14:00:00,20.0,147.0,,,,,,,,,,,,,,29.2,53.0,,,,0.0,,,
2024-09-14 15:00:00,19.0,141.0,2.98,14.68,10.2,10.4,9.4,1.07,15.24,0.9,2.05,,,,,29.15,52.75,2.12,266.75,,0.0,,709.0,
2024-09-14 16:00:00,17.5,128.25,2.52,13.42,9.2,10.45,8.8,1.0,14.95,0.88,1.9,,,,,29.0,52.0,1.98,262.5,,0.0,,709.0,
2024-09-14 17:00:00,22.5,140.25,3.2,15.7,10.95,10.28,9.82,0.94,15.38,0.98,2.12,,,,,28.78,52.25,1.75,265.75,,0.0,,709.75,
2024-09-14 18:00:00,23.75,137.75,3.47,16.18,11.45,10.32,9.8,1.27,15.54,0.95,2.12,,,,,27.78,53.75,1.6,269.5,,0.0,,710.75,
2024-09-14 19:00:00,23.25,162.0,3.62,16.25,11.55,10.4,10.52,1.45,13.1,1.0,2.25,,,,,26.7,56.5,1.72,271.0,,0.0,,711.75,
2024-09-14 20:00:00,23.75,143.75,3.02,14.25,10.02,10.62,9.52,0.96,15.17,0.92,2.05,,,,,26.02,59.5,1.4,215.75,,0.0,,712.75,
2024-09-14 21:00:00,21.5,102.0,2.25,12.05,8.2,10.58,8.68,0.83,14.73,0.85,1.88,,,,,24.52,65.0,1.02,209.25,,0.0,,713.0,
2024-09-14 22:00:00,18.25,84.25,2.15,11.38,7.8,10.62,8.7,0.63,14.97,0.85,1.88,,,,,23.28,68.0,1.18,222.25,,0.0,,714.0,
2024-09-14 23:00:00,20.5,80.0,2.08,11.3,7.68,10.55,8.43,0.51,13.92,0.82,1.8,,,,,22.78,68.0,1.4,222.75,,0.0,,713.0,
2024-09-15 00:00:00,14.0,90.25,1.85,10.7,7.2,10.6,8.63,0.31,14.7,0.83,1.83,,,,,22.22,67.75,1.25,223.5,,0.0,,712.75,
2024-09-15 01:00:00,8.25,78.25,1.6,9.98,6.62,10.6,8.78,0.19,13.69,0.85,1.88,,,,,21.55,67.0,1.35,222.0,,0.0,,712.0,
2024-09-15 02:00:00,10.0,55.75,1.55,9.57,6.32,10.6,8.28,0.0,16.1,0.8,1.78,,,,,20.98,67.0,1.45,230.75,,0.0,,711.0,
2024-09-15 03:00:00,13.0,49.0,1.43,9.33,6.13,10.67,8.37,,15.71,0.8,1.8,,,,,20.6,67.0,1.1,223.67,,0.0,,711.0,
2024-09-15 04:00:00,,,,,,,,,,,,,,,,,,,,,0.0,,,
2024-09-15 05:00:00,,,,,,,,,,,,,,,,,,,,,0.0,,,
2024-09-15 06:00:00,13.0,60.0,,,,,,,,,,,,,,20.0,67.0,,,,0.0,,,
2024-09-15 07:00:00,20.0,92.0,2.3,11.8,8.1,10.5,9.4,0.54,18.02,0.9,2.0,,,,,20.1,68.0,1.4,232.0,,0.0,,713.0,
2024-09-15 08:00:00,,,,,,,,,,,,,,,,,,,,,0.0,,,
2024-09-15 09:00:00,16.0,106.0,,,,,,,,,,,,,,24.0,63.0,,,,0.0,,,
2024-09-15 10:00:00,16.0,106.0,,,,,,,,,,,,,,24.0,63.0,,,,0.0,,,
2024-09-15 11:00:00,,,,,,,,,,,,,,,,,,,,,0.0,,,
2024-09-15 12:00:00,,,,,,,,,,,,,,,,,,,,,0.0,,,
2024-09-15 13:00:00,,,,,,,,,,,,,,,,,,,,,0.0,,,
2024-09-15 14:00:00,,,,,,,,,,,,,,,,,,,,,0.0,,,
2024-09-15 15:00:00,,,,,,,,,,,,,,,,,,,,,0.0,,,
2024-09-15 16:00:00,,,,,,,,,,,,,,,,,,,,,0.0,,,
2024-09-15 17:00:00,,,,,,,,,,,,,,,,,,,,,0.0,,,
2024-09-15 18:00:00,,,,,,,,,,,,,,,,,,,,,0.0,,,
2024-09-15 19:00:00,,,,,,,,,,,,,,,,,,,,,0.0,,,
2024-09-15 20:00:00,,,,,,,,,,,,,,,,,,,,,0.0,,,
2024-09-15 21:00:00,18.0,95.0,6.9,16.3,14.3,10.8,10.4,0.81,15.74,1.0,2.3,,,,,24.0,62.0,1.3,251.0,,0.0,,714.0,
2024-09-15 22:00:00,17.5,89.25,5.0,14.55,11.82,10.62,10.3,0.69,14.47,1.0,2.25,,,,,23.8,62.25,1.65,260.0,,0.0,,714.0,
2024-09-15 23:00:00,14.75,67.5,3.7,12.9,9.85,10.62,9.57,0.61,15.62,0.92,2.08,,,,,22.98,63.25,1.48,268.25,,0.0,,713.75,
2024-09-16 00:00:00,10.25,53.5,3.38,12.52,9.43,10.55,9.4,0.47,15.13,0.95,2.0,,,,,22.15,64.25,1.2,247.75,,0.0,,713.0,
2024-09-16 01:00:00,8.75,51.0,2.5,11.15,7.95,10.6,9.93,0.51,15.24,0.98,2.12,,,,,21.52,65.5,1.15,222.5,,0.0,,712.0,
2024-09-16 02:00:00,11.75,46.75,2.3,10.55,7.45,10.6,9.6,0.44,16.15,0.92,2.08,,,,,20.82,67.0,1.05,228.25,,0.0,,712.0,
2024-09-16 03:00:00,13.75,43.5,2.42,10.52,7.55,10.55,9.82,0.39,14.64,0.95,2.12,,,,,20.2,66.75,1.2,238.5,,0.0,,712.0,
2024-09-16 04:00:00,13.0,44.25,2.52,10.68,7.72,10.65,9.15,0.48,16.37,0.88,1.98,,,,,19.82,66.0,1.2,231.75,,0.0,,712.0,
2024-09-16 05:00:00,14.25,46.25,3.68,11.88,9.3,10.62,9.43,0.5,15.07,0.9,2.05,,,,,19.55,66.25,1.02,225.5,,0.0,,712.0,
2024-09-16 06:00:00,19.0,65.0,5.65,13.92,12.0,10.6,10.5,0.69,15.18,1.02,2.28,,,,,19.4,67.0,0.95,231.5,,0.0,,713.0,
2024-09-16 07:00:00,21.0,86.75,6.1,14.62,12.77,10.6,9.9,0.81,15.29,0.98,2.12,,,,,19.75,66.5,1.45,250.0,,0.0,,713.5,
2024-09-16 08:00:00,18.0,98.0,6.27,15.23,13.23,10.7,10.57,0.99,15.43,1.03,2.27,,,,,20.8,65.0,1.77,272.0,,0.0,,714.0,
2024-09-16 09:00:00,18.0,115.0,,,,,,,,,,,,,,25.1,62.0,,,,0.0,,,
2024-09-16 10:00:00,17.5,116.25,8.68,18.25,16.77,10.8,11.6,0.92,14.51,1.12,2.5,,,,,25.35,61.0,2.2,267.25,,0.0,,713.25,
2024-09-16 11:00:00,15.25,117.25,6.32,16.55,13.92,10.68,10.1,0.63,16.86,1.0,2.17,,,,,26.3,58.0,2.33,265.75,,0.0,,712.75,
2024-09-16 12:00:00,14.0,104.75,5.82,15.7,13.05,10.42,10.42,0.53,15.75,1.0,2.28,,,,,27.17,58.0,2.3,263.75,,0.0,,712.0,
2024-09-16 13:00:00,16.25,97.0,6.32,16.05,13.7,10.55,10.78,0.63,14.4,1.05,2.35,,,,,28.08,58.0,2.22,275.25,,0.0,,711.25,
2024-09-16 14:00:00,14.5,108.5,7.32,17.0,15.0,10.58,10.68,0.72,15.83,1.05,2.3,,,,,28.45,58.0,2.15,273.0,,0.0,,710.25,
2024-09-16 15:00:00,16.25,98.75,8.38,18.68,16.75,10.45,10.77,0.72,15.51,1.02,2.32,,,,,28.95,58.0,1.88,262.5,,0.0,,710.0,
2024-09-16 16:00:00,17.5,104.25,8.6,18.88,17.02,10.72,11.25,0.92,14.95,1.1,2.42,,,,,29.05,58.0,1.8,270.25,,0.0,,709.75,
2024-09-16 17:00:00,18.25,112.25,8.12,18.0,16.15,10.78,11.18,0.85,15.21,1.08,2.42,,,,,28.78,58.5,1.55,230.25,,0.0,,710.0,
2024-09-16 18:00:00,17.75,123.0,7.85,18.52,16.2,10.5,10.92,1.74,14.86,1.05,2.35,,,,,27.9,60.75,1.1,249.75,,0.0,,710.75,
2024-09-16 19:00:00,24.75,163.75,9.62,19.65,18.27,10.7,11.98,2.17,14.7,1.18,2.6,,,,,26.32,63.0,0.95,233.5,,0.0,,711.5,
2024-09-16 20:00:00,28.75,130.75,6.52,16.38,14.0,10.4,10.88,1.15,15.41,1.05,2.38,,,,,25.8,64.0,1.23,207.75,,0.0,,712.5,
2024-09-16 21:00:00,23.25,93.75,5.2,14.85,12.15,10.6,10.58,0.84,15.43,1.02,2.3,,,,,24.58,67.0,1.25,235.25,,0.0,,713.75,
2024-09-16 22:00:00,17.5,82.5,4.95,14.2,11.58,10.58,10.25,0.67,15.84,1.02,2.22,,,,,23.5,66.75,1.3,240.25,,0.0,,714.0,
2024-09-16 23:00:00,16.5,76.75,4.32,13.4,10.65,10.58,10.23,0.59,14.93,1.0,2.2,,,,,23.0,66.25,1.1,239.0,,0.0,,714.0,
2024-09-17 00:00:00,17.5,68.75,3.6,12.82,9.75,10.6,8.3,0.21,15.69,0.85,1.8,,,,,22.28,67.0,1.32,243.75,,0.0,,713.25,
2024-09-17 01:00:00,15.25,52.0,2.52,10.98,7.88,10.58,7.22,0.47,15.58,0.7,1.55,,,,,21.72,67.25,1.18,219.0,,0.0,,713.0,
2024-09-17 02:00:00,12.5,40.5,2.35,10.48,7.5,10.6,6.92,0.66,15.03,0.68,1.52,,,,,21.08,68.0,1.2,226.5,,0.0,,712.0,
2024-09-17 03:00:00,11.25,42.75,2.75,10.72,7.95,10.58,6.88,0.68,15.26,0.68,1.48,,,,,20.62,67.75,1.23,243.0,,0.0,,712.0,
2024-09-17 04:00:00,12.25,45.75,2.92,10.95,8.22,10.52,7.25,0.52,15.15,0.7,1.55,,,,,20.27,67.0,1.25,228.25,,0.0,,712.0,
2024-09-17 05:00:00,13.0,48.0,3.3,11.25,8.65,10.65,7.7,,15.25,0.75,1.65,,,,,19.8,67.0,1.25,219.0,,0.0,,713.0,
2024-09-17 06:00:00,,,,,,,,,,,,,,,,,,,,,0.0,,,
2024-09-17 07:00:00,,,,,,,,,,,,,,,,,,,,,0.0,,,
2024-09-17 08:00:00,24.0,97.0,7.8,16.5,15.2,10.7,8.7,0.25,6.51,0.8,1.9,,,,,20.5,67.0,1.7,232.0,,0.0,,714.0,
2024-09-17 09:00:00,,,,,,,,,,,,,,,,,,,,,0.0,,,
2024-09-17 10:00:00,10.33,110.33,5.97,14.83,12.7,10.93,8.43,0.84,15.35,0.83,1.8,,,,,24.5,61.67,2.13,258.33,,0.0,,713.67,
2024-09-17 11:00:00,13.0,117.0,5.17,14.33,11.87,10.67,7.9,0.52,17.31,0.8,1.7,,,,,25.5,61.0,2.23,261.33,,0.0,,712.67,
2024-09-17 12:00:00,,,,,,,,,,,,,,,,,,,,,0.0,,,
2024-09-17 13:00:00,,,,,,,,,,,,,,,,,,,,,0.0,,,
2024-09-17 14:00:00,14.0,93.0,4.1,14.0,10.8,10.5,7.2,0.54,15.69,0.7,1.6,,,,,29.2,58.0,1.7,249.0,,0.0,,709.0,
2024-09-17 15:00:00,14.75,95.75,4.8,14.82,11.8,10.62,7.8,0.62,14.69,0.78,1.68,,,,,29.4,57.75,2.2,262.5,,0.0,,709.0,
2024-09-17 16:00:00,16.0,102.75,5.82,15.85,13.18,10.6,8.48,0.76,14.92,0.8,1.82,,,,,30.05,56.5,2.12,268.5,,0.0,,708.0,
2024-09-17 17:00:00,12.5,102.0,7.08,17.48,15.08,10.58,8.2,1.6,14.72,0.8,1.78,,,,,29.9,55.25,1.95,270.5,,0.0,,709.0,
2024-09-17 18:00:00,,,,,,,,,,,,,,,,,,,,,0.0,,,
2024-09-17 19:00:00,,,,,,,,,,,,,,,,,,,,,0.0,,,
2024-09-17 20:00:00,22.33,121.67,9.0,19.55,17.7,10.65,8.8,2.19,16.22,0.9,1.9,,,,,25.93,60.0,1.25,265.5,,0.0,,711.0,
2024-09-17 21:00:00,21.25,121.5,6.93,17.25,14.78,10.58,8.48,0.88,14.66,0.8,1.82,,,,,25.4,58.25,1.48,253.5,,0.0,,712.0,
2024-09-17 22:00:00,15.25,80.5,4.78,15.05,11.9,10.6,7.52,0.61,14.28,0.72,1.65,,,,,24.58,59.25,1.27,238.25,,0.0,,712.0,
2024-09-17 23:00:00,13.75,76.5,3.98,13.62,10.48,10.62,7.02,0.36,14.74,0.7,1.52,,,,,23.65,60.5,1.32,237.5,,0.0,,712.0,
2024-09-18 00:00:00,14.75,63.75,2.6,11.4,8.2,10.62,7.75,0.07,13.72,0.75,1.65,,,,,22.62,63.0,1.52,235.75,,0.0,,711.5,
2024-09-18 01:00:00,10.5,47.5,2.15,10.6,7.43,10.58,8.2,0.4,14.08,0.82,1.78,,,,,21.58,66.0,1.48,241.25,,0.0,,711.0,
2024-09-18 02:00:00,9.0,45.75,2.12,10.6,7.4,10.6,8.0,0.34,16.15,0.8,1.75,,,,,20.78,65.75,1.4,255.25,,0.0,,710.5,
2024-09-18 03:00:00,,,,,,,,,,,,,,,,,,,,,0.0,,,
2024-09-18 04:00:00,,,,,,,,,,,,,,,,,,,,,0.0,,,
2024-09-18 05:00:00,,,,,,,,,,,,,,,,,,,,,0.0,,,
2024-09-18 06:00:00,11.0,62.0,4.4,13.7,10.9,10.6,8.6,0.47,18.2,0.8,1.8,,,,,19.3,62.0,2.0,260.0,,0.0,,712.0,
2024-09-18 07:00:00,18.0,87.0,6.0,15.8,13.2,10.7,9.3,0.7,13.18,0.9,2.0,,,,,19.45,63.5,1.7,267.0,,0.0,,712.0,
2024-09-18 08:00:00,21.25,103.0,6.02,15.72,13.25,10.7,9.25,0.98,15.11,0.9,1.98,,,,,20.27,63.0,2.28,273.5,,0.0,,712.0,
2024-09-18 09:00:00,20.25,116.75,5.55,15.65,12.82,10.55,9.4,1.04,15.32,0.9,2.02,,,,,22.28,59.25,2.08,264.75,,0.0,,712.25,
2024-09-18 10:00:00,22.5,128.5,5.18,15.95,12.7,10.68,9.48,0.89,15.27,0.92,2.05,,,,,24.45,56.0,2.12,262.5,,0.0,,712.0,
2024-09-18 11:00:00,19.0,121.25,4.78,16.95,12.9,10.55,8.85,0.58,15.66,0.85,1.92,,,,,26.22,52.25,1.92,261.0,,0.0,,711.25,
2024-09-18 12:00:00,22.75,129.75,5.3,17.7,13.72,10.58,9.88,0.55,16.26,0.98,2.15,,,,,27.92,49.5,1.92,265.25,,0.0,,710.0,
2024-09-18 13:00:00,24.25,142.25,4.5,16.27,12.28,10.48,8.72,0.61,15.46,0.82,1.9,,,,,29.3,48.0,1.98,261.5,,0.0,,709.0,
2024-09-18 14:00:00,20.75,109.5,4.72,16.27,12.48,10.65,8.82,0.61,15.66,0.85,1.92,,,,,29.75,48.0,1.72,257.0,,0.0,,708.0,
2024-09-18 15:00:00,18.5,110.25,6.38,18.2,14.88,10.52,9.88,0.67,14.36,0.95,2.12,,,,,30.28,48.0,1.88,255.0,,0.0,,708.0,
2024-09-18 16:00:00,23.0,117.0,7.02,19.27,15.98,10.35,9.75,0.79,15.94,0.95,2.1,,,,,30.45,47.75,1.6,252.75,,0.0,,707.0,
2024-09-18 17:00:00,22.0,121.5,7.02,19.48,16.05,10.6,10.32,1.07,16.06,1.0,2.22,,,,,29.95,47.5,1.4,253.25,,0.0,,708.0,
2024-09-18 18:00:00,22.75,176.25,9.5,22.12,19.48,10.52,11.0,2.27,15.2,1.08,2.38,,,,,28.32,50.0,1.12,224.5,,0.0,,708.5,
2024-09-18 19:00:00,34.0,298.5,12.45,24.85,23.35,10.8,12.05,3.3,14.91,1.18,2.62,,,,,26.33,53.25,0.92,227.25,,0.0,,709.25,
2024-09-18 20:00:00,35.0,288.5,12.55,24.8,23.38,10.75,12.15,3.13,15.41,1.18,2.62,,,,,25.3,54.25,0.75,188.75,,0.0,,710.25,
2024-09-18 21:00:00,38.0,264.5,10.25,22.55,20.32,10.52,11.2,1.95,14.36,1.1,2.42,,,,,24.58,55.25,0.3,184.25,,0.0,,711.0,
2024-09-18 22:00:00,38.25,247.0,12.55,24.42,23.2,10.45,11.85,1.95,14.24,1.15,2.55,,,,,24.25,56.0,0.4,205.25,,0.0,,711.5,
2024-09-18 23:00:00,37.75,230.25,6.25,17.27,14.28,10.7,10.28,0.58,14.04,1.0,2.22,,,,,24.4,56.0,1.1,229.25,,0.0,,712.0,
2024-09-19 00:00:00,31.75,125.25,2.85,12.55,8.98,10.7,6.95,0.07,14.82,0.65,1.5,,,,,23.95,57.25,1.35,231.0,,0.0,,711.25,
2024-09-19 01:00:00,26.25,88.0,2.3,11.2,7.82,10.62,5.95,0.45,14.11,0.57,1.3,,,,,22.35,62.0,1.18,225.0,,0.0,,711.0,
2024-09-19 02:00:00,26.5,61.75,2.17,10.7,7.45,10.72,5.2,0.56,14.84,0.5,1.12,,,,,21.45,65.0,1.25,237.25,,0.0,,711.0,
2024-09-19 03:00:00,,,,,,,,,,,,,,,,,,,,,0.0,,,
2024-09-19 04:00:00,,,,,,,,,,,,,,,,,,,,,0.0,,,
2024-09-19 05:00:00,,,,,,,,,,,,,,,,,,,,,0.0,,,
2024-09-19 06:00:00,19.0,73.0,,,,,,,,,,,,,,20.3,64.0,,,,0.0,,,
2024-09-19 07:00:00,28.0,128.0,,,,,,,,,,,,,,21.7,62.0,,,,0.0,,,
2024-09-19 08:00:00,26.5,125.5,6.15,15.78,13.38,10.65,6.42,1.37,15.47,0.62,1.4,,,,,22.08,61.5,1.4,240.0,,0.0,,712.75,
2024-09-19 09:00:00,22.0,118.0,5.55,15.65,12.8,10.7,6.25,1.18,14.33,0.6,1.35,,,,,23.2,60.0,1.6,252.0,,0.0,,713.0,
2024-09-19 10:00:00,24.0,123.0,,,,,,,,,,,,,,26.5,56.0,,,,0.0,,,
2024-09-19 11:00:00,21.67,113.0,,,,,,,,,,,,,,27.17,55.33,,,,0.0,,,
2024-09-19 12:00:00,16.75,92.0,5.08,16.73,13.02,10.5,6.92,0.32,15.33,0.68,1.48,,,,,28.78,53.75,1.58,234.75,,0.0,,710.75,
2024-09-19 13:00:00,15.5,89.5,3.92,14.72,11.02,10.58,5.95,0.61,15.13,0.55,1.27,,,,,29.78,52.5,1.8,240.25,,0.0,,709.5,
2024-09-19 14:00:00,14.5,91.25,3.95,14.9,11.12,10.52,5.85,0.72,15.37,0.57,1.25,,,,,30.5,50.75,1.5,254.75,,0.0,,708.75,
2024-09-19 15:00:00,16.5,93.0,5.32,18.0,13.9,10.02,6.2,0.84,13.24,0.62,1.35,,,,,31.05,50.0,1.48,246.25,,0.0,,708.0,
2024-09-19 16:00:00,18.0,99.0,4.25,15.3,11.6,10.78,6.08,0.8,14.85,0.6,1.3,,,,,30.9,50.25,1.5,210.75,,0.0,,708.0,
2024-09-19 17:00:00,17.75,106.5,3.88,15.08,11.15,10.68,6.28,1.06,15.0,0.6,1.35,,,,,30.4,51.75,1.18,208.75,,0.0,,708.25,
2024-09-19 18:00:00,18.25,106.75,5.12,16.98,13.2,10.85,7.05,1.78,15.32,0.68,1.52,,,,,28.4,55.0,1.0,202.75,,0.0,,709.0,
2024-09-19 19:00:00,25.0,126.75,6.85,19.08,15.73,11.22,7.98,2.63,13.47,0.78,1.72,,,,,26.75,58.5,0.6,202.25,,0.0,,710.0,
2024-09-19 20:00:00,31.5,138.75,5.8,17.2,13.88,10.6,7.28,1.55,13.83,0.7,1.55,,,,,26.05,60.5,1.72,246.5,,0.0,,711.25,
2024-09-19 21:00:00,22.75,117.25,5.78,16.2,13.32,10.58,7.02,0.69,14.71,0.68,1.5,,,,,25.0,62.5,1.95,265.0,,0.0,,712.0,
2024-09-19 22:00:00,20.0,94.5,5.35,15.8,12.78,10.42,6.48,0.55,15.29,0.62,1.42,,,,,23.98,64.25,1.35,250.5,,0.0,,712.0,
2024-09-19 23:00:00,22.0,74.75,3.72,13.8,10.38,10.58,6.15,0.26,13.79,0.6,1.32,,,,,23.35,65.5,0.98,211.25,,0.0,,712.0,
2024-09-20 00:00:00,18.5,62.75,2.72,12.25,8.72,10.6,7.85,0.1,14.41,0.8,1.7,,,,,22.52,66.75,0.92,212.0,,0.0,,711.0,
2024-09-20 01:00:00,15.0,54.5,2.12,11.18,7.68,10.6,7.78,0.41,15.72,0.75,1.68,,,,,22.15,65.75,0.9,203.25,,0.0,,711.0,
2024-09-20 02:00:00,10.25,49.75,2.2,11.22,7.75,10.62,8.18,0.39,14.94,0.8,1.78,,,,,21.6,65.5,0.92,216.5,,0.0,,710.0,
2024-09-20 03:00:00,14.5,48.0,2.33,11.32,7.9,10.6,8.43,0.28,13.8,0.8,1.8,,,,,21.28,66.75,1.05,222.0,,0.0,,710.0,
2024-09-20 04:00:00,17.75,48.0,2.55,11.6,8.22,10.65,8.48,0.29,15.81,0.82,1.8,,,,,21.15,66.25,1.08,230.75,,0.0,,710.0,
2024-09-20 05:00:00,23.25,61.5,3.42,12.62,9.5,10.68,9.23,0.37,14.85,0.9,1.98,,,,,20.9,67.0,1.05,226.25,,0.0,,710.5,
2024-09-20 06:00:00,24.75,80.25,4.28,13.55,10.68,10.62,9.02,0.37,14.61,0.88,1.95,,,,,20.65,67.25,0.98,219.0,,0.0,,711.0,
2024-09-20 07:00:00,27.5,100.0,5.35,14.72,12.2,10.82,9.57,0.52,15.54,0.92,2.05,,,,,21.05,67.5,1.2,244.25,,0.0,,711.75,
2024-09-20 08:00:00,29.25,114.75,6.82,16.7,14.45,10.78,9.8,1.02,14.68,0.98,2.12,,,,,22.15,65.5,1.48,255.25,,0.0,,712.5,
2024-09-20 09:00:00,29.5,123.25,5.98,16.05,13.42,10.58,9.82,0.97,14.24,0.95,2.1,,,,,23.55,63.25,1.65,248.0,,0.0,,713.0,
2024-09-20 10:00:00,27.0,121.25,5.15,15.98,12.68,10.62,9.78,0.86,16.08,0.95,2.12,,,,,25.02,60.5,1.58,236.5,,0.0,,712.0,
2024-09-20 11:00:00,23.75,109.75,3.98,14.58,10.98,10.75,9.38,0.43,15.5,0.9,2.02,,,,,26.68,58.25,1.58,249.5,,0.0,,711.75,
2024-09-20 12:00:00,21.5,95.5,3.2,13.82,9.95,10.7,8.65,0.25,15.71,0.82,1.88,,,,,28.15,55.75,1.42,226.5,,0.0,,710.5,
2024-09-20 13:00:00,18.5,84.5,3.58,14.68,10.73,10.75,9.3,0.69,15.48,0.9,2.02,,,,,29.38,54.75,1.48,253.0,,0.0,,709.75,
2024-09-20 14:00:00,21.5,92.25,3.28,14.72,10.5,10.68,9.1,0.7,13.9,0.88,1.95,,,,,30.15,53.75,1.5,236.5,,0.0,,709.0,
2024-09-20 15:00:00,16.75,98.75,4.08,16.12,11.88,10.62,9.22,0.79,14.75,0.88,1.98,,,,,30.78,53.25,1.38,221.75,,0.0,,708.25,
2024-09-20 16:00:00,18.75,119.25,5.3,17.7,13.75,10.7,9.78,0.95,14.7,0.95,2.1,,,,,30.3,54.25,1.3,239.5,,0.0,,708.0,
2024-09-20 17:00:00,26.5,135.5,7.28,20.12,16.6,10.68,10.95,1.21,14.37,1.08,2.38,,,,,29.8,55.0,1.2,246.75,,0.0,,708.75,
2024-09-20 18:00:00,27.0,153.75,6.8,19.38,15.85,10.6,10.8,1.68,14.18,1.08,2.32,,,,,28.72,56.25,0.85,207.5,,0.0,,709.0,
2024-09-20 19:00:00,33.75,151.25,7.82,20.68,17.35,10.65,10.92,2.29,14.63,1.05,2.35,,,,,27.15,60.25,0.85,220.25,,0.0,,710.0,
2024-09-20 20:00:00,33.75,151.5,7.02,19.52,16.12,10.58,10.6,1.63,15.03,1.0,2.28,,,,,26.65,61.0,0.95,210.0,,0.0,,711.0,
2024-09-20 21:00:00,28.0,139.0,6.25,17.77,14.55,10.65,10.32,0.84,14.73,1.0,2.22,,,,,26.22,61.5,1.18,220.25,,0.0,,712.0,
2024-09-20 22:00:00,29.5,123.5,5.6,16.32,13.22,10.58,9.88,0.25,15.32,0.95,2.15,,,,,25.2,63.5,1.12,222.5,,0.0,,712.0,
2024-09-20 23:00:00,24.25,91.25,4.08,14.3,10.9,10.65,9.55,0.09,15.83,0.92,2.08,,,,,24.35,65.25,1.1,217.25,,0.0,,711.5,
2024-09-21 00:00:00,20.5,75.25,3.15,12.8,9.35,10.6,6.75,,14.11,0.65,1.45,,,,,23.42,66.25,1.18,225.0,,0.0,,711.0,
2024-09-21 01:00:00,17.75,61.5,2.55,11.4,8.12,10.62,6.6,0.53,13.47,0.62,1.42,,,,,22.67,67.25,1.48,232.75,,0.0,,711.0,
2024-09-21 02:00:00,20.5,63.0,2.72,11.42,8.28,10.65,6.68,0.5,13.98,0.65,1.45,,,,,21.85,68.25,1.55,239.25,,0.0,,710.25,
2024-09-21 03:00:00,14.0,60.25,2.35,10.8,7.65,10.6,5.9,0.4,16.39,0.6,1.25,,,,,21.32,69.0,1.45,231.75,,0.0,,710.0,
2024-09-21 04:00:00,17.5,53.75,2.55,11.08,7.95,10.6,6.0,0.38,16.32,0.6,1.27,,,,,21.05,69.25,1.38,228.25,,0.0,,710.75,
2024-09-21 05:00:00,18.75,59.75,3.3,11.92,9.02,10.62,5.82,0.52,15.17,0.55,1.25,,,,,20.85,69.75,1.25,231.75,,0.0,,711.0,
2024-09-21 06:00:00,19.25,67.25,4.5,13.32,10.72,10.68,6.98,0.64,13.98,0.68,1.5,,,,,20.68,69.0,1.12,226.0,,0.0,,711.5,
2024-09-21 07:00:00,24.0,87.25,4.95,13.88,11.4,10.52,6.98,0.75,14.05,0.68,1.5,,,,,20.85,68.5,1.4,230.75,,0.0,,712.0,
2024-09-21 08:00:00,26.5,100.5,4.1,13.18,10.38,10.6,6.3,0.7,14.85,0.62,1.35,,,,,21.88,66.25,1.92,251.75,,0.0,,713.25,
2024-09-21 09:00:00,25.5,105.75,5.75,15.3,12.8,10.6,7.28,0.74,14.89,0.7,1.58,,,,,23.0,63.75,1.72,261.5,,0.0,,713.5,
2024-09-21 10:00:00,26.25,111.75,6.02,16.18,13.52,10.7,7.75,0.7,15.51,0.75,1.65,,,,,24.12,62.75,1.48,258.5,,0.0,,713.0,
2024-09-21 11:00:00,23.5,97.75,6.42,16.88,14.18,10.72,7.85,0.64,14.5,0.75,1.7,,,,,25.05,61.75,1.85,269.75,,0.0,,712.5,
2024-09-21 12:00:00,22.5,102.0,4.82,15.38,12.12,10.75,7.52,0.52,15.18,0.72,1.6,,,,,26.32,60.5,1.95,262.5,,0.0,,711.25,
2024-09-21 13:00:00,23.5,99.5,4.92,15.62,12.38,10.9,7.42,0.4,16.04,0.7,1.62,,,,,28.35,58.5,1.8,255.0,,0.0,,709.75,
2024-09-21 14:00:00,22.5,103.5,4.92,16.38,12.7,10.48,7.18,0.6,14.98,0.7,1.55,,,,,29.68,56.75,1.82,263.0,,0.0,,709.0,
2024-09-21 15:00:00,22.75,108.25,4.28,15.88,11.92,10.62,7.38,0.54,15.08,0.7,1.62,,,,,29.5,56.25,1.35,237.25,,0.0,,708.25,
2024-09-21 16:00:00,21.0,103.75,5.22,17.1,13.35,10.58,7.2,0.64,16.14,0.7,1.55,,,,,28.32,59.25,1.72,260.0,,0.0,,708.75,
2024-09-21 17:00:00,25.75,104.25,5.7,17.2,13.8,10.62,7.25,1.64,14.03,0.7,1.58,,,,,25.3,67.0,0.75,210.0,,0.0,,709.0,
2024-09-21 18:00:00,25.5,94.5,8.55,20.65,17.92,10.52,7.92,2.63,14.83,0.78,1.72,,,,,24.4,69.5,0.98,267.0,,0.0,,709.5,
2024-09-21 19:00:00,34.25,158.5,9.6,21.38,19.2,10.58,8.7,2.79,14.32,0.82,1.88,,,,,25.32,67.5,1.05,272.0,,0.0,,710.5,
2024-09-21 20:00:00,29.0,142.25,9.1,20.92,18.55,10.6,8.78,2.43,15.86,0.85,1.92,,,,,25.3,65.75,1.2,260.75,,0.0,,711.25,
2024-09-21 21:00:00,27.25,124.25,7.6,18.82,16.2,10.58,8.2,1.28,14.66,0.8,1.78,,,,,24.88,65.0,1.23,243.75,,0.0,,712.0,
2024-09-21 22:00:00,19.5,111.5,5.55,16.0,13.02,10.55,7.3,0.56,16.31,0.72,1.58,,,,,24.35,65.0,1.72,262.0,,0.0,,713.0,
2024-09-21 23:00:00,12.5,66.75,3.68,13.35,10.07,10.58,6.58,0.21,14.77,0.62,1.4,,,,,23.32,66.0,1.8,264.75,,0.0,,712.5,
2024-09-22 00:00:00,14.0,26.0,2.82,12.18,8.82,10.55,5.85,0.5,14.89,0.6,1.25,,,,,21.42,69.25,1.58,262.25,,0.0,,712.0,
2024-09-22 01:00:00,14.5,22.25,2.6,11.6,8.28,10.6,6.4,0.56,15.59,0.6,1.4,,,,,20.78,70.25,1.27,248.0,,0.0,,711.75,
2024-09-22 02:00:00,16.25,22.75,2.4,11.15,7.88,10.58,6.5,0.55,13.98,0.62,1.4,,,,,20.42,71.0,1.38,267.0,,0.0,,710.5,
2024-09-22 03:00:00,17.5,33.0,2.45,11.2,7.95,10.58,6.52,0.37,15.2,0.65,1.4,,,,,20.48,71.0,1.27,254.75,,0.0,,710.0,
2024-09-22 04:00:00,18.5,38.5,2.32,10.78,7.6,10.55,6.42,0.41,16.47,0.62,1.4,,,,,20.35,70.75,1.45,263.75,,0.0,,710.25,
2024-09-22 05:00:00,17.0,40.5,3.9,12.52,9.85,10.58,6.45,0.69,16.34,0.65,1.4,,,,,20.18,69.75,1.3,245.5,,0.0,,710.25,
2024-09-22 06:00:00,18.5,56.75,5.5,14.1,11.98,10.6,7.8,0.98,14.5,0.75,1.68,,,,,20.1,69.0,1.27,262.75,,0.0,,711.0,
2024-09-22 07:00:00,23.0,76.25,6.12,15.1,13.02,10.58,7.85,1.17,15.03,0.78,1.7,,,,,20.28,69.0,1.3,262.25,,0.0,,711.0,
2024-09-22 08:00:00,21.5,81.5,4.42,13.4,10.72,10.65,7.32,1.08,15.83,0.7,1.58,,,,,21.35,68.0,1.75,264.25,,0.0,,711.75,
2024-09-22 09:00:00,17.25,76.0,4.28,13.28,10.55,10.65,7.15,0.53,15.16,0.7,1.55,,,,,23.12,65.0,1.88,268.25,,0.0,,712.0,
2024-09-22 10:00:00,16.5,74.0,3.85,13.6,10.35,10.7,7.12,0.5,14.57,0.68,1.52,,,,,23.9,64.25,2.22,271.0,,0.0,,711.25,
2024-09-22 11:00:00,12.5,77.75,3.55,14.62,10.68,10.7,6.0,0.59,13.93,0.57,1.3,,,,,25.38,61.5,2.03,273.75,,0.0,,711.0,
2024-09-22 12:00:00,13.75,78.75,3.15,13.85,9.92,10.45,4.45,0.51,15.58,0.43,0.98,,,,,26.35,59.5,1.92,258.75,,0.0,,710.0,
2024-09-22 13:00:00,12.5,77.5,3.4,14.52,10.48,10.6,4.78,0.76,17.01,0.48,1.02,,,,,26.88,58.0,1.72,261.5,,0.0,,709.0,
2024-09-22 14:00:00,11.0,82.5,3.15,13.52,9.75,10.52,6.08,0.01,16.04,0.6,1.32,,,,,27.15,58.75,1.45,240.75,,0.0,,708.0,
2024-09-22 15:00:00,11.5,76.25,3.5,13.9,10.2,10.52,6.52,0.12,15.32,0.62,1.4,,,,,27.18,61.5,1.58,251.25,,0.0,,707.5,
2024-09-22 16:00:00,12.5,74.25,3.18,13.38,9.72,10.58,6.72,0.19,15.98,0.65,1.48,,,,,26.5,63.75,1.2,202.25,,0.0,,707.0,
2024-09-22 17:00:00,11.75,58.25,3.05,13.58,9.7,10.6,6.62,0.75,14.54,0.62,1.42,,,,,25.78,65.5,1.18,223.25,,0.0,,707.5,
2024-09-22 18:00:00,15.25,58.5,4.22,15.1,11.45,10.6,7.2,1.21,13.4,0.7,1.52,,,,,25.75,65.5,0.7,226.0,,0.0,,708.0,
2024-09-22 19:00:00,20.0,55.25,5.6,16.55,13.35,10.65,7.78,1.56,15.63,0.75,1.68,,,,,24.05,70.0,0.6,224.0,,0.0,,709.0,
2024-09-22 20:00:00,24.0,78.0,5.12,16.3,12.85,10.6,7.55,1.11,16.6,0.75,1.62,,,,,24.0,69.5,0.75,221.0,,0.0,,710.0,
2024-09-22 21:00:00,25.25,79.5,3.68,14.12,10.52,10.6,6.92,0.69,15.75,0.68,1.5,,,,,24.2,68.0,1.12,221.75,,0.0,,710.75,
2024-09-22 22:00:00,19.5,68.0,3.3,13.1,9.65,10.6,6.52,0.49,15.64,0.62,1.4,,,,,23.63,68.25,1.45,227.5,,0.0,,711.0,
2024-09-22 23:00:00,16.25,53.0,,,,,6.82,0.62,14.08,0.68,1.48,,,,,22.95,69.25,1.15,234.25,,0.0,,711.0,
2024-09-23 00:00:00,12.5,48.75,,,,,7.35,0.88,15.51,0.7,1.6,,,,,22.42,70.0,1.12,249.5,,0.0,,710.0,
2024-09-23 01:00:00,14.0,44.5,,,,,7.12,0.51,15.37,0.7,1.52,,,,,22.1,70.0,1.18,233.25,,0.0,,709.25,
2024-09-23 02:00:00,5.75,41.25,,,,,7.58,0.4,15.75,0.75,1.62,,,,,21.72,69.75,1.23,246.25,,0.0,,709.0,
2024-09-23 03:00:00,7.75,37.0,,,,,7.68,0.34,15.6,0.75,1.68,,,,,21.45,69.0,1.0,232.75,,0.0,,709.0,
2024-09-23 04:00:00,7.0,38.75,,,,,7.38,0.36,14.66,0.7,1.6,,,,,21.22,69.0,1.12,224.5,,0.0,,709.0,
2024-09-23 05:00:00,7.5,37.0,,,,,7.35,0.58,14.89,0.72,1.6,,,,,20.95,69.0,1.12,233.75,,0.0,,709.75,
2024-09-23 06:00:00,11.0,42.75,,,,,8.02,0.77,14.4,0.8,1.75,,,,,20.78,69.0,1.27,255.75,,0.0,,710.0,
2024-09-23 07:00:00,18.25,45.25,,,,,9.07,1.23,13.64,0.88,1.95,,,,,20.78,69.25,1.35,262.25,,0.0,,711.0,
2024-09-23 08:00:00,21.25,65.25,,,,,9.18,1.6,14.84,0.9,2.0,,,,,21.2,69.75,1.25,240.5,,0.0,,711.5,
2024-09-23 09:00:00,19.75,97.75,,,,,8.82,1.34,15.51,0.85,1.92,,,,,22.08,69.0,1.25,240.0,,0.0,,712.0,
2024-09-23 10:00:00,19.5,99.75,,,,,8.9,1.14,13.58,0.88,1.9,,,,,23.22,68.5,1.58,258.0,,0.0,,711.75,
2024-09-23 11:00:00,13.75,91.75,,,,,8.75,0.76,15.14,0.88,1.88,,,,,24.45,66.75,1.75,265.25,,0.0,,710.75,
2024-09-23 12:00:00,17.75,93.5,,,,,8.22,0.87,15.78,0.8,1.78,,,,,25.38,65.5,1.72,259.75,,0.0,,709.75,
2024-09-23 13:00:00,15.25,84.25,,,,,8.02,0.7,16.07,0.78,1.72,,,,,26.17,63.75,1.68,259.75,,0.0,,708.75,
2024-09-23 14:00:00,17.75,88.25,,,,,6.78,0.65,15.19,0.68,1.48,,,,,27.25,62.75,1.42,237.75,,0.0,,707.75,
2024-09-23 15:00:00,14.0,87.25,,,,,5.65,0.56,13.86,0.57,1.2,,,,,28.2,61.75,1.4,221.5,,0.0,,707.0,
2024-09-23 16:00:00,14.5,85.25,,,,,6.22,0.6,14.04,0.6,1.35,,,,,28.65,61.25,1.23,216.0,,0.0,,707.0,
2024-09-23 17:00:00,16.25,92.75,,,,,6.78,0.65,15.45,0.65,1.48,,,,,28.02,62.25,1.02,214.75,,0.0,,707.25,
2024-09-23 18:00:00,17.75,93.5,,,,,7.28,1.66,16.34,0.7,1.58,,,,,27.22,63.5,0.52,210.5,,0.0,,708.0,
2024-09-23 19:00:00,20.75,117.5,,,,,7.58,1.78,13.2,0.72,1.62,,,,,26.25,65.75,1.28,211.75,,0.0,,709.25,
2024-09-23 20:00:00,21.25,112.75,,,,,7.2,1.63,15.42,0.7,1.58,,,,,25.35,68.5,1.08,227.0,,0.0,,710.0,
2024-09-23 21:00:00,14.75,81.75,,,,,7.68,0.9,14.62,0.75,1.65,,,,,23.92,70.0,1.2,235.0,,0.0,,710.25,
2024-09-23 22:00:00,11.5,71.0,,,,,6.85,0.59,15.71,0.7,1.5,,,,,23.62,70.25,1.18,239.75,,0.0,,711.0,
2024-09-23 23:00:00,12.75,64.0,,,,,6.7,0.15,16.43,0.65,1.45,,,,,23.25,71.25,1.55,219.5,,0.0,,710.0,
2024-09-24 00:00:00,11.75,47.0,,,,,7.35,,14.89,0.7,1.55,,,,,22.68,71.75,1.45,234.25,,0.0,,710.0,
2024-09-24 01:00:00,11.0,30.75,,,,,8.25,0.46,14.6,0.8,1.78,,,,,22.2,71.0,1.38,224.5,,0.0,,709.0,
2024-09-24 02:00:00,11.25,27.75,,,,,8.15,0.46,15.03,0.8,1.78,,,,,21.85,70.75,1.27,224.25,,0.0,,709.0,
2024-09-24 03:00:00,11.25,31.0,,,,,8.07,0.35,15.66,0.78,1.78,,,,,21.65,70.25,1.23,219.0,,0.0,,709.0,
2024-09-24 04:00:00,10.25,36.5,,,,,7.8,0.58,15.92,0.75,1.68,,,,,21.48,71.0,1.2,226.75,,0.0,,709.0,
2024-09-24 05:00:00,13.5,44.75,,,,,7.35,0.45,16.19,0.7,1.6,,,,,21.35,71.0,1.27,219.25,,0.0,,708.25,
2024-09-24 06:00:00,13.25,49.75,,,,,7.8,0.48,14.64,0.72,1.65,,,,,21.18,70.75,1.38,221.5,,0.0,,708.75,
2024-09-24 07:00:00,16.75,63.75,,,,,8.62,0.64,15.16,0.85,1.82,,,,,21.18,70.25,1.1,224.0,,0.0,,710.0,
2024-09-24 08:00:00,15.25,82.5,,,,,8.62,1.09,14.42,0.85,1.85,,,,,21.58,70.75,1.45,232.0,,0.0,,710.75,
2024-09-24 09:00:00,14.25,91.5,,,,,8.88,1.42,15.67,0.85,1.92,,,,,22.58,69.5,1.42,240.25,,0.0,,710.5,
2024-09-24 10:00:00,15.0,101.25,,,,,8.57,1.01,15.62,0.82,1.85,,,,,24.28,67.5,1.58,223.75,,0.0,,710.0,
2024-09-24 11:00:00,8.75,90.25,,,,,8.32,0.67,14.18,0.8,1.8,,,,,25.25,66.0,1.65,205.75,,0.0,,709.5,
2024-09-24 12:00:00,16.25,91.0,,,,,7.95,0.51,16.16,0.8,1.72,,,,,25.95,65.75,1.62,213.5,,0.0,,708.75,
2024-09-24 13:00:00,13.5,85.75,,,,,7.68,0.6,14.66,0.75,1.65,,,,,26.88,64.75,1.45,202.25,,0.0,,707.5,
2024-09-24 14:00:00,12.0,69.25,,,,,7.75,0.9,14.06,0.75,1.65,,,,,27.38,64.0,1.45,215.0,,0.0,,706.5,
2024-09-24 15:00:00,11.0,68.75,,,,,7.75,0.84,14.88,0.75,1.68,,,,,27.3,64.0,1.4,207.75,,0.0,,706.0,
2024-09-24 16:00:00,8.0,79.5,,,,,7.58,0.93,15.16,0.75,1.62,,,,,27.28,64.25,1.5,207.25,,0.0,,706.0,
2024-09-24 17:00:00,9.5,95.75,,,,,8.4,0.69,15.42,0.8,1.82,,,,,26.75,65.5,1.65,203.5,,0.0,,706.25,
2024-09-24 18:00:00,13.5,93.75,,,,,8.25,1.09,15.04,0.8,1.8,,,,,24.92,67.5,1.45,213.75,,0.0,,707.25,
2024-09-24 19:00:00,13.25,89.0,,,,,8.6,1.57,14.47,0.85,1.85,,,,,23.48,69.5,1.42,223.0,,0.0,,708.5,
2024-09-24 20:00:00,14.75,84.0,,,,,8.38,1.02,15.67,0.82,1.8,,,,,23.4,71.0,1.48,216.25,,0.0,,709.0,
2024-09-24 21:00:00,9.25,77.5,,,,,8.02,0.96,14.61,0.8,1.72,,,,,23.3,70.75,1.48,217.5,,0.0,,709.75,
2024-09-24 22:00:00,12.75,73.25,,,,,8.12,0.43,14.64,0.8,1.78,,,,,22.9,70.25,1.62,217.5,,0.0,,710.0,
2024-09-24 23:00:00,10.75,59.5,,,,,7.7,0.18,14.12,0.75,1.65,,,,,22.5,70.75,1.48,221.25,,0.0,,709.75,
2024-09-25 00:00:00,7.5,40.5,,,,,8.75,0.04,15.63,0.85,1.9,,,,,22.08,70.25,1.48,201.25,,0.0,,709.0,
2024-09-25 01:00:00,9.0,33.0,,,,,9.5,,15.97,0.9,2.0,,,,,21.7,71.0,1.3,199.0,,0.0,,709.0,
2024-09-25 02:00:00,,,,,,,,,,,,,,,,,,,,,0.0,,,
2024-09-25 03:00:00,,,,,,,,,,,,,,,,,,,,,0.0,,,
2024-09-25 04:00:00,,,,,,,,,,,,,,,,,,,,,0.0,,,
2024-09-25 05:00:00,,,,,,,,,,,,,,,,,,,,,0.0,,,
2024-09-25 06:00:00,,,,,,,,,,,,,,,,,,,,,0.0,,,
2024-09-25 07:00:00,,,,,,,,,,,,,,,,,,,,,0.0,,,
2024-09-25 08:00:00,,,,,,,,,,,,,,,,,,,,,0.0,,,
2024-09-25 09:00:00,19.0,97.0,,,,,,,,,,,,,,22.8,69.0,,,,0.0,,,
2024-09-25 10:00:00,17.0,90.0,,,,,,,,,,,,,,24.8,66.0,,,,0.0,,,
2024-09-25 11:00:00,14.5,87.75,,,,,9.6,0.78,15.14,0.92,2.08,,,,,25.3,65.25,1.82,234.25,,0.0,,709.75,
2024-09-25 12:00:00,7.0,82.5,,,,,9.52,0.74,13.3,0.95,2.05,,,,,26.95,63.0,2.02,251.0,,0.0,,708.75,
2024-09-25 13:00:00,7.25,85.0,,,,,10.6,0.57,,1.0,2.3,,,,,27.25,63.25,1.97,241.33,,0.0,,707.67,
2024-09-25 14:00:00,7.67,78.33,,,,,9.1,0.36,16.62,0.9,1.95,,,,,27.17,63.33,2.05,227.5,,0.0,,707.0,
2024-09-25 15:00:00,7.25,79.0,,,,,9.88,0.47,18.37,0.95,2.12,,,,,27.92,62.25,1.85,225.0,,0.0,,707.0,
2024-09-25 16:00:00,9.5,89.0,,,,,10.2,0.59,15.51,0.98,2.2,,,,,27.7,63.25,1.7,225.25,,0.0,,707.0,
2024-09-25 17:00:00,13.25,98.25,,,,,10.15,0.93,15.34,1.0,2.2,,,,,26.55,64.25,1.62,221.25,,0.0,,707.75,
2024-09-25 18:00:00,11.0,90.0,,,,,10.5,1.34,15.26,1.0,2.3,,,,,25.8,65.0,1.5,227.0,,0.0,,708.0,
2024-09-25 19:00:00,15.75,101.0,,,,,10.97,1.6,14.01,1.1,2.37,,,,,24.45,66.5,1.7,228.0,,0.0,,709.0,
2024-09-25 20:00:00,,,,,,,,,,,,,,,,,,,,,0.0,,,
2024-09-25 21:00:00,,,,,,,,,,,,,,,,,,,,,0.0,,,
2024-09-25 22:00:00,,,,,,,,,,,,,,,,,,,,,0.0,,,
2024-09-25 23:00:00,12.33,65.0,,,,,8.95,0.43,14.12,0.85,1.95,,,,,21.97,65.33,1.3,228.5,,0.0,,710.5,
2024-09-26 00:00:00,10.25,49.0,,,,,7.75,0.34,14.37,0.75,1.7,,,,,21.62,66.25,1.35,241.75,,0.0,,710.0,
2024-09-26 01:00:00,12.75,41.5,,,,,6.6,0.35,14.59,0.62,1.42,,,,,21.32,67.0,1.23,225.75,,0.0,,709.5,
2024-09-26 02:00:00,27.0,37.0,,,,,7.2,0.25,14.82,0.7,1.6,,,,,21.1,67.0,1.1,214.0,,0.0,,709.0,
2024-09-26 03:00:00,,,,,,,,,,,,,,,,,,,,,0.0,,,
2024-09-26 04:00:00,,,,,,,,,,,,,,,,,,,,,0.0,,,
2024-09-26 05:00:00,,,,,,,,,,,,,,,,,,,,,0.0,,,
2024-09-26 06:00:00,,,,,,,,,,,,,,,,,,,,,0.0,,,
2024-09-26 07:00:00,,,,,,,,,,,,,,,,,,,,,0.0,,,
2024-09-26 08:00:00,15.33,84.0,,,,,7.75,1.36,12.78,0.75,1.65,,,,,21.37,68.33,1.45,229.5,,0.0,,711.5,
2024-09-26 09:00:00,12.75,92.5,,,,,7.48,1.1,13.43,0.72,1.62,,,,,22.3,66.5,1.62,226.0,,0.0,,711.5,
2024-09-26 10:00:00,11.75,99.0,,,,,7.7,0.87,14.26,0.75,1.65,,,,,23.85,64.75,1.55,218.5,,0.0,,711.0,
2024-09-26 11:00:00,20.0,96.0,,,,,7.4,0.82,15.82,0.7,1.6,,,,,24.9,64.0,1.4,224.0,,0.0,,711.0,
2024-09-26 12:00:00,16.0,100.5,,,,,6.5,0.58,19.14,0.6,1.4,,,,,25.9,63.0,1.65,241.0,,0.0,,710.0,
2024-09-26 13:00:00,17.75,98.0,,,,,7.35,0.6,18.43,0.72,1.6,,,,,26.55,62.0,1.6,221.5,,0.0,,709.0,
2024-09-26 14:00:00,16.25,79.0,,,,,7.7,0.36,18.49,0.75,1.65,,,,,26.52,61.75,1.5,208.75,,0.0,,708.0,
2024-09-26 15:00:00,13.5,66.5,,,,,7.2,0.42,20.3,0.7,1.55,,,,,27.1,61.0,1.6,209.75,,0.0,,708.0,
2024-09-26 16:00:00,12.25,71.75,,,,,7.72,0.69,16.06,0.75,1.7,,,,,27.58,61.25,1.35,217.0,,0.0,,708.0,
2024-09-26 17:00:00,14.75,97.5,,,,,8.52,1.0,12.78,0.8,1.85,,,,,26.98,62.5,1.05,220.0,,0.0,,708.0,
2024-09-26 18:00:00,20.5,121.0,,,,,9.18,1.52,12.55,0.9,1.98,,,,,26.12,64.25,1.32,226.5,,0.0,,709.0,
2024-09-26 19:00:00,22.0,142.0,,,,,9.2,1.53,13.15,0.9,2.0,,,,,25.6,65.0,1.4,224.0,,0.0,,709.0,
2024-09-26 20:00:00,,,,,,,,,,,,,,,,,,,,,0.0,,,
2024-09-26 21:00:00,,,,,,,,,,,,,,,,,,,,,0.0,,,
2024-09-26 22:00:00,13.5,80.5,,,,,7.6,0.46,13.22,0.7,1.6,,,,,23.2,67.0,1.2,231.0,,0.0,,712.0,
2024-09-26 23:00:00,14.5,78.75,,,,,7.43,0.32,14.44,0.7,1.62,,,,,22.88,67.0,1.3,231.0,,0.0,,712.0,
2024-09-27 00:00:00,14.75,67.0,,,,,8.35,,14.94,0.8,1.8,,,,,22.32,67.25,1.25,224.5,,0.0,,711.5,
2024-09-27 01:00:00,10.0,50.5,,,,,7.82,0.44,15.82,0.78,1.7,,,,,21.68,68.0,1.18,228.75,,0.0,,711.0,
2024-09-27 02:00:00,7.5,49.0,,,,,7.7,0.44,14.34,0.75,1.65,,,,,21.22,68.25,1.25,236.25,,0.0,,710.0,
2024-09-27 03:00:00,9.5,55.0,,,,,7.75,0.46,14.42,0.75,1.68,,,,,20.92,68.75,1.27,226.5,,0.0,,710.25,
2024-09-27 04:00:00,11.5,46.5,,,,,7.5,0.52,14.14,0.7,1.62,,,,,20.65,68.0,1.17,234.0,,0.0,,710.25,
2024-09-27 05:00:00,14.25,49.25,,,,,7.8,0.46,13.51,0.75,1.7,,,,,20.5,68.25,1.0,222.0,,0.0,,711.0,
2024-09-27 06:00:00,19.5,58.25,,,,,8.72,0.55,13.04,0.85,1.88,,,,,20.5,69.0,1.2,225.0,,0.0,,711.75,
2024-09-27 07:00:00,22.25,75.25,,,,,9.12,0.61,13.72,0.9,1.98,,,,,20.58,69.0,1.23,222.25,,0.0,,712.25,
2024-09-27 08:00:00,16.25,83.0,,,,,9.18,1.0,12.74,0.9,1.95,,,,,21.08,68.5,1.4,230.75,,0.0,,713.25,
2024-09-27 09:00:00,14.0,97.75,,,,,9.93,0.94,13.86,0.95,2.15,,,,,22.3,66.5,1.6,232.0,,0.0,,714.0,
2024-09-27 10:00:00,14.75,113.0,,,,,9.95,0.88,14.76,1.0,2.12,,,,,23.9,64.5,1.75,234.25,,0.0,,714.0,
2024-09-27 11:00:00,17.5,125.5,,,,,9.28,0.55,17.2,0.9,1.98,,,,,25.3,62.5,1.65,236.5,,0.0,,713.0,
2024-09-27 12:00:00,17.75,103.0,,,,,8.78,0.43,17.7,0.85,1.9,,,,,26.0,61.0,1.52,213.0,,0.0,,712.5,
2024-09-27 13:00:00,13.5,103.0,,,,,8.57,0.72,19.62,0.85,1.85,,,,,26.48,60.75,1.6,225.0,,0.0,,711.75,
2024-09-27 14:00:00,11.75,77.25,,,,,8.93,0.68,20.73,0.88,1.92,,,,,27.2,60.0,1.52,221.25,,0.0,,710.75,
2024-09-27 15:00:00,14.5,99.75,,,,,9.72,0.78,19.16,0.95,2.12,,,,,27.82,60.0,1.3,221.0,,0.0,,710.0,
2024-09-27 16:00:00,21.5,142.25,,,,,9.43,0.81,19.38,0.92,2.02,,,,,28.02,60.0,1.27,204.0,,0.0,,710.0,
2024-09-27 17:00:00,12.75,99.5,,,,,9.75,0.95,16.1,0.95,2.08,,,,,28.17,60.0,0.9,209.5,,0.0,,710.5,
2024-09-27 18:00:00,19.5,104.25,,,,,10.15,2.07,12.96,1.0,2.18,,,,,27.18,60.5,0.62,197.5,,0.0,,711.25,
2024-09-27 19:00:00,25.0,135.25,,,,,10.7,2.66,12.84,1.05,2.33,,,,,26.1,62.5,0.88,221.25,,0.0,,712.25,
2024-09-27 20:00:00,27.0,141.75,,,,,11.62,2.37,12.54,1.12,2.52,,,,,25.62,64.25,1.3,266.25,,0.0,,713.25,
2024-09-27 21:00:00,24.0,131.5,,,,,10.75,0.95,12.08,1.02,2.3,,,,,25.0,65.25,1.08,239.0,,0.0,,714.0,
2024-09-27 22:00:00,21.0,124.0,,,,,9.4,0.2,12.78,0.92,2.02,,,,,24.5,66.0,0.95,218.0,,0.0,,714.0,
2024-09-27 23:00:00,13.0,98.0,,,,,9.5,,13.07,0.92,2.02,,,,,23.72,66.5,0.88,214.25,,0.0,,714.0,
2024-09-28 00:00:00,16.75,74.5,,,,,8.6,,13.79,0.85,1.85,,,,,23.12,68.0,1.02,248.75,,0.0,,713.25,
2024-09-28 01:00:00,18.75,71.25,,,,,7.88,0.6,13.12,0.78,1.7,,,,,22.8,68.25,1.08,251.75,,0.0,,712.75,
2024-09-28 02:00:00,16.75,56.75,,,,,8.25,0.61,12.94,0.82,1.8,,,,,22.4,69.0,0.68,243.5,,0.0,,712.0,
2024-09-28 03:00:00,13.25,59.75,,,,,8.45,0.54,12.75,0.82,1.82,,,,,22.0,69.0,0.78,210.25,,0.0,,712.0,
2024-09-28 04:00:00,15.5,69.75,,,,,8.85,0.61,13.35,0.88,1.92,,,,,21.58,69.25,0.68,224.25,,0.0,,712.0,
2024-09-28 05:00:00,20.0,66.0,,,,,8.82,0.57,13.23,0.85,1.95,,,,,21.12,70.0,0.72,222.75,,0.0,,712.25,
2024-09-28 06:00:00,29.0,109.0,,,,,8.75,0.78,13.56,0.88,1.9,,,,,20.92,70.0,0.72,230.0,,0.0,,713.5,
2024-09-28 07:00:00,29.0,115.25,,,,,9.2,0.85,14.43,0.9,1.98,,,,,21.32,69.5,0.85,240.25,,0.0,,714.25,
2024-09-28 08:00:00,30.0,134.5,,,,,9.62,0.93,14.66,0.95,2.08,,,,,22.8,67.0,1.12,264.75,,0.0,,715.0,
2024-09-28 09:00:00,31.75,132.75,,,,,9.45,0.94,17.33,0.92,2.02,,,,,24.7,63.5,1.32,255.5,,0.0,,715.0,
2024-09-28 10:00:00,26.5,120.5,,,,,8.5,0.98,22.51,0.82,1.82,,,,,26.17,61.5,1.1,232.25,,0.0,,715.0,
2024-09-28 11:00:00,22.25,106.0,,,,,7.78,0.69,29.88,0.78,1.68,,,,,27.15,60.0,0.88,180.0,,0.0,,714.5,
2024-09-28 12:00:00,23.25,90.75,,,,,8.32,0.72,39.13,0.8,1.78,,,,,27.88,59.75,1.05,198.5,,0.0,,713.25,
2024-09-28 13:00:00,24.25,109.5,,,,,8.55,0.75,41.56,0.82,1.85,,,,,28.72,59.0,0.88,209.0,,0.0,,712.0,
2024-09-28 14:00:00,25.75,115.75,,,,,8.22,0.87,34.5,0.8,1.78,,,,,28.68,59.5,0.92,201.75,,0.0,,711.0,
2024-09-28 15:00:00,27.0,127.75,,,,,8.93,1.02,27.69,0.85,1.92,,,,,28.28,61.25,0.9,222.25,,0.0,,710.5,
2024-09-28 16:00:00,24.75,147.0,,,,,8.9,0.89,25.34,0.88,1.92,,,,,28.32,62.0,1.02,207.5,,0.0,,710.0,
2024-09-28 17:00:00,26.25,139.75,,,,,9.15,0.94,18.53,0.9,1.98,,,,,28.68,62.0,0.72,211.5,,0.0,,710.75,
2024-09-28 18:00:00,25.75,134.75,,,,,9.7,1.61,13.73,0.95,2.08,,,,,28.12,62.25,0.6,178.0,,0.0,,711.5,
2024-09-28 19:00:00,31.5,154.75,,,,,10.82,1.8,14.08,1.08,2.32,,,,,26.5,63.75,0.85,123.5,,0.0,,712.5,
2024-09-28 20:00:00,30.75,121.0,,,,,9.3,0.98,10.44,0.9,2.0,,,,,25.3,67.75,0.55,125.5,,0.0,,713.75,
2024-09-28 21:00:00,23.0,44.5,,,,,9.88,0.82,11.14,0.98,2.12,,,,,23.28,73.5,0.78,110.5,,0.0,,715.0,
2024-09-28 22:00:00,19.5,29.0,,,,,7.75,,12.02,0.78,1.68,,,,,22.35,74.5,1.02,80.5,,0.0,,715.0,
2024-09-28 23:00:00,15.0,22.0,,,,,7.72,,11.64,0.75,1.68,,,,,21.48,73.0,0.45,101.5,,0.0,,714.25,
2024-09-29 00:00:00,5.25,16.5,,,,,7.1,0.21,13.2,0.7,1.55,,,,,21.02,73.25,1.05,92.0,,0.0,,714.0,
2024-09-29 01:00:00,3.5,8.25,,,,,6.52,0.84,15.95,0.6,1.38,,,,,20.68,73.5,0.78,177.5,,0.0,,714.0,
2024-09-29 02:00:00,4.5,5.75,,,,,7.08,0.74,14.79,0.7,1.52,,,,,20.3,72.0,0.68,148.25,,0.0,,713.25,
2024-09-29 03:00:00,4.0,7.5,,,,,7.28,0.62,13.78,0.72,1.58,,,,,20.25,72.25,0.35,117.25,,0.0,,713.0,
2024-09-29 04:00:00,8.25,15.25,,,,,7.4,0.57,11.86,0.7,1.6,,,,,20.15,73.0,0.32,121.25,,0.0,,713.75,
2024-09-29 05:00:00,14.0,20.5,,,,,7.62,0.58,11.82,0.75,1.62,,,,,20.32,73.0,0.2,133.25,,0.0,,714.0,
2024-09-29 06:00:00,20.0,33.25,,,,,7.95,0.44,12.72,0.75,1.7,,,,,20.45,73.25,0.7,155.0,,0.0,,715.0,
2024-09-29 07:00:00,18.25,29.5,,,,,7.38,0.35,12.61,0.72,1.62,,,,,20.65,73.75,0.28,101.75,,0.0,,715.75,
2024-09-29 08:00:00,13.75,30.0,,,,,7.58,0.4,12.7,0.75,1.62,,,,,21.32,72.75,0.55,104.5,,0.0,,716.0,
2024-09-29 09:00:00,17.75,44.5,,,,,7.35,0.45,22.88,0.72,1.6,,,,,23.7,70.75,1.15,97.75,,0.0,,716.0,
2024-09-29 10:00:00,23.5,50.75,,,,,6.15,0.43,26.06,0.62,1.32,,,,,26.22,66.5,0.9,120.5,,0.0,,716.0,
2024-09-29 11:00:00,24.25,70.5,,,,,6.08,0.35,29.88,0.6,1.32,,,,,27.08,64.75,1.2,114.5,,0.0,,714.5,
2024-09-29 12:00:00,20.75,58.0,,,,,6.48,0.29,34.12,0.62,1.42,,,,,28.65,63.5,1.35,116.75,,0.0,,713.0,
2024-09-29 13:00:00,17.25,48.75,,,,,6.6,0.5,35.63,0.65,1.45,,,,,29.38,61.5,1.38,97.5,,0.0,,711.75,
2024-09-29 14:00:00,17.75,38.75,,,,,6.55,0.51,35.97,0.62,1.4,,,,,30.18,59.75,1.4,116.25,,0.0,,711.0,
2024-09-29 15:00:00,18.5,40.25,,,,,6.48,0.51,37.92,0.6,1.38,,,,,30.15,59.25,1.5,116.5,,0.0,,711.0,
2024-09-29 16:00:00,21.5,45.75,,,,,6.28,0.52,35.89,0.57,1.35,,,,,29.95,60.25,1.42,102.0,,0.0,,711.0,
2024-09-29 17:00:00,18.5,44.0,,,,,6.8,0.49,33.02,0.65,1.45,,,,,28.6,61.25,1.25,98.25,,0.0,,711.25,
2024-09-29 18:00:00,24.25,48.75,,,,,6.8,0.56,25.28,0.65,1.48,,,,,27.3,62.75,0.98,82.0,,0.0,,712.25,
2024-09-29 19:00:00,29.75,51.0,,,,,7.3,0.91,19.53,0.7,1.58,,,,,25.88,65.5,0.6,102.0,,0.0,,713.25,
2024-09-29 20:00:00,36.0,74.25,,,,,6.7,1.09,18.86,0.65,1.42,,,,,25.08,67.25,0.52,85.0,,0.0,,714.0,
2024-09-29 21:00:00,40.5,86.5,,,,,7.45,0.09,21.39,0.72,1.62,,,,,24.65,68.25,1.1,109.5,,0.0,,715.0,
2024-09-29 22:00:00,45.5,71.75,,,,,7.4,,27.04,0.7,1.58,,,,,24.35,69.5,1.25,110.5,,0.0,,715.0,
2024-09-29 23:00:00,45.25,56.25,,,,,7.6,,25.69,0.75,1.62,,,,,23.67,71.5,0.95,108.75,,0.0,,715.0,
2024-09-30 00:00:00,39.5,47.25,,,,,7.2,0.05,19.95,0.7,1.6,,,,,22.88,73.25,0.82,104.75,,0.0,,715.0,
2024-09-30 01:00:00,36.0,43.0,,,,,6.65,0.38,17.55,0.65,1.42,,,,,22.42,74.0,0.9,99.25,,0.0,,714.0,
2024-09-30 02:00:00,30.0,37.0,,,,,7.18,0.23,15.77,0.7,1.55,,,,,22.15,74.0,0.88,97.25,,0.0,,713.5,
2024-09-30 03:00:00,27.0,31.0,,,,,7.1,0.17,15.3,0.68,1.52,,,,,21.95,73.75,0.78,90.0,,0.0,,713.0,
2024-09-30 04:00:00,27.5,31.75,,,,,6.65,0.16,14.83,0.65,1.45,,,,,21.75,73.0,0.82,102.25,,0.0,,713.5,
2024-09-30 05:00:00,28.75,35.0,,,,,6.68,0.5,11.81,0.65,1.45,,,,,21.55,73.0,0.65,89.5,,0.0,,714.25,
2024-09-30 06:00:00,28.25,38.75,,,,,6.55,0.44,13.36,0.62,1.42,,,,,21.42,72.75,0.68,94.5,,0.0,,715.25,
2024-09-30 07:00:00,29.25,45.75,,,,,6.65,0.52,13.3,0.68,1.42,,,,,21.82,71.75,0.52,105.25,,0.0,,716.0,
2024-09-30 08:00:00,31.0,66.25,,,,,7.65,0.81,14.1,0.75,1.65,,,,,23.22,70.25,0.62,147.75,,0.0,,716.0,
2024-09-30 09:00:00,35.0,91.75,,,,,7.65,0.8,18.16,0.78,1.65,,,,,24.52,67.75,0.85,173.5,,0.0,,716.75,
2024-09-30 10:00:00,37.25,106.75,,,,,6.88,0.69,24.0,0.68,1.48,,,,,24.88,66.5,0.6,147.0,,0.0,,716.25,
2024-09-30 11:00:00,34.75,83.25,,,,,7.18,0.34,34.16,0.68,1.55,,,,,26.25,64.25,0.88,141.75,,0.0,,715.25,
2024-09-30 12:00:00,29.5,59.0,,,,,7.05,0.11,32.23,0.68,1.55,,,,,28.3,61.25,1.15,130.25,,0.0,,714.0,
2024-09-30 13:00:00,16.0,55.0,,,,,7.15,0.79,30.8,0.7,1.55,,,,,29.8,58.25,1.23,131.5,,0.0,,712.5,
2024-09-30 14:00:00,,,,,,,,,,,,,,,,,,,,,0.0,,,
2024-09-30 15:00:00,10.5,48.0,,,,,6.7,0.69,29.69,0.6,1.4,,,,,30.65,57.0,1.4,91.0,,0.0,,710.0,
2024-09-30 16:00:00,9.75,51.25,,,,,7.42,0.73,26.11,0.72,1.6,,,,,30.98,57.25,1.23,85.0,,0.0,,710.0,
2024-09-30 17:00:00,,,,,,,,,,,,,,,,,,,,,0.0,,,
2024-09-30 18:00:00,,,,,,,,,,,,,,,,,,,,,0.0,,,
2024-09-30 19:00:00,,,,,,,,,,,,,,,,,,,,,0.0,,,
2024-09-30 20:00:00,,,,,,,,,,,,,,,,,,,,,0.0,,,
2024-09-30 21:00:00,,,,,,,,,,,,,,,,,,,,,0.0,,,
2024-09-30 22:00:00,,,,,,,,,,,,,,,,,,,,,0.0,,,
2024-09-30 23:00:00,,,,,,,,,,,,,,,,,,,,,0.0,,,
2024-10-01 00:00:00,21.0,45.0,,,,,8.5,0.01,21.16,0.85,1.8,,,,,22.85,69.0,0.45,111.0,,0.0,,713.0,
2024-10-01 01:00:00,25.25,46.75,,,,,8.98,0.51,17.43,0.88,1.95,,,,,22.5,69.25,0.52,99.75,,0.0,,712.25,
2024-10-01 02:00:00,28.5,48.75,,,,,8.9,0.46,16.12,0.88,1.92,,,,,22.15,70.25,0.52,115.5,,0.0,,711.75,
2024-10-01 03:00:00,28.75,52.75,,,,,8.65,0.46,16.84,0.88,1.85,,,,,21.98,71.0,0.78,140.0,,0.0,,711.0,
2024-10-01 04:00:00,34.0,67.0,,,,,8.77,0.49,16.88,0.87,1.87,,,,,21.9,71.0,0.8,154.33,,0.0,,712.0,
2024-10-01 05:00:00,,,,,,,,,,,,,,,,,,,,,0.0,,,
2024-10-01 06:00:00,,,,,,,,,,,,,,,,,,,,,0.0,,,
2024-10-01 07:00:00,,,,,,,,,,,,,,,,,,,,,0.0,,,
2024-10-01 08:00:00,,,,,,,,,,,,,,,,,,,,,0.0,,,
2024-10-01 09:00:00,42.67,121.33,,,,,8.7,0.77,27.88,0.85,1.9,,,,,24.53,65.67,1.05,124.0,,0.0,,714.0,
2024-10-01 10:00:00,34.0,110.0,,,,,9.2,0.83,34.73,0.85,2.0,,,,,25.8,63.0,1.2,136.5,,0.0,,714.0,
2024-10-01 11:00:00,,,,,,,,,,,,,,,,,,,,,0.0,,,
2024-10-01 12:00:00,25.0,79.0,,,,,9.7,0.44,37.73,0.9,2.1,,,,,29.0,58.0,1.2,127.0,,0.0,,712.0,
2024-10-01 13:00:00,,,,,,,,,,,,,,,,,,,,,0.0,,,
2024-10-01 14:00:00,,,,,,,,,,,,,,,,,,,,,0.0,,,
2024-10-01 15:00:00,,,,,,,,,,,,,,,,,,,,,0.0,,,
2024-10-01 16:00:00,,,,,,,,,,,,,,,,,,,,,0.0,,,
2024-10-01 17:00:00,24.0,127.0,,,,,,,,,,,,,,28.2,59.0,,,,0.0,,,
2024-10-01 18:00:00,25.25,135.25,,,,,11.5,2.28,16.87,1.1,2.48,,,,,28.02,59.75,0.9,128.75,,0.0,,710.5,
2024-10-01 19:00:00,29.25,149.5,,,,,11.12,1.95,18.2,1.1,2.38,,,,,27.4,62.25,1.02,137.25,,0.0,,711.75,
2024-10-01 20:00:00,31.25,126.0,,,,,11.12,1.3,17.45,1.1,2.4,,,,,27.0,63.0,1.23,170.75,,0.0,,713.0,
2024-10-01 21:00:00,33.5,138.25,,,,,11.12,0.81,17.24,1.08,2.4,,,,,26.52,63.0,1.08,148.0,,0.0,,714.0,
2024-10-01 22:00:00,28.0,95.75,,,,,10.32,0.47,16.72,1.02,2.25,,,,,25.78,63.25,1.02,102.75,,0.0,,714.0,
2024-10-01 23:00:00,27.75,82.5,,,,,10.78,0.54,16.06,1.05,2.33,,,,,24.85,64.5,0.5,72.75,,0.0,,714.0,
2024-10-02 00:00:00,37.25,107.25,,,,,10.55,0.5,15.21,1.05,2.25,,,,,24.02,66.25,0.48,180.25,,0.0,,713.25,
2024-10-02 01:00:00,39.75,106.5,,,,,9.35,0.68,13.02,0.95,2.0,,,,,23.55,67.5,0.45,89.75,,0.0,,712.5,
2024-10-02 02:00:00,36.5,114.5,,,,,8.8,0.82,13.33,0.88,1.88,,,,,22.75,69.25,0.48,115.25,,0.0,,712.0,
2024-10-02 03:00:00,36.75,113.0,,,,,8.15,0.36,16.38,0.8,1.75,,,,,22.8,69.5,1.08,161.5,,0.0,,712.0,
2024-10-02 04:00:00,32.0,73.5,,,,,8.02,0.32,15.91,0.8,1.75,,,,,23.25,68.5,0.98,163.25,,0.0,,712.0,
2024-10-02 05:00:00,28.5,63.0,,,,,8.18,0.65,14.86,0.8,1.75,,,,,22.7,70.25,0.8,184.5,,0.0,,712.0,
2024-10-02 06:00:00,27.5,66.75,,,,,8.48,0.82,14.96,0.82,1.85,,,,,22.38,71.0,1.12,170.0,,0.0,,712.5,
2024-10-02 07:00:00,27.25,75.75,,,,,7.28,0.73,19.36,0.7,1.58,,,,,22.5,70.75,1.4,170.25,,0.0,,713.75,
2024-10-02 08:00:00,20.0,64.75,,,,,8.2,0.66,21.18,0.8,1.75,,,,,23.55,69.25,1.58,162.25,,0.0,,714.25,
2024-10-02 09:00:00,13.5,51.0,,,,,8.02,0.52,27.08,0.8,1.72,,,,,25.35,66.5,1.38,175.75,,0.0,,715.0,
2024-10-02 10:00:00,12.25,49.75,,,,,8.48,0.65,31.24,0.82,1.85,,,,,27.08,64.5,1.42,193.0,,0.0,,714.5,
2024-10-02 11:00:00,13.25,55.0,,,,,7.42,0.71,35.71,0.7,1.6,,,,,28.62,62.5,1.48,188.5,,0.0,,713.75,
2024-10-02 12:00:00,14.0,52.5,,,,,7.4,0.67,37.22,0.7,1.6,,,,,30.05,60.75,1.7,192.25,,0.0,,712.25,
2024-10-02 13:00:00,14.75,48.75,,,,,7.95,0.5,33.83,0.78,1.72,,,,,30.6,59.75,1.48,222.75,,0.0,,711.25,
2024-10-02 14:00:00,14.75,59.75,,,,,7.62,0.54,32.82,0.72,1.62,,,,,31.12,59.0,1.52,226.25,,0.0,,710.0,
2024-10-02 15:00:00,9.5,61.5,,,,,7.28,0.59,31.61,0.7,1.55,,,,,31.9,58.75,1.58,236.25,,0.0,,709.0,
2024-10-02 16:00:00,15.25,74.5,,,,,7.28,0.74,24.58,0.72,1.58,,,,,32.05,58.25,1.78,270.25,,0.0,,709.0,
2024-10-02 17:00:00,18.25,91.75,,,,,8.2,0.37,24.13,0.82,1.8,,,,,30.52,60.5,1.52,142.5,,0.0,,711.0,
2024-10-02 18:00:00,16.0,80.75,,,,,8.02,0.33,28.01,0.78,1.75,,,,,26.45,65.75,1.0,105.0,,0.0,,712.0,
2024-10-02 19:00:00,15.0,37.75,,,,,8.02,0.61,15.38,0.8,1.75,,,,,23.7,69.0,0.78,84.5,,0.0,,713.25,
2024-10-02 20:00:00,14.5,29.75,,,,,8.45,0.55,14.4,0.82,1.82,,,,,22.98,72.0,0.98,87.75,,0.0,,714.75,
2024-10-02 21:00:00,19.75,31.5,,,,,8.07,0.76,16.15,0.8,1.75,,,,,22.25,72.0,1.48,200.75,,0.0,,716.0,
2024-10-02 22:00:00,11.75,19.5,,,,,8.07,0.7,15.53,0.8,1.75,,,,,21.0,71.75,2.4,282.25,,0.0,,716.0,
2024-10-02 23:00:00,7.5,14.0,,,,,7.68,0.5,16.0,0.72,1.68,,,,,20.35,71.0,1.45,199.75,,0.0,,716.0,
2024-10-03 00:00:00,6.0,10.75,,,,,7.75,0.53,13.48,0.75,1.7,,,,,20.23,71.0,0.57,248.25,,0.0,,714.5,
2024-10-03 01:00:00,5.75,10.25,,,,,7.93,0.37,14.2,0.8,1.7,,,,,20.38,70.5,0.58,158.5,,0.0,,713.75,
2024-10-03 02:00:00,4.5,13.0,,,,,7.22,0.36,14.52,0.7,1.55,,,,,20.58,69.0,0.78,252.75,,0.0,,714.0,
2024-10-03 03:00:00,3.0,20.5,,,,,5.92,0.49,16.42,0.55,1.27,,,,,20.52,68.0,0.88,254.5,,0.0,,713.5,
2024-10-03 04:00:00,4.5,28.0,,,,,6.7,0.33,14.74,0.65,1.42,,,,,20.6,65.25,0.72,222.25,,0.0,,712.75,
2024-10-03 05:00:00,8.25,37.25,,,,,7.82,0.38,14.94,0.78,1.7,,,,,20.58,65.75,0.68,180.25,,0.0,,712.0,
2024-10-03 06:00:00,9.5,45.75,,,,,8.8,0.8,12.05,0.85,1.9,,,,,20.52,65.5,0.62,244.0,,0.0,,712.75,
2024-10-03 07:00:00,21.75,74.75,,,,,9.45,1.21,14.01,0.95,2.02,,,,,20.88,66.75,1.08,267.0,,0.0,,713.75,
2024-10-03 08:00:00,27.5,95.0,,,,,10.1,1.64,13.74,0.98,2.17,,,,,22.02,66.25,1.4,277.75,,0.0,,714.25,
2024-10-03 09:00:00,28.0,106.0,,,,,8.88,1.22,13.6,0.85,1.92,,,,,23.15,67.0,1.48,246.0,,0.0,,715.0,
2024-10-03 10:00:00,24.5,116.75,,,,,8.8,1.13,13.48,0.85,1.92,,,,,23.65,67.25,1.3,230.0,,0.0,,715.0,
2024-10-03 11:00:00,22.75,130.25,,,,,7.98,0.73,16.31,0.8,1.72,,,,,24.25,67.5,1.45,226.75,,0.0,,714.5,
2024-10-03 12:00:00,21.5,123.5,,,,,7.8,0.49,20.11,0.75,1.7,,,,,25.78,66.0,1.55,234.25,,0.0,,713.5,
2024-10-03 13:00:00,19.25,108.25,,,,,7.92,0.72,23.32,0.75,1.7,,,,,26.78,65.25,1.5,238.5,,0.0,,711.75,
2024-10-03 14:00:00,17.75,119.5,,,,,7.25,0.8,19.05,0.72,1.55,,,,,28.08,62.75,1.85,251.5,,0.0,,711.0,
2024-10-03 15:00:00,19.5,154.25,,,,,7.52,0.72,16.03,0.75,1.62,,,,,26.9,62.5,1.8,248.75,,0.0,,711.0,
2024-10-03 16:00:00,16.75,112.0,,,,,7.52,0.88,14.41,0.75,1.65,,,,,24.25,64.0,1.72,253.0,,0.0,,711.0,
2024-10-03 17:00:00,15.5,125.0,,,,,8.98,1.54,11.47,0.88,1.95,,,,,23.58,64.25,1.3,265.5,,0.0,,711.0,
2024-10-03 18:00:00,22.25,149.0,,,,,9.5,2.02,13.68,0.92,2.05,,,,,23.78,65.25,1.35,261.75,,0.0,,711.75,
2024-10-03 19:00:00,21.25,162.0,,,,,10.4,2.63,12.64,1.0,2.28,,,,,23.72,66.0,1.23,270.75,,0.0,,713.5,
2024-10-03 20:00:00,27.25,171.5,,,,,9.82,2.25,13.21,0.98,2.1,,,,,23.72,66.25,1.05,242.5,,0.0,,714.0,
2024-10-03 21:00:00,31.25,156.0,,,,,9.67,1.35,11.84,0.92,2.1,,,,,23.3,67.25,0.9,244.0,,0.0,,714.0,
2024-10-03 22:00:00,25.75,139.75,,,,,9.62,1.52,12.52,0.95,2.08,,,,,22.78,68.0,0.78,227.25,,0.0,,714.0,
2024-10-03 23:00:00,33.25,154.75,,,,,8.82,1.07,13.22,0.88,1.9,,,,,22.98,68.0,0.52,166.5,,0.0,,714.0,
2024-10-04 00:00:00,29.0,120.75,,,,,7.75,0.56,12.2,0.75,1.65,,,,,22.88,68.25,0.78,263.25,,0.0,,713.75,
2024-10-04 01:00:00,22.25,84.5,,,,,7.1,0.6,12.26,0.7,1.52,,,,,22.7,69.25,0.45,192.0,,0.0,,712.75,
2024-10-04 02:00:00,21.0,64.5,,,,,7.35,0.56,13.81,0.72,1.58,,,,,22.32,70.0,0.28,234.5,,0.0,,712.0,
2024-10-04 03:00:00,25.75,84.75,,,,,7.38,0.46,12.18,0.7,1.58,,,,,22.1,70.0,0.6,218.5,,0.0,,711.75,
2024-10-04 04:00:00,30.0,97.25,,,,,7.75,0.46,13.34,0.78,1.68,,,,,22.1,70.0,0.98,254.5,,0.0,,712.5,
2024-10-04 05:00:00,27.0,105.5,,,,,7.68,0.6,12.67,0.75,1.65,,,,,22.08,70.0,0.88,232.25,,0.0,,713.0,
2024-10-04 06:00:00,27.5,131.75,,,,,8.32,0.92,13.34,0.8,1.78,,,,,22.02,70.0,1.08,247.0,,0.0,,713.25,
2024-10-04 07:00:00,28.5,167.0,,,,,7.93,1.04,12.67,0.8,1.72,,,,,22.22,70.0,1.25,255.25,,0.0,,714.0,
2024-10-04 08:00:00,27.5,154.5,,,,,7.9,1.4,13.43,0.8,1.72,,,,,22.88,70.0,1.68,271.5,,0.0,,714.25,
2024-10-04 09:00:00,30.5,146.5,,,,,8.65,0.99,13.52,0.85,1.85,,,,,24.08,69.5,1.52,248.5,,0.0,,715.0,
2024-10-04 10:00:00,33.25,147.5,,,,,8.35,0.87,17.52,0.82,1.8,,,,,25.5,67.75,1.48,239.0,,0.0,,714.5,
2024-10-04 11:00:00,27.75,130.75,,,,,7.22,0.56,18.49,0.7,1.58,,,,,26.78,66.5,1.5,246.25,,0.0,,713.75,
2024-10-04 12:00:00,26.25,137.25,,,,,7.55,0.47,20.34,0.75,1.65,,,,,28.08,64.75,1.45,259.5,,0.0,,712.5,
2024-10-04 13:00:00,24.25,124.5,,,,,7.65,0.63,27.6,0.75,1.65,,,,,28.75,63.5,1.38,240.5,,0.0,,711.25,
2024-10-04 14:00:00,25.0,108.75,,,,,7.22,0.73,24.83,0.7,1.55,,,,,29.22,62.0,1.6,252.75,,0.0,,710.0,
2024-10-04 15:00:00,24.25,109.25,,,,,7.82,1.0,13.45,0.78,1.7,,,,,27.9,64.0,1.02,205.0,,0.0,,710.0,
2024-10-04 16:00:00,23.5,51.25,,,,,8.88,2.04,11.24,0.88,1.92,,,,,23.72,71.0,0.4,125.0,,0.0,,710.0,
2024-10-04 17:00:00,31.5,66.5,,,,,9.38,2.51,10.84,0.9,2.02,,,,,23.92,74.25,0.25,100.5,,0.0,,710.25,
2024-10-04 18:00:00,44.5,117.25,,,,,10.65,4.05,32.07,1.05,2.3,,,,,24.32,74.75,0.72,199.5,,0.0,,711.25,
2024-10-04 19:00:00,43.5,152.0,,,,,9.43,1.98,16.32,0.92,2.02,,,,,24.2,73.25,1.55,217.75,,0.0,,713.0,
2024-10-04 20:00:00,18.25,89.25,,,,,9.28,1.16,12.28,0.9,2.02,,,,,22.98,71.25,0.82,223.25,,0.0,,714.0,
2024-10-04 21:00:00,17.75,27.5,,,,,10.32,1.68,12.92,1.02,2.22,,,,,21.15,72.0,1.05,261.0,,0.0,,714.5,
2024-10-04 22:00:00,14.5,28.5,,,,,9.07,0.83,11.75,0.9,1.95,,,,,21.35,72.0,0.8,215.25,,0.0,,714.75,
2024-10-04 23:00:00,16.0,26.25,,,,,8.38,0.22,11.52,0.8,1.8,,,,,21.45,72.25,0.75,211.0,,0.0,,714.75,
2024-10-05 00:00:00,16.0,23.75,,,,,7.65,,12.16,0.75,1.65,,,,,21.28,73.0,0.78,247.75,,0.0,,714.0,
2024-10-05 01:00:00,14.25,22.25,,,,,8.25,0.36,12.93,0.8,1.78,,,,,21.12,73.0,0.68,251.5,,0.0,,713.25,
2024-10-05 02:00:00,11.5,20.0,,,,,7.45,0.4,11.86,0.7,1.6,,,,,20.88,73.25,0.32,256.5,,0.0,,713.0,
2024-10-05 03:00:00,18.5,21.0,,,,,7.18,0.55,11.96,0.7,1.52,,,,,20.75,74.0,0.32,245.0,,0.0,,713.0,
2024-10-05 04:00:00,15.0,21.75,,,,,7.22,0.18,12.38,0.7,1.55,,,,,20.5,73.5,0.92,212.5,,0.0,,713.5,
2024-10-05 05:00:00,10.75,17.75,,,,,7.6,0.7,12.32,0.75,1.65,,,,,20.12,71.75,0.43,246.25,,0.0,,714.0,
2024-10-05 06:00:00,14.25,24.75,,,,,8.0,0.79,12.63,0.8,1.72,,,,,19.9,71.25,0.4,225.0,,0.0,,714.0,
2024-10-05 07:00:00,12.5,25.25,,,,,8.62,1.21,12.81,0.85,1.85,,,,,20.0,71.75,0.75,255.5,,0.0,,714.25,
2024-10-05 08:00:00,24.0,41.0,,,,,8.3,1.19,13.52,0.8,1.78,,,,,20.75,70.5,0.98,237.75,,0.0,,715.0,
2024-10-05 09:00:00,25.0,54.75,,,,,8.85,0.91,11.3,0.85,1.92,,,,,22.62,68.75,1.32,246.0,,0.0,,715.0,
2024-10-05 10:00:00,19.75,73.0,,,,,9.15,0.83,15.89,0.88,1.98,,,,,24.52,67.5,1.6,259.25,,0.0,,715.0,
2024-10-05 11:00:00,19.5,87.0,,,,,8.7,0.74,19.97,0.82,1.88,,,,,26.0,65.0,1.5,246.0,,0.0,,714.0,
2024-10-05 12:00:00,12.25,93.5,,,,,8.48,0.81,20.92,0.8,1.82,,,,,27.65,61.75,1.32,225.25,,0.0,,712.5,
2024-10-05 13:00:00,13.0,104.25,,,,,8.12,0.99,20.15,0.8,1.75,,,,,28.15,61.25,1.18,232.75,,0.0,,711.5,
2024-10-05 14:00:00,13.25,122.25,,,,,8.22,1.01,18.42,0.8,1.75,,,,,28.0,62.5,1.27,190.25,,0.0,,710.5,
2024-10-05 15:00:00,14.5,85.75,,,,,8.82,1.08,15.92,0.88,1.88,,,,,26.6,65.0,0.98,187.25,,0.0,,710.0,
2024-10-05 16:00:00,17.0,68.0,,,,,8.8,1.66,11.35,0.85,1.88,,,,,24.85,68.5,0.72,168.25,,0.0,,710.25,
2024-10-05 17:00:00,21.0,81.75,,,,,9.05,1.47,10.88,0.88,1.95,,,,,23.98,70.25,0.6,169.25,,0.0,,711.0,
2024-10-05 18:00:00,20.0,78.0,,,,,8.68,1.09,15.3,0.85,1.88,,,,,23.35,70.5,1.12,121.0,,0.0,,712.5,
2024-10-05 19:00:00,8.25,42.75,,,,,7.95,0.5,13.7,0.75,1.7,,,,,22.2,69.5,0.68,151.0,,0.0,,713.75,
2024-10-05 20:00:00,10.25,19.5,,,,,8.3,0.75,11.56,0.8,1.8,,,,,20.92,71.0,1.0,201.0,,0.0,,714.75,
2024-10-05 21:00:00,16.0,25.75,,,,,8.98,1.64,11.36,0.88,1.92,,,,,20.68,71.25,0.85,259.75,,0.0,,715.0,
2024-10-05 22:00:00,22.25,30.0,,,,,9.02,1.46,12.81,0.88,1.95,,,,,20.55,72.0,0.43,136.0,,0.0,,714.5,
2024-10-05 23:00:00,21.5,26.5,,,,,8.32,1.07,10.6,0.8,1.8,,,,,20.42,72.25,0.48,200.25,,0.0,,714.0,
2024-10-06 00:00:00,18.5,25.25,,,,,8.1,0.84,11.04,0.75,1.75,,,,,20.5,72.75,0.28,102.0,,0.0,,713.75,
2024-10-06 01:00:00,21.75,26.75,,,,,7.92,0.97,11.4,0.78,1.7,,,,,20.52,72.25,0.2,58.75,,0.0,,713.0,
2024-10-06 02:00:00,19.5,30.25,,,,,8.05,1.06,12.37,0.8,1.78,,,,,20.6,73.0,0.3,106.0,,0.0,,713.0,
2024-10-06 03:00:00,22.25,34.25,,,,,7.75,0.53,11.94,0.72,1.65,,,,,20.58,73.0,0.28,215.5,,0.0,,712.0,
2024-10-06 04:00:00,18.75,36.0,,,,,7.9,0.31,10.92,0.8,1.7,,,,,20.42,72.75,0.45,216.0,,0.0,,712.0,
2024-10-06 05:00:00,25.25,40.75,,,,,8.55,0.69,11.34,0.82,1.85,,,,,20.2,72.0,0.48,239.75,,0.0,,712.25,
2024-10-06 06:00:00,28.75,47.75,,,,,8.38,0.79,11.87,0.82,1.82,,,,,20.23,72.0,0.78,272.25,,0.0,,713.0,
2024-10-06 07:00:00,27.75,54.75,,,,,8.28,0.8,11.76,0.82,1.78,,,,,20.35,72.25,0.6,261.0,,0.0,,714.0,
2024-10-06 08:00:00,27.75,58.5,,,,,8.45,0.76,12.58,0.82,1.8,,,,,20.6,73.25,0.25,227.0,,0.0,,715.0,
2024-10-06 09:00:00,29.25,57.5,,,,,7.55,0.62,14.26,0.75,1.65,,,,,21.62,73.0,0.65,211.25,,0.0,,715.0,
2024-10-06 10:00:00,28.5,71.25,,,,,7.48,0.56,21.19,0.72,1.6,,,,,24.2,69.25,0.9,151.0,,0.0,,715.0,
2024-10-06 11:00:00,30.5,75.0,,,,,7.25,0.2,37.18,0.68,1.55,,,,,25.92,66.25,0.95,121.25,,0.0,,714.25,
2024-10-06 12:00:00,21.75,57.25,,,,,7.15,0.17,42.02,0.7,1.55,,,,,27.52,63.25,1.12,109.75,,0.0,,713.0,
2024-10-06 13:00:00,17.75,60.25,,,,,7.3,0.4,42.66,0.72,1.58,,,,,27.8,60.25,1.02,94.75,,0.0,,711.5,
2024-10-06 14:00:00,18.5,68.5,,,,,7.35,0.43,41.29,0.72,1.6,,,,,28.55,57.75,1.05,102.25,,0.0,,710.75,
2024-10-06 15:00:00,20.75,69.5,,,,,7.48,0.38,44.4,0.72,1.62,,,,,29.0,57.0,1.15,115.25,,0.0,,710.0,
2024-10-06 16:00:00,15.5,58.5,,,,,7.68,0.37,41.51,0.75,1.65,,,,,28.7,57.75,0.98,92.75,,0.0,,710.0,
2024-10-06 17:00:00,20.75,57.25,,,,,7.65,0.51,35.99,0.75,1.65,,,,,27.58,60.25,0.8,93.0,,0.0,,710.75,
2024-10-06 18:00:00,23.5,62.5,,,,,7.72,0.82,24.98,0.75,1.68,,,,,26.4,62.0,0.6,90.0,,0.0,,712.0,
2024-10-06 19:00:00,25.75,79.75,,,,,7.95,1.14,21.04,0.78,1.7,,,,,24.78,65.25,0.45,99.25,,0.0,,713.0,
2024-10-06 20:00:00,29.25,93.25,,,,,7.9,1.18,20.41,0.78,1.68,,,,,24.25,66.25,0.42,96.5,,0.0,,714.0,
2024-10-06 21:00:00,35.25,100.0,,,,,7.85,0.8,21.04,0.78,1.7,,,,,23.75,67.25,0.45,102.25,,0.0,,714.25,
2024-10-06 22:00:00,42.5,98.75,,,,,7.85,0.81,22.19,0.75,1.7,,,,,23.48,68.25,0.55,98.0,,0.0,,715.0,
2024-10-06 23:00:00,43.25,96.25,,,,,7.92,0.64,19.77,0.78,1.72,,,,,22.98,69.25,0.52,74.25,,0.0,,714.25,
2024-10-07 00:00:00,40.5,100.0,,,,,6.85,0.46,19.77,0.7,1.5,,,,,22.55,70.25,0.32,83.0,,0.0,,714.0,
2024-10-07 01:00:00,40.25,95.0,,,,,6.1,0.56,21.93,0.6,1.32,,,,,22.38,71.0,0.28,78.25,,0.0,,713.75,
2024-10-07 02:00:00,44.25,81.0,,,,,5.58,0.38,21.34,0.55,1.18,,,,,22.25,71.0,0.57,79.5,,0.0,,713.0,
2024-10-07 03:00:00,45.25,84.0,,,,,5.82,0.42,23.4,0.57,1.27,,,,,21.95,71.0,0.35,103.75,,0.0,,713.0,
2024-10-07 04:00:00,47.25,90.75,,,,,6.15,0.51,23.18,0.6,1.3,,,,,21.42,71.0,0.42,135.5,,0.0,,713.0,
2024-10-07 05:00:00,53.5,113.75,,,,,6.28,0.66,17.29,0.6,1.35,,,,,21.22,71.25,0.22,126.0,,0.0,,713.75,
2024-10-07 06:00:00,61.25,120.0,,,,,6.4,0.69,16.94,0.6,1.38,,,,,21.32,72.25,0.42,118.25,,0.0,,714.25,
2024-10-07 07:00:00,60.25,114.5,,,,,6.25,0.65,19.79,0.6,1.35,,,,,21.5,73.0,0.55,98.5,,0.0,,715.0,
2024-10-07 08:00:00,52.75,112.25,,,,,6.1,0.83,22.66,0.6,1.32,,,,,22.1,72.0,0.9,101.75,,0.0,,715.5,
2024-10-07 09:00:00,44.75,100.25,,,,,6.75,0.71,28.52,0.68,1.48,,,,,23.62,67.25,1.23,107.5,,0.0,,716.0,
2024-10-07 10:00:00,41.0,97.75,,,,,7.1,0.6,34.98,0.7,1.55,,,,,25.88,61.0,1.42,105.75,,0.0,,716.0,
2024-10-07 11:00:00,39.0,97.5,,,,,7.35,0.36,33.98,0.7,1.58,,,,,27.15,57.75,1.4,98.75,,0.0,,715.25,
2024-10-07 12:00:00,33.25,96.5,,,,,6.8,0.21,32.93,0.65,1.45,,,,,27.8,57.0,1.27,103.75,,0.0,,714.25,
2024-10-07 13:00:00,35.5,92.75,,,,,7.55,0.56,35.48,0.75,1.62,,,,,28.55,56.5,1.42,111.25,,0.0,,712.75,
2024-10-07 14:00:00,37.0,101.75,,,,,7.68,0.57,36.01,0.75,1.62,,,,,29.02,55.0,1.27,111.75,,0.0,,712.0,
2024-10-07 15:00:00,31.5,96.5,,,,,6.72,0.64,34.08,0.65,1.48,,,,,28.9,55.5,1.3,98.75,,0.0,,711.25,
2024-10-07 16:00:00,40.5,101.0,,,,,5.72,0.76,26.84,0.55,1.25,,,,,27.88,57.75,1.42,88.25,,0.0,,712.0,
2024-10-07 17:00:00,36.0,96.0,,,,,6.1,0.73,24.83,0.57,1.3,,,,,26.28,60.25,1.12,96.0,,0.0,,712.0,
2024-10-07 18:00:00,37.0,98.75,,,,,6.62,1.46,19.46,0.65,1.45,,,,,25.0,62.5,0.9,100.5,,0.0,,712.75,
2024-10-07 19:00:00,38.25,99.5,,,,,6.32,1.2,18.62,0.6,1.38,,,,,23.78,67.5,1.23,92.75,,0.0,,714.25,
2024-10-07 20:00:00,32.0,67.25,,,,,6.15,1.14,17.68,0.6,1.32,,,,,22.52,69.75,0.95,101.25,,0.0,,715.5,
2024-10-07 21:00:00,29.0,37.0,,,,,6.45,0.65,11.59,0.65,1.35,,,,,21.6,72.5,0.9,100.25,,0.0,,716.0,
2024-10-07 22:00:00,29.0,34.0,,,,,5.45,0.08,16.86,0.52,1.18,,,,,21.22,74.0,0.78,115.0,,0.0,,716.0,
2024-10-07 23:00:00,20.0,34.0,,,,,5.4,,17.94,0.52,1.15,,,,,20.98,73.75,0.65,105.25,,0.0,,716.0,
2024-10-08 00:00:00,21.0,34.25,,,,,8.65,,17.43,0.85,1.85,,,,,20.88,73.0,0.85,87.5,,0.0,,715.0,
2024-10-08 01:00:00,22.5,33.0,,,,,9.72,0.54,21.32,0.95,2.1,,,,,20.8,72.75,0.75,100.0,,0.0,,715.0,
2024-10-08 02:00:00,19.0,27.0,,,,,10.35,0.5,19.57,1.0,2.22,,,,,20.8,72.0,0.7,88.25,,0.0,,714.5,
2024-10-08 03:00:00,21.25,28.75,,,,,10.18,0.51,21.4,1.0,2.2,,,,,20.8,72.0,0.5,96.0,,0.0,,714.0,
2024-10-08 04:00:00,21.25,36.5,,,,,10.38,0.53,17.35,1.0,2.25,,,,,20.82,72.0,0.32,84.25,,0.0,,714.0,
2024-10-08 05:00:00,27.25,40.75,,,,,10.52,0.45,20.18,1.0,2.28,,,,,20.88,71.75,0.42,95.0,,0.0,,714.0,
2024-10-08 06:00:00,24.5,34.5,,,,,10.72,0.54,16.12,1.05,2.33,,,,,20.8,71.0,0.28,100.25,,0.0,,715.0,
2024-10-08 07:00:00,24.75,44.25,,,,,10.48,0.77,15.74,1.05,2.25,,,,,20.98,71.0,0.32,95.0,,0.0,,716.0,
2024-10-08 08:00:00,28.25,44.5,,,,,9.88,0.76,20.06,0.98,2.12,,,,,22.22,69.75,0.85,120.0,,0.0,,716.0,
2024-10-08 09:00:00,23.25,56.75,,,,,10.7,0.61,24.6,1.08,2.3,,,,,24.8,65.5,0.85,111.75,,0.0,,716.25,
2024-10-08 10:00:00,23.0,71.25,,,,,10.48,0.6,28.36,1.05,2.25,,,,,26.25,63.5,1.15,97.0,,0.0,,716.0,
2024-10-08 11:00:00,21.75,69.75,,,,,10.12,0.89,27.64,1.0,2.17,,,,,27.0,62.25,1.25,114.5,,0.0,,715.5,
2024-10-08 12:00:00,29.0,65.5,,,,,11.3,1.12,30.63,1.12,2.45,,,,,27.22,62.75,1.25,117.0,,0.0,,714.25,
2024-10-08 13:00:00,33.75,72.0,,,,,10.42,0.45,31.52,1.03,2.22,,,,,28.08,61.75,1.38,117.75,,0.0,,713.0,
2024-10-08 14:00:00,28.5,65.0,,,,,9.95,0.42,30.15,1.0,2.12,,,,,28.75,61.0,1.35,100.0,,0.0,,711.75,
2024-10-08 15:00:00,22.75,57.75,,,,,10.32,0.52,25.14,1.0,2.25,,,,,29.02,61.0,1.2,95.75,,0.0,,711.0,
2024-10-08 16:00:00,18.5,69.5,,,,,9.52,0.6,25.48,0.92,2.08,,,,,28.25,61.25,1.23,108.5,,0.0,,711.25,
2024-10-08 17:00:00,17.25,68.25,,,,,10.75,0.95,22.87,1.05,2.33,,,,,27.25,62.25,1.1,110.5,,0.0,,712.0,
2024-10-08 18:00:00,21.25,92.25,,,,,10.9,1.51,15.82,1.08,2.35,,,,,26.28,64.0,1.0,107.0,,0.0,,712.75,
2024-10-08 19:00:00,30.0,109.5,,,,,11.08,2.31,11.91,1.1,2.38,,,,,25.38,67.75,1.08,95.25,,0.0,,713.5,
2024-10-08 20:00:00,27.75,101.75,,,,,10.72,1.74,14.02,1.02,2.33,,,,,24.4,70.5,1.12,102.75,,0.0,,714.5,
2024-10-08 21:00:00,29.25,66.0,,,,,10.25,0.71,14.48,0.98,2.22,,,,,23.35,72.25,0.98,109.75,,0.0,,715.0,
2024-10-08 22:00:00,27.5,64.0,,,,,10.68,0.37,16.3,1.05,2.3,,,,,22.82,73.0,1.1,113.5,,0.0,,715.0,
2024-10-08 23:00:00,28.0,48.75,,,,,10.48,0.12,15.66,1.0,2.25,,,,,22.55,73.0,1.1,105.5,,0.0,,714.5,
2024-10-09 00:00:00,26.25,48.5,,,,,9.05,0.11,15.22,0.9,1.95,,,,,22.38,73.0,0.98,100.0,,0.0,,714.0,
2024-10-09 01:00:00,28.75,46.25,,,,,9.1,0.31,16.7,0.9,1.95,,,,,22.08,73.0,1.1,100.5,,0.0,,713.75,
2024-10-09 02:00:00,25.0,35.0,,,,,9.75,0.32,14.68,0.92,2.12,,,,,21.28,73.0,0.68,79.0,,0.0,,713.0,
2024-10-09 03:00:00,28.0,31.0,,,,,9.52,0.32,13.04,0.92,2.05,,,,,20.8,72.75,0.62,70.5,,0.0,,712.75,
2024-10-09 04:00:00,26.75,30.75,,,,,10.0,0.35,13.48,0.98,2.15,,,,,20.48,72.0,0.72,86.0,,0.0,,712.0,
2024-10-09 05:00:00,23.5,31.25,,,,,9.88,0.33,12.29,1.0,2.12,,,,,20.4,71.75,0.65,75.5,,0.0,,712.75,
2024-10-09 06:00:00,22.0,35.75,,,,,10.8,0.4,13.48,1.02,2.32,,,,,20.38,70.75,0.8,78.0,,0.0,,713.5,
2024-10-09 07:00:00,13.0,37.75,,,,,9.73,0.45,14.03,0.98,2.1,,,,,20.5,69.75,0.98,97.5,,0.0,,714.0,
2024-10-09 08:00:00,13.75,35.75,,,,,9.07,0.47,13.4,0.88,1.98,,,,,21.75,68.25,1.02,112.25,,0.0,,714.75,
2024-10-09 09:00:00,17.0,36.5,,,,,9.43,0.57,16.63,0.92,2.02,,,,,24.02,65.75,1.23,106.5,,0.0,,715.0,
2024-10-09 10:00:00,21.25,53.5,,,,,10.05,0.6,18.91,0.98,2.18,,,,,25.32,64.5,1.18,114.25,,0.0,,714.5,
2024-10-09 11:00:00,22.25,63.0,,,,,9.85,0.56,19.36,0.98,2.12,,,,,26.38,62.75,1.27,111.75,,0.0,,713.75,
2024-10-09 12:00:00,12.75,57.5,,,,,10.52,0.49,20.21,1.02,2.25,,,,,26.88,61.75,1.05,116.0,,0.0,,712.5,
2024-10-09 13:00:00,9.5,51.25,,,,,9.85,0.48,18.54,0.95,2.12,,,,,27.48,61.25,0.9,108.0,,0.0,,711.25,
2024-10-09 14:00:00,11.5,54.75,,,,,10.52,0.44,16.47,1.02,2.25,,,,,27.05,62.0,1.02,112.75,,0.0,,710.0,
2024-10-09 15:00:00,13.25,58.5,,,,,10.6,0.46,18.92,1.02,2.3,,,,,27.88,61.5,1.0,110.5,,0.0,,709.25,
2024-10-09 16:00:00,13.75,67.0,,,,,10.2,0.51,18.01,1.0,2.22,,,,,28.02,60.25,1.18,116.0,,0.0,,709.0,
2024-10-09 17:00:00,13.25,58.75,,,,,10.48,0.69,15.96,1.02,2.25,,,,,27.52,61.5,0.92,106.0,,0.0,,709.5,
2024-10-09 18:00:00,16.0,83.75,,,,,11.3,1.53,11.4,1.12,2.45,,,,,26.3,63.75,1.02,140.75,,0.0,,710.75,
2024-10-09 19:00:00,24.0,101.25,,,,,11.88,2.12,11.02,1.18,2.55,,,,,24.95,66.5,0.88,114.0,,0.0,,711.75,
2024-10-09 20:00:00,29.5,110.25,,,,,10.8,1.9,11.0,1.08,2.35,,,,,24.32,68.5,0.72,90.75,,0.0,,712.0,
2024-10-09 21:00:00,28.5,99.25,,,,,10.32,0.57,11.59,1.0,2.22,,,,,23.7,70.25,0.82,97.25,,0.0,,713.0,
2024-10-09 22:00:00,28.25,68.75,,,,,9.85,0.33,12.77,0.98,2.12,,,,,23.4,71.0,0.92,101.0,,0.0,,713.0,
2024-10-09 23:00:00,22.75,55.75,,,,,9.52,0.06,12.92,0.9,2.08,,,,,23.25,71.5,1.32,116.75,,0.0,,713.0,
2024-10-10 00:00:00,18.0,48.75,,,,,10.25,,12.74,1.0,2.2,,,,,22.72,72.5,0.9,105.25,,0.0,,712.0,
2024-10-10 01:00:00,9.0,30.5,,,,,8.88,0.44,13.22,0.85,1.95,,,,,22.35,71.25,0.72,97.0,,0.0,,711.25,
2024-10-10 02:00:00,19.75,32.0,,,,,9.18,0.42,11.24,0.9,1.95,,,,,21.85,72.5,0.8,100.75,,0.0,,711.0,
2024-10-10 03:00:00,26.5,34.25,,,,,9.28,0.36,12.51,0.9,2.0,,,,,21.68,73.75,0.8,90.0,,0.0,,710.25,
2024-10-10 04:00:00,31.0,41.0,,,,,9.45,0.35,13.23,0.92,2.05,,,,,21.52,73.0,0.8,112.25,,0.0,,710.75,
2024-10-10 05:00:00,24.0,26.0,,,,,10.3,0.46,11.04,1.0,2.22,,,,,21.2,73.0,0.85,133.75,,0.0,,711.0,
2024-10-10 06:00:00,23.75,27.5,,,,,10.07,0.53,10.81,0.95,2.17,,,,,20.95,72.75,0.6,106.75,,0.0,,712.0,
2024-10-10 07:00:00,22.25,34.5,,,,,9.82,0.49,10.12,0.98,2.12,,,,,21.2,72.0,0.98,128.25,,0.0,,712.5,
2024-10-10 08:00:00,19.75,46.5,,,,,10.5,0.63,10.76,1.02,2.25,,,,,21.92,71.25,0.95,140.75,,0.0,,713.0,
2024-10-10 09:00:00,18.75,65.0,,,,,10.9,0.63,12.22,1.05,2.38,,,,,23.55,68.5,1.12,137.0,,0.0,,714.0,
2024-10-10 10:00:00,16.5,73.75,,,,,10.72,0.42,21.36,1.05,2.3,,,,,25.12,66.25,1.12,122.25,,0.0,,713.0,
2024-10-10 11:00:00,14.0,58.5,,,,,11.2,0.42,21.41,1.08,2.42,,,,,26.8,63.75,1.1,133.5,,0.0,,712.25,
2024-10-10 12:00:00,20.5,65.0,,,,,10.3,0.21,18.44,1.0,2.25,,,,,27.35,62.75,1.1,122.25,,0.0,,710.75,
2024-10-10 13:00:00,22.75,54.25,,,,,9.1,0.28,24.91,0.9,1.98,,,,,28.22,61.75,1.35,107.5,,0.0,,709.25,
2024-10-10 14:00:00,25.5,61.25,,,,,9.3,0.33,21.26,0.9,2.0,,,,,28.42,61.25,1.62,129.5,,0.0,,708.25,
2024-10-10 15:00:00,27.25,76.75,,,,,9.65,0.57,17.57,0.95,2.08,,,,,27.62,62.75,1.45,193.75,,0.0,,708.0,
2024-10-10 16:00:00,29.25,97.5,,,,,9.98,0.55,19.44,0.98,2.12,,,,,27.05,64.75,1.12,148.0,,0.0,,708.0,
2024-10-10 17:00:00,34.5,103.75,,,,,10.07,0.78,18.21,1.0,2.15,,,,,27.42,64.5,0.98,104.0,,0.0,,708.5,
2024-10-10 18:00:00,36.5,92.75,,,,,10.6,1.18,12.32,1.02,2.3,,,,,26.08,66.5,1.27,140.5,,0.0,,709.25,
2024-10-10 19:00:00,29.0,99.25,,,,,10.65,1.51,12.57,1.05,2.3,,,,,25.17,68.5,1.1,136.25,,0.0,,710.25,
2024-10-10 20:00:00,29.0,106.5,,,,,10.35,1.45,10.96,1.0,2.22,,,,,24.42,70.0,1.23,163.0,,0.0,,711.5,
2024-10-10 21:00:00,28.0,105.0,,,,,10.48,0.53,10.69,1.02,2.25,,,,,23.92,70.25,1.7,177.0,,0.0,,712.0,
2024-10-10 22:00:00,19.25,60.0,,,,,10.38,0.45,10.67,1.0,2.22,,,,,22.78,71.5,1.08,209.75,,0.0,,712.25,
2024-10-10 23:00:00,2.75,31.75,,,,,10.45,0.34,10.56,1.0,2.25,,,,,21.78,73.0,1.02,182.5,,0.0,,712.0,
2024-10-11 00:00:00,6.5,25.25,,,,,9.5,0.24,10.97,0.9,2.05,,,,,21.58,73.0,0.4,194.75,,0.0,,711.75,
2024-10-11 01:00:00,10.25,16.25,,,,,9.62,0.6,10.46,0.92,2.08,,,,,21.15,73.0,0.45,203.25,,0.0,,711.0,
2024-10-11 02:00:00,8.25,13.0,,,,,9.32,0.5,11.31,0.9,2.02,,,,,20.92,73.0,0.35,104.0,,0.0,,710.25,
2024-10-11 03:00:00,8.5,11.0,,,,,9.68,0.52,10.19,0.98,2.08,,,,,20.75,73.25,0.38,89.25,,0.0,,710.0,
2024-10-11 04:00:00,7.25,14.0,,,,,10.07,0.51,10.68,0.98,2.15,,,,,20.85,74.0,0.38,59.5,,0.0,,710.0,
2024-10-11 05:00:00,9.0,14.25,,,,,10.1,0.39,11.66,1.0,2.15,,,,,20.65,73.75,0.62,100.0,,0.0,,710.0,
2024-10-11 06:00:00,13.75,19.0,,,,,10.07,0.5,10.67,0.98,2.18,,,,,20.55,73.0,0.62,90.25,,0.0,,711.0,
2024-10-11 07:00:00,21.75,33.5,,,,,9.1,0.5,11.8,0.9,1.98,,,,,20.85,73.25,0.88,85.25,,0.0,,712.0,
2024-10-11 08:00:00,33.75,44.25,,,,,9.2,0.46,12.25,0.9,1.98,,,,,21.52,73.5,1.1,103.0,,0.0,,713.0,
2024-10-11 09:00:00,44.0,56.5,,,,,10.25,0.51,13.3,1.0,2.2,,,,,22.48,71.5,1.18,106.5,,0.0,,713.0,
2024-10-11 10:00:00,40.5,60.75,,,,,10.72,0.55,15.69,1.05,2.35,,,,,23.75,69.25,1.32,116.5,,0.0,,713.0,
2024-10-11 11:00:00,36.75,54.0,,,,,10.7,0.52,20.16,1.05,2.3,,,,,25.4,66.25,1.38,97.0,,0.0,,711.75,
2024-10-11 12:00:00,29.75,60.75,,,,,11.02,0.43,20.36,1.05,2.4,,,,,26.6,63.5,1.58,126.0,,0.0,,710.75,
2024-10-11 13:00:00,27.5,54.5,,,,,10.0,0.48,22.94,0.98,2.15,,,,,27.55,62.0,1.2,115.75,,0.0,,709.75,
2024-10-11 14:00:00,25.75,57.25,,,,,9.12,0.58,23.23,0.9,1.95,,,,,27.48,62.5,1.2,104.25,,0.0,,709.0,
2024-10-11 15:00:00,34.5,62.5,,,,,8.48,0.66,21.35,0.82,1.82,,,,,26.98,64.25,1.18,113.0,,0.0,,708.0,
2024-10-11 16:00:00,34.75,67.5,,,,,9.72,0.58,21.67,0.92,2.1,,,,,27.58,64.75,1.15,114.5,,0.0,,708.0,
2024-10-11 17:00:00,31.5,69.0,,,,,10.28,0.68,18.46,1.0,2.25,,,,,27.3,64.75,0.98,92.0,,0.0,,709.0,
2024-10-11 18:00:00,32.0,67.5,,,,,10.48,0.8,13.77,1.0,2.25,,,,,25.58,67.75,1.05,97.75,,0.0,,709.75,
2024-10-11 19:00:00,26.25,58.75,,,,,9.93,0.68,13.07,0.98,2.12,,,,,24.62,70.25,1.1,95.75,,0.0,,711.25,
2024-10-11 20:00:00,15.75,44.25,,,,,10.2,0.53,11.43,1.0,2.18,,,,,23.58,71.5,0.82,105.75,,0.0,,712.0,
2024-10-11 21:00:00,10.25,38.5,,,,,9.95,0.65,12.05,0.98,2.15,,,,,22.82,73.0,0.78,102.5,,0.0,,712.75,
2024-10-11 22:00:00,13.5,33.5,,,,,10.1,0.52,10.13,0.98,2.18,,,,,22.55,73.25,0.95,98.25,,0.0,,712.5,
2024-10-11 23:00:00,11.0,20.5,,,,,10.18,0.48,9.93,1.0,2.17,,,,,22.25,74.25,0.85,94.75,,0.0,,712.0,
2024-10-12 00:00:00,7.75,12.75,,,,,9.25,0.38,9.16,0.9,2.0,,,,,21.72,75.0,0.72,101.5,,0.0,,712.0,
2024-10-12 01:00:00,6.75,11.75,,,,,7.48,0.3,14.64,0.72,1.6,,,,,21.4,74.5,1.0,107.75,,0.0,,711.0,
2024-10-12 02:00:00,6.0,11.0,,,,,7.88,0.31,13.03,0.78,1.7,,,,,21.0,72.75,1.0,110.5,,0.0,,711.0,
2024-10-12 03:00:00,5.0,8.0,,,,,8.18,0.29,14.42,0.8,1.75,,,,,20.65,71.75,0.92,100.25,,0.0,,711.0,
2024-10-12 04:00:00,5.25,9.0,,,,,8.82,0.25,13.06,0.88,1.92,,,,,20.5,71.0,0.7,92.25,,0.0,,711.0,
2024-10-12 05:00:00,6.75,15.0,,,,,9.05,0.36,11.21,0.9,1.95,,,,,20.45,71.25,0.65,91.0,,0.0,,712.0,
2024-10-12 06:00:00,10.75,26.75,,,,,8.72,0.42,11.45,0.85,1.88,,,,,20.35,72.0,0.48,93.5,,0.0,,712.75,
2024-10-12 07:00:00,17.5,35.5,,,,,8.2,0.44,10.66,0.8,1.78,,,,,20.65,72.0,0.78,101.0,,0.0,,713.25,
2024-10-12 08:00:00,23.25,36.5,,,,,7.65,0.37,12.71,0.75,1.62,,,,,21.4,71.25,1.05,118.25,,0.0,,714.25,
2024-10-12 09:00:00,26.5,34.75,,,,,8.05,0.41,13.81,0.8,1.72,,,,,22.58,68.75,1.0,120.25,,0.0,,714.75,
2024-10-12 10:00:00,23.5,33.25,,,,,8.48,0.46,14.92,0.85,1.82,,,,,23.8,67.25,1.05,115.5,,0.0,,714.0,
2024-10-12 11:00:00,18.5,31.25,,,,,9.32,0.42,15.07,0.9,2.0,,,,,25.2,65.0,1.2,111.5,,0.0,,713.25,
2024-10-12 12:00:00,16.0,31.25,,,,,9.78,0.49,15.6,0.98,2.1,,,,,25.98,64.75,1.1,120.25,,0.0,,711.75,
2024-10-12 13:00:00,12.75,27.0,,,,,8.48,0.48,14.44,0.85,1.82,,,,,26.48,64.25,1.12,91.0,,0.0,,711.0,
2024-10-12 14:00:00,11.0,19.25,,,,,8.52,0.48,13.4,0.82,1.85,,,,,26.58,65.5,1.18,97.0,,0.0,,710.0,
2024-10-12 15:00:00,7.5,14.5,,,,,9.1,0.52,12.49,0.88,1.95,,,,,26.33,67.75,0.38,85.75,,0.0,,710.0,
2024-10-12 16:00:00,6.5,16.5,,,,,8.55,0.55,14.06,0.82,1.85,,,,,24.45,69.5,0.85,89.5,,0.0,,710.0,
2024-10-12 17:00:00,7.5,21.25,,,,,8.05,0.57,11.78,0.78,1.72,,,,,25.58,68.25,0.52,100.75,,0.0,,710.25,
2024-10-12 18:00:00,6.0,28.75,,,,,8.48,0.97,8.56,0.8,1.82,,,,,24.32,70.0,0.55,89.5,,0.0,,711.5,
2024-10-12 19:00:00,7.5,22.0,,,,,8.57,0.89,9.87,0.82,1.85,,,,,22.55,73.75,0.8,101.0,,0.0,,712.5,
2024-10-12 20:00:00,12.25,20.75,,,,,9.15,0.54,10.48,0.9,1.98,,,,,22.38,75.75,0.85,111.25,,0.0,,713.5,
2024-10-12 21:00:00,11.75,18.5,,,,,8.98,0.59,10.58,0.9,1.92,,,,,22.18,75.0,0.92,78.75,,0.0,,714.5,
2024-10-12 22:00:00,7.5,23.0,,,,,8.2,0.49,9.95,0.8,1.78,,,,,21.78,75.0,1.08,77.25,,0.0,,714.0,
2024-10-12 23:00:00,6.75,22.25,,,,,9.05,0.45,10.48,0.88,1.95,,,,,21.68,74.75,1.02,92.0,,0.0,,713.5,
2024-10-13 00:00:00,8.5,21.0,,,,,8.05,0.36,11.8,0.8,1.75,,,,,21.58,74.0,0.98,85.25,,0.0,,713.0,
2024-10-13 01:00:00,7.25,22.0,,,,,8.57,0.45,12.21,0.85,1.85,,,,,21.5,74.0,1.0,86.25,,0.0,,712.5,
2024-10-13 02:00:00,7.5,16.0,,,,,9.05,0.43,12.59,0.85,1.98,,,,,21.48,73.5,0.92,93.75,,0.0,,712.0,
2024-10-13 03:00:00,6.25,15.25,,,,,9.38,0.38,12.34,0.9,2.02,,,,,21.32,72.0,0.88,89.25,,0.0,,712.0,
2024-10-13 04:00:00,7.5,13.25,,,,,8.65,0.39,11.28,0.82,1.9,,,,,21.05,72.25,0.98,83.0,,0.0,,712.0,
2024-10-13 05:00:00,8.25,13.5,,,,,8.93,0.39,12.16,0.9,1.9,,,,,20.85,72.75,0.98,101.5,,0.0,,712.0,
2024-10-13 06:00:00,5.0,12.25,,,,,8.93,0.39,11.76,0.88,1.92,,,,,20.65,71.75,0.85,96.75,,0.0,,713.0,
2024-10-13 07:00:00,4.5,15.75,,,,,8.7,0.46,10.6,0.85,1.88,,,,,20.62,71.25,1.1,89.0,,0.0,,713.75,
2024-10-13 08:00:00,12.25,24.0,,,,,8.45,0.49,11.78,0.82,1.82,,,,,21.18,71.5,1.15,90.25,,0.0,,714.25,
2024-10-13 09:00:00,11.75,24.5,,,,,9.07,0.38,10.79,0.9,1.95,,,,,22.02,69.75,1.2,96.25,,0.0,,715.0,
2024-10-13 10:00:00,9.0,27.5,,,,,9.15,0.37,11.65,0.9,1.98,,,,,23.32,68.75,1.08,103.25,,0.0,,714.0,
2024-10-13 11:00:00,11.25,31.25,,,,,9.57,0.27,13.07,0.95,2.05,,,,,24.25,68.25,1.02,103.0,,0.0,,713.5,
2024-10-13 12:00:00,9.5,29.0,,,,,10.48,0.31,13.59,1.05,2.25,,,,,24.33,68.75,1.1,108.0,,0.0,,712.5,
2024-10-13 13:00:00,10.0,26.5,,,,,10.22,0.44,16.79,1.0,2.2,,,,,25.75,67.0,1.35,117.5,,0.0,,711.25,
2024-10-13 14:00:00,7.0,20.5,,,,,10.0,0.45,15.9,0.98,2.15,,,,,28.08,63.75,1.32,115.25,,0.0,,710.0,
2024-10-13 15:00:00,7.0,24.5,,,,,8.62,0.42,15.73,0.82,1.9,,,,,27.65,64.0,1.3,107.25,,0.0,,710.0,
2024-10-13 16:00:00,6.75,21.0,,,,,8.65,0.56,13.88,0.82,1.88,,,,,25.38,67.5,1.02,110.25,,0.0,,710.0,
2024-10-13 17:00:00,6.25,18.75,,,,,9.38,0.61,12.44,0.92,2.02,,,,,24.28,69.5,0.68,101.0,,0.0,,710.75,
2024-10-13 18:00:00,7.0,31.75,,,,,9.12,0.74,11.09,0.9,1.98,,,,,23.82,71.25,0.8,96.0,,0.0,,711.25,
2024-10-13 19:00:00,7.5,35.0,,,,,8.5,0.6,11.6,0.82,1.82,,,,,23.45,72.25,0.9,109.5,,0.0,,712.5,
2024-10-13 20:00:00,8.5,27.75,,,,,8.88,0.6,11.13,0.88,1.9,,,,,22.78,73.0,0.68,102.75,,0.0,,713.5,
2024-10-13 21:00:00,6.5,24.5,,,,,9.72,0.69,11.82,0.92,2.1,,,,,22.0,72.75,0.6,79.0,,0.0,,714.0,
2024-10-13 22:00:00,5.5,25.75,,,,,10.15,0.6,11.81,1.0,2.17,,,,,21.68,72.0,0.55,89.5,,0.0,,714.0,
2024-10-13 23:00:00,6.5,24.75,,,,,10.12,0.56,11.02,0.98,2.2,,,,,21.6,72.0,0.77,119.75,,0.0,,714.0,
2024-10-14 00:00:00,5.0,24.5,,,,,9.25,0.46,11.8,0.9,2.0,,,,,21.62,72.0,0.82,151.0,,0.0,,713.0,
2024-10-14 01:00:00,6.0,25.5,,,,,9.55,0.36,10.21,0.95,2.08,,,,,21.65,72.25,0.57,161.5,,0.0,,712.5,
2024-10-14 02:00:00,9.0,23.75,,,,,11.05,0.32,12.7,1.08,2.38,,,,,21.48,72.75,0.38,134.25,,0.0,,712.0,
2024-10-14 03:00:00,8.0,18.75,,,,,10.18,0.27,12.75,0.98,2.2,,,,,21.17,71.75,1.12,163.25,,0.0,,712.0,
2024-10-14 04:00:00,5.0,6.5,,,,,10.02,0.41,10.05,0.98,2.17,,,,,20.4,71.25,0.42,180.0,,0.0,,712.0,
2024-10-14 05:00:00,5.0,9.5,,,,,10.55,0.43,10.05,1.02,2.28,,,,,20.1,72.25,0.5,74.75,,0.0,,712.0,
2024-10-14 06:00:00,5.0,14.5,,,,,10.35,0.61,10.02,1.02,2.25,,,,,20.12,73.0,0.38,68.5,,0.0,,713.5,
2024-10-14 07:00:00,6.75,16.25,,,,,10.22,0.76,9.34,1.0,2.2,,,,,20.25,73.25,0.5,66.25,,0.0,,714.75,
2024-10-14 08:00:00,12.0,17.0,,,,,10.38,0.96,9.48,1.02,2.25,,,,,20.45,74.25,0.48,146.5,,0.0,,715.0,
2024-10-14 09:00:00,,,,,,,10.75,1.2,9.53,1.05,2.3,,,,,20.75,75.25,1.02,257.5,,0.0,,715.0,
2024-10-14 10:00:00,29.0,32.0,,,,,10.85,1.17,9.74,1.05,2.35,,,,,21.28,75.75,1.0,251.0,,0.0,,715.0,
2024-10-14 11:00:00,24.0,28.25,,,,,10.95,0.86,11.09,1.08,2.38,,,,,21.75,73.75,1.3,213.0,,0.0,,713.75,
2024-10-14 12:00:00,8.25,23.0,,,,,10.85,0.53,12.25,1.05,2.33,,,,,22.85,69.25,1.38,204.5,,0.0,,712.5,
2024-10-14 13:00:00,6.0,42.25,,,,,11.0,0.64,12.78,1.08,2.4,,,,,24.05,66.5,1.4,153.0,,0.0,,711.5,
2024-10-14 14:00:00,6.25,47.25,,,,,11.18,0.62,14.28,1.08,2.4,,,,,24.5,64.75,1.78,115.75,,0.0,,710.75,
2024-10-14 15:00:00,6.5,51.75,,,,,11.38,0.56,13.38,1.1,2.45,,,,,24.32,64.0,1.3,154.0,,0.0,,710.0,
2024-10-14 16:00:00,4.0,56.75,,,,,10.8,0.64,13.48,1.05,2.33,,,,,23.6,64.25,1.18,137.75,,0.0,,710.0,
2024-10-14 17:00:00,1.0,63.0,,,,,10.15,0.71,13.26,1.0,2.17,,,,,22.78,64.5,1.2,131.75,,0.0,,710.5,
2024-10-14 18:00:00,3.0,59.0,,,,,10.58,1.06,12.4,1.02,2.28,,,,,21.95,63.25,1.15,110.25,,0.0,,711.25,
2024-10-14 19:00:00,8.5,72.0,,,,,11.32,1.43,10.46,1.1,2.45,,,,,21.38,64.5,0.52,118.25,,0.0,,711.75,
2024-10-14 20:00:00,7.5,97.0,,,,,10.52,1.58,9.26,1.05,2.28,,,,,20.9,66.25,0.28,122.75,,0.0,,713.25,
2024-10-14 21:00:00,9.75,96.75,,,,,10.68,0.9,8.36,1.0,2.28,,,,,20.6,67.5,0.35,152.25,,0.0,,714.0,
2024-10-14 22:00:00,12.0,55.25,,,,,10.12,0.34,10.52,1.0,2.17,,,,,20.58,69.0,0.22,142.75,,0.0,,714.0,
2024-10-14 23:00:00,12.0,35.75,,,,,10.52,0.24,9.85,1.05,2.28,,,,,20.4,69.5,0.5,242.0,,0.0,,713.75,
2024-10-15 00:00:00,11.0,18.75,,,,,9.35,0.22,10.04,0.9,2.0,,,,,20.08,71.25,0.38,196.25,,0.0,,713.0,
2024-10-15 01:00:00,8.75,16.0,,,,,8.68,0.51,9.12,0.85,1.88,,,,,19.98,72.0,0.88,260.25,,0.0,,712.0,
2024-10-15 02:00:00,10.25,17.75,,,,,8.93,0.37,10.64,0.85,1.95,,,,,19.85,72.0,1.0,273.25,,0.0,,711.25,
2024-10-15 03:00:00,8.75,14.25,,,,,9.2,0.42,9.55,0.9,2.0,,,,,19.73,72.25,0.8,274.25,,0.0,,711.0,
2024-10-15 04:00:00,10.0,14.75,,,,,8.93,0.42,9.1,0.85,1.92,,,,,19.82,73.0,0.8,269.25,,0.0,,711.0,
2024-10-15 05:00:00,10.0,16.5,,,,,9.48,0.64,10.06,0.92,2.05,,,,,19.92,72.75,0.6,264.5,,0.0,,711.0,
2024-10-15 06:00:00,19.0,25.0,,,,,10.15,0.78,9.97,1.0,2.17,,,,,20.0,72.25,0.5,233.25,,0.0,,712.0,
2024-10-15 07:00:00,19.0,29.25,,,,,9.72,0.89,10.02,0.98,2.1,,,,,20.0,73.0,0.38,196.75,,0.0,,712.75,
2024-10-15 08:00:00,18.75,30.75,,,,,9.7,1.32,8.66,0.95,2.08,,,,,20.0,73.25,0.45,240.5,,0.0,,714.0,
2024-10-15 09:00:00,16.25,23.25,,,,,8.8,0.93,9.47,0.85,1.92,,,,,20.0,74.0,0.48,207.5,,0.0,,714.25,
2024-10-15 10:00:00,11.0,19.5,,,,,9.62,0.55,8.98,0.95,2.05,,,,,19.98,73.75,0.65,215.25,,0.0,,714.25,
2024-10-15 11:00:00,10.25,14.75,,,,,9.12,0.29,8.71,0.88,1.98,,,,,19.92,73.25,0.55,209.25,,0.0,,713.25,
2024-10-15 12:00:00,7.5,14.25,,,,,8.12,0.15,10.18,0.8,1.75,,,,,20.08,74.0,1.0,226.25,,0.0,,712.25,
2024-10-15 13:00:00,6.75,16.75,,,,,8.3,1.04,9.48,0.8,1.8,,,,,20.32,73.5,1.05,234.25,,0.0,,711.0,
2024-10-15 14:00:00,9.5,20.75,,,,,9.1,0.97,10.07,0.88,1.98,,,,,20.32,72.0,0.7,249.5,,0.0,,710.75,
2024-10-15 15:00:00,15.5,20.5,,,,,9.88,0.9,10.05,0.95,2.12,,,,,20.0,72.0,0.75,250.75,,0.0,,710.25,
2024-10-15 16:00:00,25.75,29.75,,,,,9.98,1.08,9.64,0.98,2.15,,,,,19.7,72.25,0.2,189.75,,0.0,,711.0,
2024-10-15 17:00:00,14.25,26.5,,,,,9.52,1.19,8.95,0.92,2.05,,,,,19.73,73.0,0.25,190.5,,0.0,,711.75,
2024-10-15 18:00:00,9.75,28.5,,,,,10.32,1.55,9.14,1.0,2.2,,,,,19.8,72.75,0.3,178.25,,0.0,,712.0,
2024-10-15 19:00:00,14.5,29.5,,,,,10.82,2.24,9.89,1.08,2.33,,,,,19.85,72.25,0.2,200.25,,0.0,,712.75,
2024-10-15 20:00:00,23.25,31.0,,,,,10.95,2.64,9.92,1.08,2.35,,,,,20.02,72.75,0.22,199.75,,0.0,,713.5,
2024-10-15 21:00:00,26.0,37.5,,,,,10.55,1.37,9.42,1.02,2.28,,,,,20.08,72.25,0.2,85.0,,0.0,,715.0,
2024-10-15 22:00:00,21.25,29.5,,,,,10.72,1.2,9.41,1.05,2.33,,,,,19.98,73.0,0.2,190.75,,0.0,,715.0,
2024-10-15 23:00:00,17.0,29.0,,,,,9.7,0.94,9.04,0.95,2.1,,,,,19.82,72.75,0.22,250.25,,0.0,,714.0,
2024-10-16 00:00:00,22.5,34.25,,,,,10.0,1.01,10.2,0.95,2.2,,,,,19.62,72.0,0.22,219.25,,0.0,,712.5,
2024-10-16 01:00:00,27.0,36.25,,,,,8.38,0.71,10.42,0.82,1.8,,,,,19.62,72.0,0.48,254.75,,0.0,,711.0,
2024-10-16 02:00:00,15.75,22.75,,,,,7.65,0.18,10.19,0.75,1.68,,,,,19.35,72.0,0.42,272.5,,0.0,,711.0,
2024-10-16 03:00:00,8.75,22.25,,,,,7.05,,10.36,0.68,1.55,,,,,19.18,71.75,0.25,175.25,,0.0,,711.0,
2024-10-16 04:00:00,8.25,13.25,,,,,7.38,,9.62,0.72,1.58,,,,,19.1,71.25,0.2,123.0,,0.0,,711.0,
2024-10-16 05:00:00,10.0,12.0,,,,,7.75,0.76,9.72,0.75,1.7,,,,,19.1,71.75,0.25,246.75,,0.0,,711.25,
2024-10-16 06:00:00,13.0,15.75,,,,,8.2,0.7,9.56,0.8,1.78,,,,,19.1,71.25,0.22,122.75,,0.0,,712.0,
2024-10-16 07:00:00,12.0,17.5,,,,,7.58,0.8,8.96,0.75,1.62,,,,,19.18,72.25,0.25,132.5,,0.0,,713.0,
2024-10-16 08:00:00,8.5,15.0,,,,,7.12,0.92,9.86,0.72,1.55,,,,,19.45,73.0,0.55,198.0,,0.0,,714.0,
2024-10-16 09:00:00,6.5,12.0,,,,,7.48,1.13,9.02,0.72,1.62,,,,,19.65,73.0,0.45,233.75,,0.0,,715.0,
2024-10-16 10:00:00,8.0,15.0,,,,,8.22,1.2,9.18,0.8,1.8,,,,,19.82,73.0,0.45,213.5,,0.0,,714.25,
2024-10-16 11:00:00,19.5,26.0,,,,,8.28,1.41,9.29,0.8,1.8,,,,,19.97,72.75,0.4,255.5,,0.0,,713.5,
2024-10-16 12:00:00,24.75,30.75,,,,,7.85,1.11,10.24,0.78,1.7,,,,,20.27,72.0,0.73,251.25,,0.0,,711.75,
2024-10-16 13:00:00,18.0,28.0,,,,,7.15,1.04,10.21,0.72,1.58,,,,,20.68,71.75,0.57,240.5,,0.0,,710.5,
2024-10-16 14:00:00,18.0,31.25,,,,,7.25,0.74,9.27,0.7,1.52,,,,,21.28,71.0,0.7,209.0,,0.0,,709.75,
2024-10-16 15:00:00,16.25,30.0,,,,,6.8,0.79,10.24,0.68,1.48,,,,,21.4,71.25,0.28,226.25,,0.0,,709.75,
2024-10-16 16:00:00,11.5,25.25,,,,,7.3,1.06,9.2,0.7,1.58,,,,,21.15,72.25,0.42,215.25,,0.0,,709.0,
2024-10-16 17:00:00,16.0,34.25,,,,,7.48,1.92,9.76,0.72,1.62,,,,,21.32,73.0,0.68,264.0,,0.0,,710.0,
2024-10-16 18:00:00,25.0,49.0,,,,,8.6,2.6,9.74,0.82,1.9,,,,,21.3,73.0,0.6,266.5,,0.0,,710.25,
2024-10-16 19:00:00,28.25,48.75,,,,,9.88,3.72,9.87,0.95,2.15,,,,,21.0,73.25,0.32,240.5,,0.0,,711.25,
2024-10-16 20:00:00,37.5,60.25,,,,,9.45,3.15,8.55,0.92,2.0,,,,,20.98,74.0,0.25,203.25,,0.0,,712.0,
2024-10-16 21:00:00,36.0,70.5,,,,,9.45,1.76,9.59,0.92,2.05,,,,,20.82,73.75,0.4,213.5,,0.0,,712.0,
2024-10-16 22:00:00,35.75,72.0,,,,,9.18,1.59,8.9,0.88,2.0,,,,,20.58,73.0,0.22,196.5,,0.0,,712.0,
2024-10-16 23:00:00,31.25,68.75,,,,,8.98,0.92,10.06,0.88,1.95,,,,,20.5,73.25,0.3,251.25,,0.0,,712.0,
2024-10-17 00:00:00,19.25,54.75,,,,,9.5,0.08,9.96,0.95,2.05,,,,,20.48,74.0,0.25,233.75,,0.0,,711.5,
2024-10-17 01:00:00,16.25,38.75,,,,,8.82,0.5,8.8,0.88,1.9,,,,,20.35,74.0,0.4,247.25,,0.0,,710.5,
2024-10-17 02:00:00,13.25,27.0,,,,,9.0,0.4,9.77,0.9,1.95,,,,,20.15,73.75,0.57,272.0,,0.0,,710.0,
2024-10-17 03:00:00,10.25,23.75,,,,,8.93,0.41,9.36,0.88,1.95,,,,,20.0,73.0,0.5,248.75,,0.0,,709.0,
2024-10-17 04:00:00,9.0,33.75,,,,,9.18,0.5,8.5,0.9,1.98,,,,,20.0,73.0,0.42,227.75,,0.0,,709.75,
2024-10-17 05:00:00,13.25,40.5,,,,,9.5,0.6,9.02,0.9,2.05,,,,,20.0,73.0,0.43,224.25,,0.0,,710.25,
2024-10-17 06:00:00,18.25,47.75,,,,,9.35,0.87,10.1,0.9,2.02,,,,,20.08,73.25,0.5,228.5,,0.0,,711.0,
2024-10-17 07:00:00,21.25,57.25,,,,,9.22,0.94,9.19,0.9,2.0,,,,,20.45,74.25,0.85,239.25,,0.0,,712.0,
2024-10-17 08:00:00,18.5,58.75,,,,,8.73,1.02,7.25,0.85,1.88,,,,,21.1,74.25,0.9,221.75,,0.0,,712.25,
2024-10-17 09:00:00,14.75,54.25,,,,,8.68,1.13,8.34,0.82,1.88,,,,,21.9,71.5,1.0,224.0,,0.0,,713.0,
2024-10-17 10:00:00,10.25,68.0,,,,,9.65,1.41,9.25,0.95,2.1,,,,,22.5,70.25,0.95,230.25,,0.0,,713.0,
2024-10-17 11:00:00,16.75,84.75,,,,,8.82,0.71,9.38,0.85,1.9,,,,,22.72,70.75,1.05,211.25,,0.0,,712.25,
2024-10-17 12:00:00,15.0,79.0,,,,,9.43,0.7,7.48,0.95,2.02,,,,,23.8,69.5,1.0,205.5,,0.0,,711.25,
2024-10-17 13:00:00,11.75,92.5,,,,,8.7,0.56,9.02,0.85,1.88,,,,,25.4,67.25,1.45,198.75,,0.0,,710.25,
2024-10-17 14:00:00,10.5,73.75,,,,,9.4,0.52,8.52,0.92,2.05,,,,,26.88,64.5,1.65,208.25,,0.0,,709.5,
2024-10-17 15:00:00,9.0,87.0,,,,,8.75,0.5,7.56,0.85,1.88,,,,,27.68,63.25,1.52,190.5,,0.0,,709.0,
2024-10-17 16:00:00,8.25,86.75,,,,,8.07,0.44,7.28,0.78,1.75,,,,,27.38,64.5,1.85,176.25,,0.0,,709.0,
2024-10-17 17:00:00,5.75,78.5,,,,,8.2,0.63,7.14,0.78,1.75,,,,,26.25,66.75,1.35,180.0,,0.0,,709.5,
2024-10-17 18:00:00,5.75,109.5,,,,,9.45,1.28,9.31,0.92,2.02,,,,,24.5,69.5,1.12,188.75,,0.0,,710.25,
2024-10-17 19:00:00,8.0,104.25,,,,,9.88,1.66,7.96,0.98,2.12,,,,,23.1,71.25,0.9,203.75,,0.0,,711.25,
2024-10-17 20:00:00,8.75,102.0,,,,,9.4,1.66,9.09,0.92,2.05,,,,,22.45,72.0,0.8,196.75,,0.0,,712.0,
2024-10-17 21:00:00,10.0,123.5,,,,,8.85,0.67,9.17,0.88,1.92,,,,,22.22,71.75,1.0,194.25,,0.0,,712.75,
2024-10-17 22:00:00,7.5,104.5,,,,,9.0,0.52,9.63,0.9,1.95,,,,,21.92,71.0,1.12,217.0,,0.0,,713.0,
2024-10-17 23:00:00,9.5,97.0,,,,,8.75,0.24,9.05,0.85,1.9,,,,,21.62,70.75,1.2,201.75,,0.0,,712.25,
2024-10-18 00:00:00,10.0,90.0,,,,,10.3,0.12,8.46,1.0,2.2,,,,,21.28,70.25,1.0,205.75,,0.0,,711.75,
2024-10-18 01:00:00,7.5,67.75,,,,,9.52,0.37,8.05,0.9,2.08,,,,,20.85,71.25,0.98,199.75,,0.0,,711.0,
2024-10-18 02:00:00,8.25,64.25,,,,,8.93,0.33,8.23,0.9,1.92,,,,,20.62,72.0,1.12,202.5,,0.0,,710.25,
2024-10-18 03:00:00,5.75,62.75,,,,,9.0,0.32,9.1,0.88,1.92,,,,,20.32,71.75,0.98,204.75,,0.0,,710.25,
2024-10-18 04:00:00,5.5,56.75,,,,,9.85,0.29,8.24,0.95,2.12,,,,,20.05,71.0,0.88,223.25,,0.0,,711.0,
2024-10-18 05:00:00,7.0,65.25,,,,,9.75,0.48,9.52,0.98,2.12,,,,,19.88,71.0,1.18,233.75,,0.0,,711.0,
2024-10-18 06:00:00,10.0,92.75,,,,,10.18,0.23,8.94,1.0,2.2,,,,,19.77,71.0,0.82,222.25,,0.0,,711.75,
2024-10-18 07:00:00,20.0,128.75,,,,,10.55,0.19,10.82,1.02,2.28,,,,,19.98,71.0,0.98,237.25,,0.0,,712.75,
2024-10-18 08:00:00,22.25,152.0,,,,,10.15,0.42,8.68,0.98,2.2,,,,,21.28,70.0,1.38,230.75,,0.0,,714.0,
2024-10-18 09:00:00,19.5,135.5,,,,,9.5,1.27,8.09,0.92,2.05,,,,,23.18,66.25,1.5,232.5,,0.0,,714.5,
2024-10-18 10:00:00,15.5,136.75,,,,,10.6,0.95,7.97,1.02,2.28,,,,,24.88,63.75,1.65,220.25,,0.0,,714.0,
2024-10-18 11:00:00,8.25,123.75,,,,,9.57,0.62,7.28,0.92,2.1,,,,,25.85,63.0,1.55,203.0,,0.0,,713.25,
2024-10-18 12:00:00,10.0,112.5,,,,,8.7,0.54,7.31,0.85,1.88,,,,,26.6,62.75,1.42,224.25,,0.0,,712.0,
2024-10-18 13:00:00,13.75,114.0,,,,,9.85,0.68,8.43,0.95,2.12,,,,,27.58,61.75,1.3,224.0,,0.0,,711.0,
2024-10-18 14:00:00,16.0,132.0,,,,,9.82,0.76,8.76,0.95,2.12,,,,,27.55,61.5,1.02,217.5,,0.0,,710.0,
2024-10-18 15:00:00,16.75,124.75,,,,,9.07,0.8,7.5,0.88,1.98,,,,,26.85,63.25,0.9,203.25,,0.0,,710.0,
2024-10-18 16:00:00,18.5,115.0,,,,,9.1,1.0,7.63,0.9,1.95,,,,,26.88,64.25,1.0,209.0,,0.0,,710.0,
2024-10-18 17:00:00,18.25,146.25,,,,,9.5,1.15,7.72,0.92,2.05,,,,,26.22,65.75,0.88,185.75,,0.0,,710.75,
2024-10-18 18:00:00,20.75,139.0,,,,,10.02,1.9,8.87,0.98,2.17,,,,,25.25,68.25,0.78,179.25,,0.0,,711.5,
2024-10-18 19:00:00,19.0,162.25,,,,,9.65,2.41,8.84,0.95,2.1,,,,,24.78,69.25,0.43,178.25,,0.0,,712.25,
2024-10-18 20:00:00,24.5,174.75,,,,,11.3,2.63,8.12,1.1,2.43,,,,,24.62,70.0,0.35,174.0,,0.0,,713.25,
2024-10-18 21:00:00,25.75,196.25,,,,,11.88,1.21,6.14,1.15,2.55,,,,,24.25,70.5,0.35,86.25,,0.0,,714.0,
2024-10-18 22:00:00,33.25,198.75,,,,,10.95,0.81,6.51,1.05,2.38,,,,,23.62,72.25,0.38,126.0,,0.0,,714.0,
2024-10-18 23:00:00,29.0,153.75,,,,,10.32,,7.55,1.0,2.22,,,,,23.05,73.25,0.35,97.0,,0.0,,713.5,
2024-10-19 00:00:00,23.0,102.5,,,,,9.4,,8.52,0.9,2.05,,,,,22.88,74.0,0.57,117.25,,0.0,,712.75,
2024-10-19 01:00:00,19.5,68.25,,,,,9.07,0.34,7.22,0.88,1.95,,,,,22.55,74.0,0.75,176.25,,0.0,,712.0,
2024-10-19 02:00:00,8.25,33.75,,,,,8.07,0.3,7.61,0.78,1.75,,,,,21.55,73.75,0.95,182.75,,0.0,,712.0,
2024-10-19 03:00:00,6.0,10.0,,,,,8.3,0.29,6.98,0.78,1.8,,,,,20.78,73.25,0.8,184.5,,0.0,,712.0,
2024-10-19 04:00:00,7.25,17.0,,,,,9.2,0.42,9.76,0.88,1.95,,,,,20.75,74.0,0.82,223.75,,0.0,,712.0,
2024-10-19 05:00:00,11.5,33.5,,,,,8.5,0.5,8.01,0.85,1.85,,,,,20.92,74.0,0.85,258.75,,0.0,,712.75,
2024-10-19 06:00:00,14.75,49.25,,,,,8.38,0.57,7.46,0.8,1.8,,,,,21.05,74.25,0.7,189.5,,0.0,,713.75,
2024-10-19 07:00:00,20.5,54.0,,,,,8.6,0.54,7.34,0.82,1.88,,,,,21.18,75.0,0.88,171.5,,0.0,,715.0,
2024-10-19 08:00:00,23.75,60.75,,,,,8.82,0.98,8.48,0.85,1.92,,,,,21.28,75.0,0.8,206.0,,0.0,,715.25,
2024-10-19 09:00:00,33.25,105.5,,,,,9.52,1.2,7.02,0.92,2.05,,,,,21.92,74.5,0.9,220.5,,0.0,,716.0,
2024-10-19 10:00:00,40.25,107.5,,,,,9.48,0.59,13.44,0.92,2.05,,,,,22.4,73.0,1.4,170.0,,0.0,,715.75,
2024-10-19 11:00:00,23.5,54.5,,,,,8.98,0.45,15.34,0.9,1.95,,,,,22.6,73.0,1.23,175.75,,0.0,,715.0,
2024-10-19 12:00:00,24.25,46.75,,,,,9.1,0.6,13.82,0.88,1.92,,,,,22.0,73.75,0.32,156.0,,0.0,,714.25,
2024-10-19 13:00:00,21.5,29.5,,,,,9.5,0.71,16.93,0.92,2.05,,,,,21.62,75.25,0.6,204.0,,0.0,,712.75,
2024-10-19 14:00:00,20.75,39.75,,,,,9.85,1.17,21.66,0.95,2.15,,,,,23.55,72.25,0.88,238.25,,0.0,,711.5,
2024-10-19 15:00:00,21.5,59.0,,,,,10.48,0.85,26.8,1.0,2.25,,,,,24.88,69.5,1.02,213.5,,0.0,,711.0,
2024-10-19 16:00:00,19.0,73.75,,,,,9.55,1.02,20.34,0.92,2.08,,,,,25.75,67.75,1.02,229.5,,0.0,,711.25,
2024-10-19 17:00:00,23.25,94.0,,,,,9.62,1.32,15.24,0.95,2.1,,,,,25.38,67.75,1.2,257.0,,0.0,,712.0,
2024-10-19 18:00:00,18.5,69.0,,,,,11.15,1.78,10.1,1.1,2.38,,,,,23.48,71.0,0.88,229.0,,0.0,,712.75,
2024-10-19 19:00:00,19.25,44.5,,,,,9.85,1.62,10.28,0.95,2.12,,,,,22.28,74.25,0.6,173.75,,0.0,,713.75,
2024-10-19 20:00:00,16.0,31.5,,,,,9.27,1.38,11.89,0.88,2.02,,,,,21.48,74.75,0.35,76.5,,0.0,,714.25,
2024-10-19 21:00:00,13.25,24.0,,,,,8.85,1.1,11.77,0.85,1.9,,,,,20.98,74.0,0.2,78.5,,0.0,,715.0,
2024-10-19 22:00:00,14.5,24.75,,,,,10.12,1.32,11.11,0.98,2.17,,,,,20.6,74.0,0.2,48.5,,0.0,,715.0,
2024-10-19 23:00:00,18.0,27.0,,,,,10.35,1.3,10.31,1.02,2.22,,,,,20.6,74.0,0.2,97.0,,0.0,,715.0,
2024-10-20 00:00:00,22.5,29.0,,,,,7.55,1.52,12.26,0.75,1.6,,,,,20.6,74.0,0.2,56.25,,0.0,,714.0,
2024-10-20 01:00:00,18.0,35.5,,,,,6.58,1.0,9.64,0.62,1.42,,,,,20.62,74.25,0.2,68.75,,0.0,,713.25,
2024-10-20 02:00:00,17.5,34.0,,,,,5.22,0.84,11.38,0.5,1.12,,,,,20.7,75.25,0.2,52.75,,0.0,,713.0,
2024-10-20 03:00:00,15.25,24.75,,,,,5.1,0.62,10.7,0.5,1.1,,,,,20.7,76.0,0.2,85.25,,0.0,,713.0,
2024-10-20 04:00:00,12.5,21.67,,,,,4.68,0.22,10.81,0.45,1.02,,,,,20.63,76.0,0.68,121.25,,0.0,,713.0,
2024-10-20 05:00:00,9.5,15.5,,,,,5.12,0.36,13.12,0.5,1.1,,,,,20.42,75.75,0.48,101.0,,0.0,,713.75,
2024-10-20 06:00:00,6.5,12.75,,,,,5.35,0.4,11.17,0.5,1.15,,,,,20.25,75.25,0.28,128.25,,0.0,,714.75,
2024-10-20 07:00:00,11.5,17.5,,,,,4.92,0.54,10.61,0.48,1.08,,,,,20.42,76.5,0.28,80.0,,0.0,,716.0,
2024-10-20 08:00:00,12.75,16.5,,,,,4.35,0.61,12.54,0.45,0.95,,,,,20.62,78.0,0.28,80.0,,0.0,,717.0,
2024-10-20 09:00:00,13.5,20.25,,,,,4.5,0.53,15.89,0.45,0.98,,,,,21.38,77.25,0.55,110.5,,0.0,,717.0,
2024-10-20 10:00:00,15.25,25.5,,,,,5.1,0.4,28.2,0.5,1.12,,,,,23.15,73.5,0.8,147.25,,0.0,,716.5,
2024-10-20 11:00:00,9.75,25.5,,,,,4.75,0.67,32.06,0.45,1.02,,,,,25.35,68.5,0.72,162.5,,0.0,,715.25,
2024-10-20 12:00:00,18.0,42.0,,,,,5.6,0.59,42.32,0.52,1.2,,,,,26.52,66.5,1.02,168.25,,0.0,,713.75,
2024-10-20 13:00:00,17.75,47.0,,,,,5.2,0.35,47.88,0.52,1.15,,,,,27.88,64.75,0.78,114.5,,0.0,,712.75,
2024-10-20 14:00:00,16.75,39.25,,,,,5.28,0.51,36.93,0.52,1.15,,,,,28.28,64.0,1.02,111.75,,0.0,,711.5,
2024-10-20 15:00:00,14.0,48.0,,,,,5.6,0.32,34.71,0.55,1.23,,,,,28.72,64.0,0.88,104.0,,0.0,,711.0,
2024-10-20 16:00:00,9.25,35.25,,,,,4.95,0.35,30.24,0.5,1.08,,,,,28.08,65.0,0.85,117.0,,0.0,,711.0,
2024-10-20 17:00:00,17.0,44.75,,,,,4.78,0.96,18.1,0.48,1.02,,,,,26.58,69.0,0.72,136.75,,0.0,,711.25,
2024-10-20 18:00:00,26.0,73.5,,,,,5.12,0.78,14.88,0.48,1.1,,,,,25.52,72.5,0.7,104.5,,0.0,,712.5,
2024-10-20 19:00:00,15.75,51.5,,,,,4.92,0.45,18.42,0.5,1.05,,,,,23.95,73.5,0.9,147.5,,0.0,,713.75,
2024-10-20 20:00:00,13.5,37.75,,,,,5.22,0.74,10.51,0.52,1.12,,,,,22.45,73.0,0.35,87.25,,0.0,,715.0,
2024-10-20 21:00:00,19.0,22.0,,,,,5.82,0.81,10.06,0.57,1.25,,,,,22.02,76.75,0.45,101.5,,0.0,,715.75,
2024-10-20 22:00:00,21.5,31.0,,,,,5.18,0.52,13.83,0.5,1.1,,,,,22.05,78.75,0.78,81.0,,0.0,,716.0,
2024-10-20 23:00:00,21.25,30.25,,,,,4.97,0.28,18.58,0.48,1.05,,,,,21.88,78.0,0.88,101.5,,0.0,,715.25,
2024-10-21 00:00:00,25.0,29.0,,,,,7.85,0.2,20.73,0.75,1.7,,,,,21.78,78.25,0.65,93.75,,0.0,,715.0,
2024-10-21 01:00:00,23.75,30.5,,,,,8.62,0.33,22.85,0.85,1.85,,,,,21.65,78.5,0.5,90.25,,0.0,,713.75,
2024-10-21 02:00:00,21.75,28.25,,,,,9.1,0.33,24.31,0.88,2.0,,,,,21.48,77.0,0.7,88.25,,0.0,,713.0,
2024-10-21 03:00:00,28.0,35.5,,,,,8.35,0.3,24.96,0.82,1.8,,,,,21.38,76.75,0.55,74.5,,0.0,,713.0,
2024-10-21 04:00:00,30.25,35.5,,,,,8.18,0.28,24.14,0.82,1.78,,,,,21.28,76.0,0.65,88.0,,0.0,,713.5,
2024-10-21 05:00:00,24.25,29.0,,,,,9.23,0.44,16.93,0.9,1.98,,,,,21.05,75.75,0.7,159.25,,0.0,,714.25,
2024-10-21 06:00:00,11.75,19.5,,,,,9.1,0.48,15.05,0.9,1.98,,,,,20.48,75.0,0.57,135.0,,0.0,,715.5,
2024-10-21 07:00:00,7.75,9.0,,,,,8.95,0.56,17.55,0.85,1.9,,,,,20.1,75.25,0.32,105.25,,0.0,,716.25,
2024-10-21 08:00:00,7.0,9.0,,,,,8.7,0.65,16.69,0.85,1.88,,,,,20.4,77.25,0.6,103.75,,0.0,,717.0,
2024-10-21 09:00:00,7.0,10.25,,,,,9.2,0.65,20.92,0.9,1.98,,,,,21.9,78.5,1.15,106.0,,0.0,,717.0,
2024-10-21 10:00:00,7.0,14.0,,,,,10.05,0.76,24.29,0.98,2.15,,,,,24.18,70.5,1.1,103.25,,0.0,,716.5,
2024-10-21 11:00:00,9.25,18.0,,,,,9.6,0.53,37.96,0.92,2.1,,,,,25.98,68.25,1.15,122.25,,0.0,,715.25,
2024-10-21 12:00:00,16.25,33.5,,,,,8.85,0.54,37.11,0.88,1.9,,,,,27.15,66.0,0.78,108.75,,0.0,,714.0,
2024-10-21 13:00:00,14.5,44.25,,,,,9.25,0.26,42.16,0.9,2.0,,,,,27.7,65.25,1.08,115.25,,0.0,,712.5,
2024-10-21 14:00:00,8.0,45.25,,,,,9.57,0.43,36.66,0.92,2.08,,,,,28.5,63.75,0.92,98.0,,0.0,,711.5,
2024-10-21 15:00:00,13.75,53.5,,,,,9.48,0.47,38.93,0.95,2.05,,,,,27.38,66.0,1.35,147.5,,0.0,,711.0,
2024-10-21 16:00:00,21.5,78.0,,,,,9.27,0.56,32.93,0.9,2.0,,,,,27.6,66.25,1.45,152.5,,0.0,,711.0,
2024-10-21 17:00:00,19.75,81.75,,,,,9.18,0.69,24.33,0.88,1.98,,,,,27.25,67.5,1.35,133.5,,0.0,,711.25,
2024-10-21 18:00:00,20.25,79.0,,,,,9.43,1.55,15.86,0.92,2.02,,,,,25.88,69.25,0.92,136.75,,0.0,,712.5,
2024-10-21 19:00:00,26.25,94.75,,,,,10.85,2.62,14.81,1.03,2.33,,,,,24.65,70.5,0.98,175.25,,0.0,,713.5,
2024-10-21 20:00:00,33.5,107.5,,,,,9.4,1.38,16.54,0.92,2.02,,,,,23.62,72.25,0.78,186.0,,0.0,,714.5,
2024-10-21 21:00:00,37.5,107.25,,,,,9.22,0.49,18.54,0.88,2.02,,,,,22.9,73.5,1.2,146.75,,0.0,,715.0,
2024-10-21 22:00:00,39.5,88.25,,,,,8.93,0.54,18.15,0.88,1.92,,,,,22.85,74.5,1.4,259.5,,0.0,,715.5,
2024-10-21 23:00:00,20.5,59.0,,,,,9.55,0.28,17.0,0.9,2.08,,,,,21.42,73.25,0.7,125.25,,0.0,,716.0,
2024-10-22 00:00:00,12.0,13.0,,,,,8.7,0.06,17.79,0.85,1.85,,,,,20.27,74.0,0.52,74.75,,0.0,,715.25,
2024-10-22 01:00:00,8.25,9.5,,,,,8.28,0.3,19.45,0.8,1.78,,,,,20.1,74.0,0.68,139.25,,0.0,,714.5,
2024-10-22 02:00:00,5.25,8.25,,,,,9.25,0.3,20.88,0.9,2.0,,,,,19.73,73.75,0.4,110.25,,0.0,,714.0,
2024-10-22 03:00:00,3.0,9.25,,,,,8.85,0.25,19.37,0.85,1.92,,,,,19.45,73.0,0.55,141.5,,0.0,,714.0,
2024-10-22 04:00:00,3.75,9.25,,,,,8.75,0.33,19.38,0.88,1.88,,,,,19.27,73.0,0.57,128.0,,0.0,,714.0,
2024-10-22 05:00:00,4.75,8.75,,,,,7.45,0.27,16.84,0.75,1.62,,,,,19.18,72.5,0.3,122.25,,0.0,,714.75,
2024-10-22 06:00:00,1.25,15.0,,,,,8.05,0.4,14.34,0.8,1.72,,,,,19.12,71.0,0.25,127.0,,0.0,,715.0,
2024-10-22 07:00:00,5.0,21.5,,,,,8.57,0.6,12.15,0.82,1.88,,,,,19.5,71.5,0.28,108.5,,0.0,,715.0,
2024-10-22 08:00:00,13.5,31.25,,,,,8.38,0.64,15.21,0.82,1.8,,,,,21.02,71.75,0.8,112.5,,0.0,,715.5,
2024-10-22 09:00:00,11.75,28.25,,,,,7.9,0.58,27.82,0.78,1.7,,,,,23.5,67.75,1.32,104.75,,0.0,,716.0,
2024-10-22 10:00:00,11.75,30.75,,,,,8.98,0.74,29.4,0.88,1.92,,,,,25.75,66.75,1.18,116.0,,0.0,,715.75,
2024-10-22 11:00:00,13.25,50.0,,,,,8.43,1.05,28.12,0.8,1.82,,,,,27.3,65.75,0.72,136.5,,0.0,,715.0,
2024-10-22 12:00:00,11.5,67.0,,,,,8.18,0.98,25.01,0.78,1.78,,,,,27.92,65.0,0.85,118.75,,0.0,,714.0,
2024-10-22 13:00:00,12.75,71.75,,,,,8.88,0.4,28.04,0.85,1.92,,,,,28.2,64.5,1.3,100.25,,0.0,,712.75,
2024-10-22 14:00:00,12.0,62.0,,,,,8.55,0.33,29.3,0.85,1.85,,,,,28.5,63.0,1.15,120.75,,0.0,,712.0,
2024-10-22 15:00:00,12.25,60.5,,,,,8.07,0.56,20.42,0.78,1.72,,,,,26.58,64.0,1.32,177.5,,0.0,,712.75,
2024-10-22 16:00:00,12.5,86.75,,,,,8.52,0.69,19.23,0.82,1.85,,,,,22.95,68.0,0.85,106.25,,0.0,,713.25,
2024-10-22 17:00:00,11.0,18.25,,,,,8.43,0.95,15.72,0.8,1.82,,,,,21.22,71.5,0.75,89.5,,0.0,,713.75,
2024-10-22 18:00:00,11.5,23.0,,,,,9.2,1.66,14.82,0.9,1.98,,,,,20.92,72.75,0.7,85.25,,0.0,,714.0,
2024-10-22 19:00:00,13.0,28.0,,,,,10.7,2.77,11.33,1.05,2.3,,,,,20.65,72.25,0.42,114.5,,0.0,,715.0,
2024-10-22 20:00:00,14.25,35.5,,,,,10.02,2.12,11.78,0.98,2.15,,,,,20.5,72.75,0.57,80.25,,0.0,,715.75,
2024-10-22 21:00:00,16.75,39.5,,,,,9.6,0.89,13.14,0.95,2.08,,,,,20.55,72.0,0.6,99.75,,0.0,,716.25,
2024-10-22 22:00:00,12.0,37.5,,,,,9.35,0.92,14.02,0.9,2.0,,,,,20.7,72.0,0.38,97.5,,0.0,,716.5,
2024-10-22 23:00:00,13.75,55.67,,,,,9.65,1.34,10.46,0.95,2.08,,,,,20.83,72.25,0.5,208.5,,0.0,,716.0,
2024-10-23 00:00:00,29.75,92.5,,,,,7.65,1.31,11.23,0.75,1.65,,,,,21.08,73.0,0.52,237.0,,0.0,,715.25,
2024-10-23 01:00:00,33.25,80.75,,,,,6.78,0.92,9.99,0.68,1.48,,,,,20.95,73.25,0.3,79.0,,0.0,,714.5,
2024-10-23 02:00:00,27.25,66.0,,,,,6.3,0.73,12.22,0.6,1.38,,,,,20.72,73.75,0.4,72.0,,0.0,,714.0,
2024-10-23 03:00:00,24.25,56.5,,,,,6.48,0.24,12.23,0.6,1.38,,,,,20.5,73.25,0.75,76.5,,0.0,,713.0,
2024-10-23 04:00:00,22.25,47.0,,,,,5.1,,16.56,0.5,1.1,,,,,20.5,73.75,0.6,92.5,,0.0,,713.0,
2024-10-23 05:00:00,22.75,48.25,,,,,5.52,0.43,18.9,0.55,1.23,,,,,20.5,73.5,0.55,83.0,,0.0,,713.5,
2024-10-23 06:00:00,23.5,55.75,,,,,5.58,0.68,12.61,0.55,1.2,,,,,20.45,74.75,0.48,117.5,,0.0,,714.0,
2024-10-23 07:00:00,30.0,91.25,,,,,6.05,0.8,13.09,0.62,1.35,,,,,20.6,74.5,0.57,134.75,,0.0,,715.0,
2024-10-23 08:00:00,37.0,91.0,,,,,7.12,1.24,14.51,0.7,1.55,,,,,21.88,75.0,0.88,241.5,,0.0,,715.0,
2024-10-23 09:00:00,38.25,110.0,,,,,7.28,0.8,16.06,0.7,1.55,,,,,23.65,71.5,0.92,213.0,,0.0,,716.0,
2024-10-23 10:00:00,31.0,93.75,,,,,6.95,0.51,26.34,0.7,1.52,,,,,26.08,69.0,0.9,155.5,,0.0,,715.25,
2024-10-23 11:00:00,24.25,83.5,,,,,5.92,0.29,37.94,0.6,1.27,,,,,27.9,65.25,1.02,127.5,,0.0,,714.25,
2024-10-23 12:00:00,21.25,64.25,,,,,6.72,0.16,42.74,0.65,1.48,,,,,29.3,62.25,1.12,128.5,,0.0,,713.25,
2024-10-23 13:00:00,20.25,79.0,,,,,6.15,0.45,44.18,0.62,1.35,,,,,29.82,60.25,0.95,141.75,,0.0,,712.0,
2024-10-23 14:00:00,24.0,115.25,,,,,6.22,0.44,45.0,0.62,1.32,,,,,29.6,60.75,0.88,109.5,,0.0,,711.0,
2024-10-23 15:00:00,22.75,93.0,,,,,6.6,0.55,33.44,0.65,1.42,,,,,29.33,60.75,0.98,101.5,,0.0,,710.5,
2024-10-23 16:00:00,18.5,79.5,,,,,6.7,0.71,22.63,0.65,1.42,,,,,27.15,64.0,1.85,177.0,,0.0,,711.75,
2024-10-23 17:00:00,15.75,67.25,,,,,6.85,1.48,14.83,0.68,1.48,,,,,22.4,68.25,0.5,116.75,,0.0,,713.0,
2024-10-23 18:00:00,13.5,20.0,,,,,8.07,3.63,10.38,0.78,1.75,,,,,20.42,72.75,0.52,159.75,,0.0,,713.25,
2024-10-23 19:00:00,18.25,30.0,,,,,9.9,4.72,10.97,0.98,2.12,,,,,20.88,75.5,0.65,139.25,,0.0,,714.0,
2024-10-23 20:00:00,19.25,32.5,,,,,8.6,2.94,10.59,0.88,1.85,,,,,21.18,77.0,0.22,119.25,,0.0,,715.0,
2024-10-23 21:00:00,21.0,32.75,,,,,7.68,1.89,11.0,0.75,1.65,,,,,21.48,76.75,0.3,157.5,,0.0,,715.0,
2024-10-23 22:00:00,21.25,32.75,,,,,6.95,0.8,12.96,0.68,1.52,,,,,21.65,76.0,0.57,96.5,,0.0,,715.0,
2024-10-23 23:00:00,12.0,16.25,,,,,5.72,,19.04,0.57,1.25,,,,,21.35,75.75,0.42,110.25,,0.0,,715.0,
2024-10-24 00:00:00,9.5,15.25,,,,,7.65,,17.69,0.7,1.65,,,,,20.82,75.0,0.25,197.0,,0.0,,714.5,
2024-10-24 01:00:00,12.5,19.5,,,,,8.48,0.49,14.76,0.82,1.82,,,,,20.58,74.75,0.38,202.5,,0.0,,713.75,
2024-10-24 02:00:00,14.75,18.25,,,,,8.05,0.26,19.22,0.8,1.75,,,,,20.4,74.0,0.7,77.5,,0.0,,713.0,
2024-10-24 03:00:00,7.25,9.25,,,,,8.48,0.18,23.5,0.85,1.8,,,,,20.0,74.0,0.57,115.25,,0.0,,713.0,
2024-10-24 04:00:00,5.5,7.75,,,,,8.43,0.22,20.08,0.82,1.8,,,,,19.73,74.0,0.32,119.25,,0.0,,713.0,
2024-10-24 05:00:00,7.25,10.0,,,,,8.48,0.65,16.81,0.82,1.82,,,,,19.8,74.0,0.35,164.25,,0.0,,713.25,
2024-10-24 06:00:00,9.0,12.75,,,,,8.78,0.94,11.71,0.88,1.9,,,,,19.85,74.0,0.3,225.75,,0.0,,714.25,
2024-10-24 07:00:00,13.75,26.0,,,,,8.82,1.17,12.51,0.88,1.9,,,,,20.1,74.0,0.22,210.75,,0.0,,715.0,
2024-10-24 08:00:00,19.0,44.0,,,,,8.93,1.74,12.21,0.85,1.95,,,,,20.6,73.75,0.2,212.5,,0.0,,715.5,
2024-10-24 09:00:00,20.5,54.5,,,,,8.98,1.02,13.37,0.88,1.95,,,,,21.45,72.75,0.35,189.5,,0.0,,716.0,
2024-10-24 10:00:00,26.25,72.25,,,,,9.93,1.81,12.4,0.98,2.12,,,,,22.38,72.0,0.85,256.25,,0.0,,716.0,
2024-10-24 11:00:00,29.75,109.75,,,,,9.38,1.06,13.93,0.92,2.02,,,,,23.0,71.75,0.88,232.5,,0.0,,715.0,
2024-10-24 12:00:00,27.5,105.0,,,,,9.25,0.66,18.27,0.9,2.0,,,,,23.55,70.5,0.92,213.75,,0.0,,713.5,
2024-10-24 13:00:00,25.0,107.0,,,,,8.75,0.68,24.41,0.85,1.9,,,,,24.38,68.5,0.95,187.75,,0.0,,712.5,
2024-10-24 14:00:00,30.0,91.75,,,,,8.32,0.84,35.3,0.8,1.8,,,,,24.92,66.75,0.85,150.0,,0.0,,711.25,
2024-10-24 15:00:00,29.75,96.0,,,,,9.25,1.33,36.21,0.92,2.0,,,,,26.35,65.25,0.88,216.0,,0.0,,711.0,
2024-10-24 16:00:00,37.5,141.75,,,,,8.98,1.84,21.64,0.88,1.92,,,,,27.4,63.25,0.82,193.25,,0.0,,711.0,
2024-10-24 17:00:00,35.25,157.0,,,,,10.55,1.73,14.66,1.05,2.25,,,,,26.02,64.0,0.78,236.5,,0.0,,711.25,
2024-10-24 18:00:00,34.75,195.0,,,,,11.48,2.84,10.72,1.1,2.45,,,,,24.3,64.25,0.42,98.75,,0.0,,712.5,
2024-10-24 19:00:00,46.5,345.75,,,,,14.48,3.81,10.3,1.4,3.12,,,,,23.28,65.75,0.32,65.0,,0.0,,713.25,
2024-10-24 20:00:00,69.75,577.25,,,,,15.65,1.9,11.45,1.5,3.4,,,,,22.78,68.5,0.35,49.25,,0.0,,714.25,
2024-10-24 21:00:00,75.25,513.75,,,,,12.08,0.31,11.11,1.2,2.6,,,,,22.4,71.0,0.4,139.75,,0.0,,715.0,
2024-10-24 22:00:00,53.5,186.5,,,,,9.43,0.05,11.09,0.9,2.05,,,,,22.4,74.25,0.48,219.5,,0.0,,715.0,
2024-10-24 23:00:00,33.25,119.75,,,,,8.82,,12.07,0.85,1.92,,,,,22.28,74.75,0.65,215.0,,0.0,,715.0,
2024-10-25 00:00:00,13.0,77.0,,,,,7.1,,11.68,0.7,1.5,,,,,21.9,74.0,0.57,228.67,,0.0,,715.0,
2024-10-25 01:00:00,,,,,,,,,,,,,,,,,,,,,0.0,,,
2024-10-25 02:00:00,,,,,,,,,,,,,,,,,,,,,0.0,,,
2024-10-25 03:00:00,,,,,,,,,,,,,,,,,,,,,0.0,,,
2024-10-25 04:00:00,,,,,,,,,,,,,,,,,,,,,0.0,,,
2024-10-25 05:00:00,,,,,,,,,,,,,,,,,,,,,0.0,,,
2024-10-25 06:00:00,,,,,,,,,,,,,,,,,,,,,0.0,,,
2024-10-25 07:00:00,,,,,,,,,,,,,,,,,,,,,0.0,,,
2024-10-25 08:00:00,,,,,,,,,,,,,,,,,,,,,0.0,,,
2024-10-25 09:00:00,50.0,159.5,,,,,1.62,0.61,14.86,0.15,0.35,,,,,23.15,65.0,0.62,164.5,,0.0,,716.0,
2024-10-25 10:00:00,46.25,144.5,,,,,,0.66,23.73,,,,,,,25.12,57.0,1.0,202.0,,0.0,,715.75,
2024-10-25 11:00:00,52.5,188.75,,,,,0.7,0.67,26.44,0.05,0.1,,,,,26.35,50.0,1.18,244.0,,0.0,,714.5,
2024-10-25 12:00:00,48.25,215.75,,,,,2.58,0.42,24.92,0.25,0.52,,,,,27.48,46.75,1.2,243.75,,0.0,,713.5,
2024-10-25 13:00:00,41.0,180.75,,,,,3.78,0.43,26.65,0.4,0.8,,,,,28.68,46.75,1.3,251.5,,0.0,,712.25,
2024-10-25 14:00:00,44.0,170.0,,,,,4.4,0.41,24.18,0.43,0.95,,,,,28.85,49.5,1.4,247.75,,0.0,,711.25,
2024-10-25 15:00:00,44.0,155.25,,,,,4.68,0.5,16.3,0.48,1.0,,,,,28.72,50.75,1.32,237.5,,0.0,,711.0,
2024-10-25 16:00:00,44.0,176.25,,,,,3.05,0.58,17.74,0.3,0.65,,,,,28.55,50.5,1.05,208.0,,0.0,,711.0,
2024-10-25 17:00:00,43.25,199.5,,,,,5.3,1.07,11.72,0.5,1.17,,,,,27.32,52.75,0.88,207.25,,0.0,,712.0,
2024-10-25 18:00:00,46.25,316.75,,,,,7.48,1.83,8.62,0.72,1.62,,,,,25.38,56.25,0.42,78.25,,0.0,,712.75,
2024-10-25 19:00:00,65.0,494.75,,,,,11.78,2.64,10.18,1.18,2.55,,,,,23.58,61.0,0.25,86.0,,0.0,,714.25,
2024-10-25 20:00:00,82.25,494.75,,,,,16.95,2.53,11.97,1.68,3.68,,,,,22.82,64.5,0.5,58.5,,0.0,,715.25,
2024-10-25 21:00:00,112.0,722.0,,,,,17.75,1.3,12.76,1.72,3.8,,,,,22.42,66.25,0.38,59.75,,0.0,,716.0,
2024-10-25 22:00:00,124.25,583.0,,,,,14.58,0.97,13.15,1.42,3.12,,,,,21.9,67.25,0.22,101.25,,0.0,,715.75,
2024-10-25 23:00:00,109.5,533.5,,,,,9.88,0.97,12.11,0.98,2.12,,,,,21.92,68.25,0.45,145.25,,0.0,,715.0,
2024-10-26 00:00:00,90.0,385.0,,,,,,0.97,12.24,,,,,,,22.0,69.0,0.5,74.0,,0.0,,715.0,
2024-10-26 01:00:00,,,,,,,,,,,,,,,,,,,,,0.0,,,
2024-10-26 02:00:00,,,,,,,,,,,,,,,,,,,,,0.0,,,
2024-10-26 03:00:00,,,,,,,,,,,,,,,,,,,,,0.0,,,
2024-10-26 04:00:00,,,,,,,,,,,,,,,,,,,,,0.0,,,
2024-10-26 05:00:00,56.0,143.67,,,,,4.2,0.4,11.37,0.4,0.9,,,,,20.3,69.33,0.5,203.5,,0.0,,714.0,
2024-10-26 06:00:00,,,,,,,,,,,,,,,,,,,,,0.0,,,
2024-10-26 07:00:00,64.5,166.5,,,,,3.1,0.48,9.55,0.3,0.7,,,,,20.2,70.5,0.9,171.0,,0.0,,716.0,
2024-10-26 08:00:00,67.0,181.0,,,,,3.3,0.57,13.44,0.32,0.7,,,,,20.88,70.0,1.0,249.25,,0.0,,716.0,
2024-10-26 09:00:00,69.5,218.25,,,,,3.8,0.51,15.44,0.35,0.82,,,,,22.92,66.5,1.02,243.75,,0.0,,716.0,
2024-10-26 10:00:00,70.75,215.25,,,,,4.25,0.55,26.98,0.4,0.9,,,,,25.28,64.5,1.1,236.25,,0.0,,715.25,
2024-10-26 11:00:00,72.5,216.75,,,,,4.5,0.44,25.14,0.43,0.98,,,,,26.92,61.5,1.23,235.5,,0.0,,714.0,
2024-10-26 12:00:00,52.25,194.25,,,,,3.4,0.3,30.37,0.32,0.75,,,,,27.68,56.75,1.3,197.0,,0.0,,712.75,
2024-10-26 13:00:00,50.0,183.75,,,,,3.7,0.38,29.12,0.35,0.8,,,,,28.0,55.5,1.32,233.0,,0.0,,711.5,
2024-10-26 14:00:00,50.75,217.0,,,,,3.95,0.48,19.32,0.4,0.85,,,,,27.88,54.5,1.2,229.0,,0.0,,710.75,
2024-10-26 15:00:00,52.25,225.5,,,,,4.22,0.44,18.75,0.4,0.9,,,,,26.78,55.75,1.32,241.0,,0.0,,710.0,
2024-10-26 16:00:00,50.25,220.75,,6.3,2.5,6.8,3.88,0.44,17.23,0.35,0.85,,,,,27.18,55.0,0.98,204.0,,0.0,,710.5,
2024-10-26 17:00:00,51.5,241.75,1.65,8.48,5.85,6.68,4.1,0.52,15.75,0.4,0.9,,,,,26.38,55.25,1.03,228.25,,0.0,,711.5,
2024-10-26 18:00:00,55.25,264.75,2.7,10.6,7.85,6.45,5.28,0.77,10.6,0.5,1.15,,,,,24.72,56.5,0.8,212.0,,0.0,,712.5,
2024-10-26 19:00:00,64.0,308.5,2.83,9.67,7.43,7.27,5.52,1.27,9.9,0.5,1.2,,,,,23.4,58.25,0.6,166.25,,0.0,,713.75,
2024-10-26 20:00:00,74.0,356.25,3.4,12.82,9.58,6.7,6.15,1.55,9.94,0.6,1.32,,,,,22.52,59.75,0.28,71.5,,0.0,,714.75,
2024-10-26 21:00:00,88.0,425.0,,,,,7.2,1.3,10.62,0.7,1.55,,,,,21.58,62.5,0.2,57.5,,0.0,,715.0,
2024-10-26 22:00:00,94.0,416.5,,,,,7.88,1.43,10.69,0.78,1.7,,,,,21.05,64.0,0.2,45.0,,0.0,,714.75,
2024-10-26 23:00:00,94.25,391.5,,,,,8.38,1.53,10.55,0.8,1.8,,,,,20.4,64.25,0.2,53.75,,0.0,,714.0,
2024-10-27 00:00:00,95.25,454.25,,,,,7.95,1.06,10.1,0.75,1.7,,,,,19.6,64.75,0.2,65.75,,0.0,,713.25,
2024-10-27 01:00:00,97.25,471.5,,,,,7.92,1.28,11.23,0.78,1.72,,,,,19.0,64.25,0.2,121.75,,0.0,,712.5,
2024-10-27 02:00:00,95.75,397.75,,,,,4.53,0.3,11.34,0.45,1.0,,,,,19.18,64.75,0.7,208.5,,0.0,,712.0,
2024-10-27 03:00:00,75.75,202.75,,,,,2.8,,10.78,0.28,0.6,,,,,19.73,64.5,0.65,206.75,,0.0,,712.0,
2024-10-27 04:00:00,63.0,162.5,,,,,2.72,0.02,10.27,0.25,0.57,,,,,19.75,66.5,0.68,220.5,,0.0,,712.0,
2024-10-27 05:00:00,61.25,170.0,,,,,2.9,0.45,10.05,0.3,0.65,,,,,19.55,68.0,0.68,206.0,,0.0,,712.5,
2024-10-27 06:00:00,56.25,170.5,,,,,2.92,0.5,9.94,0.28,0.6,,,,,19.38,68.0,0.65,223.5,,0.0,,713.75,
2024-10-27 07:00:00,57.0,179.5,,,,,2.65,0.57,12.89,0.28,0.6,,,,,19.5,68.0,0.8,237.75,,0.0,,714.25,
2024-10-27 08:00:00,57.0,210.5,,,,,2.95,0.79,11.57,0.3,0.62,,,,,20.83,66.75,1.05,254.25,,0.0,,715.0,
2024-10-27 09:00:00,57.0,223.0,,,,,2.6,0.48,15.54,0.25,0.55,,,,,23.48,62.5,1.1,230.5,,0.0,,715.0,
2024-10-27 10:00:00,56.75,189.25,,,,,2.05,0.56,17.61,0.2,0.42,,,,,25.28,60.25,1.4,259.5,,0.0,,714.5,
2024-10-27 11:00:00,55.25,204.5,,,,,2.98,0.58,15.33,0.3,0.65,,,,,26.28,58.0,1.15,241.0,,0.0,,713.75,
2024-10-27 12:00:00,52.5,207.0,,,,,4.18,0.63,13.9,0.4,0.9,,,,,25.85,58.0,1.15,265.0,,0.0,,712.25,
2024-10-27 13:00:00,49.25,216.5,,,,,3.4,0.65,13.01,0.32,0.72,,,,,25.82,58.0,1.2,244.75,,0.0,,711.0,
2024-10-27 14:00:00,45.0,208.75,,,,,3.3,0.7,19.56,0.3,0.72,,,,,26.38,58.25,1.3,261.5,,0.0,,710.25,
2024-10-27 15:00:00,43.75,191.5,,,,,2.22,0.47,29.16,0.2,0.48,,,,,27.15,58.5,1.02,184.0,,0.0,,710.0,
2024-10-27 16:00:00,32.75,155.25,,,,,2.55,0.52,16.99,0.28,0.52,,,,,27.58,57.0,1.03,233.75,,0.0,,710.0,
2024-10-27 17:00:00,37.0,195.0,2.8,78.5,44.0,1.1,3.95,0.49,14.04,0.4,0.85,,,,,26.15,57.25,0.98,248.0,,0.0,,710.25,
2024-10-27 18:00:00,36.75,211.0,4.75,74.15,39.2,1.5,4.32,0.72,11.27,0.43,0.95,,,,,24.23,58.75,0.72,217.75,,0.0,,711.0,
2024-10-27 19:00:00,48.0,248.75,3.6,87.88,47.68,1.47,4.88,1.08,9.77,0.5,1.05,,,,,22.9,61.75,0.38,141.25,,0.0,,712.0,
2024-10-27 20:00:00,59.5,283.25,3.57,50.3,27.52,7.73,5.98,1.44,11.12,0.55,1.3,,,,,22.1,64.75,0.22,54.75,,0.0,,713.0,
2024-10-27 21:00:00,70.5,346.5,2.3,49.58,27.1,5.85,7.4,1.34,11.15,0.72,1.58,,,,,21.38,67.25,0.2,44.0,,0.0,,713.0,
2024-10-27 22:00:00,82.75,372.5,1.6,49.15,26.48,5.98,7.55,1.44,12.04,0.72,1.65,,,,,20.9,68.0,0.2,68.0,,0.0,,713.0,
2024-10-27 23:00:00,86.75,340.0,0.95,49.35,26.35,5.35,8.08,1.6,10.5,0.8,1.75,,,,,20.5,68.25,0.2,62.0,,0.0,,712.5,
2024-10-28 00:00:00,80.75,308.5,3.7,29.8,16.12,5.82,7.35,1.04,11.5,0.7,1.6,,,,,20.12,69.0,0.2,33.25,,0.0,,711.75,
2024-10-28 01:00:00,75.75,270.5,2.17,25.42,13.92,6.22,7.72,1.13,10.14,0.78,1.68,,,,,20.02,69.25,0.2,45.0,,0.0,,711.0,
2024-10-28 02:00:00,81.0,249.0,2.93,21.52,11.92,6.82,7.9,0.89,10.52,0.75,1.7,,,,,20.4,70.0,0.43,127.25,,0.0,,710.25,
2024-10-28 03:00:00,75.25,219.75,1.67,13.02,7.22,8.58,5.5,0.12,10.96,0.52,1.2,,,,,20.42,69.25,0.65,219.75,,0.0,,710.25,
2024-10-28 04:00:00,56.0,150.0,1.6,10.62,5.78,8.98,5.68,0.04,11.74,0.55,1.23,,,,,20.45,66.75,0.48,205.75,,0.0,,711.0,
2024-10-28 05:00:00,50.75,145.75,2.73,10.25,5.8,7.62,5.38,0.44,10.23,0.52,1.15,,,,,20.27,66.5,0.62,224.75,,0.0,,711.5,
2024-10-28 06:00:00,54.0,137.25,0.97,11.42,6.25,7.38,5.2,0.52,11.32,0.5,1.12,,,,,20.15,68.5,0.88,216.75,,0.0,,712.5,
2024-10-28 07:00:00,57.25,151.0,0.95,11.4,6.1,6.48,5.7,0.51,10.16,0.57,1.2,,,,,20.18,70.25,0.8,209.5,,0.0,,713.5,
2024-10-28 08:00:00,59.0,161.5,1.0,13.12,6.65,7.02,5.05,0.72,12.72,0.5,1.08,,,,,21.25,70.0,1.15,214.25,,0.0,,714.0,
2024-10-28 09:00:00,60.25,173.75,1.43,8.32,4.55,7.95,4.45,0.45,16.36,0.43,0.98,,,,,23.02,66.75,1.55,166.0,,0.0,,714.0,
2024-10-28 10:00:00,51.5,137.0,1.85,7.02,3.88,8.38,4.82,0.4,22.22,0.48,1.05,,,,,23.92,65.0,1.32,173.0,,0.0,,713.75,
2024-10-28 11:00:00,40.25,117.5,1.48,5.9,3.48,7.68,4.65,0.3,28.04,0.48,0.98,,,,,25.88,61.0,1.42,161.5,,0.0,,712.5,
2024-10-28 12:00:00,38.0,116.75,0.95,7.82,3.68,7.68,4.72,0.29,29.18,0.45,1.02,,,,,27.38,57.5,1.08,183.75,,0.0,,711.25,
2024-10-28 13:00:00,37.0,132.75,1.65,6.7,3.95,8.35,5.08,0.41,29.17,0.5,1.08,,,,,28.65,55.5,1.3,194.75,,0.0,,710.0,
2024-10-28 14:00:00,34.25,140.5,1.3,5.72,3.2,8.35,4.9,0.38,29.27,0.48,1.05,,,,,29.18,53.5,1.4,179.75,,0.0,,709.25,
2024-10-28 15:00:00,36.75,124.0,0.93,11.05,6.02,8.67,4.28,0.5,22.23,0.4,0.9,,,,,29.42,51.75,1.27,192.75,,0.0,,709.0,
2024-10-28 16:00:00,41.5,136.5,2.07,19.48,10.85,7.22,4.7,0.5,19.04,0.48,1.02,,,,,29.4,51.0,0.92,208.5,,0.0,,709.0,
2024-10-28 17:00:00,40.25,157.75,1.8,28.38,15.7,6.68,6.1,0.81,11.82,0.6,1.32,,,,,28.65,52.25,0.42,193.0,,0.0,,710.0,
2024-10-28 18:00:00,43.25,200.5,2.75,32.42,17.52,7.22,6.92,1.44,9.55,0.68,1.5,,,,,26.78,57.0,0.28,152.75,,0.0,,710.75,
2024-10-28 19:00:00,54.25,275.25,3.42,54.08,29.88,6.12,9.35,2.22,7.82,0.92,2.0,,,,,24.95,61.0,0.35,89.25,,0.0,,711.5,
2024-10-28 20:00:00,66.75,369.0,1.5,34.58,18.32,9.23,8.8,1.35,7.75,0.85,1.9,,,,,24.15,64.25,0.5,149.75,,0.0,,712.75,
2024-10-28 21:00:00,61.5,244.75,2.1,21.0,11.0,7.65,7.0,0.53,8.41,0.68,1.5,,,,,23.98,65.5,0.4,175.0,,0.0,,713.5,
2024-10-28 22:00:00,48.5,183.5,1.43,17.82,9.7,8.28,6.05,0.38,8.72,0.6,1.3,,,,,23.82,67.25,0.38,198.5,,0.0,,713.75,
2024-10-28 23:00:00,47.0,144.25,1.0,15.08,7.95,7.82,5.88,0.45,8.54,0.57,1.27,,,,,23.5,68.0,0.98,220.5,,0.0,,713.0,
2024-10-29 00:00:00,39.0,134.5,1.07,9.77,5.32,8.52,6.55,0.36,8.6,0.65,1.45,,,,,23.02,68.25,1.1,216.0,,0.0,,712.5,
2024-10-29 01:00:00,43.0,115.5,3.2,8.25,4.35,7.62,6.65,0.33,7.99,0.62,1.4,,,,,22.32,69.0,1.05,216.0,,0.0,,712.0,
2024-10-29 02:00:00,47.75,104.75,1.52,7.43,4.47,7.6,7.05,0.3,5.73,0.7,1.52,,,,,21.68,69.5,0.9,222.0,,0.0,,712.0,
2024-10-29 03:00:00,51.75,121.75,1.37,9.28,4.85,7.78,6.65,0.32,8.77,0.62,1.42,,,,,21.22,70.75,1.05,225.75,,0.0,,711.5,
2024-10-29 04:00:00,49.0,126.75,1.13,8.6,4.8,7.58,6.85,0.3,6.56,0.68,1.48,,,,,20.9,70.0,0.92,222.5,,0.0,,712.0,
2024-10-29 05:00:00,52.25,144.25,2.68,16.42,9.6,6.32,7.58,0.48,9.01,0.75,1.62,,,,,20.58,70.0,0.8,228.5,,0.0,,712.5,
2024-10-29 06:00:00,54.0,154.75,3.2,24.62,13.88,7.1,8.7,0.58,8.27,0.82,1.85,,,,,20.5,70.0,0.78,238.25,,0.0,,713.0,
2024-10-29 07:00:00,58.25,193.25,1.55,27.15,13.65,5.78,8.78,0.71,9.85,0.85,1.88,,,,,20.8,69.5,0.92,244.75,,0.0,,714.0,
2024-10-29 08:00:00,60.75,214.25,1.82,18.18,10.28,7.45,7.48,0.9,7.96,0.72,1.62,,,,,22.25,67.25,1.05,235.75,,0.0,,715.0,
2024-10-29 09:00:00,54.75,191.75,1.62,17.8,10.0,6.95,7.82,0.7,8.62,0.75,1.7,,,,,24.4,64.25,1.1,226.75,,0.0,,715.0,
2024-10-29 10:00:00,47.5,184.75,0.55,15.32,8.32,7.72,7.92,0.58,16.75,0.78,1.7,,,,,26.3,61.5,1.18,214.25,,0.0,,715.0,
2024-10-29 11:00:00,45.5,178.75,4.2,20.4,10.07,7.58,8.38,0.48,16.31,0.82,1.8,,,,,27.65,59.75,1.42,233.75,,0.0,,713.75,
2024-10-29 12:00:00,42.75,156.5,1.77,11.78,6.68,8.65,7.85,0.36,18.24,0.78,1.7,,,,,28.35,58.75,1.25,222.0,,0.0,,712.5,
2024-10-29 13:00:00,38.25,134.75,1.18,9.32,5.32,7.82,7.1,0.43,16.74,0.68,1.52,,,,,28.75,58.25,1.27,198.0,,0.0,,712.0,
2024-10-29 14:00:00,34.75,127.5,1.32,7.98,4.65,7.2,6.98,0.38,17.16,0.7,1.52,,,,,27.68,59.25,1.58,187.25,,0.0,,711.0,
2024-10-29 15:00:00,30.75,124.5,1.7,7.93,4.77,7.8,6.52,0.41,14.7,0.65,1.42,,,,,27.72,60.0,1.5,184.75,,0.0,,711.0,
2024-10-29 16:00:00,30.25,124.0,1.7,9.78,5.78,7.48,7.18,0.3,14.66,0.7,1.58,,,,,28.1,59.75,1.38,183.5,,0.0,,711.0,
2024-10-29 17:00:00,35.0,147.5,1.72,11.4,6.6,8.1,7.32,0.62,11.31,0.72,1.58,,,,,27.75,59.5,1.05,171.75,,0.0,,711.5,
2024-10-29 18:00:00,46.75,191.0,1.75,19.58,10.98,8.85,8.22,1.11,8.01,0.82,1.8,,,,,26.42,61.75,0.35,193.25,,0.0,,712.0,
2024-10-29 19:00:00,50.0,222.5,2.25,26.38,14.22,7.1,9.95,1.61,6.94,0.98,2.15,,,,,25.45,64.0,0.2,157.0,,0.0,,712.75,
2024-10-29 20:00:00,62.5,274.0,0.75,37.75,20.18,7.3,11.72,2.19,6.69,1.12,2.52,,,,,24.6,64.75,0.2,55.75,,0.0,,713.75,
2024-10-29 21:00:00,65.25,331.25,1.83,29.88,16.32,8.2,11.5,1.04,9.27,1.12,2.5,,,,,23.68,67.5,0.2,61.75,,0.0,,714.0,
2024-10-29 22:00:00,66.0,251.75,0.92,14.15,7.85,10.4,9.55,0.43,6.23,0.92,2.05,,,,,23.2,69.25,0.2,69.25,,0.0,,714.0,
2024-10-29 23:00:00,58.25,183.75,1.98,11.92,7.0,6.92,8.4,0.24,7.46,0.85,1.82,,,,,22.78,70.0,0.2,64.75,,0.0,,714.0,
2024-10-30 00:00:00,63.25,200.5,2.1,15.35,8.82,5.4,8.1,0.27,6.94,0.8,1.75,,,,,22.28,70.25,0.2,87.25,,0.0,,713.25,
2024-10-30 01:00:00,63.5,229.0,1.65,10.8,6.28,7.2,6.28,0.42,8.33,0.62,1.38,,,,,21.98,70.75,0.6,157.75,,0.0,,712.25,
2024-10-30 02:00:00,51.25,202.5,1.85,4.53,3.0,7.88,5.38,0.3,7.48,0.52,1.18,,,,,22.25,69.75,0.82,190.0,,0.0,,712.0,
2024-10-30 03:00:00,46.5,167.0,0.7,3.65,2.17,7.32,4.78,0.25,7.1,0.48,1.02,,,,,22.28,69.25,0.5,168.75,,0.0,,712.0,
2024-10-30 04:00:00,49.0,136.75,1.08,3.4,2.15,6.98,4.38,0.26,7.25,0.45,0.95,,,,,21.78,70.25,0.77,170.25,,0.0,,712.0,
2024-10-30 05:00:00,50.75,139.25,1.58,4.68,3.02,6.85,5.32,0.43,6.1,0.5,1.15,,,,,21.32,71.25,0.75,179.75,,0.0,,712.75,
2024-10-30 06:00:00,48.0,146.75,1.8,4.03,2.72,7.08,5.48,0.54,8.2,0.52,1.2,,,,,21.02,72.0,0.52,184.75,,0.0,,713.5,
2024-10-30 07:00:00,53.5,146.5,1.58,4.92,3.15,6.68,6.25,0.55,8.06,0.6,1.35,,,,,20.9,72.0,0.78,181.25,,0.0,,714.5,
2024-10-30 08:00:00,63.75,159.5,2.2,4.6,3.15,6.82,6.42,0.38,4.76,0.6,1.38,,,,,21.55,71.5,1.0,174.75,,0.0,,715.0,
2024-10-30 09:00:00,73.25,149.75,1.72,4.2,2.8,7.12,6.05,0.46,0.64,0.6,1.3,,,,,23.05,69.5,1.02,175.5,,0.0,,715.5,
2024-10-30 10:00:00,73.75,181.75,2.17,3.4,2.52,7.2,6.08,0.22,,0.6,1.32,,,,,24.98,67.0,1.27,182.5,,0.0,,715.0,
2024-10-30 11:00:00,63.25,184.75,2.08,4.35,2.98,6.6,5.2,0.26,,0.5,1.15,,,,,26.48,64.25,0.88,199.5,,0.0,,714.5,
2024-10-30 12:00:00,61.75,165.0,1.88,6.92,4.28,6.15,6.42,0.36,1.95,0.65,1.4,,,,,25.68,66.0,0.68,221.0,,0.0,,713.25,
2024-10-30 13:00:00,61.75,152.75,2.6,7.52,4.85,7.72,6.1,0.55,,0.6,1.32,,,,,25.68,68.0,1.05,204.5,,0.0,,712.25,
2024-10-30 14:00:00,51.5,138.0,2.22,3.68,2.68,7.7,6.05,0.39,0.4,0.55,1.3,,,,,26.28,65.0,1.03,95.75,,0.0,,711.75,
2024-10-30 15:00:00,40.5,107.0,2.52,8.07,5.1,5.58,6.38,0.74,1.92,0.65,1.38,,,,,24.72,64.75,1.02,211.25,,0.0,,712.0,
2024-10-30 16:00:00,36.5,144.25,2.75,12.75,7.62,6.95,7.12,1.02,2.91,0.7,1.55,,,,,24.75,64.0,0.7,208.5,,0.0,,712.0,
2024-10-30 17:00:00,32.0,168.5,2.33,13.58,8.0,7.68,7.78,1.0,2.55,0.78,1.7,,,,,24.5,64.5,0.62,119.5,,0.0,,712.0,
2024-10-30 18:00:00,42.5,201.75,2.9,11.1,6.85,9.95,7.7,0.9,2.96,0.72,1.68,,,,,24.05,66.75,0.75,101.25,,0.0,,712.75,
2024-10-30 19:00:00,51.0,200.75,2.55,8.45,5.35,8.35,6.18,0.72,4.2,0.6,1.32,,,,,23.48,69.25,0.5,131.75,,0.0,,713.75,
2024-10-30 20:00:00,64.0,211.5,2.3,9.65,5.88,7.65,6.88,0.68,6.3,0.7,1.48,,,,,22.95,70.25,0.3,132.5,,0.0,,714.75,
2024-10-30 21:00:00,68.25,206.5,2.72,8.55,5.45,7.18,7.25,0.72,5.86,0.7,1.58,,,,,22.42,71.0,0.32,115.25,,0.0,,715.5,
2024-10-30 22:00:00,64.25,148.75,1.9,3.88,2.8,7.98,5.4,0.42,2.97,0.52,1.18,,,,,22.15,70.75,0.8,91.75,,0.0,,716.0,
2024-10-30 23:00:00,39.0,78.0,1.9,2.92,2.85,7.72,5.45,0.24,4.41,0.52,1.18,,,,,21.92,70.25,0.65,83.25,,0.0,,715.0,
2024-10-31 00:00:00,34.75,49.75,1.58,3.72,3.28,7.48,5.75,0.2,15.0,0.6,1.2,,,,,21.62,71.5,0.48,103.25,,0.0,,714.75,
2024-10-31 01:00:00,40.0,56.5,1.35,4.97,3.75,7.65,6.22,0.38,17.08,0.62,1.32,,,,,21.42,73.0,0.35,66.0,,0.0,,714.0,
2024-10-31 02:00:00,39.5,61.0,1.72,4.55,3.82,7.3,6.05,0.24,19.38,0.6,1.3,,,,,21.48,73.0,0.35,68.25,,0.0,,713.0,
2024-10-31 03:00:00,37.5,58.25,1.35,2.4,2.38,7.48,5.48,0.18,7.33,0.52,1.18,,,,,21.38,73.0,0.45,77.75,,0.0,,713.0,
2024-10-31 04:00:00,36.5,49.0,1.15,1.23,1.6,7.45,5.68,0.18,6.15,0.52,1.23,,,,,21.28,72.75,0.5,98.5,,0.0,,713.0,
2024-10-31 05:00:00,37.0,45.25,1.32,1.02,1.62,7.68,5.85,0.33,10.84,0.6,1.27,,,,,21.15,72.0,0.42,79.75,,0.0,,713.5,
2024-10-31 06:00:00,37.0,54.25,1.32,2.28,2.3,7.58,5.78,0.39,10.03,0.57,1.25,,,,,21.0,72.0,0.6,122.75,,0.0,,714.5,
2024-10-31 07:00:00,47.75,87.75,1.6,4.4,3.65,7.18,6.7,0.49,14.26,0.65,1.45,,,,,21.15,72.0,0.82,116.5,,0.0,,715.5,
2024-10-31 08:00:00,54.5,95.0,1.83,4.8,4.02,7.4,6.1,0.49,7.73,0.6,1.3,,,,,22.08,71.75,0.82,145.0,,0.0,,716.0,
2024-10-31 09:00:00,57.25,120.0,1.38,3.5,2.95,7.32,6.75,0.5,,0.65,1.45,,,,,23.8,70.5,0.92,181.75,,0.0,,716.0,
2024-10-31 10:00:00,53.75,127.75,1.78,4.65,3.92,7.12,6.92,0.58,7.74,0.68,1.48,,,,,24.7,69.0,0.82,183.0,,0.0,,716.0,
2024-10-31 11:00:00,58.5,135.75,1.85,4.35,3.8,7.2,7.25,0.58,,0.7,1.58,,,,,25.22,68.25,0.78,190.5,,0.0,,715.25,
2024-10-31 12:00:00,53.75,111.0,1.83,3.9,3.58,7.65,6.8,0.51,4.35,0.68,1.45,,,,,27.25,65.25,0.8,148.75,,0.0,,714.0,
2024-10-31 13:00:00,45.5,105.75,1.88,7.2,5.38,6.52,6.2,0.54,9.56,0.6,1.32,,,,,28.6,63.0,0.8,201.0,,0.0,,713.0,
2024-10-31 14:00:00,52.75,155.0,2.05,15.25,9.78,6.05,6.5,0.69,32.76,0.65,1.4,,,,,28.12,63.5,0.9,201.0,,0.0,,712.0,
2024-10-31 15:00:00,57.25,166.5,2.05,8.8,6.35,7.5,6.78,0.47,17.07,0.68,1.48,,,,,27.0,64.5,0.7,107.5,,0.0,,711.5,
2024-10-31 16:00:00,45.75,105.75,1.78,4.38,3.78,7.48,6.25,0.42,19.6,0.6,1.35,,,,,27.32,64.25,1.2,158.75,,0.0,,712.0,
2024-10-31 17:00:00,46.25,118.0,2.1,7.3,5.58,8.2,6.7,0.54,28.88,0.68,1.45,,,,,25.33,68.25,0.52,120.75,,0.0,,712.5,
2024-10-31 18:00:00,50.75,116.5,2.08,4.97,4.32,8.22,7.5,0.5,25.48,0.7,1.6,,,,,24.22,69.25,1.08,92.25,,0.0,,713.25,
2024-10-31 19:00:00,90.25,147.5,1.78,4.92,4.08,7.55,7.28,0.5,23.85,0.7,1.58,,,,,23.0,70.75,0.52,122.25,,0.0,,714.25,
2024-10-31 20:00:00,214.25,295.5,2.35,10.38,8.6,7.68,8.22,0.62,19.11,0.8,1.78,,,,,21.9,73.25,0.62,101.0,,0.0,,715.5,
2024-10-31 21:00:00,247.75,335.75,2.22,10.85,9.4,7.55,8.15,0.77,18.86,0.78,1.72,,,,,22.25,74.0,0.6,100.5,,0.0,,716.0,
2024-10-31 22:00:00,212.25,292.5,3.02,8.75,8.57,7.57,7.98,0.87,15.48,0.75,1.75,,,,,22.35,74.0,0.92,96.0,,0.0,,716.0,
2024-10-31 23:00:00,135.0,192.0,3.47,6.03,7.47,7.6,8.1,1.06,10.93,0.8,1.73,,,,,22.2,74.0,0.8,85.33,,0.0,,716.0,
2024-11-01 00:00:00,84.25,111.75,2.75,3.78,5.35,7.57,7.15,1.17,9.52,0.7,1.5,,,,,21.95,75.25,0.9,99.0,,0.0,,715.25,
2024-11-01 01:00:00,70.75,85.5,2.98,1.27,4.32,7.62,6.9,0.33,7.84,0.68,1.5,,,,,21.7,75.5,0.75,98.0,,0.0,,714.75,
2024-11-01 02:00:00,61.25,75.0,2.85,,3.0,7.6,6.52,0.3,3.49,0.6,1.4,,,,,21.3,74.0,0.7,97.25,,0.0,,714.0,
2024-11-01 03:00:00,53.75,58.0,2.75,1.0,3.42,7.6,6.48,0.24,3.78,0.62,1.4,,,,,20.95,73.75,0.57,81.0,,0.0,,714.0,
2024-11-01 04:00:00,54.75,61.75,2.65,1.78,4.18,7.6,6.78,0.38,6.93,0.68,1.42,,,,,20.78,73.0,0.55,75.25,,0.0,,714.0,
2024-11-01 05:00:00,52.0,65.0,3.58,2.78,5.85,7.58,6.5,0.35,13.09,0.6,1.4,,,,,20.72,72.75,0.5,91.25,,0.0,,714.75,
2024-11-01 06:00:00,54.0,72.0,2.75,4.2,7.57,7.4,6.98,0.29,8.84,0.7,1.52,,,,,20.82,72.0,0.6,120.0,,0.0,,715.75,
2024-11-01 07:00:00,48.0,78.5,1.8,2.75,5.8,7.55,6.78,0.26,9.26,0.68,1.48,,,,,21.1,71.25,0.38,88.25,,0.0,,716.75,
2024-11-01 08:00:00,40.75,63.25,2.17,2.42,6.6,7.4,6.42,0.25,3.48,0.6,1.38,,,,,22.05,69.0,0.75,92.0,,0.0,,717.5,
2024-11-01 09:00:00,45.75,70.75,2.02,4.03,7.15,7.32,6.3,0.43,3.7,0.6,1.35,,,,,23.5,68.75,0.78,119.5,,0.0,,718.0,
2024-11-01 10:00:00,42.5,77.0,2.0,3.42,6.68,7.5,6.68,0.4,6.86,0.65,1.42,,,,,25.22,67.0,0.85,122.25,,0.0,,717.75,
2024-11-01 11:00:00,34.5,64.5,1.58,1.5,4.65,7.62,6.4,0.39,7.61,0.6,1.38,,,,,26.98,63.75,1.05,122.5,,0.0,,716.75,
2024-11-01 12:00:00,32.0,69.75,1.4,2.17,4.55,7.57,6.35,0.34,5.97,0.62,1.38,,,,,27.8,62.5,0.98,107.25,,0.0,,715.5,
2024-11-01 13:00:00,28.0,62.75,1.38,2.02,4.5,7.58,6.52,0.54,3.78,0.65,1.4,,,,,29.0,60.5,1.12,115.75,,0.0,,714.25,
2024-11-01 14:00:00,24.75,60.5,2.2,0.95,5.0,7.75,6.65,0.52,9.41,0.65,1.45,,,,,29.95,58.75,1.2,129.5,,0.0,,713.0,
2024-11-01 15:00:00,24.0,54.25,25.38,1.5,4.4,7.7,6.85,0.45,9.17,0.68,1.48,,,,,29.92,58.0,1.15,94.25,,0.0,,712.5,
2024-11-01 16:00:00,24.0,49.0,98.25,1.8,5.65,45.6,7.1,0.48,34.02,0.7,1.52,,,,,29.4,58.25,0.95,102.25,,0.0,,712.5,
2024-11-01 17:00:00,26.0,53.0,13.2,14.8,7.13,53.35,7.1,0.49,21.49,0.68,1.52,,,,,28.12,59.75,0.88,179.0,,0.0,,713.5,
2024-11-01 18:00:00,30.75,97.0,4.7,16.05,12.35,17.12,8.2,0.97,44.77,0.8,1.78,,,,,25.52,62.75,0.45,132.0,,0.0,,714.5,
2024-11-01 19:00:00,59.5,123.5,3.98,16.4,11.95,10.82,8.3,1.1,33.47,0.8,1.78,,,,,24.48,65.75,0.32,74.25,,0.0,,715.5,
2024-11-01 20:00:00,128.25,210.75,3.8,25.2,17.98,7.92,9.55,0.99,26.79,0.92,2.08,,,,,23.75,68.25,0.75,104.75,,0.0,,716.75,
2024-11-01 21:00:00,140.25,220.0,2.65,30.65,20.6,6.6,9.88,0.91,35.92,0.95,2.12,,,,,23.52,69.5,0.85,93.0,,0.0,,717.25,
2024-11-01 22:00:00,105.25,168.0,2.8,29.48,20.25,5.68,8.78,1.14,34.97,0.85,1.9,,,,,23.18,71.25,0.7,88.5,,0.0,,717.0,
2024-11-01 23:00:00,78.0,124.75,2.55,27.48,18.75,5.4,8.28,1.97,46.82,0.8,1.78,,,,,22.62,72.0,0.88,102.25,,0.0,,717.0,
2024-11-02 00:00:00,44.5,78.75,2.55,26.35,18.2,5.18,8.15,1.92,64.2,0.8,1.75,,,,,22.02,72.0,0.98,97.75,,0.0,,716.75,
2024-11-02 01:00:00,37.25,59.0,2.17,19.0,12.62,4.88,7.48,0.5,70.06,0.7,1.6,,,,,21.75,72.0,0.95,92.5,,0.0,,715.75,
2024-11-02 02:00:00,46.75,56.75,1.95,13.3,8.68,4.85,7.6,0.36,74.43,0.72,1.62,,,,,21.52,72.0,0.88,103.75,,0.0,,715.0,
2024-11-02 03:00:00,45.75,60.5,2.2,13.3,8.9,4.72,7.88,0.25,70.04,0.75,1.7,,,,,21.22,71.75,0.55,82.25,,0.0,,715.0,
2024-11-02 04:00:00,46.5,65.0,2.33,13.15,8.9,4.68,7.6,0.18,65.44,0.75,1.65,,,,,20.95,71.0,0.95,86.75,,0.0,,715.0,
2024-11-02 05:00:00,50.0,66.75,2.17,13.58,9.02,4.62,7.78,0.6,53.87,0.75,1.7,,,,,20.78,70.75,0.72,74.25,,0.0,,715.25,
2024-11-02 06:00:00,47.25,72.75,2.12,15.0,9.72,4.32,7.52,0.5,39.41,0.72,1.62,,,,,20.65,70.25,0.52,109.5,,0.0,,716.0,
2024-11-02 07:00:00,47.5,75.0,2.45,14.15,9.52,4.75,7.1,0.48,43.23,0.7,1.52,,,,,20.68,70.75,0.75,104.5,,0.0,,717.0,
2024-11-02 08:00:00,45.5,74.5,2.82,13.58,9.5,4.38,8.38,0.47,55.6,0.82,1.82,,,,,21.7,69.5,0.92,113.75,,0.0,,717.75,
2024-11-02 09:00:00,43.5,75.75,2.8,15.4,10.48,4.35,9.0,0.46,54.6,0.88,1.95,,,,,23.7,67.25,0.77,130.25,,0.0,,718.0,
2024-11-02 10:00:00,39.0,83.5,2.7,15.15,10.25,4.28,8.68,0.48,65.31,0.82,1.88,,,,,25.45,64.5,0.98,116.25,,0.0,,718.0,
2024-11-02 11:00:00,30.25,82.75,2.65,14.6,9.93,4.25,8.35,0.74,74.58,0.8,1.78,,,,,26.35,62.75,0.9,112.25,,0.0,,716.75,
2024-11-02 12:00:00,29.25,79.25,2.68,14.45,9.85,4.12,8.55,0.64,82.74,0.82,1.85,,,,,27.18,61.25,1.0,110.0,,0.0,,715.75,
2024-11-02 13:00:00,23.75,61.5,2.2,14.58,9.52,3.72,8.43,0.37,81.57,0.8,1.82,,,,,28.65,58.5,1.02,104.5,,0.0,,714.5,
2024-11-02 14:00:00,23.0,62.75,1.88,15.8,9.93,3.42,8.18,0.4,79.09,0.8,1.75,,,,,29.5,57.25,1.1,113.5,,0.0,,713.25,
2024-11-02 15:00:00,23.0,70.5,1.9,14.7,9.38,3.58,8.18,0.34,83.02,0.8,1.75,,,,,29.05,57.75,1.15,93.25,,0.0,,712.0,
2024-11-02 16:00:00,22.0,68.25,2.2,14.62,9.57,3.75,8.0,0.31,81.48,0.78,1.72,,,,,29.28,57.25,1.02,93.0,,0.0,,712.5,
2024-11-02 17:00:00,18.5,69.0,2.35,15.65,10.23,3.48,8.0,0.55,52.93,0.8,1.7,,,,,28.02,58.75,0.5,94.5,,0.0,,713.25,
2024-11-02 18:00:00,19.0,85.0,2.38,16.92,10.92,4.05,8.1,0.92,40.55,0.8,1.72,,,,,25.95,61.5,0.32,97.5,,0.0,,714.0,
2024-11-02 19:00:00,28.5,102.75,2.35,17.55,11.38,4.15,8.48,0.73,40.73,0.82,1.85,,,,,24.67,64.25,1.25,89.75,,0.0,,715.25,
2024-11-02 20:00:00,39.5,87.25,1.8,22.35,14.08,3.45,7.52,0.52,26.26,0.72,1.62,,,,,23.7,68.25,1.32,98.0,,0.0,,716.25,
2024-11-02 21:00:00,37.0,66.5,1.83,21.95,13.88,3.48,8.0,1.02,29.35,0.78,1.72,,,,,22.68,69.25,1.4,106.5,,0.0,,717.0,
2024-11-02 22:00:00,25.75,54.75,1.58,22.22,13.75,3.22,8.05,1.19,28.84,0.8,1.72,,,,,22.2,70.0,1.15,102.0,,0.0,,717.0,
2024-11-02 23:00:00,26.0,50.0,1.68,21.08,13.25,3.22,7.8,1.11,29.42,0.75,1.68,,,,,21.8,70.25,1.32,93.25,,0.0,,717.0,
2024-11-03 00:00:00,19.0,43.5,2.33,20.55,13.78,3.18,7.9,1.1,27.16,0.8,1.7,,,,,21.4,70.75,1.03,101.5,,0.0,,716.5,
2024-11-03 01:00:00,15.0,30.25,1.82,19.55,12.6,3.35,7.8,0.42,27.14,0.78,1.7,,,,,21.0,70.25,0.98,102.0,,0.0,,715.75,
2024-11-03 02:00:00,13.5,24.25,1.68,20.75,13.05,3.35,7.25,0.43,23.92,0.7,1.55,,,,,20.68,71.0,0.85,92.75,,0.0,,715.0,
2024-11-03 03:00:00,16.5,31.0,2.12,21.98,14.28,3.15,8.28,0.43,18.81,0.8,1.78,,,,,20.6,71.0,0.72,102.75,,0.0,,715.0,
2024-11-03 04:00:00,12.0,30.0,1.85,21.42,13.62,3.05,8.43,0.41,20.56,0.8,1.82,,,,,20.58,70.75,0.68,95.25,,0.0,,714.25,
2024-11-03 05:00:00,11.75,27.75,1.72,22.02,13.82,2.95,8.35,0.42,17.82,0.82,1.78,,,,,20.4,70.0,0.57,97.0,,0.0,,715.0,
2024-11-03 06:00:00,11.5,31.5,1.58,21.65,13.4,3.32,7.42,0.45,16.19,0.7,1.58,,,,,20.05,70.0,0.75,98.0,,0.0,,715.75,
2024-11-03 07:00:00,12.75,36.75,1.82,21.35,13.58,3.15,7.78,0.44,15.51,0.78,1.68,,,,,20.08,70.0,0.82,96.0,,0.0,,716.75,
2024-11-03 08:00:00,12.25,38.75,1.8,21.42,13.6,3.18,8.07,0.43,18.81,0.8,1.75,,,,,21.15,69.0,1.1,110.0,,0.0,,717.0,
2024-11-03 09:00:00,13.0,36.5,2.05,21.82,14.1,2.98,7.98,0.44,22.6,0.78,1.7,,,,,23.35,65.25,1.35,92.25,,0.0,,717.0,
2024-11-03 10:00:00,11.75,33.5,2.08,20.7,13.52,3.12,8.12,0.49,26.08,0.78,1.75,,,,,25.38,62.25,1.55,98.0,,0.0,,717.0,
2024-11-03 11:00:00,9.25,38.75,1.62,21.78,13.52,2.98,8.15,0.52,26.56,0.8,1.75,,,,,26.65,59.75,1.32,113.25,,0.0,,716.5,
2024-11-03 12:00:00,12.75,38.75,2.22,21.45,14.12,3.15,7.95,0.46,26.38,0.75,1.72,,,,,27.2,59.0,1.3,95.5,,0.0,,715.25,
2024-11-03 13:00:00,11.25,33.25,2.02,20.92,13.6,3.0,8.05,0.4,27.05,0.78,1.72,,,,,27.65,58.75,1.3,108.25,,0.0,,714.25,
2024-11-03 14:00:00,9.0,36.25,1.68,21.12,13.3,3.15,7.58,0.31,27.62,0.75,1.62,,,,,28.3,58.0,1.32,112.25,,0.0,,713.0,
2024-11-03 15:00:00,8.5,33.5,1.78,21.05,13.35,2.92,7.58,0.29,26.79,0.72,1.62,,,,,28.67,58.25,1.32,108.75,,0.0,,713.0,
2024-11-03 16:00:00,6.75,33.0,1.95,15.05,9.65,3.0,7.48,0.33,35.53,0.7,1.62,,,,,27.7,59.25,1.03,99.5,,0.0,,713.0,
2024-11-03 17:00:00,7.5,39.0,1.98,14.2,9.12,3.28,7.85,0.46,33.63,0.75,1.7,,,,,26.3,61.0,0.8,106.5,,0.0,,713.25,
2024-11-03 18:00:00,12.5,52.0,1.9,15.28,9.68,3.45,8.07,0.56,29.89,0.8,1.72,,,,,24.55,64.75,0.7,103.5,,0.0,,714.25,
2024-11-03 19:00:00,16.75,64.75,2.2,16.12,10.32,3.8,8.07,0.56,25.44,0.8,1.72,,,,,23.7,67.25,0.7,118.25,,0.0,,715.75,
2024-11-03 20:00:00,26.0,69.75,2.42,16.08,10.5,3.45,7.9,0.68,20.42,0.8,1.7,,,,,23.3,68.0,0.65,94.25,,0.0,,716.25,
2024-11-03 21:00:00,30.25,75.75,2.2,15.65,10.07,3.22,8.6,0.56,19.33,0.82,1.88,,,,,22.9,68.0,0.9,99.0,,0.0,,717.0,
2024-11-03 22:00:00,28.5,60.0,1.72,14.25,8.98,3.2,7.9,0.42,30.78,0.78,1.72,,,,,22.4,68.5,0.95,114.25,,0.0,,717.0,
2024-11-03 23:00:00,13.25,34.5,1.62,15.05,9.32,2.92,7.88,0.37,21.41,0.78,1.7,,,,,21.7,70.25,0.82,99.0,,0.0,,717.0,
2024-11-04 00:00:00,16.25,36.25,1.72,14.35,9.05,2.85,6.55,0.28,21.92,0.65,1.4,,,,,21.32,70.75,0.92,88.75,,0.0,,716.25,
2024-11-04 01:00:00,14.5,28.25,1.4,14.42,8.8,2.78,5.78,0.49,21.75,0.57,1.23,,,,,21.05,70.25,0.95,96.25,,0.0,,715.5,
2024-11-04 02:00:00,16.25,30.75,1.4,14.7,8.95,2.7,5.03,0.53,22.52,0.5,1.08,,,,,20.85,70.75,0.85,95.75,,0.0,,714.75,
2024-11-04 03:00:00,16.75,33.75,1.82,14.25,9.05,2.65,5.6,0.47,23.96,0.57,1.23,,,,,20.62,70.0,0.85,93.5,,0.0,,714.0,
2024-11-04 04:00:00,17.5,29.25,2.1,14.22,9.25,2.8,5.68,0.48,20.7,0.55,1.23,,,,,20.38,69.75,0.68,104.75,,0.0,,714.0,
2024-11-04 05:00:00,20.75,34.25,1.98,14.02,9.05,2.8,5.88,0.44,19.92,0.57,1.27,,,,,20.25,68.75,0.68,110.0,,0.0,,715.0,
2024-11-04 06:00:00,17.25,32.0,1.85,14.92,9.48,2.65,6.0,0.49,15.12,0.57,1.3,,,,,20.12,68.0,0.68,100.25,,0.0,,715.0,
2024-11-04 07:00:00,17.75,43.5,2.08,15.4,9.88,2.88,5.82,0.58,12.07,0.6,1.23,,,,,20.38,68.0,1.05,109.25,,0.0,,716.0,
2024-11-04 08:00:00,17.0,54.5,2.48,16.12,10.62,3.08,6.28,0.82,11.84,0.6,1.38,,,,,21.17,67.75,1.18,100.75,,0.0,,716.75,
2024-11-04 09:00:00,17.0,66.5,2.3,17.15,10.98,3.45,6.82,0.63,13.55,0.68,1.45,,,,,22.4,66.5,1.25,89.75,,0.0,,717.0,
2024-11-04 10:00:00,15.5,66.5,2.0,16.52,10.42,3.78,6.25,0.61,17.4,0.62,1.32,,,,,23.88,64.25,1.42,101.25,,0.0,,716.5,
2024-11-04 11:00:00,11.0,50.5,2.33,15.25,10.02,3.48,6.43,0.42,23.55,0.6,1.4,,,,,25.12,61.0,1.38,121.0,,0.0,,715.5,
2024-11-04 12:00:00,10.0,41.5,1.92,15.55,9.8,2.98,6.32,0.34,24.82,0.6,1.38,,,,,26.72,57.75,1.15,108.5,,0.0,,714.25,
2024-11-04 13:00:00,8.25,46.75,1.98,21.58,13.08,1.95,7.1,0.78,17.34,0.68,1.52,,,,,27.52,57.0,0.98,159.25,,0.0,,713.0,
2024-11-04 14:00:00,12.25,68.0,1.95,15.02,9.6,4.1,6.52,0.53,28.92,0.6,1.4,,,,,27.28,57.0,0.65,136.25,,0.0,,711.75,
2024-11-04 15:00:00,12.75,50.5,1.7,17.38,10.65,3.22,6.88,0.68,26.88,0.7,1.5,,,,,28.42,56.75,1.18,133.25,,0.0,,711.0,
2024-11-04 16:00:00,12.0,71.0,2.1,16.58,10.55,3.65,6.65,0.72,17.23,0.65,1.45,,,,,28.52,57.25,1.25,103.75,,0.0,,712.0,
2024-11-04 17:00:00,11.75,74.5,2.6,20.15,12.8,3.4,6.3,0.87,10.86,0.62,1.35,,,,,25.5,61.25,1.15,114.5,,0.0,,712.5,
2024-11-04 18:00:00,12.25,74.0,2.98,21.48,13.82,4.0,7.25,1.3,10.48,0.7,1.58,,,,,23.92,63.0,0.9,91.75,,0.0,,713.5,
2024-11-04 19:00:00,16.75,66.5,2.88,17.0,11.4,4.32,6.55,0.89,17.01,0.65,1.42,,,,,22.75,66.25,1.2,95.25,,0.0,,714.75,
2024-11-04 20:00:00,19.0,61.0,2.62,17.05,11.2,3.65,6.88,0.86,13.5,0.68,1.48,,,,,22.45,67.25,1.02,96.0,,0.0,,715.75,
2024-11-04 21:00:00,18.25,56.75,2.3,16.25,10.52,3.22,6.48,0.53,15.32,0.6,1.4,,,,,21.88,67.75,0.95,102.75,,0.0,,716.0,
2024-11-04 22:00:00,15.25,53.0,2.08,15.73,10.05,2.9,6.38,0.44,15.32,0.6,1.38,,,,,21.45,67.0,1.0,89.0,,0.0,,716.0,
2024-11-04 23:00:00,14.75,50.25,1.82,16.0,10.0,2.6,6.08,0.42,14.94,0.6,1.32,,,,,21.18,67.0,0.88,91.75,,0.0,,716.0,
2024-11-05 00:00:00,19.5,40.25,1.65,14.95,9.25,2.75,8.05,0.29,15.11,0.8,1.75,,,,,20.68,67.0,0.85,87.75,,0.0,,715.75,
2024-11-05 01:00:00,17.5,35.0,1.8,14.65,9.28,2.55,8.8,0.42,14.86,0.85,1.92,,,,,20.18,67.25,0.7,96.25,,0.0,,715.0,
2024-11-05 02:00:00,16.25,35.25,1.78,14.52,9.2,2.45,8.25,0.52,16.69,0.82,1.8,,,,,19.7,68.0,0.75,96.25,,0.0,,714.5,
2024-11-05 03:00:00,17.75,36.25,1.58,14.12,8.78,2.62,8.82,0.5,18.55,0.88,1.92,,,,,19.35,67.75,0.8,97.25,,0.0,,714.0,
2024-11-05 04:00:00,20.0,36.75,1.62,14.62,9.1,2.55,8.43,0.49,17.58,0.82,1.82,,,,,19.12,67.0,1.0,89.75,,0.0,,714.0,
2024-11-05 05:00:00,20.5,38.25,1.9,14.32,9.18,2.65,8.32,0.44,18.41,0.8,1.82,,,,,18.8,67.0,0.9,99.25,,0.0,,715.0,
2024-11-05 06:00:00,23.5,47.25,1.85,15.48,9.72,2.7,8.62,0.52,15.56,0.82,1.88,,,,,18.48,67.0,1.1,94.25,,0.0,,716.0,
2024-11-05 07:00:00,28.5,57.5,2.12,15.6,9.98,2.72,8.73,0.55,16.25,0.88,1.88,,,,,18.6,67.0,1.02,103.0,,0.0,,717.0,
2024-11-05 08:00:00,28.25,70.75,2.33,15.48,10.15,2.95,8.48,0.64,20.57,0.8,1.82,,,,,19.9,66.0,1.0,111.5,,0.0,,717.0,
2024-11-05 09:00:00,23.0,81.75,2.22,16.75,10.72,3.42,8.98,0.38,24.47,0.88,1.95,,,,,22.62,62.25,1.15,99.75,,0.0,,717.0,
2024-11-05 10:00:00,24.25,89.75,2.15,18.27,11.48,2.98,9.82,0.44,27.81,0.95,2.12,,,,,24.82,59.25,1.27,116.25,,0.0,,717.0,
2024-11-05 11:00:00,26.5,91.25,2.75,21.9,13.88,2.8,10.0,0.5,25.87,0.98,2.17,,,,,25.9,56.75,1.2,126.0,,0.0,,716.25,
2024-11-05 12:00:00,21.0,93.75,2.33,17.85,11.38,3.0,9.15,0.31,33.97,0.9,1.98,,,,,26.32,55.75,1.3,121.75,,0.0,,714.5,
2024-11-05 13:00:00,18.5,79.0,1.92,17.88,11.05,3.0,9.25,0.39,35.54,0.9,2.0,,,,,26.95,54.75,1.18,115.25,,0.0,,713.5,
2024-11-05 14:00:00,20.0,74.75,1.98,17.6,10.95,2.75,9.3,0.46,35.25,0.9,2.0,,,,,27.82,53.75,1.12,123.25,,0.0,,712.75,
2024-11-05 15:00:00,20.75,82.25,2.32,19.05,12.05,2.8,9.78,0.6,28.73,0.95,2.12,,,,,28.05,53.25,1.05,93.0,,0.0,,712.0,
2024-11-05 16:00:00,23.25,88.5,2.2,18.92,11.88,3.35,9.2,0.66,27.47,0.88,1.98,,,,,27.38,54.0,1.05,89.5,,0.0,,712.75,
2024-11-05 17:00:00,25.75,96.5,2.8,22.9,14.42,3.38,9.65,0.99,13.71,0.95,2.08,,,,,26.28,54.5,0.68,95.25,,0.0,,713.5,
2024-11-05 18:00:00,34.75,151.5,3.38,35.7,21.72,2.75,11.32,2.7,5.94,1.1,2.45,,,,,24.62,56.5,0.32,142.75,,0.0,,714.5,
2024-11-05 19:00:00,46.25,230.0,3.85,35.5,22.02,5.35,12.4,2.94,5.82,1.2,2.7,,,,,23.3,58.5,0.3,119.75,,0.0,,715.5,
2024-11-05 20:00:00,47.0,216.75,3.65,33.67,20.88,5.45,12.18,2.42,6.2,1.18,2.62,,,,,22.55,60.25,0.22,121.75,,0.0,,716.25,
2024-11-05 21:00:00,47.0,172.25,2.78,23.18,14.58,4.58,9.88,0.66,9.24,0.95,2.12,,,,,22.0,61.25,0.32,115.5,,0.0,,717.0,
2024-11-05 22:00:00,47.0,132.75,2.05,21.67,13.23,2.88,9.7,0.48,10.94,0.95,2.1,,,,,21.6,62.0,0.42,113.25,,0.0,,717.0,
2024-11-05 23:00:00,46.5,136.0,2.12,21.1,12.92,2.22,9.62,0.31,11.96,0.92,2.1,,,,,21.1,62.0,0.25,173.25,,0.0,,716.25,
2024-11-06 00:00:00,45.75,130.75,2.28,21.58,13.32,1.88,8.55,0.32,7.74,0.85,1.85,,,,,20.3,62.25,0.2,147.0,,0.0,,716.0,
2024-11-06 01:00:00,47.5,132.75,2.1,20.05,12.38,2.45,7.82,0.56,7.74,0.75,1.68,,,,,19.62,63.25,0.3,202.0,,0.0,,715.5,
2024-11-06 02:00:00,46.25,129.0,2.28,21.12,13.05,1.98,7.88,0.17,7.44,0.78,1.72,,,,,19.3,64.0,0.25,205.25,,0.0,,715.0,
2024-11-06 03:00:00,48.5,118.25,2.15,22.75,13.85,1.62,8.02,0.12,6.32,0.78,1.75,,,,,18.9,64.25,0.2,176.5,,0.0,,715.0,
2024-11-06 04:00:00,51.5,115.0,2.0,20.42,12.48,2.15,8.0,0.07,7.89,0.8,1.72,,,,,18.55,65.0,0.2,79.5,,0.0,,715.0,
2024-11-06 05:00:00,49.0,131.75,2.2,23.12,14.08,2.15,8.57,0.8,6.38,0.82,1.88,,,,,18.35,65.0,0.2,57.0,,0.0,,715.5,
2024-11-06 06:00:00,56.5,178.5,2.22,30.33,17.92,1.88,9.35,1.01,5.87,0.9,2.05,,,,,18.15,65.0,0.28,166.75,,0.0,,716.25,
2024-11-06 07:00:00,60.5,206.0,2.25,30.52,18.05,2.52,9.95,0.79,8.21,0.95,2.17,,,,,18.42,65.25,0.35,120.25,,0.0,,717.0,
2024-11-06 08:00:00,54.75,152.5,2.22,21.12,13.02,3.08,8.8,0.79,16.98,0.85,1.9,,,,,20.48,64.0,1.2,101.5,,0.0,,717.75,
2024-11-06 09:00:00,43.25,140.5,2.52,21.3,13.38,2.72,9.78,0.91,21.52,0.92,2.1,,,,,23.22,57.0,1.52,143.75,,0.0,,718.0,
2024-11-06 10:00:00,45.25,150.0,2.85,21.32,13.7,2.92,10.15,0.75,23.38,1.0,2.2,,,,,24.85,54.0,1.7,134.5,,0.0,,717.5,
2024-11-06 11:00:00,40.0,138.5,2.85,21.5,13.78,2.68,9.95,0.6,23.44,1.0,2.12,,,,,26.25,54.0,1.5,154.5,,0.0,,716.5,
2024-11-06 12:00:00,39.75,136.75,2.22,19.23,12.05,2.88,10.45,0.48,26.19,1.0,2.25,,,,,27.52,53.5,1.45,162.5,,0.0,,715.0,
2024-11-06 13:00:00,37.5,125.5,2.02,18.68,11.6,2.6,9.6,0.33,25.14,0.9,2.1,,,,,28.3,52.0,1.38,130.5,,0.0,,714.0,
2024-11-06 14:00:00,32.5,116.5,2.2,18.77,11.78,2.33,9.22,0.32,22.97,0.9,2.0,,,,,28.5,51.75,1.35,126.0,,0.0,,713.25,
2024-11-06 15:00:00,32.0,103.75,2.25,20.4,12.68,2.78,9.22,0.48,18.08,0.9,2.0,,,,,28.05,51.25,1.02,123.0,,0.0,,713.0,
2024-11-06 16:00:00,34.75,110.75,2.33,21.45,13.32,3.03,9.3,0.58,14.94,0.9,2.0,,,,,27.42,52.0,1.15,99.0,,0.0,,713.0,
2024-11-06 17:00:00,35.25,131.75,2.75,23.52,14.72,4.0,9.95,1.23,8.5,1.0,2.15,,,,,26.58,52.75,1.15,83.25,,0.0,,713.5,
2024-11-06 18:00:00,39.5,152.0,3.35,26.25,16.7,4.52,10.45,1.88,6.59,1.02,2.28,,,,,25.25,55.5,0.7,98.5,,0.0,,714.25,
2024-11-06 19:00:00,42.5,153.25,3.52,23.65,15.45,6.22,10.42,1.74,6.64,1.0,2.25,,,,,24.02,57.75,0.4,114.5,,0.0,,715.25,
2024-11-06 20:00:00,45.25,156.75,3.12,24.38,15.52,5.2,9.8,1.38,7.88,0.98,2.1,,,,,23.52,60.0,1.4,91.25,,0.0,,716.0,
2024-11-06 21:00:00,40.0,150.5,2.55,22.5,14.05,3.28,9.48,1.26,6.38,0.92,2.05,,,,,23.45,60.0,0.78,104.0,,0.0,,716.0,
2024-11-06 22:00:00,39.75,128.75,2.25,21.22,13.1,3.3,9.4,1.11,6.48,0.95,2.0,,,,,22.9,60.25,0.62,121.75,,0.0,,716.0,
2024-11-06 23:00:00,38.75,108.75,1.78,17.32,10.65,2.8,8.7,1.02,6.08,0.88,1.88,,,,,22.38,61.75,0.6,119.75,,0.0,,716.0,
2024-11-07 00:00:00,37.5,93.25,1.9,16.3,10.2,2.48,8.35,0.87,8.21,0.8,1.85,,,,,21.52,64.25,0.45,148.75,,0.0,,715.25,
2024-11-07 01:00:00,38.0,86.25,1.48,16.48,9.95,2.35,8.7,0.46,7.93,0.82,1.88,,,,,20.92,65.0,0.85,145.25,,0.0,,714.75,
2024-11-07 02:00:00,44.0,91.25,1.62,15.5,9.52,2.35,8.52,0.76,10.32,0.82,1.85,,,,,20.7,65.0,0.88,113.75,,0.0,,714.0,
2024-11-07 03:00:00,43.5,95.0,1.32,15.72,9.45,2.22,9.82,0.91,7.5,0.98,2.12,,,,,20.62,65.0,0.82,123.75,,0.0,,714.0,
2024-11-07 04:00:00,42.0,94.0,1.78,15.5,9.7,2.35,9.28,0.92,6.91,0.9,2.0,,,,,20.32,65.0,1.12,117.75,,0.0,,714.0,
2024-11-07 05:00:00,41.25,90.5,2.15,16.38,10.5,2.15,9.0,0.52,6.12,0.9,1.98,,,,,20.05,65.0,1.0,124.5,,0.0,,714.5,
2024-11-07 06:00:00,38.25,93.5,2.4,17.62,11.35,2.12,9.25,0.58,4.87,0.9,2.0,,,,,19.97,65.25,0.8,143.5,,0.0,,715.25,
2024-11-07 07:00:00,38.5,111.25,1.52,20.15,11.98,2.28,9.25,0.61,13.62,0.9,2.0,,,,,20.38,66.0,1.08,124.5,,0.0,,716.25,
2024-11-07 08:00:00,47.25,126.75,1.7,19.68,11.85,3.12,9.22,0.69,25.88,0.88,1.98,,,,,21.25,65.75,1.0,132.5,,0.0,,717.0,
2024-11-07 09:00:00,47.25,129.5,2.35,18.27,11.62,3.32,9.57,0.73,34.36,0.9,2.08,,,,,22.8,64.25,1.23,140.75,,0.0,,717.5,
2024-11-07 10:00:00,34.25,114.5,2.78,20.35,13.08,2.7,9.82,0.76,31.8,0.95,2.12,,,,,24.92,61.25,1.42,142.75,,0.0,,717.0,
2024-11-07 11:00:00,28.75,116.25,2.87,23.43,14.77,3.23,9.9,0.8,24.94,0.95,2.15,,,,,26.52,59.25,1.38,167.5,,0.0,,716.0,
2024-11-07 12:00:00,27.75,109.25,2.72,21.58,13.7,4.1,9.43,0.76,26.7,0.92,2.02,,,,,25.52,60.0,1.48,155.25,,0.0,,715.0,
2024-11-07 13:00:00,27.5,111.25,2.55,19.08,12.2,2.85,9.32,0.8,28.08,0.9,2.02,,,,,24.88,60.5,0.98,136.25,,0.0,,714.5,
2024-11-07 14:00:00,27.75,106.75,2.8,20.75,13.3,3.12,9.4,0.81,23.35,0.9,2.05,,,,,24.5,62.0,1.2,117.75,,0.0,,713.5,
2024-11-07 15:00:00,24.0,105.75,2.38,20.15,12.68,3.65,9.5,0.71,21.5,0.92,2.05,,,,,24.55,62.25,0.75,112.75,,0.0,,713.0,
2024-11-07 16:00:00,23.5,96.75,2.6,19.6,12.58,3.88,9.68,0.68,18.18,0.92,2.08,,,,,24.68,63.0,0.7,125.5,,0.0,,713.0,
2024-11-07 17:00:00,22.0,100.25,2.8,21.32,13.62,4.4,9.9,1.16,14.2,0.98,2.12,,,,,24.62,63.0,0.68,114.0,,0.0,,714.0,
2024-11-07 18:00:00,22.5,99.5,3.18,18.85,12.62,5.58,9.38,1.36,15.78,0.9,2.02,,,,,24.3,64.0,0.88,97.5,,0.0,,714.75,
2024-11-07 19:00:00,24.75,85.5,3.15,19.25,12.8,6.45,9.95,1.37,14.79,0.95,2.15,,,,,22.92,67.0,0.75,99.25,,0.0,,715.75,
2024-11-07 20:00:00,26.5,84.0,2.9,19.08,12.48,6.0,9.8,1.04,13.56,0.92,2.12,,,,,22.32,67.25,0.8,95.25,,0.0,,716.75,
2024-11-07 21:00:00,23.75,77.75,2.85,17.75,11.78,3.72,9.1,0.4,15.43,0.9,1.95,,,,,22.02,68.0,0.9,80.75,,0.0,,717.0,
2024-11-07 22:00:00,19.25,57.25,2.4,16.8,10.88,3.05,9.55,0.2,16.71,0.95,2.05,,,,,21.72,68.0,0.92,83.75,,0.0,,716.75,
2024-11-07 23:00:00,17.25,51.75,2.1,16.05,10.25,2.78,8.72,0.04,16.2,0.85,1.9,,,,,21.38,68.25,0.72,81.25,,0.0,,716.0,
2024-11-08 00:00:00,16.5,49.25,2.0,15.52,9.88,2.42,8.45,0.03,17.94,0.8,1.85,,,,,20.9,69.0,0.72,94.0,,0.0,,716.0,
2024-11-08 01:00:00,14.0,53.5,1.78,16.32,10.12,2.17,8.32,0.12,14.89,0.8,1.78,,,,,20.52,69.0,0.57,154.25,,0.0,,715.0,
2024-11-08 02:00:00,21.75,75.25,1.92,15.35,9.7,2.28,9.18,,17.22,0.9,1.98,,,,,20.2,69.0,1.0,88.25,,0.0,,715.0,
2024-11-08 03:00:00,25.75,55.0,1.65,14.98,9.32,2.42,9.3,,16.21,0.9,2.02,,,,,19.82,68.75,0.62,105.5,,0.0,,714.0,
2024-11-08 04:00:00,22.25,53.75,1.75,15.15,9.5,2.4,8.6,,14.12,0.82,1.88,,,,,19.5,67.75,0.7,93.25,,0.0,,714.5,
2024-11-08 05:00:00,23.25,59.5,1.62,16.33,10.0,2.5,8.98,0.49,12.66,0.88,1.95,,,,,19.15,67.0,0.6,103.75,,0.0,,715.0,
2024-11-08 06:00:00,25.25,93.5,1.7,17.48,10.68,2.3,8.78,0.62,10.1,0.85,1.9,,,,,18.95,67.0,0.5,129.75,,0.0,,715.75,
2024-11-08 07:00:00,30.25,105.5,2.02,20.4,12.52,2.22,9.57,0.55,9.95,0.92,2.08,,,,,19.0,67.75,1.08,126.5,,0.0,,716.25,
2024-11-08 08:00:00,31.0,88.5,1.82,19.05,11.65,2.82,9.68,0.2,18.5,0.95,2.08,,,,,20.38,68.25,1.0,127.0,,0.0,,717.0,
2024-11-08 09:00:00,20.75,79.0,2.05,17.62,11.02,3.0,9.12,0.6,26.78,0.9,1.98,,,,,23.28,62.25,1.32,126.5,,0.0,,717.0,
2024-11-08 10:00:00,17.0,83.5,1.88,17.65,10.9,3.22,9.72,0.7,30.28,0.92,2.12,,,,,25.38,59.25,1.68,118.75,,0.0,,716.5,
2024-11-08 11:00:00,16.25,86.0,2.5,17.82,11.52,3.05,10.07,0.48,35.83,1.0,2.15,,,,,26.75,56.25,1.7,130.0,,0.0,,715.5,
2024-11-08 12:00:00,14.5,77.75,2.35,17.73,11.35,2.95,10.42,0.44,39.18,1.0,2.25,,,,,27.8,53.75,1.48,116.25,,0.0,,714.5,
2024-11-08 13:00:00,16.5,70.25,2.25,15.98,10.3,3.12,9.65,0.45,42.94,0.92,2.1,,,,,28.85,52.75,1.38,130.75,,0.0,,713.25,
2024-11-08 14:00:00,17.75,67.75,2.08,17.52,11.0,2.38,9.25,0.54,36.21,0.9,1.98,,,,,29.08,52.0,1.23,115.5,,0.0,,712.5,
2024-11-08 15:00:00,15.5,69.5,1.95,18.8,11.62,2.8,9.55,0.7,31.66,0.92,2.05,,,,,28.5,52.25,1.12,118.5,,0.0,,712.0,
2024-11-08 16:00:00,13.25,79.75,2.8,19.2,12.48,3.65,9.38,0.83,25.36,0.92,2.02,,,,,28.58,52.75,0.92,89.5,,0.0,,712.25,
2024-11-08 17:00:00,19.25,90.0,2.78,21.58,13.75,3.98,9.82,0.78,17.62,0.98,2.1,,,,,27.5,52.75,0.78,84.25,,0.0,,713.25,
2024-11-08 18:00:00,18.25,101.5,3.45,21.78,14.38,5.15,10.48,1.4,13.97,1.0,2.25,,,,,25.9,55.75,0.68,88.75,,0.0,,714.25,
2024-11-08 19:00:00,22.5,118.5,3.25,21.72,14.18,5.48,10.25,1.68,14.96,1.0,2.22,,,,,24.58,58.75,0.62,108.0,,0.0,,715.25,
2024-11-08 20:00:00,26.25,121.25,2.4,20.75,12.98,3.78,10.05,1.32,14.25,0.98,2.17,,,,,23.98,61.5,0.98,105.5,,0.0,,716.0,
2024-11-08 21:00:00,30.75,118.25,2.62,21.3,13.48,4.28,9.48,0.68,14.76,0.92,2.02,,,,,23.02,63.5,1.25,76.75,,0.0,,716.5,
2024-11-08 22:00:00,22.0,87.25,2.48,17.12,11.12,3.15,8.6,0.26,18.74,0.85,1.85,,,,,21.98,65.5,0.98,90.0,,0.0,,716.25,
2024-11-08 23:00:00,15.25,52.75,1.8,15.82,9.88,2.72,8.75,0.15,17.86,0.82,1.92,,,,,21.18,67.0,0.8,96.0,,0.0,,716.0,
2024-11-09 00:00:00,12.75,45.75,1.7,15.45,9.57,2.48,6.8,0.07,19.1,0.65,1.5,,,,,20.7,67.25,0.98,97.0,,0.0,,715.5,
2024-11-09 01:00:00,12.0,44.5,2.05,14.72,9.48,2.45,6.05,0.47,22.4,0.6,1.3,,,,,20.4,68.0,1.05,94.75,,0.0,,715.0,
2024-11-09 02:00:00,12.0,43.0,1.72,14.65,9.2,2.35,6.12,0.46,22.36,0.6,1.3,,,,,20.32,67.75,0.88,87.75,,0.0,,715.0,
2024-11-09 03:00:00,12.5,43.25,1.65,14.78,9.2,2.32,5.85,0.42,21.34,0.6,1.25,,,,,20.03,66.75,0.88,104.0,,0.0,,715.0,
2024-11-09 04:00:00,14.0,42.25,1.62,14.68,9.12,2.3,6.0,0.42,22.01,0.6,1.27,,,,,19.73,66.25,0.88,88.25,,0.0,,715.0,
2024-11-09 05:00:00,14.0,43.33,1.4,15.68,9.43,2.15,6.28,0.51,16.11,0.6,1.35,,,,,19.33,66.75,0.62,101.5,,0.0,,715.25,
2024-11-09 06:00:00,15.0,60.5,1.58,17.3,10.5,2.4,6.45,0.57,12.49,0.62,1.4,,,,,18.98,66.0,0.48,95.0,,0.0,,716.25,
2024-11-09 07:00:00,20.75,72.0,1.65,15.88,9.77,2.6,6.82,0.6,15.89,0.68,1.48,,,,,19.17,66.25,0.62,114.0,,0.0,,717.0,
2024-11-09 08:00:00,24.5,68.75,2.12,17.05,10.8,2.42,6.82,0.64,22.05,0.68,1.48,,,,,20.7,65.25,1.08,124.25,,0.0,,717.5,
2024-11-09 09:00:00,12.75,76.75,1.78,16.05,9.98,2.65,6.45,0.66,33.02,0.62,1.4,,,,,23.35,59.0,1.27,112.75,,0.0,,717.5,
2024-11-09 10:00:00,17.75,73.5,1.68,15.8,9.78,2.85,7.15,0.51,38.53,0.7,1.52,,,,,25.45,55.5,1.3,111.25,,0.0,,717.0,
2024-11-09 11:00:00,14.75,68.5,2.12,18.42,11.52,2.4,7.08,0.38,33.24,0.7,1.5,,,,,27.08,53.0,1.58,138.25,,0.0,,716.0,
2024-11-09 12:00:00,8.0,71.0,2.3,16.58,10.68,2.95,7.32,0.28,38.49,0.7,1.58,,,,,27.98,49.75,1.52,117.75,,0.0,,714.75,
2024-11-09 13:00:00,7.25,54.0,1.88,15.25,9.62,2.5,6.28,0.52,42.32,0.6,1.35,,,,,28.25,49.0,1.32,108.75,,0.0,,713.75,
2024-11-09 14:00:00,5.5,50.5,1.88,16.02,10.07,2.5,6.65,0.55,40.31,0.65,1.45,,,,,28.6,48.75,1.48,111.0,,0.0,,713.0,
2024-11-09 15:00:00,7.5,61.75,2.0,16.58,10.48,2.5,6.75,0.64,35.51,0.65,1.48,,,,,29.15,48.25,1.0,113.25,,0.0,,712.75,
2024-11-09 16:00:00,10.75,75.75,2.02,19.35,11.92,2.42,6.52,0.78,25.75,0.62,1.42,,,,,28.62,49.5,1.35,100.75,,0.0,,713.0,
2024-11-09 17:00:00,15.5,92.25,2.42,20.52,12.9,2.88,6.52,0.9,18.36,0.65,1.4,,,,,26.98,51.5,1.08,113.25,,0.0,,713.75,
2024-11-09 18:00:00,14.5,119.75,2.48,26.25,15.98,2.68,7.52,1.6,9.16,0.72,1.62,,,,,25.0,53.5,0.55,125.25,,0.0,,714.25,
2024-11-09 19:00:00,16.75,127.5,2.85,25.22,15.75,3.08,7.38,1.64,9.57,0.72,1.6,,,,,23.62,55.25,0.6,113.25,,0.0,,715.25,
2024-11-09 20:00:00,20.25,126.5,3.0,23.45,14.92,3.15,7.65,1.74,8.4,0.75,1.68,,,,,22.85,56.0,0.38,136.0,,0.0,,716.0,
2024-11-09 21:00:00,24.75,127.0,1.88,24.82,14.73,2.72,7.72,0.59,7.4,0.75,1.68,,,,,21.95,56.25,0.42,163.25,,0.0,,716.25,
2024-11-09 22:00:00,25.25,116.75,2.52,20.68,13.02,2.6,7.3,0.11,9.02,0.7,1.58,,,,,21.38,57.5,0.35,138.25,,0.0,,717.0,
2024-11-09 23:00:00,20.5,90.75,2.53,19.6,12.48,2.52,7.15,0.0,11.71,0.7,1.52,,,,,20.9,59.5,0.4,90.75,,0.0,,716.5,
2024-11-10 00:00:00,21.5,77.5,1.82,16.7,10.35,2.48,6.43,,19.2,0.63,1.4,,,,,20.55,61.5,0.57,90.0,,0.0,,716.0,
2024-11-10 01:00:00,19.5,72.0,1.32,15.92,9.55,2.42,6.7,0.53,21.78,0.65,1.45,,,,,20.27,63.5,0.45,109.25,,0.0,,716.0,
2024-11-10 02:00:00,19.5,58.5,1.82,15.48,9.7,2.12,6.48,0.48,20.68,0.62,1.38,,,,,19.82,65.5,0.68,84.75,,0.0,,715.25,
2024-11-10 03:00:00,23.0,52.0,1.8,14.45,9.12,2.35,6.08,0.43,22.06,0.6,1.3,,,,,19.42,66.75,0.82,99.0,,0.0,,715.0,
2024-11-10 04:00:00,19.75,46.25,1.68,14.68,9.18,2.25,5.62,0.42,20.4,0.57,1.2,,,,,18.8,65.75,0.3,107.25,,0.0,,715.0,
2024-11-10 05:00:00,22.5,57.0,1.98,17.02,10.65,1.98,5.95,0.63,10.52,0.6,1.27,,,,,18.45,65.25,0.25,112.5,,0.0,,715.25,
2024-11-10 06:00:00,33.5,95.75,2.05,20.1,12.38,1.7,6.38,0.75,7.8,0.62,1.38,,,,,18.32,66.25,0.28,154.75,,0.0,,716.0,
2024-11-10 07:00:00,36.75,124.5,1.52,22.2,13.05,1.88,6.72,0.74,9.81,0.65,1.45,,,,,18.67,67.75,0.35,152.75,,0.0,,716.75,
2024-11-10 08:00:00,41.0,127.25,2.12,16.92,10.75,2.38,6.08,0.6,17.01,0.6,1.3,,,,,20.25,68.5,0.8,146.75,,0.0,,717.0,
2024-11-10 09:00:00,37.25,110.0,2.05,16.38,10.38,2.4,6.3,0.54,24.58,0.6,1.35,,,,,23.12,62.25,1.12,149.75,,0.0,,717.25,
2024-11-10 10:00:00,32.5,102.0,2.5,16.12,10.62,2.58,7.02,0.64,27.95,0.7,1.5,,,,,25.35,56.5,1.35,133.5,,0.0,,716.75,
2024-11-10 11:00:00,24.5,99.25,2.17,16.95,10.78,2.17,6.28,0.56,28.09,0.6,1.35,,,,,26.75,53.75,1.5,112.75,,0.0,,715.75,
2024-11-10 12:00:00,23.25,84.0,1.92,16.2,10.18,2.2,6.4,0.51,28.4,0.62,1.38,,,,,28.0,49.5,1.58,150.0,,0.0,,714.5,
2024-11-10 13:00:00,22.25,88.25,2.28,16.42,10.58,2.35,7.15,0.86,27.88,0.7,1.52,,,,,28.62,48.25,1.35,141.25,,0.0,,713.5,
2024-11-10 14:00:00,17.75,84.25,1.88,17.65,10.9,1.8,7.32,0.95,24.92,0.72,1.58,,,,,28.68,49.0,1.4,147.0,,0.0,,712.75,
2024-11-10 15:00:00,20.0,92.25,1.82,19.15,11.68,2.15,6.62,1.09,20.55,0.62,1.45,,,,,28.68,49.0,1.4,158.5,,0.0,,712.0,
2024-11-10 16:00:00,19.5,103.75,2.12,18.3,11.45,2.28,6.35,1.23,19.68,0.62,1.35,,,,,28.6,49.0,1.2,141.0,,0.0,,712.75,
2024-11-10 17:00:00,18.25,105.75,2.3,20.5,12.8,1.95,6.2,0.55,13.14,0.6,1.35,,,,,27.22,49.5,0.57,137.5,,0.0,,713.0,
2024-11-10 18:00:00,22.5,129.75,2.5,25.02,15.32,1.55,6.6,0.88,6.51,0.65,1.42,,,,,25.3,51.5,0.32,137.75,,0.0,,713.75,
2024-11-10 19:00:00,32.5,144.0,2.38,24.55,14.98,2.2,6.5,1.0,7.96,0.62,1.4,,,,,23.7,53.75,0.75,105.5,,0.0,,714.5,
2024-11-10 20:00:00,31.5,121.0,2.2,20.72,12.8,2.58,5.98,0.77,10.65,0.57,1.32,,,,,23.4,56.25,0.88,114.75,,0.0,,715.5,
2024-11-10 21:00:00,33.25,104.0,2.17,19.32,12.02,2.7,5.7,0.54,10.23,0.55,1.25,,,,,23.2,57.75,0.65,83.25,,0.0,,716.0,
2024-11-10 22:00:00,34.0,100.25,2.05,19.05,11.8,2.3,6.28,0.68,7.07,0.6,1.38,,,,,22.35,59.75,0.4,136.0,,0.0,,716.0,
2024-11-10 23:00:00,,103.0,1.78,18.7,11.4,2.52,6.82,0.57,7.55,0.68,1.48,,,,,21.4,58.5,0.22,96.5,,0.0,,716.0,
2024-11-11 00:00:00,,86.75,1.8,15.5,9.7,2.38,6.37,0.32,11.04,0.63,1.4,,,,,20.7,57.0,0.57,109.25,,0.0,,715.0,
2024-11-11 01:00:00,,71.25,1.6,14.7,9.12,2.22,7.18,0.42,11.14,0.7,1.52,,,,,20.27,57.0,0.57,88.75,,0.0,,715.0,
2024-11-11 02:00:00,,61.0,1.52,14.52,8.93,2.22,7.0,0.38,9.49,0.7,1.52,,,,,19.85,57.25,0.72,108.25,,0.0,,714.0,
2024-11-11 03:00:00,,57.5,1.72,14.32,9.0,2.1,7.18,0.38,10.7,0.68,1.55,,,,,19.6,58.0,0.6,92.25,,0.0,,714.0,
2024-11-11 04:00:00,,66.0,1.6,14.4,8.98,2.17,6.75,0.38,7.34,0.68,1.45,,,,,19.2,58.0,0.35,115.75,,0.0,,714.0,
2024-11-11 05:00:00,,71.25,1.82,16.35,10.2,1.8,6.88,0.57,6.74,0.7,1.5,,,,,18.85,58.0,0.28,110.25,,0.0,,714.5,
2024-11-11 06:00:00,60.0,92.0,2.12,21.62,13.25,1.38,7.42,0.82,4.56,0.72,1.58,,,,,18.7,58.0,0.32,173.25,,0.0,,715.25,
2024-11-11 07:00:00,58.25,129.75,1.88,20.3,12.28,2.45,7.62,0.88,3.78,0.72,1.65,,,,,18.9,58.0,0.98,109.75,,0.0,,716.0,
2024-11-11 08:00:00,55.0,121.5,2.52,19.55,12.45,3.12,6.75,0.98,3.97,0.68,1.45,,,,,20.12,58.0,1.05,127.5,,0.0,,717.0,
2024-11-11 09:00:00,62.0,137.5,2.1,17.73,11.15,2.98,7.42,0.75,2.09,0.7,1.6,,,,,22.5,57.75,1.45,129.0,,0.0,,716.5,
2024-11-11 10:00:00,65.5,146.0,2.5,18.58,11.9,2.62,7.8,0.76,1.62,0.75,1.65,,,,,24.3,57.0,1.88,154.0,,0.0,,716.0,
2024-11-11 11:00:00,66.0,146.5,2.08,19.95,12.32,2.58,7.82,0.68,16.64,0.75,1.7,,,,,25.52,56.25,1.8,154.25,,0.0,,714.75,
2024-11-11 12:00:00,55.5,130.75,2.12,16.77,10.68,2.62,7.75,0.55,11.4,0.75,1.68,,,,,26.7,53.5,1.5,113.5,,0.0,,713.5,
2024-11-11 13:00:00,31.5,107.5,1.72,16.83,10.38,2.4,7.45,0.54,11.48,0.72,1.6,,,,,27.52,51.5,1.4,137.5,,0.0,,712.5,
2024-11-11 14:00:00,27.5,111.25,2.05,17.58,11.05,2.42,7.55,0.6,12.9,0.7,1.65,,,,,28.28,50.25,1.32,126.0,,0.0,,712.0,
2024-11-11 15:00:00,30.25,114.25,2.35,20.52,12.8,2.42,7.8,0.78,14.71,0.78,1.7,,,,,28.32,51.25,1.48,118.0,,0.0,,711.0,
2024-11-11 16:00:00,35.0,137.75,2.35,21.15,13.15,3.08,7.92,0.87,16.38,0.78,1.72,,,,,27.38,52.25,1.3,94.5,,0.0,,711.5,
2024-11-11 17:00:00,40.0,175.0,2.58,25.48,15.62,2.92,8.72,1.33,19.76,0.82,1.9,,,,,25.85,53.5,0.78,111.0,,0.0,,712.0,
2024-11-11 18:00:00,45.0,218.0,3.42,28.82,18.1,4.1,8.7,2.19,19.77,0.88,1.88,,,,,24.88,55.5,0.88,110.25,,0.0,,713.0,
2024-11-11 19:00:00,46.75,251.5,3.2,33.65,20.55,4.9,9.95,3.12,22.59,0.98,2.17,,,,,24.0,57.25,0.6,134.5,,0.0,,713.75,
2024-11-11 20:00:00,58.5,314.0,3.32,27.98,17.58,5.03,8.8,1.96,21.72,0.85,1.9,,,,,23.2,58.25,0.6,98.75,,0.0,,714.75,
2024-11-11 21:00:00,48.75,211.0,2.82,23.4,14.75,3.55,8.55,0.85,20.98,0.85,1.85,,,,,22.4,59.0,0.35,126.5,,0.0,,715.0,
2024-11-11 22:00:00,42.75,155.25,2.75,21.4,13.65,2.62,7.72,0.55,20.38,0.75,1.65,,,,,21.68,59.0,0.25,133.0,,0.0,,715.0,
2024-11-11 23:00:00,43.75,133.25,2.28,19.42,12.15,2.22,7.68,0.38,15.84,0.75,1.68,,,,,21.32,59.0,0.48,142.25,,0.0,,714.75,
2024-11-12 00:00:00,38.75,125.75,2.0,17.4,10.9,2.33,7.05,0.21,9.72,0.7,1.5,,,,,21.48,59.5,0.62,102.5,,0.0,,714.0,
2024-11-12 01:00:00,36.25,97.75,2.2,17.48,11.1,2.02,7.52,0.51,12.35,0.72,1.62,,,,,21.68,61.25,0.5,164.25,,0.0,,713.25,
2024-11-12 02:00:00,39.75,116.0,1.98,16.9,10.62,2.0,7.85,0.43,8.9,0.75,1.68,,,,,21.58,62.0,0.35,192.75,,0.0,,712.75,
2024-11-12 03:00:00,39.5,113.75,1.68,17.5,10.65,2.05,7.55,0.38,8.9,0.72,1.62,,,,,21.48,62.25,0.7,138.5,,0.0,,712.0,
2024-11-12 04:00:00,43.5,109.0,1.55,16.98,10.28,2.1,7.02,0.38,3.7,0.7,1.5,,,,,21.4,63.0,1.0,165.75,,0.0,,712.75,
2024-11-12 05:00:00,50.75,134.25,1.52,17.35,10.45,1.98,7.65,0.37,1.66,0.75,1.65,,,,,21.32,63.0,0.82,125.75,,0.0,,713.0,
2024-11-12 06:00:00,50.75,123.5,1.9,19.33,11.82,1.75,8.22,0.61,10.8,0.8,1.8,,,,,21.05,62.75,0.65,207.25,,0.0,,713.75,
2024-11-12 07:00:00,53.75,161.75,2.17,21.25,13.08,2.12,7.82,0.89,12.18,0.8,1.7,,,,,21.02,62.0,0.73,138.75,,0.0,,714.5,
2024-11-12 08:00:00,54.0,163.0,2.1,21.57,13.17,2.2,8.57,1.0,6.42,0.82,1.88,,,,,21.45,61.5,1.4,98.0,,0.0,,715.25,
2024-11-12 09:00:00,47.0,163.0,2.7,18.8,12.2,3.2,7.85,0.99,11.19,0.78,1.7,,,,,21.78,59.25,1.62,132.75,,0.0,,715.5,
2024-11-12 10:00:00,42.75,164.25,2.25,18.32,11.55,3.12,7.3,0.89,7.72,0.7,1.6,,,,,22.35,57.25,1.5,129.75,,0.0,,715.5,
2024-11-12 11:00:00,39.75,133.75,2.17,18.6,11.65,2.7,8.07,0.68,0.84,0.8,1.75,,,,,22.72,58.75,1.52,144.75,,0.0,,714.5,
2024-11-12 12:00:00,41.25,109.25,2.3,17.58,11.2,2.52,7.78,0.54,2.49,0.75,1.7,,,,,23.58,61.25,1.4,144.75,,0.0,,713.25,
2024-11-12 13:00:00,38.25,101.5,2.17,18.75,11.72,2.17,8.27,0.71,7.24,0.8,1.8,,,,,23.98,62.5,1.18,148.0,,0.0,,712.0,
2024-11-12 14:00:00,34.0,97.25,2.05,18.95,11.72,2.88,7.6,0.8,11.07,0.75,1.62,,,,,23.52,64.5,1.2,138.75,,0.0,,711.25,
2024-11-12 15:00:00,30.5,82.25,2.15,19.08,11.85,2.65,7.7,0.84,8.03,0.75,1.65,,,,,23.4,65.75,1.15,105.75,,0.0,,711.0,
2024-11-12 16:00:00,36.75,94.5,2.48,21.58,13.48,3.48,7.95,1.23,15.22,0.78,1.72,,,,,23.7,65.25,0.82,120.25,,0.0,,711.0,
2024-11-12 17:00:00,32.0,110.75,2.58,21.52,13.55,4.03,8.25,1.1,16.51,0.8,1.8,,,,,23.5,66.25,1.08,89.0,,0.0,,711.75,
2024-11-12 18:00:00,30.5,118.0,2.8,24.55,15.32,4.1,8.6,2.0,17.6,0.8,1.85,,,,,22.82,67.5,0.9,90.75,,0.0,,712.25,
2024-11-12 19:00:00,36.0,138.75,3.0,24.35,15.42,5.58,8.72,1.95,19.38,0.85,1.9,,,,,22.55,69.0,0.95,87.25,,0.0,,713.0,
2024-11-12 20:00:00,38.75,120.75,2.4,20.72,12.98,4.08,8.35,1.22,16.62,0.82,1.78,,,,,22.35,69.25,1.27,95.25,,0.0,,713.75,
2024-11-12 21:00:00,35.5,87.0,2.62,19.55,12.55,3.32,7.65,0.8,18.17,0.72,1.65,,,,,22.05,70.25,0.92,88.5,,0.0,,714.0,
2024-11-12 22:00:00,27.25,62.25,2.52,17.77,11.5,2.85,7.4,0.5,17.68,0.72,1.6,,,,,21.58,71.0,1.15,96.75,,0.0,,714.0,
2024-11-12 23:00:00,23.75,65.0,2.25,16.42,10.58,2.8,6.38,0.28,17.06,0.6,1.38,,,,,21.5,71.0,0.5,135.25,,0.0,,713.75,
2024-11-13 00:00:00,17.25,46.5,1.65,15.22,9.43,2.6,7.0,0.04,15.8,0.7,1.5,,,,,21.42,70.75,0.98,89.5,,0.0,,713.0,
2024-11-13 01:00:00,8.75,24.75,1.78,14.68,9.22,2.3,6.8,0.36,15.98,0.65,1.45,,,,,21.05,70.25,0.8,91.75,,0.0,,712.0,
2024-11-13 02:00:00,7.25,18.5,2.05,14.78,9.52,2.28,6.5,0.36,19.32,0.65,1.42,,,,,20.55,71.0,0.45,132.0,,0.0,,711.75,
2024-11-13 03:00:00,5.0,20.0,1.7,16.0,9.88,2.22,6.62,0.32,19.3,0.68,1.42,,,,,20.38,71.0,0.9,134.5,,0.0,,711.0,
2024-11-13 04:00:00,4.5,19.75,1.95,15.5,9.82,2.28,6.52,0.34,19.4,0.65,1.4,,,,,20.27,70.75,0.78,150.25,,0.0,,711.75,
2024-11-13 05:00:00,3.0,16.25,1.87,16.17,10.1,2.5,6.32,0.45,19.91,0.6,1.4,,,,,20.15,70.0,0.62,124.0,,0.0,,712.0,
2024-11-13 06:00:00,3.0,9.0,,,,,4.12,0.62,22.69,0.42,0.88,,,,,19.95,68.75,0.52,132.5,,0.0,,713.25,
2024-11-13 07:00:00,3.5,11.25,2.17,17.6,11.1,2.3,4.0,0.7,27.37,0.4,0.85,,,,,19.88,64.5,0.62,93.25,,0.0,,714.0,
2024-11-13 08:00:00,5.5,10.75,1.6,16.68,10.2,2.6,5.72,0.43,17.25,0.57,1.23,,,,,20.25,64.0,1.1,90.75,,0.0,,715.0,
2024-11-13 09:00:00,7.0,23.5,1.98,17.5,10.88,2.65,6.2,0.92,17.56,0.6,1.32,,,,,21.18,67.0,1.03,136.75,,0.0,,715.0,
2024-11-13 10:00:00,8.25,48.75,2.42,17.02,11.02,3.12,7.05,0.81,16.67,0.7,1.55,,,,,23.12,66.75,1.23,127.25,,0.0,,714.75,
2024-11-13 11:00:00,10.75,56.75,2.2,16.72,10.72,3.02,6.98,0.53,13.63,0.7,1.52,,,,,25.02,65.5,1.4,128.25,,0.0,,713.5,
2024-11-13 12:00:00,6.5,54.25,2.1,15.75,10.07,2.55,7.52,0.17,10.96,0.72,1.62,,,,,26.18,64.0,1.4,119.0,,0.0,,712.25,
2024-11-13 13:00:00,6.0,47.75,2.2,15.68,10.12,2.65,7.2,0.53,11.57,0.7,1.55,,,,,26.52,64.25,1.23,126.75,,0.0,,711.25,
2024-11-13 14:00:00,9.0,43.5,1.42,15.52,9.43,2.9,6.95,0.52,12.1,0.7,1.52,,,,,26.02,64.5,1.45,93.25,,0.0,,710.75,
2024-11-13 15:00:00,9.0,44.25,1.9,15.88,10.02,2.6,7.48,0.61,13.16,0.72,1.6,,,,,26.0,63.0,1.4,104.5,,0.0,,710.0,
2024-11-13 16:00:00,8.25,51.5,2.3,16.35,10.55,2.82,7.42,0.6,16.38,0.72,1.62,,,,,25.48,63.25,1.32,92.25,,0.0,,711.0,
2024-11-13 17:00:00,6.0,51.25,2.12,16.9,10.7,3.12,7.9,0.85,16.41,0.8,1.7,,,,,24.52,64.5,1.12,95.25,,0.0,,711.5,
2024-11-13 18:00:00,6.25,48.25,2.15,19.5,12.12,3.72,8.38,0.63,17.16,0.8,1.8,,,,,23.42,66.25,1.15,90.5,,0.0,,712.25,
2024-11-13 19:00:00,7.25,57.0,2.52,21.35,13.4,4.12,8.45,0.74,22.0,0.82,1.82,,,,,22.45,67.25,1.1,81.0,,0.0,,713.0,
2024-11-13 20:00:00,8.25,61.75,2.08,19.25,11.9,4.03,8.35,0.35,20.48,0.8,1.8,,,,,21.95,68.0,0.85,104.0,,0.0,,714.0,
2024-11-13 21:00:00,8.25,53.75,2.22,16.98,10.9,3.25,7.85,0.67,19.99,0.78,1.7,,,,,21.68,68.0,0.95,101.75,,0.0,,714.25,
2024-11-13 22:00:00,6.75,40.75,2.02,16.73,10.52,2.88,7.5,1.02,20.33,0.75,1.6,,,,,21.3,68.25,1.05,93.25,,0.0,,715.0,
2024-11-13 23:00:00,9.0,39.5,1.92,15.62,9.9,2.6,7.22,0.91,20.26,0.72,1.55,,,,,21.22,69.0,0.98,84.75,,0.0,,714.0,
2024-11-14 00:00:00,8.25,36.5,1.78,15.38,9.6,2.38,7.6,0.8,18.99,0.73,1.6,,,,,20.95,69.0,1.1,89.75,,0.0,,713.25,
2024-11-14 01:00:00,6.0,29.75,1.6,15.05,9.3,2.3,8.55,0.35,18.09,0.8,1.85,,,,,20.8,68.75,0.95,85.75,,0.0,,712.5,
2024-11-14 02:00:00,6.25,23.5,1.55,14.65,9.05,2.22,8.48,0.38,18.49,0.8,1.82,,,,,20.78,68.25,0.85,88.75,,0.0,,712.0,
2024-11-14 03:00:00,6.75,25.75,1.3,15.22,9.15,2.08,8.85,0.37,19.48,0.88,1.92,,,,,20.65,68.75,1.1,94.0,,0.0,,712.25,
2024-11-14 04:00:00,6.25,28.5,1.42,14.7,9.0,2.17,8.6,0.4,18.31,0.82,1.88,,,,,20.45,68.0,0.72,94.5,,0.0,,713.0,
2024-11-14 05:00:00,7.0,33.75,2.02,15.92,10.15,2.15,8.8,0.51,19.82,0.85,1.9,,,,,20.32,68.0,0.5,117.25,,0.0,,713.0,
2024-11-14 06:00:00,7.0,43.25,1.72,15.65,9.7,2.25,8.52,0.49,19.08,0.82,1.85,,,,,20.4,68.25,0.5,124.25,,0.0,,714.0,
2024-11-14 07:00:00,8.0,42.0,2.33,16.42,10.65,2.2,9.55,0.65,19.92,0.9,2.08,,,,,20.55,69.0,0.8,104.75,,0.0,,714.5,
2024-11-14 08:00:00,11.0,52.75,1.83,16.92,10.48,2.78,9.38,0.79,19.96,0.92,2.02,,,,,21.12,69.0,0.75,114.75,,0.0,,715.5,
2024-11-14 09:00:00,11.25,44.0,1.7,16.4,10.1,3.1,8.93,0.49,17.71,0.88,1.92,,,,,21.5,69.25,1.03,100.5,,0.0,,716.75,
2024-11-14 10:00:00,10.5,26.0,1.92,17.15,10.7,2.92,8.72,0.88,18.44,0.85,1.85,,,,,21.7,70.5,1.08,81.5,,0.0,,716.5,
2024-11-14 11:00:00,5.25,18.75,1.95,17.38,10.85,2.78,8.82,0.64,19.11,0.85,1.92,,,,,22.38,72.0,0.75,142.5,,0.0,,715.75,
2024-11-14 12:00:00,3.75,24.0,1.78,18.23,11.12,2.55,8.95,0.62,17.54,0.88,1.92,,,,,22.62,72.0,1.1,126.25,,0.0,,714.75,
2024-11-14 13:00:00,5.75,23.25,2.12,16.83,10.65,2.95,9.0,0.47,12.25,0.88,1.95,,,,,23.32,71.5,0.92,112.5,,0.0,,713.25,
2024-11-14 14:00:00,5.0,22.75,2.17,16.6,10.62,2.8,8.98,0.46,18.42,0.88,1.95,,,,,25.08,69.25,0.98,101.75,,0.0,,712.25,
2024-11-14 15:00:00,6.0,28.0,2.02,16.45,10.42,2.88,8.43,0.38,17.07,0.8,1.8,,,,,24.52,67.0,1.18,102.25,,0.0,,712.0,
2024-11-14 16:00:00,8.5,33.5,2.45,18.3,11.72,3.0,9.48,0.66,19.83,0.9,2.05,,,,,23.8,67.0,1.18,103.5,,0.0,,712.75,
2024-11-14 17:00:00,8.5,56.25,2.05,19.35,11.95,3.4,9.4,0.9,19.97,0.92,2.02,,,,,23.02,67.25,0.78,92.0,,0.0,,713.5,
2024-11-14 18:00:00,14.25,76.25,2.1,20.52,12.65,4.25,9.57,1.49,21.58,0.92,2.08,,,,,22.42,68.5,0.75,90.0,,0.0,,714.5,
2024-11-14 19:00:00,17.5,75.5,2.98,21.05,13.62,4.88,10.28,1.95,21.86,1.0,2.22,,,,,22.18,70.25,0.68,117.75,,0.0,,715.75,
2024-11-14 20:00:00,14.0,59.25,2.68,18.75,12.18,4.5,9.82,1.16,20.34,0.95,2.12,,,,,21.95,71.0,0.65,95.5,,0.0,,716.75,
2024-11-14 21:00:00,9.25,56.25,1.88,21.5,12.98,3.65,9.8,1.3,20.74,0.95,2.12,,,,,21.4,71.0,0.6,135.25,,0.0,,717.0,
2024-11-14 22:00:00,13.25,66.25,2.28,18.5,11.7,3.62,9.82,0.78,22.2,0.92,2.15,,,,,21.02,71.0,0.55,110.25,,0.0,,717.0,
2024-11-14 23:00:00,12.25,41.5,1.5,16.15,9.8,2.88,8.68,0.47,22.42,0.82,1.88,,,,,20.78,71.25,0.57,96.25,,0.0,,716.75,
2024-11-15 00:00:00,6.75,19.5,1.92,16.73,10.45,2.28,8.73,0.34,21.05,0.83,1.9,,,,,20.68,72.0,0.65,113.0,,0.0,,715.5,
2024-11-15 01:00:00,5.75,22.0,1.78,15.0,9.4,2.32,8.32,0.38,21.55,0.8,1.8,,,,,20.55,71.75,0.75,85.5,,0.0,,714.5,
2024-11-15 02:00:00,5.0,24.0,1.52,14.48,8.9,2.2,8.22,0.44,19.55,0.8,1.78,,,,,20.35,70.75,0.8,94.25,,0.0,,714.0,
2024-11-15 03:00:00,5.25,21.75,1.7,13.98,8.8,2.25,8.35,0.41,20.52,0.82,1.78,,,,,20.23,70.0,0.98,83.0,,0.0,,714.0,
2024-11-15 04:00:00,5.75,24.25,1.55,14.95,9.22,2.2,8.52,0.4,19.82,0.85,1.85,,,,,20.25,69.75,0.65,112.75,,0.0,,714.0,
2024-11-15 05:00:00,7.0,27.75,1.6,14.9,9.25,2.3,8.4,0.57,20.68,0.8,1.82,,,,,20.05,69.0,0.92,84.0,,0.0,,714.5,
2024-11-15 06:00:00,12.5,42.5,1.98,16.25,10.25,2.17,9.12,0.59,21.0,0.9,1.98,,,,,19.9,69.0,0.68,127.0,,0.0,,715.5,
2024-11-15 07:00:00,10.25,58.5,2.22,16.1,10.35,2.85,8.78,0.61,21.64,0.85,1.9,,,,,19.97,69.0,0.72,109.75,,0.0,,716.25,
2024-11-15 08:00:00,7.5,48.75,1.7,16.77,10.3,2.58,9.32,0.74,17.95,0.9,2.02,,,,,20.38,69.0,0.8,118.75,,0.0,,717.0,
2024-11-15 09:00:00,6.25,50.5,1.88,16.1,10.07,3.05,8.88,0.59,17.13,0.85,1.92,,,,,21.5,68.5,1.35,102.25,,0.0,,717.0,
2024-11-15 10:00:00,7.25,49.0,1.72,17.45,10.68,3.1,9.05,0.61,16.67,0.88,1.95,,,,,23.3,66.5,1.25,116.5,,0.0,,717.0,
2024-11-15 11:00:00,7.5,64.0,2.12,16.5,10.5,2.78,8.7,0.37,15.55,0.88,1.88,,,,,25.1,64.75,1.23,123.0,,0.0,,715.75,
2024-11-15 12:00:00,5.25,53.0,2.35,16.48,10.7,2.82,9.25,0.38,15.39,0.9,1.98,,,,,25.7,64.0,0.92,99.5,,0.0,,715.0,
2024-11-15 13:00:00,3.5,54.75,2.25,16.32,10.5,2.42,8.93,0.62,10.66,0.9,1.92,,,,,26.05,63.5,1.12,133.0,,0.0,,713.5,
2024-11-15 14:00:00,5.0,54.0,1.75,16.55,10.25,2.48,8.8,0.63,9.84,0.85,1.92,,,,,27.33,61.75,1.23,107.75,,0.0,,712.5,
2024-11-15 15:00:00,4.5,54.25,2.2,18.85,11.82,2.8,8.72,1.24,19.09,0.85,1.88,,,,,27.15,62.75,0.62,92.75,,0.0,,712.0,
2024-11-15 16:00:00,5.0,28.5,2.65,21.52,13.6,3.52,10.18,1.18,19.25,1.0,2.22,,,,,24.08,68.75,1.02,98.75,,0.0,,713.0,
2024-11-15 17:00:00,10.5,30.75,3.15,23.9,15.28,4.12,10.38,1.51,21.17,1.0,2.22,,,,,22.35,71.0,0.78,98.0,,0.0,,713.5,
2024-11-15 18:00:00,13.75,42.0,3.12,23.42,15.02,5.4,10.48,2.08,20.7,1.02,2.25,,,,,21.85,71.5,0.48,125.0,,0.0,,714.25,
2024-11-15 19:00:00,26.0,78.25,3.25,30.45,18.83,5.95,11.52,3.33,22.74,1.1,2.48,,,,,21.72,73.0,0.3,111.75,,0.0,,715.25,
2024-11-15 20:00:00,20.5,102.5,2.98,24.28,15.32,5.45,10.7,1.78,20.8,1.08,2.28,,,,,21.78,73.0,0.35,85.0,,0.0,,716.0,
2024-11-15 21:00:00,20.5,81.5,2.3,18.7,11.85,4.42,8.82,0.84,21.69,0.85,1.9,,,,,21.7,73.0,0.7,96.5,,0.0,,716.5,
2024-11-15 22:00:00,15.25,46.25,1.98,16.85,10.55,2.98,8.85,0.41,20.44,0.88,1.9,,,,,21.58,73.0,0.88,94.0,,0.0,,716.5,
2024-11-15 23:00:00,12.5,35.5,1.4,15.78,9.52,2.62,8.8,0.27,22.48,0.85,1.9,,,,,21.1,72.75,0.9,97.0,,0.0,,715.75,
2024-11-16 00:00:00,10.0,35.25,1.67,14.7,9.18,2.28,7.0,,18.93,0.7,1.53,,,,,20.72,71.75,0.95,94.75,,0.0,,715.0,
2024-11-16 01:00:00,8.0,31.0,1.62,14.38,8.98,2.38,6.22,0.39,20.16,0.6,1.38,,,,,20.48,70.75,0.9,91.75,,0.0,,714.25,
2024-11-16 02:00:00,11.0,33.5,1.6,14.52,9.02,2.2,5.85,0.46,20.09,0.6,1.27,,,,,20.38,70.0,0.82,94.75,,0.0,,714.0,
2024-11-16 03:00:00,11.0,31.5,1.98,14.35,9.2,2.28,5.88,0.37,18.91,0.6,1.3,,,,,20.25,70.0,0.92,77.75,,0.0,,714.0,
2024-11-16 04:00:00,10.5,32.5,2.15,14.82,9.62,2.1,5.82,0.42,20.5,0.6,1.25,,,,,20.08,69.75,0.3,93.25,,0.0,,713.75,
2024-11-16 05:00:00,8.5,38.25,1.38,15.3,9.28,2.12,5.9,0.3,20.01,0.57,1.27,,,,,19.95,69.0,0.35,134.25,,0.0,,714.0,
2024-11-16 06:00:00,7.25,34.25,1.7,15.08,9.4,2.28,6.43,0.36,21.41,0.6,1.4,,,,,19.77,69.0,0.88,102.5,,0.0,,714.75,
2024-11-16 07:00:00,8.75,40.5,1.68,15.52,9.6,2.12,6.38,0.38,21.45,0.6,1.38,,,,,19.9,69.5,1.05,98.0,,0.0,,715.25,
2024-11-16 08:00:00,11.0,45.0,1.85,14.92,9.43,2.35,6.02,0.4,17.02,0.6,1.3,,,,,20.92,70.0,1.32,106.0,,0.0,,716.0,
2024-11-16 09:00:00,10.5,38.25,1.42,15.48,9.43,2.33,5.65,0.69,16.14,0.55,1.2,,,,,22.42,67.25,1.15,114.0,,0.0,,716.75,
2024-11-16 10:00:00,9.0,44.25,1.6,14.9,9.25,2.45,6.25,0.66,15.86,0.6,1.35,,,,,23.33,67.75,1.15,106.25,,0.0,,716.5,
2024-11-16 11:00:00,8.5,44.5,1.9,15.92,10.0,2.25,6.15,0.55,15.14,0.6,1.32,,,,,24.28,66.5,1.35,112.75,,0.0,,715.5,
2024-11-16 12:00:00,7.25,50.25,1.72,16.12,9.98,2.4,5.78,0.66,15.03,0.6,1.25,,,,,25.5,64.5,1.2,122.25,,0.0,,714.25,
2024-11-16 13:00:00,8.0,43.0,1.92,15.82,9.95,2.7,5.52,0.58,15.44,0.55,1.18,,,,,26.72,62.5,1.27,113.5,,0.0,,713.25,
2024-11-16 14:00:00,7.75,37.0,2.03,15.22,9.75,2.52,6.62,0.64,13.16,0.65,1.45,,,,,26.92,61.25,1.27,95.5,,0.0,,712.25,
2024-11-16 15:00:00,7.0,42.75,1.7,16.15,9.98,2.8,6.12,0.9,13.28,0.62,1.32,,,,,27.4,62.0,1.1,122.0,,0.0,,711.0,
2024-11-16 16:00:00,7.5,65.25,2.0,17.85,11.12,2.62,6.52,0.94,16.56,0.65,1.42,,,,,27.12,62.75,1.05,129.25,,0.0,,711.5,
2024-11-16 17:00:00,10.0,71.75,2.08,18.25,11.42,2.8,6.7,0.77,17.77,0.65,1.42,,,,,24.72,66.0,1.15,122.0,,0.0,,712.75,
2024-11-16 18:00:00,12.0,38.25,2.4,20.42,12.85,3.28,6.92,1.57,20.42,0.68,1.48,,,,,22.38,70.0,0.5,121.25,,0.0,,713.75,
2024-11-16 19:00:00,11.25,26.0,2.62,20.0,12.8,3.97,6.45,1.41,20.22,0.6,1.4,,,,,21.35,73.25,0.85,89.75,,0.0,,714.5,
2024-11-16 20:00:00,17.5,40.75,2.02,16.98,10.7,3.42,6.18,0.6,18.48,0.6,1.3,,,,,21.15,73.75,1.12,98.0,,0.0,,715.25,
2024-11-16 21:00:00,15.5,40.25,2.08,16.05,10.25,2.62,6.5,0.87,18.04,0.65,1.42,,,,,20.95,72.5,1.1,89.5,,0.0,,716.0,
2024-11-16 22:00:00,14.75,42.5,1.52,16.12,9.8,2.42,6.02,0.7,17.63,0.6,1.32,,,,,20.8,71.0,0.9,93.5,,0.0,,716.0,
2024-11-16 23:00:00,17.5,46.5,1.68,15.88,9.8,2.28,5.88,0.57,18.35,0.55,1.27,,,,,20.78,71.0,1.1,91.25,,0.0,,715.5,
2024-11-17 00:00:00,19.75,46.0,1.8,15.22,9.57,2.12,7.33,0.76,12.16,0.7,1.57,,,,,20.65,70.75,1.12,90.5,,0.0,,715.0,
2024-11-17 01:00:00,24.25,51.25,1.7,15.55,9.68,2.1,8.38,0.79,12.67,0.8,1.82,,,,,20.42,69.75,0.88,94.25,,0.0,,714.0,
2024-11-17 02:00:00,30.0,60.25,1.9,15.78,9.98,2.2,9.4,0.82,15.38,0.9,2.05,,,,,20.2,69.0,0.65,124.5,,0.0,,713.5,
2024-11-17 03:00:00,30.75,70.5,2.0,15.68,9.98,2.22,9.02,0.88,12.81,0.9,1.95,,,,,20.23,69.25,0.6,136.25,,0.0,,713.0,
2024-11-17 04:00:00,41.0,83.25,1.8,16.82,10.42,2.0,9.45,0.9,15.34,0.92,2.02,,,,,20.27,69.75,0.6,149.0,,0.0,,713.0,
2024-11-17 05:00:00,37.5,91.75,1.7,17.75,10.8,2.17,9.55,0.62,16.44,0.95,2.05,,,,,20.1,68.75,0.45,131.0,,0.0,,713.25,
2024-11-17 06:00:00,37.5,97.75,1.72,16.25,10.05,2.35,9.2,0.76,13.42,0.9,2.0,,,,,19.77,68.25,0.8,108.0,,0.0,,714.25,
2024-11-17 07:00:00,40.5,103.25,1.8,15.82,9.88,2.08,9.12,0.64,10.28,0.9,1.98,,,,,19.9,69.0,0.9,109.25,,0.0,,715.0,
2024-11-17 08:00:00,37.5,106.5,1.45,14.88,9.1,2.35,9.25,0.55,4.53,0.9,1.98,,,,,21.02,68.5,1.35,101.5,,0.0,,715.25,
2024-11-17 09:00:00,40.0,89.0,1.7,15.02,9.35,2.18,9.02,0.5,1.39,0.9,1.92,,,,,22.95,66.5,1.2,132.5,,0.0,,716.0,
2024-11-17 10:00:00,33.25,92.0,1.95,14.78,9.45,2.28,9.07,,1.4,0.9,1.95,,,,,24.1,65.0,1.23,103.0,,0.0,,716.0,
2024-11-17 11:00:00,31.75,87.25,1.4,15.6,9.45,2.32,9.62,,1.32,0.92,2.08,,,,,24.62,64.75,1.2,112.75,,0.0,,715.25,
2024-11-17 12:00:00,31.75,96.25,1.75,15.22,9.5,2.58,9.52,,2.25,0.92,2.08,,,,,25.78,63.0,1.27,114.5,,0.0,,714.0,
2024-11-17 13:00:00,25.5,86.25,1.9,15.7,9.88,2.17,9.2,0.26,0.23,0.9,2.0,,,,,27.22,59.5,1.12,125.25,,0.0,,713.0,
2024-11-17 14:00:00,27.0,90.0,1.95,15.1,9.6,2.3,9.6,0.26,3.12,0.92,2.08,,,,,27.08,57.75,1.1,91.5,,0.0,,712.0,
2024-11-17 15:00:00,28.0,93.5,1.98,15.55,9.88,2.22,9.2,0.24,1.18,0.9,2.0,,,,,26.3,57.25,1.32,107.25,,0.0,,712.0,
2024-11-17 16:00:00,31.75,101.25,1.88,15.6,9.8,2.45,9.2,0.21,2.43,0.9,2.0,,,,,25.78,58.25,0.75,102.0,,0.0,,712.0,
2024-11-17 17:00:00,35.25,102.25,1.68,17.17,10.5,2.42,9.6,0.53,11.92,0.95,2.05,,,,,24.88,59.25,0.78,123.25,,0.0,,712.5,
2024-11-17 18:00:00,40.75,130.25,1.42,17.98,10.7,2.48,9.62,0.66,13.13,0.9,2.1,,,,,23.8,60.75,0.38,143.0,,0.0,,713.0,
2024-11-17 19:00:00,48.25,133.75,1.7,18.77,11.38,2.18,9.62,0.83,16.52,0.92,2.1,,,,,22.45,63.5,0.35,137.5,,0.0,,714.25,
2024-11-17 20:00:00,57.25,156.25,1.95,23.58,14.15,1.83,10.38,1.31,20.34,1.0,2.2,,,,,21.9,65.25,0.35,147.5,,0.0,,715.25,
2024-11-17 21:00:00,62.75,180.75,1.83,17.92,11.05,2.85,10.45,0.72,16.23,1.02,2.25,,,,,21.6,66.0,1.02,77.0,,0.0,,716.0,
2024-11-17 22:00:00,59.0,128.0,1.62,16.15,9.93,2.4,10.28,0.62,12.99,1.0,2.22,,,,,21.5,66.5,0.82,108.75,,0.0,,716.0,
2024-11-17 23:00:00,58.0,134.5,1.95,16.62,10.45,2.28,10.0,0.56,9.54,0.98,2.15,,,,,21.1,68.0,0.98,134.5,,0.0,,715.0,
2024-11-18 00:00:00,56.5,128.25,1.8,14.58,9.22,2.12,8.4,0.58,1.9,0.83,1.8,,,,,20.7,68.25,0.78,116.25,,0.0,,715.0,
2024-11-18 01:00:00,61.25,105.75,1.32,14.4,8.72,2.15,6.75,0.69,2.91,0.68,1.45,,,,,20.35,68.75,0.95,94.75,,0.0,,714.25,
2024-11-18 02:00:00,61.75,103.5,1.5,13.98,8.68,2.15,6.8,0.58,1.08,0.68,1.45,,,,,20.18,68.0,0.8,97.0,,0.0,,713.75,
2024-11-18 03:00:00,60.25,95.0,1.8,15.15,9.52,2.08,5.9,0.58,5.5,0.55,1.27,,,,,20.1,67.75,0.8,124.75,,0.0,,713.0,
2024-11-18 04:00:00,57.75,105.5,1.52,14.0,8.65,2.25,6.72,0.56,2.53,0.7,1.42,,,,,19.98,67.0,1.0,94.25,,0.0,,713.0,
2024-11-18 05:00:00,57.5,92.5,1.4,14.82,9.02,2.17,6.55,0.54,3.82,0.6,1.4,,,,,19.58,67.0,0.98,95.0,,0.0,,713.75,
2024-11-18 06:00:00,58.75,95.75,1.7,14.8,9.28,2.2,6.48,0.59,3.99,0.6,1.4,,,,,19.48,67.0,1.1,102.5,,0.0,,714.75,
2024-11-18 07:00:00,59.0,104.75,1.68,15.2,9.48,2.2,6.85,0.66,2.67,0.7,1.48,,,,,19.52,66.75,1.0,104.75,,0.0,,715.75,
2024-11-18 08:00:00,61.75,126.0,2.28,16.3,10.48,2.33,6.38,0.94,4.72,0.6,1.38,,,,,20.3,65.5,1.15,117.5,,0.0,,716.0,
2024-11-18 09:00:00,60.5,148.75,1.88,16.52,10.32,2.68,6.02,0.64,,0.6,1.32,,,,,21.75,63.5,1.12,130.0,,0.0,,716.75,
2024-11-18 10:00:00,56.75,125.25,1.62,16.25,9.93,2.42,5.8,0.58,,0.55,1.25,,,,,22.72,61.75,1.4,108.75,,0.0,,716.0,
2024-11-18 11:00:00,47.0,112.5,1.68,15.45,9.57,2.7,5.92,0.43,,0.6,1.25,,,,,23.85,60.75,1.7,104.25,,0.0,,715.25,
2024-11-18 12:00:00,37.5,91.5,2.0,15.5,9.9,2.8,5.15,0.63,4.32,0.5,1.12,,,,,25.6,58.75,1.5,102.5,,0.0,,714.25,
2024-11-18 13:00:00,35.25,94.75,2.15,15.4,9.93,2.48,4.32,0.42,0.97,0.43,0.95,,,,,26.82,54.5,1.58,104.0,,0.0,,713.25,
2024-11-18 14:00:00,32.25,91.0,1.68,15.5,9.6,2.33,5.18,0.42,,0.5,1.12,,,,,27.08,53.5,1.05,130.75,,0.0,,712.25,
2024-11-18 15:00:00,31.0,92.5,1.5,15.6,9.52,2.4,4.97,0.42,4.11,0.5,1.08,,,,,27.55,55.5,1.05,120.5,,0.0,,712.0,
2024-11-18 16:00:00,34.0,96.0,1.8,16.1,10.05,2.9,6.22,0.44,7.88,0.6,1.35,,,,,27.0,57.5,1.1,107.0,,0.0,,712.0,
2024-11-18 17:00:00,34.5,97.25,2.0,17.08,10.72,3.05,6.1,0.78,10.42,0.6,1.3,,,,,25.5,59.25,1.0,92.25,,0.0,,713.0,
2024-11-18 18:00:00,36.5,115.75,2.72,18.92,12.28,4.47,7.1,1.42,12.58,0.7,1.52,,,,,24.25,60.75,0.92,94.0,,0.0,,713.5,
2024-11-18 19:00:00,39.5,132.5,2.55,18.32,11.82,4.85,6.85,1.56,14.02,0.68,1.5,,,,,23.02,63.25,0.82,94.75,,0.0,,714.75,
2024-11-18 20:00:00,44.75,126.75,2.2,17.52,11.08,3.75,6.7,2.22,11.52,0.62,1.45,,,,,22.3,64.25,0.95,95.5,,0.0,,716.25,
2024-11-18 21:00:00,47.0,111.0,1.72,15.55,9.65,3.15,6.05,0.64,2.84,0.6,1.3,,,,,21.58,65.5,1.32,93.0,,0.0,,717.0,
2024-11-18 22:00:00,50.0,104.75,1.85,15.75,9.88,2.48,5.65,0.59,3.31,0.55,1.2,,,,,21.1,67.5,1.02,97.0,,0.0,,717.0,
2024-11-18 23:00:00,58.25,111.0,1.95,14.9,9.5,2.52,6.08,0.47,1.47,0.57,1.3,,,,,20.7,68.75,1.18,92.25,,0.0,,716.5,
2024-11-19 00:00:00,58.75,106.5,1.58,14.45,8.98,2.22,6.8,0.46,,0.67,1.47,,,,,20.3,68.0,1.0,98.25,,0.0,,716.0,
2024-11-19 01:00:00,66.75,109.0,1.58,14.38,8.92,2.22,7.98,0.48,,0.78,1.72,,,,,19.95,67.75,1.08,97.75,,0.0,,716.0,
2024-11-19 02:00:00,65.0,102.25,2.05,14.2,9.2,1.98,7.82,0.44,,0.78,1.7,,,,,19.73,66.75,1.05,101.5,,0.0,,715.0,
2024-11-19 03:00:00,60.75,100.75,1.88,14.22,9.1,1.98,8.52,0.39,,0.82,1.85,,,,,19.38,66.0,0.68,80.0,,0.0,,715.0,
2024-11-19 04:00:00,56.5,104.0,1.6,14.35,8.93,2.18,8.3,0.43,,0.8,1.8,,,,,18.92,65.75,0.42,92.5,,0.0,,715.0,
2024-11-19 05:00:00,56.75,111.0,1.95,15.23,9.7,1.95,8.38,0.37,1.68,0.8,1.8,,,,,18.7,65.25,0.88,81.0,,0.0,,715.0,
2024-11-19 06:00:00,60.5,121.0,2.12,15.22,9.8,2.05,8.1,0.51,1.69,0.8,1.78,,,,,18.7,66.25,0.95,103.25,,0.0,,716.0,
2024-11-19 07:00:00,57.75,123.25,1.5,16.5,10.0,2.08,8.93,0.63,5.22,0.85,1.92,,,,,18.9,67.0,0.78,98.25,,0.0,,717.0,
2024-11-19 08:00:00,61.5,145.75,1.88,16.02,10.05,2.7,9.02,0.73,4.74,0.88,1.95,,,,,19.9,66.0,1.02,104.5,,0.0,,717.5,
2024-11-19 09:00:00,55.25,140.0,1.55,16.18,9.88,2.48,9.0,0.7,8.43,0.9,1.95,,,,,21.45,62.5,1.12,122.75,,0.0,,718.0,
2024-11-19 10:00:00,49.5,141.75,1.78,17.15,10.58,2.45,9.12,0.76,8.49,0.9,1.98,,,,,22.82,60.5,1.23,126.75,,0.0,,718.0,
2024-11-19 11:00:00,47.25,136.5,1.8,16.02,9.95,2.7,8.28,0.77,2.18,0.8,1.8,,,,,24.08,58.75,1.1,132.25,,0.0,,717.0,
2024-11-19 12:00:00,43.75,128.75,1.95,16.0,10.07,2.5,9.02,0.72,,0.88,1.95,,,,,25.35,57.5,1.2,146.5,,0.0,,715.75,
2024-11-19 13:00:00,38.75,113.0,2.1,15.1,9.72,2.68,8.62,0.41,,0.82,1.88,,,,,26.9,55.75,1.12,111.75,,0.0,,714.5,
2024-11-19 14:00:00,36.0,98.5,1.55,15.5,9.52,2.35,9.02,0.5,3.68,0.85,1.98,,,,,27.52,54.5,1.35,104.0,,0.0,,713.5,
2024-11-19 15:00:00,38.0,109.25,1.95,16.48,10.32,2.6,9.2,0.68,7.17,0.9,1.98,,,,,27.48,53.25,1.1,102.25,,0.0,,713.0,
2024-11-19 16:00:00,36.75,119.0,2.28,21.1,13.05,3.08,9.0,0.95,20.86,0.9,1.92,,,,,26.7,54.25,1.12,104.5,,0.0,,713.0,
2024-11-19 17:00:00,41.75,149.0,2.38,20.1,12.62,3.62,9.68,1.18,24.58,0.95,2.08,,,,,25.22,55.5,0.95,91.0,,0.0,,713.0,
2024-11-19 18:00:00,43.75,162.25,2.72,24.2,15.1,4.53,10.22,2.07,28.64,1.0,2.2,,,,,24.08,57.75,1.2,101.5,,0.0,,713.75,
2024-11-19 19:00:00,51.5,172.5,2.78,22.2,14.08,5.42,10.72,2.11,28.37,1.05,2.3,,,,,22.85,60.25,0.68,108.25,,0.0,,714.75,
2024-11-19 20:00:00,48.75,161.75,2.7,20.5,13.1,4.75,10.52,1.78,27.55,1.02,2.28,,,,,21.88,61.25,0.68,113.25,,0.0,,715.25,
2024-11-19 21:00:00,44.25,149.25,2.08,19.73,12.18,3.78,9.5,1.01,24.99,0.95,2.05,,,,,21.08,62.25,0.65,120.0,,0.0,,716.0,
2024-11-19 22:00:00,44.25,134.75,2.22,16.73,10.7,2.72,8.8,0.51,18.27,0.88,1.9,,,,,20.62,63.25,0.65,121.5,,0.0,,716.0,
2024-11-19 23:00:00,51.5,114.75,1.83,16.35,10.2,2.4,9.1,0.41,15.75,0.88,1.95,,,,,20.27,64.0,0.65,131.75,,0.0,,716.0,
2024-11-20 00:00:00,53.5,109.5,1.72,14.8,9.25,2.32,7.2,0.28,11.18,0.7,1.57,,,,,19.88,64.25,1.08,91.5,,0.0,,715.75,
2024-11-20 01:00:00,53.25,102.25,1.83,14.05,8.95,2.3,6.02,0.77,5.56,0.57,1.3,,,,,19.7,65.0,1.05,88.0,,0.0,,715.0,
2024-11-20 02:00:00,49.25,95.25,1.27,14.38,8.7,2.18,6.45,0.77,4.74,0.62,1.38,,,,,19.38,65.25,1.03,84.5,,0.0,,715.0,
2024-11-20 03:00:00,52.5,96.75,1.82,14.42,9.12,2.33,6.65,0.68,4.34,0.65,1.45,,,,,19.2,65.75,1.05,88.25,,0.0,,714.0,
2024-11-20 04:00:00,51.25,90.25,1.52,15.95,9.7,1.8,7.28,0.68,9.77,0.72,1.55,,,,,18.82,65.25,0.9,86.0,,0.0,,714.0,
2024-11-20 05:00:00,50.75,91.75,1.32,15.02,9.07,2.3,6.9,0.35,6.54,0.65,1.48,,,,,18.55,66.0,1.03,83.0,,0.0,,714.75,
2024-11-20 06:00:00,49.0,96.0,1.27,14.88,8.93,2.02,6.5,0.53,8.32,0.62,1.38,,,,,18.32,65.75,0.9,96.0,,0.0,,715.5,
2024-11-20 07:00:00,55.25,105.0,1.4,15.28,9.25,2.35,5.95,0.5,14.79,0.6,1.27,,,,,18.18,65.5,0.9,106.75,,0.0,,716.5,
2024-11-20 08:00:00,55.0,116.5,1.88,15.65,9.82,2.45,6.12,0.62,12.71,0.6,1.32,,,,,18.92,66.25,0.92,112.25,,0.0,,717.0,
2024-11-20 09:00:00,51.0,121.75,2.0,15.3,9.78,2.7,7.0,0.5,9.46,0.7,1.5,,,,,21.05,62.75,1.23,121.5,,0.0,,717.75,
2024-11-20 10:00:00,45.75,112.5,1.95,14.35,9.25,2.82,7.28,0.47,1.34,0.72,1.58,,,,,23.08,58.75,1.3,111.5,,0.0,,717.25,
2024-11-20 11:00:00,39.5,104.25,1.55,14.72,9.1,2.65,7.18,0.53,2.63,0.7,1.55,,,,,24.42,57.75,1.32,99.25,,0.0,,716.0,
2024-11-20 12:00:00,39.75,100.75,1.78,14.68,9.22,2.52,6.35,0.52,,0.6,1.35,,,,,25.35,56.75,1.1,119.5,,0.0,,715.0,
2024-11-20 13:00:00,35.25,96.5,1.67,14.5,9.07,2.55,6.18,0.48,,0.6,1.35,,,,,26.22,55.75,1.3,127.0,,0.0,,714.0,
2024-11-20 14:00:00,34.75,92.5,1.92,14.5,9.25,2.4,6.5,0.49,,0.62,1.4,,,,,26.1,55.75,1.42,108.25,,0.0,,713.0,
2024-11-20 15:00:00,38.5,89.25,1.6,15.0,9.27,2.35,5.98,0.56,3.95,0.6,1.3,,,,,24.42,58.5,1.2,103.25,,0.0,,713.0,
2024-11-20 16:00:00,36.5,104.5,1.9,15.8,9.98,3.02,6.22,0.72,11.66,0.6,1.35,,,,,23.7,60.25,1.15,96.25,,0.0,,713.0,
2024-11-20 17:00:00,44.5,113.5,2.12,16.23,10.35,3.6,6.68,1.06,15.6,0.65,1.42,,,,,22.98,61.25,1.12,98.25,,0.0,,713.5,
2024-11-20 18:00:00,44.0,117.75,2.33,16.65,10.78,4.05,7.08,1.2,19.54,0.7,1.52,,,,,22.4,62.25,1.0,96.25,,0.0,,714.25,
2024-11-20 19:00:00,39.75,116.25,2.22,17.27,11.0,4.7,7.35,1.53,20.52,0.7,1.58,,,,,21.68,63.0,0.92,96.25,,0.0,,715.0,
2024-11-20 20:00:00,45.25,115.75,1.88,17.85,11.02,4.22,7.52,1.69,21.68,0.72,1.62,,,,,21.12,63.0,0.7,84.75,,0.0,,716.0,
2024-11-20 21:00:00,45.5,120.0,2.15,16.65,10.6,3.32,7.08,0.8,22.06,0.7,1.52,,,,,20.48,63.25,0.72,84.25,,0.0,,716.0,
2024-11-20 22:00:00,43.5,114.75,1.8,16.42,10.2,2.88,7.32,0.56,20.82,0.72,1.58,,,,,19.98,64.0,0.55,83.5,,0.0,,715.5,
2024-11-20 23:00:00,41.75,108.75,1.95,15.85,10.0,2.42,7.35,0.4,18.91,0.72,1.6,,,,,19.48,64.0,0.45,117.0,,0.0,,714.75,
2024-11-21 00:00:00,44.75,116.25,2.28,17.98,11.38,2.25,8.03,0.35,25.99,0.8,1.73,,,,,18.98,64.0,0.3,123.0,,0.0,,714.0,
2024-11-21 01:00:00,54.75,131.75,1.78,17.02,10.5,2.2,7.55,0.56,24.04,0.75,1.65,,,,,18.55,64.25,0.62,153.25,,0.0,,713.25,
2024-11-21 02:00:00,48.75,121.75,1.6,15.45,9.55,2.2,6.62,0.4,17.77,0.62,1.42,,,,,18.35,65.25,0.92,150.25,,0.0,,713.0,
2024-11-21 03:00:00,41.5,93.0,1.4,15.02,9.12,2.1,6.7,0.37,17.7,0.68,1.45,,,,,18.18,66.0,1.08,130.5,,0.0,,713.0,
2024-11-21 04:00:00,39.0,88.5,1.72,14.5,9.12,2.22,6.88,0.31,14.44,0.68,1.5,,,,,18.12,65.75,0.57,131.75,,0.0,,713.0,
2024-11-21 05:00:00,35.75,81.0,1.82,14.2,9.02,2.15,6.98,0.46,12.23,0.7,1.52,,,,,18.27,65.0,0.7,98.0,,0.0,,714.0,
2024-11-21 06:00:00,35.75,74.0,1.25,14.78,8.88,2.15,6.62,0.48,13.49,0.62,1.42,,,,,18.52,64.75,0.68,90.5,,0.0,,715.0,
2024-11-21 07:00:00,38.75,83.75,1.62,14.75,9.15,2.28,6.78,0.57,16.39,0.65,1.48,,,,,18.62,64.25,0.62,94.75,,0.0,,716.25,
2024-11-21 08:00:00,42.5,97.25,1.82,14.98,9.45,2.45,7.08,0.67,16.84,0.68,1.52,,,,,18.92,64.75,0.85,117.75,,0.0,,717.25,
2024-11-21 09:00:00,44.25,106.75,1.38,15.22,9.18,2.7,6.65,0.7,14.66,0.62,1.42,,,,,20.12,63.25,1.02,89.0,,0.0,,717.0,
2024-11-21 10:00:00,35.5,108.25,2.33,14.52,9.62,2.78,7.02,0.62,5.44,0.68,1.52,,,,,22.25,60.0,0.9,126.75,,0.0,,717.0,
2024-11-21 11:00:00,33.75,87.25,1.75,15.05,9.43,2.78,7.08,0.76,4.58,0.7,1.5,,,,,23.98,56.75,0.72,129.0,,0.0,,716.75,
2024-11-21 12:00:00,31.0,88.5,1.98,16.0,10.1,2.8,6.88,3.58,1.91,0.7,1.5,,,,,24.58,56.0,0.85,145.5,,0.0,,715.5,
2024-11-21 13:00:00,27.5,96.75,1.65,15.52,9.62,2.5,7.5,0.51,,0.72,1.6,,,,,25.8,55.75,0.9,113.75,,0.0,,714.25,
2024-11-21 14:00:00,33.75,95.25,1.78,16.45,10.18,2.1,7.88,0.62,,0.78,1.7,,,,,26.38,54.75,0.95,140.5,,0.0,,713.0,
2024-11-21 15:00:00,32.75,113.5,2.33,16.73,10.75,2.42,7.82,0.38,,0.78,1.68,,,,,26.78,54.25,0.62,84.5,,0.0,,713.0,
2024-11-21 16:00:00,41.0,123.5,1.88,16.8,10.45,2.92,7.35,0.22,8.23,0.7,1.58,,,,,25.5,55.25,0.68,79.75,,0.0,,713.0,
2024-11-21 17:00:00,42.25,145.25,2.22,20.0,12.42,3.4,7.32,1.69,13.36,0.7,1.58,,,,,25.1,56.25,0.3,56.0,,0.0,,713.5,
2024-11-21 18:00:00,51.5,229.5,2.42,33.2,19.62,2.88,10.55,4.01,30.52,1.05,2.28,,,,,23.42,58.0,0.2,48.75,,0.0,,714.25,
2024-11-21 19:00:00,68.25,360.0,2.95,43.25,25.4,3.8,13.52,5.94,30.28,1.32,2.92,,,,,21.82,61.5,0.25,80.0,,0.0,,715.5,
2024-11-21 20:00:00,67.75,355.5,2.4,40.6,23.52,4.6,12.78,4.64,31.2,1.25,2.8,,,,,21.22,62.75,0.22,87.5,,0.0,,716.0,
2024-11-21 21:00:00,60.75,266.75,2.48,32.3,19.2,4.05,10.38,0.97,33.2,1.0,2.25,,,,,20.95,61.75,0.38,88.75,,0.0,,716.25,
2024-11-21 22:00:00,50.25,185.5,2.02,20.8,12.72,3.18,8.95,0.05,30.51,0.9,1.92,,,,,20.7,61.0,0.6,91.5,,0.0,,716.75,
2024-11-21 23:00:00,48.5,130.75,1.58,17.23,10.42,2.28,8.0,,27.1,0.8,1.72,,,,,20.2,61.5,0.45,85.5,,0.0,,716.0,
2024-11-22 00:00:00,49.25,122.75,1.52,15.7,9.55,2.22,7.63,,22.42,0.73,1.63,,,,,19.45,63.25,0.82,82.0,,0.0,,716.0,
2024-11-22 01:00:00,45.0,111.25,1.55,14.6,9.05,2.2,7.5,0.43,12.76,0.72,1.62,,,,,18.85,64.0,0.9,82.5,,0.0,,715.0,
2024-11-22 02:00:00,39.5,86.0,1.8,14.45,9.15,2.12,7.05,0.24,13.43,0.68,1.55,,,,,18.25,64.0,0.8,102.5,,0.0,,714.25,
2024-11-22 03:00:00,41.75,81.75,1.27,14.65,8.82,1.92,6.95,0.23,10.5,0.68,1.5,,,,,17.7,64.25,0.88,96.25,,0.0,,714.0,
2024-11-22 04:00:00,45.0,86.25,1.58,17.6,10.68,1.62,7.52,0.4,18.09,0.75,1.62,,,,,17.35,65.0,1.0,105.25,,0.0,,714.0,
2024-11-22 05:00:00,50.0,91.25,1.42,15.65,9.45,2.05,6.92,0.21,16.38,0.68,1.5,,,,,17.18,64.75,0.75,97.0,,0.0,,714.25,
2024-11-22 06:00:00,55.75,116.25,1.58,15.52,9.55,2.02,6.68,0.37,21.16,0.65,1.45,,,,,17.05,64.0,0.52,122.25,,0.0,,715.0,
2024-11-22 07:00:00,55.75,129.0,1.6,17.95,10.85,2.22,7.93,2.04,26.81,0.78,1.7,,,,,17.05,64.25,0.35,107.0,,0.0,,715.5,
2024-11-22 08:00:00,56.75,140.5,1.75,18.42,11.25,2.3,7.3,2.34,24.35,0.7,1.58,,,,,18.05,64.25,1.15,123.75,,0.0,,716.0,
2024-11-22 09:00:00,52.75,159.25,2.22,21.15,13.08,2.85,8.57,0.73,23.17,0.85,1.85,,,,,20.45,61.0,1.4,143.5,,0.0,,716.0,
2024-11-22 10:00:00,48.5,179.0,2.25,20.1,12.5,2.9,8.57,0.48,18.24,0.85,1.85,,,,,23.2,57.0,1.4,168.75,,0.0,,716.0,
2024-11-22 11:00:00,39.5,135.0,,,,,4.95,0.79,,0.48,1.05,,,,,25.15,52.5,1.32,157.0,,0.0,,715.25,
2024-11-22 12:00:00,41.5,126.75,,,,,2.92,0.92,,0.28,0.62,,,,,26.85,46.75,1.32,169.5,,0.0,,713.75,
2024-11-22 13:00:00,33.75,111.25,2.1,15.6,10.0,2.53,7.12,0.31,15.0,0.7,1.52,,,,,28.1,42.25,1.25,119.75,,0.0,,712.5,
2024-11-22 14:00:00,28.25,83.25,1.52,14.98,9.2,2.25,8.45,0.44,0.75,0.82,1.82,,,,,28.82,40.5,1.2,104.0,,0.0,,712.0,
2024-11-22 15:00:00,16.75,80.0,1.68,15.72,9.72,2.25,8.65,0.53,3.33,0.85,1.88,,,,,29.18,42.75,1.02,95.25,,0.0,,712.0,
2024-11-22 16:00:00,26.25,92.0,1.65,16.95,10.35,2.48,8.12,0.66,14.37,0.8,1.75,,,,,28.75,46.25,0.92,80.0,,0.0,,712.0,
2024-11-22 17:00:00,32.75,124.75,1.5,18.75,11.18,2.62,6.98,1.38,28.68,0.68,1.5,,,,,27.05,51.25,0.5,89.5,,0.0,,712.75,
2024-11-22 18:00:00,42.5,188.0,2.2,24.68,14.92,3.32,6.78,2.37,38.25,0.65,1.48,,,,,24.52,56.25,0.35,158.0,,0.0,,713.75,
2024-11-22 19:00:00,49.25,245.75,2.17,26.83,16.02,3.72,7.22,2.5,39.55,0.72,1.58,,,,,22.58,60.5,0.48,112.75,,0.0,,715.0,
2024-11-22 20:00:00,55.25,218.75,2.5,19.3,12.28,4.12,7.22,1.29,30.88,0.7,1.58,,,,,21.8,63.5,0.98,89.5,,0.0,,716.0,
2024-11-22 21:00:00,52.25,125.75,1.72,17.77,10.88,2.7,6.82,0.68,29.03,0.68,1.48,,,,,21.25,67.75,0.88,85.5,,0.0,,716.5,
2024-11-22 22:00:00,50.5,109.25,1.45,16.15,9.8,2.38,7.32,0.17,23.36,0.72,1.58,,,,,20.3,67.0,0.88,92.0,,0.0,,716.0,
2024-11-22 23:00:00,53.0,106.5,1.55,14.88,9.18,2.15,6.45,,14.9,0.62,1.4,,,,,19.52,67.0,0.92,84.5,,0.0,,716.0,
2024-11-23 00:00:00,57.75,107.25,1.5,14.7,9.02,2.12,8.07,0.34,10.71,0.77,1.73,,,,,18.88,67.0,0.75,91.25,,0.0,,715.25,
2024-11-23 01:00:00,62.5,110.0,1.6,14.5,9.0,2.05,8.32,,6.85,0.78,1.8,,,,,18.4,67.0,0.95,91.25,,0.0,,715.0,
2024-11-23 02:00:00,65.25,102.25,1.55,15.38,9.45,1.92,8.7,0.34,19.62,0.85,1.88,,,,,17.98,67.25,0.35,108.25,,0.0,,715.0,
2024-11-23 03:00:00,76.5,115.75,1.62,15.02,9.3,1.92,8.5,0.22,19.34,0.82,1.82,,,,,17.55,68.0,0.45,81.25,,0.0,,715.0,
2024-11-23 04:00:00,72.5,120.0,1.82,15.88,9.93,1.95,8.55,0.28,27.65,0.82,1.85,,,,,17.32,68.0,0.28,101.75,,0.0,,715.0,
2024-11-23 05:00:00,73.5,125.75,1.72,15.62,9.75,2.0,8.4,0.47,28.0,0.8,1.85,,,,,17.08,68.25,0.2,100.75,,0.0,,715.25,
2024-11-23 06:00:00,74.0,134.75,1.95,17.6,10.98,2.12,9.5,0.69,34.12,0.92,2.05,,,,,16.95,69.0,0.4,91.75,,0.0,,716.25,
2024-11-23 07:00:00,81.0,156.75,1.4,16.35,9.82,2.12,8.38,0.52,27.16,0.8,1.8,,,,,17.0,69.5,0.68,101.25,,0.0,,717.25,
2024-11-23 08:00:00,85.25,139.75,1.52,16.42,9.98,2.17,9.43,1.0,28.01,0.92,2.05,,,,,18.12,70.25,0.75,103.0,,0.0,,718.0,
2024-11-23 09:00:00,82.5,148.25,1.8,14.95,9.43,2.08,9.32,0.5,18.22,0.9,2.02,,,,,20.3,66.75,1.05,102.75,,0.0,,718.0,
2024-11-23 10:00:00,56.0,120.5,1.75,15.0,9.43,2.28,8.78,0.57,18.87,0.85,1.9,,,,,22.6,62.5,0.98,110.25,,0.0,,717.75,
2024-11-23 11:00:00,35.25,90.5,1.58,15.15,9.35,2.28,9.48,0.54,15.52,0.92,2.05,,,,,24.52,60.75,1.02,129.5,,0.0,,716.75,
2024-11-23 12:00:00,34.75,93.75,1.32,15.4,9.28,2.2,10.4,0.59,8.0,1.0,2.28,,,,,26.12,59.25,1.08,153.25,,0.0,,715.5,
2024-11-23 13:00:00,32.75,94.25,1.6,15.35,9.45,2.05,11.6,0.36,2.72,1.12,2.5,,,,,27.42,56.75,1.08,148.5,,0.0,,714.25,
2024-11-23 14:00:00,36.75,112.5,1.52,16.82,10.18,2.22,11.62,1.18,11.91,1.1,2.48,,,,,28.28,56.0,1.0,155.75,,0.0,,713.0,
2024-11-23 15:00:00,30.75,119.25,1.58,15.55,9.55,2.42,10.32,1.04,12.21,1.0,2.25,,,,,27.58,56.25,0.78,107.75,,0.0,,713.0,
2024-11-23 16:00:00,25.25,94.25,1.62,16.18,9.9,2.8,10.42,1.4,22.18,1.02,2.22,,,,,26.33,57.25,0.42,78.25,,0.0,,713.0,
2024-11-23 17:00:00,30.25,121.75,1.5,19.73,11.72,2.75,10.52,0.97,36.22,1.0,2.28,,,,,25.12,59.0,0.48,62.5,,0.0,,714.0,
2024-11-23 18:00:00,38.0,197.75,1.8,25.78,15.2,2.3,12.1,2.18,40.06,1.2,2.6,,,,,23.7,62.5,0.32,57.75,,0.0,,714.5,
2024-11-23 19:00:00,50.0,263.75,2.0,23.82,14.3,3.88,11.92,1.51,39.36,1.18,2.58,,,,,22.62,64.75,0.57,79.5,,0.0,,715.5,
2024-11-23 20:00:00,49.5,162.0,1.42,17.42,10.42,2.95,11.15,0.6,37.1,1.1,2.4,,,,,21.98,68.0,0.78,81.0,,0.0,,716.0,
2024-11-23 21:00:00,50.5,114.75,1.45,18.45,11.02,1.98,10.9,0.61,37.25,1.08,2.35,,,,,21.5,71.5,1.1,93.25,,0.0,,716.0,
2024-11-23 22:00:00,59.25,101.75,1.95,16.92,10.58,2.02,10.68,0.45,35.14,1.02,2.32,,,,,21.08,73.0,0.92,80.25,,0.0,,716.75,
2024-11-23 23:00:00,61.25,105.0,1.88,16.42,10.25,2.12,10.98,0.25,32.7,1.08,2.35,,,,,20.65,73.25,1.15,90.5,,0.0,,716.0,
2024-11-24 00:00:00,60.5,90.75,1.38,15.7,9.48,1.7,9.47,,28.94,0.93,2.03,,,,,20.45,74.0,0.95,95.75,,0.0,,716.0,
2024-11-24 01:00:00,72.25,92.5,1.48,16.05,9.75,1.75,8.12,0.45,29.45,0.8,1.78,,,,,20.18,73.75,0.88,96.5,,0.0,,715.75,
2024-11-24 02:00:00,67.25,89.75,1.6,15.98,9.82,1.72,7.1,0.62,29.5,0.7,1.52,,,,,19.68,73.25,0.75,86.25,,0.0,,715.0,
2024-11-24 03:00:00,68.0,88.0,1.68,15.18,9.43,1.78,7.32,0.56,29.58,0.72,1.6,,,,,19.23,73.75,0.75,87.25,,0.0,,715.0,
2024-11-24 04:00:00,65.5,91.5,1.55,14.65,9.07,2.0,6.9,0.63,26.8,0.65,1.48,,,,,18.92,72.75,0.75,108.0,,0.0,,715.0,
2024-11-24 05:00:00,58.25,84.5,1.42,14.42,8.8,2.08,6.98,0.51,28.53,0.7,1.5,,,,,18.6,72.0,0.48,96.25,,0.0,,715.5,
2024-11-24 06:00:00,58.75,88.75,1.42,14.65,8.95,2.3,7.22,0.58,33.45,0.7,1.55,,,,,18.27,72.0,0.48,87.25,,0.0,,716.25,
2024-11-24 07:00:00,56.25,92.5,1.4,14.58,8.93,2.15,7.18,0.5,29.82,0.7,1.55,,,,,18.32,72.0,0.55,102.5,,0.0,,717.0,
2024-11-24 08:00:00,55.0,88.5,1.35,14.7,8.93,2.05,7.15,0.55,28.25,0.7,1.55,,,,,19.15,71.0,0.8,89.75,,0.0,,717.75,
2024-11-24 09:00:00,66.0,126.75,1.65,15.2,9.43,2.17,7.25,0.52,27.08,0.72,1.58,,,,,21.02,67.25,1.0,141.25,,0.0,,718.0,
2024-11-24 10:00:00,61.25,144.0,1.45,16.2,9.78,1.95,7.72,0.93,21.28,0.72,1.65,,,,,23.12,64.25,1.18,133.25,,0.0,,717.25,
2024-11-24 11:00:00,53.0,101.25,1.45,15.45,9.38,2.25,7.42,1.0,17.8,0.72,1.58,,,,,25.1,61.25,1.03,128.25,,0.0,,716.5,
2024-11-24 12:00:00,41.75,82.25,1.25,14.68,8.82,2.15,6.88,0.95,17.02,0.68,1.48,,,,,26.52,59.0,1.23,111.0,,0.0,,715.25,
2024-11-24 13:00:00,35.0,85.5,1.4,14.68,8.95,2.05,6.88,0.44,17.11,0.65,1.48,,,,,27.22,58.75,1.12,134.0,,0.0,,714.25,
2024-11-24 14:00:00,35.25,84.5,1.4,16.23,9.75,1.98,6.48,0.52,20.96,0.65,1.4,,,,,27.4,57.75,0.82,129.75,,0.0,,713.25,
2024-11-24 15:00:00,35.25,85.25,1.58,15.25,9.38,1.98,6.55,0.45,18.02,0.65,1.42,,,,,27.38,57.75,0.88,90.5,,0.0,,713.0,
2024-11-24 16:00:00,31.75,83.0,1.78,15.08,9.45,1.95,7.42,0.45,23.63,0.7,1.58,,,,,26.15,60.25,0.88,85.25,,0.0,,713.0,
2024-11-24 17:00:00,29.75,85.25,1.55,15.72,9.65,1.92,7.45,0.43,31.31,0.75,1.6,,,,,25.0,61.0,0.32,84.75,,0.0,,713.75,
2024-11-24 18:00:00,34.75,96.0,1.55,17.2,10.38,2.38,7.9,0.85,39.22,0.75,1.72,,,,,23.45,61.25,0.2,91.75,,0.0,,714.5,
2024-11-24 19:00:00,36.0,112.0,1.52,18.05,10.85,2.42,8.0,0.97,37.72,0.8,1.72,,,,,22.3,63.0,0.75,87.5,,0.0,,715.25,
2024-11-24 20:00:00,43.0,122.0,1.9,15.88,9.98,2.33,8.12,0.75,36.86,0.8,1.78,,,,,21.88,66.75,0.8,94.75,,0.0,,716.0,
2024-11-24 21:00:00,47.5,108.5,1.42,15.82,9.57,2.25,7.52,0.49,34.76,0.72,1.62,,,,,21.4,69.25,1.02,92.5,,0.0,,716.0,
2024-11-24 22:00:00,55.5,85.75,1.55,14.72,9.07,2.08,7.02,0.4,30.85,0.68,1.52,,,,,20.92,70.5,1.02,88.0,,0.0,,716.25,
2024-11-24 23:00:00,63.75,83.25,1.82,14.42,9.17,2.02,7.15,0.36,28.93,0.7,1.58,,,,,20.27,72.0,1.05,93.0,,0.0,,715.75,
2024-11-25 00:00:00,55.75,77.25,1.15,14.52,8.68,2.0,7.37,0.3,27.74,0.7,1.57,,,,,19.8,72.0,0.98,93.0,,0.0,,715.0,
2024-11-25 01:00:00,51.0,74.25,1.4,13.85,8.52,1.98,7.38,0.42,26.82,0.7,1.6,,,,,19.48,72.0,0.7,103.5,,0.0,,714.75,
2024-11-25 02:00:00,46.5,70.0,1.45,13.95,8.57,1.92,7.45,0.42,26.52,0.72,1.6,,,,,19.38,71.75,0.82,100.25,,0.0,,714.0,
2024-11-25 03:00:00,43.0,65.25,1.02,14.18,8.38,1.95,7.82,0.43,28.9,0.75,1.7,,,,,19.18,71.25,0.62,82.0,,0.0,,713.0,
2024-11-25 04:00:00,46.5,69.75,1.58,14.32,8.9,1.8,8.05,0.38,30.65,0.8,1.72,,,,,18.7,71.75,0.45,102.5,,0.0,,713.0,
2024-11-25 05:00:00,46.5,73.0,1.88,15.58,9.8,1.72,7.7,1.19,35.89,0.75,1.68,,,,,18.3,71.0,0.65,114.5,,0.0,,713.75,
2024-11-25 06:00:00,42.75,79.5,1.62,17.6,10.7,1.72,8.45,1.26,38.24,0.82,1.82,,,,,17.95,71.0,1.0,115.75,,0.0,,714.75,
2024-11-25 07:00:00,47.5,95.5,1.9,18.92,11.62,1.8,8.7,1.48,38.43,0.85,1.88,,,,,17.9,70.75,1.05,116.0,,0.0,,715.25,
2024-11-25 08:00:00,53.0,115.5,1.92,18.9,11.62,2.22,8.62,1.56,36.81,0.82,1.88,,,,,18.77,69.25,1.12,139.75,,0.0,,716.0,
2024-11-25 09:00:00,45.75,131.75,1.65,19.55,11.7,2.45,8.65,1.02,34.57,0.82,1.85,,,,,21.3,66.0,1.42,166.0,,0.0,,716.0,
2024-11-25 10:00:00,40.5,139.75,1.6,17.0,10.35,2.6,8.72,0.68,27.02,0.85,1.9,,,,,23.75,62.25,1.35,118.5,,0.0,,716.0,
2024-11-25 11:00:00,34.25,105.0,1.4,16.38,9.82,2.48,7.9,0.56,24.5,0.78,1.72,,,,,24.22,59.25,1.23,128.5,,0.0,,715.25,
2024-11-25 12:00:00,29.25,84.0,1.68,15.82,9.75,2.17,7.98,0.49,19.03,0.8,1.72,,,,,25.6,56.75,1.25,133.5,,0.0,,714.0,
2024-11-25 13:00:00,30.25,83.25,1.45,14.8,9.07,2.15,7.68,0.51,12.81,0.75,1.65,,,,,26.8,56.0,1.2,107.75,,0.0,,713.25,
2024-11-25 14:00:00,30.25,81.75,0.82,15.3,8.82,2.1,8.12,0.52,18.64,0.8,1.75,,,,,26.98,55.75,1.1,108.5,,0.0,,712.0,
2024-11-25 15:00:00,30.5,87.5,1.55,15.98,9.75,2.35,8.28,0.64,26.34,0.82,1.75,,,,,27.32,55.25,1.27,107.25,,0.0,,712.0,
2024-11-25 16:00:00,36.25,101.25,1.5,17.0,10.25,2.52,8.5,0.8,29.94,0.82,1.85,,,,,26.42,56.25,0.92,75.75,,0.0,,712.0,
2024-11-25 17:00:00,32.25,115.0,1.65,17.82,10.82,2.52,8.6,0.91,35.58,0.85,1.85,,,,,25.0,57.75,1.05,78.0,,0.0,,713.0,
2024-11-25 18:00:00,35.75,133.5,1.75,19.42,11.75,3.02,8.6,1.54,39.1,0.82,1.82,,,,,23.83,60.5,0.95,88.5,,0.0,,714.0,
2024-11-25 19:00:00,36.0,144.5,1.7,18.68,11.32,3.55,9.0,1.46,37.89,0.88,1.95,,,,,22.85,62.75,1.18,89.75,,0.0,,714.75,
2024-11-25 20:00:00,38.25,114.5,2.02,16.5,10.4,3.42,8.5,1.02,36.83,0.82,1.85,,,,,22.17,65.5,1.18,87.5,,0.0,,715.25,
2024-11-25 21:00:00,38.5,98.5,2.2,16.52,10.55,2.55,9.2,0.64,36.96,0.9,2.0,,,,,21.32,67.25,1.05,89.0,,0.0,,716.0,
2024-11-25 22:00:00,47.75,91.0,1.88,15.23,9.65,2.28,8.68,0.42,32.84,0.85,1.85,,,,,20.7,68.25,1.03,97.5,,0.0,,715.5,
2024-11-25 23:00:00,53.5,92.75,1.45,14.65,9.0,2.12,7.92,0.49,31.14,0.78,1.7,,,,,20.27,69.25,0.8,105.25,,0.0,,715.0,
2024-11-26 00:00:00,57.75,102.75,1.5,14.98,9.2,1.9,7.73,0.48,31.87,0.77,1.67,,,,,19.85,70.25,0.57,140.5,,0.0,,714.25,
2024-11-26 01:00:00,63.75,112.75,1.62,14.42,9.02,2.02,8.02,0.3,28.74,0.8,1.72,,,,,19.62,70.75,1.27,93.25,,0.0,,713.5,
2024-11-26 02:00:00,59.25,99.75,1.5,14.58,8.98,1.85,7.83,0.28,27.42,0.78,1.7,,,,,19.32,69.5,1.15,104.5,,0.0,,713.0,
2024-11-26 03:00:00,64.25,106.75,1.55,14.88,9.15,1.82,7.75,0.31,30.56,0.75,1.65,,,,,19.0,68.0,1.05,123.25,,0.0,,712.0,
2024-11-26 04:00:00,60.0,126.75,1.6,15.78,9.7,1.8,9.0,0.34,31.86,0.9,1.92,,,,,18.62,68.0,1.08,116.0,,0.0,,712.0,
2024-11-26 05:00:00,64.25,125.5,1.68,16.15,9.98,1.92,9.65,0.7,32.69,0.92,2.12,,,,,18.35,67.75,1.0,115.0,,0.0,,712.5,
2024-11-26 06:00:00,68.25,145.75,1.27,17.52,10.35,1.78,9.02,0.78,35.71,0.88,1.92,,,,,18.15,67.0,0.8,151.0,,0.0,,713.75,
2024-11-26 07:00:00,69.25,129.75,1.48,17.95,10.75,2.1,9.22,0.78,33.58,0.9,1.98,,,,,18.08,67.0,1.3,102.25,,0.0,,714.5,
2024-11-26 08:00:00,69.5,129.0,1.75,16.65,10.27,2.17,8.72,0.94,30.12,0.85,1.9,,,,,18.62,67.0,1.4,101.5,,0.0,,715.25,
2024-11-26 09:00:00,67.0,130.25,1.48,16.55,10.0,2.3,9.57,0.85,29.09,0.95,2.08,,,,,19.85,67.0,1.75,104.25,,0.0,,716.0,
2024-11-26 10:00:00,62.25,136.0,1.95,16.4,10.32,2.33,9.15,0.88,30.0,0.9,1.98,,,,,20.92,67.0,1.45,123.5,,0.0,,715.25,
2024-11-26 11:00:00,56.5,135.0,1.7,16.23,10.02,2.45,9.72,0.66,26.98,0.95,2.1,,,,,22.35,66.5,1.52,117.0,,0.0,,714.25,
2024-11-26 12:00:00,55.25,113.75,1.08,16.73,9.8,2.1,9.35,0.59,28.64,0.9,2.02,,,,,23.65,65.0,1.32,149.75,,0.0,,713.75,
2024-11-26 13:00:00,53.0,108.75,1.25,16.52,9.82,2.25,9.0,0.73,29.16,0.9,1.95,,,,,23.4,65.0,1.32,116.0,,0.0,,712.75,
2024-11-26 14:00:00,46.0,103.5,1.55,19.32,11.55,2.42,8.85,0.96,34.16,0.85,1.92,,,,,23.0,65.25,1.3,132.75,,0.0,,712.0,
2024-11-26 15:00:00,53.75,132.75,1.92,18.38,11.35,2.28,9.93,0.71,32.72,0.98,2.12,,,,,22.55,66.0,1.38,166.0,,0.0,,711.0,
2024-11-26 16:00:00,56.0,153.25,1.98,20.7,12.6,3.05,10.1,1.03,36.62,1.0,2.17,,,,,21.83,66.25,1.35,130.5,,0.0,,711.75,
2024-11-26 17:00:00,45.5,145.5,1.68,20.38,12.22,3.1,8.9,1.17,38.16,0.88,1.9,,,,,20.75,67.5,1.2,143.75,,0.0,,712.25,
2024-11-26 18:00:00,37.75,117.5,1.8,21.92,13.08,3.52,8.78,1.72,38.08,0.88,1.88,,,,,19.88,69.0,1.32,116.75,,0.0,,713.5,
2024-11-26 19:00:00,25.25,104.5,1.82,19.9,12.08,3.7,8.45,1.58,37.63,0.82,1.82,,,,,19.45,69.25,1.35,94.75,,0.0,,714.5,
2024-11-26 20:00:00,21.0,88.75,1.98,17.98,11.2,3.25,7.92,0.64,35.94,0.78,1.75,,,,,19.2,69.75,1.25,93.5,,0.0,,715.0,
2024-11-26 21:00:00,35.0,89.25,1.5,16.85,10.2,2.62,7.82,0.62,35.14,0.78,1.68,,,,,18.85,69.0,1.08,120.75,,0.0,,715.0,
2024-11-26 22:00:00,44.75,89.0,1.55,16.25,9.9,2.12,7.78,0.36,31.7,0.75,1.68,,,,,18.68,69.25,1.3,123.0,,0.0,,715.0,
2024-11-26 23:00:00,63.25,115.5,1.62,16.2,9.93,1.92,7.58,0.2,28.07,0.75,1.62,,,,,18.5,70.0,1.3,148.0,,0.0,,714.75,
2024-11-27 00:00:00,83.75,142.5,1.72,16.4,10.15,1.65,9.7,0.16,27.51,0.97,2.1,,,,,18.1,70.0,1.23,109.75,,0.0,,714.0,
2024-11-27 01:00:00,77.25,111.25,1.62,15.25,9.4,2.62,10.38,0.45,30.88,1.02,2.25,,,,,17.7,70.0,1.08,123.0,,0.0,,713.25,
2024-11-27 02:00:00,67.75,85.75,1.7,14.75,9.2,2.08,9.75,0.4,30.15,0.95,2.12,,,,,17.4,70.25,1.02,86.25,,0.0,,712.0,
2024-11-27 03:00:00,65.0,90.25,1.48,14.88,9.12,1.82,9.52,0.4,30.1,0.95,2.05,,,,,17.42,71.25,0.92,120.75,,0.0,,711.75,
2024-11-27 04:00:00,67.0,94.75,1.48,15.18,9.3,1.95,9.98,0.45,31.06,0.98,2.15,,,,,17.52,72.0,0.75,146.5,,0.0,,711.75,
2024-11-27 05:00:00,66.5,93.0,1.58,16.42,10.0,1.85,9.78,0.56,33.32,0.95,2.12,,,,,17.6,71.75,0.9,140.75,,0.0,,712.0,
2024-11-27 06:00:00,73.0,104.5,1.25,16.85,9.95,2.62,9.45,0.56,36.07,0.92,2.03,,,,,17.58,70.75,1.38,102.0,,0.0,,712.75,
2024-11-27 07:00:00,72.25,110.75,1.23,17.23,10.15,1.95,9.18,0.68,36.26,0.9,1.98,,,,,17.6,70.25,1.15,105.5,,0.0,,714.0,
2024-11-27 08:00:00,76.25,117.0,1.75,17.52,10.72,2.0,9.0,0.82,36.92,0.9,1.95,,,,,18.15,70.5,1.35,117.0,,0.0,,714.5,
2024-11-27 09:00:00,64.25,118.25,1.42,17.42,10.48,2.38,9.2,0.84,34.7,0.9,1.98,,,,,19.38,68.25,1.15,135.75,,0.0,,715.0,
2024-11-27 10:00:00,54.0,114.5,1.18,16.7,9.82,2.38,8.75,0.81,30.37,0.85,1.88,,,,,21.05,65.5,1.45,134.25,,0.0,,714.0,
2024-11-27 11:00:00,58.5,120.0,1.5,16.98,10.25,2.38,8.98,0.73,30.66,0.88,1.92,,,,,22.0,64.0,1.68,120.5,,0.0,,713.5,
2024-11-27 12:00:00,61.5,120.75,1.38,16.5,9.9,2.38,8.6,0.62,29.62,0.82,1.85,,,,,22.65,63.75,1.68,123.0,,0.0,,712.5,
2024-11-27 13:00:00,56.0,113.0,1.38,15.98,9.6,2.15,8.38,0.61,31.4,0.8,1.8,,,,,22.95,62.75,1.42,121.25,,0.0,,711.25,
2024-11-27 14:00:00,51.25,111.0,1.55,17.12,10.38,2.1,8.85,0.85,32.66,0.88,1.9,,,,,23.3,62.25,1.45,145.75,,0.0,,711.0,
2024-11-27 15:00:00,47.75,116.0,2.1,18.65,11.6,2.45,9.5,0.9,35.37,0.92,2.08,,,,,22.98,62.75,1.48,128.75,,0.0,,710.25,
2024-11-27 16:00:00,54.0,129.5,2.12,21.35,13.08,2.8,8.95,1.32,38.43,0.88,1.95,,,,,22.78,62.25,1.35,185.25,,0.0,,710.25,
2024-11-27 17:00:00,57.5,160.75,1.88,23.62,14.08,3.42,9.7,1.44,39.81,0.95,2.08,,,,,22.22,63.25,1.1,146.5,,0.0,,711.0,
2024-11-27 18:00:00,60.25,194.75,2.05,25.8,15.4,4.2,10.22,2.35,41.56,1.02,2.2,,,,,21.55,64.0,1.12,133.25,,0.0,,712.0,
2024-11-27 19:00:00,64.5,229.0,1.95,27.55,16.25,4.3,10.7,3.08,41.6,1.05,2.3,,,,,20.95,64.25,0.98,179.25,,0.0,,712.0,
2024-11-27 20:00:00,66.75,248.75,2.33,26.38,15.92,4.8,10.72,2.38,41.01,1.05,2.33,,,,,20.35,65.25,0.9,146.0,,0.0,,713.0,
2024-11-27 21:00:00,70.0,197.75,1.9,20.4,12.35,3.4,9.7,0.73,38.13,0.95,2.08,,,,,19.77,66.0,1.0,120.5,,0.0,,714.0,
2024-11-27 22:00:00,70.75,156.0,1.4,18.05,10.75,2.33,7.48,0.35,33.95,0.75,1.6,,,,,19.27,66.0,0.98,171.5,,0.0,,714.0,
2024-11-27 23:00:00,62.5,130.5,1.3,15.95,9.57,2.0,7.38,0.14,12.77,0.72,1.6,,,,,18.82,66.0,0.85,162.5,,0.0,,713.0,
2024-11-28 00:00:00,60.25,123.25,1.9,16.8,10.45,2.0,8.53,0.06,13.15,0.87,1.83,,,,,18.55,66.0,0.92,180.25,,0.0,,712.25,
2024-11-28 01:00:00,65.5,113.75,1.42,15.55,9.43,1.98,7.4,0.43,7.73,0.72,1.58,,,,,18.3,66.0,0.98,189.25,,0.0,,711.5,
2024-11-28 02:00:00,60.5,107.75,1.25,14.45,8.72,1.92,7.7,0.43,3.84,0.72,1.67,,,,,17.9,65.75,1.1,152.5,,0.0,,711.0,
2024-11-28 03:00:00,59.0,101.0,1.2,14.2,8.5,2.0,8.4,0.33,2.04,0.8,1.8,,,,,17.6,65.0,1.2,147.0,,0.0,,711.0,
2024-11-28 04:00:00,,,,,,,,,,,,,,,,,,,,,0.0,,,
2024-11-28 05:00:00,,,,,,,,,,,,,,,,,,,,,0.0,,,
2024-11-28 06:00:00,,,,,,,,,,,,,,,,,,,,,0.0,,,
2024-11-28 07:00:00,64.0,131.5,1.37,16.83,10.03,2.03,9.2,0.72,11.54,0.9,2.0,,,,,16.65,62.75,1.07,152.33,,0.0,,713.67,
2024-11-28 08:00:00,63.75,144.5,1.83,16.75,10.4,2.05,8.93,0.84,8.82,0.9,1.92,,,,,17.65,60.75,1.65,118.25,,0.0,,714.0,
2024-11-28 09:00:00,62.75,152.5,1.75,17.4,10.7,2.28,8.2,0.92,10.18,0.82,1.78,,,,,19.7,56.25,1.55,128.25,,0.0,,715.0,
2024-11-28 10:00:00,61.0,156.25,1.7,18.8,11.4,2.25,10.2,0.93,9.41,1.0,2.2,,,,,21.32,53.5,1.68,120.0,,0.0,,714.5,
2024-11-28 11:00:00,58.0,163.0,1.6,18.95,11.4,2.6,11.4,0.82,9.35,1.1,2.45,,,,,22.6,52.0,1.5,196.5,,0.0,,714.0,
2024-11-28 12:00:00,,,,,,,,,,,,,,,,,,,,,0.0,,,
2024-11-28 13:00:00,,,,,,,,,,,,,,,,,,,,,0.0,,,
2024-11-28 14:00:00,,,,,,,,,,,,,,,,,,,,,0.0,,,
2024-11-28 15:00:00,,,,,,,,,,,,,,,,,,,,,0.0,,,
2024-11-28 16:00:00,35.0,155.5,1.8,20.6,12.5,3.0,11.6,0.6,17.74,1.1,2.5,,,,,26.1,46.5,1.1,205.0,,0.0,,710.0,
2024-11-28 17:00:00,,,,,,,,,,,,,,,,,,,,,0.0,,,
2024-11-28 18:00:00,44.33,258.33,1.8,30.75,17.8,2.95,11.65,2.9,21.12,1.15,2.5,,,,,22.37,49.0,0.95,251.0,,0.0,,712.0,
2024-11-28 19:00:00,56.25,288.0,2.62,33.08,19.73,4.72,13.28,3.93,21.52,1.27,2.88,,,,,21.12,51.5,0.9,237.5,,0.0,,712.25,
2024-11-28 20:00:00,66.25,296.0,1.65,29.82,17.2,4.03,11.9,2.52,22.29,1.15,2.58,,,,,20.38,53.5,0.55,190.0,,0.0,,713.0,
2024-11-28 21:00:00,64.5,225.75,1.6,22.08,13.08,3.12,9.72,1.04,20.14,0.95,2.08,,,,,19.5,55.25,0.6,153.5,,0.0,,714.0,
2024-11-28 22:00:00,56.5,179.25,1.88,19.4,11.82,2.4,10.52,0.55,16.88,1.02,2.28,,,,,18.8,56.0,0.5,127.75,,0.0,,713.0,
2024-11-28 23:00:00,53.75,157.0,1.42,18.42,11.0,2.0,10.42,0.31,16.63,1.02,2.28,,,,,18.5,56.25,0.5,172.25,,0.0,,712.5,
2024-11-29 00:00:00,50.0,143.0,1.55,17.62,10.62,1.95,10.9,0.06,13.58,1.07,2.37,,,,,18.48,57.25,0.72,155.25,,0.0,,712.0,
2024-11-29 01:00:00,48.5,113.25,1.75,16.18,10.02,2.0,10.52,0.46,12.92,1.0,2.28,,,,,18.47,58.0,0.9,114.0,,0.0,,711.75,
2024-11-29 02:00:00,44.0,94.75,1.92,17.62,10.92,1.98,10.58,0.42,16.24,1.05,2.28,,,,,18.77,58.0,0.85,199.5,,0.0,,711.0,
2024-11-29 03:00:00,41.75,94.5,1.08,16.52,9.68,1.88,10.68,0.41,12.94,1.02,2.3,,,,,18.95,58.0,0.72,224.5,,0.0,,710.0,
2024-11-29 04:00:00,36.25,104.25,1.55,17.98,10.85,1.5,11.0,0.38,15.73,1.05,2.35,,,,,18.73,58.25,0.85,190.25,,0.0,,710.5,
2024-11-29 05:00:00,40.0,104.25,1.72,17.52,10.78,1.92,11.08,0.49,12.63,1.1,2.4,,,,,18.6,59.0,1.12,192.5,,0.0,,711.0,
2024-11-29 06:00:00,40.0,115.5,1.82,16.55,10.32,1.92,9.48,0.6,13.46,0.9,2.05,,,,,18.9,59.0,0.9,214.0,,0.0,,712.0,
2024-11-29 07:00:00,42.75,139.0,1.25,19.85,11.6,1.92,10.3,0.77,17.59,1.0,2.22,,,,,19.0,58.75,1.02,225.0,,0.0,,712.5,
2024-11-29 08:00:00,50.25,162.75,1.27,19.25,11.28,2.33,10.4,0.97,18.05,1.02,2.25,,,,,19.42,57.75,1.15,196.0,,0.0,,713.5,
2024-11-29 09:00:00,50.33,178.33,1.77,19.97,12.07,2.2,11.2,0.98,17.96,1.1,2.4,,,,,20.77,57.33,1.43,203.67,,0.0,,714.0,
2024-11-29 10:00:00,,,,,,,,,,,,,,,,,,,,,0.0,,,
2024-11-29 11:00:00,,,,,,,,,,,,,,,,,,,,,0.0,,,
2024-11-29 12:00:00,34.5,121.5,1.4,18.7,11.1,2.2,10.4,0.65,14.39,1.0,2.2,,,,,24.9,61.0,2.0,87.0,,0.0,,711.0,
2024-11-29 13:00:00,,,,,,,,,,,,,,,,,,,,,0.0,,,
2024-11-29 14:00:00,,,,,,,,,,,,,,,,,,,,,0.0,,,
2024-11-29 15:00:00,,,,,,,,,,,,,,,,,,,,,0.0,,,
2024-11-29 16:00:00,28.0,156.0,,,,,,,,,,,,,,24.5,64.0,,,,0.0,,,
2024-11-29 17:00:00,,,,,,,,,,,,,,,,,,,,,0.0,,,
2024-11-29 18:00:00,,,,,,,,,,,,,,,,,,,,,0.0,,,
2024-11-29 19:00:00,,,,,,,,,,,,,,,,,,,,,0.0,,,
2024-11-29 20:00:00,,,,,,,,,,,,,,,,,,,,,0.0,,,
2024-11-29 21:00:00,,,,,,,,,,,,,,,,,,,,,0.0,,,
2024-11-29 22:00:00,,,,,,,,,,,,,,,,,,,,,0.0,,,
2024-11-29 23:00:00,,,,,,,,,,,,,,,,,,,,,0.0,,,
2024-11-30 00:00:00,44.0,86.0,1.75,15.2,9.5,1.95,9.4,0.08,16.96,0.95,2.0,,,,,20.23,68.33,0.8,211.0,,0.0,,711.5,
2024-11-30 01:00:00,44.0,76.0,1.3,15.4,9.23,1.8,9.2,0.52,17.62,0.9,1.97,,,,,20.3,69.0,0.6,200.0,,0.0,,710.67,
2024-11-30 02:00:00,,,,,,,,,,,,,,,,,,,,,0.0,,,
2024-11-30 03:00:00,,,,,,,,,,,,,,,,,,,,,0.0,,,
2024-11-30 04:00:00,,,,,,,,,,,,,,,,,,,,,0.0,,,
2024-11-30 05:00:00,,,,,,,,,,,,,,,,,,,,,0.0,,,
2024-11-30 06:00:00,,,,,,,,,,,,,,,,,,,,,0.0,,,
2024-11-30 07:00:00,33.0,66.0,1.5,16.8,10.1,2.0,9.7,0.58,19.88,0.9,2.1,,,,,19.9,72.0,1.1,142.0,,0.0,,711.0,
2024-11-30 08:00:00,,,,,,,,,,,,,,,,,,,,,0.0,,,
2024-11-30 09:00:00,41.0,87.0,1.7,18.3,11.1,2.1,10.4,0.89,21.66,1.0,2.2,,,,,20.1,72.0,1.1,151.0,,0.0,,712.0,
2024-11-30 10:00:00,,,,,,,,,,,,,,,,,,,,,0.0,,,
2024-11-30 11:00:00,,,,,,,,,,,,,,,,,,,,,0.0,,,
2024-11-30 12:00:00,55.0,136.25,1.43,22.77,13.27,2.23,10.93,1.48,22.18,1.1,2.4,,,,,21.78,70.0,1.33,256.33,,0.0,,710.0,
2024-11-30 13:00:00,51.75,135.75,1.38,21.12,12.38,1.9,10.48,1.22,22.55,1.02,2.25,,,,,21.68,70.0,1.05,233.5,,0.0,,709.25,
2024-11-30 14:00:00,41.25,124.25,1.42,22.25,13.0,1.9,10.7,1.48,22.3,1.02,2.3,,,,,21.6,70.0,1.62,271.75,,0.0,,708.25,
2024-11-30 15:00:00,39.5,130.75,1.27,23.7,13.65,2.38,10.92,1.46,23.47,1.08,2.35,,,,,21.62,70.0,1.3,234.75,,0.0,,708.0,
2024-11-30 16:00:00,39.5,135.75,1.7,21.95,13.08,2.2,10.52,1.23,22.96,1.02,2.25,,,,,21.65,70.25,1.25,249.25,,0.0,,708.0,
2024-11-30 17:00:00,36.5,129.0,1.82,23.35,13.92,2.02,11.1,1.49,23.44,1.05,2.38,,,,,21.45,71.25,1.32,252.0,,0.0,,708.0,
2024-11-30 18:00:00,43.25,141.25,1.62,26.4,15.35,2.32,11.9,2.18,23.22,1.15,2.58,,,,,21.32,72.0,1.27,266.25,,0.0,,709.0,
2024-11-30 19:00:00,47.5,147.75,1.62,25.6,14.92,2.65,11.85,2.18,23.47,1.15,2.55,,,,,21.38,72.25,1.12,254.25,,0.0,,710.0,
2024-11-30 20:00:00,40.5,133.0,1.68,23.55,13.92,2.45,11.3,1.62,23.06,1.1,2.45,,,,,21.3,73.0,1.55,269.0,,0.0,,710.0,
2024-11-30 21:00:00,43.5,109.0,1.2,22.22,12.8,2.1,10.88,1.04,23.36,1.05,2.35,,,,,21.22,73.25,1.45,274.0,,0.0,,711.0,
2024-11-30 22:00:00,49.75,78.75,1.15,20.9,12.02,1.98,10.92,0.88,23.53,1.08,2.35,,,,,20.82,74.25,1.15,259.25,,0.0,,711.0,
2024-11-30 23:00:00,55.0,69.0,0.9,20.43,11.63,2.0,10.57,0.66,22.99,1.03,2.27,,,,,20.3,75.0,1.17,260.67,,0.0,,710.67,
2024-12-01 00:00:00,43.25,51.25,1.15,17.68,10.35,1.82,9.4,0.32,23.31,0.93,2.0,,,,,19.65,76.0,1.08,259.5,,0.0,,709.75,
2024-12-01 01:00:00,30.0,35.25,1.62,16.32,10.0,1.85,7.9,0.71,22.34,0.78,1.7,,,,,19.52,76.0,1.25,261.0,,0.0,,708.5,
2024-12-01 02:00:00,31.0,40.5,1.18,16.42,9.7,1.8,7.18,0.68,21.43,0.7,1.52,,,,,19.62,76.0,1.35,277.0,,0.0,,708.25,
2024-12-01 03:00:00,26.5,47.75,1.48,16.02,9.75,1.92,8.12,0.55,21.76,0.8,1.75,,,,,19.73,76.0,1.58,281.0,,0.0,,707.75,
2024-12-01 04:00:00,34.5,55.25,1.2,16.4,9.7,1.9,8.18,0.56,21.86,0.8,1.75,,,,,19.82,75.75,1.35,273.25,,0.0,,708.0,
2024-12-01 05:00:00,43.25,51.75,1.23,17.75,10.4,1.78,7.9,0.67,22.72,0.78,1.7,,,,,19.88,75.25,1.3,283.75,,0.0,,708.0,
2024-12-01 06:00:00,38.0,47.5,1.48,18.8,11.2,1.88,8.02,0.77,23.84,0.78,1.72,,,,,19.77,76.0,1.12,258.0,,0.0,,708.75,
2024-12-01 07:00:00,39.0,45.5,1.55,20.7,12.28,1.8,7.95,0.84,22.92,0.78,1.72,,,,,19.7,76.0,1.23,262.25,,0.0,,709.75,
2024-12-01 08:00:00,40.25,42.0,1.82,19.2,11.7,1.9,7.25,0.69,22.47,0.7,1.58,,,,,19.7,76.25,1.25,248.75,,0.0,,710.0,
2024-12-01 09:00:00,33.0,35.25,1.4,19.68,11.62,2.05,7.98,0.58,22.58,0.78,1.72,,,,,19.82,77.0,1.38,234.25,,0.0,,710.75,
2024-12-01 10:00:00,25.25,36.25,1.27,19.6,11.45,1.85,8.3,0.66,23.22,0.82,1.78,,,,,20.38,76.75,1.62,245.0,,0.0,,710.0,
2024-12-01 11:00:00,19.25,47.75,1.6,19.3,11.55,1.82,8.62,0.72,22.49,0.82,1.85,,,,,21.1,75.5,1.52,240.0,,0.0,,709.0,
2024-12-01 12:00:00,20.5,56.5,1.32,20.78,12.15,1.78,8.82,1.05,22.29,0.85,1.9,,,,,21.7,73.75,1.48,251.0,,0.0,,707.75,
2024-12-01 13:00:00,28.25,66.0,1.2,20.8,12.02,2.08,8.8,0.7,22.09,0.85,1.88,,,,,21.68,72.75,1.45,253.25,,0.0,,707.0,
2024-12-01 14:00:00,19.5,54.75,1.42,20.95,12.32,1.62,8.4,0.94,22.25,0.8,1.8,,,,,21.52,72.5,1.18,246.75,,0.0,,706.25,
2024-12-01 15:00:00,19.25,30.0,1.75,22.25,13.28,1.9,9.0,1.01,23.54,0.88,1.95,,,,,21.15,74.5,0.88,218.0,,0.0,,706.0,
2024-12-01 16:00:00,21.5,29.0,1.28,21.3,12.35,1.82,9.15,0.93,22.7,0.9,2.0,,,,,20.65,76.25,1.08,244.5,,0.0,,706.0,
2024-12-01 17:00:00,19.0,28.5,1.4,22.12,12.95,1.82,9.35,0.94,23.52,0.9,2.02,,,,,20.42,77.0,0.98,235.75,,0.0,,706.25,
2024-12-01 18:00:00,25.5,36.0,1.75,21.72,12.98,2.15,9.1,1.08,22.68,0.9,1.98,,,,,20.18,77.0,1.12,245.25,,0.0,,706.75,
2024-12-01 19:00:00,27.0,34.75,1.52,21.52,12.7,2.15,9.22,1.26,23.77,0.9,2.0,,,,,20.08,77.0,1.1,254.25,,0.0,,708.0,
2024-12-01 20:00:00,28.5,31.75,1.08,22.0,12.58,1.95,8.8,1.33,23.26,0.85,1.9,,,,,19.98,77.0,1.2,254.5,,0.0,,708.25,
2024-12-01 21:00:00,33.0,34.0,1.23,19.9,11.58,2.0,8.35,0.81,22.99,0.82,1.8,,,,,19.9,77.25,1.15,241.75,,0.0,,708.5,
2024-12-01 22:00:00,,,1.15,17.42,10.2,2.08,7.12,0.31,22.3,0.72,1.52,,,,,19.88,78.0,1.25,229.75,,0.0,,708.0,
2024-12-01 23:00:00,14.0,15.0,1.48,15.75,9.62,2.08,7.68,0.23,22.93,0.75,1.65,,,,,19.82,78.25,1.18,245.25,,0.0,,708.0,
2024-12-02 00:00:00,13.75,16.0,1.35,15.3,9.22,1.95,8.23,0.14,22.92,0.83,1.77,,,,,19.88,78.75,1.15,249.75,,0.0,,707.5,
2024-12-02 01:00:00,13.25,18.5,1.7,15.28,9.5,1.8,9.98,0.56,23.23,0.98,2.18,,,,,19.82,78.0,0.95,252.5,,0.0,,707.0,
2024-12-02 02:00:00,13.5,17.5,1.42,15.18,9.22,2.05,10.07,0.52,22.39,0.98,2.18,,,,,19.9,78.25,0.95,248.25,,0.0,,706.0,
2024-12-02 03:00:00,12.0,19.0,1.02,15.32,9.0,1.95,10.05,0.41,23.31,0.98,2.18,,,,,19.9,79.0,0.82,247.25,,0.0,,705.75,
2024-12-02 04:00:00,,,1.48,15.78,9.57,1.9,10.28,0.36,23.05,1.0,2.2,,,,,19.9,79.0,0.98,245.5,,0.0,,705.75,
2024-12-02 05:00:00,,,1.3,15.78,9.45,1.8,11.02,0.46,21.99,1.08,2.4,,,,,19.88,79.0,0.78,216.5,,0.0,,706.25,
2024-12-02 06:00:00,,,1.38,19.35,11.4,1.38,11.12,0.74,24.06,1.08,2.4,,,,,19.82,79.0,0.72,232.25,,0.0,,707.25,
2024-12-02 07:00:00,7.0,14.0,1.18,22.15,12.75,2.02,11.4,0.88,24.77,1.1,2.48,,,,,19.95,79.25,0.78,230.5,,0.0,,708.0,
2024-12-02 08:00:00,9.25,14.75,1.58,21.48,12.7,2.38,12.05,1.14,24.18,1.18,2.58,,,,,20.15,80.0,0.9,246.0,,0.0,,709.0,
2024-12-02 09:00:00,13.25,15.25,1.23,21.08,12.22,2.8,12.0,1.24,24.55,1.15,2.58,,,,,20.38,80.25,0.7,147.0,,0.0,,710.0,
2024-12-02 10:00:00,5.25,10.5,1.05,18.77,10.82,3.2,12.38,0.9,23.6,1.2,2.65,,,,,20.62,81.0,0.65,116.0,,0.0,,710.0,
2024-12-02 11:00:00,5.75,12.5,1.25,18.68,10.98,3.05,11.92,0.77,23.36,1.15,2.58,,,,,20.8,81.0,0.82,140.75,,0.0,,709.0,
2024-12-02 12:00:00,4.5,12.75,1.23,17.0,10.02,2.55,11.3,0.63,22.19,1.1,2.42,,,,,21.05,80.25,1.32,108.5,,0.0,,708.25,
2024-12-02 13:00:00,4.0,10.0,1.38,17.45,10.4,2.4,11.3,0.75,22.72,1.1,2.45,,,,,20.95,78.0,0.85,146.5,,0.0,,707.25,
2024-12-02 14:00:00,6.75,12.75,1.7,16.27,10.07,2.62,11.45,0.78,22.32,1.1,2.5,,,,,21.12,78.25,0.57,120.0,,0.0,,707.0,
2024-12-02 15:00:00,6.0,12.0,1.65,16.38,10.07,2.65,11.18,0.84,22.92,1.1,2.4,,,,,21.18,79.0,0.6,105.5,,0.0,,707.0,
2024-12-02 16:00:00,13.0,20.0,1.5,17.15,10.32,2.88,11.65,0.9,23.17,1.12,2.5,,,,,21.08,79.0,0.88,93.5,,0.0,,707.0,
2024-12-02 17:00:00,14.75,22.75,1.5,18.45,11.02,2.92,11.72,0.88,23.18,1.12,2.52,,,,,20.98,78.75,0.7,86.75,,0.0,,707.5,
2024-12-02 18:00:00,19.75,30.0,1.65,18.75,11.32,3.92,11.38,1.26,22.25,1.12,2.42,,,,,20.88,78.25,0.85,89.5,,0.0,,708.25,
2024-12-02 19:00:00,16.5,25.5,1.5,18.02,10.82,3.55,11.25,1.26,22.86,1.1,2.45,,,,,20.78,78.75,0.92,83.0,,0.0,,709.25,
2024-12-02 20:00:00,8.5,19.0,2.08,17.48,11.0,3.88,11.5,0.85,22.74,1.12,2.5,,,,,20.68,78.25,0.95,90.5,,0.0,,710.0,
2024-12-02 21:00:00,6.5,12.0,1.78,15.15,9.5,2.82,11.3,0.54,23.08,1.1,2.42,,,,,20.58,79.0,0.92,100.5,,0.0,,710.0,
2024-12-02 22:00:00,4.25,8.25,1.6,14.85,9.2,2.42,11.38,0.47,21.88,1.1,2.48,,,,,20.48,79.0,0.9,119.25,,0.0,,711.0,
2024-12-02 23:00:00,2.25,5.75,1.55,14.65,9.07,2.17,10.8,0.43,21.13,1.05,2.35,,,,,20.35,79.0,0.8,108.0,,0.0,,710.75,
2024-12-03 00:00:00,2.5,4.5,1.6,13.4,8.45,2.05,9.47,0.3,20.49,0.9,2.03,,,,,20.2,79.0,0.7,102.75,,0.0,,710.0,
2024-12-03 01:00:00,1.0,3.0,1.68,13.78,8.72,2.0,7.45,0.5,19.9,0.7,1.6,,,,,20.18,79.0,1.0,105.25,,0.0,,710.0,
2024-12-03 02:00:00,1.0,3.0,1.08,13.68,8.1,1.9,7.2,0.48,19.22,0.7,1.55,,,,,20.05,79.0,0.88,103.75,,0.0,,709.5,
2024-12-03 03:00:00,,1.0,1.32,13.18,8.05,1.92,7.48,0.57,18.89,0.7,1.6,,,,,19.85,79.0,1.02,108.0,,0.0,,708.75,
2024-12-03 04:00:00,8.0,3.5,1.25,13.7,8.32,1.88,6.82,0.62,19.99,0.7,1.5,,,,,19.73,79.0,1.05,115.5,,0.0,,709.25,
2024-12-03 05:00:00,7.75,11.0,1.45,13.58,8.43,2.02,6.52,0.46,19.38,0.65,1.42,,,,,19.82,79.0,0.88,106.0,,0.0,,710.25,
2024-12-03 06:00:00,7.0,11.0,1.77,13.63,8.67,1.87,6.77,0.55,18.93,0.63,1.47,,,,,19.9,79.0,1.17,115.67,,0.0,,711.0,
2024-12-03 07:00:00,,,,,,,,,,,,,,,,,,,,,0.0,,,
2024-12-03 08:00:00,,,,,,,,,,,,,,,,,,,,,0.0,,,
2024-12-03 09:00:00,20.75,26.0,1.47,14.77,9.07,2.73,7.5,0.74,20.64,0.7,1.6,,,,,20.7,79.0,1.07,164.0,,0.0,,714.0,
2024-12-03 10:00:00,,,,,,,,,,,,,,,,,,,,,0.0,,,
2024-12-03 11:00:00,13.5,24.5,1.18,14.22,8.52,2.33,6.65,0.51,17.91,0.65,1.42,,,,,24.28,73.25,1.42,109.5,,0.0,,713.25,
2024-12-03 12:00:00,,,,,,,,,,,,,,,,,,,,,0.0,,,
2024-12-03 13:00:00,,,,,,,,,,,,,,,,,,,,,0.0,,,
2024-12-03 14:00:00,,,,,,,,,,,,,,,,,,,,,0.0,,,
2024-12-03 15:00:00,11.0,19.0,1.5,17.5,10.55,3.0,7.85,1.25,23.32,0.75,1.7,,,,,21.05,80.0,0.65,199.0,,0.0,,711.0,
2024-12-03 16:00:00,17.0,25.5,1.6,20.0,12.0,3.4,7.95,1.82,22.92,0.75,1.7,,,,,21.45,82.0,0.5,79.5,,0.0,,711.0,
2024-12-03 17:00:00,23.0,31.0,1.65,21.85,12.95,4.45,8.15,1.49,18.27,0.8,1.75,,,,,21.9,82.0,0.3,79.5,,0.0,,712.0,
2024-12-03 18:00:00,33.0,49.0,2.1,22.0,13.4,5.6,9.9,1.89,25.75,1.0,2.1,,,,,22.3,73.0,0.3,89.0,,0.0,,713.0,
2024-12-03 19:00:00,,,,,,,,,,,,,,,,,,,,,0.0,,,
2024-12-03 20:00:00,,,,,,,,,,,,,,,,,,,,,0.0,,,
2024-12-03 21:00:00,,,,,,,,,,,,,,,,,,,,,0.0,,,
2024-12-03 22:00:00,27.0,47.0,1.3,15.2,9.2,2.1,7.8,0.72,20.57,0.8,1.7,,,,,20.9,73.0,1.0,102.0,,0.0,,714.0,
2024-12-03 23:00:00,27.25,45.0,1.48,14.72,9.05,2.15,7.25,0.5,21.24,0.72,1.58,,,,,20.9,73.0,1.02,96.25,,0.0,,714.0,
2024-12-04 00:00:00,27.75,40.75,0.98,14.35,8.45,1.9,5.6,0.36,20.29,0.53,1.2,,,,,20.9,73.0,1.15,89.5,,0.0,,713.0,
2024-12-04 01:00:00,27.0,46.0,1.23,14.13,8.53,1.97,5.13,0.44,19.79,0.5,1.1,,,,,20.9,73.0,1.33,100.67,,0.0,,713.0,
2024-12-04 02:00:00,,,,,,,,,,,,,,,,,,,,,0.0,,,
2024-12-04 03:00:00,,,,,,,,,,,,,,,,,,,,,0.0,,,
2024-12-04 04:00:00,,,,,,,,,,,,,,,,,,,,,0.0,,,
2024-12-04 05:00:00,,,,,,,,,,,,,,,,,,,,,0.0,,,
2024-12-04 06:00:00,25.0,42.0,0.9,14.4,8.4,2.0,6.2,0.42,20.33,0.6,1.3,,,,,18.6,70.0,1.2,100.0,,0.0,,714.0,
2024-12-04 07:00:00,24.5,43.25,1.15,14.7,8.75,1.98,5.92,0.5,21.4,0.57,1.27,,,,,18.73,70.0,1.08,101.5,,0.0,,715.25,
2024-12-04 08:00:00,24.5,59.25,1.4,14.72,8.98,2.25,6.78,0.56,20.68,0.65,1.45,,,,,19.53,69.25,1.3,99.5,,0.0,,716.0,
2024-12-04 09:00:00,29.0,60.0,1.2,15.4,9.2,2.3,7.2,,19.8,0.7,1.5,,,,,20.8,67.0,1.2,89.0,,0.0,,716.0,
2024-12-04 10:00:00,23.33,75.33,1.15,14.85,8.85,2.75,6.45,0.26,19.34,0.6,1.4,,,,,23.73,61.67,1.3,138.0,,0.0,,716.0,
2024-12-04 11:00:00,19.0,65.5,1.4,14.85,9.05,2.1,6.68,0.24,18.06,0.65,1.42,,,,,24.8,58.75,1.35,111.0,,0.0,,715.5,
2024-12-04 12:00:00,16.5,51.75,1.3,14.0,8.5,2.28,6.78,0.47,18.11,0.68,1.45,,,,,25.42,58.0,1.35,120.75,,0.0,,714.5,
2024-12-04 13:00:00,17.5,50.5,1.15,14.08,8.43,2.15,7.0,0.51,19.09,0.68,1.52,,,,,25.42,58.0,1.15,116.0,,0.0,,713.5,
2024-12-04 14:00:00,16.25,48.75,1.52,13.98,8.68,2.15,6.95,0.52,19.97,0.68,1.5,,,,,25.08,58.75,0.95,120.25,,0.0,,712.75,
2024-12-04 15:00:00,16.0,48.0,1.45,13.92,8.6,2.48,7.65,0.5,19.9,0.72,1.68,,,,,24.85,61.0,0.92,127.5,,0.0,,712.0,
2024-12-04 16:00:00,14.0,52.25,1.2,14.62,8.75,2.55,7.5,0.61,20.42,0.72,1.62,,,,,25.38,61.25,0.77,123.25,,0.0,,712.0,
2024-12-04 17:00:00,17.0,65.0,1.6,15.8,9.7,2.7,7.9,,21.29,0.8,1.7,,,,,25.6,62.0,0.7,89.0,,0.0,,712.0,
2024-12-04 18:00:00,,,,,,,,,,,,,,,,,,,,,0.0,,,
2024-12-04 19:00:00,,,,,,,,,,,,,,,,,,,,,0.0,,,
2024-12-04 20:00:00,37.33,165.67,1.8,22.3,13.35,4.05,8.8,1.28,23.05,0.85,1.9,,,,,22.67,70.0,0.6,104.0,,0.0,,716.0,
2024-12-04 21:00:00,36.0,143.0,1.35,20.15,11.85,4.0,9.05,0.88,23.55,0.9,1.95,,,,,22.4,72.0,0.9,93.0,,0.0,,716.0,
2024-12-04 22:00:00,25.0,138.0,1.35,17.4,10.35,2.85,7.2,0.32,22.65,0.7,1.55,,,,,21.5,72.0,0.4,104.5,,0.0,,716.0,
2024-12-04 23:00:00,22.25,79.75,1.5,15.5,9.45,2.28,7.65,0.08,23.8,0.72,1.65,,,,,20.88,72.25,0.6,95.75,,0.0,,716.0,
2024-12-05 00:00:00,13.5,47.75,1.78,14.8,9.28,2.08,6.9,,23.48,0.7,1.5,,,,,20.7,73.0,0.7,125.75,,0.0,,715.75,
2024-12-05 01:00:00,11.0,23.5,1.23,14.42,8.68,1.98,6.22,0.33,22.89,0.62,1.35,,,,,20.25,72.75,0.5,90.0,,0.0,,715.0,
2024-12-05 02:00:00,8.0,16.0,0.75,13.82,7.98,2.08,6.02,0.44,20.05,0.57,1.3,,,,,19.77,71.75,0.52,91.75,,0.0,,714.0,
2024-12-05 03:00:00,8.0,25.0,1.1,14.32,8.5,1.88,5.92,0.36,23.12,0.55,1.27,,,,,19.75,71.25,0.65,85.0,,0.0,,714.0,
2024-12-05 04:00:00,8.0,23.75,1.58,14.18,8.85,1.88,6.78,0.37,22.75,0.65,1.48,,,,,19.85,72.0,0.52,93.0,,0.0,,714.0,
2024-12-05 05:00:00,10.0,22.5,1.02,14.68,8.65,1.95,6.5,0.41,22.28,0.62,1.4,,,,,19.7,72.0,0.48,85.0,,0.0,,714.25,
2024-12-05 06:00:00,14.75,27.75,1.18,14.55,8.72,2.02,6.58,0.51,22.17,0.65,1.42,,,,,19.68,72.0,0.78,85.5,,0.0,,715.25,
2024-12-05 07:00:00,10.5,20.25,1.48,15.38,9.38,2.22,7.0,0.62,23.27,0.68,1.5,,,,,19.68,72.25,0.55,95.75,,0.0,,716.0,
2024-12-05 08:00:00,8.75,18.25,1.4,16.77,10.05,2.42,6.88,0.89,23.37,0.68,1.48,,,,,20.22,73.0,0.57,107.75,,0.0,,716.75,
2024-12-05 09:00:00,9.0,20.0,1.23,15.98,9.48,2.52,7.5,0.64,22.86,0.72,1.6,,,,,21.6,72.0,0.95,93.25,,0.0,,717.0,
2024-12-05 10:00:00,10.5,24.0,1.48,15.08,9.22,2.6,7.0,0.47,22.69,0.7,1.5,,,,,23.18,68.5,1.12,106.75,,0.0,,717.0,
2024-12-05 11:00:00,5.75,33.0,1.68,14.98,9.32,2.55,6.95,0.39,21.86,0.7,1.5,,,,,24.62,66.25,1.02,98.25,,0.0,,716.25,
2024-12-05 12:00:00,4.25,44.25,1.92,14.55,9.3,2.3,7.15,0.27,22.98,0.7,1.55,,,,,25.4,64.75,1.1,122.0,,0.0,,715.25,
2024-12-05 13:00:00,2.0,27.0,1.55,13.9,8.68,2.22,7.15,0.52,21.54,0.7,1.55,,,,,25.48,65.75,1.38,112.5,,0.0,,714.0,
2024-12-05 14:00:00,2.0,33.5,1.52,14.38,8.88,2.12,7.3,0.54,20.75,0.7,1.6,,,,,27.5,61.5,1.1,122.5,,0.0,,713.0,
2024-12-05 15:00:00,2.0,37.0,1.2,14.38,8.62,2.22,6.18,0.57,22.29,0.6,1.35,,,,,27.42,60.25,1.35,104.5,,0.0,,713.0,
2024-12-05 16:00:00,3.5,75.0,1.65,16.52,10.12,2.58,5.7,0.79,21.74,0.55,1.2,,,,,27.1,61.25,0.95,96.25,,0.0,,712.25,
2024-12-05 17:00:00,8.75,86.5,1.7,16.55,10.2,3.05,6.75,1.1,22.23,0.65,1.45,,,,,26.48,62.25,0.82,102.25,,0.0,,713.0,
2024-12-05 18:00:00,10.0,78.5,2.2,19.38,12.1,4.08,7.85,2.09,23.56,0.75,1.7,,,,,25.0,63.75,0.75,82.0,,0.0,,714.0,
2024-12-05 19:00:00,9.25,91.25,1.62,20.2,12.05,4.03,8.48,2.1,23.48,0.82,1.85,,,,,23.32,66.5,0.82,83.5,,0.0,,715.25,
2024-12-05 20:00:00,15.5,105.0,1.95,19.2,11.82,4.1,7.98,1.67,22.99,0.8,1.72,,,,,22.68,68.5,0.78,98.75,,0.0,,716.0,
2024-12-05 21:00:00,13.5,95.75,1.58,17.73,10.72,3.12,7.55,0.83,23.24,0.7,1.62,,,,,22.18,70.25,0.98,90.5,,0.0,,717.0,
2024-12-05 22:00:00,13.0,80.0,1.05,16.75,9.78,2.85,6.82,0.52,23.66,0.68,1.5,,,,,21.7,71.5,0.92,83.0,,0.0,,716.5,
2024-12-05 23:00:00,16.0,60.5,1.4,15.82,9.57,2.28,6.5,0.26,23.54,0.62,1.42,,,,,21.32,73.25,0.82,109.0,,0.0,,716.0,
2024-12-06 00:00:00,15.0,50.25,1.45,13.98,8.6,2.15,7.0,0.06,21.99,0.7,1.5,,,,,20.98,73.75,0.85,114.75,,0.0,,715.5,
2024-12-06 01:00:00,14.75,35.75,1.55,14.15,8.78,1.92,7.85,0.41,21.9,0.78,1.7,,,,,20.58,73.0,0.82,101.75,,0.0,,715.0,
2024-12-06 02:00:00,25.5,46.0,1.4,14.12,8.65,1.9,7.4,0.51,19.45,0.72,1.6,,,,,20.4,72.5,0.85,90.75,,0.0,,714.0,
2024-12-06 03:00:00,30.5,49.75,1.2,13.65,8.25,1.95,7.38,0.43,20.58,0.72,1.6,,,,,20.08,71.0,0.75,102.5,,0.0,,714.0,
2024-12-06 04:00:00,24.5,41.75,1.23,13.55,8.18,1.92,7.32,0.42,18.7,0.72,1.55,,,,,20.02,71.0,0.7,108.0,,0.0,,714.0,
2024-12-06 05:00:00,28.5,37.5,1.32,13.52,8.28,1.85,8.2,0.41,20.84,0.8,1.78,,,,,20.1,70.75,0.72,85.25,,0.0,,714.75,
2024-12-06 06:00:00,26.25,38.0,1.25,13.5,8.22,2.1,8.43,0.46,20.04,0.8,1.8,,,,,20.05,69.75,0.5,120.75,,0.0,,715.25,
2024-12-06 07:00:00,24.0,51.5,1.6,14.42,8.95,2.12,8.32,0.64,20.77,0.82,1.78,,,,,20.0,69.0,0.48,93.5,,0.0,,716.25,
2024-12-06 08:00:00,23.75,72.5,1.48,14.98,9.18,2.3,8.28,0.84,20.56,0.8,1.8,,,,,20.7,68.5,0.85,101.75,,0.0,,717.0,
2024-12-06 09:00:00,20.5,66.0,1.65,14.3,8.95,2.4,8.1,0.43,20.95,0.78,1.72,,,,,22.35,66.25,1.12,121.5,,0.0,,717.0,
2024-12-06 10:00:00,12.5,59.25,1.2,14.12,8.48,2.33,8.52,0.4,20.47,0.82,1.85,,,,,24.15,63.5,1.2,115.75,,0.0,,717.0,
2024-12-06 11:00:00,9.75,53.75,1.4,14.82,9.02,2.38,8.07,0.3,20.52,0.8,1.75,,,,,25.82,61.75,1.27,111.0,,0.0,,716.25,
2024-12-06 12:00:00,6.67,46.0,1.85,13.65,8.7,2.3,9.1,0.22,18.85,0.9,1.95,,,,,27.03,60.33,1.35,124.5,,0.0,,714.5,
2024-12-06 13:00:00,8.0,50.0,1.43,13.77,8.5,2.17,8.17,0.46,19.28,0.8,1.77,,,,,27.5,59.0,1.27,117.33,,0.0,,714.0,
2024-12-06 14:00:00,,,,,,,,,,,,,,,,,,,,,0.0,,,
2024-12-06 15:00:00,,,,,,,,,,,,,,,,,,,,,0.0,,,
2024-12-06 16:00:00,2.0,54.0,,,,,,,,,,,,,,28.7,56.0,,,,0.0,,,
2024-12-06 17:00:00,6.0,79.0,1.8,16.0,10.0,3.05,8.45,0.66,21.44,0.8,1.85,,,,,27.2,57.0,1.2,94.5,,0.0,,713.0,
2024-12-06 18:00:00,15.0,91.33,1.55,19.55,11.65,4.65,10.1,2.32,23.16,1.0,2.15,,,,,24.77,61.0,0.75,80.0,,0.0,,714.0,
2024-12-06 19:00:00,25.0,128.5,1.72,18.82,11.42,4.32,9.9,1.83,23.6,0.98,2.12,,,,,23.3,63.5,0.72,82.0,,0.0,,714.75,
2024-12-06 20:00:00,31.5,103.25,1.55,17.98,10.85,3.52,9.28,1.39,22.17,0.9,2.0,,,,,22.55,65.5,0.88,86.5,,0.0,,715.5,
2024-12-06 21:00:00,33.75,93.5,1.55,17.05,10.32,3.68,8.9,0.77,23.48,0.85,1.9,,,,,21.98,67.5,0.82,89.25,,0.0,,716.0,
2024-12-06 22:00:00,34.5,87.0,1.35,16.35,9.78,2.98,8.35,0.53,22.46,0.82,1.8,,,,,21.45,69.25,0.72,83.75,,0.0,,716.0,
2024-12-06 23:00:00,28.25,77.0,1.7,15.28,9.55,2.33,8.68,0.32,22.89,0.85,1.88,,,,,20.9,70.25,0.68,88.5,,0.0,,715.25,
2024-12-07 00:00:00,24.5,63.75,1.58,15.42,9.48,2.5,8.0,0.15,22.87,0.77,1.73,,,,,20.5,71.0,0.68,78.25,,0.0,,715.0,
2024-12-07 01:00:00,27.25,56.25,1.27,14.78,8.9,2.15,7.0,0.37,22.76,0.68,1.5,,,,,20.12,71.0,0.62,92.0,,0.0,,714.0,
2024-12-07 02:00:00,22.25,45.5,1.18,14.15,8.48,1.9,7.42,0.32,21.3,0.72,1.6,,,,,19.85,71.0,0.82,95.0,,0.0,,713.75,
2024-12-07 03:00:00,25.75,46.0,1.45,13.7,8.48,1.88,7.15,0.29,20.85,0.7,1.55,,,,,19.68,71.25,0.9,102.25,,0.0,,713.0,
2024-12-07 04:00:00,34.25,46.0,1.32,13.78,8.4,1.98,7.42,0.29,20.77,0.72,1.6,,,,,19.58,71.75,0.48,99.75,,0.0,,713.0,
2024-12-07 05:00:00,36.25,55.75,1.75,13.82,8.8,2.0,6.72,0.45,21.14,0.65,1.45,,,,,19.5,70.75,0.48,74.25,,0.0,,713.75,
2024-12-07 06:00:00,38.5,61.25,1.15,14.58,8.7,2.08,6.8,0.53,21.08,0.68,1.48,,,,,19.45,69.75,0.35,90.5,,0.0,,714.75,
2024-12-07 07:00:00,35.5,71.25,1.6,15.25,9.4,2.32,6.58,0.65,22.17,0.65,1.42,,,,,19.4,69.25,0.55,95.25,,0.0,,715.25,
2024-12-07 08:00:00,40.25,77.25,1.5,14.62,8.98,2.25,7.2,0.7,21.26,0.7,1.58,,,,,20.02,69.5,0.82,111.25,,0.0,,716.0,
2024-12-07 09:00:00,38.25,89.75,0.78,14.52,8.35,2.2,7.42,0.49,21.25,0.72,1.58,,,,,21.58,67.25,1.0,117.75,,0.0,,716.5,
2024-12-07 10:00:00,30.0,79.5,1.25,14.3,8.6,2.28,7.78,0.55,20.72,0.78,1.7,,,,,23.6,64.75,1.15,104.25,,0.0,,716.5,
2024-12-07 11:00:00,28.0,78.0,1.18,14.3,8.57,2.33,7.2,0.6,20.12,0.7,1.55,,,,,24.82,63.75,1.27,107.75,,0.0,,715.75,
2024-12-07 12:00:00,21.5,73.5,1.55,14.12,8.75,2.1,7.4,0.49,19.54,0.7,1.58,,,,,25.95,62.5,1.25,104.0,,0.0,,714.75,
2024-12-07 13:00:00,18.5,60.75,1.5,14.55,8.93,2.25,7.2,0.41,19.44,0.72,1.55,,,,,26.58,60.5,1.38,97.75,,0.0,,713.5,
2024-12-07 14:00:00,13.5,55.0,1.1,13.68,8.18,2.08,6.95,0.29,19.02,0.65,1.5,,,,,27.33,58.25,1.25,121.25,,0.0,,713.0,
2024-12-07 15:00:00,12.0,36.0,1.12,14.42,8.6,2.42,7.52,0.41,20.13,0.7,1.6,,,,,27.72,56.5,1.15,120.75,,0.0,,712.75,
2024-12-07 16:00:00,12.25,54.0,1.38,14.65,8.93,2.48,6.75,0.47,21.36,0.65,1.45,,,,,26.78,58.25,1.15,99.0,,0.0,,712.0,
2024-12-07 17:00:00,14.75,69.25,1.48,15.4,9.38,3.0,7.52,0.67,21.82,0.72,1.65,,,,,26.0,59.75,0.98,81.25,,0.0,,713.0,
2024-12-07 18:00:00,22.0,93.75,1.42,16.42,9.93,2.9,7.88,1.15,23.38,0.75,1.68,,,,,24.52,62.75,0.7,87.5,,0.0,,713.75,
2024-12-07 19:00:00,27.0,105.75,1.35,16.65,9.98,2.98,8.0,1.18,23.08,0.8,1.72,,,,,23.5,65.75,0.7,90.0,,0.0,,714.75,
2024-12-07 20:00:00,25.5,90.25,1.62,16.5,10.07,2.95,8.65,1.16,22.37,0.85,1.85,,,,,22.75,68.25,0.68,96.5,,0.0,,715.0,
2024-12-07 21:00:00,27.0,84.5,1.7,15.12,9.43,2.62,7.88,0.57,22.06,0.78,1.68,,,,,22.18,69.25,1.0,98.5,,0.0,,715.75,
2024-12-07 22:00:00,19.75,61.75,1.25,14.6,8.8,2.28,7.7,0.49,22.5,0.75,1.65,,,,,21.65,70.25,0.9,99.25,,0.0,,715.25,
2024-12-07 23:00:00,25.0,53.5,1.42,14.5,8.88,2.08,7.3,0.44,22.12,0.7,1.58,,,,,21.15,71.25,0.88,105.5,,0.0,,715.0,
2024-12-08 00:00:00,26.25,56.5,0.88,14.4,8.35,2.0,7.8,0.32,22.41,0.77,1.67,,,,,21.02,72.0,0.9,108.0,,0.0,,714.5,
2024-12-08 01:00:00,26.75,48.5,1.52,14.1,8.72,1.92,7.75,0.4,20.65,0.75,1.68,,,,,21.0,71.5,0.9,118.5,,0.0,,714.0,
2024-12-08 02:00:00,16.75,38.0,1.5,14.0,8.68,1.9,8.2,0.5,21.9,0.78,1.78,,,,,20.65,70.0,0.82,122.25,,0.0,,713.5,
2024-12-08 03:00:00,15.5,35.75,1.25,14.08,8.48,2.0,7.57,0.49,20.71,0.72,1.62,,,,,20.3,69.5,0.5,79.25,,0.0,,713.0,
2024-12-08 04:00:00,14.0,29.5,1.42,14.08,8.62,1.82,7.98,0.44,21.88,0.8,1.75,,,,,19.58,68.0,0.45,82.0,,0.0,,713.0,
2024-12-08 05:00:00,14.0,30.5,1.25,13.98,8.45,1.92,8.65,0.32,21.69,0.82,1.88,,,,,19.1,68.0,0.5,83.25,,0.0,,714.0,
2024-12-08 06:00:00,16.75,33.25,1.62,14.22,8.9,2.0,8.43,0.43,21.49,0.82,1.82,,,,,18.75,68.25,0.32,77.0,,0.0,,714.5,
2024-12-08 07:00:00,22.75,46.25,1.7,14.48,9.1,2.02,9.22,0.35,20.98,0.9,2.0,,,,,18.73,68.75,0.52,94.0,,0.0,,715.25,
2024-12-08 08:00:00,17.5,48.5,1.62,14.15,8.82,1.98,8.98,0.33,20.17,0.88,1.92,,,,,19.98,65.75,0.7,104.75,,0.0,,716.0,
2024-12-08 09:00:00,21.0,57.25,1.35,14.42,8.75,1.95,8.28,0.5,19.31,0.8,1.8,,,,,23.08,58.5,0.98,113.0,,0.0,,717.0,
2024-12-08 10:00:00,18.25,70.75,1.15,15.18,8.98,1.82,8.93,0.57,18.47,0.88,1.92,,,,,24.82,56.5,1.08,137.0,,0.0,,716.5,
2024-12-08 11:00:00,17.75,75.5,1.0,15.0,8.82,2.08,8.38,0.62,20.37,0.82,1.82,,,,,26.15,54.5,1.08,152.5,,0.0,,715.75,
2024-12-08 12:00:00,12.75,76.5,1.08,14.45,8.52,2.15,8.35,0.62,18.7,0.82,1.8,,,,,27.3,53.0,1.12,148.5,,0.0,,714.75,
2024-12-08 13:00:00,8.75,57.75,1.65,14.08,8.8,2.08,8.07,0.64,18.14,0.78,1.75,,,,,27.88,53.0,1.1,127.5,,0.0,,713.5,
2024-12-08 14:00:00,8.25,55.75,1.3,13.9,8.45,2.17,7.9,0.66,17.16,0.78,1.7,,,,,28.75,52.5,1.08,119.5,,0.0,,712.5,
2024-12-08 15:00:00,8.75,41.25,1.42,13.75,8.48,2.05,7.8,0.65,17.12,0.72,1.68,,,,,28.9,50.75,1.03,107.0,,0.0,,712.0,
2024-12-08 16:00:00,8.0,38.0,1.0,13.95,8.22,2.05,7.95,0.64,18.27,0.78,1.7,,,,,28.65,50.75,0.98,98.75,,0.0,,712.0,
2024-12-08 17:00:00,9.5,49.25,1.23,14.28,8.6,2.1,7.95,0.46,20.13,0.78,1.7,,,,,27.3,54.0,0.95,95.75,,0.0,,713.0,
2024-12-08 18:00:00,15.25,66.0,1.25,14.48,8.72,2.22,8.48,0.61,21.42,0.82,1.85,,,,,24.98,57.75,1.0,107.25,,0.0,,713.75,
2024-12-08 19:00:00,20.25,70.25,1.58,14.85,9.18,2.5,8.45,0.64,21.08,0.82,1.82,,,,,23.17,60.25,1.02,105.5,,0.0,,714.25,
2024-12-08 20:00:00,24.25,73.75,1.52,14.55,8.95,2.4,9.07,0.69,21.55,0.88,1.98,,,,,22.38,61.5,1.03,106.5,,0.0,,715.0,
2024-12-08 21:00:00,28.5,76.5,1.4,15.1,9.15,2.1,8.9,0.62,22.44,0.85,1.95,,,,,21.82,63.25,0.75,74.25,,0.0,,715.0,
2024-12-08 22:00:00,37.75,85.75,1.52,15.02,9.22,2.25,8.25,0.63,22.39,0.8,1.8,,,,,21.12,64.5,0.5,95.5,,0.0,,715.0,
2024-12-08 23:00:00,36.0,79.5,1.55,14.8,9.12,2.18,8.28,0.53,21.66,0.8,1.78,,,,,20.48,66.0,0.85,81.0,,0.0,,714.75,
2024-12-09 00:00:00,40.5,69.25,1.38,14.42,8.78,2.02,8.3,0.41,21.85,0.8,1.8,,,,,19.98,66.25,0.9,95.75,,0.0,,714.0,
2024-12-09 01:00:00,31.5,55.25,1.18,14.32,8.6,1.92,8.12,0.37,20.47,0.8,1.75,,,,,19.55,67.0,0.68,111.0,,0.0,,714.0,
2024-12-09 02:00:00,20.25,38.75,1.45,14.15,8.7,1.98,8.95,0.38,21.85,0.88,1.92,,,,,19.38,66.75,0.62,106.75,,0.0,,713.0,
2024-12-09 03:00:00,24.75,40.75,1.12,14.78,8.75,1.8,9.2,0.38,21.2,0.9,1.98,,,,,19.3,66.25,0.55,113.5,,0.0,,713.0,
2024-12-09 04:00:00,19.25,46.0,1.12,15.25,9.0,1.75,8.68,1.37,22.29,0.82,1.85,,,,,19.27,66.75,0.65,142.25,,0.0,,713.5,
2024-12-09 05:00:00,24.0,61.25,1.35,14.85,9.0,1.9,8.75,0.32,22.02,0.85,1.9,,,,,19.15,66.25,0.42,99.25,,0.0,,714.0,
2024-12-09 06:00:00,28.75,59.0,1.35,15.22,9.2,1.92,8.98,0.49,22.24,0.88,1.92,,,,,18.95,67.25,0.42,82.0,,0.0,,714.5,
2024-12-09 07:00:00,38.5,88.75,1.38,16.52,9.9,1.98,9.6,0.72,22.83,0.92,2.08,,,,,18.98,68.5,0.28,102.75,,0.0,,715.5,
2024-12-09 08:00:00,55.0,127.75,1.4,16.82,10.12,2.33,9.07,0.83,22.36,0.9,1.95,,,,,20.05,69.25,0.52,139.75,,0.0,,716.0,
2024-12-09 09:00:00,62.0,149.25,1.2,17.12,10.07,2.25,10.02,0.9,21.16,0.98,2.15,,,,,22.15,66.0,0.88,186.0,,0.0,,716.0,
2024-12-09 10:00:00,54.5,171.5,1.52,17.4,10.5,2.72,9.88,0.79,20.91,0.95,2.15,,,,,23.95,61.75,0.78,202.0,,0.0,,716.0,
2024-12-09 11:00:00,49.5,137.0,1.38,16.1,9.68,2.72,9.93,0.58,19.47,0.95,2.15,,,,,25.85,57.0,0.85,152.25,,0.0,,715.0,
2024-12-09 12:00:00,44.25,105.0,1.45,14.48,8.85,2.3,9.9,0.29,17.44,0.98,2.12,,,,,27.68,54.0,1.05,126.25,,0.0,,714.25,
2024-12-09 13:00:00,32.5,94.75,1.75,14.98,9.43,2.1,9.5,0.52,17.1,0.92,2.05,,,,,28.35,54.0,1.05,115.0,,0.0,,713.25,
2024-12-09 14:00:00,29.25,103.5,1.6,14.55,9.05,2.15,9.35,0.49,18.0,0.9,2.02,,,,,28.95,53.75,1.02,110.5,,0.0,,712.0,
2024-12-09 15:00:00,26.75,106.0,1.75,18.4,11.22,2.5,9.93,0.78,20.58,1.0,2.15,,,,,29.08,53.5,0.95,114.0,,0.0,,712.0,
2024-12-09 16:00:00,33.5,156.5,1.38,17.77,10.58,3.15,9.93,0.78,21.34,0.98,2.12,,,,,27.88,55.25,0.75,85.5,,0.0,,712.0,
2024-12-09 17:00:00,30.25,136.25,1.45,18.6,11.1,3.48,9.35,1.09,22.54,0.9,2.02,,,,,26.72,56.5,0.45,84.5,,0.0,,712.25,
2024-12-09 18:00:00,35.5,143.5,1.98,22.92,13.8,4.38,11.0,2.14,23.66,1.08,2.35,,,,,24.95,58.75,0.2,73.25,,0.0,,713.0,
2024-12-09 19:00:00,40.0,163.75,1.52,21.25,12.55,5.0,11.18,1.98,22.66,1.1,2.4,,,,,23.7,61.75,0.48,84.75,,0.0,,714.0,
2024-12-09 20:00:00,38.5,132.5,1.68,17.68,10.78,4.58,10.12,1.25,22.48,0.98,2.17,,,,,22.92,64.5,0.85,91.5,,0.0,,714.75,
2024-12-09 21:00:00,34.0,108.75,1.78,16.23,10.07,3.05,9.45,0.65,22.11,0.9,2.05,,,,,22.2,66.25,0.75,96.75,,0.0,,715.0,
2024-12-09 22:00:00,35.5,92.5,1.25,14.95,8.98,2.55,9.32,0.42,22.41,0.9,2.0,,,,,21.42,67.5,0.75,97.0,,0.0,,715.0,
2024-12-09 23:00:00,42.0,81.5,1.23,14.7,8.8,2.1,9.57,0.28,22.46,0.92,2.08,,,,,20.78,69.25,0.72,83.75,,0.0,,715.0,
2024-12-10 00:00:00,49.0,78.75,1.42,14.35,8.75,1.95,9.57,0.17,21.6,0.9,2.07,,,,,20.3,70.0,0.7,97.75,,0.0,,714.75,
2024-12-10 01:00:00,52.75,77.0,1.5,13.92,8.65,1.98,9.4,0.45,21.2,0.9,2.02,,,,,19.9,70.0,0.5,96.0,,0.0,,714.0,
2024-12-10 02:00:00,58.75,85.25,1.6,13.65,8.57,2.02,9.2,0.38,19.93,0.9,1.98,,,,,19.58,70.25,0.7,95.75,,0.0,,713.25,
2024-12-10 03:00:00,70.75,90.75,1.42,15.25,9.28,1.52,9.02,0.39,20.88,0.9,1.95,,,,,19.52,71.0,0.78,106.25,,0.0,,713.0,
2024-12-10 04:00:00,69.5,91.0,1.23,15.1,9.05,1.72,9.05,0.42,20.7,0.85,1.98,,,,,19.58,70.75,0.4,121.5,,0.0,,713.0,
2024-12-10 05:00:00,59.75,112.0,1.25,15.8,9.43,1.82,10.07,0.51,22.18,1.0,2.18,,,,,19.42,69.5,0.35,147.25,,0.0,,713.0,
2024-12-10 06:00:00,62.5,135.25,1.27,15.98,9.55,1.98,9.75,0.5,22.43,0.95,2.1,,,,,19.12,68.25,0.35,102.25,,0.0,,714.0,
2024-12-10 07:00:00,64.75,122.25,1.4,14.9,9.07,2.1,9.68,0.56,21.57,0.95,2.1,,,,,19.02,69.25,0.42,102.5,,0.0,,715.25,
2024-12-10 08:00:00,67.75,129.0,1.6,16.48,10.05,2.48,10.38,0.9,22.59,1.0,2.25,,,,,19.7,69.25,0.9,143.75,,0.0,,716.0,
2024-12-10 09:00:00,66.5,164.0,1.5,17.02,10.28,2.3,8.7,0.94,21.67,0.85,1.88,,,,,21.22,66.0,1.0,139.25,,0.0,,716.0,
2024-12-10 10:00:00,54.0,152.75,1.62,16.55,10.12,2.28,9.75,0.74,21.55,0.95,2.1,,,,,23.55,62.25,1.12,124.5,,0.0,,716.0,
2024-12-10 11:00:00,45.75,122.5,1.38,15.38,9.3,2.35,9.45,0.52,20.43,0.9,2.05,,,,,25.35,59.75,1.18,128.5,,0.0,,715.5,
2024-12-10 12:00:00,36.5,106.0,1.78,16.32,10.12,2.25,9.72,0.52,20.2,0.95,2.1,,,,,27.0,58.25,1.15,153.0,,0.0,,714.25,
2024-12-10 13:00:00,28.0,104.0,1.6,16.1,9.88,2.25,9.9,0.46,20.45,1.0,2.12,,,,,28.0,55.75,1.38,109.75,,0.0,,712.75,
2024-12-10 14:00:00,25.75,97.5,1.72,15.55,9.68,2.05,9.62,0.44,20.28,0.95,2.08,,,,,28.32,54.75,1.1,125.25,,0.0,,711.75,
2024-12-10 15:00:00,28.75,98.25,1.52,16.42,9.98,2.22,9.4,0.58,21.12,0.9,2.0,,,,,28.4,54.0,1.12,127.5,,0.0,,711.0,
2024-12-10 16:00:00,29.5,116.5,1.98,18.1,11.25,2.62,9.32,0.86,21.24,0.92,2.0,,,,,28.1,54.25,1.05,122.75,,0.0,,711.75,
2024-12-10 17:00:00,27.75,161.25,1.92,19.65,12.0,3.22,9.85,1.02,23.02,0.95,2.12,,,,,26.72,55.75,1.18,127.25,,0.0,,712.5,
2024-12-10 18:00:00,37.0,190.75,1.88,20.7,12.55,4.18,10.58,1.67,23.49,1.02,2.3,,,,,25.0,58.5,0.85,122.75,,0.0,,713.25,
2024-12-10 19:00:00,41.0,180.0,2.12,19.82,12.28,3.8,10.07,1.68,23.62,1.0,2.18,,,,,23.83,60.75,0.32,117.5,,0.0,,714.5,
2024-12-10 20:00:00,45.5,157.25,1.8,19.05,11.62,3.92,10.35,1.34,22.52,1.0,2.22,,,,,22.88,63.0,0.55,143.75,,0.0,,715.25,
2024-12-10 21:00:00,50.25,146.75,1.68,17.27,10.58,3.0,9.85,0.67,24.35,0.95,2.12,,,,,22.35,63.25,0.52,133.75,,0.0,,716.5,
2024-12-10 22:00:00,48.75,125.25,1.4,17.18,10.28,2.4,10.02,0.17,22.72,0.98,2.17,,,,,21.8,64.25,0.52,143.0,,0.0,,716.5,
2024-12-10 23:00:00,40.0,106.25,1.42,15.6,9.45,2.18,9.43,0.05,23.28,0.92,2.02,,,,,21.38,65.0,0.55,168.25,,0.0,,716.0,
2024-12-11 00:00:00,34.5,98.25,1.48,15.58,9.5,1.92,8.33,,22.26,0.8,1.8,,,,,20.85,65.0,0.5,167.75,,0.0,,715.0,
2024-12-11 01:00:00,36.0,90.0,1.23,16.07,9.53,1.8,7.1,0.44,22.16,0.7,1.53,,,,,20.4,65.0,0.63,149.67,,0.0,,715.0,
2024-12-11 02:00:00,,,,,,,,,,,,,,,,,,,,,0.0,,,
2024-12-11 03:00:00,,,,,,,,,,,,,,,,,,,,,0.0,,,
2024-12-11 04:00:00,,,,,,,,,,,,,,,,,,,,,0.0,,,
2024-12-11 05:00:00,,,,,,,,,,,,,,,,,,,,,0.0,,,
2024-12-11 06:00:00,,,,,,,,,,,,,,,,,,,,,0.0,,,
2024-12-11 07:00:00,,,,,,,,,,,,,,,,,,,,,0.0,,,
2024-12-11 08:00:00,62.0,141.0,,,,,,,,,,,,,,20.3,67.0,,,,0.0,,,
2024-12-11 09:00:00,59.75,140.0,1.38,15.6,9.43,2.3,7.3,0.62,21.87,0.72,1.58,,,,,20.6,66.25,1.32,144.25,,0.0,,717.0,
2024-12-11 10:00:00,50.75,134.75,1.38,15.35,9.28,2.42,7.32,0.56,21.25,0.72,1.58,,,,,22.05,63.0,1.25,132.0,,0.0,,716.5,
2024-12-11 11:00:00,42.0,123.25,1.18,15.62,9.3,2.22,7.7,0.42,20.68,0.72,1.68,,,,,24.05,59.5,1.38,119.5,,0.0,,715.75,
2024-12-11 12:00:00,37.25,108.75,1.35,15.4,9.28,2.2,7.45,0.34,20.84,0.72,1.6,,,,,25.18,58.0,1.25,113.75,,0.0,,715.0,
2024-12-11 13:00:00,39.25,103.5,1.78,15.5,9.68,2.28,8.05,0.53,21.47,0.78,1.7,,,,,25.52,57.75,1.42,107.5,,0.0,,713.75,
2024-12-11 14:00:00,34.25,91.0,1.18,15.12,9.0,2.18,8.2,0.58,21.47,0.82,1.78,,,,,25.72,57.0,1.15,116.0,,0.0,,713.0,
2024-12-11 15:00:00,35.75,94.75,1.38,15.5,9.35,2.2,8.72,0.66,21.64,0.85,1.88,,,,,24.92,57.5,1.3,96.75,,0.0,,713.0,
2024-12-11 16:00:00,38.75,105.75,1.38,16.32,9.8,2.55,7.52,0.82,22.47,0.75,1.62,,,,,24.08,59.25,0.7,130.25,,0.0,,712.75,
2024-12-11 17:00:00,39.5,128.0,1.58,17.27,10.45,2.62,7.92,0.56,22.64,0.78,1.72,,,,,23.78,60.5,0.65,109.25,,0.0,,712.75,
2024-12-11 18:00:00,38.25,122.25,1.88,18.9,11.55,2.52,8.78,0.83,23.63,0.85,1.92,,,,,22.88,62.5,0.52,140.75,,0.0,,713.0,
2024-12-11 19:00:00,47.25,144.5,1.9,20.02,12.18,3.78,8.68,1.6,23.68,0.85,1.85,,,,,22.1,64.25,0.6,132.0,,0.0,,714.0,
2024-12-11 20:00:00,44.25,154.5,1.65,20.0,12.0,3.9,9.35,1.1,22.64,0.92,2.02,,,,,21.7,65.0,1.0,128.5,,0.0,,714.75,
2024-12-11 21:00:00,40.5,144.0,1.72,17.77,10.85,3.2,8.1,0.6,20.73,0.8,1.75,,,,,21.28,65.0,1.55,109.5,,0.0,,715.0,
2024-12-11 22:00:00,37.25,112.5,1.68,15.9,9.82,2.22,7.3,0.51,22.95,0.7,1.58,,,,,20.78,65.25,1.1,118.75,,0.0,,715.0,
2024-12-11 23:00:00,41.0,97.5,1.55,15.42,9.45,2.18,7.25,0.48,22.34,0.7,1.58,,,,,20.32,66.0,1.08,132.75,,0.0,,714.5,
2024-12-12 00:00:00,40.25,87.0,1.62,14.22,8.9,2.15,8.0,0.18,21.28,0.8,1.77,,,,,20.08,65.75,1.4,114.0,,0.0,,714.0,
2024-12-12 01:00:00,39.0,69.5,1.15,14.2,8.5,1.78,7.32,0.48,21.64,0.7,1.6,,,,,19.95,65.0,1.42,114.25,,0.0,,713.0,
2024-12-12 02:00:00,41.75,69.0,1.27,14.28,8.62,1.8,7.3,0.44,21.6,0.72,1.58,,,,,19.73,65.0,1.05,127.25,,0.0,,712.0,
2024-12-12 03:00:00,41.0,64.25,1.7,14.6,9.12,1.7,7.48,0.46,21.56,0.72,1.6,,,,,19.5,65.0,0.95,140.75,,0.0,,712.0,
2024-12-12 04:00:00,41.75,68.75,1.48,14.4,8.88,1.82,7.48,0.44,22.05,0.72,1.6,,,,,19.48,65.0,0.8,142.25,,0.0,,712.0,
2024-12-12 05:00:00,43.25,71.25,1.23,14.85,8.93,1.92,7.1,0.5,22.08,0.7,1.55,,,,,19.4,65.0,1.03,128.25,,0.0,,712.25,
2024-12-12 06:00:00,43.25,70.0,1.4,15.35,9.32,1.82,7.72,0.7,23.58,0.78,1.65,,,,,19.32,65.5,0.72,147.0,,0.0,,713.0,
2024-12-12 07:00:00,50.25,71.75,1.72,18.1,11.05,2.02,8.52,0.92,23.85,0.82,1.85,,,,,19.18,67.25,0.68,146.0,,0.0,,714.25,
2024-12-12 08:00:00,53.0,95.0,2.08,16.58,10.48,2.4,7.32,1.02,21.93,0.7,1.58,,,,,19.6,68.0,0.52,152.5,,0.0,,715.0,
2024-12-12 09:00:00,54.75,96.0,1.52,17.02,10.32,2.38,8.3,1.16,23.54,0.82,1.8,,,,,20.08,68.25,0.98,133.0,,0.0,,716.0,
2024-12-12 10:00:00,48.0,98.0,1.7,19.12,11.55,2.82,8.4,1.25,22.79,0.82,1.8,,,,,20.35,69.0,0.92,131.75,,0.0,,716.0,
2024-12-12 11:00:00,44.75,81.0,1.8,18.0,11.02,2.85,7.72,1.05,23.84,0.72,1.65,,,,,20.5,69.5,0.95,127.0,,0.0,,715.5,
2024-12-12 12:00:00,33.5,36.75,1.33,17.12,10.18,2.6,7.5,1.0,22.36,0.7,1.62,,,,,20.52,71.0,1.3,127.25,,0.0,,714.5,
2024-12-12 13:00:00,26.5,30.5,1.42,16.75,10.07,2.62,7.4,0.53,23.16,0.7,1.58,,,,,20.6,71.0,1.2,118.25,,0.0,,713.5,
2024-12-12 14:00:00,19.0,30.75,1.3,17.12,10.18,2.52,7.1,0.55,23.45,0.7,1.5,,,,,20.6,71.25,0.85,114.75,,0.0,,713.0,
2024-12-12 15:00:00,19.25,26.5,1.52,17.5,10.55,2.65,7.78,0.6,22.42,0.75,1.7,,,,,20.68,72.0,0.92,121.75,,0.0,,712.0,
2024-12-12 16:00:00,19.0,26.25,1.7,16.77,10.35,2.68,7.92,0.54,23.76,0.8,1.7,,,,,20.92,71.75,0.6,135.75,,0.0,,712.25,
2024-12-12 17:00:00,16.25,27.25,1.75,19.02,11.55,2.78,8.75,0.78,23.48,0.85,1.88,,,,,20.9,71.25,0.75,116.25,,0.0,,713.0,
2024-12-12 18:00:00,14.5,16.5,1.92,18.75,11.55,3.58,8.75,0.68,22.89,0.85,1.9,,,,,20.52,72.0,0.65,120.5,,0.0,,713.0,
2024-12-12 19:00:00,7.5,9.5,1.98,18.3,11.32,3.38,8.12,1.12,23.79,0.8,1.78,,,,,20.25,72.0,0.62,130.5,,0.0,,714.0,
2024-12-12 20:00:00,9.5,11.5,1.52,17.48,10.5,3.35,8.6,0.68,22.63,0.85,1.85,,,,,20.05,72.0,0.68,115.75,,0.0,,714.5,
2024-12-12 21:00:00,10.0,14.0,1.8,19.12,11.6,3.8,8.38,1.06,23.95,0.82,1.8,,,,,19.85,72.0,0.92,142.0,,0.0,,715.0,
2024-12-12 22:00:00,7.5,16.25,1.7,16.75,10.3,2.92,7.38,0.48,23.26,0.72,1.6,,,,,19.65,71.5,0.65,164.5,,0.0,,715.0,
2024-12-12 23:00:00,9.5,15.25,1.75,14.92,9.35,2.25,7.02,0.29,23.95,0.68,1.52,,,,,19.5,70.5,0.62,144.25,,0.0,,715.0,
2024-12-13 00:00:00,11.5,20.0,1.35,14.78,8.95,2.12,6.83,0.13,,0.67,1.47,,,,,19.48,71.75,0.57,146.0,,0.0,,714.0,
2024-12-13 01:00:00,15.75,26.25,1.1,14.25,8.5,2.02,6.02,0.43,21.63,0.6,1.3,,,,,19.38,71.0,0.95,113.25,,0.0,,714.0,
2024-12-13 02:00:00,26.25,41.5,1.5,13.48,8.35,1.92,6.52,0.36,22.29,0.65,1.42,,,,,19.27,70.75,1.0,122.75,,0.0,,713.25,
2024-12-13 03:00:00,35.75,59.25,1.6,13.9,8.7,1.82,6.75,0.4,22.42,0.68,1.42,,,,,19.23,70.0,0.88,120.0,,0.0,,712.75,
2024-12-13 04:00:00,46.0,62.25,1.55,13.3,8.35,2.02,6.95,0.38,22.86,0.7,1.52,,,,,19.27,70.0,1.02,102.0,,0.0,,713.0,
2024-12-13 05:00:00,51.75,61.25,1.3,13.72,8.35,1.88,7.32,0.44,22.47,0.7,1.58,,,,,19.2,70.25,0.98,124.5,,0.0,,713.0,
2024-12-13 06:00:00,50.25,70.0,1.4,14.4,8.8,1.88,7.08,0.49,22.74,0.7,1.52,,,,,19.23,71.0,0.65,135.25,,0.0,,713.75,
2024-12-13 07:00:00,46.25,84.25,1.8,14.52,9.18,1.98,7.05,0.54,23.0,0.7,1.52,,,,,19.32,71.0,0.8,113.75,,0.0,,714.75,
2024-12-13 08:00:00,45.5,81.5,1.85,14.75,9.38,2.1,7.92,0.69,23.09,0.8,1.7,,,,,19.45,70.75,0.9,110.25,,0.0,,716.25,
2024-12-13 09:00:00,58.25,76.25,1.7,15.35,9.55,2.28,7.65,0.76,,0.75,1.65,,,,,19.53,70.25,0.8,129.25,,0.0,,717.0,
2024-12-13 10:00:00,56.5,72.5,1.62,16.18,9.9,2.1,7.2,0.88,,0.7,1.58,,,,,19.35,70.75,1.18,91.25,,0.0,,717.0,
2024-12-13 11:00:00,56.75,96.0,,,,,3.5,0.65,,0.35,0.72,,,,,19.85,68.0,1.1,132.5,,0.0,,716.0,
2024-12-13 12:00:00,51.75,100.75,1.6,16.18,9.93,2.38,2.95,0.61,,0.28,0.65,,,,,21.08,60.25,1.0,133.5,,0.0,,714.75,
2024-12-13 13:00:00,47.25,107.5,1.48,17.05,10.25,2.42,4.3,0.7,,0.43,0.92,,,,,21.55,55.5,1.1,118.25,,0.0,,713.5,
2024-12-13 14:00:00,45.25,113.25,1.6,16.92,10.3,2.42,5.2,0.72,,0.5,1.15,,,,,21.75,57.25,1.05,129.0,,0.0,,712.5,
2024-12-13 15:00:00,45.75,111.25,1.6,16.05,9.82,2.4,5.7,0.66,23.82,0.57,1.25,,,,,23.1,57.75,1.2,111.0,,0.0,,712.0,
2024-12-13 16:00:00,44.75,99.5,1.3,16.77,9.98,2.25,7.8,0.82,24.25,0.78,1.65,,,,,23.6,58.25,0.9,122.0,,0.0,,712.0,
2024-12-13 17:00:00,44.75,116.25,1.55,17.7,10.7,3.1,8.43,0.71,24.84,0.8,1.82,,,,,22.28,62.75,0.35,132.0,,0.0,,713.0,
2024-12-13 18:00:00,50.0,122.75,1.68,19.85,11.92,3.85,9.38,1.46,22.98,0.92,2.02,,,,,21.8,65.5,0.3,119.0,,0.0,,713.5,
2024-12-13 19:00:00,58.25,144.0,2.12,20.45,12.6,3.9,8.5,1.86,22.72,0.85,1.85,,,,,21.45,67.25,0.78,122.25,,0.0,,714.75,
2024-12-13 20:00:00,56.0,153.0,1.8,20.05,12.15,3.8,7.62,1.33,23.16,0.72,1.68,,,,,21.25,68.0,0.57,144.0,,0.0,,715.75,
2024-12-13 21:00:00,57.75,140.25,1.27,17.8,10.5,3.22,3.48,0.9,,0.35,0.75,,,,,21.0,68.0,0.45,123.25,,0.0,,716.5,
2024-12-13 22:00:00,64.25,131.0,1.6,16.4,10.0,2.45,4.95,0.75,22.65,0.48,1.08,,,,,20.65,68.0,1.35,87.0,,0.0,,717.0,
2024-12-13 23:00:00,66.75,129.0,1.4,15.02,9.12,2.0,3.85,0.55,,0.4,0.82,,,,,20.42,68.0,0.98,125.75,,0.0,,716.25,
2024-12-14 00:00:00,63.25,105.0,0.88,14.5,8.38,2.1,4.77,0.5,,0.47,1.03,,,,,20.1,68.0,0.55,157.75,,0.0,,715.75,
2024-12-14 01:00:00,64.5,103.0,1.27,14.28,8.62,2.05,7.18,0.52,,0.7,1.58,,,,,19.62,68.0,0.55,162.75,,0.0,,714.75,
2024-12-14 02:00:00,64.25,101.75,1.42,15.0,9.1,1.8,6.65,0.51,,0.65,1.42,,,,,19.03,68.0,0.88,192.0,,0.0,,714.0,
2024-12-14 03:00:00,59.5,108.75,1.4,14.68,8.95,1.98,6.75,0.44,21.76,0.68,1.45,,,,,18.73,67.75,0.72,122.25,,0.0,,714.0,
2024-12-14 04:00:00,60.5,87.0,1.18,14.15,8.48,1.92,7.22,0.43,22.5,0.72,1.58,,,,,18.48,67.25,0.82,91.75,,0.0,,714.0,
2024-12-14 05:00:00,61.0,89.5,1.23,14.35,8.6,1.78,6.92,0.46,21.8,0.65,1.5,,,,,18.38,67.75,0.8,129.25,,0.0,,715.0,
2024-12-14 06:00:00,64.75,96.75,1.38,14.32,8.72,1.88,6.8,0.49,22.06,0.65,1.48,,,,,18.27,67.0,0.68,110.0,,0.0,,715.0,
2024-12-14 07:00:00,60.25,102.0,1.35,14.82,8.98,1.85,6.72,0.61,21.93,0.62,1.45,,,,,18.18,67.0,0.85,94.75,,0.0,,716.0,
2024-12-14 08:00:00,67.25,123.5,1.48,16.18,9.8,2.22,7.1,0.73,22.25,0.7,1.52,,,,,18.2,66.75,1.02,140.25,,0.0,,717.0,
2024-12-14 09:00:00,67.0,134.25,1.52,15.65,9.55,2.0,7.68,0.61,22.34,0.75,1.65,,,,,18.77,65.5,1.2,123.75,,0.0,,717.0,
2024-12-14 10:00:00,60.75,129.0,1.12,14.92,8.85,2.0,7.92,0.55,,0.78,1.72,,,,,20.1,63.5,1.42,113.5,,0.0,,717.0,
2024-12-14 11:00:00,51.5,108.75,1.6,14.1,8.82,2.08,7.8,0.42,20.83,0.78,1.68,,,,,22.12,61.25,1.4,108.75,,0.0,,717.0,
2024-12-14 12:00:00,51.25,104.25,1.38,14.6,8.85,2.02,8.32,0.45,,0.82,1.8,,,,,24.12,59.0,1.3,119.5,,0.0,,716.0,
2024-12-14 13:00:00,44.75,110.5,1.1,15.45,9.1,2.05,8.8,0.48,21.83,0.85,1.9,,,,,25.42,58.75,1.05,122.25,,0.0,,714.5,
2024-12-14 14:00:00,42.75,114.0,1.12,15.12,8.95,2.22,8.65,0.59,22.34,0.82,1.85,,,,,25.6,58.25,1.18,109.25,,0.0,,713.75,
2024-12-14 15:00:00,49.0,128.75,1.48,15.32,9.33,2.48,8.38,0.69,22.31,0.82,1.8,,,,,25.7,59.0,1.08,98.0,,0.0,,713.0,
2024-12-14 16:00:00,52.75,128.0,1.38,15.4,9.3,2.3,8.12,0.64,22.92,0.78,1.75,,,,,24.88,59.0,1.08,98.5,,0.0,,713.75,
2024-12-14 17:00:00,55.0,128.25,1.95,15.3,9.72,2.33,7.62,0.66,22.02,0.75,1.65,,,,,23.9,59.75,1.0,95.0,,0.0,,714.25,
2024-12-14 18:00:00,55.5,126.75,1.68,15.02,9.38,2.58,8.35,0.76,23.12,0.8,1.78,,,,,22.7,62.25,1.0,93.25,,0.0,,715.25,
2024-12-14 19:00:00,60.75,126.25,1.85,14.85,9.4,2.52,7.82,0.78,,0.75,1.68,,,,,21.58,63.25,0.98,92.75,,0.0,,716.25,
2024-12-14 20:00:00,68.25,141.25,1.23,15.85,9.4,2.2,8.43,0.64,,0.82,1.82,,,,,20.65,63.75,1.12,78.75,,0.0,,717.5,
2024-12-14 21:00:00,58.5,129.5,1.5,15.48,9.42,2.0,8.2,0.56,,0.8,1.75,,,,,19.75,62.75,1.4,92.0,,0.0,,718.0,
2024-12-14 22:00:00,65.5,126.25,1.6,14.68,9.1,1.95,8.5,0.49,,0.8,1.85,,,,,19.2,62.0,1.15,99.5,,0.0,,718.25,
2024-12-14 23:00:00,72.0,121.75,1.58,14.7,9.07,1.85,7.98,0.45,,0.78,1.7,,,,,18.67,62.5,0.9,90.25,,0.0,,718.0,
2024-12-15 00:00:00,70.0,124.0,1.2,14.72,8.82,1.92,7.27,0.43,22.28,0.7,1.6,,,,,17.82,64.25,0.45,103.0,,0.0,,717.0,
2024-12-15 01:00:00,70.5,120.75,1.68,14.38,8.98,1.85,6.82,0.55,,0.68,1.5,,,,,17.15,65.0,0.35,129.75,,0.0,,716.75,
2024-12-15 02:00:00,61.75,110.25,1.42,15.1,9.2,1.72,6.22,0.58,22.22,0.62,1.38,,,,,16.58,64.75,0.28,157.5,,0.0,,715.75,
2024-12-15 03:00:00,58.0,107.25,1.3,15.85,9.48,1.68,6.55,0.53,21.01,0.65,1.4,,,,,16.12,64.0,0.22,122.0,,0.0,,715.0,
2024-12-15 04:00:00,59.0,110.5,1.3,16.82,10.02,1.8,7.32,0.55,22.59,0.72,1.58,,,,,15.82,63.75,0.25,162.25,,0.0,,715.5,
2024-12-15 05:00:00,58.5,118.75,1.62,14.95,9.28,1.88,6.82,,21.16,0.68,1.48,,,,,15.58,63.0,0.6,90.75,,0.0,,716.0,
2024-12-15 06:00:00,50.5,100.0,1.65,14.7,9.15,1.82,6.82,,22.42,0.65,1.48,,,,,15.58,63.25,0.85,78.0,,0.0,,717.0,
2024-12-15 07:00:00,56.75,114.0,1.3,14.18,8.6,1.88,6.98,,22.01,0.7,1.52,,,,,15.88,64.25,1.3,92.5,,0.0,,718.25,
2024-12-15 08:00:00,53.75,103.25,1.38,14.2,8.68,1.98,6.3,,,0.62,1.38,,,,,16.33,64.25,1.02,128.25,,0.0,,719.0,
2024-12-15 09:00:00,55.0,105.25,1.35,14.08,8.6,2.0,7.25,0.43,,0.72,1.58,,,,,17.48,61.5,1.27,110.75,,0.0,,719.0,
2024-12-15 10:00:00,47.5,97.25,1.38,14.7,8.93,1.92,7.38,0.42,,0.72,1.58,,,,,19.65,58.75,1.58,98.75,,0.0,,719.0,
2024-12-15 11:00:00,33.75,92.5,1.42,14.25,8.72,2.08,7.08,0.39,,0.7,1.52,,,,,22.32,54.5,1.4,113.5,,0.0,,718.25,
2024-12-15 12:00:00,34.5,103.5,0.98,15.42,9.02,1.92,6.98,0.44,,0.65,1.48,,,,,23.88,52.75,1.55,123.25,,0.0,,717.25,
2024-12-15 13:00:00,36.5,99.0,1.23,14.52,8.7,2.02,7.45,0.51,,0.7,1.58,,,,,24.92,51.5,1.55,96.0,,0.0,,715.75,
2024-12-15 14:00:00,29.25,80.75,1.32,14.48,8.78,1.98,8.12,0.52,,0.8,1.75,,,,,25.83,50.0,1.45,112.5,,0.0,,715.0,
2024-12-15 15:00:00,32.0,83.25,1.15,14.58,8.68,2.05,7.98,0.57,,0.8,1.72,,,,,26.42,50.25,1.48,107.5,,0.0,,714.0,
2024-12-15 16:00:00,37.5,93.25,1.48,15.32,9.35,1.95,8.0,0.55,,0.8,1.7,,,,,25.92,51.25,1.0,128.25,,0.0,,714.75,
2024-12-15 17:00:00,37.25,94.25,1.23,14.78,8.88,2.05,7.98,0.5,,0.8,1.72,,,,,24.55,52.5,0.57,113.0,,0.0,,715.0,
2024-12-15 18:00:00,42.75,96.0,1.0,15.0,8.8,2.0,7.7,0.67,,0.75,1.68,,,,,22.35,54.75,0.45,115.25,,0.0,,716.0,
2024-12-15 19:00:00,50.0,106.0,1.25,15.75,9.38,1.88,7.4,0.84,,0.7,1.6,,,,,20.45,57.25,0.62,122.25,,0.0,,716.75,
2024-12-15 20:00:00,56.75,129.5,1.2,16.73,9.85,2.28,8.7,0.92,,0.85,1.88,,,,,19.5,58.25,0.6,174.0,,0.0,,717.5,
2024-12-15 21:00:00,59.0,134.0,1.05,16.23,9.5,2.15,8.45,0.56,,0.8,1.82,,,,,18.7,59.25,0.4,134.5,,0.0,,718.0,
2024-12-15 22:00:00,59.5,124.25,1.38,16.0,9.65,1.98,8.02,0.6,23.7,0.78,1.72,,,,,17.98,60.5,0.42,137.25,,0.0,,718.0,
2024-12-15 23:00:00,62.25,124.75,1.58,15.32,9.43,2.05,6.98,0.61,,0.68,1.52,,,,,17.48,62.0,0.38,130.5,,0.0,,717.5,
2024-12-16 00:00:00,64.75,132.5,1.4,16.23,9.78,2.0,7.23,0.57,23.36,0.7,1.53,,,,,17.05,62.25,0.35,165.5,,0.0,,717.0,
2024-12-16 01:00:00,60.5,126.75,1.3,15.5,9.3,1.8,6.78,0.54,,0.68,1.48,,,,,16.8,63.25,0.35,190.5,,0.0,,716.5,
2024-12-16 02:00:00,58.75,113.5,1.45,14.9,9.1,1.8,7.15,0.53,23.43,0.7,1.55,,,,,16.45,64.0,0.5,196.75,,0.0,,716.0,
2024-12-16 03:00:00,58.75,113.5,1.2,15.15,9.02,1.7,6.8,0.52,21.59,0.68,1.5,,,,,16.2,64.0,0.35,154.0,,0.0,,715.0,
2024-12-16 04:00:00,61.25,119.0,1.0,14.9,8.75,1.88,6.82,0.82,,0.62,1.45,,,,,15.8,63.75,0.25,109.25,,0.0,,715.0,
2024-12-16 05:00:00,66.0,126.25,1.17,16.75,9.88,1.72,7.1,0.83,22.61,0.7,1.55,,,,,15.42,63.0,0.98,127.75,,0.0,,715.25,
2024-12-16 06:00:00,73.75,135.25,1.25,15.8,9.45,1.9,7.08,0.74,,0.68,1.52,,,,,15.05,62.75,1.03,104.0,,0.0,,716.0,
2024-12-16 07:00:00,64.5,131.75,1.35,17.25,10.22,1.92,7.05,0.92,,0.7,1.55,,,,,14.68,62.25,0.92,131.75,,0.0,,716.75,
2024-12-16 08:00:00,75.75,157.0,0.98,17.75,10.22,2.12,7.22,1.06,23.08,0.7,1.55,,,,,15.42,62.75,0.85,159.25,,0.0,,717.5,
2024-12-16 09:00:00,76.5,157.5,1.5,15.95,9.75,2.2,7.32,0.58,,0.7,1.58,,,,,17.68,60.75,1.12,133.5,,0.0,,718.0,
2024-12-16 10:00:00,69.5,143.0,1.7,16.23,10.0,2.33,7.85,0.68,,0.8,1.7,,,,,20.18,56.0,1.32,141.25,,0.0,,717.75,
2024-12-16 11:00:00,61.25,143.75,1.05,16.02,9.35,2.1,8.0,0.46,,0.78,1.72,,,,,22.0,52.75,1.3,117.25,,0.0,,716.75,
2024-12-16 12:00:00,55.25,131.75,1.4,16.25,9.78,2.15,8.02,0.4,,0.78,1.72,,,,,23.72,51.0,1.23,138.25,,0.0,,715.25,
2024-12-16 13:00:00,43.0,135.75,1.35,15.45,9.3,2.2,8.8,0.72,,0.85,1.88,,,,,25.65,47.0,1.35,107.75,,0.0,,714.5,
2024-12-16 14:00:00,39.75,112.0,1.95,15.08,9.6,2.22,9.7,0.82,,0.95,2.1,,,,,26.88,44.25,1.2,118.25,,0.0,,713.5,
2024-12-16 15:00:00,39.75,116.75,1.28,16.0,9.55,2.08,9.15,0.84,,0.9,1.98,,,,,27.28,45.0,1.1,112.0,,0.0,,713.0,
2024-12-16 16:00:00,41.75,144.5,1.32,16.02,9.62,2.35,8.98,0.8,,0.88,1.92,,,,,26.7,45.0,0.98,86.25,,0.0,,713.0,
2024-12-16 17:00:00,44.75,137.25,1.1,16.68,9.77,2.4,8.98,0.74,,0.88,1.95,,,,,25.52,45.75,0.68,85.0,,0.0,,713.5,
2024-12-16 18:00:00,56.5,165.25,1.27,19.95,11.68,3.05,9.45,1.54,,0.9,2.05,,,,,23.1,48.75,0.25,106.0,,0.0,,714.25,
2024-12-16 19:00:00,63.75,218.75,1.5,24.1,14.02,3.42,10.62,2.52,,1.02,2.3,,,,,20.75,51.5,0.2,98.75,,0.0,,715.25,
2024-12-16 20:00:00,78.75,279.75,1.65,20.78,12.4,3.1,9.12,1.54,,0.88,1.98,,,,,19.88,53.5,0.57,136.25,,0.0,,716.0,
2024-12-16 21:00:00,72.25,220.5,1.2,19.2,11.18,2.6,8.82,0.68,23.21,0.88,1.88,,,,,19.23,55.75,0.48,164.25,,0.0,,716.0,
2024-12-16 22:00:00,74.25,185.25,1.45,17.85,10.72,2.28,8.07,0.43,,0.78,1.75,,,,,18.2,58.5,0.5,172.5,,0.0,,716.0,
2024-12-16 23:00:00,78.5,172.25,1.45,16.73,10.07,2.28,7.98,0.31,24.03,0.78,1.75,,,,,17.53,60.25,0.57,199.5,,0.0,,716.0,
2024-12-17 00:00:00,79.25,165.75,1.3,16.05,9.55,1.92,8.03,0.28,,0.8,1.73,,,,,17.12,61.25,0.65,184.75,,0.0,,715.5,
2024-12-17 01:00:00,77.5,155.75,1.27,15.38,9.2,1.98,6.82,0.13,22.68,0.68,1.45,,,,,16.48,62.0,0.38,141.25,,0.0,,715.0,
2024-12-17 02:00:00,80.5,147.0,1.32,15.85,9.5,1.7,6.75,0.11,24.11,0.62,1.42,,,,,15.98,62.0,0.25,161.5,,0.0,,714.25,
2024-12-17 03:00:00,85.75,176.5,1.42,15.3,9.3,1.92,6.6,0.13,22.96,0.65,1.42,,,,,15.52,62.0,0.2,108.0,,0.0,,714.0,
2024-12-17 04:00:00,86.75,174.25,1.35,15.7,9.45,1.72,7.0,0.08,,0.68,1.5,,,,,15.25,62.0,0.2,244.5,,0.0,,713.25,
2024-12-17 05:00:00,83.0,174.5,1.08,16.92,9.85,1.7,7.72,0.64,,0.75,1.65,,,,,15.05,62.0,0.55,247.25,,0.0,,714.0,
2024-12-17 06:00:00,84.75,195.5,1.52,18.4,11.0,1.7,7.12,0.72,,0.68,1.55,,,,,15.02,62.25,0.57,205.5,,0.0,,715.0,
2024-12-17 07:00:00,90.5,235.25,1.7,17.77,10.82,1.85,7.15,0.76,,0.7,1.55,,,,,15.6,62.75,0.52,138.75,,0.0,,715.5,
2024-12-17 08:00:00,88.5,224.5,1.18,17.35,10.15,2.33,6.9,0.89,,0.68,1.48,,,,,16.65,61.0,0.8,104.75,,0.0,,716.0,
2024-12-17 09:00:00,71.0,188.0,1.58,17.77,10.72,2.35,7.3,0.37,,0.7,1.58,,,,,18.48,58.5,0.9,112.75,,0.0,,716.0,
2024-12-17 10:00:00,46.5,147.75,1.25,17.38,10.25,2.2,7.65,0.22,,0.75,1.65,,,,,20.42,59.5,1.05,144.25,,0.0,,716.0,
2024-12-17 11:00:00,34.25,121.25,1.52,16.7,10.1,2.08,7.4,0.18,,0.72,1.6,,,,,22.55,57.75,1.18,136.75,,0.0,,714.75,
2024-12-17 12:00:00,30.0,109.0,1.58,16.5,10.07,2.08,7.5,0.1,,0.7,1.6,,,,,24.7,56.75,1.18,156.75,,0.0,,713.5,
2024-12-17 13:00:00,31.0,107.0,1.5,15.78,9.57,2.1,7.9,0.44,,0.75,1.7,,,,,26.52,55.75,1.3,122.0,,0.0,,712.5,
2024-12-17 14:00:00,23.0,83.5,1.6,14.82,9.2,2.1,7.62,0.46,,0.75,1.65,,,,,27.45,55.25,1.12,98.0,,0.0,,712.0,
2024-12-17 15:00:00,19.0,93.75,1.27,16.85,9.98,2.05,8.12,0.67,,0.8,1.78,,,,,27.2,56.25,0.92,112.5,,0.0,,711.0,
2024-12-17 16:00:00,25.5,121.0,1.38,17.6,10.5,2.6,8.7,0.86,,0.85,1.88,,,,,26.85,57.0,0.85,85.5,,0.0,,711.25,
2024-12-17 17:00:00,27.5,139.0,1.23,18.88,11.05,2.58,9.12,1.22,,0.92,1.95,,,,,26.25,57.5,0.57,94.25,,0.0,,712.0,
2024-12-17 18:00:00,31.25,178.0,1.15,20.8,12.02,3.2,9.12,0.88,,0.9,1.98,,,,,24.35,59.75,0.2,100.75,,0.0,,713.25,
2024-12-17 19:00:00,41.0,167.0,1.02,21.92,12.5,3.62,9.57,0.92,,0.95,2.08,,,,,22.48,62.75,0.45,109.0,,0.0,,714.5,
2024-12-17 20:00:00,52.0,192.0,1.68,20.52,12.3,3.22,9.52,0.68,,0.9,2.1,,,,,21.75,65.0,0.42,104.0,,0.0,,715.5,
2024-12-17 21:00:00,59.25,201.25,1.62,21.48,12.72,2.48,9.38,0.9,,0.92,2.02,,,,,21.4,65.25,0.32,98.25,,0.0,,716.0,
2024-12-17 22:00:00,61.75,188.5,1.4,20.58,12.08,2.15,9.35,0.6,,0.9,2.02,,,,,20.6,66.0,0.25,164.75,,0.0,,716.0,
2024-12-17 23:00:00,57.25,162.75,1.42,17.58,10.5,2.1,8.48,0.18,,0.82,1.82,,,,,19.77,66.0,0.32,155.5,,0.0,,715.5,
2024-12-18 00:00:00,54.5,121.75,1.62,15.75,9.7,1.78,8.3,0.01,,0.8,1.8,,,,,19.0,66.0,0.5,171.75,,0.0,,715.0,
2024-12-18 01:00:00,50.75,107.5,1.18,15.7,9.32,1.72,7.48,0.32,,0.72,1.62,,,,,18.58,66.0,0.25,119.0,,0.0,,714.75,
2024-12-18 02:00:00,45.75,103.5,1.0,14.62,8.57,1.92,6.68,0.12,,0.65,1.45,,,,,18.12,66.0,0.2,151.5,,0.0,,713.75,
2024-12-18 03:00:00,50.25,106.0,1.08,15.2,8.95,1.75,6.98,0.22,,0.68,1.52,,,,,17.88,66.0,0.2,119.25,,0.0,,713.0,
2024-12-18 04:00:00,47.0,108.5,1.32,16.2,9.68,1.82,7.12,0.31,,0.72,1.55,,,,,17.75,66.0,0.2,180.0,,0.0,,713.0,
2024-12-18 05:00:00,46.0,108.25,1.25,17.5,10.32,1.68,7.02,0.51,,0.68,1.52,,,,,17.6,66.0,0.2,152.75,,0.0,,713.0,
2024-12-18 06:00:00,55.5,127.75,1.25,19.52,11.42,1.5,7.48,0.88,,0.72,1.62,,,,,17.55,66.25,0.32,132.5,,0.0,,714.0,
2024-12-18 07:00:00,64.25,166.0,1.5,17.95,10.78,1.98,7.1,0.8,,0.7,1.55,,,,,17.6,67.0,0.92,110.0,,0.0,,714.0,
2024-12-18 08:00:00,55.75,135.0,1.35,16.45,9.85,2.12,7.3,0.9,,0.7,1.58,,,,,18.88,66.75,1.15,105.25,,0.0,,714.75,
2024-12-18 09:00:00,41.25,120.25,1.2,17.3,10.18,2.22,8.25,0.74,,0.8,1.75,,,,,21.52,65.25,1.35,111.75,,0.0,,715.0,
2024-12-18 10:00:00,24.5,111.0,0.95,16.55,9.57,2.28,6.62,0.85,,0.65,1.42,,,,,23.85,62.5,1.35,122.5,,0.0,,714.25,
2024-12-18 11:00:00,17.75,103.75,1.32,17.18,10.2,2.2,7.35,0.7,,0.7,1.6,,,,,25.12,61.25,1.35,146.0,,0.0,,714.0,
2024-12-18 12:00:00,19.5,92.0,1.72,18.3,11.15,2.22,7.35,0.74,,0.7,1.58,,,,,24.6,62.5,1.1,178.5,,0.0,,713.0,
2024-12-18 13:00:00,15.5,89.5,1.63,17.1,10.47,2.73,4.62,0.51,,0.42,1.0,,,,,23.98,62.5,1.25,151.25,,0.0,,712.0,
2024-12-18 14:00:00,10.75,76.75,1.1,16.7,9.78,2.25,6.25,0.48,,0.62,1.38,,,,,24.65,58.5,1.12,149.25,,0.0,,712.0,
2024-12-18 15:00:00,18.5,92.25,1.38,18.25,10.88,2.28,6.18,0.8,,0.57,1.35,,,,,24.7,60.0,1.48,151.0,,0.0,,711.0,
2024-12-18 16:00:00,17.0,107.75,1.78,17.75,10.9,2.1,5.95,0.84,,0.57,1.3,,,,,26.18,60.25,1.3,169.0,,0.0,,711.0,
2024-12-18 17:00:00,17.5,125.5,1.7,19.02,11.5,2.28,7.15,0.77,,0.7,1.55,,,,,25.62,61.75,1.0,177.0,,0.0,,711.5,
2024-12-18 18:00:00,20.0,148.75,1.65,19.58,11.75,2.33,6.75,1.24,,0.65,1.48,,,,,23.7,64.75,0.68,109.25,,0.0,,712.5,
2024-12-18 19:00:00,25.0,147.75,1.75,22.28,13.25,2.58,8.8,2.15,,0.85,1.9,,,,,22.05,67.25,0.65,135.75,,0.0,,713.25,
2024-12-18 20:00:00,30.5,188.0,1.62,23.0,13.58,2.68,8.93,1.84,,0.9,1.95,,,,,21.5,68.25,0.75,185.0,,0.0,,714.0,
2024-12-18 21:00:00,28.0,159.75,1.45,20.35,12.0,2.48,7.82,0.66,,0.75,1.7,,,,,21.2,69.0,0.9,170.75,,0.0,,714.0,
2024-12-18 22:00:00,24.25,105.75,1.4,17.45,10.42,2.17,7.18,0.41,,0.7,1.55,,,,,21.12,69.0,0.92,98.5,,0.0,,714.0,
2024-12-18 23:00:00,21.0,81.75,1.27,15.9,9.5,2.02,7.2,0.14,,0.7,1.58,,,,,20.82,69.0,1.05,109.0,,0.0,,714.0,
2024-12-19 00:00:00,16.75,54.5,1.5,14.52,8.98,1.9,7.97,0.02,,0.77,1.73,,,,,20.52,69.0,1.32,95.5,,0.0,,713.5,
2024-12-19 01:00:00,16.0,45.0,1.3,14.05,8.52,1.88,8.68,0.53,,0.82,1.88,,,,,20.2,69.0,1.4,105.5,,0.0,,713.0,
2024-12-19 02:00:00,26.5,41.5,1.12,14.02,8.38,1.82,8.95,0.5,,0.9,1.92,,,,,19.92,68.75,0.98,129.25,,0.0,,712.5,
2024-12-19 03:00:00,29.0,50.5,1.08,14.18,8.43,1.72,9.45,0.49,,0.95,2.02,,,,,20.0,67.75,0.98,120.75,,0.0,,712.0,
2024-12-19 04:00:00,24.0,55.75,0.98,14.5,8.5,1.75,9.05,0.44,,0.88,1.95,,,,,19.88,67.25,0.78,138.25,,0.0,,712.0,
2024-12-19 05:00:00,28.0,60.25,1.12,14.88,8.85,1.78,8.38,0.31,,0.8,1.8,,,,,19.42,68.0,1.12,102.5,,0.0,,712.5,
2024-12-19 06:00:00,34.75,77.75,1.62,15.58,9.6,1.75,9.38,0.56,,0.92,2.05,,,,,19.1,68.0,0.68,122.25,,0.0,,713.5,
2024-12-19 07:00:00,48.5,113.5,1.3,17.38,10.3,1.95,9.68,0.6,,0.95,2.08,,,,,18.88,68.25,0.88,142.0,,0.0,,714.25,
2024-12-19 08:00:00,55.0,123.5,1.45,16.68,10.05,2.35,8.88,0.8,,0.85,1.92,,,,,19.42,68.5,1.3,126.5,,0.0,,715.0,
2024-12-19 09:00:00,50.25,118.75,0.98,16.45,9.52,2.22,8.95,0.72,,0.88,1.92,,,,,20.92,66.5,1.25,124.75,,0.0,,715.25,
2024-12-19 10:00:00,43.25,106.75,1.4,16.6,9.98,2.2,9.32,0.71,,0.9,2.02,,,,,22.68,64.75,1.27,116.25,,0.0,,715.5,
2024-12-19 11:00:00,39.0,103.75,1.38,17.02,10.15,2.17,9.12,0.64,25.27,0.9,1.98,,,,,23.42,63.75,1.15,132.5,,0.0,,714.5,
2024-12-19 12:00:00,39.75,110.5,1.02,16.1,9.38,1.98,9.2,0.59,24.36,0.9,1.98,,,,,24.25,62.75,1.35,135.0,,0.0,,713.5,
2024-12-19 13:00:00,29.75,86.25,1.23,15.6,9.32,2.25,9.65,0.48,24.36,0.92,2.08,,,,,25.0,61.75,1.23,120.75,,0.0,,712.25,
2024-12-19 14:00:00,19.75,62.75,1.35,15.72,9.45,1.92,10.0,0.63,24.27,0.98,2.17,,,,,26.15,60.5,1.27,168.25,,0.0,,711.0,
2024-12-19 15:00:00,20.0,88.75,1.35,16.6,9.93,2.03,9.48,0.7,24.17,0.9,2.02,,,,,27.1,58.75,1.18,120.0,,0.0,,710.25,
2024-12-19 16:00:00,23.0,92.75,1.42,16.65,10.02,2.12,9.43,0.71,24.36,0.92,2.02,,,,,27.52,58.25,0.88,142.5,,0.0,,710.0,
2024-12-19 17:00:00,25.75,115.25,1.48,17.08,10.28,2.52,9.0,0.95,24.18,0.88,1.95,,,,,26.55,60.0,0.72,115.0,,0.0,,710.5,
2024-12-19 18:00:00,34.0,142.0,1.42,19.35,11.48,2.92,9.5,1.52,24.44,0.92,2.05,,,,,24.85,63.5,0.65,84.0,,0.0,,711.5,
2024-12-19 19:00:00,36.5,162.75,1.35,21.62,12.58,3.18,10.25,2.16,24.37,1.0,2.2,,,,,23.72,65.25,0.7,109.75,,0.0,,712.75,
2024-12-19 20:00:00,40.5,191.75,1.45,21.3,12.55,2.65,10.45,1.53,24.36,1.0,2.25,,,,,23.25,66.25,0.88,133.25,,0.0,,713.75,
2024-12-19 21:00:00,29.5,137.25,1.58,18.4,11.05,2.4,9.98,0.76,24.4,0.98,2.18,,,,,22.28,67.25,0.82,172.5,,0.0,,714.0,
2024-12-19 22:00:00,26.5,105.0,1.38,17.73,10.6,2.08,9.9,0.65,24.72,0.95,2.12,,,,,21.55,68.0,0.62,148.75,,0.0,,714.0,
2024-12-19 23:00:00,21.5,86.0,1.32,16.82,10.02,1.98,10.32,0.46,24.38,1.0,2.22,,,,,21.32,68.0,0.6,166.25,,0.0,,713.75,
2024-12-20 00:00:00,20.0,75.0,1.3,15.88,9.48,1.88,9.83,0.25,24.52,0.97,2.13,,,,,21.02,68.0,0.22,129.75,,0.0,,713.0,
2024-12-20 01:00:00,19.5,53.0,1.23,15.12,9.05,1.75,10.45,0.55,24.02,1.0,2.25,,,,,20.75,68.0,0.2,86.25,,0.0,,712.25,
2024-12-20 02:00:00,19.0,62.5,1.32,14.52,8.8,1.92,9.78,0.47,24.96,0.95,2.12,,,,,20.55,68.25,0.2,67.5,,0.0,,712.0,
2024-12-20 03:00:00,21.25,78.0,1.38,16.32,9.8,1.7,9.8,0.4,24.46,0.92,2.12,,,,,20.35,69.0,0.2,191.0,,0.0,,711.5,
2024-12-20 04:00:00,21.25,106.75,1.23,18.62,10.88,1.8,10.8,0.66,24.79,1.05,2.35,,,,,20.15,68.75,0.22,156.0,,0.0,,711.25,
2024-12-20 05:00:00,29.5,146.75,1.52,20.6,12.22,1.62,11.38,0.5,24.0,1.1,2.45,,,,,19.95,68.25,0.48,215.5,,0.0,,712.0,
2024-12-20 06:00:00,34.5,150.75,1.5,22.58,13.22,1.6,11.62,0.79,24.61,1.12,2.52,,,,,19.8,69.0,0.65,216.0,,0.0,,713.25,
2024-12-20 07:00:00,35.5,166.5,1.72,20.6,12.35,1.82,11.08,0.67,24.4,1.08,2.4,,,,,19.92,69.0,1.0,243.25,,0.0,,714.25,
2024-12-20 08:00:00,31.5,140.5,1.85,20.42,12.32,2.1,11.05,0.82,24.33,1.05,2.38,,,,,20.48,68.75,0.92,242.25,,0.0,,715.0,
2024-12-20 09:00:00,27.0,143.75,1.25,22.3,12.88,1.98,11.65,1.02,24.53,1.12,2.5,,,,,21.28,68.0,0.98,213.75,,0.0,,715.0,
2024-12-20 10:00:00,34.0,173.5,1.12,21.75,12.5,2.45,11.4,0.72,24.5,1.12,2.48,,,,,22.7,67.25,1.3,215.5,,0.0,,715.0,
2024-12-20 11:00:00,26.5,134.25,0.88,18.95,10.78,2.4,11.0,0.38,24.0,1.05,2.35,,,,,24.85,64.5,1.52,203.25,,0.0,,714.0,
2024-12-20 12:00:00,23.5,121.75,1.4,19.0,11.22,2.12,10.28,0.46,24.06,1.0,2.22,,,,,26.3,62.25,1.48,226.25,,0.0,,712.75,
2024-12-20 13:00:00,26.0,124.75,1.7,18.82,11.38,2.15,10.02,0.81,24.39,0.98,2.15,,,,,27.4,59.75,1.2,224.25,,0.0,,711.25,
2024-12-20 14:00:00,22.5,121.0,0.85,19.12,10.88,2.17,10.05,0.98,24.17,0.98,2.15,,,,,27.28,59.25,1.15,207.5,,0.0,,710.5,
2024-12-20 15:00:00,28.25,133.5,1.1,20.22,11.65,2.28,10.78,0.87,24.25,1.05,2.35,,,,,27.62,60.0,1.2,248.75,,0.0,,710.0,
2024-12-20 16:00:00,22.75,140.25,1.35,18.85,11.12,2.28,10.3,0.96,24.29,1.0,2.22,,,,,26.8,60.75,1.1,144.5,,0.0,,710.5,
2024-12-20 17:00:00,22.5,132.75,1.35,18.68,11.0,2.28,10.18,0.76,24.75,1.0,2.2,,,,,25.62,63.25,0.88,129.75,,0.0,,711.0,
2024-12-20 18:00:00,24.75,155.75,1.45,20.72,12.2,2.5,11.22,1.44,24.06,1.1,2.42,,,,,24.45,64.25,0.6,106.25,,0.0,,711.75,
2024-12-20 19:00:00,28.0,198.5,1.6,23.82,13.98,2.68,11.85,2.31,23.98,1.15,2.55,,,,,23.17,65.5,0.52,130.5,,0.0,,712.75,
2024-12-20 20:00:00,31.5,208.5,1.6,22.7,13.32,2.85,11.45,1.85,24.48,1.1,2.48,,,,,22.38,67.5,0.42,142.75,,0.0,,713.75,
2024-12-20 21:00:00,33.25,164.75,1.38,20.5,12.02,2.65,10.8,1.16,24.68,1.08,2.3,,,,,21.85,69.25,0.45,141.75,,0.0,,714.0,
2024-12-20 22:00:00,34.0,142.25,1.42,19.08,11.32,2.3,10.02,0.8,24.3,0.98,2.15,,,,,21.2,69.75,0.3,114.25,,0.0,,714.0,
2024-12-20 23:00:00,35.0,137.5,1.05,19.85,11.42,2.15,9.0,0.78,24.38,0.88,1.95,,,,,20.48,69.0,0.28,102.5,,0.0,,714.0,
2024-12-21 00:00:00,35.5,154.0,1.18,20.08,11.62,2.1,8.7,0.74,24.37,0.87,1.87,,,,,20.0,69.0,0.2,51.75,,0.0,,713.25,
2024-12-21 01:00:00,29.5,136.5,1.3,19.18,11.28,1.82,6.92,1.0,24.62,0.68,1.5,,,,,19.62,69.0,0.2,98.0,,0.0,,713.0,
2024-12-21 02:00:00,31.5,105.5,1.68,17.73,10.78,1.95,6.9,0.69,24.66,0.68,1.5,,,,,19.32,69.0,0.22,122.0,,0.0,,712.5,
2024-12-21 03:00:00,25.75,91.75,1.35,20.02,11.75,1.88,7.15,0.6,24.46,0.68,1.52,,,,,19.2,69.25,0.2,62.25,,0.0,,712.0,
2024-12-21 04:00:00,32.25,100.75,1.52,19.1,11.42,1.7,6.82,0.8,24.09,0.65,1.48,,,,,19.45,69.75,0.2,97.75,,0.0,,712.0,
2024-12-21 05:00:00,37.25,105.0,1.82,19.32,11.75,1.6,7.05,0.78,24.45,0.7,1.52,,,,,19.23,68.75,0.2,74.5,,0.0,,712.0,
2024-12-21 06:00:00,45.25,131.0,1.23,23.62,13.58,1.5,8.1,1.19,24.52,0.78,1.78,,,,,18.98,68.0,0.22,48.75,,0.0,,712.75,
2024-12-21 07:00:00,60.75,188.75,1.05,22.58,12.88,1.88,8.5,1.3,24.43,0.82,1.85,,,,,19.1,69.0,0.4,174.5,,0.0,,713.5,
2024-12-21 08:00:00,62.25,163.0,1.42,18.02,10.72,1.98,6.98,0.81,24.11,0.68,1.5,,,,,20.42,71.0,0.57,122.25,,0.0,,714.75,
2024-12-21 09:00:00,39.25,104.25,1.32,16.33,9.75,1.88,7.32,0.82,24.13,0.7,1.6,,,,,23.1,66.75,1.02,96.75,,0.0,,715.0,
2024-12-21 10:00:00,28.0,96.75,2.0,16.82,10.58,1.85,7.55,0.76,24.34,0.72,1.62,,,,,24.9,62.5,0.92,139.5,,0.0,,715.0,
2024-12-21 11:00:00,20.25,96.25,1.48,17.58,10.52,1.85,8.12,0.69,24.25,0.8,1.75,,,,,26.18,60.25,0.9,179.75,,0.0,,714.5,
2024-12-21 12:00:00,23.5,109.5,1.48,16.85,10.15,1.92,8.1,0.55,24.04,0.8,1.78,,,,,27.55,57.25,1.1,214.75,,0.0,,713.25,
2024-12-21 13:00:00,21.5,95.25,1.25,17.3,10.18,2.05,8.25,0.72,24.29,0.8,1.8,,,,,28.55,54.25,1.2,229.75,,0.0,,712.0,
2024-12-21 14:00:00,20.5,100.75,1.15,17.25,10.1,2.05,7.75,0.6,24.34,0.75,1.68,,,,,29.58,51.75,1.12,169.5,,0.0,,711.0,
2024-12-21 15:00:00,20.75,106.0,1.27,19.23,11.27,1.92,7.82,0.76,24.48,0.75,1.68,,,,,30.3,50.75,0.98,195.25,,0.0,,711.0,
2024-12-21 16:00:00,19.0,131.25,1.4,18.62,11.05,2.05,7.98,0.68,24.19,0.78,1.72,,,,,29.92,50.25,0.98,200.5,,0.0,,711.0,
2024-12-21 17:00:00,25.75,130.75,1.32,20.88,12.15,1.9,8.65,0.82,24.5,0.82,1.88,,,,,28.98,52.0,0.98,205.25,,0.0,,712.0,
2024-12-21 18:00:00,30.5,150.25,1.2,21.25,12.27,1.95,9.18,1.27,24.53,0.9,1.98,,,,,26.18,56.0,0.48,136.0,,0.0,,713.0,
2024-12-21 19:00:00,38.5,178.75,1.2,23.3,13.38,2.35,9.05,2.16,24.35,0.88,1.95,,,,,23.95,59.75,0.25,71.75,,0.0,,714.25,
2024-12-21 20:00:00,42.5,211.75,1.68,22.3,13.25,2.6,8.18,1.65,24.02,0.78,1.75,,,,,22.72,62.25,0.42,145.5,,0.0,,715.0,
2024-12-21 21:00:00,47.0,173.0,1.7,17.12,10.5,2.25,7.05,1.0,24.49,0.68,1.5,,,,,22.08,63.5,0.32,130.0,,0.0,,715.75,
2024-12-21 22:00:00,40.0,109.5,1.27,20.05,11.7,1.6,7.92,1.1,24.49,0.78,1.7,,,,,21.55,65.5,0.4,105.25,,0.0,,716.0,
2024-12-21 23:00:00,43.0,117.0,1.33,17.02,10.15,2.3,7.28,0.87,24.47,0.72,1.6,,,,,21.02,67.0,0.45,82.0,,0.0,,715.25,
2024-12-22 00:00:00,34.25,89.75,1.38,15.05,9.1,1.95,7.03,0.7,24.15,0.67,1.5,,,,,20.72,67.0,0.62,76.75,,0.0,,715.0,
2024-12-22 01:00:00,33.25,82.25,1.08,14.82,8.78,1.95,7.42,0.56,24.18,0.72,1.62,,,,,20.45,67.5,0.62,81.5,,0.0,,714.25,
2024-12-22 02:00:00,27.75,58.0,1.27,14.12,8.55,1.92,7.35,0.45,24.3,0.7,1.58,,,,,20.12,69.0,0.32,90.0,,0.0,,714.0,
2024-12-22 03:00:00,25.75,45.5,1.45,13.9,8.55,1.82,7.38,0.4,24.39,0.72,1.6,,,,,19.58,69.25,0.62,86.25,,0.0,,713.0,
2024-12-22 04:00:00,23.5,45.75,1.42,14.1,8.65,1.78,7.3,0.46,24.31,0.7,1.58,,,,,19.48,70.0,0.52,176.75,,0.0,,713.75,
2024-12-22 05:00:00,28.5,51.75,1.05,15.85,9.3,1.88,7.55,0.39,24.62,0.72,1.65,,,,,19.45,70.25,0.48,226.75,,0.0,,714.0,
2024-12-22 06:00:00,29.5,55.75,1.08,15.52,9.15,1.92,7.42,0.38,24.31,0.7,1.58,,,,,19.55,70.5,0.52,91.25,,0.0,,714.5,
2024-12-22 07:00:00,28.5,67.25,1.27,15.1,9.07,1.88,6.92,0.32,24.56,0.68,1.48,,,,,19.38,69.25,0.48,92.5,,0.0,,715.25,
2024-12-22 08:00:00,31.25,83.25,1.3,14.58,8.8,1.9,7.1,0.32,24.27,0.7,1.5,,,,,19.75,69.5,0.6,106.5,,0.0,,716.0,
2024-12-22 09:00:00,33.25,74.75,1.4,14.75,9.02,1.75,7.3,0.44,24.66,0.7,1.58,,,,,21.55,67.0,0.52,113.0,,0.0,,716.0,
2024-12-22 10:00:00,29.5,79.75,1.2,16.1,9.55,1.85,7.88,0.46,24.68,0.78,1.7,,,,,23.3,63.75,0.75,129.25,,0.0,,716.0,
2024-12-22 11:00:00,34.0,94.75,1.25,15.35,9.18,2.08,7.58,0.4,24.56,0.75,1.62,,,,,24.55,62.75,1.2,110.25,,0.0,,715.5,
2024-12-22 12:00:00,32.75,86.75,1.23,14.98,8.93,2.22,8.35,0.46,24.5,0.8,1.8,,,,,24.92,61.5,1.05,119.25,,0.0,,714.25,
2024-12-22 13:00:00,28.75,81.25,1.12,14.3,8.5,1.9,8.3,0.52,24.16,0.78,1.8,,,,,26.02,59.0,1.1,116.5,,0.0,,713.0,
2024-12-22 14:00:00,28.25,79.25,1.6,15.3,9.5,1.9,4.85,0.7,19.36,0.48,1.05,,,,,27.5,54.75,0.9,135.75,,0.0,,712.0,
2024-12-22 15:00:00,30.75,88.0,1.73,14.37,9.03,2.63,3.32,0.04,,0.35,0.7,,,,,28.18,49.75,0.75,121.5,,0.0,,711.0,
2024-12-22 16:00:00,33.25,84.5,1.27,13.82,8.4,2.05,6.65,0.19,,0.68,1.42,,,,,27.85,47.0,1.0,112.0,,0.0,,711.5,
2024-12-22 17:00:00,25.75,89.5,1.35,14.52,8.8,1.92,7.85,0.67,24.94,0.78,1.7,,,,,25.8,51.25,0.5,87.0,,0.0,,712.0,
2024-12-22 18:00:00,32.75,114.75,1.27,15.12,9.07,1.98,7.5,0.87,24.38,0.7,1.62,,,,,24.42,55.75,0.45,89.75,,0.0,,712.75,
2024-12-22 19:00:00,43.33,114.67,1.42,14.08,8.65,2.05,5.62,0.57,24.1,0.52,1.23,,,,,23.6,60.0,1.25,109.75,,0.0,,713.75,
2024-12-22 20:00:00,35.75,79.25,1.42,13.8,8.5,1.9,5.68,0.62,24.25,0.52,1.25,,,,,22.82,64.5,1.23,99.0,,0.0,,714.75,
2024-12-22 21:00:00,34.0,74.0,1.52,14.22,8.83,1.78,7.08,0.41,24.28,0.68,1.5,,,,,22.15,66.25,1.35,97.5,,0.0,,715.0,
2024-12-22 22:00:00,31.75,65.5,1.52,14.25,8.85,1.82,6.88,0.58,24.59,0.68,1.48,,,,,21.55,67.0,1.32,86.5,,0.0,,715.0,
2024-12-22 23:00:00,34.25,62.75,1.35,13.98,8.52,1.9,7.18,0.45,24.29,0.68,1.55,,,,,20.98,67.0,1.23,93.75,,0.0,,715.0,
2024-12-23 00:00:00,35.75,50.75,1.7,13.52,8.57,1.8,7.23,0.42,23.66,0.7,1.57,,,,,20.52,67.0,1.05,99.0,,0.0,,714.75,
2024-12-23 01:00:00,38.5,53.0,1.23,13.7,8.3,1.75,8.3,0.3,24.59,0.8,1.82,,,,,20.23,67.0,0.75,104.0,,0.0,,714.0,
2024-12-23 02:00:00,39.5,54.5,1.18,13.82,8.28,1.78,8.9,0.29,24.5,0.88,1.9,,,,,19.9,67.25,0.95,99.0,,0.0,,713.0,
2024-12-23 03:00:00,38.25,58.0,0.78,13.75,7.95,1.8,9.07,0.16,24.17,0.9,1.98,,,,,19.58,67.75,0.85,118.0,,0.0,,713.0,
2024-12-23 04:00:00,40.75,55.25,1.5,13.8,8.55,1.85,8.95,0.16,24.2,0.88,1.92,,,,,19.38,66.75,0.48,94.75,,0.0,,713.25,
2024-12-23 05:00:00,46.0,59.75,1.27,13.95,8.45,1.92,8.5,0.33,24.25,0.82,1.82,,,,,19.02,66.0,0.5,88.75,,0.0,,714.0,
2024-12-23 06:00:00,48.25,79.0,1.25,15.68,9.35,1.72,9.25,0.6,24.36,0.88,2.0,,,,,19.1,66.0,0.35,116.0,,0.0,,714.25,
2024-12-23 07:00:00,53.25,108.75,1.62,17.25,10.5,1.92,9.43,0.83,24.4,0.9,2.05,,,,,19.23,66.0,0.48,114.0,,0.0,,715.25,
2024-12-23 08:00:00,48.0,122.0,1.6,15.78,9.65,2.1,8.85,0.76,24.11,0.88,1.92,,,,,19.88,65.5,0.78,78.25,,0.0,,716.0,
2024-12-23 09:00:00,47.0,111.75,1.3,15.4,9.25,2.02,9.48,0.48,24.48,0.92,2.08,,,,,21.18,63.5,0.98,97.5,,0.0,,716.0,
2024-12-23 10:00:00,43.25,116.25,1.18,15.22,9.07,2.02,9.68,0.47,24.49,0.92,2.12,,,,,23.05,61.5,0.82,125.5,,0.0,,716.0,
2024-12-23 11:00:00,41.0,110.25,1.08,14.95,8.82,2.1,9.62,0.31,24.7,0.92,2.08,,,,,24.45,59.75,0.75,117.0,,0.0,,715.5,
2024-12-23 12:00:00,38.25,98.5,1.5,14.68,8.98,2.08,9.28,0.22,24.41,0.9,2.0,,,,,24.92,58.75,0.82,117.75,,0.0,,714.25,
2024-12-23 13:00:00,30.0,93.75,1.5,14.55,8.95,2.1,8.12,0.51,24.25,0.78,1.75,,,,,25.65,57.25,0.52,127.25,,0.0,,712.75,
2024-12-23 14:00:00,29.25,86.0,1.27,14.35,8.65,1.95,8.55,0.38,24.29,0.85,1.85,,,,,25.55,54.75,0.68,129.25,,0.0,,712.0,
2024-12-23 15:00:00,26.25,96.75,1.48,15.52,9.45,1.92,9.78,0.44,24.53,0.98,2.08,,,,,27.22,54.0,0.45,119.5,,0.0,,712.0,
2024-12-23 16:00:00,25.25,111.25,1.38,15.08,9.1,2.1,9.5,0.42,24.33,0.92,2.05,,,,,26.25,54.25,0.28,102.25,,0.0,,712.0,
2024-12-23 17:00:00,31.5,123.0,1.2,16.9,9.95,2.48,9.3,0.91,23.02,0.9,2.02,,,,,25.5,55.25,0.22,89.75,,0.0,,712.0,
2024-12-23 18:00:00,40.5,173.25,1.4,18.7,11.08,2.98,9.48,1.56,24.18,0.95,2.05,,,,,24.3,56.5,0.22,86.75,,0.0,,712.5,
2024-12-23 19:00:00,45.75,213.5,1.18,19.18,11.15,3.4,10.48,1.67,24.41,1.05,2.25,,,,,23.17,58.75,0.75,109.75,,0.0,,713.0,
2024-12-23 20:00:00,49.25,179.75,1.62,19.1,11.48,2.88,10.5,1.46,23.38,1.0,2.25,,,,,22.32,61.5,0.35,110.5,,0.0,,714.0,
2024-12-23 21:00:00,50.0,170.75,1.58,17.9,10.82,2.52,10.12,0.46,24.27,1.0,2.2,,,,,21.6,63.0,0.35,94.0,,0.0,,715.0,
2024-12-23 22:00:00,42.5,130.5,1.27,15.68,9.38,1.82,9.38,0.22,24.53,0.9,2.02,,,,,20.88,63.0,0.75,98.5,,0.0,,715.0,
2024-12-23 23:00:00,46.75,106.75,1.18,15.9,9.45,1.68,10.2,0.16,24.31,1.0,2.2,,,,,20.27,63.25,0.6,83.25,,0.0,,714.75,
2024-12-24 00:00:00,46.0,95.0,1.23,14.98,8.95,1.85,7.83,0.04,24.35,0.77,1.67,,,,,19.48,63.75,0.52,115.75,,0.0,,714.0,
2024-12-24 01:00:00,44.5,93.0,1.45,14.95,9.12,1.78,5.75,0.45,24.56,0.57,1.25,,,,,18.95,63.0,0.5,75.5,,0.0,,713.75,
2024-12-24 02:00:00,39.5,79.5,1.52,15.48,9.48,1.55,5.62,0.48,24.36,0.55,1.25,,,,,18.38,63.0,0.28,67.25,,0.0,,713.0,
2024-12-24 03:00:00,38.5,84.5,1.72,15.35,9.55,1.85,5.92,0.52,24.49,0.6,1.25,,,,,17.92,63.25,0.2,56.75,,0.0,,713.0,
2024-12-24 04:00:00,43.25,99.75,1.5,18.58,11.12,1.62,6.2,0.78,24.21,0.6,1.35,,,,,17.65,64.25,0.2,42.0,,0.0,,713.0,
2024-12-24 05:00:00,53.5,148.25,1.7,20.45,12.28,1.5,6.4,0.84,23.49,0.62,1.38,,,,,17.4,65.0,0.2,54.5,,0.0,,713.25,
2024-12-24 06:00:00,56.5,298.5,1.7,25.45,14.9,1.6,7.7,1.19,24.31,0.72,1.65,,,,,17.1,65.0,0.22,28.75,,0.0,,714.0,
2024-12-24 07:00:00,63.0,570.25,1.27,28.68,16.32,2.02,9.07,1.24,24.21,0.88,2.0,,,,,17.3,65.5,0.2,77.75,,0.0,,715.0,
2024-12-24 08:00:00,70.25,212.75,1.58,19.68,11.75,2.3,6.42,1.0,23.5,0.62,1.38,,,,,18.75,65.75,0.25,181.0,,0.0,,715.75,
2024-12-24 09:00:00,66.5,154.0,1.52,15.98,9.75,2.02,5.45,0.51,24.14,0.55,1.18,,,,,21.92,60.0,0.48,113.25,,0.0,,716.0,
2024-12-24 10:00:00,42.75,123.5,0.98,15.12,8.85,2.05,5.98,0.4,24.51,0.55,1.3,,,,,24.3,53.5,0.92,147.25,,0.0,,715.75,
2024-12-24 11:00:00,38.0,121.25,1.15,15.75,9.3,2.0,6.8,0.41,24.26,0.65,1.45,,,,,26.1,51.5,1.0,167.25,,0.0,,715.0,
2024-12-24 12:00:00,35.75,119.5,1.1,16.08,9.48,1.98,6.68,0.3,24.34,0.65,1.45,,,,,27.28,49.75,1.15,194.0,,0.0,,713.75,
2024-12-24 13:00:00,38.5,126.0,1.38,17.42,10.38,1.75,6.05,0.66,24.33,0.6,1.3,,,,,28.12,49.25,1.02,226.5,,0.0,,712.5,
2024-12-24 14:00:00,38.5,141.25,1.05,17.23,10.02,1.95,5.62,0.73,24.17,0.52,1.2,,,,,28.0,50.25,1.0,168.25,,0.0,,712.0,
2024-12-24 15:00:00,34.0,139.75,0.82,17.08,9.72,2.2,5.9,0.72,24.52,0.6,1.27,,,,,27.22,51.25,0.78,120.0,,0.0,,711.25,
2024-12-24 16:00:00,32.75,136.25,1.15,16.9,9.93,2.12,6.32,0.69,24.2,0.62,1.38,,,,,26.55,52.25,0.85,110.5,,0.0,,711.75,
2024-12-24 17:00:00,31.25,158.25,1.12,18.32,10.65,2.25,6.08,0.9,24.32,0.6,1.32,,,,,25.62,53.75,0.38,101.75,,0.0,,712.25,
2024-12-24 18:00:00,39.75,214.0,1.25,22.78,13.1,2.42,7.3,1.63,24.22,0.75,1.6,,,,,23.98,56.5,0.35,107.25,,0.0,,713.0,
2024-12-24 19:00:00,46.5,268.0,0.98,22.95,13.0,2.52,7.68,2.1,24.25,0.75,1.68,,,,,23.15,58.25,0.5,100.0,,0.0,,714.25,
2024-12-24 20:00:00,48.0,235.25,1.3,20.78,12.12,2.55,7.72,1.24,24.42,0.75,1.65,,,,,22.45,60.0,0.57,136.5,,0.0,,715.0,
2024-12-24 21:00:00,35.5,152.75,1.58,17.55,10.62,2.17,6.95,0.84,24.4,0.7,1.5,,,,,21.58,63.25,0.92,128.0,,0.0,,716.0,
2024-12-24 22:00:00,24.5,109.0,1.45,16.42,9.93,2.1,5.9,0.54,24.56,0.55,1.27,,,,,21.02,64.5,0.85,119.0,,0.0,,716.0,
2024-12-24 23:00:00,23.5,80.5,1.23,18.32,10.75,1.88,6.7,0.55,24.36,0.65,1.45,,,,,20.35,66.25,0.6,145.75,,0.0,,715.0,
2024-12-25 00:00:00,24.75,81.0,1.15,16.4,9.68,1.92,6.6,0.49,24.74,0.67,1.47,,,,,19.77,67.0,0.82,169.25,,0.0,,715.0,
2024-12-25 01:00:00,22.0,64.25,1.35,15.18,9.18,1.98,6.45,0.43,24.16,0.62,1.38,,,,,19.27,67.0,0.48,98.25,,0.0,,714.0,
2024-12-25 02:00:00,16.5,50.75,1.88,14.9,9.48,1.88,6.3,0.39,24.4,0.6,1.38,,,,,18.75,67.0,0.2,88.25,,0.0,,713.5,
2024-12-25 03:00:00,17.75,56.67,1.55,14.42,8.93,1.98,6.62,0.39,24.54,0.68,1.48,,,,,18.2,67.0,0.2,49.25,,0.0,,713.0,
2024-12-25 04:00:00,18.5,62.5,1.32,14.98,9.02,1.88,6.4,0.64,24.62,0.62,1.4,,,,,17.92,67.0,0.2,85.75,,0.0,,713.5,
2024-12-25 05:00:00,21.75,64.75,1.15,15.7,9.3,1.75,6.52,0.54,24.42,0.62,1.4,,,,,17.68,67.0,0.2,75.75,,0.0,,714.0,
2024-12-25 06:00:00,19.5,86.0,1.25,16.2,9.68,1.85,6.7,0.57,24.4,0.62,1.42,,,,,17.65,67.5,0.42,43.75,,0.0,,715.0,
2024-12-25 07:00:00,26.25,91.0,1.2,16.98,10.0,1.78,7.3,0.74,24.76,0.7,1.6,,,,,17.88,69.25,0.4,115.5,,0.0,,715.5,
2024-12-25 08:00:00,31.0,94.75,1.27,16.02,9.55,1.75,6.48,0.54,24.51,0.62,1.38,,,,,18.42,69.5,1.0,74.75,,0.0,,716.75,
2024-12-25 09:00:00,27.75,94.75,0.95,16.42,9.52,1.75,6.08,0.64,23.95,0.6,1.3,,,,,20.1,66.25,0.98,180.5,,0.0,,717.0,
2024-12-25 10:00:00,34.25,116.5,1.3,16.5,9.88,1.92,6.4,0.7,23.91,0.62,1.4,,,,,22.58,60.25,0.98,213.75,,0.0,,717.0,
2024-12-25 11:00:00,30.5,123.5,0.82,18.48,10.48,1.8,6.95,0.85,24.0,0.65,1.52,,,,,23.85,58.0,1.15,230.0,,0.0,,716.25,
2024-12-25 12:00:00,32.5,122.25,1.18,17.1,10.05,1.95,7.15,0.6,24.08,0.68,1.52,,,,,24.7,57.5,0.95,175.25,,0.0,,715.25,
2024-12-25 13:00:00,26.25,100.25,1.48,16.2,9.82,1.82,7.85,0.86,24.41,0.78,1.72,,,,,25.9,56.0,1.0,210.75,,0.0,,714.25,
2024-12-25 14:00:00,28.25,106.75,1.2,15.88,9.4,1.98,6.85,0.73,24.07,0.65,1.48,,,,,25.67,56.25,0.75,125.0,,0.0,,713.25,
2024-12-25 15:00:00,23.0,89.25,1.32,15.9,9.52,2.1,6.75,0.79,24.08,0.68,1.48,,,,,24.85,57.5,0.65,141.75,,0.0,,713.0,
2024-12-25 16:00:00,23.5,98.75,1.55,16.65,10.1,1.9,7.35,1.03,23.96,0.7,1.58,,,,,24.3,59.5,0.48,186.25,,0.0,,713.5,
2024-12-25 17:00:00,25.5,121.75,1.4,18.8,11.15,1.82,7.55,0.76,24.22,0.75,1.62,,,,,23.82,61.25,0.85,194.5,,0.0,,714.0,
2024-12-25 18:00:00,27.25,144.0,1.62,19.7,11.78,1.8,7.25,0.95,24.53,0.7,1.58,,,,,23.15,62.25,0.65,194.25,,0.0,,715.0,
2024-12-25 19:00:00,27.0,150.0,1.3,18.9,11.1,1.92,7.65,0.82,24.36,0.75,1.65,,,,,22.6,63.5,0.62,141.0,,0.0,,715.75,
2024-12-25 20:00:00,21.25,111.5,1.58,16.2,9.9,2.1,6.9,0.56,24.22,0.65,1.48,,,,,22.08,65.0,0.85,108.75,,0.0,,716.75,
2024-12-25 21:00:00,13.0,74.75,1.5,16.15,9.8,1.88,5.7,0.66,24.26,0.6,1.2,,,,,21.25,65.25,0.98,120.0,,0.0,,717.0,
2024-12-25 22:00:00,11.5,60.25,1.02,15.2,8.93,1.85,6.3,0.48,24.29,0.6,1.35,,,,,20.65,66.25,1.0,142.75,,0.0,,717.75,
2024-12-25 23:00:00,6.75,35.5,1.32,15.02,9.05,1.75,5.68,0.41,24.13,0.55,1.23,,,,,20.08,67.25,0.85,99.5,,0.0,,717.0,
2024-12-26 00:00:00,6.25,29.25,1.27,14.7,8.85,1.68,6.5,0.31,24.32,0.63,1.4,,,,,19.73,68.25,0.9,111.0,,0.0,,716.25,
2024-12-26 01:00:00,6.5,21.5,1.35,14.2,8.65,1.7,7.08,0.48,24.25,0.7,1.55,,,,,19.82,68.75,0.85,148.5,,0.0,,716.0,
2024-12-26 02:00:00,5.75,15.0,1.2,13.78,8.3,1.8,7.15,0.46,24.28,0.68,1.52,,,,,19.9,68.0,1.0,135.75,,0.0,,715.5,
2024-12-26 03:00:00,8.25,16.5,1.2,13.58,8.18,1.85,7.98,0.42,24.7,0.78,1.72,,,,,19.82,68.0,1.42,98.5,,0.0,,715.0,
2024-12-26 04:00:00,8.5,13.0,1.55,13.48,8.45,1.85,8.12,0.46,24.72,0.8,1.72,,,,,19.55,68.0,0.88,94.75,,0.0,,715.0,
2024-12-26 05:00:00,8.0,16.75,1.25,14.22,8.57,1.85,7.55,0.37,24.23,0.72,1.62,,,,,19.4,68.0,0.8,109.5,,0.0,,716.0,
2024-12-26 06:00:00,11.75,22.0,1.25,14.88,8.93,1.9,7.95,0.8,24.24,0.75,1.72,,,,,19.4,68.0,0.95,95.75,,0.0,,717.0,
2024-12-26 07:00:00,13.5,35.25,1.6,15.6,9.6,1.85,7.92,1.06,24.57,0.78,1.7,,,,,19.5,68.25,0.32,125.5,,0.0,,718.0,
2024-12-26 08:00:00,12.25,56.25,0.92,17.62,10.12,1.92,9.05,1.25,24.37,0.9,1.95,,,,,20.0,69.0,0.65,180.75,,0.0,,719.0,
2024-12-26 09:00:00,12.0,77.75,1.38,17.12,10.22,2.05,8.55,0.58,27.24,0.82,1.85,,,,,20.9,68.5,1.18,167.0,,0.0,,719.0,
2024-12-26 10:00:00,8.75,72.5,1.52,16.05,9.78,2.3,9.3,0.57,29.23,0.92,2.02,,,,,22.02,66.75,1.38,133.75,,0.0,,719.0,
2024-12-26 11:00:00,7.75,78.5,1.4,16.0,9.62,1.92,9.32,0.5,29.92,0.9,2.0,,,,,22.78,66.0,1.52,115.0,,0.0,,718.5,
2024-12-26 12:00:00,7.25,49.5,1.92,15.2,9.68,1.95,9.05,0.37,29.17,0.88,1.92,,,,,22.68,67.0,1.1,128.0,,0.0,,717.75,
2024-12-26 13:00:00,7.75,27.0,1.68,14.9,9.3,1.98,8.45,0.49,28.78,0.82,1.82,,,,,21.65,70.25,1.02,123.75,,0.0,,716.75,
2024-12-26 14:00:00,6.5,22.25,1.0,15.02,8.82,2.02,8.48,0.45,29.06,0.82,1.82,,,,,21.9,70.25,1.12,120.75,,0.0,,715.25,
2024-12-26 15:00:00,5.5,40.5,1.2,15.48,9.2,2.05,8.75,0.41,29.16,0.88,1.85,,,,,23.15,67.75,0.88,135.75,,0.0,,715.0,
2024-12-26 16:00:00,8.0,49.25,1.18,14.88,8.85,2.05,8.77,0.28,29.08,0.85,1.9,,,,,23.02,67.5,1.02,113.75,,0.0,,715.0,
2024-12-26 17:00:00,12.25,28.75,1.6,14.95,9.25,1.95,8.32,0.67,29.18,0.8,1.82,,,,,21.92,69.75,1.0,93.25,,0.0,,715.5,
2024-12-26 18:00:00,17.0,41.75,1.52,15.02,9.22,2.12,8.7,0.88,28.44,0.85,1.88,,,,,21.1,72.0,0.75,95.75,,0.0,,716.25,
2024-12-26 19:00:00,20.75,50.0,1.35,15.28,9.2,2.15,8.48,0.9,29.51,0.8,1.82,,,,,20.98,71.75,1.18,90.5,,0.0,,717.25,
2024-12-26 20:00:00,23.25,31.0,1.68,15.1,9.38,2.05,8.02,0.84,28.88,0.8,1.72,,,,,20.5,71.25,0.7,105.0,,0.0,,718.0,
2024-12-26 21:00:00,23.5,30.5,1.27,14.78,8.85,2.02,7.98,0.49,29.52,0.8,1.72,,,,,20.12,71.75,1.08,90.0,,0.0,,719.0,
2024-12-26 22:00:00,22.0,38.25,1.38,14.3,8.75,1.95,7.78,0.35,29.3,0.75,1.65,,,,,19.85,70.75,1.27,93.75,,0.0,,719.0,
2024-12-26 23:00:00,23.25,39.0,1.2,14.18,8.5,1.75,7.3,0.26,26.59,0.7,1.58,,,,,19.68,70.0,1.08,91.0,,0.0,,718.0,
2024-12-27 00:00:00,25.25,38.0,1.2,13.9,8.35,1.72,7.3,0.21,18.24,0.7,1.57,,,,,19.6,69.75,1.1,88.0,,0.0,,718.0,
2024-12-27 01:00:00,19.75,34.5,1.55,13.6,8.48,1.72,6.95,0.38,17.27,0.68,1.5,,,,,19.55,69.0,1.1,98.75,,0.0,,717.75,
2024-12-27 02:00:00,19.25,33.25,1.15,13.48,8.1,1.8,6.72,0.41,17.6,0.68,1.48,,,,,19.35,69.0,0.88,86.0,,0.0,,717.0,
2024-12-27 03:00:00,20.0,34.0,1.25,13.75,8.32,1.7,6.82,0.4,17.27,0.68,1.5,,,,,19.12,69.0,0.6,100.25,,0.0,,716.25,
2024-12-27 04:00:00,18.5,32.25,1.35,13.7,8.38,1.72,6.92,0.43,17.25,0.68,1.48,,,,,18.85,69.0,0.82,92.5,,0.0,,716.25,
2024-12-27 05:00:00,13.75,26.0,1.27,13.7,8.32,1.7,7.1,0.27,17.56,0.7,1.55,,,,,18.68,69.0,0.85,99.25,,0.0,,717.0,
2024-12-27 06:00:00,15.75,28.25,1.42,13.98,8.6,1.78,7.07,0.38,17.48,0.7,1.5,,,,,18.65,69.0,0.82,114.75,,0.0,,717.75,
2024-12-27 07:00:00,24.25,45.75,1.15,14.55,8.65,1.92,7.48,0.44,17.32,0.72,1.62,,,,,18.9,69.25,0.65,94.25,,0.0,,718.75,
2024-12-27 08:00:00,25.75,51.25,1.3,14.55,8.78,1.88,7.18,0.45,17.86,0.7,1.55,,,,,19.4,69.75,0.9,99.75,,0.0,,720.0,
2024-12-27 09:00:00,23.0,51.0,1.5,14.5,8.95,1.75,7.35,0.45,20.01,0.7,1.6,,,,,20.38,68.33,0.95,114.0,,0.0,,720.5,
2024-12-27 10:00:00,13.25,49.25,1.6,14.32,8.93,1.85,7.6,0.5,21.74,0.75,1.65,,,,,22.0,66.5,0.98,109.75,,0.0,,720.25,
2024-12-27 11:00:00,14.5,54.75,1.35,14.78,8.95,1.95,7.85,0.52,20.81,0.78,1.68,,,,,23.48,65.0,1.02,146.5,,0.0,,719.75,
2024-12-27 12:00:00,15.5,53.5,1.75,14.95,9.38,2.0,7.52,0.52,21.21,0.72,1.62,,,,,22.98,66.0,0.98,131.75,,0.0,,719.0,
2024-12-27 13:00:00,12.75,28.25,1.33,14.25,8.65,1.85,7.12,0.47,21.51,0.7,1.52,,,,,21.62,69.25,1.05,102.75,,0.0,,717.75,
2024-12-27 14:00:00,8.75,11.75,1.38,14.4,8.8,1.88,7.72,0.48,20.77,0.75,1.68,,,,,21.35,69.75,1.12,96.75,,0.0,,717.0,
2024-12-27 15:00:00,7.5,15.25,1.32,13.95,8.5,2.0,7.5,0.51,21.18,0.72,1.6,,,,,20.98,69.25,1.08,86.0,,0.0,,717.0,
2024-12-27 16:00:00,8.75,23.5,1.0,14.78,8.65,1.98,7.72,0.57,20.98,0.78,1.68,,,,,20.58,69.75,1.1,89.25,,0.0,,717.0,
2024-12-27 17:00:00,15.75,37.25,0.9,15.05,8.72,2.0,7.12,0.52,20.63,0.7,1.55,,,,,21.15,68.75,1.2,94.25,,0.0,,717.75,
2024-12-27 18:00:00,12.0,38.25,1.3,15.82,9.45,1.98,7.48,0.8,21.37,0.75,1.62,,,,,20.15,68.25,0.7,99.75,,0.0,,718.5,
2024-12-27 19:00:00,14.5,40.0,1.2,15.65,9.28,2.35,7.42,0.93,21.14,0.72,1.6,,,,,19.42,69.0,0.98,88.0,,0.0,,719.25,
2024-12-27 20:00:00,21.0,42.25,1.4,15.18,9.2,2.22,7.02,0.73,21.23,0.7,1.5,,,,,19.48,69.0,1.23,88.25,,0.0,,720.0,
2024-12-27 21:00:00,18.5,39.0,1.55,14.42,8.95,1.95,6.82,0.42,20.93,0.68,1.48,,,,,19.35,68.75,1.25,92.5,,0.0,,720.0,
2024-12-27 22:00:00,19.5,36.25,1.18,14.05,8.45,1.98,7.32,0.26,21.84,0.7,1.58,,,,,19.12,67.75,1.3,91.75,,0.0,,720.0,
2024-12-27 23:00:00,19.0,35.75,1.42,13.78,8.5,1.92,7.48,0.18,21.43,0.7,1.62,,,,,18.8,67.0,1.2,93.25,,0.0,,720.0,
2024-12-28 00:00:00,21.5,33.25,1.15,13.7,8.2,1.72,7.87,0.14,21.22,0.73,1.73,,,,,18.45,67.0,1.1,84.5,,0.0,,719.5,
2024-12-28 01:00:00,19.75,37.0,1.32,13.92,8.48,1.7,8.45,0.35,22.22,0.82,1.82,,,,,18.25,67.0,1.02,85.25,,0.0,,718.75,
2024-12-28 02:00:00,19.75,36.5,1.45,13.92,8.55,1.68,8.07,0.37,21.74,0.78,1.72,,,,,18.0,66.75,0.82,94.75,,0.0,,718.0,
2024-12-28 03:00:00,21.5,35.5,1.0,13.75,8.12,1.7,7.95,0.36,21.57,0.78,1.72,,,,,17.65,66.0,0.88,81.25,,0.0,,717.5,
2024-12-28 04:00:00,20.0,38.75,1.32,13.72,8.35,1.7,8.8,0.38,21.78,0.85,1.9,,,,,17.48,66.25,1.1,95.5,,0.0,,717.25,
2024-12-28 05:00:00,21.0,44.75,1.18,14.15,8.5,1.72,9.28,0.3,21.3,0.9,2.0,,,,,17.35,67.0,1.0,94.25,,0.0,,717.5,
2024-12-28 06:00:00,25.5,48.75,1.38,14.12,8.62,1.8,8.52,0.38,20.96,0.82,1.82,,,,,17.25,67.0,1.2,92.75,,0.0,,718.0,
2024-12-28 07:00:00,30.25,55.75,1.65,13.98,8.78,1.9,7.95,0.52,22.18,0.8,1.72,,,,,17.5,67.25,1.23,90.5,,0.0,,719.0,
2024-12-28 08:00:00,32.25,62.0,0.95,14.32,8.38,1.75,8.25,0.62,21.76,0.8,1.78,,,,,18.02,67.75,1.25,98.75,,0.0,,720.0,
2024-12-28 09:00:00,34.75,65.25,1.4,14.28,8.72,1.85,8.45,0.51,21.85,0.82,1.8,,,,,19.15,66.25,1.1,98.0,,0.0,,720.5,
2024-12-28 10:00:00,29.0,66.25,1.45,14.32,8.8,1.82,8.5,0.49,20.69,0.82,1.82,,,,,20.85,63.0,1.25,99.25,,0.0,,720.75,
2024-12-28 11:00:00,20.75,63.0,1.15,14.28,8.52,1.7,8.6,0.43,21.5,0.82,1.88,,,,,22.17,59.5,1.4,108.25,,0.0,,719.75,
2024-12-28 12:00:00,14.5,53.0,1.18,14.0,8.43,1.78,8.65,0.38,20.82,0.85,1.88,,,,,23.55,57.5,1.52,107.5,,0.0,,718.25,
2024-12-28 13:00:00,16.0,58.75,1.4,13.85,8.52,1.75,8.28,0.14,21.36,0.8,1.78,,,,,25.48,55.5,1.38,122.75,,0.0,,717.25,
2024-12-28 14:00:00,16.25,58.0,1.52,14.0,8.72,1.78,8.55,0.34,19.81,0.82,1.85,,,,,25.98,54.0,1.32,95.25,,0.0,,716.25,
2024-12-28 15:00:00,15.75,58.5,1.42,13.92,8.6,1.95,9.05,0.19,20.9,0.9,1.98,,,,,25.22,54.0,1.18,112.75,,0.0,,716.0,
2024-12-28 16:00:00,13.75,61.75,1.78,14.18,9.0,1.88,8.38,0.13,21.57,0.8,1.82,,,,,25.8,53.75,1.27,87.75,,0.0,,716.0,
2024-12-28 17:00:00,19.25,70.0,1.32,14.68,8.9,1.82,8.4,0.54,20.25,0.8,1.82,,,,,25.08,53.5,1.08,99.0,,0.0,,716.0,
2024-12-28 18:00:00,33.5,105.0,1.42,15.95,9.62,1.95,8.22,0.96,21.06,0.8,1.75,,,,,23.25,55.5,0.57,88.0,,0.0,,716.75,
2024-12-28 19:00:00,64.5,178.0,1.08,17.2,10.05,2.15,9.07,0.89,21.24,0.9,1.98,,,,,21.38,57.5,0.7,81.5,,0.0,,717.75,
2024-12-28 20:00:00,35.5,147.0,1.5,15.78,9.65,2.12,8.57,0.74,22.5,0.82,1.88,,,,,20.58,59.5,0.68,85.0,,0.0,,718.75,
2024-12-28 21:00:00,33.25,100.0,1.4,15.8,9.58,1.92,8.48,0.62,21.19,0.82,1.85,,,,,20.1,61.5,0.75,99.25,,0.0,,719.0,
2024-12-28 22:00:00,32.25,96.5,1.65,14.82,9.23,2.0,8.6,0.4,21.44,0.85,1.85,,,,,19.68,63.5,0.9,83.25,,0.0,,719.0,
2024-12-28 23:00:00,34.0,75.25,1.6,14.28,8.9,1.8,8.25,0.18,21.41,0.8,1.78,,,,,19.15,65.25,0.85,95.0,,0.0,,719.0,
2024-12-29 00:00:00,28.5,69.25,1.5,14.05,8.7,1.7,8.17,0.1,22.1,0.8,1.73,,,,,18.55,66.0,0.9,94.25,,0.0,,718.75,
2024-12-29 01:00:00,27.5,62.0,1.27,14.22,8.6,1.72,8.27,0.37,21.08,0.8,1.8,,,,,18.03,66.0,1.05,86.0,,0.0,,718.0,
2024-12-29 02:00:00,,,,,,,,,,,,,,,,,,,,,0.0,,,
2024-12-29 03:00:00,,,,,,,,,,,,,,,,,,,,,0.0,,,
2024-12-29 04:00:00,,,,,,,,,,,,,,,,,,,,,0.0,,,
2024-12-29 05:00:00,,,,,,,,,,,,,,,,,,,,,0.0,,,
2024-12-29 06:00:00,,,,,,,,,,,,,,,,,,,,,0.0,,,
2024-12-29 07:00:00,,,,,,,,,,,,,,,,,,,,,0.0,,,
2024-12-29 08:00:00,,,,,,,,,,,,,,,,,,,,,0.0,,,
2024-12-29 09:00:00,,,,,,,,,,,,,,,,,,,,,0.0,,,
2024-12-29 10:00:00,,,,,,,,,,,,,,,,,,,,,0.0,,,
2024-12-29 11:00:00,,,,,,,,,,,,,,,,,,,,,0.0,,,
2024-12-29 12:00:00,,,,,,,,,,,,,,,,,,,,,0.0,,,
2024-12-29 13:00:00,,,,,,,,,,,,,,,,,,,,,0.0,,,
2024-12-29 14:00:00,,,,,,,,,,,,,,,,,,,,,0.0,,,
2024-12-29 15:00:00,,,,,,,,,,,,,,,,,,,,,0.0,,,
2024-12-29 16:00:00,,,,,,,,,,,,,,,,,,,,,0.0,,,
2024-12-29 17:00:00,,,,,,,,,,,,,,,,,,,,,0.0,,,
2024-12-29 18:00:00,,,,,,,,,,,,,,,,,,,,,0.0,,,
2024-12-29 19:00:00,,,,,,,,,,,,,,,,,,,,,0.0,,,
2024-12-29 20:00:00,,,,,,,,,,,,,,,,,,,,,0.0,,,
2024-12-29 21:00:00,,,,,,,,,,,,,,,,,,,,,0.0,,,
2024-12-29 22:00:00,,,,,,,,,,,,,,,,,,,,,0.0,,,
2024-12-29 23:00:00,,,,,,,,,,,,,,,,,,,,,0.0,,,
2024-12-30 00:00:00,,,,,,,,,,,,,,,,,,,,,0.0,,,
2024-12-30 01:00:00,,,,,,,,,,,,,,,,,,,,,0.0,,,
2024-12-30 02:00:00,,,,,,,,,,,,,,,,,,,,,0.0,,,
2024-12-30 03:00:00,,,,,,,,,,,,,,,,,,,,,0.0,,,
2024-12-30 04:00:00,,,,,,,,,,,,,,,,,,,,,0.0,,,
2024-12-30 05:00:00,,,,,,,,,,,,,,,,,,,,,0.0,,,
2024-12-30 06:00:00,,,,,,,,,,,,,,,,,,,,,0.0,,,
2024-12-30 07:00:00,,,,,,,,,,,,,,,,,,,,,0.0,,,
2024-12-30 08:00:00,,,,,,,,,,,,,,,,,,,,,0.0,,,
2024-12-30 09:00:00,,,,,,,,,,,,,,,,,,,,,0.0,,,
2024-12-30 10:00:00,22.0,91.0,1.1,14.85,8.8,1.8,7.95,0.73,20.96,0.8,1.7,,,,,22.6,61.5,1.25,110.5,,0.0,,719.5,
2024-12-30 11:00:00,19.25,81.0,1.27,14.68,8.82,1.72,7.72,0.5,20.97,0.75,1.65,,,,,24.1,60.5,1.45,101.25,,0.0,,718.75,
2024-12-30 12:00:00,17.5,64.25,1.0,14.22,8.38,1.72,7.75,0.47,21.23,0.75,1.65,,,,,25.02,58.75,1.58,95.5,,0.0,,717.5,
2024-12-30 13:00:00,18.5,58.0,1.38,14.4,8.8,1.82,7.02,0.45,20.95,0.7,1.5,,,,,25.02,58.25,1.45,92.75,,0.0,,716.75,
2024-12-30 14:00:00,18.25,59.0,1.15,14.62,8.75,1.7,7.12,0.54,20.86,0.7,1.52,,,,,25.18,58.75,1.02,123.25,,0.0,,716.0,
2024-12-30 15:00:00,20.75,69.0,1.78,13.98,8.88,1.82,7.28,0.44,21.74,0.72,1.58,,,,,26.35,57.75,1.52,117.25,,0.0,,715.5,
2024-12-30 16:00:00,17.0,63.0,1.15,13.9,8.35,1.8,8.15,0.42,22.23,0.8,1.75,,,,,26.5,57.0,1.4,98.0,,0.0,,715.5,
2024-12-30 17:00:00,,,,,,,,,,,,,,,,,,,,,0.0,,,
2024-12-30 18:00:00,,,,,,,,,,,,,,,,,,,,,0.0,,,
2024-12-30 19:00:00,,,,,,,,,,,,,,,,,,,,,0.0,,,
2024-12-30 20:00:00,,,,,,,,,,,,,,,,,,,,,0.0,,,
2024-12-30 21:00:00,,,,,,,,,,,,,,,,,,,,,0.0,,,
2024-12-30 22:00:00,,,,,,,,,,,,,,,,,,,,,0.0,,,
2024-12-30 23:00:00,,,,,,,,,,,,,,,,,,,,,0.0,,,
2024-12-31 00:00:00,37.0,71.5,1.4,14.0,8.6,1.7,9.5,0.41,22.2,0.9,2.0,,,,,18.45,64.0,0.6,130.0,,0.0,,719.0,
2024-12-31 01:00:00,30.5,61.75,1.02,14.08,8.3,1.8,9.82,0.39,21.98,0.95,2.15,,,,,18.05,61.25,0.57,84.0,,0.0,,718.75,
2024-12-31 02:00:00,23.25,58.25,1.12,14.72,8.72,1.78,10.48,0.4,21.92,1.02,2.28,,,,,17.77,58.75,0.48,115.5,,0.0,,718.0,
2024-12-31 03:00:00,25.75,69.25,1.42,15.08,9.18,1.78,10.18,0.42,19.47,1.0,2.18,,,,,17.22,58.25,0.22,125.25,,0.0,,718.0,
2024-12-31 04:00:00,33.0,82.25,1.48,17.08,10.28,1.62,11.08,0.54,20.17,1.08,2.4,,,,,16.55,59.0,0.2,241.75,,0.0,,718.0,
2024-12-31 05:00:00,36.5,102.25,1.08,17.88,10.4,1.62,10.55,0.49,22.67,1.02,2.25,,,,,16.15,58.75,0.98,194.25,,0.0,,718.0,
2024-12-31 06:00:00,28.0,81.25,0.8,17.18,9.75,1.55,10.25,0.52,21.1,0.98,2.2,,,,,16.4,58.0,0.57,195.25,,0.0,,718.0,
2024-12-31 07:00:00,27.75,88.0,0.98,17.12,9.88,1.75,10.15,0.64,19.64,0.98,2.2,,,,,16.88,58.75,0.62,167.5,,0.0,,719.25,
2024-12-31 08:00:00,33.75,69.0,1.1,14.98,8.85,1.85,9.7,0.6,20.62,0.95,2.1,,,,,18.22,60.25,1.12,148.0,,0.0,,720.0,
2024-12-31 09:00:00,26.25,57.5,1.35,14.82,9.0,1.8,10.12,0.72,20.49,0.98,2.18,,,,,21.08,57.25,1.42,129.5,,0.0,,720.25,
2024-12-31 10:00:00,22.0,48.5,1.35,15.2,9.15,1.85,10.68,0.55,21.2,1.02,2.32,,,,,22.85,53.75,1.58,112.0,,0.0,,720.0,
2024-12-31 11:00:00,13.25,29.0,1.45,14.75,9.02,1.8,10.48,0.42,21.34,1.0,2.25,,,,,25.22,49.25,1.75,102.0,,0.0,,719.5,
2024-12-31 12:00:00,7.0,15.5,1.52,14.28,8.88,2.0,10.72,0.46,21.27,1.02,2.3,,,,,26.8,47.0,1.6,117.25,,0.0,,718.25,
2024-12-31 13:00:00,13.0,29.0,1.3,14.5,8.78,1.78,10.92,0.49,20.94,1.08,2.38,,,,,27.88,47.0,1.5,131.25,,0.0,,716.75,
2024-12-31 14:00:00,13.0,29.0,1.58,14.12,8.8,1.82,11.05,0.4,20.9,1.08,2.38,,,,,28.48,47.25,1.58,102.5,,0.0,,715.5,
2024-12-31 15:00:00,13.25,29.5,1.02,14.2,8.4,1.95,10.28,0.53,16.15,1.0,2.22,,,,,28.72,48.0,1.35,109.5,,0.0,,715.0,
2024-12-31 16:00:00,13.75,30.5,1.52,14.9,9.2,2.05,8.07,0.5,20.7,0.8,1.75,,,,,28.52,47.75,1.42,84.0,,0.0,,715.0,
2024-12-31 17:00:00,14.75,32.75,1.4,14.28,8.75,2.05,9.35,0.54,21.19,0.9,2.0,,,,,27.15,48.0,1.2,90.25,,0.0,,715.5,
2024-12-31 18:00:00,22.25,49.0,1.23,15.0,8.98,2.1,10.22,0.72,21.78,1.0,2.2,,,,,24.85,52.25,1.1,88.5,,0.0,,716.0,
2024-12-31 19:00:00,30.0,66.25,1.58,15.92,9.72,2.17,10.5,0.78,20.79,1.0,2.25,,,,,22.6,56.5,0.95,97.25,,0.0,,717.25,
2024-12-31 20:00:00,33.0,73.0,1.48,15.1,9.22,2.02,9.57,0.68,20.74,0.92,2.05,,,,,21.45,58.75,1.05,97.0,,0.0,,718.0,
2024-12-31 21:00:00,36.0,79.5,1.4,14.58,8.9,1.82,9.72,0.6,21.78,0.95,2.1,,,,,20.52,61.5,1.35,83.25,,0.0,,719.0,
2024-12-31 22:00:00,46.5,102.25,1.38,14.3,8.72,1.88,9.62,0.54,21.2,0.92,2.08,,,,,19.9,63.25,1.08,93.0,,0.0,,719.0,
2024-12-31 23:00:00,51.0,112.0,1.27,14.3,8.6,1.93,10.1,0.47,21.56,1.0,2.2,,,,,19.6,64.0,0.77,105.33,,0.0,,719.0,
